"用例编号","所属产品","所属模块","相关需求","用例标题","前置条件","步骤","预期","实际情况","关键词","优先级","用例类型","适用阶段","用例状态","B","R","S","结果","由谁创建","创建日期","最后修改者","修改日期","用例版本","相关用例"
"184886","数据资产_STD(#23)","/版本迭代测试用例/v6.4.10/数据安全管理下线掉行级别权限配置(#10506)","【数据安全】下线行列级别权限配置(#15789)","验证 UI 下线行级权限入口后数据库中历史行级权限数据仍保留","具有数据库直连或后台查询权限；测试环境数据库存在历史行级权限数据（通过 SQL 确认：`SELECT COUNT(*) FROM 权限配置表 WHERE 行级权限字段 IS NOT NULL`）","1. 通过数据库客户端查询历史行级权限记录数量，记录结果为 N 条
2. 在 UI 侧完整操作一次权限配置/申请/审批流程，完成后再次执行步骤 1 查询","1. 查询返回 N 条含行级权限数据的记录；确认存量数据存在
2. 二次查询结果数量仍为 N 条；UI 操作未触发对历史行级权限数据的删除；后端数据完整保留","1. 
2.","","3","功能测试","功能测试阶段","正常","0","0","2","","不二","2026-04-27","","0000-00-00","1","",""
"184885","数据资产_STD(#23)","/版本迭代测试用例/v6.4.10/数据安全管理下线掉行级别权限配置(#10506)","【数据安全】下线行列级别权限配置(#15789)","验证权限策略保存含列级配置后权限分配详情面板不含行级权限列","当前账号为管理员，有权限策略管理及权限分配查看能力","1. 进入【数据安全 → 数据权限管理 → 新增权限策略】，开启开关，添加列级配置（数据库 test_db，数据表 orders，列权限 store_id）
2. 点击【保存】按钮，等待操作完成
3. 进入【权限分配】页面，点击对应数据源记录，等待页面加载完成","1. 配置添加成功；子表仅显示四列，无「行级权限」列
2. 策略保存成功
3. 详情面板打开；区块标题「列级权限配置」；子表不展示「行级权限」列；store_id 数据正确展示","1. 
2. 
3.","","2","功能测试","功能测试阶段","正常","0","0","3","","不二","2026-04-27","","0000-00-00","1","",""
"184884","数据资产_STD(#23)","/版本迭代测试用例/v6.4.10/数据安全管理下线掉行级别权限配置(#10506)","【数据安全】下线行列级别权限配置(#15789)","验证批量申请提交表级权限后审批详情不含行级权限项且表级权限条目正确","申请方账号「李思远」已登录；数据地图存在至少 2 条数据表（orders、product_info）","1. 以李思远账号进入【数据地图】，勾选 orders 和 product_info，点击【批量申请权限】，等待操作完成
2. 填写：
- 权限类型：勾选 DQL
- 有效期：选择「永久」
- 申请原因：输入「跨页面关联测试-批量申请」
点击【提交】，等待操作完成
3. 进入【审批中心 → 我的申请】，点击刚提交的批量申请记录
4. 检查权限详情表格列结构","1. 弹窗弹出；不展示行级/列级权限入口
2. 批量申请提交成功
3. 详情面板展开；展示 orders 和 product_info 的申请条目
4. 表格不含「行级权限」列；「表权限」列正确展示 DQL；两条记录均正常展示","1. 
2. 
3. 
4.","","1","功能测试","功能测试阶段","正常","0","1","4","通过","不二","2026-04-27","","0000-00-00","1","",""
"184883","数据资产_STD(#23)","/版本迭代测试用例/v6.4.10/数据安全管理下线掉行级别权限配置(#10506)","【数据安全】下线行列级别权限配置(#15789)","验证单表申请提交列级权限后审批详情不展示行级权限列且列级权限值正确","申请方账号「张三」已登录；数据地图存在含多列数据表 orders（含列 store_id、order_price）","1. 以张三账号进入【数据地图】，选中 orders，点击【申请权限】，等待操作完成
2. 填写：
- 表级权限：勾选 DQL
- 列权限：选择 store_id、order_price
- 有效期：选择「永久」
- 申请原因：输入「跨页面关联测试-单表申请」
点击【提交】，等待操作完成
3. 进入【PublicService → 审批中心 → 我的申请】，点击刚提交的记录
4. 检查权限详情表格列结构和列级权限值","1. 弹窗弹出；不展示行级权限控件
2. 申请提交成功；弹窗关闭
3. 详情面板展开
4. 表格不展示「行级权限」列；「列级权限」列显示值为 store_id、order_price（与申请时一致）；申请信息无丢失","1. 
2. 
3. 
4.","","1","功能测试","功能测试阶段","正常","0","1","4","通过","不二","2026-04-27","","0000-00-00","1","",""
"184882","数据资产_STD(#23)","/版本迭代测试用例/v6.4.10/数据安全管理下线掉行级别权限配置(#10506)","【数据安全】下线行列级别权限配置(#15789)","验证历史含行级权限配置的申请记录详情中行级权限不渲染且其余信息正常展示","数据库存在历史申请记录，含行级权限配置数据（如 `(s_city = &#039;1&#039;)`）","1. 进入【审批中心 → 我的申请】，找到并点击含行级权限的历史申请记录
2. 检查权限详情表格的列结构和数据展示","1. 详情面板展开；加载无报错
2. 不存在「行级权限」列；历史行级权限数据不渲染；「表权限」「列级权限」列数据正常；有效期、申请原因等其余字段正常展示","1. 
2.","","2","功能测试","功能测试阶段","正常","0","0","2","","不二","2026-04-27","","0000-00-00","1","",""
"184881","数据资产_STD(#23)","/版本迭代测试用例/v6.4.10/数据安全管理下线掉行级别权限配置(#10506)","【数据安全】下线行列级别权限配置(#15789)","验证审批中心各状态 Tab 的详情均隐藏行级权限列","审批中心「审批中」「已结束」Tab 各存在至少一条数据资产类申请记录","1. 进入【审批中心】，切换到「审批中」Tab，点击任意记录
2. 切换到「已结束」Tab，点击任意记录
3. 切换回「我的申请」Tab，点击任意记录","1. 详情面板展开；表格不展示「行级权限」列
2. 详情面板展开；表格不展示「行级权限」列
3. 详情面板展开；表格不展示「行级权限」列；各 Tab 表现一致","1. 
2. 
3.","","1","功能测试","功能测试阶段","正常","0","1","3","通过","不二","2026-04-27","","0000-00-00","1","",""
"184880","数据资产_STD(#23)","/版本迭代测试用例/v6.4.10/数据安全管理下线掉行级别权限配置(#10506)","【数据安全】下线行列级别权限配置(#15789)","验证我的申请详情区块标题不含行级权限字样","同 TC-REQ-15","1. 进入【审批中心 → 我的申请】，点击任意数据资产类申请记录
2. 检查详情面板中所有区块标题文案","1. 申请详情面板展开
2. 若存在权限配置区块，标题显示为「列级权限配置」；不出现「行级权限」或「行列级权限」字样","1. 
2.","","2","功能测试","功能测试阶段","正常","0","0","2","","不二","2026-04-27","","0000-00-00","1","",""
"184879","数据资产_STD(#23)","/版本迭代测试用例/v6.4.10/数据安全管理下线掉行级别权限配置(#10506)","【数据安全】下线行列级别权限配置(#15789)","验证我的申请详情权限详情表格不展示行级权限列","当前账号已登录；审批中心「我的申请」Tab 存在至少一条数据资产类申请记录","1. 进入【PublicService → 审批中心 → 我的申请】，点击任意数据资产类申请记录
2. 检查权限详情区域的表格列头","1. 申请详情面板展开，权限详情区域可见
2. 表格仅展示「表权限」和「列级权限」两列；不存在「行级权限」列","1. 
2.","","1","功能测试","功能测试阶段","正常","0","1","2","通过","不二","2026-04-27","","0000-00-00","1","",""
"184878","数据资产_STD(#23)","/版本迭代测试用例/v6.4.10/数据安全管理下线掉行级别权限配置(#10506)","【数据安全】下线行列级别权限配置(#15789)","验证批量勾选 50 条以上数据表时弹窗正常打开且提交流程无异常","当前账号已登录；数据地图存在 50 条以上可选数据表","1. 进入【数据地图】，勾选 50 条数据表（或全选）
2. 点击【批量申请权限】按钮，等待操作完成
3. 填写：
- 权限类型：勾选 DQL
- 有效期：选择「永久」
- 申请原因：输入「批量50条边界测试」
然后点击【提交】按钮，等待操作完成","1. 50 条记录被勾选；【批量申请权限】按钮可点击
2. 弹窗在 3 秒内正常打开；渲染无卡顿或白屏
3. 提交成功；无超时报错；无「请求体过大」类错误","1. 
2. 
3.","","3","功能测试","功能测试阶段","正常","0","0","3","","不二","2026-04-27","","0000-00-00","1","",""
"184877","数据资产_STD(#23)","/版本迭代测试用例/v6.4.10/数据安全管理下线掉行级别权限配置(#10506)","【数据安全】下线行列级别权限配置(#15789)","验证仅勾选 1 条数据表时批量申请权限按钮不可用","当前账号已登录；数据地图列表存在可选数据表","1. 进入【数据地图】，仅勾选 1 条数据表
2. 检查工具栏【批量申请权限】按钮状态","1. 1 条记录被勾选
2. 按钮处于禁用（置灰）状态或不展示；点击无响应","1. 
2.","","3","功能测试","功能测试阶段","正常","0","0","2","","不二","2026-04-27","","0000-00-00","1","",""
"184876","数据资产_STD(#23)","/版本迭代测试用例/v6.4.10/数据安全管理下线掉行级别权限配置(#10506)","【数据安全】下线行列级别权限配置(#15789)","验证批量弹窗提示文案正确引导用户使用单表申请列级权限","同 TC-REQ-11","1. 进入【数据地图】，勾选 2 条数据表，点击【批量申请权限】，等待操作完成
2. 查看弹窗顶部 Info 提示","1. 弹窗弹出
2. 提示包含「请针对具体表进行权限申请」，指引用户通过单表申请列级权限","1. 
2.","","2","功能测试","功能测试阶段","正常","0","0","2","","不二","2026-04-27","","0000-00-00","1","",""
"184875","数据资产_STD(#23)","/版本迭代测试用例/v6.4.10/数据安全管理下线掉行级别权限配置(#10506)","【数据安全】下线行列级别权限配置(#15789)","验证批量申请弹窗提交表级权限成功且请求不含列级/行级字段","当前账号已登录；数据地图列表存在至少 2 条可选数据表（orders、product_info）","1. 进入【数据地图】，勾选 orders 和 product_info，点击【批量申请权限】，等待操作完成
2. 填写：
- 权限类型：勾选 DQL
- 有效期：选择「永久」
- 申请原因：输入「自动化测试批量申请-表级权限」
3. 打开浏览器开发者工具网络面板，点击【提交】按钮，等待操作完成","1. 弹窗弹出
2. 各字段均可正常填写
3. 提交成功；请求体不含行级权限字段，不含列级权限字段（columnPermission 等）","1. 
2. 
3.","","1","功能测试","功能测试阶段","正常","0","1","3","通过","不二","2026-04-27","","0000-00-00","1","",""
"184874","数据资产_STD(#23)","/版本迭代测试用例/v6.4.10/数据安全管理下线掉行级别权限配置(#10506)","【数据安全】下线行列级别权限配置(#15789)","验证批量申请弹窗中不含列级权限配置入口","同 TC-REQ-09","1. 进入【数据地图】，勾选 2 条数据表，点击【批量申请权限】，等待操作完成
2. 检查弹窗中是否存在列级权限配置入口","1. 弹窗弹出
2. 不展示列权限 TagSelect；不展示「配置列级权限」按钮；批量申请仅支持表级权限及以上","1. 
2.","","1","功能测试","功能测试阶段","正常","0","1","2","通过","不二","2026-04-27","","0000-00-00","1","",""
"184873","数据资产_STD(#23)","/版本迭代测试用例/v6.4.10/数据安全管理下线掉行级别权限配置(#10506)","【数据安全】下线行列级别权限配置(#15789)","验证批量申请弹窗中不含任何行级权限入口","当前账号已登录；数据地图列表存在至少 2 条可选数据表","1. 进入【数据地图】，勾选 2 条数据表，点击【批量申请权限】，等待操作完成
2. 逐项检查弹窗中所有可见控件以及按钮和文案的内容","1. 弹窗弹出
2. 不存在任何「行级权限」字样；不存在行级权限 Radio 按钮组；不存在「配置行级权限」链接或按钮","1. 
2.","","1","功能测试","功能测试阶段","正常","0","1","2","通过","不二","2026-04-27","","0000-00-00","1","",""
"184872","数据资产_STD(#23)","/版本迭代测试用例/v6.4.10/数据安全管理下线掉行级别权限配置(#10506)","【数据安全】下线行列级别权限配置(#15789)","验证批量申请弹窗顶部新提示文案为 PRD 规定内容且为整段替换","同 TC-REQ-07","1. 进入【数据地图】，勾选 2 条数据表，点击【批量申请权限】，等待操作完成
2. 查看弹窗顶部蓝色 Info 提示，核对文案","1. 弹窗弹出
2. 提示文案完整显示为：「若想申请表的列级权限，请针对具体表进行权限申请，批量操作不支持列级权限的申请」；不出现「行级权限」字样；旧文案不残留","1. 
2.","","1","功能测试","功能测试阶段","正常","0","1","2","通过","不二","2026-04-27","","0000-00-00","1","",""
"184871","数据资产_STD(#23)","/版本迭代测试用例/v6.4.10/数据安全管理下线掉行级别权限配置(#10506)","【数据安全】下线行列级别权限配置(#15789)","验证勾选 2 条数据表后批量申请弹窗正常打开","当前账号已登录；数据地图列表存在至少 2 条可选数据表","1. 进入【数据地图】页面，勾选列表中 2 条数据表（如 orders 和 user_info），等待页面加载完成
2. 点击【批量申请权限】按钮，等待操作完成","1. 2 条记录被勾选；【批量申请权限】按钮变为可点击状态
2. 批量权限申请弹窗正常弹出","1. 
2.","","1","功能测试","功能测试阶段","正常","0","1","2","通过","不二","2026-04-27","","0000-00-00","1","",""
"184870","数据资产_STD(#23)","/版本迭代测试用例/v6.4.10/数据安全管理下线掉行级别权限配置(#10506)","【数据安全】下线行列级别权限配置(#15789)","验证单表申请弹窗必填字段校验无回归","当前账号已登录；数据地图中存在可申请的数据表","1. 进入【数据地图】页面，选中任意数据表，点击【申请权限】按钮，等待页面加载完成
2. 不填写任何字段，直接点击【提交】按钮，等待操作完成","1. 弹窗弹出
2. 前端校验拦截；显示必填字段校验提示；弹窗不关闭；请求未发出","1. 
2.","","2","功能测试","功能测试阶段","正常","0","0","2","","不二","2026-04-27","","0000-00-00","1","",""
"184869","数据资产_STD(#23)","/版本迭代测试用例/v6.4.10/数据安全管理下线掉行级别权限配置(#10506)","【数据安全】下线行列级别权限配置(#15789)","验证单表申请提交时行级字段为空不阻塞提交流程","当前账号已登录；数据地图存在可申请的数据表 user_info","1. 进入【数据地图】页面，选中 user_info，点击【申请权限】按钮，等待页面加载完成
2. 填写：
- 表级权限：勾选 DQL
- 列权限：不选择任何列
- 有效期：选择「2026-12-31」
- 申请原因：输入「测试行级为空场景」
3. 点击【提交】按钮，等待操作完成","1. 弹窗弹出；无行级权限输入项
2. 弹窗不因行级字段缺失而报错
3. 提交流程正常；无「行级权限参数缺失」类报错","1. 
2. 
3.","","2","功能测试","功能测试阶段","正常","0","0","3","","不二","2026-04-27","","0000-00-00","1","",""
"184868","数据资产_STD(#23)","/版本迭代测试用例/v6.4.10/数据安全管理下线掉行级别权限配置(#10506)","【数据安全】下线行列级别权限配置(#15789)","验证 DML/DDL 等其余权限类型同步隐藏行级权限控件","当前账号已登录；数据地图存在支持 DML/DDL 权限申请的数据表","1. 进入【数据地图】页面，选中支持 DML 权限的数据表，点击【申请权限】按钮，等待页面加载完成
2. 切换到 DML 权限类型区块
3. 切换到 DDL 权限类型区块","1. 单表权限申请弹窗弹出
2. DML 区块标题不含「行列级」字样；不展示行级权限 Radio 组；不展示「已经拥有的行级权限」只读行
3. DDL 区块同样不含「行列级」字样；不展示行级权限控件","1. 
2. 
3.","","2","功能测试","功能测试阶段","正常","0","0","3","","不二","2026-04-27","","0000-00-00","1","",""
"184867","数据资产_STD(#23)","/版本迭代测试用例/v6.4.10/数据安全管理下线掉行级别权限配置(#10506)","【数据安全】下线行列级别权限配置(#15789)","验证单表申请完整提交流程无回归且后台请求不含行级权限字段","当前账号已登录；数据地图存在可申请的数据表 orders","1. 进入【元数据 → 数据地图】页面，选中数据表 orders，点击【申请权限】按钮，等待页面加载完成
2. 填写：
- 表级权限：勾选 DQL
- 列权限：选择 store_id、order_price
- 有效期：选择「永久」
- 申请原因：输入「自动化测试申请-单表列权限」
3. 打开浏览器开发者工具网络面板，点击【提交】按钮，等待操作完成","1. 单表权限申请弹窗弹出
2. 各字段均可正常填写；弹窗中不出现行级权限输入项
3. 弹窗关闭，提交成功；网络请求体中不含行级权限字段（rowPermission、row_permission 等）；列权限字段值为「store_id,order_price」","1. 
2. 
3.","","2","功能测试","功能测试阶段","正常","0","0","3","","不二","2026-04-27","","0000-00-00","1","",""
"184866","数据资产_STD(#23)","/版本迭代测试用例/v6.4.10/数据安全管理下线掉行级别权限配置(#10506)","【数据安全】下线行列级别权限配置(#15789)","验证单表申请弹窗列权限 TagSelect 功能无回归","当前账号已登录；数据地图中存在含多列（store_id、s_city、order_price）的数据表","1. 进入【元数据 → 数据地图】页面，选中含多列数据表，点击【申请权限】按钮，等待页面加载完成
2. 点击 TagSelect 展开列名下拉。等待下拉展开后勾选 store_id 列；继续勾选 s_city 列；继续勾选 order_price 列
3. 点击 s_city 标签的删除图标","1. 弹窗弹出；列权限 TagSelect 控件可见
2. 三列均可被选中；已选列以标签形式展示
3. s_city 标签从 TagSelect 中移除；store_id 和 order_price 标签保留","1. 
2. 
3.","","1","功能测试","功能测试阶段","正常","0","0","3","","不二","2026-04-27","","0000-00-00","1","",""
"184865","数据资产_STD(#23)","/版本迭代测试用例/v6.4.10/数据安全管理下线掉行级别权限配置(#10506)","【数据安全】下线行列级别权限配置(#15789)","验证单表申请弹窗区块标题改名及行级权限控件全部隐藏","当前账号已登录；数据地图中存在至少一张可供申请的数据表","1. 进入【元数据 → 数据地图】页面，选中任意一张数据表，点击【申请权限】按钮，等待页面加载完成
2. 查看 DQL 权限区块的标题文案
3. 检查弹窗中是否存在「行级权限」单选按钮组
4. 检查弹窗中是否存在「已经拥有的行级权限」只读展示行","1. 单表权限申请弹窗正常弹出
2. 区块标题显示为「DQL(查询表记录)列级权限配置」；不出现「行列级权限配置」字样
3. 弹窗中不展示「行级权限」单选按钮组；「全部」和「部分」选项均不可见
4. 不展示「已经拥有的行级权限」只读信息行","1. 
2. 
3. 
4.","","1","功能测试","功能测试阶段","正常","0","0","4","","不二","2026-04-27","","0000-00-00","1","",""
"184864","数据资产_STD(#23)","/版本迭代测试用例/v6.4.10/数据安全管理下线掉行级别权限配置(#10506)","【数据安全】下线行列级别权限配置(#15789)","验证含历史行级权限值的权限回收记录在审批详情面板中行级权限列不渲染","数据库中已存在一条权限回收记录，历史数据中行级权限列有值（如 `(s_city = &#039;1&#039;)`），且包含列级权限数据（列权限 s_city, order_price）","1. 进入【权限回收】页面，等待页面加载完成
2. 找到历史含行级权限配置的记录，点击该记录
3. 观察权限详情表格的列结构及数据","1. 列表正常展示，包含历史含行级权限值的记录
2. 审批详情面板打开
3. 1) 表格中不存在「行级权限」列；2) 历史行级权限值（如 `(s_city = '1')`）未在面板任何位置渲染；3) 「列级权限」列正常显示 s_city, order_price","1. 
2. 
3.","","1","功能测试","功能测试阶段","正常","0","0","3","","不二","2026-04-27","","0000-00-00","1","",""
"184863","数据资产_STD(#23)","/版本迭代测试用例/v6.4.10/数据安全管理下线掉行级别权限配置(#10506)","【数据安全】下线行列级别权限配置(#15789)","验证权限回收审批详情面板仅展示「表权限」「列级权限」两列且数据展示无回归","【权限回收】列表中已存在至少一条权限回收记录（含表权限和列级权限数据，列权限值 store_id）","1. 进入【数据安全 → 数据权限管理 → 权限回收】页面，等待页面加载完成
2. 点击列表第一条记录
3. 观察权限详情表格的所有列标题
4. 检查「表权限」列和「列级权限」列的数据内容","1. 列表正常展示
2. 审批详情面板打开；显示权限详情表格
3. 表格仅显示「表权限」和「列级权限」两列；不存在「行级权限」列
4. 「表权限」列正常显示权限类型（如 DQL）；「列级权限」列正常显示列名 store_id；两列数据格式无错乱","1. 
2. 
3. 
4.","","2","功能测试","功能测试阶段","正常","0","0","4","","不二","2026-04-27","","0000-00-00","1","",""
"184862","数据资产_STD(#23)","/版本迭代测试用例/v6.4.10/数据安全管理下线掉行级别权限配置(#10506)","【数据安全】下线行列级别权限配置(#15789)","验证历史含行级权限配置的策略在权限分配详情面板中行级权限数据不渲染且列级权限正常展示","数据库中已存在一条权限策略，历史上同时配置了行级权限数据（如 `(s_city = &#039;1&#039;)`）和列级权限（列权限 store_id, order_price）","1. 进入【权限分配】页面，等待页面加载完成
2. 点击关联历史行级权限策略的数据源记录
3. 观察详情面板权限子表的列结构及数据内容","1. 列表正常展示，包含关联历史行级权限策略的数据源记录
2. 详情面板打开；显示该策略的权限配置信息
3. 1) 子表中不存在「行级权限」列；2) 历史行级权限值未在面板任何位置展示；3) 「列权限」列正常显示「store_id, order_price」","1. 
2. 
3.","","1","功能测试","功能测试阶段","正常","0","0","3","","不二","2026-04-27","","0000-00-00","1","",""
"184861","数据资产_STD(#23)","/版本迭代测试用例/v6.4.10/数据安全管理下线掉行级别权限配置(#10506)","【数据安全】下线行列级别权限配置(#15789)","验证权限分配详情面板顶部信息项「行列级权限配置」标签已改为「列级权限配置」","同 TC-SEC-09","1. 进入【权限分配】页面，等待页面加载完成
2. 点击已开启列级权限配置的数据源记录
3. 查找面板顶部信息项中列级权限的信息项标签","1. 列表正常展示
2. 详情面板打开，顶部展示策略基本信息项
3. 信息项标签显示「列级权限配置」并带状态值「开启」；不存在「行列级权限配置」标签","1. 
2. 
3.","","3","功能测试","功能测试阶段","正常","0","0","3","","不二","2026-04-27","","0000-00-00","1","",""
"184860","数据资产_STD(#23)","/版本迭代测试用例/v6.4.10/数据安全管理下线掉行级别权限配置(#10506)","【数据安全】下线行列级别权限配置(#15789)","验证权限分配详情面板区块标题已改名为「列级权限配置」且「行级权限」列已隐藏","权限分配列表中已存在至少一条数据源记录，已开启列级权限配置（含列权限 store_id）","1. 进入【数据安全 → 数据权限管理 → 权限分配】页面，等待页面加载完成
2. 点击列表第一条数据源记录，等待右侧详情面板展开
3. 观察面板中权限子表上方的区块标题
4. 观察权限子表的所有列标题","1. 列表正常展示
2. 详情面板打开；显示策略基本信息
3. 区块标题显示「列级权限配置」；不存在「行列级权限配置」字样
4. 子表仅显示「数据库」「数据表」「列权限」三列；不存在「行级权限」列","1. 
2. 
3. 
4.","","1","功能测试","功能测试阶段","正常","0","0","4","","不二","2026-04-27","","0000-00-00","1","",""
"184859","数据资产_STD(#23)","/版本迭代测试用例/v6.4.10/数据安全管理下线掉行级别权限配置(#10506)","【数据安全】下线行列级别权限配置(#15789)","验证编辑含历史行级权限配置的存量策略时行级权限数据不渲染且列级权限正常加载","数据库中已存在一条权限策略记录，该策略历史上已配置行级权限数据（如 `(s_city = &#039;1&#039;)`）且同时包含列级权限配置（列权限 store_id）","1. 进入【数据安全 → 数据权限管理】页面，等待页面加载完成
2. 找到含历史行级权限配置的策略，点击【编辑】按钮，等待操作完成
3. 观察「列级权限配置」子表的列标题和行数据
4. 检查已存在的列级权限配置行（列权限 store_id）
5. 通过【配置列级权限】弹窗追加列「s_city」，点击【保存】按钮，等待操作完成","1. 策略列表正常展示，包含预置的含历史行级权限配置的策略记录
2. 编辑页面打开；「是否开启列级权限配置」开关已处于开启状态
3. 子表表头仅显示「数据库」「数据表」「列权限」「操作」四列；历史行级权限数据（如 `(s_city = '1')`）未在页面任何位置渲染
4. 列级权限配置行正常显示，数据加载完整无缺失
5. 提示「保存成功」；全程未出现行级权限控件","1. 
2. 
3. 
4. 
5.","","1","功能测试","功能测试阶段","正常","0","0","5","","不二","2026-04-27","","0000-00-00","1","",""
"184858","数据资产_STD(#23)","/版本迭代测试用例/v6.4.10/数据安全管理下线掉行级别权限配置(#10506)","【数据安全】下线行列级别权限配置(#15789)","验证列级权限配置行的「删除」按钮功能可正常删除配置行","已进入新增权限策略页面；子表中已存在至少一条配置行（数据库 db_test，数据表 table_order，列权限 store_id）","1. 进入页面并新增一条完整的列级权限配置行
2. 点击该行操作列中的【删除】按钮","1. 子表中存在一条配置行，记录数为 1
2. 该配置行从子表中消失；子表变为空态或提示「暂无数据」","1. 
2.","","2","功能测试","功能测试阶段","正常","0","0","2","","不二","2026-04-27","","0000-00-00","1","",""
"184857","数据资产_STD(#23)","/版本迭代测试用例/v6.4.10/数据安全管理下线掉行级别权限配置(#10506)","【数据安全】下线行列级别权限配置(#15789)","验证「配置列级权限」弹窗可正常打开并保存列选择结果","同 TC-SEC-05，已新增一条列级权限配置行（数据库 db_test，数据表 table_order）","1. 进入新增权限策略页面，开启开关，新增配置行并选择数据库和数据表
2. 点击【配置列级权限】按钮，等待操作完成
3. 勾选「order_price」，点击【确定】按钮，等待操作完成
4. 再次点击【配置列级权限】按钮，等待操作完成","1. 【配置列级权限】按钮可点击
2. 弹窗打开；显示列列表包含 store_id、s_city、order_price
3. 弹窗关闭；子表该行「列权限」列显示「order_price」
4. 弹窗打开；「order_price」已处于勾选状态（回显已保存的列选择）","1. 
2. 
3. 
4.","","2","功能测试","功能测试阶段","正常","0","0","4","","不二","2026-04-27","","0000-00-00","1","",""
"184856","数据资产_STD(#23)","/版本迭代测试用例/v6.4.10/数据安全管理下线掉行级别权限配置(#10506)","【数据安全】下线行列级别权限配置(#15789)","验证开启列级权限配置开关后可正常新增/编辑列级权限行并保存成功","使用 admin 账号登录系统；系统中已存在 Doris 数据源、数据库 db_test 及数据表 table_order（含列 store_id、s_city、order_price）","1. 进入【数据安全 → 数据权限管理】页面，点击【新增权限策略】按钮，等待页面加载完成
2. 填写策略基本信息：
- *策略名称: 列级测试策略2026
- 描述: 无
3. 开启「是否开启列级权限配置」开关，点击子表【新增】按钮
4. 填写：
- *数据库: db_test
- *数据表: table_order
然后点击【配置列级权限】按钮，等待操作完成
5. 选择列「store_id」和「s_city」，点击弹窗【确定】按钮
6. 点击页面【保存】按钮","1. 页面打开
2. 策略基本信息填写完成，无校验错误提示
3. 子表新增一行可编辑的配置行
4. 配置列级权限弹窗正常打开，显示 table_order 表的列选择器
5. 弹窗关闭；子表该行「列权限」列显示已选列「store_id, s_city」
6. 页面提示「保存成功」或跳转回列表页；列表中出现策略名称为「列级测试策略2026」的新记录","1. 
2. 
3. 
4. 
5. 
6.","","1","功能测试","功能测试阶段","正常","0","0","6","","不二","2026-04-27","","0000-00-00","1","",""
"184855","数据资产_STD(#23)","/版本迭代测试用例/v6.4.10/数据安全管理下线掉行级别权限配置(#10506)","【数据安全】下线行列级别权限配置(#15789)","验证「是否开启列级权限配置」开关关闭和开启时均不出现行级权限控件","使用 admin 账号登录系统；已进入【数据安全 → 数据权限管理】页面","1. 进入【数据安全 → 数据权限管理】页面，点击【新增权限策略】按钮，等待页面加载完成
2. 在开关处于关闭状态时，观察页面中所有控件
3. 点击开关切换为开启状态，等待子表区域展开
4. 再次点击开关切换回关闭状态","1. 新增权限策略页面打开；「是否开启列级权限配置」开关默认为关闭状态
2. 「列级权限配置」子表区域未展开或被折叠；页面中不存在行级权限任何控件、按钮或文案
3. 子表区域展开；子表中仍不存在「行级权限」列和「配置行级权限」按钮
4. 子表区域收起；页面中不存在行级权限任何控件","1. 
2. 
3. 
4.","","2","功能测试","功能测试阶段","正常","0","0","4","","不二","2026-04-27","","0000-00-00","1","",""
"184854","数据资产_STD(#23)","/版本迭代测试用例/v6.4.10/数据安全管理下线掉行级别权限配置(#10506)","【数据安全】下线行列级别权限配置(#15789)","验证列级权限配置子表「行级权限」列和「配置行级权限」按钮均已隐藏","使用 admin 账号登录系统；已进入【数据安全 → 数据权限管理】页面","1. 进入【数据安全 → 数据权限管理】页面，等待列表数据加载完成
2. 点击【新增权限策略】按钮，等待页面打开后，开启「是否开启列级权限配置」开关
3. 观察「列级权限配置」子表的所有列标题
4. 点击子表中的【新增】按钮，新增一条列级权限配置行，观察操作列所有按钮","1. 列表正常展示
2. 「列级权限配置」子表区域展开可见
3. 子表仅显示「数据库」「数据表」「列权限」「操作」四列；页面中不存在「行级权限」列头
4. 操作列中仅显示「配置列级权限」和「删除」操作入口；「配置行级权限」按钮不存在","1. 
2. 
3. 
4.","","1","功能测试","功能测试阶段","正常","0","0","4","","不二","2026-04-27","","0000-00-00","1","",""
"184853","数据资产_STD(#23)","/版本迭代测试用例/v6.4.10/数据安全管理下线掉行级别权限配置(#10506)","【数据安全】下线行列级别权限配置(#15789)","验证新增/编辑权限策略页全页面无「行级」「行列级」文案残留","使用 admin 账号登录系统；已进入【数据安全 → 数据权限管理】页面，列表可正常加载","1. 点击【新增权限策略】按钮，等待新增权限策略页面完全打开
2. 开启「是否开启列级权限配置」开关，依次检查页面中所有可见文案
3. 返回列表页，找到已存在的权限策略记录，点击【编辑】按钮，等待操作完成","1. 新增权限策略页面正常打开
2. 1) 开关标签显示「是否开启列级权限配置」，不含「行级」或「行列级」；2) 子表表头中不存在「行级权限」列；3) 操作列中不存在「配置行级权限」按钮；4) 页面全局文案中不出现「行级权限」「行列级权限」「配置行级权限」字样
3. 编辑权限策略页面打开；页面中同样不含「行级权限」「行列级权限」「配置行级权限」字样","1. 
2. 
3.","","2","功能测试","功能测试阶段","正常","0","0","3","","不二","2026-04-27","","0000-00-00","1","",""
"184852","数据资产_STD(#23)","/版本迭代测试用例/v6.4.10/数据安全管理下线掉行级别权限配置(#10506)","【数据安全】下线行列级别权限配置(#15789)","验证新增权限策略页开关标签、Tooltip 文案及区块标题均已移除「行级」字样","使用 admin 账号登录系统；已进入数据安全模块，数据权限管理列表可正常加载","1. 进入【数据安全 → 数据权限管理】页面，等待列表数据加载完成
2. 点击页面右上角【新增权限策略】按钮，等待新增权限策略页面完全打开
3. 将鼠标悬停在「是否开启列级权限配置」开关旁的「?」图标上，等待 Tooltip 弹出
4. 开启「是否开启列级权限配置」开关，观察「数据权限配置」区块下方的子区块标题","1. 列表正常展示，页面顶部导航显示「数据权限管理」
2. 新增权限策略页面打开；页面中「是否开启列级权限配置」开关标签可见，标签文案不含「行列级」或「行级」字样
3. Tooltip 文案显示「若不配置默认拥有该表的所有列级权限」；文案中不含「行列级」字样
4. 子区块标题显示「列级权限配置」；标题中不含「行列级权限配置」字样","1. 
2. 
3. 
4.","","1","功能测试","功能测试阶段","正常","0","0","4","","不二","2026-04-27","","0000-00-00","1","",""
"183581","数据资产_STD(#23)","/版本迭代测试用例/v6.4.10/【数据质量】报告搜索优化(#10474)","【数据质量】报告搜索优化(#15700)","数据质量报告 报告详情页 文案修正 验证质检结果文案在各规则分区筛选项与明细结果中展示一致","已生成报告页存在报告「供应商主数据有效性周报」，数据表「dwd_supplier_info_di」，生成时间「2026-03-29 10:30:00」，可进入【报告详情】页面；
其规则明细包含：
字段规则：1）完整性校验 / 供应商名称非空校验 / supplier_name / STRING / 校验失败；2）有效性校验 / 供应商编码格式校验 / supplier_code / STRING / 校验不通过；3）唯一性校验 / 供应商编码唯一校验 / supplier_code / STRING / 校验通过；4）统计性校验 / 分区记录数波动校验 / dt / STRING / 校验通过。
单表规则：1）完整性校验 / 主键非空校验 / 校验失败；2）统计性校验 / 分区行数波动校验 / 校验不通过；3）唯一性校验 / 主键唯一校验 / 校验通过。
多表规则：1）合理性校验 / 主表与维表金额差异阈值校验 / 校验失败；2）时效性校验 / 主表与维表分区时效对齐校验 / 校验不通过；3）统计性校验 / 主表与维表记录数差异校验 / 校验通过。","1. 进入【数据质量 → 数据质量报告】页面
2. 点击【已生成报告】页签
3. 点击「供应商主数据有效性周报」所在行的【报告详情】按钮
4. 分别查看「字段规则」「单表规则」「多表规则」分区表格中的「质检结果」列","1. 数据质量报告页面正常加载。
2. 成功切换到「已生成报告」列表页。
3. 成功进入「供应商主数据有效性周报」报告详情页。
4. 字段规则中的「供应商名称非空校验」显示为「校验失败」，单表规则中的「分区行数波动校验」显示为「校验不通过」，多表规则中的「主表与维表记录数差异校验」显示为「校验通过」，三个分区的结果文案保持一致。","1. 
2. 
3. 
4.","","3","功能测试","功能测试阶段","正常","0","0","4","","不二","2026-04-13","","0000-00-00","1","",""
"183580","数据资产_STD(#23)","/版本迭代测试用例/v6.4.10/【数据质量】报告搜索优化(#10474)","【数据质量】报告搜索优化(#15700)","数据质量报告 报告详情页 单表多表规则筛选 验证多表规则规则名称无匹配时显示空结果","已生成报告页存在报告「供应商主数据有效性周报」，数据表「dwd_supplier_info_di」，生成时间「2026-03-29 10:30:00」，可进入【报告详情】页面；
其规则明细包含：
字段规则：1）完整性校验 / 供应商名称非空校验 / supplier_name / STRING / 校验失败；2）有效性校验 / 供应商编码格式校验 / supplier_code / STRING / 校验不通过；3）唯一性校验 / 供应商编码唯一校验 / supplier_code / STRING / 校验通过；4）统计性校验 / 分区记录数波动校验 / dt / STRING / 校验通过。
单表规则：1）完整性校验 / 主键非空校验 / 校验失败；2）统计性校验 / 分区行数波动校验 / 校验不通过；3）唯一性校验 / 主键唯一校验 / 校验通过。
多表规则：1）合理性校验 / 主表与维表金额差异阈值校验 / 校验失败；2）时效性校验 / 主表与维表分区时效对齐校验 / 校验不通过；3）统计性校验 / 主表与维表记录数差异校验 / 校验通过。","1. 进入【数据质量 → 数据质量报告】页面
2. 点击【已生成报告】页签
3. 点击「供应商主数据有效性周报」所在行的【报告详情】按钮
4. 在「多表规则」分区的「规则名称」输入框输入「不存在的多表规则15700」，点击【查询】按钮","1. 数据质量报告页面正常加载。
2. 成功切换到「已生成报告」列表页。
3. 成功进入「供应商主数据有效性周报」报告详情页。
4. 多表规则表格显示「暂无数据」，当前分区保留查询值「不存在的多表规则15700」。","1. 
2. 
3. 
4.","","2","功能测试","功能测试阶段","正常","0","0","4","","不二","2026-04-13","","0000-00-00","1","",""
"183579","数据资产_STD(#23)","/版本迭代测试用例/v6.4.10/【数据质量】报告搜索优化(#10474)","【数据质量】报告搜索优化(#15700)","数据质量报告 报告详情页 单表多表规则筛选 验证多表规则支持规则类型与质检结果多选结合规则名称模糊组合筛选","已生成报告页存在报告「供应商主数据有效性周报」，数据表「dwd_supplier_info_di」，生成时间「2026-03-29 10:30:00」，可进入【报告详情】页面；
其规则明细包含：
字段规则：1）完整性校验 / 供应商名称非空校验 / supplier_name / STRING / 校验失败；2）有效性校验 / 供应商编码格式校验 / supplier_code / STRING / 校验不通过；3）唯一性校验 / 供应商编码唯一校验 / supplier_code / STRING / 校验通过；4）统计性校验 / 分区记录数波动校验 / dt / STRING / 校验通过。
单表规则：1）完整性校验 / 主键非空校验 / 校验失败；2）统计性校验 / 分区行数波动校验 / 校验不通过；3）唯一性校验 / 主键唯一校验 / 校验通过。
多表规则：1）合理性校验 / 主表与维表金额差异阈值校验 / 校验失败；2）时效性校验 / 主表与维表分区时效对齐校验 / 校验不通过；3）统计性校验 / 主表与维表记录数差异校验 / 校验通过。","1. 进入【数据质量 → 数据质量报告】页面
2. 点击【已生成报告】页签
3. 点击「供应商主数据有效性周报」所在行的【报告详情】按钮
4. 查看「多表规则」分区查询区
5. 在「多表规则」分区选择「规则类型」为「合理性校验」「时效性校验」，在「规则名称」输入框输入「主表与维表」，在「质检结果」选择「校验失败」「校验不通过」，点击【查询】按钮
6. 点击「多表规则」分区中的【重置】按钮","1. 数据质量报告页面正常加载。
2. 成功切换到「已生成报告」列表页。
3. 成功进入「供应商主数据有效性周报」报告详情页。
4. 查询区仅显示「规则类型」「规则名称」「质检结果」3个筛选项，不显示「字段名称」「字段类型」输入项。
5. 多表规则表格仅显示2条记录：1）「主表与维表金额差异阈值校验 / 校验失败」；2）「主表与维表分区时效对齐校验 / 校验不通过」。
6. 「多表规则」分区的查询条件全部清空，表格恢复显示「主表与维表记录数差异校验 / 校验通过」等原始记录。","1. 
2. 
3. 
4. 
5. 
6.","","1","功能测试","功能测试阶段","正常","0","2","6","通过","不二","2026-04-13","","0000-00-00","1","",""
"183578","数据资产_STD(#23)","/版本迭代测试用例/v6.4.10/【数据质量】报告搜索优化(#10474)","【数据质量】报告搜索优化(#15700)","数据质量报告 报告详情页 单表多表规则筛选 验证单表规则规则名称无匹配时显示空结果","已生成报告页存在报告「供应商主数据有效性周报」，数据表「dwd_supplier_info_di」，生成时间「2026-03-29 10:30:00」，可进入【报告详情】页面；
其规则明细包含：
字段规则：1）完整性校验 / 供应商名称非空校验 / supplier_name / STRING / 校验失败；2）有效性校验 / 供应商编码格式校验 / supplier_code / STRING / 校验不通过；3）唯一性校验 / 供应商编码唯一校验 / supplier_code / STRING / 校验通过；4）统计性校验 / 分区记录数波动校验 / dt / STRING / 校验通过。
单表规则：1）完整性校验 / 主键非空校验 / 校验失败；2）统计性校验 / 分区行数波动校验 / 校验不通过；3）唯一性校验 / 主键唯一校验 / 校验通过。
多表规则：1）合理性校验 / 主表与维表金额差异阈值校验 / 校验失败；2）时效性校验 / 主表与维表分区时效对齐校验 / 校验不通过；3）统计性校验 / 主表与维表记录数差异校验 / 校验通过。","1. 进入【数据质量 → 数据质量报告】页面
2. 点击【已生成报告】页签
3. 点击「供应商主数据有效性周报」所在行的【报告详情】按钮
4. 在「单表规则」分区的「规则名称」输入框输入「不存在的单表规则15700」，点击【查询】按钮","1. 数据质量报告页面正常加载。
2. 成功切换到「已生成报告」列表页。
3. 成功进入「供应商主数据有效性周报」报告详情页。
4. 单表规则表格显示「暂无数据」，当前分区保留查询值「不存在的单表规则15700」。","1. 
2. 
3. 
4.","","2","功能测试","功能测试阶段","正常","0","0","4","","不二","2026-04-13","","0000-00-00","1","",""
"183577","数据资产_STD(#23)","/版本迭代测试用例/v6.4.10/【数据质量】报告搜索优化(#10474)","【数据质量】报告搜索优化(#15700)","数据质量报告 报告详情页 单表多表规则筛选 验证单表规则支持规则类型与质检结果多选结合规则名称模糊组合筛选","已生成报告页存在报告「供应商主数据有效性周报」，数据表「dwd_supplier_info_di」，生成时间「2026-03-29 10:30:00」，可进入【报告详情】页面；
其规则明细包含：
字段规则：1）完整性校验 / 供应商名称非空校验 / supplier_name / STRING / 校验失败；2）有效性校验 / 供应商编码格式校验 / supplier_code / STRING / 校验不通过；3）唯一性校验 / 供应商编码唯一校验 / supplier_code / STRING / 校验通过；4）统计性校验 / 分区记录数波动校验 / dt / STRING / 校验通过。
单表规则：1）完整性校验 / 主键非空校验 / 校验失败；2）统计性校验 / 分区行数波动校验 / 校验不通过；3）唯一性校验 / 主键唯一校验 / 校验通过。
多表规则：1）合理性校验 / 主表与维表金额差异阈值校验 / 校验失败；2）时效性校验 / 主表与维表分区时效对齐校验 / 校验不通过；3）统计性校验 / 主表与维表记录数差异校验 / 校验通过。","1. 进入【数据质量 → 数据质量报告】页面
2. 点击【已生成报告】页签
3. 点击「供应商主数据有效性周报」所在行的【报告详情】按钮
4. 查看「单表规则」分区查询区
5. 在「单表规则」分区选择「规则类型」为「完整性校验」「统计性校验」，在「规则名称」输入框输入「校验」，在「质检结果」选择「校验失败」「校验不通过」，点击【查询】按钮
6. 点击「单表规则」分区中的【重置】按钮","1. 数据质量报告页面正常加载。
2. 成功切换到「已生成报告」列表页。
3. 成功进入「供应商主数据有效性周报」报告详情页。
4. 查询区仅显示「规则类型」「规则名称」「质检结果」3个筛选项，不显示「字段名称」「字段类型」输入项。
5. 单表规则表格仅显示2条记录：1）「主键非空校验 / 校验失败」；2）「分区行数波动校验 / 校验不通过」。
6. 「单表规则」分区的查询条件全部清空，表格恢复显示「主键唯一校验 / 校验通过」等原始记录。","1. 
2. 
3. 
4. 
5. 
6.","","1","功能测试","功能测试阶段","正常","0","2","6","通过","不二","2026-04-13","","0000-00-00","1","",""
"183576","数据资产_STD(#23)","/版本迭代测试用例/v6.4.10/【数据质量】报告搜索优化(#10474)","【数据质量】报告搜索优化(#15700)","数据质量报告 报告详情页 字段规则筛选 验证字段规则规则名称无匹配时显示空结果","已生成报告页存在报告「供应商主数据有效性周报」，数据表「dwd_supplier_info_di」，生成时间「2026-03-29 10:30:00」，可进入【报告详情】页面；
其规则明细包含：
字段规则：1）完整性校验 / 供应商名称非空校验 / supplier_name / STRING / 校验失败；2）有效性校验 / 供应商编码格式校验 / supplier_code / STRING / 校验不通过；3）唯一性校验 / 供应商编码唯一校验 / supplier_code / STRING / 校验通过；4）统计性校验 / 分区记录数波动校验 / dt / STRING / 校验通过。
单表规则：1）完整性校验 / 主键非空校验 / 校验失败；2）统计性校验 / 分区行数波动校验 / 校验不通过；3）唯一性校验 / 主键唯一校验 / 校验通过。
多表规则：1）合理性校验 / 主表与维表金额差异阈值校验 / 校验失败；2）时效性校验 / 主表与维表分区时效对齐校验 / 校验不通过；3）统计性校验 / 主表与维表记录数差异校验 / 校验通过。","1. 进入【数据质量 → 数据质量报告】页面
2. 点击【已生成报告】页签
3. 点击「供应商主数据有效性周报」所在行的【报告详情】按钮
4. 在「字段规则」分区的「规则名称」输入框输入「不存在的字段规则15700」，点击【查询】按钮","1. 数据质量报告页面正常加载。
2. 成功切换到「已生成报告」列表页。
3. 成功进入「供应商主数据有效性周报」报告详情页。
4. 「字段规则」表格显示「暂无数据」，当前分区保留查询值「不存在的字段规则15700」，「单表规则」「多表规则」分区仍保持可见。","1. 
2. 
3. 
4.","","2","功能测试","功能测试阶段","正常","0","0","4","","不二","2026-04-13","","0000-00-00","1","",""
"183575","数据资产_STD(#23)","/版本迭代测试用例/v6.4.10/【数据质量】报告搜索优化(#10474)","【数据质量】报告搜索优化(#15700)","数据质量报告 报告详情页 字段规则筛选 验证字段规则支持规则类型与质检结果多选结合多字段模糊组合筛选","已生成报告页存在报告「供应商主数据有效性周报」，数据表「dwd_supplier_info_di」，生成时间「2026-03-29 10:30:00」，可进入【报告详情】页面；
其规则明细包含：
字段规则：1）完整性校验 / 供应商名称非空校验 / supplier_name / STRING / 校验失败；2）有效性校验 / 供应商编码格式校验 / supplier_code / STRING / 校验不通过；3）唯一性校验 / 供应商编码唯一校验 / supplier_code / STRING / 校验通过；4）统计性校验 / 分区记录数波动校验 / dt / STRING / 校验通过。
单表规则：1）完整性校验 / 主键非空校验 / 校验失败；2）统计性校验 / 分区行数波动校验 / 校验不通过；3）唯一性校验 / 主键唯一校验 / 校验通过。
多表规则：1）合理性校验 / 主表与维表金额差异阈值校验 / 校验失败；2）时效性校验 / 主表与维表分区时效对齐校验 / 校验不通过；3）统计性校验 / 主表与维表记录数差异校验 / 校验通过。","1. 进入【数据质量 → 数据质量报告】页面
2. 点击【已生成报告】页签
3. 点击「供应商主数据有效性周报」所在行的【报告详情】按钮
4. 在「字段规则」分区选择「规则类型」为「完整性校验」「有效性校验」，在「规则名称」输入框输入「供应商」，在「字段名称」输入框输入「supplier」，在「字段类型」输入框输入「STR」，在「质检结果」选择「校验失败」「校验不通过」，点击【查询】按钮
5. 点击「字段规则」分区中的【重置】按钮","1. 数据质量报告页面正常加载。
2. 成功切换到「已生成报告」列表页。
3. 成功进入「供应商主数据有效性周报」报告详情页。
4. 字段规则表格仅显示2条记录：1）「供应商名称非空校验 / supplier_name / STRING / 校验失败」；2）「供应商编码格式校验 / supplier_code / STRING / 校验不通过」。
5. 「字段规则」分区的查询条件全部清空，表格恢复显示「供应商编码唯一校验」和「分区记录数波动校验」等原始记录。","1. 
2. 
3. 
4. 
5.","","1","功能测试","功能测试阶段","正常","0","2","5","通过","不二","2026-04-13","","0000-00-00","1","",""
"183574","数据资产_STD(#23)","/版本迭代测试用例/v6.4.10/【数据质量】报告搜索优化(#10474)","【数据质量】报告搜索优化(#15700)","数据质量报告 报告详情页 字段规则筛选 验证字段规则筛选项与下拉选项展示完整","已生成报告页存在报告「供应商主数据有效性周报」，数据表「dwd_supplier_info_di」，生成时间「2026-03-29 10:30:00」，可进入【报告详情】页面；
其规则明细包含：
字段规则：1）完整性校验 / 供应商名称非空校验 / supplier_name / STRING / 校验失败；2）有效性校验 / 供应商编码格式校验 / supplier_code / STRING / 校验不通过；3）唯一性校验 / 供应商编码唯一校验 / supplier_code / STRING / 校验通过；4）统计性校验 / 分区记录数波动校验 / dt / STRING / 校验通过。
单表规则：1）完整性校验 / 主键非空校验 / 校验失败；2）统计性校验 / 分区行数波动校验 / 校验不通过；3）唯一性校验 / 主键唯一校验 / 校验通过。
多表规则：1）合理性校验 / 主表与维表金额差异阈值校验 / 校验失败；2）时效性校验 / 主表与维表分区时效对齐校验 / 校验不通过；3）统计性校验 / 主表与维表记录数差异校验 / 校验通过。","1. 进入【数据质量 → 数据质量报告】页面
2. 点击【已生成报告】页签
3. 点击「供应商主数据有效性周报」所在行的【报告详情】按钮
4. 定位到「字段规则」分区并查看查询区
5. 点击「规则类型」多选下拉框
6. 点击「质检结果」多选下拉框","1. 数据质量报告页面正常加载。
2. 成功切换到「已生成报告」列表页。
3. 成功进入「供应商主数据有效性周报」报告详情页。
4. 查询区显示「规则类型」「规则名称」「字段名称」「字段类型」「质检结果」5个筛选项。
5. 下拉选项完整显示为「完整性校验」「有效性校验」「唯一性校验」「统计性校验」「时效性校验」「合理性校验」。
6. 下拉选项完整显示为「校验失败」「校验不通过」「校验通过」。","1. 
2. 
3. 
4. 
5. 
6.","","1","功能测试","功能测试阶段","正常","0","2","6","通过","不二","2026-04-13","","0000-00-00","1","",""
"183573","数据资产_STD(#23)","/版本迭代测试用例/v6.4.10/【数据质量】报告搜索优化(#10474)","【数据质量】报告搜索优化(#15700)","数据质量报告 已生成报告列表页 返回态保持 验证从报告详情返回已生成报告列表时保留原查询条件和结果集","已生成报告页存在以下报告记录：
1）报告名称「供应商主数据完整性日报」，数据表「dwd_supplier_info_di」，生成时间「2026-03-28 10:15:00」；
2）报告名称「供应商主数据有效性周报」，数据表「dwd_supplier_info_di」，生成时间「2026-03-29 10:30:00」；
3）报告名称「车辆订单唯一性日报」，数据表「dwd_vehicle_order_di」，生成时间「2026-03-30 09:20:00」；
4）报告名称「用户标签时效性月报」，数据表「ads_user_tag_snapshot_df」，生成时间「2026-03-31 15:40:00」。
其中「供应商主数据有效性周报」与「供应商主数据完整性日报」均可点击【报告详情】进入详情页。","1. 进入【数据质量 → 数据质量报告】页面
2. 点击【已生成报告】页签
3. 在「报告名称」输入框输入「供应商主数据」，在「数据表」输入框输入「dwd_supplier_info」，在「生成时间」选择「2026-03-29 00:00:00」至「2026-03-29 23:59:59」，点击【查询】按钮
4. 点击「供应商主数据有效性周报」所在行的【报告详情】按钮
5. 点击面包屑中的【数据质量报告】","1. 数据质量报告页面正常加载。
2. 成功切换到「已生成报告」列表页。
3. 列表仅显示「供应商主数据有效性周报」1条记录。
4. 成功进入「供应商主数据有效性周报」报告详情页。
5. 返回「已生成报告」列表页后，「报告名称」仍为「供应商主数据」，「数据表」仍为「dwd_supplier_info」，「生成时间」仍为「2026-03-29 00:00:00 ~ 2026-03-29 23:59:59」，列表仍只显示「供应商主数据有效性周报」1条记录。","1. 
2. 
3. 
4. 
5.","","1","功能测试","功能测试阶段","正常","0","2","5","通过","不二","2026-04-13","","0000-00-00","1","",""
"183572","数据资产_STD(#23)","/版本迭代测试用例/v6.4.10/【数据质量】报告搜索优化(#10474)","【数据质量】报告搜索优化(#15700)","数据质量报告 已生成报告列表页 列表搜索 验证已生成报告列表页重置后恢复初始查询状态","已生成报告页存在以下报告记录：
1）报告名称「供应商主数据完整性日报」，数据表「dwd_supplier_info_di」，生成时间「2026-03-28 10:15:00」；
2）报告名称「供应商主数据有效性周报」，数据表「dwd_supplier_info_di」，生成时间「2026-03-29 10:30:00」；
3）报告名称「车辆订单唯一性日报」，数据表「dwd_vehicle_order_di」，生成时间「2026-03-30 09:20:00」；
4）报告名称「用户标签时效性月报」，数据表「ads_user_tag_snapshot_df」，生成时间「2026-03-31 15:40:00」。","1. 进入【数据质量 → 数据质量报告】页面
2. 点击【已生成报告】页签
3. 在「报告名称」输入框输入「供应商主数据」，在「数据表」输入框输入「dwd_supplier_info」，在「生成时间」选择「2026-03-28 00:00:00」至「2026-03-29 23:59:59」，点击【查询】按钮
4. 点击【重置】按钮
5. 查看列表数据","1. 数据质量报告页面正常加载。
2. 成功切换到「已生成报告」列表页。
3. 列表仅显示「供应商主数据完整性日报」和「供应商主数据有效性周报」2条记录。
4. 「报告名称」「数据表」输入框内容被清空，「生成时间」恢复为进入页面时的初始值。
5. 列表恢复展示前置条件中的4条报告记录。","1. 
2. 
3. 
4. 
5.","","2","功能测试","功能测试阶段","正常","0","0","5","","不二","2026-04-13","","0000-00-00","1","",""
"183571","数据资产_STD(#23)","/版本迭代测试用例/v6.4.10/【数据质量】报告搜索优化(#10474)","【数据质量】报告搜索优化(#15700)","数据质量报告 已生成报告列表页 列表搜索 验证已生成报告列表页报告名称无匹配时显示空结果","已生成报告页存在以下报告记录：
1）报告名称「供应商主数据完整性日报」，数据表「dwd_supplier_info_di」，生成时间「2026-03-28 10:15:00」；
2）报告名称「供应商主数据有效性周报」，数据表「dwd_supplier_info_di」，生成时间「2026-03-29 10:30:00」；
3）报告名称「车辆订单唯一性日报」，数据表「dwd_vehicle_order_di」，生成时间「2026-03-30 09:20:00」；
4）报告名称「用户标签时效性月报」，数据表「ads_user_tag_snapshot_df」，生成时间「2026-03-31 15:40:00」。","1. 进入【数据质量 → 数据质量报告】页面
2. 点击【已生成报告】页签
3. 在「报告名称」输入框输入「不存在的报告名称15700」，点击【查询】按钮","1. 数据质量报告页面正常加载。
2. 成功切换到「已生成报告」列表页。
3. 列表不返回任何报告记录，列表区域显示「暂无数据」，查询框保留输入值「不存在的报告名称15700」。","1. 
2. 
3.","","2","功能测试","功能测试阶段","正常","0","0","3","","不二","2026-04-13","","0000-00-00","1","",""
"183570","数据资产_STD(#23)","/版本迭代测试用例/v6.4.10/【数据质量】报告搜索优化(#10474)","【数据质量】报告搜索优化(#15700)","数据质量报告 已生成报告列表页 列表搜索 验证已生成报告列表页支持报告名称与数据表模糊搜索","已生成报告页存在以下报告记录：
1）报告名称「供应商主数据完整性日报」，数据表「dwd_supplier_info_di」，生成时间「2026-03-28 10:15:00」；
2）报告名称「供应商主数据有效性周报」，数据表「dwd_supplier_info_di」，生成时间「2026-03-29 10:30:00」；
3）报告名称「车辆订单唯一性日报」，数据表「dwd_vehicle_order_di」，生成时间「2026-03-30 09:20:00」；
4）报告名称「用户标签时效性月报」，数据表「ads_user_tag_snapshot_df」，生成时间「2026-03-31 15:40:00」。","1. 进入【数据质量 → 数据质量报告】页面
2. 点击【已生成报告】页签
3. 在「报告名称」输入框输入「唯一性」，点击【查询】按钮
4. 点击【重置】按钮
5. 在「数据表」输入框输入「user_tag_snapshot」，点击【查询】按钮","1. 数据质量报告页面正常加载。
2. 成功切换到「已生成报告」列表页。
3. 列表仅显示报告名称包含「唯一性」的记录，结果为「车辆订单唯一性日报」。
4. 查询条件恢复为进入页面时的初始状态，列表重新展示前置条件中的全部报告记录。
5. 列表仅显示数据表包含「user_tag_snapshot」的记录，结果为「用户标签时效性月报」，数据表显示为「ads_user_tag_snapshot_df」。","1. 
2. 
3. 
4. 
5.","","2","功能测试","功能测试阶段","正常","0","0","5","","不二","2026-04-13","","0000-00-00","1","",""
"183569","数据资产_STD(#23)","/版本迭代测试用例/v6.4.10/【数据质量】报告搜索优化(#10474)","【数据质量】报告搜索优化(#15700)","数据质量报告 已生成报告列表页 列表搜索 验证已生成报告列表页支持报告名称数据表和生成时间组合筛选","已生成报告页存在以下报告记录：
1）报告名称「供应商主数据完整性日报」，数据表「dwd_supplier_info_di」，生成时间「2026-03-28 10:15:00」；
2）报告名称「供应商主数据有效性周报」，数据表「dwd_supplier_info_di」，生成时间「2026-03-29 10:30:00」；
3）报告名称「车辆订单唯一性日报」，数据表「dwd_vehicle_order_di」，生成时间「2026-03-30 09:20:00」；
4）报告名称「用户标签时效性月报」，数据表「ads_user_tag_snapshot_df」，生成时间「2026-03-31 15:40:00」。","1. 进入【数据质量 → 数据质量报告】页面
2. 点击【已生成报告】页签
3. 在「报告名称」输入框输入「供应商主数据」，在「数据表」输入框输入「dwd_supplier_info」，在「生成时间」选择「2026-03-29 00:00:00」至「2026-03-29 23:59:59」，点击【查询】按钮
4. 查看查询结果","1. 数据质量报告页面正常加载。
2. 成功切换到「已生成报告」列表页。
3. 查询条件提交成功，列表区域刷新。
4. 列表仅显示1条记录，报告名称为「供应商主数据有效性周报」，数据表为「dwd_supplier_info_di」，生成时间为「2026-03-29 10:30:00」。","1. 
2. 
3. 
4.","","1","功能测试","功能测试阶段","正常","0","2","4","通过","不二","2026-04-13","","0000-00-00","1","",""
"183568","数据资产_STD(#23)","/版本迭代测试用例/v6.4.10/【数据质量】报告搜索优化(#10474)","【数据质量】报告搜索优化(#15700)","数据质量报告 已生成报告列表页 列表搜索 验证已生成报告列表页查询区字段与列表默认展示正确","已生成报告页存在以下报告记录：
1）报告名称「供应商主数据完整性日报」，数据表「dwd_supplier_info_di」，生成时间「2026-03-28 10:15:00」；
2）报告名称「供应商主数据有效性周报」，数据表「dwd_supplier_info_di」，生成时间「2026-03-29 10:30:00」；
3）报告名称「车辆订单唯一性日报」，数据表「dwd_vehicle_order_di」，生成时间「2026-03-30 09:20:00」；
4）报告名称「用户标签时效性月报」，数据表「ads_user_tag_snapshot_df」，生成时间「2026-03-31 15:40:00」。","1. 进入【数据质量 → 数据质量报告】页面
2. 点击【已生成报告】页签
3. 查看列表页查询区
4. 查看列表页首屏记录与操作列","1. 数据质量报告页面正常加载。
2. 成功切换到「已生成报告」列表页。
3. 查询区显示「报告名称」「数据表」「生成时间」三个查询项，并显示【查询】【重置】按钮。
4. 列表中展示前置条件中的报告记录，至少可见「供应商主数据有效性周报」和「车辆订单唯一性日报」两条数据，且每条记录的操作列均显示【报告详情】按钮。","1. 
2. 
3. 
4.","","3","功能测试","功能测试阶段","正常","0","0","4","","不二","2026-04-13","","0000-00-00","1","",""
"183567","数据资产_STD(#23)","/版本迭代测试用例/v6.4.10/【数据地图】查询优化(#10473)","【数据地图】查询优化(#15698)","数据地图 标签结果页 业务口径搜索与展示 验证标签结果页列表展示业务口径列且位置在创建人前","已登录系统并具备【元数据 → 数据地图】访问权限；标签结果页存在标签「高价值客户」（业务口径：近90天累计订单金额大于10万元的客户标签）和「待回访客户」（业务口径：近30天存在咨询但未成交的客户标签）；列表页已展示创建人列。","1. 进入【元数据 → 数据地图】页面，切换结果类型到【标签】
2. 查看列表表头顺序与标签“高价值客户”所在行
3. 打开“高价值客户”详情侧栏或详情页并查看“业务口径”字段","1. 标签结果页正常加载并展示标签结果列表。
2. 列表新增“业务口径”列，且位于“创建人”列之前；“高价值客户”行展示其对应业务口径文本。
3. 详情中的业务口径字段正常展示，且其值与列表中同一标签的业务口径内容一致。","1. 
2. 
3.","","2","功能测试","功能测试阶段","正常","0","0","3","","不二","2026-04-13","","0000-00-00","1","",""
"183566","数据资产_STD(#23)","/版本迭代测试用例/v6.4.10/【数据地图】查询优化(#10473)","【数据地图】查询优化(#15698)","数据地图 标签结果页 业务口径搜索与展示 验证标签结果页支持按标签名称和业务口径模糊搜索","已登录系统并具备【元数据 → 数据地图】访问权限；标签结果页存在标签「高价值客户」（业务口径：近90天累计订单金额大于10万元的客户标签）和「待回访客户」（业务口径：近30天存在咨询但未成交的客户标签）；列表页已展示创建人列。","1. 进入【元数据 → 数据地图】页面，切换结果类型到【标签】
2. 在搜索框输入“高价值”，点击【查询】按钮
3. 清空搜索框后输入“累计订单金额大于10万元”，再次点击【查询】按钮","1. 标签结果页正常加载，搜索框提示文案为“请输入标签名称、业务口径”。
2. 结果列表展示标签“高价值客户”，不展示名称不匹配的“待回访客户”。
3. 列表通过业务口径模糊匹配命中“高价值客户”，说明标签业务口径搜索生效。","1. 
2. 
3.","","1","功能测试","功能测试阶段","正常","0","3","3","通过","不二","2026-04-13","","0000-00-00","1","",""
"183565","数据资产_STD(#23)","/版本迭代测试用例/v6.4.10/【数据地图】查询优化(#10473)","【数据地图】查询优化(#15698)","数据地图 指标结果页 业务口径展示 验证指标详情展示业务口径且与列表值一致","已登录系统并具备【元数据 → 数据地图】访问权限；指标结果页存在指标「客户活跃度」（业务口径：用于评估近30天客户登录与下单活跃程度）和「订单履约率」（业务口径：用于衡量订单按时履约情况）；列表页已展示创建人列。","1. 进入【元数据 → 数据地图】页面，切换结果类型到【指标】
2. 搜索“客户活跃度”后打开该指标的详情侧栏或详情页
3. 查看详情中的“业务口径”字段，并与列表行中的“业务口径”列对比","1. 指标结果页正常加载。
2. 页面成功打开指标详情区域。
3. 详情中的业务口径字段正常展示，且其值与列表中该指标对应的业务口径内容保持一致。","1. 
2. 
3.","","2","功能测试","功能测试阶段","正常","0","0","3","","不二","2026-04-13","","0000-00-00","1","",""
"183564","数据资产_STD(#23)","/版本迭代测试用例/v6.4.10/【数据地图】查询优化(#10473)","【数据地图】查询优化(#15698)","数据地图 指标结果页 业务口径展示 验证指标结果页列表展示业务口径列且位置在创建人前","已登录系统并具备【元数据 → 数据地图】访问权限；指标结果页存在指标「客户活跃度」（业务口径：用于评估近30天客户登录与下单活跃程度）和「订单履约率」（业务口径：用于衡量订单按时履约情况）；列表页已展示创建人列。","1. 进入【元数据 → 数据地图】页面，切换结果类型到【指标】
2. 查看列表表头顺序
3. 查看指标“客户活跃度”所在行的业务口径值","1. 指标结果页正常加载并展示结果列表。
2. 列表新增“业务口径”列，且该列位于“创建人”列之前，不覆盖原有字段。
3. “业务口径”列展示“用于评估近30天客户登录与下单活跃程度”等实际文本，显示内容与该指标配置一致。","1. 
2. 
3.","","2","功能测试","功能测试阶段","正常","0","0","3","","不二","2026-04-13","","0000-00-00","1","",""
"183563","数据资产_STD(#23)","/版本迭代测试用例/v6.4.10/【数据地图】查询优化(#10473)","【数据地图】查询优化(#15698)","数据地图 指标结果页 业务口径搜索 验证指标结果页按业务口径搜索无匹配时显示空状态","已登录系统并具备【元数据 → 数据地图】访问权限；指标结果页存在指标「客户活跃度」（业务口径：用于评估近30天客户登录与下单活跃程度）和「订单履约率」（业务口径：用于衡量订单按时履约情况）；列表页已展示创建人列。","1. 进入【元数据 → 数据地图】页面，切换结果类型到【指标】
2. 在搜索框输入“完全不存在的业务口径描述”，点击【查询】按钮
3. 查看指标结果列表","1. 指标结果页正常加载。
2. 页面完成查询，不报错。
3. 结果区域展示空状态或“暂无数据”提示，不展示任何指标记录。","1. 
2. 
3.","","3","功能测试","功能测试阶段","正常","0","0","3","","不二","2026-04-13","","0000-00-00","1","",""
"183562","数据资产_STD(#23)","/版本迭代测试用例/v6.4.10/【数据地图】查询优化(#10473)","【数据地图】查询优化(#15698)","数据地图 指标结果页 业务口径搜索 验证指标结果页支持按指标名称和业务口径模糊搜索","已登录系统并具备【元数据 → 数据地图】访问权限；指标结果页存在指标「客户活跃度」（业务口径：用于评估近30天客户登录与下单活跃程度）和「订单履约率」（业务口径：用于衡量订单按时履约情况）；列表页已展示创建人列。","1. 进入【元数据 → 数据地图】页面，切换结果类型到【指标】
2. 在搜索框输入“活跃”，点击【查询】按钮
3. 清空搜索框后输入“近30天客户登录”，再次点击【查询】按钮","1. 指标结果页正常加载，搜索框提示文案为“请输入指标名称、业务口径”。
2. 列表展示指标“客户活跃度”，不展示名称不匹配的“订单履约率”。
3. 列表通过业务口径模糊匹配命中“客户活跃度”，说明业务口径搜索生效。","1. 
2. 
3.","","1","功能测试","功能测试阶段","正常","0","3","3","通过","不二","2026-04-13","","0000-00-00","1","",""
"183561","数据资产_STD(#23)","/版本迭代测试用例/v6.4.10/【数据地图】查询优化(#10473)","【数据地图】查询优化(#15698)","数据地图 字段结果页 搜索逻辑与目录联动 验证字段结果页清空关键字与目录条件后恢复全量结果","已登录系统并具备【元数据 → 数据地图】访问权限；系统已配置资产目录「客户域」「订单域」；「客户域」关联表 customer_info，包含字段 cust_name（客户名称）、cust_cert_type（证件类型）、cust_cert_code（证件号）；「订单域」关联表 order_info，包含字段 order_amount（订单金额）、order_name（订单名称）。","1. 进入【元数据 → 数据地图】页面，切换结果类型到【字段】
2. 输入“cust”，选择「客户域」并点击【查询】按钮
3. 清空搜索框内容并取消左侧资产目录选择后重新点击【查询】按钮","1. 字段结果页正常加载。
2. 结果列表仅展示客户域下与“cust”相关的字段记录。
3. 结果列表恢复展示字段全量数据，客户域与订单域的关联字段均重新可见，分页统计恢复为初始结果。","1. 
2. 
3.","","3","功能测试","功能测试阶段","正常","0","0","3","","不二","2026-04-13","","0000-00-00","1","",""
"183560","数据资产_STD(#23)","/版本迭代测试用例/v6.4.10/【数据地图】查询优化(#10473)","【数据地图】查询优化(#15698)","数据地图 字段结果页 搜索逻辑与目录联动 验证字段结果页组合查询无匹配时显示空状态","已登录系统并具备【元数据 → 数据地图】访问权限；系统已配置资产目录「客户域」「订单域」；「客户域」关联表 customer_info，包含字段 cust_name（客户名称）、cust_cert_type（证件类型）、cust_cert_code（证件号）；「订单域」关联表 order_info，包含字段 order_amount（订单金额）、order_name（订单名称）。","1. 进入【元数据 → 数据地图】页面，切换结果类型到【字段】
2. 将搜索逻辑切换为【模糊匹配】，输入“vehicle_not_exist”，并在左侧资产目录树选择「客户域」后点击【查询】按钮
3. 查看结果列表区域","1. 字段结果页正常加载。
2. 页面执行组合查询成功，不报错。
3. 结果列表展示空状态或“暂无数据”提示，不展示任何字段记录，分页统计同步变为 0。","1. 
2. 
3.","","3","功能测试","功能测试阶段","正常","0","0","3","","不二","2026-04-13","","0000-00-00","1","",""
"183559","数据资产_STD(#23)","/版本迭代测试用例/v6.4.10/【数据地图】查询优化(#10473)","【数据地图】查询优化(#15698)","数据地图 字段结果页 搜索逻辑与目录联动 验证字段结果页仅选择资产目录时只展示该目录关联字段","已登录系统并具备【元数据 → 数据地图】访问权限；系统已配置资产目录「客户域」「订单域」；「客户域」关联表 customer_info，包含字段 cust_name（客户名称）、cust_cert_type（证件类型）、cust_cert_code（证件号）；「订单域」关联表 order_info，包含字段 order_amount（订单金额）、order_name（订单名称）。","1. 进入【元数据 → 数据地图】页面，切换结果类型到【字段】
2. 保持搜索框为空，在左侧资产目录树选择「订单域」
3. 点击【查询】按钮并查看结果列表","1. 字段结果页正常加载。
2. 页面选中「订单域」目录节点，顶部关键字条件保持为空。
3. 结果列表仅展示 order_info 表下的关联字段，如 order_amount、order_name；customer_info 表下字段不展示。","1. 
2. 
3.","","2","功能测试","功能测试阶段","正常","0","0","3","","不二","2026-04-13","","0000-00-00","1","",""
"183558","数据资产_STD(#23)","/版本迭代测试用例/v6.4.10/【数据地图】查询优化(#10473)","【数据地图】查询优化(#15698)","数据地图 字段结果页 搜索逻辑与目录联动 验证字段结果页支持关键字与资产目录组合查询","已登录系统并具备【元数据 → 数据地图】访问权限；系统已配置资产目录「客户域」「订单域」；「客户域」关联表 customer_info，包含字段 cust_name（客户名称）、cust_cert_type（证件类型）、cust_cert_code（证件号）；「订单域」关联表 order_info，包含字段 order_amount（订单金额）、order_name（订单名称）。","1. 进入【元数据 → 数据地图】页面，切换结果类型到【字段】
2. 将搜索逻辑切换为【模糊匹配】，在搜索框输入“name”，并在左侧资产目录树选择「客户域」
3. 点击【查询】按钮并查看结果列表","1. 字段结果页正常加载。
2. 页面允许同时保留关键字条件和资产目录条件。
3. 结果列表仅展示「客户域」目录下名称相关的字段，如 cust_name；位于「订单域」的 order_name 不展示。","1. 
2. 
3.","","1","功能测试","功能测试阶段","正常","0","3","3","通过","不二","2026-04-13","","0000-00-00","1","",""
"183557","数据资产_STD(#23)","/版本迭代测试用例/v6.4.10/【数据地图】查询优化(#10473)","【数据地图】查询优化(#15698)","数据地图 字段结果页 搜索逻辑与目录联动 验证字段结果页模糊匹配可按关键字返回多条相关字段","已登录系统并具备【元数据 → 数据地图】访问权限；系统已配置资产目录「客户域」「订单域」；「客户域」关联表 customer_info，包含字段 cust_name（客户名称）、cust_cert_type（证件类型）、cust_cert_code（证件号）；「订单域」关联表 order_info，包含字段 order_amount（订单金额）、order_name（订单名称）。","1. 进入【元数据 → 数据地图】页面，切换结果类型到【字段】
2. 将搜索逻辑切换为【模糊匹配】，在搜索框输入“cust_”，点击【查询】按钮
3. 查看结果列表中的所属表和资产目录信息","1. 字段结果页正常加载，搜索逻辑默认可切换。
2. 结果列表展示字段名包含“cust_”的记录，至少包含 cust_name、cust_cert_type、cust_cert_code 三条字段数据。
3. 模糊匹配结果均展示正确的所属表和资产目录信息，字段列表未混入与关键字无关的 order_amount 记录。","1. 
2. 
3.","","1","功能测试","功能测试阶段","正常","0","2","3","失败","不二","2026-04-13","","0000-00-00","1","",""
"183556","数据资产_STD(#23)","/版本迭代测试用例/v6.4.10/【数据地图】查询优化(#10473)","【数据地图】查询优化(#15698)","数据地图 字段结果页 搜索逻辑与目录联动 验证字段结果页精确匹配搜索与搜索逻辑提示展示正确","已登录系统并具备【元数据 → 数据地图】访问权限；系统已配置资产目录「客户域」「订单域」；「客户域」关联表 customer_info，包含字段 cust_name（客户名称）、cust_cert_type（证件类型）、cust_cert_code（证件号）；「订单域」关联表 order_info，包含字段 order_amount（订单金额）、order_name（订单名称）。","1. 进入【元数据 → 数据地图】页面，切换结果类型到【字段】
2. 将搜索逻辑切换为【精确匹配】，鼠标悬浮搜索逻辑提示图标
3. 在搜索框输入“cust_name”，点击【查询】按钮","1. 字段结果页正常加载，页面展示搜索框、搜索逻辑切换控件、查询按钮、左侧资产目录树、字段结果列表和分页控件。
2. 搜索逻辑显示为【精确匹配】，页面展示提示文案“字段量级较大时建议使用精确匹配”。
3. 结果列表仅展示字段名为“cust_name”的记录，所属表为 customer_info，所属资产目录为「客户域」；列表中不展示 cust_cert_type、cust_cert_code、order_amount 等非精确命中字段。","1. 
2. 
3.","","1","功能测试","功能测试阶段","正常","0","2","3","通过","不二","2026-04-13","","0000-00-00","1","",""
"183433","数据资产_STD(#23)","/版本迭代测试用例/v6.4.10/【通用配置】json格式配置(#10458)","","数据质量 通用配置-json格式校验管理 key删除后关联影响 验证删除已被完整性和有效性校验规则引用的key后规则不受影响","1) 使用 admin 账号登录系统<br>2) 已执行以下 SQL 创建测试表并写入校验通过的数据：<br>   CREATE TABLE quality_test_db.json_ref_key_link_test (<br>     id INT,<br>     info JSON<br>   );<br>   INSERT INTO quality_test_db.json_ref_key_link_test VALUES<br>     (1, &#039;{“refTestKey“:“Alpha“}&#039;),<br>     (2, &#039;{“refTestKey“:“Beta“}&#039;);<br>3) 已在【数据质量 → 通用配置】页面通过【新增】创建 json key 配置：key=refTestKey、中文名称=引用测试key、value格式=^[a-zA-Z]+$、数据源类型=doris3.x","1. 进入【数据质量 → 通用配置】页面，等待json格式校验管理列表数据加载完成
2. 进入【数据质量 → 规则集管理】页面，点击【新建规则集】，在 Step 1 基础信息中配置规则集名称=rule_set_json_config_del_test、关联 Doris 数据源 quality_test_db.json_ref_key_link_test 表，并新增规则包“json格式校验测试包”，点击【下一步】
3. 在 Step 2 监控规则中点击【新增规则】，新增完整性校验规则，配置如下：
- *字段: info
- *统计函数: key范围校验
- *校验方法: 包含
- *校验内容: refTestKey
- 强弱规则: 强规则
- 规则描述: 无
点击规则行【保存】；再点击【新增规则】新增有效性校验规则，配置如下：
- *字段: info
- *统计规则: 格式-json格式校验
- *校验key: refTestKey
- 强弱规则: 强规则
- 规则描述: 无
点击规则行【保存】，再点击页面底部【保存】
4. 进入【数据质量 → 规则任务管理】页面，点击【新建监控规则】，在 Step 1 基础信息中配置规则名称=task_json_config_del_test，并关联同一 Doris 表，点击【下一步】
5. 在 Step 2 监控规则中通过【导入规则包】导入规则集“rule_set_json_config_del_test”的“json格式校验测试包”，点击【下一步】进入 Step 3 调度属性后点击【保存】
6. 返回【数据质量 → 通用配置】页面，在 key 为 refTestKey 的行点击操作列的【删除】按钮
7. 在删除确认弹窗中点击【确认】按钮，等待接口响应完成
8. 进入【数据质量 → 规则集管理】页面，找到 rule_set_json_config_del_test，点击【编辑】进入 Step 2 监控规则查看已配置规则
9. 进入【数据质量 → 规则任务管理】页面，找到 task_json_config_del_test，点击操作列的【立即执行】按钮
10. 进入【数据质量 → 校验结果查询】页面，找到 task_json_config_del_test 最新实例记录并打开实例详情","1. 页面正常加载，列表中显示 key 为 refTestKey 的记录
2. 规则集创建页面正常打开，Step 1 配置项可正常填写，点击【下一步】后进入 Step 2 监控规则
3. 两条规则均保存成功，规则集列表中显示 rule_set_json_config_del_test
4. 规则任务创建页面正常打开，Step 1 配置保存成功并进入 Step 2 监控规则
5. 导入的规则包内容正常展示，任务保存成功，规则任务列表中显示 task_json_config_del_test
6. 弹出确认弹窗，提示文本为「请确认是否删除key信息，若存在子层级key信息会联动删除」
7. 弹窗关闭，列表刷新，refTestKey 记录从列表中消失
8. Step 2 中仍正常展示完整性校验-key范围校验规则和有效性校验-value格式校验规则，规则配置的key范围/value格式字段显示原始配置值，页面未出现因 refTestKey 已删除导致的报错
9. 页面弹出提示信息，提示任务已提交执行
10. 1) 本次执行生成新的实例记录，任务名称与执行时间与本次操作匹配
2) 实例详情中可正常查看完整性校验-key范围校验规则和有效性校验-value格式校验规则的执行结果，任务最新状态为「校验通过」
3) 页面未出现因 refTestKey 已删除导致的异常报错","1. 
2. 
3. 
4. 
5. 
6. 
7. 
8. 
9. 
10.","","1","功能测试","功能测试阶段","正常","0","4","10","阻塞","向林","2026-04-10","","0000-00-00","1","",""
"183432","数据资产_STD(#23)","/版本迭代测试用例/v6.4.10/【通用配置】json格式配置(#10458)","","数据质量 通用配置-json格式校验管理 大数据量场景 验证大数据量场景key记录下载数量是否存在限制","1) 使用 admin 账号登录系统<br>2) json格式校验管理列表中已导入或新增大量key记录（建议500条以上第一层级key）","1. 进入【数据质量 → 通用配置】页面，等待json格式校验管理列表数据加载完成
2. 点击列表右上角【导出】按钮, 等待文件下载完成","1. json格式校验管理页面正常打开，列表加载完成，分页组件显示总记录数
2. 文件下载成功，打开下载的xlsx文件，核对导出的key记录总数与列表中显示的总记录数一致","1. 
2.","","2","功能测试","功能测试阶段","正常","0","1","2","通过","向林","2026-04-10","","0000-00-00","1","",""
"183431","数据资产_STD(#23)","/版本迭代测试用例/v6.4.10/【通用配置】json格式配置(#10458)","","数据质量 通用配置-json格式校验管理 大数据量场景 验证key数量达1000条以上时列表加载和搜索性能正常","1) 使用 admin 账号登录系统<br>2) 使用批量导入功能导入1000条以上key数据（可通过Python脚本生成导入文件后上传）","1. 进入【数据质量 → 通用配置】页面，等待json格式校验管理列表数据加载完成
2. 在搜索框中输入 key500，等待搜索结果返回
3. 点击分页区域的第2页按钮，等待列表数据加载","1. 页面在5秒内加载完成，列表正常展示，分页区域显示总条数为1000以上，每页显示20条
2. 搜索结果在3秒内返回，列表显示包含 key500 的记录
3. 翻页在3秒内完成，列表显示第21-40条数据，页面无卡顿","1. 
2. 
3.","","3","功能测试","功能测试阶段","正常","0","1","3","通过","向林","2026-04-10","","0000-00-00","1","",""
"183430","数据资产_STD(#23)","/版本迭代测试用例/v6.4.10/【通用配置】json格式配置(#10458)","","数据质量 通用配置-json格式校验管理 空列表与分页 验证搜索无结果时的空状态展示","1) 使用 admin 账号登录系统<br>2) json格式校验管理列表中已存在数据","1. 进入【数据质量 → 通用配置】页面，等待json格式校验管理列表数据加载完成
2. 在搜索框中输入 nonExistKeyXyz123，等待搜索结果返回","1. json格式校验管理页面打开，列表显示已有key数据
2. 列表显示空状态「暂无数据」，不显示任何记录行，分页区域显示总条数为0","1. 
2.","","3","功能测试","功能测试阶段","正常","0","1","2","通过","向林","2026-04-10","","0000-00-00","1","",""
"183429","数据资产_STD(#23)","/版本迭代测试用例/v6.4.10/【通用配置】json格式配置(#10458)","","数据质量 通用配置-json格式校验管理 导出 验证筛选后导出仅包含筛选结果数据","1) 使用 admin 账号登录系统<br>2) json格式校验管理列表中已存在由用户 exportUser@dtstack.com 创建的key exportKey1<br>3) 列表中也存在由其他用户创建的数据<br>4) 使用 exportUser 账号登录系统，在json格式校验管理页面创建key exportKey1 数据后退出，切换回 admin 账号登录","1. 进入【数据质量 → 通用配置】页面，等待json格式校验管理列表数据加载完成
2. 在创建人筛选器中选择 exportUser@dtstack.com，等待列表筛选结果返回
3. 点击【导出】按钮，在确认弹窗中点击【确认】，等待文件下载完成","1. json格式校验管理页面打开，列表显示已有key数据
2. 列表仅显示创建人为 exportUser@dtstack.com 的记录
3. 下载文件仅包含创建人为 exportUser@dtstack.com 的记录，不包含其他用户的数据","1. 
2. 
3.","","2","功能测试","功能测试阶段","正常","0","1","3","失败","向林","2026-04-10","","0000-00-00","1","",""
"183428","数据资产_STD(#23)","/版本迭代测试用例/v6.4.10/【通用配置】json格式配置(#10458)","","数据质量 通用配置-json格式校验管理 导出 验证导出列表数据完整流程及文件命名","1) 使用 admin 账号登录系统<br>2) json格式校验管理列表中已存在至少2条数据","1. 进入【数据质量 → 通用配置】页面，等待json格式校验管理列表数据加载完成
2. 点击列表右上角【导出】按钮
3. 点击确认弹窗中的【确认】按钮，等待文件下载完成","1. json格式校验管理页面打开，列表显示已有key数据
2. 弹出确认弹窗，提示文本为「请确认是否导出列表数据」
3. 浏览器下载文件，文件命名为 json_format_YYYYMMDD.xlsx（YYYYMMDD为执行当天日期），打开文件后包含以下列：
1) key
2) 中文名称
3) value格式
4) 数据源类型
5) 创建人
6) 创建时间
7) 更新人
8) 更新时间
9) 层级关系
数据内容与列表一致","1. 
2. 
3.","","1","功能测试","功能测试阶段","正常","0","6","3","失败","向林","2026-04-10","","0000-00-00","1","",""
"183427","数据资产_STD(#23)","/版本迭代测试用例/v6.4.10/【通用配置】json格式配置(#10458)","","数据质量 通用配置-json格式校验管理 导入 验证导入功能正常(重复则跳过, 2~5层上一层key不存在 -> 报错)","1) 使用 admin 账号登录系统<br>2) json格式校验管理列表中不存在key为 noParent 的记录<br>3) 准备 XLSX 导入文件，二层Sheet内容如下：<br>   | *上一层级的key名 | *key       | 中文名称 | value格式 |<br>   | noParent         | orphanKey2 | 孤儿键   | ^test$    |","1. 进入【数据质量 → 通用配置】页面，等待json格式校验管理列表数据加载完成
2. 点击【导入】按钮，确认重复处理规则为「重复则跳过」，上传XLSX文件，点击【确定】按钮，等待接口响应完成","1. json格式校验管理页面正常打开，列表加载完成
2. 导入失败或部分失败，系统提示上一层级key名 noParent 不存在，orphanKey2 未被导入","1. 
2.","","2","功能测试","功能测试阶段","正常","0","1","2","通过","向林","2026-04-10","","0000-00-00","1","",""
"183426","数据资产_STD(#23)","/版本迭代测试用例/v6.4.10/【通用配置】json格式配置(#10458)","","数据质量 通用配置-json格式校验管理 导入 验证导入功能正常(重复则跳过, 2~5层上一层key存在+key不存在 -> 新增N层key)","1) 使用 admin 账号登录系统<br>2) json格式校验管理列表中已有1层key为 parentD（无子层级）<br>3) 准备 XLSX 导入文件，二层Sheet内容如下：<br>   | *上一层级的key名 | *key      | 中文名称 | value格式 |<br>   | parentD          | newChild2 | 新增子键 | ^[a-z]+$  |","1. 进入【数据质量 → 通用配置】页面，等待json格式校验管理列表数据加载完成
2. 点击【导入】按钮，确认重复处理规则为「重复则跳过」，上传XLSX文件，点击【确定】按钮，等待接口响应完成","1. 页面正常加载，parentD 行无「+」展开图标（无子层级）
2. 弹窗关闭，列表刷新，parentD 行出现「+」展开图标，展开后显示新增的子层级 newChild2，中文名称显示「新增子键」，value格式显示 ^[a-z]+$","1. 
2.","","2","功能测试","功能测试阶段","正常","0","1","2","通过","向林","2026-04-10","","0000-00-00","1","",""
"183425","数据资产_STD(#23)","/版本迭代测试用例/v6.4.10/【通用配置】json格式配置(#10458)","","数据质量 通用配置-json格式校验管理 导入 验证导入功能正常(重复则跳过, 2~5层上一层key存在+key存在+value不存在 -> 跳过不变)","1) 使用 admin 账号登录系统<br>2) json格式校验管理列表中已有如下数据：<br>   - 第1层key: parentC<br>   - 第2层key: childC（父级为 parentC，value格式为空）<br>3) 准备 XLSX 导入文件，二层Sheet内容如下：<br>   | *上一层级的key名 | *key   | 中文名称 | value格式 |<br>   | parentC          | childC | 修改子键 | ^[0-9]+$  |","1. 进入【数据质量 → 通用配置】页面，等待json格式校验管理列表数据加载完成
2. 点击【导入】按钮，确认重复处理规则为「重复则跳过」，上传XLSX文件，点击【确定】按钮，等待接口响应完成","1. 页面正常加载，展开 parentC 后 childC 的 value格式显示为空（-）
2. 弹窗关闭，列表刷新，展开 parentC 后 childC 的 value格式仍为空（-），未被更新","1. 
2.","","2","功能测试","功能测试阶段","正常","0","1","2","通过","向林","2026-04-10","","0000-00-00","1","",""
"183424","数据资产_STD(#23)","/版本迭代测试用例/v6.4.10/【通用配置】json格式配置(#10458)","","数据质量 通用配置-json格式校验管理 导入 验证导入功能正常(重复则跳过, 1层key不存在 -> 新增1层key)","1) 使用 admin 账号登录系统<br>2) json格式校验管理列表中不存在key为 skipNewKey1 的记录<br>3) 准备 XLSX 导入文件，一层Sheet内容如下：<br>   | *key        | 中文名称 | value格式 |<br>   | skipNewKey1 | 全新键   | ^\d+$     |","1. 进入【数据质量 → 通用配置】页面，等待json格式校验管理列表数据加载完成
2. 点击【导入】按钮，确认重复处理规则为「重复则跳过」，上传XLSX文件，点击【确定】按钮，等待接口响应完成","1. 页面正常加载，列表中不存在 skipNewKey1
2. 弹窗关闭，列表刷新，新增 skipNewKey1 出现在列表中，中文名称显示「全新键」，value格式显示 ^\d+$","1. 
2.","","2","功能测试","功能测试阶段","正常","0","1","2","通过","向林","2026-04-10","","0000-00-00","1","",""
"183423","数据资产_STD(#23)","/版本迭代测试用例/v6.4.10/【通用配置】json格式配置(#10458)","","数据质量 通用配置-json格式校验管理 导入 验证导入功能正常(重复则跳过, 1层key已存在 -> 跳过不变)","1) 使用 admin 账号登录系统<br>2) json格式校验管理列表中已通过【新增】创建1层key为 skipExist1，value格式为 ^[a-z]+$，中文名称为「原始键」<br>3) 准备 XLSX 导入文件，一层Sheet内容如下：<br>   | *key       | 中文名称 | value格式 |<br>   | skipExist1 | 修改键   | ^[A-Z]+$  |","1. 进入【数据质量 → 通用配置】页面，等待json格式校验管理列表数据加载完成
2. 点击【导入】按钮，确认重复处理规则为「重复则跳过」，上传XLSX文件，点击【确定】按钮，等待接口响应完成","1. 页面正常加载，skipExist1 的 value格式显示 ^[a-z]+$，中文名称显示「原始键」
2. 弹窗关闭，列表刷新，skipExist1 的 value格式仍为 ^[a-z]+$，中文名称仍为「原始键」，未被修改","1. 
2.","","2","功能测试","功能测试阶段","正常","0","1","2","通过","向林","2026-04-10","","0000-00-00","1","",""
"183422","数据资产_STD(#23)","/版本迭代测试用例/v6.4.10/【通用配置】json格式配置(#10458)","","数据质量 通用配置-json格式校验管理 导入 验证导入功能正常(重复则跳过, 1~5层key存在相同 -> 报错)","1) 使用 admin 账号登录系统<br>2) 准备 XLSX 导入文件，一层Sheet中包含两条相同key名的记录：<br>   | *key   | 中文名称 | value格式 |<br>   | dupKey | 重复键一 | ^[a-z]+$  |<br>   | dupKey | 重复键二 | ^[0-9]+$  |","1. 进入【数据质量 → 通用配置】页面，等待json格式校验管理列表数据加载完成
2. 点击【导入】按钮，确认重复处理规则为「重复则跳过」（默认值），上传包含同层级重复key的XLSX文件，点击【确定】按钮","1. json格式校验管理页面正常打开，列表加载完成
2. 导入失败，系统报错提示「同一个层级下的key名不可重复」，列表数据不变","1. 
2.","","2","功能测试","功能测试阶段","正常","0","1","2","通过","向林","2026-04-10","","0000-00-00","1","",""
"183421","数据资产_STD(#23)","/版本迭代测试用例/v6.4.10/【通用配置】json格式配置(#10458)","","数据质量 通用配置-json格式校验管理 导入 验证导入功能正常(重复则覆盖更新, 2~5层上一层key不存在 -> 报错)","1) 使用 admin 账号登录系统<br>2) json格式校验管理列表中不存在key为 missingParent 的记录<br>3) 准备 XLSX 导入文件，二层Sheet内容如下：<br>   | *上一层级的key名 | *key       | 中文名称 | value格式 |<br>   | missingParent    | orphanKey1 | 孤儿键   | ^test$    |","1. 进入【数据质量 → 通用配置】页面，等待json格式校验管理列表数据加载完成
2. 点击【导入】按钮，将重复处理规则切换为「重复则覆盖更新」，上传XLSX文件，点击【确定】按钮，等待接口响应完成","1. json格式校验管理页面正常打开，列表加载完成
2. 导入失败或部分失败，系统提示上一层级key名 missingParent 不存在，orphanKey1 未被导入","1. 
2.","","2","功能测试","功能测试阶段","正常","0","1","2","通过","向林","2026-04-10","","0000-00-00","1","",""
"183420","数据资产_STD(#23)","/版本迭代测试用例/v6.4.10/【通用配置】json格式配置(#10458)","","数据质量 通用配置-json格式校验管理 导入 验证导入功能正常(重复则覆盖更新, 2~5层上一层key存在+key不存在 -> 新增N层key)","1) 使用 admin 账号登录系统<br>2) json格式校验管理列表中已有1层key为 parentB（无子层级）<br>3) 准备 XLSX 导入文件，二层Sheet内容如下：<br>   | *上一层级的key名 | *key      | 中文名称 | value格式 |<br>   | parentB          | newChild1 | 新增子键 | ^[a-z]+$  |","1. 进入【数据质量 → 通用配置】页面，等待json格式校验管理列表数据加载完成
2. 点击【导入】按钮，将重复处理规则切换为「重复则覆盖更新」，上传XLSX文件，点击【确定】按钮，等待接口响应完成","1. 页面正常加载，parentB 行无「+」展开图标（无子层级）
2. 弹窗关闭，列表刷新，parentB 行出现「+」展开图标，展开后显示新增的子层级 newChild1，中文名称显示「新增子键」，value格式显示 ^[a-z]+$","1. 
2.","","2","功能测试","功能测试阶段","正常","0","1","2","通过","向林","2026-04-10","","0000-00-00","1","",""
"183419","数据资产_STD(#23)","/版本迭代测试用例/v6.4.10/【通用配置】json格式配置(#10458)","","数据质量 通用配置-json格式校验管理 导入 验证导入功能正常(重复则覆盖更新, 2~5层上一层key存在+key存在+value不存在 -> 更新N层value)","1) 使用 admin 账号登录系统<br>2) json格式校验管理列表中已有如下数据：<br>   - 第1层key: parentA<br>   - 第2层key: childA（父级为 parentA，value格式为空）<br>3) 准备 XLSX 导入文件，二层Sheet内容如下：<br>   | *上一层级的key名 | *key   | 中文名称   | value格式 |<br>   | parentA          | childA | 更新子键   | ^[0-9]+$  |","1. 进入【数据质量 → 通用配置】页面，等待json格式校验管理列表数据加载完成
2. 点击【导入】按钮，将重复处理规则切换为「重复则覆盖更新」，上传XLSX文件，点击【确定】按钮，等待接口响应完成","1. 页面正常加载，展开 parentA 后 childA 的 value格式显示为空（-）
2. 弹窗关闭，列表刷新，展开 parentA 后 childA 的 value格式更新为 ^[0-9]+$，中文名称更新为「更新子键」","1. 
2.","","2","功能测试","功能测试阶段","正常","0","1","2","失败","向林","2026-04-10","","0000-00-00","1","",""
"183418","数据资产_STD(#23)","/版本迭代测试用例/v6.4.10/【通用配置】json格式配置(#10458)","","数据质量 通用配置-json格式校验管理 导入 验证导入功能正常(重复则覆盖更新, 1层key不存在 -> 新增1层key)","1) 使用 admin 账号登录系统<br>2) json格式校验管理列表中不存在key为 brandNewKey1 的记录<br>3) 准备 XLSX 导入文件，一层Sheet内容如下：<br>   | *key         | 中文名称 | value格式 |<br>   | brandNewKey1 | 全新键   | ^\d+$     |","1. 进入【数据质量 → 通用配置】页面，等待json格式校验管理列表数据加载完成
2. 点击【导入】按钮，将重复处理规则切换为「重复则覆盖更新」，上传XLSX文件，点击【确定】按钮，等待接口响应完成","1. 页面正常加载，列表中不存在 brandNewKey1
2. 弹窗关闭，列表刷新，新增 brandNewKey1 出现在列表中，中文名称显示「全新键」，value格式显示 ^\d+$","1. 
2.","","2","功能测试","功能测试阶段","正常","0","1","2","通过","向林","2026-04-10","","0000-00-00","1","",""
"183417","数据资产_STD(#23)","/版本迭代测试用例/v6.4.10/【通用配置】json格式配置(#10458)","","数据质量 通用配置-json格式校验管理 导入 验证导入功能正常(重复则覆盖更新, 1层key已存在 -> 更新1层key)","1) 使用 admin 账号登录系统<br>2) json格式校验管理列表中已通过【新增】创建1层key为 existKey1，value格式为 ^[a-z]+$，中文名称为「原始键」<br>3) 准备 XLSX 导入文件，一层Sheet内容如下：<br>   | *key      | 中文名称 | value格式  |<br>   | existKey1 | 更新键   | ^[A-Z]+$   |","1. 进入【数据质量 → 通用配置】页面，等待json格式校验管理列表数据加载完成
2. 点击【导入】按钮，将重复处理规则切换为「重复则覆盖更新」，上传XLSX文件，点击【确定】按钮，等待接口响应完成","1. 页面正常加载，existKey1 的 value格式显示 ^[a-z]+$，中文名称显示「原始键」
2. 弹窗关闭，列表刷新，existKey1 的 value格式更新为 ^[A-Z]+$，中文名称更新为「更新键」","1. 
2.","","2","功能测试","功能测试阶段","正常","0","1","2","通过","向林","2026-04-10","","0000-00-00","1","",""
"183416","数据资产_STD(#23)","/版本迭代测试用例/v6.4.10/【通用配置】json格式配置(#10458)","","数据质量 通用配置-json格式校验管理 导入 验证导入功能正常(重复则覆盖更新, 1~5层key存在相同 -> 报错)","1) 使用 admin 账号登录系统<br>2) 准备 XLSX 导入文件，一层Sheet中包含两条相同key名的记录：<br>   | *key   | 中文名称 | value格式 |<br>   | dupKey | 重复键一 | ^[a-z]+$  |<br>   | dupKey | 重复键二 | ^[0-9]+$  |","1. 进入【数据质量 → 通用配置】页面，等待json格式校验管理列表数据加载完成
2. 点击【导入】按钮，将重复处理规则切换为「重复则覆盖更新」，上传包含同层级重复key的XLSX文件，点击【确定】按钮","1. json格式校验管理页面正常打开，列表加载完成
2. 导入失败，系统报错提示「同一个层级下的key名不可重复」，列表数据不变","1. 
2.","","2","功能测试","功能测试阶段","正常","0","1","2","通过","向林","2026-04-10","","0000-00-00","1","",""
"183415","数据资产_STD(#23)","/版本迭代测试用例/v6.4.10/【通用配置】json格式配置(#10458)","","数据质量 通用配置-json格式校验管理 导入 验证导入非xlsx格式文件时报错","1) 使用 admin 账号登录系统<br>2) 准备一个非xlsx格式的文件，如 test_import.csv 或 test_import.txt","1. 进入【数据质量 → 通用配置】页面，等待json格式校验管理列表数据加载完成
2. 点击列表右上角【导入】按钮，在导入弹窗的文件上传区域选择 test_import.csv 文件","1. json格式校验管理页面正常打开，列表加载完成
2. 系统拒绝上传或提示文件格式错误，仅支持xlsx格式文件","1. 
2.","","2","功能测试","功能测试阶段","正常","0","1","2","通过","向林","2026-04-10","","0000-00-00","1","",""
"183414","数据资产_STD(#23)","/版本迭代测试用例/v6.4.10/【通用配置】json格式配置(#10458)","","数据质量 通用配置-json格式校验管理 导入 验证导入文件二层key上一层级key名无法匹配时标红并批注提示","1) 使用 admin 账号登录系统<br>2) 准备 XLSX 导入文件，文件内容如下:<br>   一层 Sheet:<br>   | *key      | 中文名称 | value格式 |<br>   | realKey1  | 真实键   |           |<br><br>   二层 Sheet:<br>   | *上一层级的key名   | *key       | 中文名称 | value格式 |<br>   | nonExistParentKey  | orphanKey  | 孤儿键   |           |","1. 进入【数据质量 → 通用配置】页面，等待json格式校验管理列表数据加载完成
2. 点击【导入】按钮，上传二层Sheet中上一层级key为 nonExistParentKey 的XLSX文件，点击【确定】按钮，等待校验完成
3. 点击导出错误文件入口，等待文件下载完成，打开下载的错误文件","1. json格式校验管理页面打开，列表显示已有key数据
2. 弹窗提示「导入表格中存在错误数据，请检查后重新导入」，并提供【导出错误文件】入口，无法完成导入
3. 二层Sheet中「\*上一层级的key名」为 nonExistParentKey 的单元格显示红色标注，批注内容为「上一层级无相同key名匹配」","1. 
2. 
3.","","2","功能测试","功能测试阶段","正常","0","1","3","通过","向林","2026-04-10","","0000-00-00","1","",""
"183413","数据资产_STD(#23)","/版本迭代测试用例/v6.4.10/【通用配置】json格式配置(#10458)","","数据质量 通用配置-json格式校验管理 导入 验证导入文件必填项未填写时标红并批注必填项未填写","1) 使用 admin 账号登录系统<br>2) 准备 XLSX 导入文件，文件内容如下:<br>   一层 Sheet:<br>   | *key | 中文名称 | value格式 |<br>   |      | 缺失键名 | ^\d+$    |","1. 进入【数据质量 → 通用配置】页面，等待json格式校验管理列表数据加载完成
2. 点击【导入】按钮，上传key列为空的XLSX文件，点击【确定】按钮，等待校验完成
3. 点击导出错误文件入口，等待文件下载完成，打开下载的错误文件","1. json格式校验管理页面打开，列表显示已有key数据
2. 弹窗提示「导入表格中存在错误数据，请检查后重新导入」，并提供【导出错误文件】入口，无法完成导入
3. key列为空的单元格显示红色标注，批注内容为「必填项未填写」","1. 
2. 
3.","","2","功能测试","功能测试阶段","正常","0","1","3","通过","向林","2026-04-10","","0000-00-00","1","",""
"183412","数据资产_STD(#23)","/版本迭代测试用例/v6.4.10/【通用配置】json格式配置(#10458)","","数据质量 通用配置-json格式校验管理 导入 验证导入文件key名超255字符时标红并批注长度超限","1) 使用 admin 账号登录系统<br>2) 准备 XLSX 导入文件，文件内容如下:<br>   一层 Sheet:<br>   | *key                 | 中文名称 | value格式 |<br>   | bbb...（256个字母b）  | 超限测试 |           |","1. 进入【数据质量 → 通用配置】页面，等待json格式校验管理列表数据加载完成
2. 点击【导入】按钮，上传包含256字符key的XLSX文件，点击【确定】按钮，等待校验完成
3. 点击导出错误文件入口，等待文件下载完成","1. json格式校验管理页面打开，列表显示已有key数据
2. 弹窗提示「导入表格中存在错误数据，请检查后重新导入」，并提供导出错误文件的入口，无法完成导入
3. 下载文件命名为 json_format_error_YYYYMMDD.xlsx（YYYYMMDD为执行当天日期），打开文件后256字符key所在单元格显示红色标注，批注内容为「长度超限」","1. 
2. 
3.","","2","功能测试","功能测试阶段","正常","0","1","3","失败","向林","2026-04-10","","0000-00-00","1","",""
"183411","数据资产_STD(#23)","/版本迭代测试用例/v6.4.10/【通用配置】json格式配置(#10458)","","数据质量 通用配置-json格式校验管理 导入 验证重复处理规则「重复则跳过」对已存在key不覆盖","1) 使用 admin 账号登录系统<br>2) json格式校验管理列表中已通过【新增】创建key为 skipKey、value格式为 ^[a-z]+$ 的记录<br>3) 准备 XLSX 导入文件，文件内容如下:<br>   一层 Sheet:<br>   | *key    | 中文名称 | value格式  |<br>   | skipKey | 跳过键   | ^[A-Z]+$   |","1. 进入【数据质量 → 通用配置】页面，等待json格式校验管理列表数据加载完成
2. 点击【导入】按钮，在导入弹窗中确认重复处理规则为「重复则跳过」（默认值），上传包含key skipKey（value格式为 ^[A-Z]+$）的XLSX文件，点击【确定】按钮，等待接口响应完成","1. 页面正常加载，skipKey 记录的value格式显示 ^[a-z]+$
2. 弹窗关闭，列表刷新，skipKey 记录的value格式仍为 ^[a-z]+$，未被覆盖","1. 
2.","","2","功能测试","功能测试阶段","正常","0","1","2","通过","向林","2026-04-10","","0000-00-00","1","",""
"183410","数据资产_STD(#23)","/版本迭代测试用例/v6.4.10/【通用配置】json格式配置(#10458)","","数据质量 通用配置-json格式校验管理 导入 验证重复处理规则「重复则覆盖更新」生效","1) 使用 admin 账号登录系统<br>2) json格式校验管理列表中已通过【新增】创建key为 existKey、value格式为 ^[a-z]+$ 的记录<br>3) 准备 XLSX 导入文件，文件内容如下:<br>   一层 Sheet:<br>   | *key     | 中文名称 | value格式  |<br>   | existKey | 已有键   | ^[A-Z]+$   |","1. 进入【数据质量 → 通用配置】页面，等待json格式校验管理列表数据加载完成
2. 点击【导入】按钮，在导入弹窗中将重复处理规则切换为「重复则覆盖更新」，上传包含key existKey（value格式为 ^[A-Z]+$）的XLSX文件，点击【确定】按钮，等待接口响应完成","1. 页面正常加载，existKey 记录的value格式显示 ^[a-z]+$
2. 弹窗关闭，列表刷新，existKey 记录的value格式更新为 ^[A-Z]+$","1. 
2.","","2","功能测试","功能测试阶段","正常","0","1","2","通过","向林","2026-04-10","","0000-00-00","1","",""
"183409","数据资产_STD(#23)","/版本迭代测试用例/v6.4.10/【通用配置】json格式配置(#10458)","","数据质量 通用配置-json格式校验管理 导入 验证导入模板下载功能","1) 使用 admin 账号登录系统","1. 进入【数据质量 → 通用配置】页面，等待json格式校验管理列表数据加载完成
2. 点击【导入】按钮，在导入弹窗中点击【下载模板】链接，等待文件下载完成","1. json格式校验管理页面打开，列表显示已有key数据
2. 浏览器下载文件，文件命名为 json_format_import_template.xlsx，打开文件后包含5个Sheet（分别对应一层、二层、三层、四层、五层）：
1) 一层Sheet包含「*key」、「中文名称」、「value格式」列
2) 二至五层Sheet各自包含「*上一层级的key名」、「\*key」、「中文名称」、「value格式」列","1. 
2.","","2","功能测试","功能测试阶段","正常","0","1","2","通过","向林","2026-04-10","","0000-00-00","1","",""
"183408","数据资产_STD(#23)","/版本迭代测试用例/v6.4.10/【通用配置】json格式配置(#10458)","","数据质量 通用配置-json格式校验管理 导入 验证导入正确文件全流程（重复则跳过）","1) 使用 admin 账号登录系统<br>2) 准备符合模板格式的 XLSX 文件 json_format_import_template.xlsx，文件内容如下:<br>   一层 Sheet:<br>   | *key       | 中文名称   | value格式      |<br>   | importKey1 | 导入键一   | ^[a-z]+$       |<br>   | importKey2 | 导入键二   |                |<br><br>   二层 Sheet:<br>   | *上一层级的key名 | *key         | 中文名称     | value格式  |<br>   | importKey1       | subImport1   | 子导入键一   | ^\d+$     |","1. 进入【数据质量 → 通用配置】页面，等待json格式校验管理列表数据加载完成
2. 点击列表右上角【导入】按钮
3. 确认重复处理规则为默认「重复则跳过」，在文件上传区域上传 json_format_import_template.xlsx 文件，点击【确定】按钮，等待校验和导入接口响应完成","1. json格式校验管理页面打开，列表显示已有key数据
2. 弹出导入弹窗，标题为「导入标准」，包含「重复处理规则」选项（默认选中「重复则跳过」）和文件上传区域
3. 弹窗关闭，列表刷新，导入文件中的key数据成功出现在列表中：
1) importKey1 出现在列表第一层级，中文名称显示「导入键一」，value格式显示 ^[a-z]+$
2) importKey2 出现在列表第一层级，中文名称显示「导入键二」
3) importKey1 展开后显示子层级 subImport1，中文名称显示「子导入键一」
4) importKey2的value格式列显示为空（-）","1. 
2. 
3.","","1","功能测试","功能测试阶段","正常","0","5","3","通过","向林","2026-04-10","","0000-00-00","1","",""
"183407","数据资产_STD(#23)","/版本迭代测试用例/v6.4.10/【通用配置】json格式配置(#10458)","","数据质量 通用配置-json格式校验管理 正则测试 验证value格式有内容时正则测试控件显示及匹配通过失败场景","1) 使用 admin 账号登录系统<br>2) 进入json格式校验管理页面","1. 进入【数据质量 → 通用配置】页面，等待json格式校验管理列表数据加载完成
2. 点击【新增】按钮，在弹窗中key输入框填写 regexTestKey，value格式输入框保持为空，查看弹窗内容
3. 在value格式输入框中填写 ^\d{6}$，查看弹窗变化
4. 在「测试数据」输入框中填写 123456，点击【正则匹配测试】按钮
5. 清空「测试数据」输入框，填写 abcdef，点击【正则匹配测试】按钮
6. 清空value格式输入框内容，查看弹窗变化","1. json格式校验管理页面打开，列表显示已有key数据
2. 弹窗中不显示「测试数据」输入框和「正则匹配测试」按钮
3. 弹窗动态显示「测试数据」输入框和「正则匹配测试」按钮
4. 显示匹配结果为「匹配成功」
5. 显示匹配结果为「匹配失败」
6. 「测试数据」输入框和「正则匹配测试」按钮隐藏","1. 
2. 
3. 
4. 
5. 
6.","","2","功能测试","功能测试阶段","正常","0","1","6","失败","向林","2026-04-10","","0000-00-00","1","",""
"183406","数据资产_STD(#23)","/版本迭代测试用例/v6.4.10/【通用配置】json格式配置(#10458)","","数据质量 通用配置-json格式校验管理 层级展开 验证5层层级展开下钻及展开图标显示逻辑","1) 使用 admin 账号登录系统<br>2) 在json格式校验管理列表中已通过逐层【新增子层级】创建5层嵌套数据：<br>   - 第1层key: rootKey<br>   - 第2层key: level2Key（父级为 rootKey）<br>   - 第3层key: level3Key（父级为 level2Key）<br>   - 第4层key: level4Key（父级为 level3Key）<br>   - 第5层key: level5Key（父级为 level4Key）<br>3) 已通过【新增】创建key为 leafKey 的记录（无子层级）","1. 进入【数据质量 → 通用配置】页面，等待json格式校验管理列表数据加载完成
2. 点击 rootKey 行的「+」图标
3. 点击 level2Key 行的「+」图标
4. 点击 level3Key 行的「+」图标
5. 点击 level4Key 行的「+」图标","1. rootKey 行显示「+」展开图标，leafKey 行不显示「+」图标，列表展示条数按最外层级统计
2. 仅展开当前子层级：显示第二层级子节点 level2Key，level2Key 行显示「+」图标（表明还有下级），不会自动展开 level2Key 以下的更深层级
3. 仅展开当前子层级：显示第三层级子节点 level3Key，level3Key 行显示「+」图标
4. 仅展开当前子层级：显示第四层级子节点 level4Key，level4Key 行显示「+」图标
5. level4Key 展开，显示第五层级子节点 level5Key，level5Key 行无「+」图标（已是最末层级，第5层不支持新增子层级）","1. 
2. 
3. 
4. 
5.","","2","功能测试","功能测试阶段","正常","0","1","5","通过","向林","2026-04-10","","0000-00-00","1","",""
"183405","数据资产_STD(#23)","/版本迭代测试用例/v6.4.10/【通用配置】json格式配置(#10458)","","数据质量 通用配置-json格式校验管理 搜索与筛选 验证数据源类型筛选功能","1) 使用 admin 账号登录系统<br>2) json格式校验管理列表中已存在由用户 admin@dtstack.com 创建的key记录，以及由用户 testUser01@dtstack.com 创建的key记录<br>3) 使用 testUser01 账号登录并在json格式校验管理页面创建对应key数据","1. 进入【数据质量 → 通用配置】页面，等待json格式校验管理列表数据加载完成
2. 在数据源类型筛选器中选择 SparkThrift，等待筛选结果返回
3. 清空筛选条件
4. 依次切换Hive、Doris","1. json格式校验管理页面打开，列表显示已有key数据
2. 列表仅显示数据源类型为 SparkThrift的记录
3. 列表恢复显示所有记录
4. 筛选功能正常","1. 
2. 
3. 
4.","","2","功能测试","功能测试阶段","正常","0","1","4","通过","向林","2026-04-10","","0000-00-00","1","",""
"183404","数据资产_STD(#23)","/版本迭代测试用例/v6.4.10/【通用配置】json格式配置(#10458)","","数据质量 通用配置-json格式校验管理 搜索与筛选 验证key名模糊搜索功能（含子层级key命中）","1) 使用 admin 账号登录系统<br>2) 在json格式校验管理列表中已通过【新增】创建key为 orderInfo 的第一层级记录<br>3) 已通过【新增子层级】为 orderInfo 创建子层级key为 orderStatus 的第二层级记录","1. 进入【数据质量 → 通用配置】页面，等待json格式校验管理列表数据加载完成
2. 在搜索框中输入 orderInfo，等待搜索结果返回
3. 清空搜索框，重新输入 orderStatus（子层级key名），等待搜索结果返回
4. 清空搜索框，等待列表恢复","1. 页面正常加载，列表显示所有第一层级数据
2. 列表仅显示key包含 orderInfo 的第一层级记录，key名称中不含 orderInfo 的记录均不显示
3. 列表展示命中子层级的父级记录 orderInfo，点击「+」后可见 orderStatus 子层级记录
4. 列表恢复显示所有第一层级数据","1. 
2. 
3. 
4.","","2","功能测试","功能测试阶段","正常","0","1","4","通过","向林","2026-04-10","","0000-00-00","1","",""
"183403","数据资产_STD(#23)","/版本迭代测试用例/v6.4.10/【通用配置】json格式配置(#10458)","","数据质量 通用配置-json格式校验管理 删除key 验证批量删除多条key（含子层级）","1) 使用 admin 账号登录系统<br>2) 在json格式校验管理列表中已通过【新增】创建key为 batchKey1 的记录，并通过【新增子层级】为其创建子层级key为 batchKey1Child<br>3) 已通过【新增】创建key为 batchKey2 的记录（无子层级）","1. 进入【数据质量 → 通用配置】页面，等待json格式校验管理列表数据加载完成
2. 在列表中勾选 batchKey1 和 batchKey2 两行的行选择框
3. 点击【批量删除】按钮
4. 点击确认弹窗中的【确认】按钮，等待接口响应完成","1. json格式校验管理页面打开，列表显示已有key数据
2. 两行均显示勾选状态，列表上方出现批量操作栏
3. 弹出确认弹窗，提示文本为「请确认是否批量删除key信息，若存在子层级key信息会联动删除」
4. 弹窗关闭，列表刷新，batchKey1、batchKey2 均从列表消失，batchKey1 的子层级 batchKey1Child 也不再存在","1. 
2. 
3. 
4.","","2","功能测试","功能测试阶段","正常","0","1","4","通过","向林","2026-04-10","","0000-00-00","1","",""
"183402","数据资产_STD(#23)","/版本迭代测试用例/v6.4.10/【通用配置】json格式配置(#10458)","","数据质量 通用配置-json格式校验管理 删除key 验证单个删除含子层级的key会联动删除子层级数据","1) 使用 admin 账号登录系统<br>2) 在json格式校验管理中已通过【新增】创建key为 deleteParent 的记录，并通过【新增子层级】为其创建子层级key为 deleteChild","1. 进入【数据质量 → 通用配置】页面，等待json格式校验管理列表数据加载完成
2. 在key为 deleteParent 的行，点击操作列的【删除】按钮
3. 点击确认弹窗中的【确认】按钮，等待接口响应完成","1. 页面正常加载，deleteParent 记录在列表中显示「+」图标
2. 弹出确认弹窗，提示文本为「请确认是否删除key信息，若存在子层级key信息会联动删除」
3. 弹窗关闭，列表刷新，deleteParent 记录从列表中消失，子层级 deleteChild 也不再存在","1. 
2. 
3.","","1","功能测试","功能测试阶段","正常","0","5","3","通过","向林","2026-04-10","","0000-00-00","1","",""
"183401","数据资产_STD(#23)","/版本迭代测试用例/v6.4.10/【通用配置】json格式配置(#10458)","","数据质量 通用配置-json格式校验管理 新增子层级 验证第5层级不显示新增子层级按钮","1) 使用 admin 账号登录系统<br>2) 在json格式校验管理中已通过逐层【新增子层级】创建5层嵌套层级数据：<br>   - 第1层key: level1Root<br>   - 第2层key: level2Node（父级为 level1Root）<br>   - 第3层key: level3Node（父级为 level2Node）<br>   - 第4层key: level4Node（父级为 level3Node）<br>   - 第5层key: level5Key（父级为 level4Node）","1. 进入【数据质量 → 通用配置】页面，等待json格式校验管理列表数据加载完成
2. 逐层点击「+」展开，依次展开第1层 level1Root 到第4层 level4Node，找到第5层key为 level5Key 的记录，查看其操作列","1. json格式校验管理页面打开，列表显示已有key数据
2. 第5层 level5Key 记录的操作列中，仅显示【编辑】和【删除】按钮，不显示【新增子层级】按钮","1. 
2.","","2","功能测试","功能测试阶段","正常","0","1","2","通过","向林","2026-04-10","","0000-00-00","1","",""
"183400","数据资产_STD(#23)","/版本迭代测试用例/v6.4.10/【通用配置】json格式配置(#10458)","","数据质量 通用配置-json格式校验管理 新增子层级 验证新增子层级完整流程","1) 使用 admin 账号登录系统<br>2) 在json格式校验管理列表中已通过【新增】创建key为 parentKey 的第一层级记录","1. 进入【数据质量 → 通用配置】页面，等待json格式校验管理列表数据加载完成
2. 在key为 parentKey 的行，点击操作列的【新增子层级】按钮
3. 在弹窗中填写表单, 内容如下:
- *key: childKey
- *中文名称: 子层级键
- value格式: ^[0-9]+$
点击【确定】按钮，等待接口响应完成","1. 页面正常加载，列表显示 parentKey 记录
2. 弹出弹窗，标题为「新增子层级」，包含以下字段：
1) key（必填）
2) 中文名称（非必填）
3) value格式（非必填）
弹窗中不包含数据源类型选项
3. 弹窗关闭，列表刷新，parentKey 行显示「+」展开图标，点击「+」后展开子层级，可见key为 childKey 的子层级记录：
1) 中文名称显示「子层级键」
2) value格式显示 ^[0-9]+$","1. 
2. 
3.","","2","功能测试","功能测试阶段","正常","0","1","3","通过","向林","2026-04-10","","0000-00-00","1","",""
"183399","数据资产_STD(#23)","/版本迭代测试用例/v6.4.10/【通用配置】json格式配置(#10458)","","数据质量 通用配置-json格式校验管理 编辑key 验证编辑key名称、value格式、数据源类型并保存生效","1) 使用 admin 账号登录系统<br>2) 在json格式校验管理列表中已通过【新增】创建key为 editTarget、数据源类型为「sparkthrift2.x」的记录","1. 进入【数据质量 → 通用配置】页面，等待json格式校验管理列表数据加载完成
2. 在key为 editTarget 的行，点击操作列的【编辑】按钮
3. 在编辑弹窗中修改表单, 内容如下:
- *key: editTargetV2
- value格式: ^\d{4}$
- 数据源类型: doris3.x
点击【确定】按钮，等待接口响应完成","1. 页面正常加载，列表显示key editTarget 的记录
2. 弹出编辑弹窗，key输入框显示当前值「editTarget」，value格式、数据源类型显示当前值
3. 弹窗关闭，列表刷新，原key editTarget 记录更新为：
1) key显示 editTargetV2
2) value格式显示 ^\d{4}$
3) 数据源类型显示「doris3.x」
4) 更新人为 admin（当前登录用户）
5) 更新时间字段不为空，且晚于编辑操作前的时间","1. 
2. 
3.","","2","功能测试","功能测试阶段","正常","0","1","3","通过","向林","2026-04-10","","0000-00-00","1","",""
"183398","数据资产_STD(#23)","/版本迭代测试用例/v6.4.10/【通用配置】json格式配置(#10458)","","数据质量 通用配置-json格式校验管理 新增key 验证新增key表单中切换数据源类型后清空表单内容","1) 使用 admin 账号登录系统","1. 进入【数据质量 → 通用配置】页面，等待json格式校验管理列表数据加载完成
2. 点击【新增】按钮，在弹窗中填写表单内容如下：
- *key: switchTest
- 中文名称: 切换测试
- value格式: ^[a-z]+$
- 数据源类型: sparkthrift2.x（默认值）
3. 将数据源类型下拉框从「sparkthrift2.x」切换为「hive2.x」","1. json格式校验管理页面正常打开，列表加载完成
2. 各字段显示已填写的内容，数据源类型显示「sparkthrift2.x」
3. 数据源类型切换为「hive2.x」，表单中其他字段（key、中文名称、value格式）内容被清空，恢复为初始空状态","1. 
2. 
3.","","2","功能测试","功能测试阶段","正常","0","1","3","通过","向林","2026-04-10","","0000-00-00","1","",""
"183397","数据资产_STD(#23)","/版本迭代测试用例/v6.4.10/【通用配置】json格式配置(#10458)","","数据质量 通用配置-json格式校验管理 新增key 验证新增key时数据源类型三种选项可正常切换","1) 使用 admin 账号登录系统","1. 进入【数据质量 → 通用配置】页面，等待json格式校验管理列表数据加载完成
2. 点击【新增】按钮，查看数据源类型下拉框的默认值及可选项
3. 依次点击选择「hive2.x」，再选择「doris3.x」，再选回「sparkthrift2.x」
4. 填写表单, 内容如下:
- *key: typeTestKey
- 数据源类型: doris3.x
点击【确定】按钮，等待接口响应完成","1. 页面标题显示「json格式校验管理」，列表加载完成，显示已有key数据行
2. 数据源类型默认值为「sparkthrift2.x」，下拉可选项包含且仅包含：
1) sparkthrift2.x
2) hive2.x
3) doris3.x
3. 下拉框当前值显示为所选数据源类型名称
4. 弹窗关闭，列表中新增记录数据源类型列显示「doris3.x」","1. 
2. 
3. 
4.","","3","功能测试","功能测试阶段","正常","0","1","4","通过","向林","2026-04-10","","0000-00-00","1","",""
"183396","数据资产_STD(#23)","/版本迭代测试用例/v6.4.10/【通用配置】json格式配置(#10458)","","数据质量 通用配置-json格式校验管理 新增key 验证新增key时key字段输入恰好255字符边界值可成功提交","1) 使用 admin 账号登录系统","1. 进入【数据质量 → 通用配置】页面，等待json格式校验管理列表数据加载完成
2. 点击【新增】按钮，填写表单, 内容如下:
- *key: （字母 a 重复255次）
- 数据源类型: sparkthrift2.x（保持默认）
点击【确定】按钮，等待接口响应完成","1. 页面标题显示「json格式校验管理」，列表加载完成，显示已有key数据行
2. 弹窗关闭，列表刷新，包含255字符key的记录成功出现在列表中","1. 
2.","","2","功能测试","功能测试阶段","正常","0","1","2","失败","向林","2026-04-10","","0000-00-00","1","",""
"183395","数据资产_STD(#23)","/版本迭代测试用例/v6.4.10/【通用配置】json格式配置(#10458)","","数据质量 通用配置-json格式校验管理 新增key 验证新增key时key字段输入超255字符不可提交","1) 使用 admin 账号登录系统","1. 进入【数据质量 → 通用配置】页面，等待json格式校验管理列表数据加载完成
2. 点击【新增】按钮，在key输入框中输入256个字符（字母 a 重复256次），点击【确定】按钮","1. 页面标题显示「json格式校验管理」，列表加载完成，显示已有key数据行
2. 表单校验触发，key输入框显示「长度不能超过255字符」，弹窗不关闭，数据未提交","1. 
2.","","2","功能测试","功能测试阶段","正常","0","1","2","通过","向林","2026-04-10","","0000-00-00","1","",""
"183394","数据资产_STD(#23)","/版本迭代测试用例/v6.4.10/【通用配置】json格式配置(#10458)","","数据质量 通用配置-json格式校验管理 新增key 验证新增key时key字段为空不可提交","1) 使用 admin 账号登录系统","1. 进入【数据质量 → 通用配置】页面，等待json格式校验管理列表数据加载完成
2. 点击【新增】按钮，弹窗出现后填写表单, 内容如下:
- *key: （留空不填）
- 数据源类型: sparkthrift2.x（保持默认）
点击【确定】按钮","1. 页面标题显示「json格式校验管理」，列表加载完成，显示已有key数据行
2. 表单校验触发，key输入框下方显示「请输入key」，弹窗不关闭，数据未提交","1. 
2.","","2","功能测试","功能测试阶段","正常","0","1","2","失败","向林","2026-04-10","","0000-00-00","1","",""
"183393","数据资产_STD(#23)","/版本迭代测试用例/v6.4.10/【通用配置】json格式配置(#10458)","","数据质量 通用配置-json格式校验管理 新增key 验证新增key完整正向流程（含正则测试）","1) 使用 admin 账号登录系统<br>2) 当前数据质量模块通用配置下json格式校验管理列表已存在至少1条数据","1. 进入【数据质量 → 通用配置】页面，等待json格式校验管理列表数据加载完成
2. 点击列表右上角【新增】按钮
3. 在新增弹窗中填写表单, 内容如下:
- *key: userInfo
- *中文名称: 用户信息
- value格式: ^[a-zA-Z]+$
- 数据源类型: hive2.x
4. 在「测试数据」输入框中填写 testValue，点击【正则匹配测试】按钮
5. 点击弹窗【确定】按钮，等待接口响应完成","1. 页面标题显示「json格式校验管理」，列表正常展示，包含以下列：
1) key
2) 中文名称
3) value格式
4) 数据源类型
5) 创建人
6) 创建时间
7) 更新人
8) 更新时间
9) 操作
2. 弹出弹窗，标题为「新增」，包含以下字段：
1) key（必填）
2) 中文名称（非必填）
3) value格式（非必填）
4) 数据源类型（必选，默认选中「sparkthrift2.x」）
弹窗中暂不显示「测试数据」输入框及「正则匹配测试」按钮
3. 各字段输入内容与填写值一致；value格式填写内容后，弹窗内动态显示「测试数据」输入框和「正则匹配测试」按钮
4. 正则匹配测试执行，显示匹配结果为「匹配成功」
5. 弹窗关闭，列表自动刷新，新增的key userInfo 出现在列表中：
1) 数据源类型显示为「hive2.x」
2) 中文名称显示「用户信息」
3) value格式显示 ^[a-zA-Z]+$
4) 创建人为 admin（当前登录用户）","1. 
2. 
3. 
4. 
5.","","1","功能测试","功能测试阶段","正常","1","5","5","通过","向林","2026-04-10","","0000-00-00","1","",""
"183392","数据资产_STD(#23)","/版本迭代测试用例/v6.4.10/【内置规则丰富】有效性，json中key对应的value值格式校验(#10459)","","数据质量 数据质量报告 质量报告展示 验证质量报告中「格式-json格式校验」规则行各列字段展示正确（校验不通过场景）","1) 使用 admin 账号登录系统<br>2) 已在「通用配置 → json格式校验管理」中维护：<br>   - key路径「log-level」，中文名称「日志级别」，value格式正则：^(INFO|WARN|ERROR)$<br>   - key路径「log-code」，中文名称「日志编码」，value格式正则：^[A-Z]{3}\d{5}$<br>3) 已执行以下 SQL 创建测试表并灌入包含不合规数据的数据：<br>   CREATE TABLE quality_test_db.json_report_fail (<br>     id INT,<br>     log_info JSON<br>   );<br>   INSERT INTO quality_test_db.json_report_fail VALUES<br>     (1, &#039;{“log“:{“level“:“INFO“,“code“:“ERR00001“}}&#039;),<br>     (2, &#039;{“log“:{“level“:“DEBUG“,“code“:“invalid“}}&#039;);<br>4) 已通过【数据质量 → 规则集管理】页面完成规则集“rule_set_report_fail_test“创建：Step 1 基础信息中关联 Doris 数据源 quality_test_db.json_report_fail 表，并新增规则包“报告不通过测试包“；点击【下一步】进入 Step 2 监控规则，点击【新增规则】，选择【有效性校验】，配置字段=log_info、统计规则=格式-json格式校验、校验key=log-level 和 log-code、强弱规则=强规则、过滤条件=无、规则描述=无；点击规则行的【保存】按钮，再点击页面底部【保存】，规则集创建成功<br>5) 已通过【数据质量 → 规则任务管理】页面完成任务“报告不通过展示任务“创建：Step 1 基础信息中规则名称=报告不通过展示任务，并关联同一 Doris 表；点击【下一步】进入 Step 2 监控规则，仅通过【导入规则包】导入规则集“rule_set_report_fail_test“的“报告不通过测试包“；点击【下一步】进入 Step 3 调度属性并点击【保存】；随后在任务列表点击【立即执行】，页面弹出提示信息，提示任务已提交执行，且【数据质量 → 校验结果查询】页面已生成该任务最新实例记录，最新校验结果为「校验不通过」","1. 进入【数据质量 → 数据质量报告】页面，等待页面加载完成
2. 找到「报告不通过展示任务」最新一次执行的报告详情并打开
3. 找到「格式-json格式校验」规则行，逐列核对各字段内容","1. 数据质量报告页面正常打开，报告列表加载完成
2. 报告详情页正常打开，数据加载完成
3. 1) 规则类型列=「有效性校验」
2) 规则名称列=「格式-json格式校验」
3) 字段类型列=「json」
4) 质检结果列=「校验不通过」
5) 未通过原因列=「key对应value格式校验未通过」
6) 详情说明列=「不符合规则key为“log-level;log-code“时的value格式要求」
7) 操作列显示「查看详情」链接","1. 
2. 
3.","","1","功能测试","功能测试阶段","正常","0","3","3","通过","向林","2026-04-10","","0000-00-00","1","",""
"183391","数据资产_STD(#23)","/版本迭代测试用例/v6.4.10/【内置规则丰富】有效性，json中key对应的value值格式校验(#10459)","","数据质量 数据质量报告 质量报告展示 验证质量报告中「格式-json格式校验」规则行各列字段展示正确（校验通过场景）","1) 使用 admin 账号登录系统<br>2) 已在「通用配置 → json格式校验管理」中维护 key路径「meta-version」，中文名称「版本号」，value格式正则：^v\d+\.\d+$<br>3) 已执行以下 SQL 创建测试表并灌入合规数据：<br>   CREATE TABLE quality_test_db.json_report_pass (<br>     id INT,<br>     info JSON<br>   );<br>   INSERT INTO quality_test_db.json_report_pass VALUES<br>     (1, &#039;{“meta“:{“version“:“v1.0“}}&#039;),<br>     (2, &#039;{“meta“:{“version“:“v2.3“}}&#039;);<br>4) 已通过【数据质量 → 规则集管理】页面完成规则集“rule_set_report_pass_test“创建：Step 1 基础信息中关联 Doris 数据源 quality_test_db.json_report_pass 表，并新增规则包“报告通过测试包“；点击【下一步】进入 Step 2 监控规则，点击【新增规则】，选择【有效性校验】，配置字段=info、统计规则=格式-json格式校验、校验key=meta-version、强弱规则=强规则、过滤条件=无、规则描述=无；点击规则行的【保存】按钮，再点击页面底部【保存】，规则集创建成功<br>5) 已通过【数据质量 → 规则任务管理】页面完成任务“报告通过展示任务“创建：Step 1 基础信息中规则名称=报告通过展示任务，并关联同一 Doris 表；点击【下一步】进入 Step 2 监控规则，仅通过【导入规则包】导入规则集“rule_set_report_pass_test“的“报告通过测试包“；点击【下一步】进入 Step 3 调度属性并点击【保存】；随后在任务列表点击【立即执行】，页面弹出提示信息，提示任务已提交执行，且【数据质量 → 校验结果查询】页面已生成该任务最新实例记录，最新校验结果为「校验通过」","1. 进入【数据质量 → 数据质量报告】页面，等待页面加载完成
2. 找到「报告通过展示任务」最新一次执行的报告详情并打开
3. 找到「格式-json格式校验」规则行，逐列核对各字段内容","1. 数据质量报告页面正常打开，报告列表加载完成
2. 报告详情页正常打开，数据加载完成
3. 1) 规则类型列=「有效性校验」
2) 规则名称列=「格式-json格式校验」
3) 字段类型列=「json」
4) 质检结果列=「校验通过」
5) 未通过原因列=「--」
6) 详情说明列=「符合规则key为“meta-version“时的value格式要求」
7) 操作列无内容","1. 
2. 
3.","","2","功能测试","功能测试阶段","正常","0","1","3","通过","向林","2026-04-10","","0000-00-00","1","",""
"183390","数据资产_STD(#23)","/版本迭代测试用例/v6.4.10/【内置规则丰富】有效性，json中key对应的value值格式校验(#10459)","","数据质量 校验结果查询 校验明细与日志 验证校验失败时支持查看日志","1) 使用 admin 账号登录系统<br>2) 已通过【数据质量 → 规则集管理】页面配置「格式-json格式校验」规则，并通过【数据质量 → 规则任务管理】页面，点击【新建监控规则】创建任务“日志查看测试任务“，Step 2 仅通过【导入规则包】导入该规则，点击【下一步】进入 Step 3 调度属性，保持默认配置后点击【保存】，任务创建成功<br>3) 已将该任务关联数据源的连接地址修改为不可达地址后执行任务，使【数据质量 → 校验结果查询】页面生成该任务执行状态为「校验失败」的最新实例记录","1. 进入【数据质量 → 校验结果查询】页面，等待页面加载完成
2. 找到「日志查看测试任务」执行状态为「校验失败」的最新实例记录，点击操作列的【查看日志】按钮，等待日志内容加载","1. 校验结果查询页面正常打开，列表加载完成
2. 日志弹窗正常打开，显示本次任务执行的错误日志内容，日志内容包含数据源连接异常的错误描述信息，不显示空白页","1. 
2.","","3","功能测试","功能测试阶段","正常","0","1","2","通过","向林","2026-04-10","","0000-00-00","1","",""
"183389","数据资产_STD(#23)","/版本迭代测试用例/v6.4.10/【内置规则丰富】有效性，json中key对应的value值格式校验(#10459)","","数据质量 校验结果查询 校验明细与日志 验证校验通过时不记录明细数据，查看详情入口不显示","1) 使用 admin 账号登录系统<br>2) 已执行以下 SQL 创建测试表并灌入合规数据：<br>   CREATE TABLE quality_test_db.json_pass_test (<br>     id INT,<br>     info JSON<br>   );<br>   INSERT INTO quality_test_db.json_pass_test VALUES<br>     (1, &#039;{“meta“:{“version“:“v1.0“}}&#039;),<br>     (2, &#039;{“meta“:{“version“:“v2.5“}}&#039;);<br>3) 已在「通用配置 → json格式校验管理」中维护 key路径「meta-version」，中文名称「版本号」，value格式正则：^v\d+\.\d+$<br>4) 已通过【数据质量 → 规则集管理】页面完成规则集“rule_set_pass_test“创建：Step 1 基础信息中关联 Doris 数据源 quality_test_db.json_pass_test 表，并新增规则包“通过场景测试包“；点击【下一步】进入 Step 2 监控规则，点击【新增规则】，选择【有效性校验】，配置字段=info、统计规则=格式-json格式校验、校验key=meta-version、强弱规则=强规则、过滤条件=无、规则描述=无；点击规则行的【保存】按钮，再点击页面底部【保存】，规则集创建成功<br>5) 已通过【数据质量 → 规则任务管理】页面完成任务“通过场景测试任务“创建：Step 1 基础信息中规则名称=通过场景测试任务，并关联同一 Doris 表；点击【下一步】进入 Step 2 监控规则，仅通过【导入规则包】导入规则集“rule_set_pass_test“的“通过场景测试包“；点击【下一步】进入 Step 3 调度属性并点击【保存】；随后在任务列表点击【立即执行】，页面弹出提示信息，提示任务已提交执行，且【数据质量 → 校验结果查询】页面已生成该任务最新实例记录，最新校验结果为「校验通过」","1. 进入【数据质量 → 校验结果查询】页面，等待页面加载完成
2. 找到「通过场景测试任务」最新实例记录并打开实例详情
3. 找到「格式-json格式校验」规则行，查看「质检结果」「未通过原因」「操作」列内容","1. 校验结果查询页面正常打开，列表加载完成
2. 实例详情页面正常打开，数据加载完成
3. 1) 「质检结果」列显示「校验通过」
2) 「未通过原因」列显示「--」
3) 「操作」列不显示「查看详情」链接","1. 
2. 
3.","","1","功能测试","功能测试阶段","正常","0","4","3","通过","向林","2026-04-10","","0000-00-00","1","",""
"183388","数据资产_STD(#23)","/版本迭代测试用例/v6.4.10/【内置规则丰富】有效性，json中key对应的value值格式校验(#10459)","","数据质量 校验结果查询 校验明细与日志 验证校验不通过时明细数据下载功能中校验字段标红","1) 使用 admin 账号登录系统<br>2) 已执行以下 SQL 创建测试表并灌入包含不合规数据的数据：<br>   CREATE TABLE quality_test_db.json_dl_test (<br>     id INT,<br>     payload JSON,<br>     name VARCHAR(255)<br>   );<br>   INSERT INTO quality_test_db.json_dl_test VALUES<br>     (1, &#039;{“product“:{“code“:“AB123456“,“price“:“100.00“}}&#039;, &#039;valid&#039;),<br>     (2, &#039;{“product“:{“code“:“invalid_code“,“price“:“abc“}}&#039;, &#039;invalid&#039;);<br>3) 已在「通用配置 → json格式校验管理」中维护：<br>   - key路径「product-code」，中文名称「产品编码」，value格式正则：^[A-Z]{2}\d{6}$<br>   - key路径「product-price」，中文名称「产品价格」，value格式正则：^\d+\.\d{2}$<br>4) 已通过【数据质量 → 规则集管理】页面完成规则集“rule_set_dl_test“创建：Step 1 基础信息中关联 Doris 数据源 quality_test_db.json_dl_test 表，并新增规则包“下载明细测试包“；点击【下一步】进入 Step 2 监控规则，点击【新增规则】，选择【有效性校验】，配置字段=payload、统计规则=格式-json格式校验、校验key=product-code 和 product-price、强弱规则=强规则、过滤条件=无、规则描述=无；点击规则行的【保存】按钮，再点击页面底部【保存】，规则集创建成功<br>5) 已通过【数据质量 → 规则任务管理】页面完成任务“下载明细测试任务“创建：Step 1 基础信息中规则名称=下载明细测试任务，并关联同一 Doris 表；点击【下一步】进入 Step 2 监控规则，仅通过【导入规则包】导入规则集“rule_set_dl_test“的“下载明细测试包“；点击【下一步】进入 Step 3 调度属性并点击【保存】；随后在任务列表点击【立即执行】，页面弹出提示信息，提示任务已提交执行，且【数据质量 → 校验结果查询】页面已生成该任务最新实例记录，最新校验结果为「校验不通过」","1. 进入【数据质量 → 校验结果查询】页面，等待页面加载完成
2. 找到「下载明细测试任务」最新实例记录并打开实例详情，点击「格式-json格式校验」规则行操作列的【查看详情】，等待明细弹窗加载
3. 在明细弹窗中点击【下载明细数据】按钮，等待文件下载完成
4. 打开下载的 Excel 文件，查看校验字段（payload列）中不符合规则记录的单元格样式","1. 校验结果查询页面正常打开，列表加载完成
2. 明细弹窗打开，显示不符合规则的数据行（id=2 的记录）
3. 文件成功下载，文件格式为 Excel（.xlsx）
4. 文件内容包含全部字段列（id、payload、name）；「payload」列（校验字段）以红色标记展示；其他字段列正常展示","1. 
2. 
3. 
4.","","2","功能测试","功能测试阶段","正常","0","1","4","通过","向林","2026-04-10","","0000-00-00","1","",""
"183387","数据资产_STD(#23)","/版本迭代测试用例/v6.4.10/【内置规则丰富】有效性，json中key对应的value值格式校验(#10459)","","数据质量 规则库配置 规则库-内置规则展示 验证规则库中「格式-json格式校验」内置规则展示信息正确","1) 使用 admin 账号登录系统","1. 进入【数据质量 → 规则库配置】页面，等待内置规则列表加载完成
2. 在「内置规则」列表的搜索框中输入「格式-json格式校验」，点击搜索
3. 导出规则库","1. 规则库页面正常加载，内置规则列表展示完成
2. 搜索结果展示「格式-json格式校验」规则条目，各字段显示：
1) 规则名称=「格式-json格式校验」
2) 规则解释=「格式-json格式校验」
3) 规则分类=「有效性校验」
4) 关联范围=「字段」
5) 规则描述=「校验json类型的字段中key对应的value值是否符合规范要求」
3. 存在格式校验-格式-json格式校验-有效性校验","1. 
2. 
3.","","2","功能测试","功能测试阶段","正常","0","1","3","通过","向林","2026-04-10","","0000-00-00","1","",""
"183386","数据资产_STD(#23)","/版本迭代测试用例/v6.4.10/【内置规则丰富】有效性，json中key对应的value值格式校验(#10459)","","数据质量 规则任务管理 分区场景 验证对分区表配置格式-json格式校验规则后指定分区下的数据校验正确","1) 使用 admin 账号登录系统<br>2) 数据源中心已添加 Hive 2.x 版本数据源「测试数据源_Hive2」并授权给资产平台<br>3) 已在「通用配置 → json格式校验管理」中维护 key路径「part-code」，中文名称「分区编码」，value格式正则：^P\d{4}$<br>4) 已在 Hive 数据源的 hive_test_db 数据库中创建分区表并灌入数据：<br>   CREATE TABLE hive_test_db.json_partition_test (<br>     id INT,<br>     part_info STRING<br>   ) PARTITIONED BY (dt STRING)<br>   ROW FORMAT DELIMITED FIELDS TERMINATED BY &#039;,&#039;;<br>   ALTER TABLE hive_test_db.json_partition_test ADD PARTITION (dt=&#039;2026-04-01&#039;);<br>   ALTER TABLE hive_test_db.json_partition_test ADD PARTITION (dt=&#039;2026-04-02&#039;);<br>   INSERT INTO hive_test_db.json_partition_test PARTITION (dt=&#039;2026-04-01&#039;) VALUES<br>     (1, &#039;{“part“:{“code“:“P0001“}}&#039;),<br>     (2, &#039;{“part“:{“code“:“invalid“}}&#039;);<br>   INSERT INTO hive_test_db.json_partition_test PARTITION (dt=&#039;2026-04-02&#039;) VALUES<br>     (3, &#039;{“part“:{“code“:“P0003“}}&#039;),<br>     (4, &#039;{“part“:{“code“:“P0004“}}&#039;);<br>5) 已通过【数据质量 → 规则集管理】页面完成规则集“rule_set_partition_test“创建：Step 1 基础信息中关联 Hive2.x 数据源的 hive_test_db.json_partition_test 表，并新增规则包“分区校验测试包“；点击【下一步】进入 Step 2 监控规则，点击【新增规则】，选择【有效性校验】，配置字段=part_info（string类型）、统计规则=格式-json格式校验、校验key=part-code、强弱规则=强规则、过滤条件=分区字段 dt = &#039;2026-04-01&#039;、规则描述=无；点击规则行的【保存】按钮，再点击页面底部【保存】，规则集创建成功<br>6) 已通过【数据质量 → 规则任务管理】页面完成任务“分区校验测试任务“创建：Step 1 基础信息中规则名称=分区校验测试任务，并关联同一 Hive 分区表；点击【下一步】进入 Step 2 监控规则，仅通过【导入规则包】导入规则集“rule_set_partition_test“的“分区校验测试包“；点击【下一步】进入 Step 3 调度属性，点击【保存】，任务创建成功","1. 进入【数据质量 → 规则任务管理】页面，等待规则任务列表加载完成
2. 找到「分区校验测试任务」，点击【立即执行】按钮
3. 进入【数据质量 → 校验结果查询】页面，找到「分区校验测试任务」最新实例记录并打开实例详情","1. 规则任务列表正常加载
2. 页面弹出提示信息，提示任务已提交执行
3. 1) 本次执行生成新的实例记录，任务名称与执行时间与本次操作匹配
2) 仅校验 dt='2026-04-01' 分区下的数据（id=1 和 id=2）
3) id=1 记录质检结果=「校验通过」，id=2 记录质检结果=「校验不通过」
4) dt='2026-04-02' 分区的数据（id=3、id=4）不参与本次校验","1. 
2. 
3.","","2","功能测试","功能测试阶段","正常","0","1","3","通过","向林","2026-04-10","","0000-00-00","1","",""
"183385","数据资产_STD(#23)","/版本迭代测试用例/v6.4.10/【内置规则丰富】有效性，json中key对应的value值格式校验(#10459)","","数据质量 规则任务管理 抽样场景 验证配置格式-json格式校验规则时结合抽样功能执行校验结果正确","1) 使用 admin 账号登录系统<br>2) 已在「通用配置 → json格式校验管理」中维护 key路径「sample-code」，中文名称「样本编码」，value格式正则：^S\d{6}$<br>3) 已执行以下 SQL 创建测试表并灌入20条数据：<br>   CREATE TABLE quality_test_db.json_sample_test (<br>     id INT,<br>     sample_info JSON<br>   );<br>   INSERT INTO quality_test_db.json_sample_test VALUES<br>     (1, &#039;{“sample“:{“code“:“S000001“}}&#039;),<br>     (2, &#039;{“sample“:{“code“:“S000002“}}&#039;),<br>     (3, &#039;{“sample“:{“code“:“S000003“}}&#039;),<br>     (4, &#039;{“sample“:{“code“:“S000004“}}&#039;),<br>     (5, &#039;{“sample“:{“code“:“S000005“}}&#039;),<br>     (6, &#039;{“sample“:{“code“:“S000006“}}&#039;),<br>     (7, &#039;{“sample“:{“code“:“S000007“}}&#039;),<br>     (8, &#039;{“sample“:{“code“:“S000008“}}&#039;),<br>     (9, &#039;{“sample“:{“code“:“S000009“}}&#039;),<br>     (10, &#039;{“sample“:{“code“:“S000010“}}&#039;),<br>     (11, &#039;{“sample“:{“code“:“invalid1“}}&#039;),<br>     (12, &#039;{“sample“:{“code“:“invalid2“}}&#039;),<br>     (13, &#039;{“sample“:{“code“:“S000013“}}&#039;),<br>     (14, &#039;{“sample“:{“code“:“S000014“}}&#039;),<br>     (15, &#039;{“sample“:{“code“:“S000015“}}&#039;),<br>     (16, &#039;{“sample“:{“code“:“S000016“}}&#039;),<br>     (17, &#039;{“sample“:{“code“:“S000017“}}&#039;),<br>     (18, &#039;{“sample“:{“code“:“S000018“}}&#039;),<br>     (19, &#039;{“sample“:{“code“:“S000019“}}&#039;),<br>     (20, &#039;{“sample“:{“code“:“S000020“}}&#039;);<br>4) 已通过【数据质量 → 规则集管理】页面完成规则集“rule_set_sample_test“创建：Step 1 基础信息中关联 Doris 数据源 quality_test_db.json_sample_test 表，并新增规则包“抽样校验测试包“；点击【下一步】进入 Step 2 监控规则，点击【新增规则】，选择【有效性校验】，配置字段=sample_info、统计规则=格式-json格式校验、校验key=sample-code、强弱规则=强规则、过滤条件=无、规则描述=无；点击规则行的【保存】按钮，再点击页面底部【保存】，规则集创建成功<br>5) 已通过【数据质量 → 规则任务管理】页面完成任务“抽样校验测试任务“创建：Step 1 基础信息中规则名称=抽样校验测试任务，并关联同一 Doris 表；点击【下一步】进入 Step 2 监控规则，仅通过【导入规则包】导入规则集“rule_set_sample_test“的“抽样校验测试包“，并在任务配置中设置抽样比例为 50%；点击【下一步】进入 Step 3 调度属性并点击【保存】，任务创建成功","1. 进入【数据质量 → 规则任务管理】页面，等待规则任务列表加载完成
2. 找到「抽样校验测试任务」，点击【立即执行】按钮
3. 进入【数据质量 → 校验结果查询】页面，找到「抽样校验测试任务」最新实例记录并打开实例详情","1. 规则任务列表正常加载
2. 页面弹出提示信息，提示任务已提交执行
3. 1) 本次执行生成新的实例记录，任务名称与执行时间与本次操作匹配
2) 实例详情中的统计信息显示参与校验的数据量约为总数据量的 50%（约10条）
3) 「格式-json格式校验」规则行的质检结果正常显示本次抽样后的实际校验结果（id=11、id=12 的无效数据被抽中时结果为「校验不通过」，否则为「校验通过」）
4) 详情说明列准确显示校验key为「sample-code」时的 value 格式要求","1. 
2. 
3.","","2","功能测试","功能测试阶段","正常","0","1","3","通过","向林","2026-04-10","","0000-00-00","1","",""
"183384","数据资产_STD(#23)","/版本迭代测试用例/v6.4.10/【内置规则丰富】有效性，json中key对应的value值格式校验(#10459)","","数据质量 规则任务管理 key删除后关联影响 验证删除已被规则引用的key后value格式预览弹窗和执行校验任务正常","1) 使用 admin 账号登录系统<br>2) 已在「通用配置 → json格式校验管理」中维护以下key：<br>   - key路径「preview-key-x」，中文名称「预览键X」，value格式正则：^[0-9]+$<br>   - key路径「preview-key-y」，中文名称「预览键Y」，value格式正则：^[a-z]+$<br>3) 已执行以下 SQL 创建测试表并灌入数据：<br>   CREATE TABLE quality_test_db.json_preview_del (<br>     id INT,<br>     preview_info JSON<br>   );<br>   INSERT INTO quality_test_db.json_preview_del VALUES<br>     (1, &#039;{“preview“:{“key“:{“x“:“123“,“y“:“abc“}}}&#039;),<br>     (2, &#039;{“preview“:{“key“:{“x“:“456“,“y“:“def“}}}&#039;);<br>4) 已通过【数据质量 → 规则集管理】页面完成规则集“rule_set_preview_del_test“创建：Step 1 基础信息中关联 Doris 数据源 quality_test_db.json_preview_del 表，并新增规则包“key删除预览测试包“；点击【下一步】进入 Step 2 监控规则，点击【新增规则】，选择【有效性校验】，配置字段=preview_info、统计规则=格式-json格式校验、校验key=preview-key-x 和 preview-key-y、强弱规则=强规则、过滤条件=无、规则描述=无；点击规则行的【保存】按钮，再点击页面底部【保存】，规则集创建成功<br>5) 已通过【数据质量 → 规则任务管理】页面完成任务“key删除预览测试任务“创建：Step 1 基础信息中规则名称=key删除预览测试任务，并关联同一 Doris 表；点击【下一步】进入 Step 2 监控规则，仅通过【导入规则包】导入规则集“rule_set_preview_del_test“的“key删除预览测试包“；点击【下一步】进入 Step 3 调度属性，点击【保存】，任务创建成功<br>6) 已在「通用配置 → json格式校验管理」中删除「preview-key-x」","1. 进入【数据质量 → 规则任务管理】页面，等待规则任务列表加载完成
2. 进入【数据质量 → 规则集管理】页面，找到规则集“rule_set_preview_del_test“，点击操作列的【编辑】按钮，进入 Step 2 监控规则页面，找到「格式-json格式校验」规则行，点击「value格式预览」按钮，等待弹窗加载
3. 关闭弹窗，返回规则任务列表，找到「key删除预览测试任务」，点击【立即执行】按钮
4. 进入【数据质量 → 校验结果查询】页面，找到「key删除预览测试任务」最新实例记录并打开实例详情","1. 规则任务列表正常加载
2. 弹窗正常打开，仅展示「preview-key-y」的格式信息，已删除的「preview-key-x」不在列表中
3. 页面弹出提示信息，提示任务已提交执行
4. 1) 本次执行生成新的实例记录，任务名称与执行时间与本次操作匹配
2) 实例状态显示「已完成」，最新校验结果显示「校验通过」
3) 实例详情中「格式-json格式校验」规则的详情说明仅引用「preview-key-y」，不再展示已删除的「preview-key-x」
4) 页面未出现引用已删除 key 的报错信息","1. 
2. 
3. 
4.","","2","功能测试","功能测试阶段","正常","0","1","4","通过","向林","2026-04-10","","0000-00-00","1","",""
"183383","数据资产_STD(#23)","/版本迭代测试用例/v6.4.10/【内置规则丰富】有效性，json中key对应的value值格式校验(#10459)","","数据质量 规则任务管理 key删除后关联影响 验证删除已被有效性规则引用的key后规则配置页面回显和编辑功能正常","1) 使用 admin 账号登录系统<br>2) 已在「通用配置 → json格式校验管理」中维护以下key：<br>   - key路径「del-key-a」，中文名称「待删除键A」，value格式正则：^[A-Z]+$<br>   - key路径「del-key-b」，中文名称「待删除键B」，value格式正则：^\d+$<br>3) 已执行以下 SQL 创建测试表并灌入数据：<br>   CREATE TABLE quality_test_db.json_del_test (<br>     id INT,<br>     del_info JSON<br>   );<br>   INSERT INTO quality_test_db.json_del_test VALUES<br>     (1, &#039;{“del“:{“key“:{“a“:“ABC“,“b“:“123“}}}&#039;);<br>4) 已通过【数据质量 → 规则集管理】创建规则集“rule_set_key_del_test“，关联Doris数据源quality_test_db库json_del_test表，规则包名称“key删除测试包“，点击【下一步】进入 Step 2 监控规则，在规则包中点击【新增规则】，统计函数选择【非空值数】，字段选择 payload，点击规则行【保存】，再点击页面底部【保存】完成规则集创建，在 Step 2 中配置「格式-json格式校验」规则：字段=del_info、校验key=del-key-a和del-key-b，已保存规则集<br>5) 已通过【数据质量 → 规则任务管理】页面完成任务“key删除影响测试任务“创建：Step 1 基础信息中规则名称=key删除影响测试任务，并关联同一 Doris 表；点击【下一步】进入 Step 2 监控规则，仅通过【导入规则包】导入规则集“rule_set_key_del_test“的“key删除测试包“；点击【下一步】进入 Step 3 调度属性，点击【保存】，任务创建成功","1. 进入【通用配置 → json格式校验管理】页面，等待列表加载完成
2. 找到「del-key-a」行，点击操作列的【删除】按钮，在确认弹窗中点击【确定】，等待删除完成
3. 进入【数据质量 → 规则集管理】页面，找到规则集“rule_set_key_del_test“，点击操作列的【编辑】按钮，进入 Step 2 监控规则页面，查看「格式-json格式校验」规则行的「校验key」回显内容
4. 点击该规则行的【编辑】按钮，展开「校验key」下拉框
5. 点击【保存】按钮","1. json格式校验管理页面正常加载，列表中显示「del-key-a」和「del-key-b」
2. 删除成功，列表中不再显示「del-key-a」，仅保留「del-key-b」
3. 规则配置页面正常加载，「校验key」列回显内容中「del-key-a」已从校验key列表中移除，「del-key-b」正常显示
4. 下拉框正常打开，列表中不再显示已删除的「del-key-a」，「del-key-b」显示为已勾选状态
5. 规则保存成功，「校验key」列回显「del-key-b」","1. 
2. 
3. 
4. 
5.","","2","功能测试","功能测试阶段","正常","0","1","5","通过","向林","2026-04-10","","0000-00-00","1","",""
"183382","数据资产_STD(#23)","/版本迭代测试用例/v6.4.10/【内置规则丰富】有效性，json中key对应的value值格式校验(#10459)","","数据质量 规则任务管理 大数据量场景 验证json格式配置中维护上千个key时执行校验与结果展示正常","1) 使用 admin 账号登录系统<br>2) 已在「通用配置 → json格式校验管理」中维护1200条key，其中：<br>   - key路径「perf-key-0001」至「perf-key-1000」，中文名称「性能键0001」至「性能键1000」，每条均配置value格式正则：^.+$（共1000条已配置value格式）<br>   - key路径「perf-novalue-1001」至「perf-novalue-1200」，中文名称「无格式键1001」至「无格式键1200」，未配置value格式（共200条未配置value格式）<br>   通用配置导入文件生成脚本如下:<br><br>   import openpyxl<br><br>   wb = openpyxl.Workbook()<br>   ws1 = wb.active<br>   ws1.title = “一层“<br>   ws1.append([“key“, “中文名称“, “value格式“])<br>   for i in range(1, 1001):<br>       ws1.append([f“perf-key-{i:04d}“, f“性能键{i:04d}“, “^.+$“])<br>   for i in range(1001, 1201):<br>       ws1.append([f“perf-novalue-{i}“, f“无格式键{i}“, ““])<br><br>   wb.save(“json_value_format_import_1200.xlsx“)<br>   print(“已生成 json_value_format_import_1200.xlsx，共1200条key数据（1000条配置value格式+200条未配置）“)<br><br>3) 已执行以下 SQL 创建测试表并灌入数据：<br>   CREATE TABLE quality_test_db.json_perf_test (<br>     id INT,<br>     big_info JSON<br>   );<br>   INSERT INTO quality_test_db.json_perf_test VALUES<br>     (1, &#039;{“perf-key-0001“:“value_1“,“perf-key-0002“:“value_2“}&#039;),<br>     (2, &#039;{“perf-key-0001“:“,“perf-key-0002“:“value_2“}&#039;);<br>   Doris表大量json数据灌数脚本如下:<br><br>   lines = []<br>   lines.append(“CREATE TABLE IF NOT EXISTS quality_test_db.json_perf_test (id INT, big_info JSON);“)<br>   lines.append(“INSERT INTO quality_test_db.json_perf_test VALUES“)<br>   for i in range(1, 1001):<br>       keys = [f&#039;“perf-key-{j:04d}“: “value_{j}“&#039; for j in range(max(1, i-2), min(1001, i+3))]<br>       json_str = “{“ + “, “.join(keys) + “}“<br>       comma = “,“ if i < 1000 else “;“<br>       lines.append(f“  ({i + 100}, &#039;{json_str}&#039;){comma}“)<br><br>   with open(“insert_json_perf_1000.sql“, “w“) as f:<br>       f.write(“\n“.join(lines))<br>   print(“已生成 insert_json_perf_1000.sql，共1000条INSERT记录“)<br><br>4) 已通过【数据质量 → 规则集管理】页面完成规则集“rule_set_perf_test“创建：Step 1 基础信息中关联 Doris 数据源 quality_test_db.json_perf_test 表，并新增规则包“大数据量key校验包“；点击【下一步】进入 Step 2 监控规则，点击【新增规则】，选择【有效性校验】，配置字段=big_info、统计规则=格式-json格式校验、校验key=perf-key-0001 和 perf-key-0002、强弱规则=强规则、过滤条件=无、规则描述=无；点击规则行的【保存】按钮，再点击页面底部【保存】，规则集创建成功<br>5) 已通过【数据质量 → 规则任务管理】页面完成任务“大数据量key校验任务“创建：Step 1 基础信息中规则名称=大数据量key校验任务，并关联同一 Doris 表；点击【下一步】进入 Step 2 监控规则，仅通过【导入规则包】导入规则集“rule_set_perf_test“的“大数据量key校验包“；点击【下一步】进入 Step 3 调度属性，点击【保存】，任务创建成功","1. 进入【数据质量 → 规则任务管理】页面，等待规则任务列表加载完成
2. 找到「大数据量key校验任务」，点击【立即执行】按钮
3. 进入【数据质量 → 校验结果查询】页面，找到「大数据量key校验任务」最新实例记录并打开实例详情","1. 规则任务管理页面正常打开，列表加载完成
2. 页面弹出提示信息，提示任务已提交执行
3. 1) 本次执行生成新的实例记录，任务名称与执行时间与本次操作匹配
2) 实例详情可正常打开，不出现超时、空白或报错
3) 实例详情中 id=1 记录质检结果=「校验通过」，id=2 记录因 perf-key-0001 值为空而质检结果=「校验不通过」
4) 详情说明列准确引用校验key「perf-key-0001;perf-key-0002」","1. 
2. 
3.","","2","功能测试","功能测试阶段","正常","0","1","3","通过","向林","2026-04-10","","0000-00-00","1","",""
"183381","数据资产_STD(#23)","/版本迭代测试用例/v6.4.10/【内置规则丰富】有效性，json中key对应的value值格式校验(#10459)","","数据质量 规则任务管理 数据源兼容性 验证「格式-json格式校验」规则在Hive 2.x数据源下执行正确","1) 使用 admin 账号登录系统<br>2) 数据源中心已添加 Hive 2.x 版本数据源「测试数据源_Hive2」并授权给资产平台<br>3) 已在「通用配置 → json格式校验管理」中维护 key路径「score-value」，中文名称「分数值」，value格式正则：^\d{1,3}$<br>4) 已在 Hive 数据源的 hive_test_db 数据库中创建测试表并灌入数据：<br>   CREATE TABLE hive_test_db.json_score_test (<br>     id INT,<br>     score_info STRING<br>   ) ROW FORMAT DELIMITED FIELDS TERMINATED BY &#039;,&#039;;<br>   INSERT INTO hive_test_db.json_score_test VALUES<br>     (1, &#039;{“score“:{“value“:“95“}}&#039;),<br>     (2, &#039;{“score“:{“value“:“1000“}}&#039;);<br>5) 已通过【数据质量 → 规则集管理】页面完成规则集“rule_set_hive2_compat“创建：Step 1 基础信息中关联 Hive2.x 数据源的 hive_test_db.json_score_test 表，并新增规则包“Hive2兼容性测试包“；点击【下一步】进入 Step 2 监控规则，点击【新增规则】，选择【有效性校验】，配置字段=score_info（string类型）、统计规则=格式-json格式校验、校验key=score-value、强弱规则=强规则、过滤条件=无、规则描述=无；点击规则行的【保存】按钮，再点击页面底部【保存】，规则集创建成功<br>6) 已通过【数据质量 → 规则任务管理】页面完成任务“Hive2兼容性测试任务“创建：Step 1 基础信息中规则名称=Hive2兼容性测试任务，并关联同一 Hive 表；点击【下一步】进入 Step 2 监控规则，仅通过【导入规则包】导入规则集“rule_set_hive2_compat“的“Hive2兼容性测试包“；点击【下一步】进入 Step 3 调度属性，点击【保存】，任务创建成功","1. 进入【数据质量 → 规则任务管理】页面，等待规则任务列表加载完成
2. 找到「Hive2兼容性测试任务」，点击【立即执行】按钮
3. 进入【数据质量 → 校验结果查询】页面，找到「Hive2兼容性测试任务」最新实例记录并打开实例详情","1. 规则任务管理页面正常打开，列表加载完成
2. 页面弹出提示信息，提示任务已提交执行
3. 1) 本次执行生成新的实例记录，任务名称与执行时间与本次操作匹配
2) 实例状态显示「已完成」，最新校验结果显示「校验不通过」
3) 实例详情中 id=1 记录质检结果=「校验通过」，id=2 记录因 score.value 值为「1000」而质检结果=「校验不通过」","1. 
2. 
3.","","2","功能测试","功能测试阶段","正常","0","0","3","","向林","2026-04-10","","0000-00-00","1","",""
"183380","数据资产_STD(#23)","/版本迭代测试用例/v6.4.10/【内置规则丰富】有效性，json中key对应的value值格式校验(#10459)","","数据质量 规则任务管理 数据源兼容性 验证「格式-json格式校验」规则在Doris 3.x数据源下执行正确","1) 使用 admin 账号登录系统<br>2) 数据源中心已添加 Doris 3.x 版本数据源「测试数据源_Doris3」并授权给资产平台<br>3) 已在「通用配置 → json格式校验管理」中维护 key路径「item-sku」，中文名称「商品SKU」，value格式正则：^SKU\d{8}$<br>4) 已执行以下 SQL 创建测试表并灌入数据：<br>   CREATE TABLE quality_doris3_test.json_sku_test (<br>     id INT,<br>     item_info JSON<br>   ) DISTRIBUTED BY HASH(id) BUCKETS 3 PROPERTIES (“replication_num“ = “1“);<br>   INSERT INTO quality_doris3_test.json_sku_test VALUES<br>     (1, &#039;{“item“:{“sku“:“SKU12345678“}}&#039;),<br>     (2, &#039;{“item“:{“sku“:“invalid_sku“}}&#039;);<br>5) 已通过【数据质量 → 规则集管理】页面完成规则集“rule_set_doris3_compat“创建：Step 1 基础信息中关联 Doris3.x 数据源的 quality_doris3_test.json_sku_test 表，并新增规则包“Doris3兼容性测试包“；点击【下一步】进入 Step 2 监控规则，点击【新增规则】，选择【有效性校验】，配置字段=item_info（json类型）、统计规则=格式-json格式校验、校验key=item-sku、强弱规则=强规则、过滤条件=无、规则描述=无；点击规则行的【保存】按钮，再点击页面底部【保存】，规则集创建成功<br>6) 已通过【数据质量 → 规则任务管理】页面完成任务“Doris3兼容性测试任务“创建：Step 1 基础信息中规则名称=Doris3兼容性测试任务，并关联同一 Doris3.x 表；点击【下一步】进入 Step 2 监控规则，仅通过【导入规则包】导入规则集“rule_set_doris3_compat“的“Doris3兼容性测试包“；点击【下一步】进入 Step 3 调度属性，点击【保存】，任务创建成功","1. 进入【数据质量 → 规则任务管理】页面，等待规则任务列表加载完成
2. 找到「Doris3兼容性测试任务」，点击【立即执行】按钮
3. 进入【数据质量 → 校验结果查询】页面，找到「Doris3兼容性测试任务」最新实例记录并打开实例详情
4. 点击「格式-json格式校验」规则行操作列的【查看详情】按钮，等待明细弹窗加载完成","1. 规则任务管理页面正常打开，列表加载完成
2. 页面弹出提示信息，提示任务已提交执行
3. 1) 本次执行生成新的实例记录，任务名称与执行时间与本次操作匹配
2) 实例状态显示「已完成」，最新校验结果显示「校验不通过」
3) 实例详情中 id=1 记录质检结果=「校验通过」，id=2 记录质检结果=「校验不通过」
4. 明细列表正确显示 id=2 的不合规记录，「item_info」字段标红展示","1. 
2. 
3. 
4.","","2","功能测试","功能测试阶段","正常","0","1","4","通过","向林","2026-04-10","","0000-00-00","1","",""
"183379","数据资产_STD(#23)","/版本迭代测试用例/v6.4.10/【内置规则丰富】有效性，json中key对应的value值格式校验(#10459)","","数据质量 规则任务管理 数据源兼容性 验证「格式-json格式校验」规则在SparkThrift 2.x数据源下执行正确","1) 使用 admin 账号登录系统<br>2) 数据源中心已添加 SparkThrift 2.x 版本数据源「测试数据源_Spark2」并授权给资产平台<br>3) 已在「通用配置 → json格式校验管理」中维护 key路径「event-type」，中文名称「事件类型」，value格式正则：^(click|view|purchase)$<br>4) 已在 Spark 数据源的 spark_test_db 数据库中创建测试表并灌入数据：<br>   CREATE TABLE spark_test_db.json_event_test (<br>     id INT,<br>     event_data STRING<br>   );<br>   INSERT INTO spark_test_db.json_event_test VALUES<br>     (1, &#039;{“event“:{“type“:“click“}}&#039;),<br>     (2, &#039;{“event“:{“type“:“unknown“}}&#039;);<br>5) 已通过【数据质量 → 规则集管理】页面完成规则集“rule_set_spark2_compat“创建：Step 1 基础信息中关联 SparkThrift2.x 数据源的 spark_test_db.json_event_test 表，并新增规则包“Spark2兼容性测试包“；点击【下一步】进入 Step 2 监控规则，点击【新增规则】，选择【有效性校验】，配置字段=event_data（string类型）、统计规则=格式-json格式校验、校验key=event-type、强弱规则=强规则、过滤条件=无、规则描述=无；点击规则行的【保存】按钮，再点击页面底部【保存】，规则集创建成功<br>6) 已通过【数据质量 → 规则任务管理】页面完成任务“Spark2兼容性测试任务“创建：Step 1 基础信息中规则名称=Spark2兼容性测试任务，并关联同一 Spark 表；点击【下一步】进入 Step 2 监控规则，仅通过【导入规则包】导入规则集“rule_set_spark2_compat“的“Spark2兼容性测试包“；点击【下一步】进入 Step 3 调度属性，点击【保存】，任务创建成功","1. 进入【数据质量 → 规则任务管理】页面，等待规则任务列表加载完成
2. 找到「Spark2兼容性测试任务」，点击【立即执行】按钮
3. 进入【数据质量 → 校验结果查询】页面，找到「Spark2兼容性测试任务」最新实例记录并打开实例详情","1. 规则任务管理页面正常打开，列表加载完成
2. 页面弹出提示信息，提示任务已提交执行
3. 1) 本次执行生成新的实例记录，任务名称与执行时间与本次操作匹配
2) 实例状态显示「已完成」，最新校验结果显示「校验不通过」
3) 实例详情中 id=1 记录质检结果=「校验通过」，id=2 记录因 event.type 值为「unknown」而质检结果=「校验不通过」","1. 
2. 
3.","","2","功能测试","功能测试阶段","正常","0","1","3","通过","向林","2026-04-10","","0000-00-00","1","",""
"183378","数据资产_STD(#23)","/版本迭代测试用例/v6.4.10/【内置规则丰富】有效性，json中key对应的value值格式校验(#10459)","","数据质量 规则任务管理 P0-主流程 验证格式-json格式校验校验不通过主流程：规则集配置+导入规则包+执行任务+在校验结果查询中查看失败明细","1) 使用 admin 账号登录系统<br>2) 数据源中心已添加数据源「测试数据源_Doris」并授权给资产平台<br>3) 资产平台已引入该数据源，数据源下存在 quality_test_db 数据库<br>4) 已在「通用配置 → json格式校验管理」中维护：<br>   - key路径「order-amount」，中文名称「订单金额」，value格式正则：^\d+\.\d{2}$<br>   - key路径「order-status」，中文名称「订单状态」，value格式正则：^(pending|paid|cancelled)$<br>5) 已执行以下 SQL 创建测试表并灌入包含不合规数据的数据：<br>   CREATE TABLE quality_test_db.json_invalid_test (<br>     id INT,<br>     order_info JSON,<br>     remark VARCHAR(255)<br>   );<br>   INSERT INTO quality_test_db.json_invalid_test VALUES<br>     (1, &#039;{“order“:{“amount“:“100.00“,“status“:“paid“}}&#039;, &#039;row_valid&#039;),<br>     (2, &#039;{“order“:{“amount“:“abc“,“status“:“unknown“}}&#039;, &#039;row_invalid&#039;),<br>     (3, &#039;{“order“:{“amount“:“50.5“,“status“:“pending“}}&#039;, &#039;row_invalid2&#039;);<br>6) 已在资产平台引入该表，且元数据中 order_info 字段类型识别为 json","1. 进入【数据质量 → 规则集管理】页面，等待规则集列表加载完成
2. 点击【新建规则集】，在 Step 1 基础信息中按顺序配置如下：
- *选择数据源：测试数据源_Doris
- *选择数据库：quality_test_db
- *选择数据表：json_invalid_test
- 规则集描述：无
- *规则包名称：校验不通过测试包（点击【新增】按钮添加）
点击【下一步】
3. 在 Step 2 监控规则中，在「校验不通过测试包」下点击【新增规则】，选择【有效性校验】，按顺序配置如下：
- *规则类型：字段级
- *字段：order_info（json）
- *统计规则：格式-json格式校验
- *校验key：order-amount、order-status
- 强弱规则：强规则
- 过滤条件：无
- 规则描述：无
点击规则行的【保存】按钮，再点击页面底部【保存】
4. 进入【数据质量 → 规则任务管理】页面，等待规则任务列表加载完成，点击【新建监控规则】，在 Step 1 基础信息中按顺序配置如下：
- *规则名称：json格式校验任务_不通过
- *选择数据源：测试数据源_Doris
- *选择数据库：quality_test_db
- *选择数据表：json_invalid_test
点击【下一步】
5. 在 Step 2 监控规则中点击【导入规则包】，选择规则集管理中刚创建的规则包「校验不通过测试包」并确认导入
6. 点击【下一步】进入 Step 3 调度属性，填写调度属性后点击【保存】
7. 在规则任务列表中找到「json格式校验任务\_不通过」，点击操作列的【立即执行】按钮
8. 进入【数据质量 → 校验结果查询】页面，等待列表加载完成，找到「json格式校验任务\_不通过」最新实例记录并打开实例详情
9. 点击「格式-json格式校验」规则行操作列的【查看详情】链接，等待明细弹窗加载完成","1. 规则集管理页面正常打开，列表加载完成
2. Step 1 校验通过，进入 Step 2 监控规则页面
3. 规则集保存成功，列表新增 json_invalid_test 表对应的规则集记录，规则包「校验不通过测试包」下显示已保存的「格式-json格式校验」规则
4. Step 1 校验通过，进入 Step 2 监控规则页面
5. 规则包导入成功，Step 2 页面仅展示从规则集管理导入的「格式-json格式校验」相关规则，无额外手工新增规则
6. 规则任务创建成功，返回任务列表后可查询到任务「json格式校验任务\_不通过」
7. 页面弹出提示信息，提示任务已提交执行
8. 1) 本次执行生成新的实例记录，任务名称与执行时间与本次操作匹配
2) 实例状态显示「已完成」，最新校验结果显示「校验不通过」
3) 实例详情中「格式-json格式校验」规则行展示：规则类型=「有效性校验」、规则名称=「格式-json格式校验」、字段类型=「json」、质检结果=「校验不通过」、未通过原因=「key对应value格式校验未通过」、详情说明=「不符合规则key为“order-amount;order-status“时的value格式要求」
4) 操作列显示「查看详情」链接
9. 弹窗标题显示「查看“有效性校验-格式-json格式校验“明细」；明细列表加载完成，显示不符合要求的数据行（id=2 和 id=3 的记录）；「order_info」字段以红色高亮标红展示，其余字段正常展示","1. 
2. 
3. 
4. 
5. 
6. 
7. 
8. 
9.","","1","功能测试","功能测试阶段","正常","0","3","9","通过","向林","2026-04-10","","0000-00-00","1","",""
"183377","数据资产_STD(#23)","/版本迭代测试用例/v6.4.10/【内置规则丰富】有效性，json中key对应的value值格式校验(#10459)","","数据质量 规则任务管理 P0-主流程 验证格式-json格式校验完整主流程：规则集配置+导入规则包+执行任务+在校验结果查询中查看通过实例","1) 使用 admin 账号登录系统<br>2) 数据源中心已添加数据源「测试数据源_Doris」并授权给资产平台<br>3) 已在「通用配置 → json格式校验管理」中维护如下数据：<br>   - key路径「person-name」，中文名称「人员姓名」，value格式正则：^[\u4e00-\u9fa5]+$<br>   - key路径「person-age」，中文名称「人员年龄」，value格式正则：^\d{1,3}$<br>   - key路径「person-email」，中文名称「人员邮箱」，未配置value格式<br>4) 资产平台已引入该数据源，数据源下存在 quality_test_db 数据库<br>5) 已执行以下 SQL 创建测试表并灌入数据：<br>   CREATE TABLE quality_test_db.json_format_test (<br>     id INT,<br>     info JSON,<br>     name VARCHAR(255)<br>   );<br>   INSERT INTO quality_test_db.json_format_test VALUES<br>     (1, &#039;{“person“:{“name“:“张三“,“age“:“25“,“email“:“test@example.com“}}&#039;, &#039;row1&#039;),<br>     (2, &#039;{“person“:{“name“:“李四“,“age“:“30“,“email“:“admin@test.com“}}&#039;, &#039;row2&#039;);<br>6) 已在资产平台引入该表，且元数据中 info 字段类型识别为 json","1. 进入【数据质量 → 规则集管理】页面，等待规则集列表加载完成
2. 点击【新建规则集】，在 Step 1 基础信息中按顺序配置如下：
- *选择数据源：测试数据源_Doris
- *选择数据库：quality_test_db
- *选择数据表：json_format_test
- 规则集描述：无
- *规则包名称：P0主流程测试包（点击【新增】按钮添加）
点击【下一步】
3. 在 Step 2 监控规则中，在「P0主流程测试包」下点击【新增规则】，选择【有效性校验】，按顺序配置如下：
- *规则类型：字段级
- *字段：info（json）
- *统计规则：格式-json格式校验
- *校验key：person-name、person-age
- 强弱规则：强规则
- 过滤条件：无
- 规则描述：无
点击规则行的【保存】按钮，再点击页面底部【保存】
4. 进入【数据质量 → 规则任务管理】页面，等待规则任务列表加载完成，点击【新建监控规则】，在 Step 1 基础信息中按顺序配置如下：
- *规则名称：json格式校验任务_P0
- *选择数据源：测试数据源_Doris
- *选择数据库：quality_test_db
- *选择数据表：json_format_test
点击【下一步】
5. 在 Step 2 监控规则中点击【导入规则包】，选择规则集管理中刚创建的规则包「P0主流程测试包」并确认导入
6. 点击【下一步】进入 Step 3 调度属性，填写调度属性后点击【保存】
7. 在规则任务列表中找到「json格式校验任务\_P0」，点击操作列的【立即执行】按钮
8. 进入【数据质量 → 校验结果查询】页面，等待列表加载完成，找到「json格式校验任务\_P0」最新实例记录并打开实例详情","1. 规则集管理页面正常打开，列表加载完成
2. Step 1 校验通过，进入 Step 2 监控规则页面
3. 规则集保存成功，列表新增 json_format_test 表对应的规则集记录，规则包「P0主流程测试包」下显示已保存的「格式-json格式校验」规则
4. Step 1 校验通过，进入 Step 2 监控规则页面
5. 规则包导入成功，Step 2 页面仅展示从规则集管理导入的「格式-json格式校验」相关规则，无额外手工新增规则
6. 规则任务创建成功，返回任务列表后可查询到任务「json格式校验任务\_P0」
7. 页面弹出提示信息，提示任务已提交执行
8. 1) 本次执行生成新的实例记录，任务名称与执行时间与本次操作匹配
2) 实例状态显示「已完成」，最新校验结果显示「校验通过」
3) 实例详情中「格式-json格式校验」规则行展示：规则类型=「有效性校验」、规则名称=「格式-json格式校验」、字段类型=「json」、质检结果=「校验通过」、未通过原因=「--」、详情说明=「符合规则key为“person-name;person-age“时的value格式要求」
4) 操作列不显示「查看详情」链接","1. 
2. 
3. 
4. 
5. 
6. 
7. 
8.","","1","功能测试","功能测试阶段","正常","0","3","8","通过","向林","2026-04-10","","0000-00-00","1","",""
"183376","数据资产_STD(#23)","/版本迭代测试用例/v6.4.10/【内置规则丰富】有效性，json中key对应的value值格式校验(#10459)","","数据质量 规则集管理 规则配置参数展示 验证保存后规则配置参数展示区域各字段内容正确","1) 使用 admin 账号登录系统<br>2) 已在「通用配置 → json格式校验管理」中维护key路径「device-type」，中文名称「设备类型」，value格式正则：^(mobile|pc|tablet)$<br>3) 已通过【数据质量 → 规则集管理】页面，创建规则集“rule_set_param_display_test“，关联Doris数据源quality_test_db库含json字段（字段名 device_info，类型 json）的数据表，规则包名称“参数展示测试包“，点击【下一步】进入 Step 2 监控规则，在规则包中点击【新增规则】，统计函数选择【非空值数】，字段选择 payload，点击规则行【保存】，再点击页面底部【保存】完成规则集创建，在 Step 2 中配置「格式-json格式校验」规则：<br>   - 字段：device_info<br>   - 校验key：device-type<br>   - 强弱规则：强规则<br>   并已保存","1. 进入【数据质量 → 规则集管理】页面，等待规则集列表加载完成
2. 找到规则集“rule_set_param_display_test“，点击操作列的【编辑】按钮，进入 Step 2 监控规则页面，查看“参数展示测试包“中已配置的「格式-json格式校验」规则行的参数展示区域","1. 规则集管理页面正常打开，列表加载完成
2. 规则配置参数展示区域各字段内容如下：
1) 规则类型=「字段级」
2) 字段=「device_info」
3) 统计规则=「格式-json格式校验」
4) 校验key=「device-type」
5) 强弱规则=「强规则」","1. 
2.","","2","功能测试","功能测试阶段","正常","0","1","2","通过","向林","2026-04-10","","0000-00-00","1","",""
"183375","数据资产_STD(#23)","/版本迭代测试用例/v6.4.10/【内置规则丰富】有效性，json中key对应的value值格式校验(#10459)","","数据质量 规则集管理 规则配置 验证未选择校验key时保存规则提示「请选择校验key」","1) 使用 admin 账号登录系统<br>2) 已通过【数据质量 → 规则集管理】页面，点击【新建规则集】创建规则集“rule_set_required_test“，关联Doris数据源quality_test_db库json_format_test表，规则包名称“必填校验测试包“，点击【下一步】进入 Step 2 监控规则，在规则包中点击【新增规则】，统计函数选择【非空值数】，字段选择 payload，点击规则行【保存】，再点击页面底部【保存】完成规则集创建<br>3) 已在「通用配置 → json格式校验管理」中维护key路径「person-name」，中文名称「人员姓名」，value格式正则：^[\u4e00-\u9fa5]+$","1. 进入【数据质量 → 规则集管理】页面，等待规则集列表加载完成
2. 找到规则集“rule_set_required_test“，点击操作列的【编辑】按钮，进入 Step 2 监控规则页面，在“必填校验测试包“中点击【新增规则】，选择「有效性校验」，按如下配置：
- *字段：info（json）
- *统计规则：格式-json格式校验
- *校验key：不选择任何key
直接点击【保存】按钮","1. 规则集管理页面正常打开，列表加载完成
2. 保存失败；「校验key」输入框下方显示错误提示「请选择校验key」；规则未被添加到列表","1. 
2.","","2","功能测试","功能测试阶段","正常","0","1","2","通过","向林","2026-04-10","","0000-00-00","1","",""
"183374","数据资产_STD(#23)","/版本迭代测试用例/v6.4.10/【内置规则丰富】有效性，json中key对应的value值格式校验(#10459)","","数据质量 规则集管理 规则配置 验证选择非json或string类型字段时「格式-json格式校验」统计规则选项不可选","1) 使用 admin 账号登录系统<br>2) 已执行以下 SQL 创建包含 int 类型字段的测试表：<br>   CREATE TABLE quality_test_db.int_type_test (<br>     id INT,<br>     count_val INT,<br>     note VARCHAR(255)<br>   );<br>3) 已在资产平台引入该表，元数据中 count_val 字段类型识别为 int<br>4) 已通过【数据质量 → 规则集管理】页面，点击【新建规则集】创建规则集“rule_set_int_type_test“，关联Doris数据源quality_test_db库int_type_test表，规则包名称“int类型限制测试包“，点击【下一步】进入 Step 2 监控规则，在规则包中点击【新增规则】，统计函数选择【非空值数】，字段选择 payload，点击规则行【保存】，再点击页面底部【保存】完成规则集创建<br>5) 已在「通用配置 → json格式校验管理」中维护key路径「person-name」，中文名称「人员姓名」，value格式正则：^[\u4e00-\u9fa5]+$","1. 进入【数据质量 → 规则集管理】页面，等待规则集列表加载完成
2. 找到规则集“rule_set_int_type_test“，点击操作列的【编辑】按钮，进入 Step 2 监控规则页面，在“int类型限制测试包“中点击【新增规则】，选择「有效性校验」，「字段」下拉框选择「count_val（int）」，展开「统计规则」下拉框","1. 规则集管理页面正常打开，列表加载完成
2. 「统计规则」下拉框中不出现「格式-json格式校验」选项","1. 
2.","","2","功能测试","功能测试阶段","正常","0","1","2","通过","向林","2026-04-10","","0000-00-00","1","",""
"183373","数据资产_STD(#23)","/版本迭代测试用例/v6.4.10/【内置规则丰富】有效性，json中key对应的value值格式校验(#10459)","","数据质量 规则集管理 规则配置-value格式预览 验证点击「value格式预览」弹窗仅展示已勾选key的格式信息且支持分页","1) 使用 admin 账号登录系统<br>2) 已在「通用配置 → json格式校验管理」中维护以下配置了value格式的key（共15条）：<br>   - key路径「check-key-01」，中文名称「校验键01」，value格式正则：^[A-Z]{2}\d{4}$<br>   - key路径「check-key-02」，中文名称「校验键02」，value格式正则：^1[3-9]\d{9}$<br>   - key路径「check-key-03」至「check-key-15」，中文名称「校验键03」至「校验键15」，各配置不同正则<br>3) 已通过【数据质量 → 规则集管理】页面，点击【新建规则集】创建规则集“rule_set_preview_test“，关联Doris数据源quality_test_db库json_format_test表，规则包名称“value预览测试包“，点击【下一步】进入 Step 2 监控规则，在规则包中点击【新增规则】，统计函数选择【非空值数】，字段选择 payload，点击规则行【保存】，再点击页面底部【保存】完成规则集创建","1. 进入【数据质量 → 规则集管理】页面，等待规则集列表加载完成
2. 找到规则集“rule_set_preview_test“，点击操作列的【编辑】按钮，进入 Step 2 监控规则页面，在“value预览测试包“中点击【新增规则】，添加有效性校验规则，按如下配置：
- *字段：info（json）
- *统计规则：格式-json格式校验
展开「校验key」下拉框，勾选「check-key-01」「check-key-02」「check-key-03」共3个key
3. 点击「value格式预览」按钮，等待弹窗加载完成
4. 关闭弹窗，取消勾选「check-key-03」，再次点击「value格式预览」按钮，等待弹窗加载完成
5. 关闭弹窗，重新勾选「check-key-03」至「check-key-12」共12个key（合计12个），点击「value格式预览」按钮，查看弹窗分页情况","1. 规则集管理页面正常打开，列表加载完成
2. 3个key成功勾选
3. 弹窗正常打开：
1) 弹窗内列表仅展示已勾选的3个key对应的信息，未勾选的「check-key-04」至「check-key-15」不显示
2) 列表包含两列：「key」列和「value格式」列
3) 「check-key-01」对应「^[A-Z]{2}\d{4}$」
4) 「check-key-02」对应「^1[3-9]\d{9}$」
4. 弹窗内列表更新为仅展示「check-key-01」和「check-key-02」共2条记录，「check-key-03」不再显示
5. 1) 弹窗展示分页控件
2) 默认展示第1页数据
3) 可翻页查看剩余key的格式信息","1. 
2. 
3. 
4. 
5.","","2","功能测试","功能测试阶段","正常","0","1","5","失败","向林","2026-04-10","","0000-00-00","1","",""
"183372","数据资产_STD(#23)","/版本迭代测试用例/v6.4.10/【内置规则丰富】有效性，json中key对应的value值格式校验(#10459)","","数据质量 规则集管理 规则配置-校验key选择 验证校验key输入框悬浮时展示全部key名，默认仅显示前两个","1) 使用 admin 账号登录系统<br>2) 已在「通用配置 → json格式校验管理」中维护以下配置了value格式的key：<br>   - key路径「field-key1」，中文名称「字段键1」，value格式正则：^.+$<br>   - key路径「field-key2」，中文名称「字段键2」，value格式正则：^.+$<br>   - key路径「field-key3」，中文名称「字段键3」，value格式正则：^.+$<br>   - key路径「field-key4」，中文名称「字段键4」，value格式正则：^.+$<br>3) 已通过【数据质量 → 规则集管理】页面，创建规则集“rule_set_hover_test“，关联Doris数据源quality_test_db库json_format_test表，规则包名称“悬浮展示测试包“，点击【下一步】进入 Step 2 监控规则，在规则包中点击【新增规则】，统计函数选择【非空值数】，字段选择 payload，点击规则行【保存】，再点击页面底部【保存】完成规则集创建，在 Step 2 中配置「格式-json格式校验」规则，校验key选择了4个key：「field-key1」「field-key2」「field-key3」「field-key4」，并已保存","1. 进入【数据质量 → 规则集管理】页面，等待规则集列表加载完成
2. 找到规则集“rule_set_hover_test“，点击操作列的【编辑】按钮，进入 Step 2 监控规则页面，查看“悬浮展示测试包“中已配置的「格式-json格式校验」规则行的“校验key“列
3. 观察“校验key“列在非悬浮状态下的显示内容
4. 将鼠标悬浮在「校验key」字段区域","1. 规则集管理页面正常打开，列表加载完成
2. 规则集编辑页正常打开，Step 2 监控规则页面加载完成，已配置的「格式-json格式校验」规则行展示校验key为「field-key1;field-key2;field-key3;field-key4」
3. 「校验key」字段区域默认仅展示前两个key「field-key1」和「field-key2」，后续key以省略符截断
4. 浮层展示全部4个key名：「field-key1」「field-key2」「field-key3」「field-key4」","1. 
2. 
3. 
4.","","2","功能测试","功能测试阶段","正常","0","1","4","通过","向林","2026-04-10","","0000-00-00","1","",""
"183371","数据资产_STD(#23)","/版本迭代测试用例/v6.4.10/【内置规则丰富】有效性，json中key对应的value值格式校验(#10459)","","数据质量 规则集管理 规则配置-校验key选择 验证校验key回显格式及勾选仅对当前层级生效","1) 使用 admin 账号登录系统<br>2) 已在「通用配置 → json格式校验管理」中维护以下配置了value格式的key（层级结构）：<br>   - 一级key「person」下二级key「name」，路径「person-name」，中文名称「人员姓名」，value格式正则：^[\u4e00-\u9fa5]+$<br>   - 一级key「person」下二级key「age」，路径「person-age」，中文名称「人员年龄」，value格式正则：^\d{1,3}$<br>   - 一级key「address」下二级key「city」，路径「address-city」，中文名称「地址城市」，value格式正则：^.{1,20}$<br>3) 已通过【数据质量 → 规则集管理】页面，点击【新建规则集】创建规则集“rule_set_layer_key_test“，关联Doris数据源quality_test_db库json_format_test表，规则包名称“层级key测试包“，点击【下一步】进入 Step 2 监控规则，在规则包中点击【新增规则】，统计函数选择【非空值数】，字段选择 payload，点击规则行【保存】，再点击页面底部【保存】完成规则集创建","1. 进入【数据质量 → 规则集管理】页面，等待规则集列表加载完成
2. 找到规则集“rule_set_layer_key_test“，点击操作列的【编辑】按钮，进入 Step 2 监控规则页面，在“层级key测试包“中点击【新增规则】，添加有效性校验规则，按如下配置：
- *字段：info（json）
- *统计规则：格式-json格式校验
展开「校验key」下拉框，勾选「person-name」和「address-city」，点击【保存】
3. 编辑该规则，重新展开「校验key」下拉框，查看已勾选的key是否正确回显","1. 规则集管理页面正常打开，列表加载完成
2. 规则保存成功；规则行的「校验key」列回显内容为「person-name;address-city」，分号分隔不同key路径，连字符分隔层级
3. 1) 「person-name」复选框显示为勾选状态
2) 「address-city」复选框显示为勾选状态
3) 「person-age」复选框显示为未勾选状态","1. 
2. 
3.","","2","功能测试","功能测试阶段","正常","0","1","3","通过","向林","2026-04-10","","0000-00-00","1","",""
"183370","数据资产_STD(#23)","/版本迭代测试用例/v6.4.10/【内置规则丰富】有效性，json中key对应的value值格式校验(#10459)","","数据质量 规则集管理 规则配置-校验key选择 验证校验key数据量超过200条时默认加载前200条展示","1) 使用 admin 账号登录系统<br>2) 已在「通用配置 → json格式校验管理」中维护超过200条配置了value格式的key（共210条，key命名规则为 test-key-001 至 test-key-210，中文名称分别为「测试键001」至「测试键210」，每条均配置value格式正则 ^.+$），通用配置导入文件生成脚本如下:<br><br>import openpyxl<br><br>wb = openpyxl.Workbook()<br>ws1 = wb.active<br>ws1.title = “一层“<br>ws1.append([“key“, “中文名称“, “value格式“])<br>for i in range(1, 211):<br>    ws1.append([f“test-key-{i:03d}“, f“测试键{i:03d}“, “^.+$“])<br><br>wb.save(“json_value_format_import_210.xlsx“)<br>print(“已生成 json_value_format_import_210.xlsx，共210条一层key数据，均配置value格式“)<br><br>3) 已通过【数据质量 → 规则集管理】页面，点击【新建规则集】创建规则集“rule_set_large_key_test“，关联Doris数据源quality_test_db库json_format_test表，规则包名称“大数据量key测试包“，点击【下一步】进入 Step 2 监控规则，在规则包中点击【新增规则】，统计函数选择【非空值数】，字段选择 payload，点击规则行【保存】，再点击页面底部【保存】完成规则集创建","1. 进入【数据质量 → 规则集管理】页面，等待规则集列表加载完成
2. 找到规则集“rule_set_large_key_test“，点击操作列的【编辑】按钮，进入 Step 2 监控规则页面，在“大数据量key测试包“中点击【新增规则】，添加有效性校验规则，按如下配置：
- *字段：info（json）
- *统计规则：格式-json格式校验
展开「校验key」下拉框，观察初始加载的key列表
3. 在搜索框中输入「test-key-205」进行搜索","1. 规则集管理页面正常打开，列表加载完成
2. 「校验key」下拉框初始展示前200条key（test-key-001 至 test-key-200），第201条及以后的key（test-key-201至test-key-210）不在初始列表中显示
3. 搜索结果中显示「test-key-205」，可正常选中","1. 
2. 
3.","","2","功能测试","功能测试阶段","正常","0","1","3","失败","向林","2026-04-10","","0000-00-00","1","",""
"183369","数据资产_STD(#23)","/版本迭代测试用例/v6.4.10/【内置规则丰富】有效性，json中key对应的value值格式校验(#10459)","","数据质量 规则集管理 规则配置-校验key选择 验证校验key搜索功能正常","1) 使用 admin 账号登录系统<br>2) 已在「通用配置 → json格式校验管理」中维护以下配置了value格式的key：<br>   - key路径「order-amount」，中文名称「订单金额」，value格式正则：^\d+\.\d{2}$<br>   - key路径「order-status」，中文名称「订单状态」，value格式正则：^(paid|pending)$<br>   - key路径「user-name」，中文名称「用户姓名」，value格式正则：^.{1,20}$<br>3) 已通过【数据质量 → 规则集管理】页面，点击【新建规则集】创建规则集“rule_set_key_search_test“，关联Doris数据源quality_test_db库json_format_test表，规则包名称“key搜索测试包“，点击【下一步】进入 Step 2 监控规则，在规则包中点击【新增规则】，统计函数选择【非空值数】，字段选择 payload，点击规则行【保存】，再点击页面底部【保存】完成规则集创建","1. 进入【数据质量 → 规则集管理】页面，等待规则集列表加载完成
2. 找到规则集“rule_set_key_search_test“，点击操作列的【编辑】按钮，进入 Step 2 监控规则页面，在“key搜索测试包“中点击【新增规则】，添加有效性校验规则，按如下配置：
- *字段：info（json）
- *统计规则：格式-json格式校验
展开「校验key」下拉框，在搜索框中输入「order」
3. 清空搜索框内容，查看下拉列表","1. 规则集管理页面正常打开，列表加载完成
2. 下拉列表过滤展示，仅显示包含「order」的key：「order-amount」和「order-status」；「user-name」不在列表中显示
3. 下拉列表恢复展示全部key，「order-amount」「order-status」「user-name」均重新显示","1. 
2. 
3.","","2","功能测试","功能测试阶段","正常","0","1","3","通过","向林","2026-04-10","","0000-00-00","1","",""
"183368","数据资产_STD(#23)","/版本迭代测试用例/v6.4.10/【内置规则丰富】有效性，json中key对应的value值格式校验(#10459)","","数据质量 规则集管理 规则配置-校验key选择 验证校验key支持多选和全选操作","1) 使用 admin 账号登录系统<br>2) 已在「通用配置 → json格式校验管理」中维护以下配置了value格式的key：<br>   - key路径「user-name」，中文名称「用户姓名」，value格式正则：^[\u4e00-\u9fa5a-zA-Z]{1,20}$<br>   - key路径「user-phone」，中文名称「用户手机号」，value格式正则：^1[3-9]\d{9}$<br>   - key路径「user-id」，中文名称「用户身份证号」，value格式正则：^\d{18}$<br>3) 已通过【数据质量 → 规则集管理】页面，点击【新建规则集】创建规则集“rule_set_multi_select_test“，关联Doris数据源quality_test_db库json_format_test表，规则包名称“多选全选测试包“，点击【下一步】进入 Step 2 监控规则，在规则包中点击【新增规则】，统计函数选择【非空值数】，字段选择 payload，点击规则行【保存】，再点击页面底部【保存】完成规则集创建","1. 进入【数据质量 → 规则集管理】页面，等待规则集列表加载完成
2. 找到规则集“rule_set_multi_select_test“，点击操作列的【编辑】按钮，进入 Step 2 监控规则页面，在“多选全选测试包“中点击【新增规则】，添加有效性校验规则，按如下配置：
- *字段：info（json）
- *统计规则：格式-json格式校验
展开「校验key」下拉框，分别勾选「user-name」「user-phone」「user-id」三个key
3. 查看输入框的回显内容
4. 点击下拉框中的「全部」选项
5. 再次点击「全部」选项取消全选","1. 规则集管理页面正常打开，列表加载完成
2. 三个key均成功勾选，复选框显示为选中状态
3. 输入框回显格式为「user-name;user-phone;user-id」，多个key以分号分隔
4. 列表中所有可选key（已配置value格式的key）全部被勾选，「全部」选项复选框显示为选中状态
5. 所有key均取消勾选，「全部」选项复选框恢复为未选中状态，输入框回显清空","1. 
2. 
3. 
4. 
5.","","2","功能测试","功能测试阶段","正常","0","1","5","通过","向林","2026-04-10","","0000-00-00","1","",""
"183367","数据资产_STD(#23)","/版本迭代测试用例/v6.4.10/【内置规则丰富】有效性，json中key对应的value值格式校验(#10459)","","数据质量 规则集管理 规则配置-校验key选择 验证校验key列表中仅配置了value格式的key可被选中，未配置value格式的key不可选中","1) 使用 admin 账号登录系统<br>2) 已在「通用配置 → json格式校验管理」中维护以下数据：<br>   - key路径「product-name」，中文名称「产品名称」，value格式正则：^.{1,50}$<br>   - key路径「product-code」，中文名称「产品编码」，value格式正则：^[A-Z]{2}\d{6}$<br>   - key路径「product-desc」，中文名称「产品描述」，未配置value格式<br>3) 已通过【数据质量 → 规则集管理】页面，点击【新建规则集】创建规则集“rule_set_key_select_test“，关联Doris数据源quality_test_db库json_format_test表，规则包名称“key选择测试包“，点击【下一步】进入 Step 2 监控规则，在规则包中点击【新增规则】，统计函数选择【非空值数】，字段选择 payload，点击规则行【保存】，再点击页面底部【保存】完成规则集创建","1. 进入【数据质量 → 规则集管理】页面，等待规则集列表加载完成
2. 找到规则集“rule_set_key_select_test“，点击操作列的【编辑】按钮，进入 Step 2 监控规则页面，在“key选择测试包“中点击【新增规则】，添加有效性校验规则，按如下配置：
- *字段：info（json）
- *统计规则：格式-json格式校验
展开「校验key」下拉选择框，查看列表中各key的可选状态
3. 点击「product-desc」进行选中操作
4. 点击勾选「product-name」和「product-code」","1. 规则集管理页面正常打开，列表加载完成
2. 「校验key」下拉框列表中：
1) 「product-name」（已配置value格式）显示为可选状态，可点击勾选
2) 「product-code」（已配置value格式）显示为可选状态，可点击勾选
3) 「product-desc」（未配置value格式）显示为不可选状态，置灰禁用
3. 「product-desc」无法被选中，复选框保持未勾选状态
4. 「product-name」和「product-code」均成功勾选，下拉框输入框内回显「product-name;product-code」","1. 
2. 
3. 
4.","","2","功能测试","功能测试阶段","正常","0","1","4","通过","向林","2026-04-10","","0000-00-00","1","",""
"183366","数据资产_STD(#23)","/版本迭代测试用例/v6.4.10/【内置规则丰富】有效性，json中key对应的value值格式校验(#10459)","","数据质量 规则集管理 规则配置-字段类型限制 验证「格式-json格式校验」仅支持json和string类型字段，选择其他类型字段时不显示该统计规则选项","1) 使用 admin 账号登录系统<br>2) 已执行以下 SQL 创建包含多种字段类型的测试表：<br>   CREATE TABLE quality_test_db.multi_type_test (<br>     id INT,<br>     name VARCHAR(255),<br>     age INT,<br>     salary DECIMAL(10,2),<br>     info JSON,<br>     created_at DATETIME<br>   );<br>3) 已在资产平台引入该表，且元数据字段类型识别正确<br>4) 已通过【数据质量 → 规则集管理】页面，点击【新建规则集】创建规则集“rule_set_field_type_test“，关联Doris数据源quality_test_db库multi_type_test表，规则包名称“字段类型测试包“，点击【下一步】进入 Step 2 监控规则，在规则包中点击【新增规则】，统计函数选择【非空值数】，字段选择 payload，点击规则行【保存】，再点击页面底部【保存】完成规则集创建<br>5) 已在「通用配置 → json格式校验管理」中维护key路径「person-name」，中文名称「人员姓名」，value格式正则：^[\u4e00-\u9fa5]+$","1. 进入【数据质量 → 规则集管理】页面，等待规则集列表加载完成
2. 找到规则集“rule_set_field_type_test“，点击操作列的【编辑】按钮，进入 Step 2 监控规则页面，在“字段类型测试包“中点击【新增规则】，添加有效性校验规则，分别将「字段」依次选择为「age（int）」「salary（decimal）」「created_at（datetime）」，观察每次选择后「统计规则」下拉框的可选项
3. 将「字段」切换选择为「info（json）」，展开「统计规则」下拉框查看选项
4. 将「字段」切换选择为「name（varchar）」，展开「统计规则」下拉框查看选项","1. 规则集管理页面正常打开，列表加载完成
2. 选择 int、decimal、datetime 类型字段时，「统计规则」下拉框中均不出现「格式-json格式校验」选项
3. 选择 json 类型字段后，「统计规则」下拉框中出现「格式-json格式校验」选项
4. 选择 varchar 类型字段后，「统计规则」下拉框中同样出现「格式-json格式校验」选项","1. 
2. 
3. 
4.","","2","功能测试","功能测试阶段","正常","0","1","4","通过","向林","2026-04-10","","0000-00-00","1","",""
"183365","数据资产_STD(#23)","/版本迭代测试用例/v6.4.10/【内置规则丰富】有效性，json中key对应的value值格式校验(#10459)","","数据质量 规则集管理 规则配置-选项UI 验证「格式-json格式校验」统计规则悬浮提示内容正确","1) 使用 admin 账号登录系统<br>2) 已在「通用配置 → json格式校验管理」中维护key路径「person-name」，中文名称「人员姓名」，value格式正则：^[\u4e00-\u9fa5]+$<br>3) 已通过【数据质量 → 规则集管理】页面，点击【新建规则集】创建规则集“rule_set_value_fmt_tip“，关联Doris数据源 quality_test_db 库 json_format_test 表，规则包名称“提示测试包“，点击【下一步】进入 Step 2 监控规则，在规则包中点击【新增规则】，统计函数选择【非空值数】，字段选择 payload，点击规则行【保存】，再点击页面底部【保存】完成规则集创建","1. 进入【数据质量 → 规则集管理】页面，等待规则集列表加载完成
2. 找到规则集“rule_set_value_fmt_tip“，点击操作列的【编辑】按钮，进入 Step 2 监控规则页面，在“提示测试包“中点击【新增规则】，选择「有效性校验」，「字段」下拉框选择「info（json）」，「统计规则」下拉框选择「格式-json格式校验」，将鼠标悬浮在「格式-json格式校验」选项或其旁边的提示图标上","1. 规则集管理页面正常打开，列表加载完成
2. 悬浮提示内容显示为：「校验内容为key名对应的value格式是否符合要求，value格式需要在通用配置模块维护。」","1. 
2.","","2","功能测试","功能测试阶段","正常","0","1","2","通过","向林","2026-04-10","","0000-00-00","1","",""
"183364","数据资产_STD(#23)","/版本迭代测试用例/v6.4.10/【内置规则丰富】有效性，json中key对应的value值格式校验(#10459)","","数据质量 规则集管理 规则配置-选项UI 验证规则配置页「统计规则」下拉框中「格式-json格式校验」选项位置在自定义正则上方","1) 使用 admin 账号登录系统<br>2) 已在「通用配置 → json格式校验管理」中维护key路径「person-name」，中文名称「人员姓名」，value格式正则：^[\u4e00-\u9fa5]+$<br>3) 已通过【数据质量 → 规则集管理】页面创建规则集“rule_set_value_fmt_ui“，关联Doris数据源 quality_test_db 库 json_format_test 表（含字段 info（JSON类型）、name（VARCHAR类型）），规则包名称“value格式校验UI测试包“，点击【下一步】进入 Step 2 监控规则，在规则包中点击【新增规则】，统计函数选择【非空值数】，字段选择 payload，点击规则行【保存】，再点击页面底部【保存】完成规则集创建","1. 进入【数据质量 → 规则集管理】页面，等待规则集列表加载完成
2. 找到规则集“rule_set_value_fmt_ui“，点击操作列的【编辑】按钮，进入 Step 2 监控规则页面，在“value格式校验UI测试包“中点击【新增规则】，选择「有效性校验」，「字段」下拉框选择「info（json）」，展开「统计规则」下拉框，查看选项列表","1. 规则集管理页面正常打开，列表加载完成
2. 「统计规则」下拉框中出现「格式-json格式校验」选项，且该选项位于「自定义正则」选项的上方","1. 
2.","","2","功能测试","功能测试阶段","正常","0","1","2","失败","向林","2026-04-10","","0000-00-00","1","",""
"183363","数据资产_STD(#23)","/版本迭代测试用例/v6.4.10/【内置规则丰富】有效性，支持设置字段多规则的且或关系(#10461)","","数据质量 数据质量报告 质量报告说明 验证仅配置枚举值not in校验不通过时质量报告详情说明展示not in规则描述","1) 使用 admin 账号登录数据资产平台<br>2) 已在 Doris 数据源中准备测试表及数据：<br>DROP TABLE IF EXISTS test_db.quality_test_num;<br>CREATE TABLE test_db.quality_test_num (<br>  id INT NOT NULL,<br>  score DOUBLE,<br>  category VARCHAR(50)<br>) DISTRIBUTED BY HASH(id) BUCKETS 3 PROPERTIES(“replication_num“=“1“);<br>INSERT INTO test_db.quality_test_num VALUES<br>  (1, 5.0, &#039;2&#039;),<br>  (2, 15.0, &#039;4&#039;),<br>  (3, 3.0, &#039;1&#039;),<br>  (4, -1.0, &#039;3&#039;),<br>  (5, 8.0, &#039;5&#039;);<br>-- category 字段值为 4 和 5 的数据：id=2(category=4)、id=5(category=5)<br>3) 已通过【数据质量 → 规则集管理】页面点击【新建规则集】，完成 Step 1 基础信息配置如下：<br>- *选择数据源: Doris<br>- *选择数据库: test_db<br>- *选择数据表: quality_test_num<br>- 规则集描述: 无<br>- *规则包名称: notin失败包<br>点击【下一步】进入 Step 2 监控规则，在规则包“notin失败包“中点击【新增规则】，统计函数选择【枚举值】，配置如下：<br>- *字段: category<br>- *枚举值: not in &#039;4,5&#039;<br>- 强弱规则: 强规则<br>- 过滤条件: 无<br>- 规则描述: 无<br>点击【保存】完成规则集“ruleset_15695_enum_notin“创建<br>4) 已通过【数据质量 → 规则任务管理】创建任务“task_15695_enum_notin_fail“，通过【导入规则包】导入“ruleset_15695_enum_notin“的“notin失败包“，点击【下一步】进入 Step 3 调度属性，保持默认配置后点击【保存】，已执行完成且校验结果为不通过","1. 进入【数据质量 → 数据质量报告】页面，等待报告列表加载完成
2. 找到任务 task_15695_enum_notin_fail 对应的枚举值规则行，查看详情说明列内容","1. 质量报告页面打开，报告列表加载完成
2. 详情说明列中规则描述部分显示「枚举值not in '4,5'」，约定范围外的值数量统计准确，操作列显示【查看详情】链接","1. 
2.","","2","功能测试","功能测试阶段","正常","0","1","2","通过","向林","2026-04-10","","0000-00-00","1","",""
"183362","数据资产_STD(#23)","/版本迭代测试用例/v6.4.10/【内置规则丰富】有效性，支持设置字段多规则的且或关系(#10461)","","数据质量 数据质量报告 质量报告说明 验证仅配置枚举值in校验不通过时质量报告详情说明包含越界值数量统计","1) 使用 admin 账号登录数据资产平台<br>2) 已在 Doris 数据源中准备测试表及数据：<br>DROP TABLE IF EXISTS test_db.quality_test_num;<br>CREATE TABLE test_db.quality_test_num (<br>  id INT NOT NULL,<br>  score DOUBLE,<br>  category VARCHAR(50)<br>) DISTRIBUTED BY HASH(id) BUCKETS 3 PROPERTIES(“replication_num“=“1“);<br>INSERT INTO test_db.quality_test_num VALUES<br>  (1, 5.0, &#039;2&#039;),<br>  (2, 15.0, &#039;4&#039;),<br>  (3, 3.0, &#039;1&#039;),<br>  (4, -1.0, &#039;3&#039;),<br>  (5, 8.0, &#039;5&#039;);<br>-- category 字段不在枚举值 &#039;1,2,3&#039; 内的数据：id=2(category=4)、id=5(category=5)<br>3) 已通过【数据质量 → 规则集管理】页面点击【新建规则集】，完成 Step 1 基础信息配置如下：<br>- *选择数据源: Doris<br>- *选择数据库: test_db<br>- *选择数据表: quality_test_num<br>- 规则集描述: 无<br>- *规则包名称: 枚举失败包<br>点击【下一步】进入 Step 2 监控规则，在规则包“枚举失败包“中点击【新增规则】，统计函数选择【枚举值】，配置如下：<br>- *字段: category<br>- *枚举值: in &#039;1,2,3&#039;<br>- 强弱规则: 强规则<br>- 过滤条件: 无<br>- 规则描述: 无<br>点击【保存】完成规则集“ruleset_15695_enum_fail“创建<br>4) 已通过【数据质量 → 规则任务管理】创建任务“task_15695_enum_fail“，通过【导入规则包】导入“ruleset_15695_enum_fail“的“枚举失败包“，点击【下一步】进入 Step 3 调度属性，保持默认配置后点击【保存】，已执行完成且校验结果为不通过","1. 进入【数据质量 → 数据质量报告】页面，等待报告列表加载完成
2. 找到任务 task_15695_enum_fail 对应的枚举值规则行，查看详情说明列内容","1. 质量报告页面打开，报告列表加载完成
2. 详情说明列显示「字段枚举值存在约定范围外的值，约定范围外的值的数量总计为2个，不符合规则“枚举值in '1,2,3'“」，操作列显示【查看详情】链接","1. 
2.","","2","功能测试","功能测试阶段","正常","0","1","2","通过","向林","2026-04-10","","0000-00-00","1","",""
"183361","数据资产_STD(#23)","/版本迭代测试用例/v6.4.10/【内置规则丰富】有效性，支持设置字段多规则的且或关系(#10461)","","数据质量 数据质量报告 质量报告说明 验证仅配置枚举值in校验通过时质量报告详情说明使用枚举值独立说明模板","1) 使用 admin 账号登录数据资产平台<br>2) 已在 Doris 数据源中准备测试表及数据：<br>CREATE TABLE test_db.quality_test_enum_pass (<br>  id INT NOT NULL,<br>  category VARCHAR(50)<br>) DISTRIBUTED BY HASH(id) BUCKETS 3 PROPERTIES(“replication_num“=“1“);<br>INSERT INTO test_db.quality_test_enum_pass VALUES<br>  (1, &#039;1&#039;),<br>  (2, &#039;2&#039;),<br>  (3, &#039;3&#039;);<br>-- 所有记录 category 值均在枚举 &#039;1,2,3&#039; 内<br>3) 已通过【数据质量 → 规则集管理】页面点击【新建规则集】，完成 Step 1 基础信息配置如下：<br>- *选择数据源: Doris<br>- *选择数据库: test_db<br>- *选择数据表: quality_test_enum_pass<br>- 规则集描述: 无<br>- *规则包名称: 枚举通过包<br>点击【下一步】进入 Step 2 监控规则，在规则包“枚举通过包“中点击【新增规则】，统计函数选择【枚举值】，配置如下：<br>- *字段: category<br>- *枚举值: in &#039;1,2,3&#039;<br>- 强弱规则: 强规则<br>- 过滤条件: 无<br>- 规则描述: 无<br>点击【保存】完成规则集“ruleset_15695_enum_pass“创建<br>4) 已通过【数据质量 → 规则任务管理】创建任务“task_15695_enum_pass“，通过【导入规则包】导入“ruleset_15695_enum_pass“的“枚举通过包“，点击【下一步】进入 Step 3 调度属性，保持默认配置后点击【保存】，已执行完成且校验结果为通过","1. 进入【数据质量 → 数据质量报告】页面，等待报告列表加载完成
2. 找到任务 task_15695_enum_pass 对应的枚举值规则行，查看详情说明列内容","1. 质量报告页面打开，报告列表加载完成
2. 详情说明列显示「字段枚举值不存在约定范围外的值，符合规则“枚举值in '1,2,3'“」，不显示取值范围相关说明","1. 
2.","","1","功能测试","功能测试阶段","正常","0","3","2","通过","向林","2026-04-10","","0000-00-00","1","",""
"183360","数据资产_STD(#23)","/版本迭代测试用例/v6.4.10/【内置规则丰富】有效性，支持设置字段多规则的且或关系(#10461)","","数据质量 校验结果查询 校验不通过时明细查看与下载 验证取值范围&枚举范围规则校验「通过时不记录」明细数据且操作列不显示查看详情","1) 使用 admin 账号登录数据资产平台<br>2) 规则任务 task_15695_or 已执行完成，或关系下全部记录均满足，校验结果为通过","1. 进入【数据质量 → 校验结果查询】页面，等待列表加载完成
2. 在列表中找到 task_15695_or 最新实例记录，点击【查看详情】打开实例详情
3. 在实例详情中查看该规则行的质检结果列、详情说明列和操作列内容","1. 校验结果查询页面打开，列表显示已有任务记录
2. 实例详情页面打开，规则名称为【取值范围&枚举范围】的规则行数据加载完成
3. 实例详情中该规则行显示如下：
1) 质检结果列显示「校验通过」
2) 详情说明列显示「符合规则“取值范围>1“或“枚举值in '1,2,3'“」
3) 操作列显示 --，不显示【查看详情】链接，明细数据不可访问","1. 
2. 
3.","","2","功能测试","功能测试阶段","正常","0","1","3","通过","向林","2026-04-10","","0000-00-00","1","",""
"183359","数据资产_STD(#23)","/版本迭代测试用例/v6.4.10/【内置规则丰富】有效性，支持设置字段多规则的且或关系(#10461)","","数据质量 校验结果查询 校验不通过时明细查看与下载 验证取值范围&枚举范围规则校验「不通过时下载」明细数据中校验字段标红展示","1) 使用 admin 账号登录数据资产平台<br>2) 规则任务 task_15695_and 最新实例已执行完成，且关系规则校验结果为不通过<br>3) task_15695_and 最新实例详情中，取值范围&枚举范围规则行操作列显示【查看详情】链接，对应不通过记录为 id=2、id=4、id=5","1. 进入【数据质量 → 校验结果查询】页面，等待列表加载完成
2. 在列表中找到 task_15695_and 最新实例记录，点击【查看详情】打开实例详情，再点击取值范围&枚举范围规则行操作列【查看详情】链接
3. 点击【下载明细】按钮，等待文件下载完成
4. 打开下载的明细文件（Excel 格式），查看 score 字段列的单元格格式及颜色标注","1. 校验结果查询页面打开，列表显示已有任务记录
2. 明细数据页面打开，数据列表显示不通过记录（id=2、id=4、id=5），共 3 条
3. 浏览器触发文件下载
4. 下载文件展示如下：
1) 文件可正常打开，包含所有字段列（id、score、category）
2) score 字段列中不符合规则记录对应单元格以红色背景或红色字体标红展示
3) 文件中记录数为 3 条（id=2、id=4、id=5），与页面明细列表数量一致","1. 
2. 
3. 
4.","","2","功能测试","功能测试阶段","正常","0","1","4","通过","向林","2026-04-10","","0000-00-00","1","",""
"183358","数据资产_STD(#23)","/版本迭代测试用例/v6.4.10/【内置规则丰富】有效性，支持设置字段多规则的且或关系(#10461)","","数据质量 校验结果查询 校验不通过时明细查看与下载 验证取值范围&枚举范围规则校验「不通过时可查看」明细且校验字段标红展示","1) 使用 admin 账号登录数据资产平台<br>2) 规则任务 task_15695_and 已执行完成，且关系规则校验结果为不通过<br>3) 已在 Doris 数据源中准备测试表及数据：<br>DROP TABLE IF EXISTS test_db.quality_test_num;<br>CREATE TABLE test_db.quality_test_num (<br>  id INT NOT NULL,<br>  score DOUBLE,<br>  category VARCHAR(50)<br>) DISTRIBUTED BY HASH(id) BUCKETS 3 PROPERTIES(“replication_num“=“1“);<br>INSERT INTO test_db.quality_test_num VALUES<br>  (1, 5.0, &#039;2&#039;),<br>  (2, 15.0, &#039;4&#039;),<br>  (3, 3.0, &#039;1&#039;),<br>  (4, -1.0, &#039;3&#039;),<br>  (5, 8.0, &#039;5&#039;);<br>4) 数据表 test_db.quality_test_num 不符合规则的记录为 id=2(score=15)、id=4(score=-1)、id=5(category=5)<br>5) task_15695_and 最新实例详情中，取值范围&枚举范围规则行操作列显示【查看详情】链接","1. 进入【数据质量 → 校验结果查询】页面，等待列表加载完成
2. 在列表中找到 task_15695_and 最新实例记录，点击【查看详情】打开实例详情
3. 在实例详情中点击规则行操作列【查看详情】链接
4. 在明细数据页面中查看数据列表的字段展示情况和记录内容","1. 校验结果查询页面打开，列表显示已有任务记录
2. 实例详情页面打开，规则名称为【取值范围&枚举范围】的规则行数据加载完成，操作列显示【查看详情】链接
3. 明细数据页面打开，显示不通过记录数据列表
4. 明细数据展示如下：
1) 数据列表保留全部字段（id、score、category 均显示）
2) 校验字段 score 以标红方式展示（红色背景或红色字体）
3) 列表中仅包含不符合规则的记录（id=2、id=4、id=5），共 3 条
4) 符合规则的记录（id=1、id=3）不出现在明细中","1. 
2. 
3. 
4.","","1","功能测试","功能测试阶段","正常","0","3","4","通过","向林","2026-04-10","","0000-00-00","1","",""
"183357","数据资产_STD(#23)","/版本迭代测试用例/v6.4.10/【内置规则丰富】有效性，支持设置字段多规则的且或关系(#10461)","","数据质量 规则库配置 规则库展示验证 验证规则库中新增取值范围&枚举范围内置规则展示正确","1) 使用 admin 账号登录数据资产平台<br>2) 账号具有数据质量模块查看权限","1. 进入【数据质量 → 规则库配置】页面，等待规则库配置列表加载完成
2. 点击页面顶部【内置规则】Tab 页签，在规则分类筛选下拉框中勾选【有效性校验】，点击【确定】按钮，等待列表刷新完成
3. 在规则列表中查找规则名称为【取值范围&枚举范围】的规则条目，查看该行各列内容
4. 导出规则库","1. 规则库配置页面打开，列表显示规则数据
2. 列表按有效性校验分类筛选刷新完成，仅显示规则分类为「有效性校验」的规则条目
3. 规则库列表中存在规则名称为【取值范围&枚举范围】的条目，各列显示如下：
1) 规则解释列显示「取值范围和枚举范围的联合校验」
2) 规则分类列显示「有效性校验」
3) 关联范围列显示「字段」
4) 规则描述列显示「校验字段值取值范围和枚举范围是否符合要求，支持配置规则且或关系」
4. 存在取值范围&枚举范围-取值范围和枚举范围的联合校验-有效性校验","1. 
2. 
3. 
4.","","2","功能测试","功能测试阶段","正常","0","1","4","通过","向林","2026-04-10","","0000-00-00","1","",""
"183356","数据资产_STD(#23)","/版本迭代测试用例/v6.4.10/【内置规则丰富】有效性，支持设置字段多规则的且或关系(#10461)","","数据质量 规则任务管理 分区表场景验证 验证对分区表指定分区执行取值范围&枚举范围校验结果正确","1) 使用 admin 账号登录数据资产平台<br>2) 已在 Doris 数据源中准备分区表及数据：<br>CREATE TABLE test_db.quality_test_partition (<br>  id INT NOT NULL,<br>  score DOUBLE,<br>  category VARCHAR(50),<br>  dt DATE NOT NULL<br>) PARTITION BY RANGE(dt) (<br>  PARTITION p20260401 VALUES LESS THAN (&#039;2026-04-02&#039;),<br>  PARTITION p20260402 VALUES LESS THAN (&#039;2026-04-03&#039;)<br>) DISTRIBUTED BY HASH(id) BUCKETS 3 PROPERTIES(“replication_num“=“1“);<br>INSERT INTO test_db.quality_test_partition VALUES<br>  (1, 5.0, &#039;2&#039;, &#039;2026-04-01&#039;),<br>  (2, 15.0, &#039;4&#039;, &#039;2026-04-01&#039;),<br>  (3, 3.0, &#039;1&#039;, &#039;2026-04-02&#039;),<br>  (4, -1.0, &#039;3&#039;, &#039;2026-04-02&#039;);<br>-- p20260401 分区：id=1(满足)、id=2(score=15越界，不满足)<br>-- p20260402 分区：id=3(满足)、id=4(score=-1越界，不满足)<br>3) 已通过【数据质量 → 规则集管理】页面点击【新建规则集】，完成 Step 1 基础信息配置如下：<br>- *选择数据源: Doris<br>- *选择数据库: test_db<br>- *选择数据表: quality_test_partition<br>- 规则集描述: 无<br>- *规则包名称: 分区校验包<br>点击【下一步】进入 Step 2 监控规则，在规则包“分区校验包“中点击【新增规则】，统计函数选择【取值范围&枚举范围】，配置如下：<br>- *字段: score<br>- *取值范围: >1<br>- *枚举值: category in &#039;1,2,3&#039;<br>- *条件关系: 且<br>- 强弱规则: 强规则<br>- 过滤条件: 无<br>- 规则描述: 无<br>点击【保存】完成规则集“ruleset_15695_partition“创建<br>4) 已通过【数据质量 → 规则任务管理】页面，点击【新建监控规则】创建任务“task_15695_partition“，Step 1 关联 Doris 数据源 test_db.quality_test_partition 表并指定分区为 p20260401，Step 2 通过【导入规则包】导入“ruleset_15695_partition“的“分区校验包“，已完成 Step 3 调度属性并保存","1. 进入【数据质量 → 规则任务管理】页面，等待规则任务列表加载完成
2. 点击任务 task_15695_partition 对应行的【执行】按钮
3. 进入【数据质量 → 校验结果查询】页面，找到 task_15695_partition 最新实例记录并打开实例详情","1. 规则任务管理页面打开，任务列表显示已有任务数据行
2. 页面弹出提示信息，提示任务已提交执行
3. 实例详情中该规则行显示如下：
1) 质检结果列显示「校验不通过」
2) 仅 p20260401 分区数据参与校验（id=1 和 id=2）
3) 不通过记录为 id=2(score=15>1 满足取值范围，但 category=4 不在枚举 '1,2,3' 内) 不通过
4) p20260402 分区数据（id=3、id=4）未参与校验","1. 
2. 
3.","","3","功能测试","功能测试阶段","正常","0","1","3","通过","向林","2026-04-10","","0000-00-00","1","",""
"183355","数据资产_STD(#23)","/版本迭代测试用例/v6.4.10/【内置规则丰富】有效性，支持设置字段多规则的且或关系(#10461)","","数据质量 规则任务管理 抽样场景验证 验证结合抽样功能执行取值范围&枚举范围校验结果正确","1) 使用 admin 账号登录数据资产平台<br>2) 已在 Doris 数据源中准备测试表及数据：<br>CREATE TABLE test_db.quality_test_sample (<br>  id INT NOT NULL,<br>  score DOUBLE,<br>  category VARCHAR(50)<br>) DISTRIBUTED BY HASH(id) BUCKETS 3 PROPERTIES(“replication_num“=“1“);<br>INSERT INTO test_db.quality_test_sample VALUES<br>  (1, 5.0, &#039;2&#039;),<br>  (2, 15.0, &#039;4&#039;),<br>  (3, 3.0, &#039;1&#039;),<br>  (4, -1.0, &#039;3&#039;),<br>  (5, 8.0, &#039;5&#039;),<br>  (6, 7.0, &#039;1&#039;),<br>  (7, 9.0, &#039;2&#039;),<br>  (8, 2.0, &#039;3&#039;),<br>  (9, 6.0, &#039;1&#039;),<br>  (10, 4.0, &#039;2&#039;);<br>-- 共10条记录，抽样50%后校验5条数据<br>3) 已通过【数据质量 → 规则集管理】页面点击【新建规则集】，完成 Step 1 基础信息配置如下：<br>- *选择数据源: Doris<br>- *选择数据库: test_db<br>- *选择数据表: quality_test_sample<br>- 规则集描述: 无<br>- *规则包名称: 抽样校验包<br>点击【下一步】进入 Step 2 监控规则，在规则包“抽样校验包“中点击【新增规则】，统计函数选择【取值范围&枚举范围】，配置如下：<br>- *字段: score<br>- *取值范围: >1<br>- *枚举值: category in &#039;1,2,3&#039;<br>- *条件关系: 且<br>- 强弱规则: 强规则<br>- 过滤条件: 无<br>- 规则描述: 无<br>点击【保存】完成规则集“ruleset_15695_sample“创建<br>4) 已通过【数据质量 → 规则任务管理】页面，点击【新建监控规则】创建任务“task_15695_sample“，Step 1 关联 Doris 数据源 test_db.quality_test_sample 表，Step 2 通过【导入规则包】导入“ruleset_15695_sample“的“抽样校验包“，在任务配置中设置抽样比例为 50%，已完成 Step 3 调度属性并保存","1. 进入【数据质量 → 规则任务管理】页面，等待规则任务列表加载完成
2. 点击任务 task_15695_sample 对应行的【执行】按钮
3. 进入【数据质量 → 校验结果查询】页面，找到 task_15695_sample 最新实例记录并打开实例详情","1. 规则任务管理页面打开，任务列表显示已有任务数据行
2. 页面弹出提示信息，提示任务已提交执行
3. 实例详情中该规则行显示如下：
1) 质检结果列显示校验结果（校验通过或校验不通过），具体结果取决于实际抽样数据
2) 实例详情中的统计信息显示参与校验的数据量约为总数据量的 50%（约5条）
3) 详情说明中规则描述与配置一致","1. 
2. 
3.","","3","功能测试","功能测试阶段","正常","0","1","3","通过","向林","2026-04-10","","0000-00-00","1","",""
"183354","数据资产_STD(#23)","/版本迭代测试用例/v6.4.10/【内置规则丰富】有效性，支持设置字段多规则的且或关系(#10461)","","数据质量 规则任务管理 校验失败查看日志 验证取值范围&枚举范围规则执行失败时可查看日志","1) 使用 admin 账号登录数据资产平台<br>2) 已有规则任务执行状态为【执行失败】，失败任务中包含取值范围&枚举范围规则<br>3) 可通过断开数据源连接或制造 SQL 执行错误来模拟执行失败","1. 进入【数据质量 → 校验结果查询】页面，等待列表加载完成
2. 在校验结果查询列表中找到状态为【执行失败】且包含取值范围&枚举范围规则的实例记录，打开实例详情后点击对应规则行操作列【查看日志】链接","1. 校验结果查询页面打开，列表显示已有任务记录
2. 日志弹窗正常打开，显示任务执行失败的详细日志信息，包含失败时间戳、错误类型及错误详情","1. 
2.","","3","功能测试","功能测试阶段","正常","0","1","2","通过","向林","2026-04-10","","0000-00-00","1","",""
"183353","数据资产_STD(#23)","/版本迭代测试用例/v6.4.10/【内置规则丰富】有效性，支持设置字段多规则的且或关系(#10461)","","数据质量 规则任务管理 校验失败查看日志 验证弱规则标识在校验结果查询实例详情中展示正确","1) 使用 admin 账号登录数据资产平台<br>2) 已在 Doris 数据源中准备测试表及数据：<br>DROP TABLE IF EXISTS test_db.quality_test_num;<br>CREATE TABLE test_db.quality_test_num (<br>  id INT NOT NULL,<br>  score DOUBLE,<br>  category VARCHAR(50)<br>) DISTRIBUTED BY HASH(id) BUCKETS 3 PROPERTIES(“replication_num“=“1“);<br>INSERT INTO test_db.quality_test_num VALUES<br>  (1, 5.0, &#039;2&#039;),<br>  (2, 15.0, &#039;4&#039;),<br>  (3, 3.0, &#039;1&#039;),<br>  (4, -1.0, &#039;3&#039;),<br>  (5, 8.0, &#039;5&#039;);<br>3) 已通过【数据质量 → 规则集管理】页面点击【新建规则集】，完成 Step 1 基础信息配置如下：<br>- *选择数据源: Doris<br>- *选择数据库: test_db<br>- *选择数据表: quality_test_num<br>- 规则集描述: 无<br>- *规则包名称: 弱规则校验包<br>点击【下一步】进入 Step 2 监控规则，在规则包“弱规则校验包“中点击【新增规则】，统计函数选择【取值范围&枚举范围】，配置如下：<br>- *字段: score<br>- *取值范围: >1<br>- *枚举值: category in &#039;1,2,3&#039;<br>- *条件关系: 且<br>- 强弱规则: 弱规则<br>- 过滤条件: 无<br>- 规则描述: 无<br>点击【保存】完成规则集“ruleset_15695_weak“创建<br>4) 已通过【数据质量 → 规则任务管理】页面，点击【新建监控规则】创建任务“task_15695_weak“，Step 1 关联 Doris 数据源 test_db.quality_test_num 表，Step 2 通过【导入规则包】导入“ruleset_15695_weak“的“弱规则校验包“，已完成 Step 3 调度属性并保存","1. 进入【数据质量 → 规则任务管理】页面，等待规则任务列表加载完成
2. 点击任务 task_15695_weak 对应行的【执行】按钮
3. 进入【数据质量 → 校验结果查询】页面，找到 task_15695_weak 最新实例记录并打开实例详情，查看规则行强弱规则标识","1. 规则任务管理页面打开，任务列表显示已有任务数据行
2. 页面弹出提示信息，提示任务已提交执行
3. 实例详情中该规则行显示如下：
1) 强弱规则列标识为「弱规则」
2) 整体任务质量评分不因该弱规则不通过而降级","1. 
2. 
3.","","3","功能测试","功能测试阶段","正常","0","1","3","通过","向林","2026-04-10","","0000-00-00","1","",""
"183352","数据资产_STD(#23)","/版本迭代测试用例/v6.4.10/【内置规则丰富】有效性，支持设置字段多规则的且或关系(#10461)","","数据质量 规则任务管理 或关系 验证执行含取值范围&枚举范围或关系规则的任务后校验通过","1) 使用 admin 账号登录数据资产平台<br>2) 已在 Doris 数据源中准备测试表及数据：<br>DROP TABLE IF EXISTS test_db.quality_test_num;<br>CREATE TABLE test_db.quality_test_num (<br>  id INT NOT NULL,<br>  score DOUBLE,<br>  category VARCHAR(50)<br>) DISTRIBUTED BY HASH(id) BUCKETS 3 PROPERTIES(“replication_num“=“1“);<br>INSERT INTO test_db.quality_test_num VALUES<br>  (1, 5.0, &#039;2&#039;),<br>  (2, 15.0, &#039;4&#039;),<br>  (3, 3.0, &#039;1&#039;),<br>  (4, -1.0, &#039;3&#039;),<br>  (5, 8.0, &#039;5&#039;);<br>-- 或关系下：只需满足 score>1 或 category in &#039;1,2,3&#039; 其中之一即通过<br>-- 全部记录均满足或关系，校验通过<br>3) 已通过【数据质量 → 规则集管理】页面点击【新建规则集】，完成 Step 1 基础信息配置如下：<br>- *选择数据源: Doris<br>- *选择数据库: test_db<br>- *选择数据表: quality_test_num<br>- 规则集描述: 无<br>- *规则包名称: 或关系校验包<br>点击【下一步】进入 Step 2 监控规则，在规则包“或关系校验包“中点击【新增规则】，统计函数选择【取值范围&枚举范围】，配置如下：<br>- *字段: score<br>- *取值范围: >1<br>- *枚举值: category in &#039;1,2,3&#039;<br>- *条件关系: 或<br>- 强弱规则: 强规则<br>- 过滤条件: 无<br>- 规则描述: 无<br>点击【保存】完成规则集“ruleset_15695_or“创建<br>4) 已通过【数据质量 → 规则任务管理】页面，点击【新建监控规则】创建任务“task_15695_or“，Step 1 关联 Doris 数据源 test_db.quality_test_num 表，Step 2 通过【导入规则包】导入“ruleset_15695_or“的“或关系校验包“，已完成 Step 3 调度属性并保存","1. 进入【数据质量 → 规则任务管理】页面，等待规则任务列表加载完成
2. 点击任务 task_15695_or 对应行的【执行】按钮
3. 进入【数据质量 → 校验结果查询】页面，找到 task_15695_or 最新实例记录并打开实例详情","1. 规则任务管理页面打开，任务列表显示已有任务数据行
2. 页面弹出提示信息，提示任务已提交执行
3. 实例详情中该规则行显示如下：
1) 质检结果列显示「校验通过」
2) 详情说明列显示「符合规则“取值范围>1“或“枚举值in '1,2,3'“」
3) 操作列显示 --，不显示【查看详情】链接","1. 
2. 
3.","","2","功能测试","功能测试阶段","正常","0","1","3","通过","向林","2026-04-10","","0000-00-00","1","",""
"183351","数据资产_STD(#23)","/版本迭代测试用例/v6.4.10/【内置规则丰富】有效性，支持设置字段多规则的且或关系(#10461)","","数据质量 规则任务管理 且关系 验证执行含取值范围&枚举范围且关系规则的任务后校验结果查询实例详情展示正确","1) 使用 admin 账号登录数据资产平台<br />2) 已在 Doris 数据源中准备测试表及数据：<br />CREATE TABLE test_db.quality_test_num (<br />&nbsp; id INT NOT NULL,<br />&nbsp; score DOUBLE,<br />&nbsp; category VARCHAR(50)<br />) DISTRIBUTED BY HASH(id) BUCKETS 3 PROPERTIES(“replication_num“=“1“);<br />INSERT INTO test_db.quality_test_num VALUES<br />&nbsp; (1, 5.0, &#039;2&#039;),<br />&nbsp; (2, 15.0, &#039;4&#039;),<br />&nbsp; (3, 3.0, &#039;1&#039;),<br />&nbsp; (4, -1.0, &#039;3&#039;),<br />&nbsp; (5, 8.0, &#039;5&#039;);<br />-- 满足规则的数据：id=3(score=3，满足 &gt;1 且 &lt;10 且属于枚举值 1,2,3)<br />-- 不符合规则的数据：id=1(score=5不在枚举)、id=2(score=15超出取值范围且不在枚举)、id=4(score=-1超出取值范围且不在枚举)、id=5(score=8不在枚举)<br />3) 已通过【数据质量 → 规则集管理】页面点击【新建规则集】，完成 Step 1 基础信息配置如下：<br />- *选择数据源: Doris<br />- *选择数据库: test_db<br />- *选择数据表: quality_test_num<br />- 规则集描述: 无<br />- *规则包名称: 且关系校验包<br />点击【下一步】进入 Step 2 监控规则，在规则包“且关系校验包“中点击【新增规则】，统计函数选择【取值范围&amp;枚举范围】，配置如下：<br />- *字段: score<br />- *取值范围: &gt;1 且 &lt;10<br />- *枚举值: in &#039;1,2,3&#039;<br />- *条件关系: 且<br />- 强弱规则: 强规则<br />- 过滤条件: 无<br />- 规则描述: 无<br />点击【保存】完成规则集“ruleset_15695_and“创建<br />4) 已通过【数据质量 → 规则任务管理】页面，点击【新建监控规则】创建任务“task_15695_and“，Step 1 关联 Doris 数据源 test_db.quality_test_num 表，Step 2 监控规则中通过【导入规则包】导入规则集“ruleset_15695_and“的“且关系校验包“，已完成 Step 3 调度属性并保存<br /><br />","1. 进入【数据质量 → 规则任务管理】页面，等待规则任务列表加载完成
2. 在规则任务列表中点击任务 task_15695_and 对应行的【执行】按钮
3. 进入【数据质量 → 校验结果查询】页面，找到 task_15695_and 最新实例记录并打开实例详情，查看规则名称为【取值范围&枚举范围】、字段为 score 的规则行","1. 规则任务管理页面打开，任务列表显示已有任务数据行
2. 页面弹出提示信息，提示任务已提交执行
3. 实例详情中该规则行显示如下：
1) 规则类型列显示「有效性校验」
2) 规则名称列显示「取值范围&枚举范围」
3) 质检结果列显示「校验不通过」
4) 未通过原因列显示「不符合有效性规则」
5) 详情说明列完整展示取值范围 >1、取值范围 <10 和枚举值 in '1,2,3' 三项条件均参与判断
6) 操作列显示【查看详情】链接","1. 
2. 
3.","","1","功能测试","功能测试阶段","正常","0","4","3","通过","向林","2026-04-10","向林","2026-04-14","2","",""
"183350","数据资产_STD(#23)","/版本迭代测试用例/v6.4.10/【内置规则丰富】有效性，支持设置字段多规则的且或关系(#10461)","","数据质量 规则集管理 规则编辑-且或关系切换 验证在规则集中已保存的且关系规则编辑切换为或关系后保存成功","1) 使用 admin 账号登录数据资产平台<br>2) 已在 Doris 数据源中准备测试表及数据：<br>DROP TABLE IF EXISTS test_db.quality_test_num;<br>CREATE TABLE test_db.quality_test_num (<br>  id INT NOT NULL,<br>  score DOUBLE,<br>  category VARCHAR(50)<br>) DISTRIBUTED BY HASH(id) BUCKETS 3 PROPERTIES(“replication_num“=“1“);<br>INSERT INTO test_db.quality_test_num VALUES<br>  (1, 5.0, &#039;2&#039;),<br>  (2, 15.0, &#039;4&#039;),<br>  (3, 3.0, &#039;1&#039;),<br>  (4, -1.0, &#039;3&#039;),<br>  (5, 8.0, &#039;5&#039;);<br>3) 已通过【数据质量 → 规则集管理】页面点击【新建规则集】，完成 Step 1 基础信息配置（选择数据源=Doris，数据库=test_db，数据表=quality_test_num，规则包名称=且关系校验包），点击【下一步】进入 Step 2 监控规则，在规则包“且关系校验包“中点击【新增规则】，统计函数选择【取值范围&枚举范围】，配置字段=score、取值范围>1且<10、枚举值 category in &#039;1,2,3&#039;、条件关系=且、强弱规则=强规则，点击规则行【保存】，再点击页面底部【保存】完成规则集“ruleset_15695_and“创建","1. 进入【数据质量 → 规则集管理】页面，等待规则集列表加载完成
2. 找到“ruleset_15695_and“，点击操作列的【编辑】按钮，进入 Step 2 监控规则页面，找到已配置的取值范围&枚举范围规则，将且或关系从【且】切换为【或】单选按钮
3. 点击【保存】按钮，再点击页面底部【保存】完成规则集保存","1. 规则集管理页面打开，列表显示已有规则集数据行
2. 且或关系单选按钮切换为「或」被选中
3. 规则保存成功，规则列表中且或关系列由「且」变更为「或」","1. 
2. 
3.","","2","功能测试","功能测试阶段","正常","0","1","3","通过","向林","2026-04-10","","0000-00-00","1","",""
"183349","数据资产_STD(#23)","/版本迭代测试用例/v6.4.10/【内置规则丰富】有效性，支持设置字段多规则的且或关系(#10461)","","数据质量 规则集管理 表单校验 验证取值范围和枚举值均未填写时点击保存提示至少填写一项","1) 使用 admin 账号登录数据资产平台<br>2) 已在 Doris 数据源中准备测试表及数据：<br>DROP TABLE IF EXISTS test_db.quality_test_num;<br>CREATE TABLE test_db.quality_test_num (<br>  id INT NOT NULL,<br>  score DOUBLE,<br>  category VARCHAR(50)<br>) DISTRIBUTED BY HASH(id) BUCKETS 3 PROPERTIES(“replication_num“=“1“);<br>INSERT INTO test_db.quality_test_num VALUES<br>  (1, 5.0, &#039;2&#039;),<br>  (2, 15.0, &#039;4&#039;),<br>  (3, 3.0, &#039;1&#039;),<br>  (4, -1.0, &#039;3&#039;),<br>  (5, 8.0, &#039;5&#039;);<br>3) 已通过【数据质量 → 规则集管理】页面点击【新建规则集】，完成 Step 1 基础信息配置（选择数据源=Doris，数据库=test_db，数据表=quality_test_num，规则包名称=且关系校验包），点击【下一步】进入 Step 2 监控规则，在规则包“且关系校验包“中点击【新增规则】，统计函数选择【取值范围&枚举范围】，配置字段=score、取值范围>1且<10、枚举值 category in &#039;1,2,3&#039;、条件关系=且、强弱规则=强规则，点击规则行【保存】，再点击页面底部【保存】完成规则集“ruleset_15695_and“创建","1. 进入【数据质量 → 规则集管理】页面，等待规则集列表加载完成
2. 找到“ruleset_15695_and“，点击操作列的【编辑】按钮，进入 Step 2 监控规则页面，在“且关系校验包“中点击【新增规则】，在统计函数下拉框中选择【取值范围&枚举范围】
3. 在当前规则配置表单中按顺序填写如下：
- *字段: score
- *取值范围行: 期望值和操作符均不填写，保持为空
- *枚举值行: 不填写，保持为空
- 强弱规则: 强规则
- 过滤条件: 无
- 规则描述: 无
4. 点击【保存】按钮","1. 规则集管理页面正常打开，列表显示已有规则集数据行
2. 规则集编辑页 Step 2 打开，新增规则配置区域展开，统计函数显示「取值范围&枚举范围」
3. *字段下拉框显示已选中 score，取值范围和枚举值均为空
4. 保存失败，页面展示红色校验错误提示「取值范围和枚举值至少填写一项」，规则未被保存","1. 
2. 
3. 
4.","","2","功能测试","功能测试阶段","正常","0","1","4","通过","向林","2026-04-10","","0000-00-00","1","",""
"183348","数据资产_STD(#23)","/版本迭代测试用例/v6.4.10/【内置规则丰富】有效性，支持设置字段多规则的且或关系(#10461)","","数据质量 规则集管理 表单校验 验证取值范围和枚举值均已填写但关系未选择时点击保存提示校验错误","1) 使用 admin 账号登录数据资产平台<br>2) 已在 Doris 数据源中准备测试表及数据：<br>DROP TABLE IF EXISTS test_db.quality_test_num;<br>CREATE TABLE test_db.quality_test_num (<br>  id INT NOT NULL,<br>  score DOUBLE,<br>  category VARCHAR(50)<br>) DISTRIBUTED BY HASH(id) BUCKETS 3 PROPERTIES(“replication_num“=“1“);<br>INSERT INTO test_db.quality_test_num VALUES<br>  (1, 5.0, &#039;2&#039;),<br>  (2, 15.0, &#039;4&#039;),<br>  (3, 3.0, &#039;1&#039;),<br>  (4, -1.0, &#039;3&#039;),<br>  (5, 8.0, &#039;5&#039;);<br>3) 已通过【数据质量 → 规则集管理】页面点击【新建规则集】，完成 Step 1 基础信息配置（选择数据源=Doris，数据库=test_db，数据表=quality_test_num，规则包名称=且关系校验包），点击【下一步】进入 Step 2 监控规则，在规则包“且关系校验包“中点击【新增规则】，统计函数选择【取值范围&枚举范围】，配置字段=score、取值范围>1且<10、枚举值 category in &#039;1,2,3&#039;、条件关系=且、强弱规则=强规则，点击规则行【保存】，再点击页面底部【保存】完成规则集“ruleset_15695_and“创建","1. 进入【数据质量 → 规则集管理】页面，等待规则集列表加载完成
2. 找到“ruleset_15695_and“，点击操作列的【编辑】按钮，进入 Step 2 监控规则页面，在“且关系校验包“中点击【新增规则】，在统计函数下拉框中选择【取值范围&枚举范围】
3. 在当前规则配置表单中按顺序填写如下：
- *字段: score
- *取值范围行: 期望值输入 1，操作符选择 >
- *枚举值行-枚举值类型: 选择 in
- *枚举值行-枚举值信息: 依次输入 1、2、3
- *条件关系: 保持默认空选项（不选择且/或）
- 强弱规则: 强规则
- 过滤条件: 无
- 规则描述: 无
4. 点击【保存】按钮","1. 规则集管理页面正常打开，列表显示已有规则集数据行
2. 规则集编辑页 Step 2 打开，新增规则配置区域展开，统计函数显示「取值范围&枚举范围」
3. *字段下拉框显示已选中 score，取值范围操作符显示 >、期望值显示 1，枚举值类型显示 in、枚举值信息显示 1、2、3，条件关系未选择
4. 保存失败，页面在且或关系设置位置展示红色校验错误提示「请选择规则关系」，规则未被保存","1. 
2. 
3. 
4.","","2","功能测试","功能测试阶段","正常","0","1","4","通过","向林","2026-04-10","","0000-00-00","1","",""
"183347","数据资产_STD(#23)","/版本迭代测试用例/v6.4.10/【内置规则丰富】有效性，支持设置字段多规则的且或关系(#10461)","","数据质量 规则集管理 表单校验 验证枚举值下拉框已选择in但值输入框为空时点击保存提示校验错误","1) 使用 admin 账号登录数据资产平台<br>2) 已在 Doris 数据源中准备测试表及数据：<br>DROP TABLE IF EXISTS test_db.quality_test_num;<br>CREATE TABLE test_db.quality_test_num (<br>  id INT NOT NULL,<br>  score DOUBLE,<br>  category VARCHAR(50)<br>) DISTRIBUTED BY HASH(id) BUCKETS 3 PROPERTIES(“replication_num“=“1“);<br>INSERT INTO test_db.quality_test_num VALUES<br>  (1, 5.0, &#039;2&#039;),<br>  (2, 15.0, &#039;4&#039;),<br>  (3, 3.0, &#039;1&#039;),<br>  (4, -1.0, &#039;3&#039;),<br>  (5, 8.0, &#039;5&#039;);<br>3) 已通过【数据质量 → 规则集管理】页面点击【新建规则集】，完成 Step 1 基础信息配置（选择数据源=Doris，数据库=test_db，数据表=quality_test_num，规则包名称=且关系校验包），点击【下一步】进入 Step 2 监控规则，在规则包“且关系校验包“中点击【新增规则】，统计函数选择【取值范围&枚举范围】，配置字段=score、取值范围>1且<10、枚举值 category in &#039;1,2,3&#039;、条件关系=且、强弱规则=强规则，点击规则行【保存】，再点击页面底部【保存】完成规则集“ruleset_15695_and“创建","1. 进入【数据质量 → 规则集管理】页面，等待规则集列表加载完成
2. 找到“ruleset_15695_and“，点击操作列的【编辑】按钮，进入 Step 2 监控规则页面，在“且关系校验包“中点击【新增规则】，在统计函数下拉框中选择【取值范围&枚举范围】
3. 在当前规则配置表单中按顺序填写如下：
- *字段: score
- *取值范围行: 期望值输入 1，操作符选择 >
- *枚举值行-枚举值类型: 选择 in
- *枚举值行-枚举值信息: 留空不输入任何值
- *条件关系: 选择【且】
- 强弱规则: 强规则
- 过滤条件: 无
- 规则描述: 无
4. 点击【保存】按钮","1. 规则集管理页面正常打开，列表显示已有规则集数据行
2. 规则集编辑页 Step 2 打开，新增规则配置区域展开，统计函数显示「取值范围&枚举范围」
3. *字段下拉框显示已选中 score，取值范围操作符显示 >、期望值显示 1，枚举值类型显示 in、枚举值信息为空，条件关系显示「且」
4. 保存失败，页面在枚举值信息输入框位置展示红色校验错误提示「请输入枚举值」，规则未被保存","1. 
2. 
3. 
4.","","2","功能测试","功能测试阶段","正常","0","1","4","通过","向林","2026-04-10","","0000-00-00","1","",""
"183346","数据资产_STD(#23)","/版本迭代测试用例/v6.4.10/【内置规则丰富】有效性，支持设置字段多规则的且或关系(#10461)","","数据质量 规则集管理 表单校验 验证取值范围设置期望值已填写但操作符未选择时点击保存提示校验错误","1) 使用 admin 账号登录数据资产平台<br>2) 已在 Doris 数据源中准备测试表及数据：<br>DROP TABLE IF EXISTS test_db.quality_test_num;<br>CREATE TABLE test_db.quality_test_num (<br>  id INT NOT NULL,<br>  score DOUBLE,<br>  category VARCHAR(50)<br>) DISTRIBUTED BY HASH(id) BUCKETS 3 PROPERTIES(“replication_num“=“1“);<br>INSERT INTO test_db.quality_test_num VALUES<br>  (1, 5.0, &#039;2&#039;),<br>  (2, 15.0, &#039;4&#039;),<br>  (3, 3.0, &#039;1&#039;),<br>  (4, -1.0, &#039;3&#039;),<br>  (5, 8.0, &#039;5&#039;);<br>3) 已通过【数据质量 → 规则集管理】页面点击【新建规则集】，完成 Step 1 基础信息配置（选择数据源=Doris，数据库=test_db，数据表=quality_test_num，规则包名称=且关系校验包），点击【下一步】进入 Step 2 监控规则，在规则包“且关系校验包“中点击【新增规则】，统计函数选择【取值范围&枚举范围】，配置字段=score、取值范围>1且<10、枚举值 category in &#039;1,2,3&#039;、条件关系=且、强弱规则=强规则，点击规则行【保存】，再点击页面底部【保存】完成规则集“ruleset_15695_and“创建","1. 进入【数据质量 → 规则集管理】页面，等待规则集列表加载完成
2. 找到“ruleset_15695_and“，点击操作列的【编辑】按钮，进入 Step 2 监控规则页面，在“且关系校验包“中点击【新增规则】，在统计函数下拉框中选择【取值范围&枚举范围】
3. 在当前规则配置表单中按顺序填写如下：
- *字段: score
- *取值范围行-期望值: 输入 5
- *取值范围行-操作符: 保持默认空选项（不选择任何操作符）
- *枚举值行-枚举值类型: 选择 in
- *枚举值行-枚举值信息: 依次输入 1、2、3
- *条件关系: 选择【且】
- 强弱规则: 强规则
- 过滤条件: 无
- 规则描述: 无
4. 点击【保存】按钮","1. 规则集管理页面正常打开，列表显示已有规则集数据行
2. 规则集编辑页 Step 2 打开，新增规则配置区域展开，统计函数显示「取值范围&枚举范围」
3. *字段下拉框显示已选中 score，取值范围期望值显示 5、操作符未选择，枚举值类型显示 in、枚举值信息显示 1、2、3，条件关系显示「且」
4. 保存失败，页面在取值范围设置操作符位置展示红色校验错误提示「请选择操作符」，规则未被保存","1. 
2. 
3. 
4.","","2","功能测试","功能测试阶段","正常","0","1","4","通过","向林","2026-04-10","","0000-00-00","1","",""
"183345","数据资产_STD(#23)","/版本迭代测试用例/v6.4.10/【内置规则丰富】有效性，支持设置字段多规则的且或关系(#10461)","","数据质量 规则集管理 string类型字段强转double验证 验证string类型字段在规则集中配置取值范围&枚举范围规则时系统可正常保存","1) 使用 admin 账号登录数据资产平台<br />2) 已在 Doris 数据源中准备测试表及数据：<br />DROP TABLE IF EXISTS test_db.quality_test_str;<br />CREATE TABLE test_db.quality_test_str (<br /> id INT NOT NULL,<br /> score_str VARCHAR(50),<br /> category VARCHAR(50)<br />) DISTRIBUTED BY HASH(id) BUCKETS 3 PROPERTIES(“replication_num“=“1“);<br />INSERT INTO test_db.quality_test_str VALUES<br /> (1, &#039;5&#039;&nbsp; , &#039;2&#039;),<br /> (2, &#039;5.0&#039;, &#039;4&#039;),<br /> (3, &#039;15.0&#039;, &#039;1&#039;),<br /> (4, &#039;abc&#039;, &#039;3&#039;),<br /> (5, &#039;-1.0&#039;, &#039;5&#039;);<br />3) 已通过【数据质量 → 规则集管理】页面点击【新建规则集】，完成 Step 1 基础信息配置如下：<br />- *选择数据源: Doris<br />- *选择数据库: test_db<br />- *选择数据表: quality_test_str<br />- 规则集描述: 无<br />- *规则包名称: string强转包<br />点击【下一步】进入 Step 2 监控规则，在规则包中点击【新增规则】，统计函数选择【非空值数】，字段选择 id，点击规则行【保存】，再点击页面底部【保存】完成规则集“ruleset_15695_str“创建<br /><br />","1. 进入【数据质量 → 规则集管理】页面，等待规则集列表加载完成
2. 找到“ruleset_15695_str“，点击操作列的【编辑】按钮，进入 Step 2 监控规则页面，在“string强转包“中点击【新增规则】，在统计函数下拉框中选择【取值范围&枚举范围】，按顺序填写如下：
- *字段: score_str
- *取值范围设置: > 1 【且】< 10
- *枚举值设置: in 5、5.5、15
- *取值范围和枚举值关系: 且
- 强弱规则: 强规则
- 过滤条件: 无
- 规则描述: 无
3. 点击【保存】按钮，再点击页面底部【保存】完成规则集保存
4. 在规则任务中引用该规则集并执行校验任务，等待任务运行完成后查看校验结果","1. 规则集管理页面打开，列表显示已有规则集数据行
2. 字段下拉框中 score_str（VARCHAR 类型）可被选中；枚举值类型以下拉框方式展示，默认回显【in】，展开后包含【in】和【not in】两个选项，规则配置表单正常展开
3. 规则保存成功，string 类型字段可正常配置取值范围&枚举范围规则
4. 校验结果中 string 类型值被正确强转为 double 类型进行比较：
1) '5' 强转为 5.0，满足 >1 且 <10，且属于枚举值 5、5.5、15，校验通过
2) '5.0' 强转为 5.0，满足 >1 且 <10，且属于枚举值 5、5.5、15，校验通过
3) '15.0' 强转为 15.0，虽属于枚举值 5、5.5、15，但不满足 <10，校验失败
4) 'abc' 无法转为 double，空值
5) '-1.0' 强转为 -1.0，不满足 >1，校验失败","1. 
2. 
3. 
4.","","1","功能测试","功能测试阶段","正常","0","3","4","通过","向林","2026-04-10","向林","2026-04-20","3","",""
"183344","数据资产_STD(#23)","/版本迭代测试用例/v6.4.10/【内置规则丰富】有效性，支持设置字段多规则的且或关系(#10461)","","数据质量 规则集管理 枚举值 in/not in 切换 验证原有枚举值规则同步新增not in选项且可正常保存","1) 使用 admin 账号登录数据资产平台<br>2) 已在 Doris 数据源中准备测试表及数据：<br>DROP TABLE IF EXISTS test_db.quality_test_num;<br>CREATE TABLE test_db.quality_test_num (<br>  id INT NOT NULL,<br>  score DOUBLE,<br>  category VARCHAR(50)<br>) DISTRIBUTED BY HASH(id) BUCKETS 3 PROPERTIES(“replication_num“=“1“);<br>INSERT INTO test_db.quality_test_num VALUES<br>  (1, 5.0, &#039;2&#039;),<br>  (2, 15.0, &#039;4&#039;),<br>  (3, 3.0, &#039;1&#039;),<br>  (4, -1.0, &#039;3&#039;),<br>  (5, 8.0, &#039;5&#039;);<br>3) 已通过【数据质量 → 规则集管理】页面点击【新建规则集】，完成 Step 1 基础信息配置如下：<br>- *选择数据源: Doris<br>- *选择数据库: test_db<br>- *选择数据表: quality_test_num<br>- 规则集描述: 无<br>- *规则包名称: 原枚举值包<br>点击【下一步】进入 Step 2 监控规则，在规则包中点击【新增规则】，统计函数选择【非空值数】，字段选择 id，点击规则行【保存】，再点击页面底部【保存】完成规则集“ruleset_15695_enum_orig“创建","1. 进入【数据质量 → 规则集管理】页面，等待规则集列表加载完成
2. 找到“ruleset_15695_enum_orig“，点击操作列的【编辑】按钮，进入 Step 2 监控规则，在“原枚举值包“中点击【新增规则】，在统计函数下拉框中选择原有的【枚举值】规则类型，查看枚举值设置行中下拉框选项
3. 在枚举值设置下拉框中选择【not in】，按顺序填写如下：
- *字段: category
- *枚举值信息: 依次输入 4、5
- 强弱规则: 强规则
- 过滤条件: 无
- 规则描述: 无
点击【保存】按钮，再点击页面底部【保存】","1. 规则集管理页面打开，列表显示已有规则集数据行
2. 枚举值设置下拉框中包含【in】和【not in】两个选项
3. 规则保存成功，规则列表中对应规则的枚举值列显示 not in '4,5'","1. 
2. 
3.","","2","功能测试","功能测试阶段","正常","0","1","3","通过","向林","2026-04-10","","0000-00-00","1","",""
"183343","数据资产_STD(#23)","/版本迭代测试用例/v6.4.10/【内置规则丰富】有效性，支持设置字段多规则的且或关系(#10461)","","数据质量 规则集管理 枚举值 in/not in 切换 验证在规则集中枚举值选择not in保存成功","1) 使用 admin 账号登录数据资产平台<br>2) 已在 Doris 数据源中准备测试表及数据：<br>DROP TABLE IF EXISTS test_db.quality_test_num;<br>CREATE TABLE test_db.quality_test_num (<br>  id INT NOT NULL,<br>  score DOUBLE,<br>  category VARCHAR(50)<br>) DISTRIBUTED BY HASH(id) BUCKETS 3 PROPERTIES(“replication_num“=“1“);<br>INSERT INTO test_db.quality_test_num VALUES<br>  (1, 5.0, &#039;2&#039;),<br>  (2, 15.0, &#039;4&#039;),<br>  (3, 3.0, &#039;1&#039;),<br>  (4, -1.0, &#039;3&#039;),<br>  (5, 8.0, &#039;5&#039;);<br>3) 已通过【数据质量 → 规则集管理】页面点击【新建规则集】，完成 Step 1 基础信息配置如下：<br>- *选择数据源: Doris<br>- *选择数据库: test_db<br>- *选择数据表: quality_test_num<br>- 规则集描述: 无<br>- *规则包名称: notin校验包<br>点击【下一步】进入 Step 2 监控规则，在规则包中点击【新增规则】，统计函数选择【非空值数】，字段选择 id，点击规则行【保存】，再点击页面底部【保存】完成规则集“ruleset_15695_notin“创建","1. 进入【数据质量 → 规则集管理】页面，等待规则集列表加载完成
2. 找到“ruleset_15695_notin“，点击操作列的【编辑】按钮，进入 Step 2 监控规则页面，在“notin校验包“中点击【新增规则】，在统计函数下拉框中选择【取值范围&枚举范围】，按顺序填写如下：
- *字段: category
- *取值范围行: 不填写，保持为空
- *枚举值行-枚举值类型: 选择 not in
- *枚举值行-枚举值信息: 依次输入 4、5
- 强弱规则: 强规则
- 过滤条件: 无
- 规则描述: 无
3. 点击【保存】按钮，再点击页面底部【保存】完成规则集保存","1. 规则集管理页面打开，列表显示已有规则集数据行
2. 规则集编辑页 Step 2 打开，规则包名称显示“notin校验包“，关联表显示 test_db.quality_test_num
3. 规则保存成功，规则列表中对应规则的枚举值设置列显示 not in '4,5'","1. 
2. 
3.","","2","功能测试","功能测试阶段","正常","0","1","3","通过","向林","2026-04-10","","0000-00-00","1","",""
"183342","数据资产_STD(#23)","/版本迭代测试用例/v6.4.10/【内置规则丰富】有效性，支持设置字段多规则的且或关系(#10461)","","数据质量 规则集管理 规则配置-仅枚举值配置 验证在规则集中仅填写枚举值可正常保存","1) 使用 admin 账号登录数据资产平台<br>2) 已在 Doris 数据源中准备测试表及数据：<br>DROP TABLE IF EXISTS test_db.quality_test_num;<br>CREATE TABLE test_db.quality_test_num (<br>  id INT NOT NULL,<br>  score DOUBLE,<br>  category VARCHAR(50)<br>) DISTRIBUTED BY HASH(id) BUCKETS 3 PROPERTIES(“replication_num“=“1“);<br>INSERT INTO test_db.quality_test_num VALUES<br>  (1, 5.0, &#039;2&#039;),<br>  (2, 15.0, &#039;4&#039;),<br>  (3, 3.0, &#039;1&#039;),<br>  (4, -1.0, &#039;3&#039;),<br>  (5, 8.0, &#039;5&#039;);<br>3) 已通过【数据质量 → 规则集管理】页面点击【新建规则集】，完成 Step 1 基础信息配置如下：<br>- *选择数据源: Doris<br>- *选择数据库: test_db<br>- *选择数据表: quality_test_num<br>- 规则集描述: 无<br>- *规则包名称: 仅枚举值包<br>点击【下一步】进入 Step 2 监控规则，在规则包中点击【新增规则】，统计函数选择【非空值数】，字段选择 id，点击规则行【保存】，再点击页面底部【保存】完成规则集“ruleset_15695_enum“创建","1. 进入【数据质量 → 规则集管理】页面，等待规则集列表加载完成
2. 找到“ruleset_15695_enum“，点击操作列的【编辑】按钮，进入 Step 2 监控规则页面，在“仅枚举值包“中点击【新增规则】，在统计函数下拉框中选择【取值范围&枚举范围】，按顺序填写如下：
- *字段: category
- *取值范围行: 不填写，保持为空
- *枚举值行-枚举值类型: 选择 in
- *枚举值行-枚举值信息: 依次输入 1、2、3
- 强弱规则: 强规则
- 过滤条件: 无
- 规则描述: 无
3. 点击【保存】按钮，再点击页面底部【保存】完成规则集保存","1. 规则集管理页面打开，列表显示已有规则集数据行
2. 规则集编辑页 Step 2 打开，规则包名称显示“仅枚举值包“，关联表显示 test_db.quality_test_num
3. 规则保存成功，规则列表中对应规则的枚举值列显示 in '1,2,3'，取值范围列显示 --","1. 
2. 
3.","","2","功能测试","功能测试阶段","正常","0","1","3","通过","向林","2026-04-10","","0000-00-00","1","",""
"183341","数据资产_STD(#23)","/版本迭代测试用例/v6.4.10/【内置规则丰富】有效性，支持设置字段多规则的且或关系(#10461)","","数据质量 规则集管理 规则配置-仅取值范围配置 验证在规则集中仅填写取值范围可正常保存","1) 使用 admin 账号登录数据资产平台<br>2) 已在 Doris 数据源中准备测试表及数据：<br>DROP TABLE IF EXISTS test_db.quality_test_num;<br>CREATE TABLE test_db.quality_test_num (<br>  id INT NOT NULL,<br>  score DOUBLE,<br>  category VARCHAR(50)<br>) DISTRIBUTED BY HASH(id) BUCKETS 3 PROPERTIES(“replication_num“=“1“);<br>INSERT INTO test_db.quality_test_num VALUES<br>  (1, 5.0, &#039;2&#039;),<br>  (2, 15.0, &#039;4&#039;),<br>  (3, 3.0, &#039;1&#039;),<br>  (4, -1.0, &#039;3&#039;),<br>  (5, 8.0, &#039;5&#039;);<br>3) 已通过【数据质量 → 规则集管理】页面点击【新建规则集】，完成 Step 1 基础信息配置如下：<br>- *选择数据源: Doris<br>- *选择数据库: test_db<br>- *选择数据表: quality_test_num<br>- 规则集描述: 无<br>- *规则包名称: 仅取值范围包<br>点击【下一步】进入 Step 2 监控规则，在规则包中点击【新增规则】，统计函数选择【非空值数】，字段选择 id，点击规则行【保存】，再点击页面底部【保存】完成规则集“ruleset_15695_range“创建","1. 进入【数据质量 → 规则集管理】页面，等待规则集列表加载完成
2. 找到“ruleset_15695_range“，点击操作列的【编辑】按钮，进入 Step 2 监控规则页面，在“仅取值范围包“中点击【新增规则】，在统计函数下拉框中选择【取值范围&枚举范围】，按顺序填写如下：
- *字段: score
- *取值范围行: 期望值输入 0，操作符选择 >=
- *枚举值行: 不填写，保持为空
- 强弱规则: 强规则
- 过滤条件: 无
- 规则描述: 无
3. 点击【保存】按钮，再点击页面底部【保存】完成规则集保存","1. 规则集管理页面打开，列表显示已有规则集数据行
2. 规则集编辑页 Step 2 打开，规则包名称显示“仅取值范围包“，关联表显示 test_db.quality_test_num
3. 规则保存成功，规则列表中对应规则显示如下：
1) 取值范围列显示 >=0
2) 枚举值设置列显示 --
3) 且或关系列不显示（仅一项规则时无需关系）","1. 
2. 
3.","","2","功能测试","功能测试阶段","正常","0","1","3","通过","向林","2026-04-10","","0000-00-00","1","",""
"183340","数据资产_STD(#23)","/版本迭代测试用例/v6.4.10/【内置规则丰富】有效性，支持设置字段多规则的且或关系(#10461)","","数据质量 规则集管理 规则配置-或关系 验证在规则集中配置取值范围&枚举范围规则或关系时保存成功","1) 使用 admin 账号登录数据资产平台<br>2) 已在 Doris 数据源中准备测试表及数据：<br>DROP TABLE IF EXISTS test_db.quality_test_num;<br>CREATE TABLE test_db.quality_test_num (<br>  id INT NOT NULL,<br>  score DOUBLE,<br>  category VARCHAR(50)<br>) DISTRIBUTED BY HASH(id) BUCKETS 3 PROPERTIES(“replication_num“=“1“);<br>INSERT INTO test_db.quality_test_num VALUES<br>  (1, 5.0, &#039;2&#039;),<br>  (2, 15.0, &#039;4&#039;),<br>  (3, 3.0, &#039;1&#039;),<br>  (4, -1.0, &#039;3&#039;),<br>  (5, 8.0, &#039;5&#039;);<br>3) 已通过【数据质量 → 规则集管理】页面点击【新建规则集】，完成 Step 1 基础信息配置如下：<br>- *选择数据源: Doris<br>- *选择数据库: test_db<br>- *选择数据表: quality_test_num<br>- 规则集描述: 无<br>- *规则包名称: 或关系校验包<br>点击【下一步】进入 Step 2 监控规则，在规则包中点击【新增规则】，统计函数选择【非空值数】，字段选择 id，点击规则行【保存】，再点击页面底部【保存】完成规则集“ruleset_15695_or“创建","1. 进入【数据质量 → 规则集管理】页面，等待规则集列表加载完成
2. 找到“ruleset_15695_or“，点击操作列的【编辑】按钮，进入 Step 2 监控规则页面，在“或关系校验包“中点击【新增规则】，在统计函数下拉框中选择【取值范围&枚举范围】，按顺序填写如下：
- *字段: score
- *取值范围行: 期望值输入 1，操作符选择 >
- *条件关系: 选择【或】单选按钮
- *枚举值行-枚举值类型: 选择 in
- *枚举值行-枚举值信息: 依次输入 1、2、3
- 强弱规则: 强规则
- 过滤条件: 无
- 规则描述: 无
3. 点击【保存】按钮，再点击页面底部【保存】完成规则集保存","1. 规则集管理页面打开，列表显示已有规则集数据行
2. 规则集编辑页 Step 2 打开，规则包名称显示“或关系校验包“，关联表显示 test_db.quality_test_num
3. 规则保存成功，规则列表中新增规则的且或关系列显示「或」","1. 
2. 
3.","","2","功能测试","功能测试阶段","正常","0","1","3","通过","向林","2026-04-10","","0000-00-00","1","",""
"183339","数据资产_STD(#23)","/版本迭代测试用例/v6.4.10/【内置规则丰富】有效性，支持设置字段多规则的且或关系(#10461)","","数据质量 规则集管理 规则配置-新增取值范围&枚举范围规则 验证在规则集中按完整顺序新建取值范围&枚举范围且关系规则（数值类型字段）","1) 使用 admin 账号登录数据资产平台<br>2) 已在 Doris 数据源中准备测试表及数据：<br>DROP TABLE IF EXISTS test_db.quality_test_num;<br>CREATE TABLE test_db.quality_test_num (<br>  id INT NOT NULL,<br>  score DOUBLE,<br>  category VARCHAR(50)<br>) DISTRIBUTED BY HASH(id) BUCKETS 3 PROPERTIES(“replication_num“=“1“);<br>INSERT INTO test_db.quality_test_num VALUES<br>  (1, 5.0, &#039;2&#039;),<br>  (2, 15.0, &#039;4&#039;),<br>  (3, 3.0, &#039;1&#039;),<br>  (4, -1.0, &#039;3&#039;),<br>  (5, 8.0, &#039;5&#039;);<br>-- 说明：score 字段期望 >1 且 <10；category 枚举值期望 in &#039;1,2,3&#039;<br>-- 符合且关系（两者均满足）的记录：id=1(score=5,category=2)、id=3(score=3,category=1)<br>-- 不符合的记录：id=2(score=15越界)、id=4(score=-1越界)、id=5(category=5不在枚举)","1. 进入【数据质量 → 规则集管理】页面，等待规则集列表加载完成
2. 点击【新建规则集】，在 Step 1 基础信息中按页面实际顺序填写：
- *选择数据源: Doris
- *选择数据库: test_db
- *选择数据表: quality_test_num
- 规则集描述: 无
- *规则包名称: 且关系校验包
点击【下一步】
3. 在 Step 2 监控规则中，在规则包“且关系校验包”下点击【新增规则】，在统计函数下拉框中选择【取值范围&枚举范围】，并按顺序填写如下：
- *字段: score
- *取值范围行-第一组: 期望值输入 1，操作符选择 大于（>）
- *取值范围行-第二组: 点击右侧【+】添加第二条，期望值输入 10，操作符选择 小于（<）
- *条件关系: 选择【且】单选按钮
- *枚举值行-枚举值类型: 选择 in
- *枚举值行-枚举值信息: 依次输入 1、2、3
- 强弱规则: 强规则
- 过滤条件: 无
- 规则描述: score取值范围1到10且枚举值in 1,2,3
4. 点击规则行【保存】按钮，再点击页面底部【保存】完成规则集创建","1. 规则集管理页面打开，列表显示已有规则集数据行
2. Step 1 基础信息校验通过，进入 Step 2 监控规则页面
3. 规则配置区域展开正常，字段、取值范围、枚举值、条件关系和强弱规则均可正常录入
4. 规则集保存成功，规则列表中对应规则显示：
1) 规则类型显示「取值范围&枚举范围」
2) 字段显示 score
3) 取值范围显示 >1 且 <10
4) 枚举值显示 in '1,2,3'
5) 且或关系显示「且」
6) 强弱规则显示「强规则」","1. 
2. 
3. 
4.","","1","功能测试","功能测试阶段","正常","0","3","4","通过","向林","2026-04-10","","0000-00-00","1","",""
"183338","数据资产_STD(#23)","/版本迭代测试用例/v6.4.10/【内置规则丰富】完整性，json中key值范围校验(#10460)","","数据质量 数据质量报告 质量报告-展示验证 验证质量报告中不包含校验方法的详情说明格式正确","1) 已在Doris数据源中准备测试表及数据：<br>CREATE TABLE qa_test.test_json_key_range (<br>  id INT,<br>  info JSON,<br>  extra_info VARCHAR(500)<br>) DISTRIBUTED BY HASH(id) BUCKETS 3<br>PROPERTIES(“replication_num“ = “1“);<br>INSERT INTO qa_test.test_json_key_range VALUES<br>  (1, &#039;{“key1“:“张三“,“key2“:25}&#039;, &#039;{“key1“:“test“}&#039;),<br>  (2, &#039;{“key1“:“李四“}&#039;, &#039;{“key2“:“test2“}&#039;),<br>  (3, &#039;{“key2“:30}&#039;, NULL);<br>2) 已通过【数据质量 → 规则集管理】页面，点击【新建规则集】，在 Step 1 基础信息中选择数据源=Doris、数据库=qa_test、数据表=test_json_key_range，规则包名称“不包含校验测试包“，点击【下一步】进入 Step 2 监控规则，在规则包“不包含校验测试包“中点击【新增规则】，统计函数选择【key范围校验】，字段选择 info，校验方法选择【不包含】，校验内容选择 key1 和 key2，点击规则行【保存】，再点击页面底部【保存】完成规则集创建；并通过【数据质量 → 规则任务管理】页面，点击【新建监控规则】，在 Step 1 基础信息中规则名称=task_json_not_include_test、数据源=Doris、数据库=qa_test、数据表=test_json_key_range，点击【下一步】进入 Step 2 监控规则，通过【导入规则包】导入“不包含校验测试包“，点击【下一步】进入 Step 3 调度属性，点击【保存】，任务创建成功并已执行完成；在【数据质量 → 校验结果查询】页面已生成对应实例记录，且实例详情中同时存在校验通过行和校验不通过行","1. 进入【数据质量 → 数据质量报告】页面，等待页面加载完成
2. 找到“task_json_not_include_test“，查看最新一次执行的报告详情
3. 分别查看校验通过行和校验不通过行的“详情说明“列内容","1. 数据质量报告页面正常打开，报告列表加载完成
2. 报告详情页正常打开，数据加载完成
3. 1) 校验通过行：详情说明=符合规则key范围不包含“key1-key2“
2) 校验不通过行：详情说明=不符合规则key范围不包含“key1-key2“
3) 两者格式均正确体现“不包含“校验方法","1. 
2. 
3.","","1","功能测试","功能测试阶段","正常","0","3","3","通过","向林","2026-04-10","","0000-00-00","1","",""
"183337","数据资产_STD(#23)","/版本迭代测试用例/v6.4.10/【内置规则丰富】完整性，json中key值范围校验(#10460)","","数据质量 数据质量报告 质量报告-展示验证 验证质量报告中校验不通过行的各列展示内容正确","1) 已在Doris数据源中准备测试表及数据：<br>CREATE TABLE qa_test.test_json_key_range (<br>  id INT,<br>  info JSON,<br>  extra_info VARCHAR(500)<br>) DISTRIBUTED BY HASH(id) BUCKETS 3<br>PROPERTIES(“replication_num“ = “1“);<br>INSERT INTO qa_test.test_json_key_range VALUES<br>  (1, &#039;{“key1“:“张三“,“key2“:25}&#039;, &#039;{“key1“:“test“}&#039;),<br>  (2, &#039;{“key1“:“李四“}&#039;, &#039;{“key2“:“test2“}&#039;),<br>  (3, &#039;{“key2“:30}&#039;, NULL);<br>2) 已通过【数据质量 → 规则集管理】页面，点击【新建规则集】，在 Step 1 基础信息中选择数据源=Doris、数据库=qa_test、数据表=test_json_key_range，规则包名称“key范围校验测试包“，点击【下一步】进入 Step 2 监控规则，在规则包“key范围校验测试包“中点击【新增规则】，统计函数选择【key范围校验】，字段选择 info，校验方法选择【包含】，校验内容选择 key1 和 key2，点击规则行【保存】，再点击页面底部【保存】完成规则集创建；并通过【数据质量 → 规则任务管理】页面，点击【新建监控规则】，在 Step 1 基础信息中规则名称=task_json_key_range_test、数据源=Doris、数据库=qa_test、数据表=test_json_key_range，点击【下一步】进入 Step 2 监控规则，通过【导入规则包】导入“key范围校验测试包“，点击【下一步】进入 Step 3 调度属性，点击【保存】，任务创建成功并已执行完成；在【数据质量 → 校验结果查询】页面已生成对应实例记录<br>3) 存在质检结果为“校验不通过“的记录","1. 进入【数据质量 → 数据质量报告】页面，等待页面加载完成
2. 找到“task_json_key_range_test“，查看最新一次执行的报告详情
3. 找到质检结果为“校验不通过“的规则行，逐列查看各字段值，并点击操作列的【查看详情】按钮","1. 数据质量报告页面正常打开，报告列表加载完成
2. 报告详情页正常打开，数据加载完成
3. 该规则行各列展示正确：
1) 规则类型列=完整性校验
2) 规则名称列=key范围校验
3) 字段类型列=json
4) 质检结果=校验不通过
5) 未通过原因列=key范围校验未通过
6) 详情说明列=不符合规则key范围包含“key1-key2“
7) 操作列显示【查看详情】按钮，点击后跳转至明细页","1. 
2. 
3.","","2","功能测试","功能测试阶段","正常","0","2","3","通过","向林","2026-04-10","","0000-00-00","1","",""
"183336","数据资产_STD(#23)","/版本迭代测试用例/v6.4.10/【内置规则丰富】完整性，json中key值范围校验(#10460)","","数据质量 数据质量报告 质量报告-展示验证 验证质量报告中校验通过行的各列展示内容正确","1) 已在Doris数据源中准备测试表及数据：<br>CREATE TABLE qa_test.test_json_key_range (<br>  id INT,<br>  info JSON,<br>  extra_info VARCHAR(500)<br>) DISTRIBUTED BY HASH(id) BUCKETS 3<br>PROPERTIES(“replication_num“ = “1“);<br>INSERT INTO qa_test.test_json_key_range VALUES<br>  (1, &#039;{“key1“:“张三“,“key2“:25}&#039;, &#039;{“key1“:“test“}&#039;),<br>  (2, &#039;{“key1“:“李四“}&#039;, &#039;{“key2“:“test2“}&#039;),<br>  (3, &#039;{“key2“:30}&#039;, NULL);<br>2) 已通过【数据质量 → 规则集管理】页面，点击【新建规则集】，在 Step 1 基础信息中选择数据源=Doris、数据库=qa_test、数据表=test_json_key_range，规则包名称“key范围校验测试包“，点击【下一步】进入 Step 2 监控规则，在规则包“key范围校验测试包“中点击【新增规则】，统计函数选择【key范围校验】，字段选择 info，校验方法选择【包含】，校验内容选择 key1 和 key2，点击规则行【保存】，再点击页面底部【保存】完成规则集创建；并通过【数据质量 → 规则任务管理】页面，点击【新建监控规则】，在 Step 1 基础信息中规则名称=task_json_key_range_test、数据源=Doris、数据库=qa_test、数据表=test_json_key_range，点击【下一步】进入 Step 2 监控规则，通过【导入规则包】导入“key范围校验测试包“，点击【下一步】进入 Step 3 调度属性，点击【保存】，任务创建成功并已执行完成；在【数据质量 → 校验结果查询】页面已生成对应实例记录<br>3) 存在质检结果为“校验通过“的记录","1. 进入【数据质量 → 数据质量报告】页面，等待页面加载完成
2. 找到“task_json_key_range_test“，查看最新一次执行的报告详情
3. 找到质检结果为“校验通过“的规则行，逐列查看各字段值","1. 数据质量报告页面正常打开，报告列表加载完成
2. 报告详情页正常打开，数据加载完成
3. 该规则行各列展示正确：
1) 规则类型列=完整性校验
2) 规则名称列=key范围校验
3) 字段类型列=json
4) 质检结果=校验通过
5) 未通过原因列=--
6) 详情说明列=符合规则key范围包含“key1-key2“
7) 操作列=--","1. 
2. 
3.","","2","功能测试","功能测试阶段","正常","0","1","3","通过","向林","2026-04-10","","0000-00-00","1","",""
"183335","数据资产_STD(#23)","/版本迭代测试用例/v6.4.10/【内置规则丰富】完整性，json中key值范围校验(#10460)","","数据质量 校验结果查询 校验明细与日志 验证校验失败时支持查看日志","1) 已在Doris数据源中准备测试表及数据：<br>CREATE TABLE qa_test.test_json_key_range (<br>  id INT,<br>  info JSON,<br>  extra_info VARCHAR(500)<br>) DISTRIBUTED BY HASH(id) BUCKETS 3<br>PROPERTIES(“replication_num“ = “1“);<br>INSERT INTO qa_test.test_json_key_range VALUES<br>  (1, &#039;{“key1“:“张三“,“key2“:25}&#039;, &#039;{“key1“:“test“}&#039;),<br>  (2, &#039;{“key1“:“李四“}&#039;, &#039;{“key2“:“test2“}&#039;),<br>  (3, &#039;{“key2“:30}&#039;, NULL);<br>2) 已通过【数据质量 → 规则集管理】页面，点击【新建规则集】，在 Step 1 基础信息中选择数据源=Doris、数据库=qa_test、数据表=test_json_key_range，规则包名称“故障测试包“，点击【下一步】进入 Step 2 监控规则，在规则包“故障测试包“中点击【新增规则】，统计函数选择【key范围校验】，字段选择 info，校验方法选择【包含】，校验内容选择已配置但随后被删除的 key（如 key_deleted_test），点击规则行【保存】，再点击页面底部【保存】完成规则集创建；并通过【数据质量 → 规则任务管理】页面，点击【新建监控规则】，在 Step 1 基础信息中规则名称=task_json_fail_test、数据源=Doris、数据库=qa_test、数据表=test_json_key_range，点击【下一步】进入 Step 2 监控规则，通过【导入规则包】导入“故障测试包“，点击【下一步】进入 Step 3 调度属性，点击【保存】，任务创建成功；随后在通用配置中删除 key_deleted_test，再执行任务“task_json_fail_test“，任务执行失败；在【数据质量 → 校验结果查询】页面已生成该任务执行状态为“执行失败“的实例记录","1. 进入【数据质量 → 校验结果查询】页面，等待页面加载完成
2. 找到“task_json_fail_test“，找到执行状态为“执行失败“的记录行
3. 点击该记录行操作列的【查看日志】按钮，等待日志内容加载","1. 校验结果查询页面正常打开，列表加载完成
2. 目标记录可正常定位，执行状态与实际一致
3. 日志弹窗正常打开，显示任务执行失败的错误日志内容，日志内容包含报错时间戳和错误描述信息","1. 
2. 
3.","","2","功能测试","功能测试阶段","正常","0","1","3","通过","向林","2026-04-10","","0000-00-00","1","",""
"183334","数据资产_STD(#23)","/版本迭代测试用例/v6.4.10/【内置规则丰富】完整性，json中key值范围校验(#10460)","","数据质量 校验结果查询 校验明细与日志 验证校验通过时结果查询页不显示明细入口","1) 已在Doris表test_json_key_range中插入数据：<br>   INSERT INTO test_json_key_range VALUES (20, &#039;{“key1“:“赵六“,“key2“:35}&#039;);<br>   （包含key1和key2）<br>2) 已在Doris数据源中准备测试表及数据：<br>CREATE TABLE qa_test.test_json_key_range (<br>  id INT,<br>  info JSON,<br>  extra_info VARCHAR(500)<br>) DISTRIBUTED BY HASH(id) BUCKETS 3<br>PROPERTIES(“replication_num“ = “1“);<br>INSERT INTO qa_test.test_json_key_range VALUES<br>  (1, &#039;{“key1“:“张三“,“key2“:25}&#039;, &#039;{“key1“:“test“}&#039;),<br>  (2, &#039;{“key1“:“李四“}&#039;, &#039;{“key2“:“test2“}&#039;),<br>  (3, &#039;{“key2“:30}&#039;, NULL);<br>3) 已通过规则集管理配置包含key1和key2的key范围校验规则，并在规则任务管理中通过【导入规则包】引用该规则集，创建任务“task_json_key_range_test“并已执行完成；在【数据质量 → 校验结果查询】页面已生成该任务最新实例记录<br>4) id=20记录质检结果为“校验通过“<br>注：上述任务创建已完成 Step 3 调度属性配置","1. 进入【数据质量 → 校验结果查询】页面，等待页面加载完成
2. 找到“task_json_key_range_test“最新执行记录
3. 找到质检结果为“校验通过“的规则行，查看操作列","1. 校验结果查询页面正常打开，列表加载完成
2. 执行记录正常展示，可定位到目标记录
3. 质检结果为“校验通过“的规则行，操作列显示“--“，不显示【查看明细】按钮，无法进入明细页","1. 
2. 
3.","","2","功能测试","功能测试阶段","正常","0","2","3","通过","向林","2026-04-10","","0000-00-00","1","",""
"183333","数据资产_STD(#23)","/版本迭代测试用例/v6.4.10/【内置规则丰富】完整性，json中key值范围校验(#10460)","","数据质量 校验结果查询 校验明细与日志 验证下载明细数据中校验字段标红展示","1) 已在Doris数据源中准备测试表及数据：<br>CREATE TABLE qa_test.test_json_key_range (<br>  id INT,<br>  info JSON,<br>  extra_info VARCHAR(500)<br>) DISTRIBUTED BY HASH(id) BUCKETS 3<br>PROPERTIES(“replication_num“ = “1“);<br>INSERT INTO qa_test.test_json_key_range VALUES<br>  (1, &#039;{“key1“:“张三“,“key2“:25}&#039;, &#039;{“key1“:“test“}&#039;),<br>  (2, &#039;{“key1“:“李四“}&#039;, &#039;{“key2“:“test2“}&#039;),<br>  (3, &#039;{“key2“:30}&#039;, NULL);<br>2) 已通过【数据质量 → 规则集管理】页面，点击【新建规则集】，在 Step 1 基础信息中选择数据源=Doris、数据库=qa_test、数据表=test_json_key_range，规则包名称“key范围校验测试包“，点击【下一步】进入 Step 2 监控规则，在规则包“key范围校验测试包“中点击【新增规则】，统计函数选择【key范围校验】，字段选择 info，校验方法选择【包含】，校验内容选择 key1 和 key2，点击规则行【保存】，再点击页面底部【保存】完成规则集创建；并通过【数据质量 → 规则任务管理】页面，点击【新建监控规则】，在 Step 1 基础信息中规则名称=task_json_key_range_test、数据源=Doris、数据库=qa_test、数据表=test_json_key_range，点击【下一步】进入 Step 2 监控规则，通过【导入规则包】导入“key范围校验测试包“，点击【下一步】进入 Step 3 调度属性，点击【保存】，任务创建成功并已执行完成；在【数据质量 → 校验结果查询】页面已生成该任务最新实例记录，且存在校验不通过规则行","1. 进入【数据质量 → 校验结果查询】页面，等待页面加载完成
2. 找到“task_json_key_range_test“结果记录，点击校验不通过规则行操作列的【查看明细】按钮，等待明细页加载完成
3. 点击明细页面右上角的【下载明细】按钮，等待文件下载完成
4. 打开下载的Excel文件，查看校验字段（info列）中不符合规则记录的单元格样式","1. 校验结果查询页面正常打开，列表加载完成
2. 明细数据页面正常打开，数据加载完成
3. 文件成功下载，文件格式为Excel（.xlsx）
4. Excel文件中，不符合规则记录的“info“字段对应单元格呈红色背景或红色字体标注，与页面展示一致","1. 
2. 
3. 
4.","","1","功能测试","功能测试阶段","正常","0","4","4","通过","向林","2026-04-10","","0000-00-00","1","",""
"183332","数据资产_STD(#23)","/版本迭代测试用例/v6.4.10/【内置规则丰富】完整性，json中key值范围校验(#10460)","","数据质量 校验结果查询 校验明细与日志 验证校验不通过时查看明细：标题、字段标红及全字段展示","1) 已在Doris表test_json_key_range中插入数据：<br>   INSERT INTO test_json_key_range VALUES (10, &#039;{“key1“:“王五“}&#039;);<br>   （仅含key1，缺key2）<br>2) 已在Doris数据源中准备测试表及数据：<br>CREATE TABLE qa_test.test_json_key_range (<br>  id INT,<br>  info JSON,<br>  extra_info VARCHAR(500)<br>) DISTRIBUTED BY HASH(id) BUCKETS 3<br>PROPERTIES(“replication_num“ = “1“);<br>INSERT INTO qa_test.test_json_key_range VALUES<br>  (1, &#039;{“key1“:“张三“,“key2“:25}&#039;, &#039;{“key1“:“test“}&#039;),<br>  (2, &#039;{“key1“:“李四“}&#039;, &#039;{“key2“:“test2“}&#039;),<br>  (3, &#039;{“key2“:30}&#039;, NULL);<br>3) 已通过【数据质量 → 规则集管理】页面，点击【新建规则集】，在 Step 1 基础信息中选择数据源=Doris、数据库=qa_test、数据表=test_json_key_range，规则包名称“key范围校验测试包“，点击【下一步】进入 Step 2 监控规则，在规则包“key范围校验测试包“中点击【新增规则】，统计函数选择【key范围校验】，字段选择 info，校验方法选择【包含】，校验内容选择 key1 和 key2，点击规则行【保存】，再点击页面底部【保存】完成规则集创建；并通过【数据质量 → 规则任务管理】页面，点击【新建监控规则】，在 Step 1 基础信息中规则名称=task_json_key_range_test、数据源=Doris、数据库=qa_test、数据表=test_json_key_range，点击【下一步】进入 Step 2 监控规则，通过【导入规则包】导入“key范围校验测试包“，点击【下一步】进入 Step 3 调度属性，点击【保存】，任务创建成功并已执行完成；在【数据质量 → 校验结果查询】页面已生成该任务最新实例记录<br>4) id=10记录质检结果为“校验不通过“","1. 进入【数据质量 → 校验结果查询】页面，等待页面加载完成
2. 找到“task_json_key_range_test“最新执行记录，找到质检结果为“校验不通过“的规则行
3. 点击该规则行操作列的【查看明细】按钮，等待明细弹窗加载完成
4. 观察明细页面的标题文案、数据列表字段列数、以及id=10记录的“info“字段展示样式","1. 校验结果查询页面正常打开，列表加载完成
2. 目标规则行可正常定位，数据展示完整
3. 成功打开明细页面，页面加载不报错
4. 1) 明细标题显示“查看“完整性校验-key范围校验“明细“
2) 数据列表展示原表全部字段（id、info等）
3) id=10记录的“info“字段内容以红色字体或红色背景高亮标红展示
4) 不符合要求的数据（id=10）出现在列表中","1. 
2. 
3. 
4.","","2","功能测试","功能测试阶段","正常","0","1","4","通过","向林","2026-04-10","","0000-00-00","1","",""
"183331","数据资产_STD(#23)","/版本迭代测试用例/v6.4.10/【内置规则丰富】完整性，json中key值范围校验(#10460)","","数据质量 规则库配置 规则库-内置规则展示 验证规则库中新增key范围校验内置规则展示信息正确","1) 当前环境为v6.3岚图定制化分支<br>2) 数据质量模块规则库功能可用","1. 进入【数据质量 → 规则库配置】页面，等待规则库列表加载完成
2. 在规则分类筛选中选择“完整性校验“，在列表中查找“key范围校验“规则
3. 点击“key范围校验“规则行查看规则详情
4. 返回规则列表，将鼠标悬浮在“key范围校验“的统计函数名称旁的提示图标上，等待tooltip出现
5. 导出规则库","1. 规则库配置页面正常打开，列表加载完成
2. 规则库完整性校验分类下可找到“key范围校验“规则
3. 规则详情显示：
1) 规则名称=key范围校验
2) 规则解释=对数据中包含的key范围校验
3) 规则分类=完整性校验
4) 关联范围=字段
5) 规则描述=校验json类型的字段中key名是否完整，对key的范围进行校验
4. 悬浮提示内容为“对数据中包含的key范围校验“，与规则库中“规则解释“字段内容一致
5. 存在key范围校验-对数据中包含的key范围校验-完整性校验","1. 
2. 
3. 
4. 
5.","","2","功能测试","功能测试阶段","正常","0","1","5","通过","向林","2026-04-10","","0000-00-00","1","",""
"183330","数据资产_STD(#23)","/版本迭代测试用例/v6.4.10/【内置规则丰富】完整性，json中key值范围校验(#10460)","","数据质量 规则任务管理 抽样与分区场景 验证对分区表配置key范围校验规则指定分区下数据校验正确","1) 已在【通用配置 → json格式校验管理】页面维护key1（姓名）、key2（年龄）<br>2) 已在Hive数据源中执行以下SQL创建分区表并灌数：<br>   CREATE TABLE hive_json_partition (<br>     id INT,<br>     info STRING<br>   ) PARTITIONED BY (dt STRING);<br>   ALTER TABLE hive_json_partition ADD PARTITION (dt=&#039;20260401&#039;);<br>   ALTER TABLE hive_json_partition ADD PARTITION (dt=&#039;20260402&#039;);<br>   INSERT INTO hive_json_partition PARTITION (dt=&#039;20260401&#039;) VALUES<br>     (1, &#039;{“key1“:“张三“,“key2“:25}&#039;),<br>     (2, &#039;{“key1“:“李四“}&#039;);<br>   INSERT INTO hive_json_partition PARTITION (dt=&#039;20260402&#039;) VALUES<br>     (3, &#039;{“key1“:“王五“,“key2“:30}&#039;);<br>3) 已通过【数据质量 → 规则集管理】页面完成规则集“rule_set_partition_test“创建：Step 1 基础信息中关联Hive数据源的hive_json_partition表，并新增规则包“分区测试包“；点击【下一步】进入 Step 2 监控规则，点击【新增规则】，配置字段=info（string类型）、统计函数=key范围校验、校验方法=包含、校验内容=key1和key2、过滤条件=指定分区dt=20260401；点击规则行的【保存】按钮，再点击页面底部【保存】，规则集创建成功<br>4) 已通过【数据质量 → 规则任务管理】页面完成任务“task_json_partition_test“创建：Step 1 基础信息中规则名称=task_json_partition_test，并关联同一Hive分区表；点击【下一步】进入 Step 2 监控规则，通过【导入规则包】导入规则集“rule_set_partition_test“的“分区测试包“；点击【下一步】进入 Step 3 调度属性，点击【保存】，任务创建成功","1. 进入【数据质量 → 规则任务管理】页面，等待规则任务列表加载完成
2. 找到“task_json_partition_test“，点击【立即执行】
3. 进入【数据质量 → 校验结果查询】页面，找到“task_json_partition_test“最新实例记录并打开实例详情","1. 规则任务管理页面正常打开，列表加载完成
2. 页面弹出提示信息，提示任务已提交执行
3. 1) 本次执行生成新的实例记录，任务名称与执行时间与本次操作匹配
2) 仅校验dt=20260401分区下的数据（id=1和id=2）
3) id=1（含key1和key2）质检结果=校验通过
4) id=2（仅含key1，缺key2）质检结果=校验不通过
5) dt=20260402分区的数据（id=3）不参与本次校验","1. 
2. 
3.","","2","功能测试","功能测试阶段","正常","0","1","3","通过","向林","2026-04-10","","0000-00-00","1","",""
"183329","数据资产_STD(#23)","/版本迭代测试用例/v6.4.10/【内置规则丰富】完整性，json中key值范围校验(#10460)","","数据质量 规则任务管理 抽样与分区场景 验证key范围校验规则结合抽样功能正确执行","1) 已在【通用配置 → json格式校验管理】页面维护key1（姓名）、key2（年龄）<br>2) 已在Doris表test_json_sampling中插入100条数据，其中50条包含key1和key2，50条仅包含key1：<br>   CREATE TABLE test_json_sampling (<br>     id INT,<br>     info JSON<br>   ) DISTRIBUTED BY HASH(id) BUCKETS 3<br>   PROPERTIES(“replication_num“ = “1“);<br>   -- 插入100条数据（id=1~50含key1和key2，id=51~100仅含key1）<br>3) 已通过【数据质量 → 规则集管理】页面完成规则集“rule_set_sampling_test“创建：Step 1 基础信息中关联Doris数据源的test_json_sampling表，并新增规则包“抽样测试包“；点击【下一步】进入 Step 2 监控规则，点击【新增规则】，配置字段=info、统计函数=key范围校验、校验方法=包含、校验内容=key1和key2；点击规则行的【保存】按钮，再点击页面底部【保存】，规则集创建成功<br>4) 已通过【数据质量 → 规则任务管理】页面完成任务“task_json_sampling_test“创建：Step 1 基础信息中规则名称=task_json_sampling_test，并关联同一Doris表；点击【下一步】进入 Step 2 监控规则，通过【导入规则包】导入规则集“rule_set_sampling_test“的“抽样测试包“；点击【下一步】进入 Step 3 调度属性，将抽样行数设置为10后点击【保存】，任务创建成功","1. 进入【数据质量 → 规则任务管理】页面，等待规则任务列表加载完成
2. 找到“task_json_sampling_test“，点击【立即执行】
3. 进入【数据质量 → 校验结果查询】页面，找到“task_json_sampling_test“最新实例记录并打开实例详情","1. 规则任务管理页面正常打开，列表加载完成
2. 页面弹出提示信息，提示任务已提交执行
3. 1) 本次执行生成新的实例记录，任务名称与执行时间与本次操作匹配
2) 实例详情中抽样行数显示为10
3) 校验结果基于抽样的10条数据进行判定
4) 校验通过和不通过的结果与抽样数据实际内容一致","1. 
2. 
3.","","2","功能测试","功能测试阶段","正常","0","1","3","通过","向林","2026-04-10","","0000-00-00","1","",""
"183328","数据资产_STD(#23)","/版本迭代测试用例/v6.4.10/【内置规则丰富】完整性，json中key值范围校验(#10460)","","数据质量 规则任务管理 key被删除后的关联影响 验证删除已被规则引用的key后执行校验任务不受影响","1) 已在【通用配置 → json格式校验管理】页面维护key数据：key_exec_1（名称1）、key_exec_2（名称2）<br>2) 已在Doris数据源中准备测试表及数据：<br>CREATE TABLE qa_test.test_json_key_range (<br>  id INT,<br>  info JSON,<br>  extra_info VARCHAR(500)<br>) DISTRIBUTED BY HASH(id) BUCKETS 3<br>PROPERTIES(“replication_num“ = “1“);<br>INSERT INTO qa_test.test_json_key_range VALUES<br>  (1, &#039;{“key1“:“张三“,“key2“:25}&#039;, &#039;{“key1“:“test“}&#039;),<br>  (2, &#039;{“key1“:“李四“}&#039;, &#039;{“key2“:“test2“}&#039;),<br>  (3, &#039;{“key2“:30}&#039;, NULL);<br>3) 已通过【数据质量 → 规则集管理】页面在规则集“rule_set_key_exec_test“的目标规则包中点击【新增规则】，配置字段=info、统计函数=key范围校验、校验方法=包含、校验内容=key_exec_1和key_exec_2；点击规则行的【保存】按钮，再点击页面底部【保存】，规则集保存成功<br>4) 已通过【数据质量 → 规则任务管理】页面完成任务“task_json_key_exec_test“创建：Step 1 基础信息中规则名称=task_json_key_exec_test，并关联上述规则集对应的数据表；点击【下一步】进入 Step 2 监控规则，通过【导入规则包】引用上述规则集中的目标规则包；点击【下一步】进入 Step 3 调度属性，点击【保存】，任务创建成功<br>5) 已在Doris表中插入数据：<br>   INSERT INTO test_json_key_range VALUES<br>     (40, &#039;{“key_exec_1“:“a“,“key_exec_2“:“b“}&#039;);<br>6) 已在通用配置中删除key_exec_2","1. 进入【数据质量 → 规则任务管理】页面，等待规则任务列表加载完成
2. 找到“task_json_key_exec_test“，点击【立即执行】
3. 进入【数据质量 → 校验结果查询】页面，找到“task_json_key_exec_test“最新实例记录并打开实例详情","1. 规则任务管理页面正常打开，列表加载完成
2. 页面弹出提示信息，提示任务已提交执行
3. 1) 本次执行生成新的实例记录，任务名称与执行时间与本次操作匹配
2) 实例详情中 id=40 质检结果=校验通过
3) 页面未出现引用已删除 key 的报错信息，规则结果可正常展示","1. 
2. 
3.","","2","功能测试","功能测试阶段","正常","0","2","3","通过","向林","2026-04-10","","0000-00-00","1","",""
"183327","数据资产_STD(#23)","/版本迭代测试用例/v6.4.10/【内置规则丰富】完整性，json中key值范围校验(#10460)","","数据质量 规则任务管理 key被删除后的关联影响 验证删除已被规则引用的key后规则配置回显和编辑功能正常","1) 已在【通用配置 → json格式校验管理】页面维护key数据：key_del_1（测试名1）、key_del_2（测试名2）、key_del_3（测试名3）<br>2) 已通过【数据质量 → 规则集管理】在规则集“rule_set_key_del_test“的规则包中配置key范围校验规则：字段=info、校验方法=包含、校验内容=key_del_1-key_del_2-key_del_3，已保存规则集<br>3) 已通过【数据质量 → 规则任务管理】创建任务“task_json_key_del_test“，通过【导入规则包】引用上述规则集，已完成 Step 3 调度属性配置后点击【保存】","1. 进入【通用配置 → json格式校验管理】页面，等待列表加载完成
2. 找到“key_del_2（测试名2）“，点击操作列的【删除】按钮，在确认弹窗中点击【确定】，等待删除成功提示
3. 进入【数据质量 → 规则集管理】页面，找到“rule_set_key_del_test“，点击操作列的【编辑】按钮，进入 Step 2 监控规则页面，查看已配置的key范围校验规则的校验内容回显
4. 点击该规则的【编辑】按钮，打开校验内容下拉框，观察可选key列表","1. json格式校验管理页面正常打开，列表加载完成
2. key_del_2删除成功，列表中不再显示key_del_2
3. 校验内容回显中key_del_2已被自动移除，剩余key_del_1和key_del_3正常显示
4. 校验内容下拉框中不再显示key_del_2，key_del_1和key_del_3正常展示可选，编辑功能正常可用","1. 
2. 
3. 
4.","","2","功能测试","功能测试阶段","正常","0","1","4","失败","向林","2026-04-10","","0000-00-00","1","",""
"183326","数据资产_STD(#23)","/版本迭代测试用例/v6.4.10/【内置规则丰富】完整性，json中key值范围校验(#10460)","","数据质量 规则任务管理 大数据量与层级校验 验证千级key数据量下校验内容选择列表的加载搜索和选择性能","1) 已在【通用配置 → json格式校验管理】页面批量维护含2000条key的数据：<br>   第一层级：key_l1_001至key_l1_1000<br>   第二层级：key_l2_001至key_l2_1000<br>   通用配置导入文件生成脚本如下:<br><br>import openpyxl<br><br>wb = openpyxl.Workbook()<br># 一层 Sheet<br>ws1 = wb.active<br>ws1.title = “一层“<br>ws1.append([“key“, “中文名称“, “value格式“])<br>for i in range(1, 1001):<br>    ws1.append([f“key_l1_{i:03d}“, f“一层key{i}“, ““])<br><br># 二层 Sheet<br>ws2 = wb.create_sheet(“二层“)<br>ws2.append([“上一层级的key名“, “key“, “中文名称“, “value格式“])<br>for i in range(1, 1001):<br>    parent_key = f“key_l1_{i:03d}“<br>    ws2.append([parent_key, f“key_l2_{i:03d}“, f“二层key{i}“, ““])<br><br>wb.save(“json_key_range_perf_import_2000.xlsx“)<br>print(“已生成 json_key_range_perf_import_2000.xlsx，共2000条key数据（一层1000+二层1000）“)<br><br>2) 已在Doris数据源中准备测试表及数据：<br>CREATE TABLE qa_test.test_json_key_range (<br>  id INT,<br>  info JSON,<br>  extra_info VARCHAR(500)<br>) DISTRIBUTED BY HASH(id) BUCKETS 3<br>PROPERTIES(“replication_num“ = “1“);<br>INSERT INTO qa_test.test_json_key_range VALUES<br>  (1, &#039;{“key1“:“张三“,“key2“:25}&#039;, &#039;{“key1“:“test“}&#039;),<br>  (2, &#039;{“key1“:“李四“}&#039;, &#039;{“key2“:“test2“}&#039;),<br>  (3, &#039;{“key2“:30}&#039;, NULL);<br>3) 已通过【数据质量 → 规则集管理】页面，点击【新建规则集】，在 Step 1 基础信息中选择数据源=Doris、数据库=qa_test、数据表=test_json_key_range（含json字段 info），规则包名称“大数据量性能测试包“，点击【下一步】进入 Step 2 监控规则，在规则包“大数据量性能测试包“中点击【新增规则】，统计函数选择【非空值数】，字段选择 info，点击规则行【保存】，再点击页面底部【保存】完成规则集“rule_set_large_key_perf“创建","1. 进入【数据质量 → 规则集管理】页面，等待规则集列表加载完成
2. 找到“rule_set_large_key_perf“，点击操作列的【编辑】按钮，进入 Step 2 监控规则页面，在“大数据量性能测试包“中点击【新增规则】，统计函数选择“key范围校验“，字段选择“info“，点击校验内容下拉框，等待列表加载完成
3. 在搜索框中输入“key_l2_999“，等待搜索结果返回
4. 勾选搜索到的“key_l2_999“，清空搜索框，再搜索并勾选“key_l1_500“，点击【确认】","1. 规则集管理页面正常打开，列表加载完成
2. 校验内容下拉列表在3秒内加载完成，默认展示前200条key数据，页面无卡顿
3. 搜索结果在2秒内返回，正确显示“key_l2_999“，搜索响应无明显延迟
4. 两个key均成功选中，校验内容回显“key_l1_500;key_l2_999“，选择操作流畅无卡顿","1. 
2. 
3. 
4.","","2","功能测试","功能测试阶段","正常","0","1","4","通过","向林","2026-04-10","","0000-00-00","1","",""
"183325","数据资产_STD(#23)","/版本迭代测试用例/v6.4.10/【内置规则丰富】完整性，json中key值范围校验(#10460)","","数据质量 规则任务管理 大数据量与层级校验 验证key数量几千个时按层级校验逻辑正确执行","1) 已在【通用配置 → json格式校验管理】页面批量维护含3000条key的数据：<br>   第一层级：key_l1_001至key_l1_1000<br>   第二层级：key_l2_001至key_l2_2000<br>   通用配置导入文件生成脚本如下:<br><br>import openpyxl<br><br>wb = openpyxl.Workbook()<br># 一层 Sheet<br>ws1 = wb.active<br>ws1.title = “一层“<br>ws1.append([“key“, “中文名称“, “value格式“])<br>for i in range(1, 1001):<br>    ws1.append([f“key_l1_{i:03d}“, f“一层key{i}“, ““])<br><br># 二层 Sheet<br>ws2 = wb.create_sheet(“二层“)<br>ws2.append([“上一层级的key名“, “key“, “中文名称“, “value格式“])<br>for i in range(1, 2001):<br>    parent_key = f“key_l1_{((i - 1) % 1000) + 1:03d}“<br>    ws2.append([parent_key, f“key_l2_{i:03d}“, f“二层key{i}“, ““])<br><br>wb.save(“json_key_range_import_3000.xlsx“)<br>print(“已生成 json_key_range_import_3000.xlsx，共3000条key数据（一层1000+二层2000）“)<br><br>2) 已在Doris数据源中准备测试表及数据：<br>CREATE TABLE qa_test.test_json_key_range (<br>  id INT,<br>  info JSON,<br>  extra_info VARCHAR(500)<br>) DISTRIBUTED BY HASH(id) BUCKETS 3<br>PROPERTIES(“replication_num“ = “1“);<br>INSERT INTO qa_test.test_json_key_range VALUES<br>  (1, &#039;{“key1“:“张三“,“key2“:25}&#039;, &#039;{“key1“:“test“}&#039;),<br>  (2, &#039;{“key1“:“李四“}&#039;, &#039;{“key2“:“test2“}&#039;),<br>  (3, &#039;{“key2“:30}&#039;, NULL);<br>3) 已在Doris表中执行以下灌数SQL：<br>   INSERT INTO test_json_key_range VALUES<br>     (30, &#039;{“key_l1_001“:“v1“,“key_l2_001“:“v2“}&#039;),<br>     (31, &#039;{“key_l1_001“:“v3“}&#039;),<br>     (32, &#039;{“key_other“:“v4“}&#039;);<br>   Doris表大量json数据灌数脚本如下:<br><br>lines = []<br>lines.append(“INSERT INTO test_json_key_range VALUES“)<br>for i in range(30, 1030):<br>    keys = [f&#039;“key_l1_{(i % 1000) + 1:03d}“: “v{i}“&#039;, f&#039;“key_l2_{(i % 2000) + 1:03d}“: “v{i}“&#039;] if i % 3 != 0 else [f&#039;“key_l1_{(i % 1000) + 1:03d}“: “v{i}“&#039;]<br>    json_str = “{“ + “, “.join(keys) + “}“<br>    comma = “,“ if i < 1029 else “;“<br>    lines.append(f“  ({i}, &#039;{json_str}&#039;){comma}“)<br><br>with open(“insert_json_key_range_1000.sql“, “w“) as f:<br>    f.write(“\n“.join(lines))<br>print(“已生成 insert_json_key_range_1000.sql，共1000条INSERT记录“)<br><br>4) 已通过【数据质量 → 规则集管理】页面完成规则集“rule_set_large_key_test“创建：Step 1 基础信息中关联上述Doris表，并新增规则包“大数据量测试包“；点击【下一步】进入 Step 2 监控规则，点击【新增规则】，配置字段=info、统计函数=key范围校验、校验方法=包含、校验内容=key_l1_001和key_l2_001；点击规则行的【保存】按钮，再点击页面底部【保存】，规则集创建成功<br>5) 已通过【数据质量 → 规则任务管理】页面完成任务“task_json_large_key_test“创建：Step 1 基础信息中规则名称=task_json_large_key_test，并关联同一Doris表；点击【下一步】进入 Step 2 监控规则，通过【导入规则包】导入规则集“rule_set_large_key_test“的“大数据量测试包“；点击【下一步】进入 Step 3 调度属性，点击【保存】，任务创建成功","1. 进入【数据质量 → 规则任务管理】页面，等待规则任务列表加载完成
2. 找到“task_json_large_key_test“，点击【立即执行】
3. 进入【数据质量 → 校验结果查询】页面，找到“task_json_large_key_test“最新实例记录并打开实例详情","1. 规则任务管理页面正常打开，列表加载完成
2. 页面弹出提示信息，提示任务已提交执行
3. 1) 本次执行生成新的实例记录，任务名称与执行时间与本次操作匹配
2) 实例详情中 id=30（含key_l1_001和key_l2_001）=校验通过
3) id=31（缺key_l2_001）=校验不通过
4) id=32（不含任何目标key）=校验不通过
5) 层级匹配逻辑正确，第一层级key不与第二层级key混淆","1. 
2. 
3.","","2","功能测试","功能测试阶段","正常","0","1","3","失败","向林","2026-04-10","","0000-00-00","1","",""
"183324","数据资产_STD(#23)","/版本迭代测试用例/v6.4.10/【内置规则丰富】完整性，json中key值范围校验(#10460)","","数据质量 规则任务管理 多数据源兼容性 验证Hive2.x数据源的json字段支持key范围校验","1) 已在Doris3.x数据源中执行以下SQL：<br>   CREATE TABLE doris_json_test (<br>     id INT,<br>     data JSON<br>   ) DISTRIBUTED BY HASH(id) BUCKETS 3<br>   PROPERTIES(“replication_num“ = “1“);<br>   INSERT INTO doris_json_test VALUES<br>     (1, &#039;{“key1“:“A“,“key2“:“B“}&#039;),<br>     (2, &#039;{“key1“:“C“}&#039;);<br>2) 已在【通用配置 → json格式校验管理】页面维护key1、key2<br>3) 已通过【数据质量 → 规则集管理】页面完成规则集“rule_set_doris_test“创建：Step 1 基础信息中关联Doris3.x数据源的doris_json_test表，并新增规则包“doris兼容性测试包“；点击【下一步】进入 Step 2 监控规则，点击【新增规则】，配置字段=data（json类型）、统计函数=key范围校验、校验方法=包含、校验内容=key1和key2；点击规则行的【保存】按钮，再点击页面底部【保存】，规则集创建成功<br>4) 已通过【数据质量 → 规则任务管理】页面完成任务“task_doris_test“创建：Step 1 基础信息中规则名称=task_doris_test，并关联同一Doris3.x表；点击【下一步】进入 Step 2 监控规则，通过【导入规则包】导入规则集“rule_set_doris_test“的“doris兼容性测试包“；点击【下一步】进入 Step 3 调度属性，点击【保存】，任务创建成功","1. 进入【数据质量 → 规则任务管理】页面，等待规则任务列表加载完成
2. 找到“task_hive_test“，点击【立即执行】
3. 进入【数据质量 → 校验结果查询】页面，找到“task_doris_test“最新实例记录并打开实例详情","1. 规则任务管理页面正常打开，列表加载完成
2. 页面弹出提示信息，提示任务已提交执行
3. 1) 本次执行生成新的实例记录，任务名称与执行时间与本次操作匹配
2) 实例详情中 id=1（含key1和key2）质检结果=校验通过
3) id=2（缺key2）质检结果=校验不通过","1. 
2. 
3.","","2","功能测试","功能测试阶段","正常","0","1","3","通过","向林","2026-04-10","","0000-00-00","1","",""
"183323","数据资产_STD(#23)","/版本迭代测试用例/v6.4.10/【内置规则丰富】完整性，json中key值范围校验(#10460)","","数据质量 规则任务管理 多数据源兼容性 验证Hive2.x数据源的string字段支持key范围校验","1) Hive2.x数据源已配置并连接正常<br>2) 已在该数据源中执行以下SQL：<br>   CREATE TABLE hive_json_test (id INT, data STRING);<br>   INSERT INTO hive_json_test VALUES<br>     (1, &#039;{“key1“:“M“,“key2“:“N“}&#039;),<br>     (2, &#039;{“key1“:“P“}&#039;);<br>3) 已在【通用配置 → json格式校验管理】页面维护key1、key2<br>4) 已通过【数据质量 → 规则集管理】页面完成规则集“rule_set_hive_test“创建：Step 1 基础信息中关联Hive2.x数据源的hive_json_test表，并新增规则包“hive兼容性测试包“；点击【下一步】进入 Step 2 监控规则，点击【新增规则】，配置字段=data（string类型）、统计函数=key范围校验、校验方法=包含、校验内容=key1和key2；点击规则行的【保存】按钮，再点击页面底部【保存】，规则集创建成功<br>5) 已通过【数据质量 → 规则任务管理】页面完成任务“task_hive_test“创建：Step 1 基础信息中规则名称=task_hive_test，并关联同一Hive2.x表；点击【下一步】进入 Step 2 监控规则，通过【导入规则包】导入规则集“rule_set_hive_test“的“hive兼容性测试包“；点击【下一步】进入 Step 3 调度属性，点击【保存】，任务创建成功","1. 进入【数据质量 → 规则任务管理】页面，等待规则任务列表加载完成
2. 找到“task_hive_test“，点击【立即执行】
3. 进入【数据质量 → 校验结果查询】页面，找到“task_hive_test“最新实例记录并打开实例详情","1. 规则任务管理页面正常打开，列表加载完成
2. 页面弹出提示信息，提示任务已提交执行
3. 1) 本次执行生成新的实例记录，任务名称与执行时间与本次操作匹配
2) 实例详情中 id=1质检结果=校验通过
3) id=2质检结果=校验不通过","1. 
2. 
3.","","2","功能测试","功能测试阶段","正常","0","1","3","通过","向林","2026-04-10","","0000-00-00","1","",""
"183322","数据资产_STD(#23)","/版本迭代测试用例/v6.4.10/【内置规则丰富】完整性，json中key值范围校验(#10460)","","数据质量 规则任务管理 多数据源兼容性 验证Doris3.x数据源的json字段支持key范围校验","1) 已在Doris3.x数据源中执行以下SQL：<br>   CREATE TABLE doris_json_test (<br>     id INT,<br>     data JSON<br>   ) DISTRIBUTED BY HASH(id) BUCKETS 3<br>   PROPERTIES(“replication_num“ = “1“);<br>   INSERT INTO doris_json_test VALUES<br>     (1, &#039;{“key1“:“A“,“key2“:“B“}&#039;),<br>     (2, &#039;{“key1“:“C“}&#039;);<br>2) 已在【通用配置 → json格式校验管理】页面维护key1、key2<br>3) 已通过【数据质量 → 规则集管理】页面完成规则集“rule_set_doris_test“创建：Step 1 基础信息中关联Doris3.x数据源的doris_json_test表，并新增规则包“doris兼容性测试包“；点击【下一步】进入 Step 2 监控规则，点击【新增规则】，配置字段=data（json类型）、统计函数=key范围校验、校验方法=包含、校验内容=key1和key2；点击规则行的【保存】按钮，再点击页面底部【保存】，规则集创建成功<br>4) 已通过【数据质量 → 规则任务管理】页面完成任务“task_doris_test“创建：Step 1 基础信息中规则名称=task_doris_test，并关联同一Doris3.x表；点击【下一步】进入 Step 2 监控规则，通过【导入规则包】导入规则集“rule_set_doris_test“的“doris兼容性测试包“；点击【下一步】进入 Step 3 调度属性，点击【保存】，任务创建成功","1. 进入【数据质量 → 规则任务管理】页面，等待规则任务列表加载完成
2. 找到“task_doris_test“，点击【立即执行】
3. 进入【数据质量 → 校验结果查询】页面，找到“task_doris_test“最新实例记录并打开实例详情","1. 规则任务管理页面正常打开，列表加载完成
2. 页面弹出提示信息，提示任务已提交执行
3. 1) 本次执行生成新的实例记录，任务名称与执行时间与本次操作匹配
2) 实例详情中 id=1（含key1和key2）质检结果=校验通过
3) id=2（缺key2）质检结果=校验不通过","1. 
2. 
3.","","2","功能测试","功能测试阶段","正常","0","1","3","通过","向林","2026-04-10","","0000-00-00","1","",""
"183321","数据资产_STD(#23)","/版本迭代测试用例/v6.4.10/【内置规则丰富】完整性，json中key值范围校验(#10460)","","数据质量 规则任务管理 多数据源兼容性 验证Doris3.x数据源的string字段支持key范围校验","1) 已在Doris3.x数据源中执行以下SQL：<br>   CREATE TABLE doris_json_test (<br>     id INT,<br>     data JSON<br>   ) DISTRIBUTED BY HASH(id) BUCKETS 3<br>   PROPERTIES(“replication_num“ = “1“);<br>   INSERT INTO doris_json_test VALUES<br>     (1, &#039;{“key1“:“A“,“key2“:“B“}&#039;),<br>     (2, &#039;{“key1“:“C“}&#039;);<br>2) 已在【通用配置 → json格式校验管理】页面维护key1、key2<br>3) 已通过【数据质量 → 规则集管理】页面完成规则集“rule_set_doris_test“创建：Step 1 基础信息中关联Doris3.x数据源的doris_json_test表，并新增规则包“doris兼容性测试包“；点击【下一步】进入 Step 2 监控规则，点击【新增规则】，配置字段=data（json类型）、统计函数=key范围校验、校验方法=包含、校验内容=key1和key2；点击规则行的【保存】按钮，再点击页面底部【保存】，规则集创建成功<br>4) 已通过【数据质量 → 规则任务管理】页面完成任务“task_doris_test“创建：Step 1 基础信息中规则名称=task_doris_test，并关联同一Doris3.x表；点击【下一步】进入 Step 2 监控规则，通过【导入规则包】导入规则集“rule_set_doris_test“的“doris兼容性测试包“；点击【下一步】进入 Step 3 调度属性，点击【保存】，任务创建成功","1. 进入【数据质量 → 规则任务管理】页面，等待规则任务列表加载完成
2. 找到“task_doris_test“，点击【立即执行】
3. 进入【数据质量 → 校验结果查询】页面，找到“task_doris_test“最新实例记录并打开实例详情","1. 规则任务管理页面正常打开，列表加载完成
2. 页面弹出提示信息，提示任务已提交执行
3. 1) 本次执行生成新的实例记录，任务名称与执行时间与本次操作匹配
2) 实例详情中 id=1（含key1和key2）质检结果=校验通过
3) id=2（缺key2）质检结果=校验不通过","1. 
2. 
3.","","2","功能测试","功能测试阶段","正常","0","1","3","通过","向林","2026-04-10","","0000-00-00","1","",""
"183320","数据资产_STD(#23)","/版本迭代测试用例/v6.4.10/【内置规则丰富】完整性，json中key值范围校验(#10460)","","数据质量 规则任务管理 多数据源兼容性 验证SparkThrift2.x数据源的json字段支持key范围校验","1) SparkThrift2.x数据源已配置并连接正常<br>2) 已在该数据源中执行以下SQL：<br>   CREATE TABLE spark_json_test (id INT, data STRING);<br>   INSERT INTO spark_json_test VALUES<br>     (1, &#039;{“key1“:“X“,“key2“:“Y“}&#039;),<br>     (2, &#039;{“key1“:“Z“}&#039;);<br>3) 已在【通用配置 → json格式校验管理】页面维护key1、key2<br>4) 已通过【数据质量 → 规则集管理】页面完成规则集“rule_set_spark_test“创建：Step 1 基础信息中关联SparkThrift2.x数据源的spark_json_test表，并新增规则包“spark兼容性测试包“；点击【下一步】进入 Step 2 监控规则，点击【新增规则】，配置字段=data（string类型）、统计函数=key范围校验、校验方法=包含、校验内容=key1和key2；点击规则行的【保存】按钮，再点击页面底部【保存】，规则集创建成功<br>5) 已通过【数据质量 → 规则任务管理】页面完成任务“task_spark_test“创建：Step 1 基础信息中规则名称=task_spark_test，并关联同一SparkThrift2.x表；点击【下一步】进入 Step 2 监控规则，通过【导入规则包】导入规则集“rule_set_spark_test“的“spark兼容性测试包“；点击【下一步】进入 Step 3 调度属性，点击【保存】，任务创建成功","1. 进入【数据质量 → 规则任务管理】页面，等待规则任务列表加载完成
2. 找到“task_spark_test“，点击【立即执行】
3. 进入【数据质量 → 校验结果查询】页面，找到“task_spark_test“最新实例记录并打开实例详情","1. 规则任务管理页面正常打开，列表加载完成
2. 页面弹出提示信息，提示任务已提交执行
3. 1) 本次执行生成新的实例记录，任务名称与执行时间与本次操作匹配
2) 实例详情中 id=1质检结果=校验通过
3) id=2质检结果=校验不通过","1. 
2. 
3.","","2","功能测试","功能测试阶段","正常","0","1","3","通过","向林","2026-04-10","","0000-00-00","1","",""
"183319","数据资产_STD(#23)","/版本迭代测试用例/v6.4.10/【内置规则丰富】完整性，json中key值范围校验(#10460)","","数据质量 规则任务管理 多数据源兼容性 验证SparkThrift2.x数据源的string字段支持key范围校验","1) SparkThrift2.x数据源已配置并连接正常<br>2) 已在该数据源中执行以下SQL：<br>   CREATE TABLE spark_json_test (id INT, data STRING);<br>   INSERT INTO spark_json_test VALUES<br>     (1, &#039;{“key1“:“X“,“key2“:“Y“}&#039;),<br>     (2, &#039;{“key1“:“Z“}&#039;);<br>3) 已在【通用配置 → json格式校验管理】页面维护key1、key2<br>4) 已通过【数据质量 → 规则集管理】页面完成规则集“rule_set_spark_test“创建：Step 1 基础信息中关联SparkThrift2.x数据源的spark_json_test表，并新增规则包“spark兼容性测试包“；点击【下一步】进入 Step 2 监控规则，点击【新增规则】，配置字段=data（string类型）、统计函数=key范围校验、校验方法=包含、校验内容=key1和key2；点击规则行的【保存】按钮，再点击页面底部【保存】，规则集创建成功<br>5) 已通过【数据质量 → 规则任务管理】页面完成任务“task_spark_test“创建：Step 1 基础信息中规则名称=task_spark_test，并关联同一SparkThrift2.x表；点击【下一步】进入 Step 2 监控规则，通过【导入规则包】导入规则集“rule_set_spark_test“的“spark兼容性测试包“；点击【下一步】进入 Step 3 调度属性，点击【保存】，任务创建成功","1. 进入【数据质量 → 规则任务管理】页面，等待规则任务列表加载完成
2. 找到“task_spark_test“，点击【立即执行】
3. 进入【数据质量 → 校验结果查询】页面，找到“task_spark_test“最新实例记录并打开实例详情","1. 规则任务管理页面正常打开，列表加载完成
2. 页面弹出提示信息，提示任务已提交执行
3. 1) 本次执行生成新的实例记录，任务名称与执行时间与本次操作匹配
2) 实例详情中 id=1质检结果=校验通过
3) id=2质检结果=校验不通过","1. 
2. 
3.","","2","功能测试","功能测试阶段","正常","0","1","3","通过","向林","2026-04-10","","0000-00-00","1","",""
"183318","数据资产_STD(#23)","/版本迭代测试用例/v6.4.10/【内置规则丰富】完整性，json中key值范围校验(#10460)","","数据质量 规则任务管理 导入规则包-key范围校验 验证key范围校验完整：规则集配置+导入规则包+执行任务+在校验结果查询中查看实例结果","1) 已在【通用配置 → json格式校验管理】页面，通过【新增】按钮维护如下key数据（含多层级）：<br>   第一层级：key1（姓名）、key2（年龄）<br>   第二层级：key11（省份）、key22（城市）<br>2) 已在Doris数据源中执行如下建表及灌数SQL：<br>   CREATE TABLE test_json_key_range (<br>     id INT,<br>     info JSON<br>   ) DISTRIBUTED BY HASH(id) BUCKETS 3<br>   PROPERTIES(“replication_num“ = “1“);<br>   INSERT INTO test_json_key_range VALUES<br>     (1, &#039;{“key1“:“张三“,“key2“:25,“key11“:“广东“,“key22“:“深圳“}&#039;),<br>     (2, &#039;{“key1“:“李四“}&#039;),<br>     (3, &#039;{“key2“:30,“key11“:“北京“,“key22“:“朝阳“}&#039;);","1. 进入【数据质量 → 规则集管理】页面，等待规则集列表加载完成
2. 点击【新建规则集】，在 Step 1 基础信息中配置如下：
- *选择数据源: Doris
- *选择数据库: qa_test
- *选择数据表: test_json_key_range
- 规则集描述: 无
- *规则包名称: key范围校验测试包（点击【新增】按钮添加）
点击【下一步】
3. 在 Step 2 监控规则中，在“key范围校验测试包“下点击【新增规则】，配置如下：
- *规则类型: 字段级
- *字段: info
- *统计函数: key范围校验
- 过滤条件: 无
- *校验方法: 包含
- *校验内容: key1（姓名）和 key2（年龄）
- 强弱规则: 强规则
- 规则描述: 无
点击规则行的【保存】按钮，再点击页面底部【保存】
4. 进入【数据质量 → 规则任务管理】页面，点击【新建监控规则】，在 Step 1 基础信息中配置如下：
- *规则名称: task_json_key_range_test
- *选择数据源: Doris
- *选择数据库: qa_test
- *选择数据表: test_json_key_range
点击【下一步】
5. 在 Step 2 监控规则中，点击【导入规则包】，选择规则集管理中已配置的“key范围校验测试包“并确认导入
6. 点击【下一步】进入 Step 3 调度属性，填写调度属性后点击【保存】
7. 在规则任务列表中找到“task_json_key_range_test“，点击【立即执行】
8. 进入【数据质量 → 校验结果查询】页面，找到“task_json_key_range_test“最新实例记录并打开实例详情","1. 规则集管理页面正常打开，列表加载完成
2. Step 1 基础信息校验通过，进入 Step 2 监控规则页面
3. 规则集保存成功，规则集列表新增 test_json_key_range 表对应的规则集记录，规则包“key范围校验测试包“下显示已保存的 key范围校验规则
4. Step 1 基础信息校验通过，进入 Step 2 监控规则页面
5. 规则包导入成功，Step 2 监控规则页面显示已导入的 key范围校验规则
6. 规则任务创建成功，返回任务列表可见“task_json_key_range_test“
7. 页面弹出提示信息，提示任务已提交执行
8. 1) 本次执行生成新的实例记录，任务名称、执行时间与本次操作匹配
2) 实例详情中该规则行显示：id=1（含key1和key2）质检结果=校验通过
3) id=2（仅含key1，缺key2）和 id=3（缺key1）质检结果=校验不通过","1. 
2. 
3. 
4. 
5. 
6. 
7. 
8.","","1","功能测试","功能测试阶段","正常","0","6","8","通过","向林","2026-04-10","","0000-00-00","1","",""
"183317","数据资产_STD(#23)","/版本迭代测试用例/v6.4.10/【内置规则丰富】完整性，json中key值范围校验(#10460)","","数据质量 规则集管理 规则配置参数展示 验证规则配置参数卡片完整展示所有字段","1) 已通过【数据质量 → 规则集管理】在规则集“rule_set_key_range_test“的“key范围校验测试包“中配置并保存以下规则：<br>   - *字段: info（json类型）<br>   - *统计函数: key范围校验<br>   - 过滤条件: id > 0<br>   - *校验方法: 包含<br>   - *校验内容: key1-key2;key11-key22<br>   - 强弱规则: 强规则<br>   - 规则描述: 测试key范围校验规则","1. 进入【数据质量 → 规则集管理】页面，等待规则集列表加载完成
2. 找到“rule_set_key_range_test“，点击操作列的【编辑】按钮，进入 Step 2 监控规则页面
3. 找到“key范围校验测试包“中已配置的key范围校验规则，点击规则行展开查看参数详情卡片，逐项核对各参数字段","1. 规则集管理页面正常打开，列表加载完成
2. 规则集编辑页正常打开，Step 2 监控规则页面加载完成，已有配置回显正确
3. 规则配置参数卡片完整展示以下所有字段且内容正确：
1) 规则类型=字段级
2) 字段=info
3) 统计函数=key范围校验
4) 过滤条件=id > 0
5) 校验方法=包含
6) 校验内容=key1-key2;key11-key22
7) 强弱规则=强规则
8) 规则描述=测试key范围校验规则","1. 
2. 
3.","","2","功能测试","功能测试阶段","正常","0","1","3","通过","向林","2026-04-10","","0000-00-00","1","",""
"183316","数据资产_STD(#23)","/版本迭代测试用例/v6.4.10/【内置规则丰富】完整性，json中key值范围校验(#10460)","","数据质量 规则集管理 规则配置-表单校验 验证未选择校验方法时保存key范围校验规则提示必填","1) 已在Doris数据源中准备测试表及数据：<br>CREATE TABLE qa_test.test_json_key_range (<br>  id INT,<br>  info JSON,<br>  extra_info VARCHAR(500)<br>) DISTRIBUTED BY HASH(id) BUCKETS 3<br>PROPERTIES(“replication_num“ = “1“);<br>INSERT INTO qa_test.test_json_key_range VALUES<br>  (1, &#039;{“key1“:“张三“,“key2“:25}&#039;, &#039;{“key1“:“test“}&#039;),<br>  (2, &#039;{“key1“:“李四“}&#039;, &#039;{“key2“:“test2“}&#039;),<br>  (3, &#039;{“key2“:30}&#039;, NULL);<br>2) 已通过【数据质量 → 规则集管理】页面，点击【新建规则集】，在 Step 1 基础信息中选择数据源=Doris、数据库=qa_test、数据表=test_json_key_range，规则包名称“key范围校验测试包“，点击【下一步】进入 Step 2 监控规则，在规则包“key范围校验测试包“中点击【新增规则】，统计函数选择【非空值数】，字段选择 info，点击规则行【保存】，再点击页面底部【保存】完成规则集“rule_set_key_range_test“创建<br>3) 已在【通用配置 → json格式校验管理】页面维护key1（姓名）","1. 进入【数据质量 → 规则集管理】页面，等待规则集列表加载完成
2. 找到“rule_set_key_range_test“，点击操作列的【编辑】按钮，进入 Step 2 监控规则页面，在“key范围校验测试包“中点击【新增规则】，统计函数选择“key范围校验“，字段选择“info“，校验内容勾选“key1（姓名）“
3. 清空校验方法下拉框（若默认有值则手动清除），直接点击【保存】","1. 规则集管理页面正常打开，列表加载完成
2. 规则集编辑页正常打开，Step 2 监控规则页面加载完成，已有配置回显正确
3. 保存失败，校验方法下拉框下方显示红色错误提示“请选择校验方法“，页面不跳转，规则未被保存","1. 
2. 
3.","","2","功能测试","功能测试阶段","正常","0","1","3","通过","向林","2026-04-10","","0000-00-00","1","",""
"183315","数据资产_STD(#23)","/版本迭代测试用例/v6.4.10/【内置规则丰富】完整性，json中key值范围校验(#10460)","","数据质量 规则集管理 规则配置-表单校验 验证未选择校验内容时保存key范围校验规则提示必填","1) 已在Doris数据源中准备测试表及数据：<br>CREATE TABLE qa_test.test_json_key_range (<br>  id INT,<br>  info JSON,<br>  extra_info VARCHAR(500)<br>) DISTRIBUTED BY HASH(id) BUCKETS 3<br>PROPERTIES(“replication_num“ = “1“);<br>INSERT INTO qa_test.test_json_key_range VALUES<br>  (1, &#039;{“key1“:“张三“,“key2“:25}&#039;, &#039;{“key1“:“test“}&#039;),<br>  (2, &#039;{“key1“:“李四“}&#039;, &#039;{“key2“:“test2“}&#039;),<br>  (3, &#039;{“key2“:30}&#039;, NULL);<br>2) 已通过【数据质量 → 规则集管理】页面，点击【新建规则集】，在 Step 1 基础信息中选择数据源=Doris、数据库=qa_test、数据表=test_json_key_range，规则包名称“key范围校验测试包“，点击【下一步】进入 Step 2 监控规则，在规则包“key范围校验测试包“中点击【新增规则】，统计函数选择【非空值数】，字段选择 info，点击规则行【保存】，再点击页面底部【保存】完成规则集“rule_set_key_range_test“创建<br>3) 已在【通用配置 → json格式校验管理】页面维护key1（姓名）、key2（年龄）","1. 进入【数据质量 → 规则集管理】页面，等待规则集列表加载完成
2. 找到“rule_set_key_range_test“，点击操作列的【编辑】按钮，进入 Step 2 监控规则页面，在“key范围校验测试包“中点击【新增规则】，统计函数选择“key范围校验“，字段选择“info“，校验方法选择“包含“
3. 不选择任何校验内容（校验内容选择框保持空），直接点击【保存】","1. 规则集管理页面正常打开，列表加载完成
2. 规则集编辑页正常打开，Step 2 监控规则页面加载完成，已有配置回显正确
3. 保存失败，校验内容选择框下方显示红色错误提示“请选择校验内容“，页面不跳转，规则未被保存","1. 
2. 
3.","","2","功能测试","功能测试阶段","正常","0","1","3","通过","向林","2026-04-10","","0000-00-00","1","",""
"183314","数据资产_STD(#23)","/版本迭代测试用例/v6.4.10/【内置规则丰富】完整性，json中key值范围校验(#10460)","","数据质量 规则集管理 规则配置-表单校验 验证未选择字段时保存key范围校验规则提示必填","1) 已在Doris数据源中准备测试表及数据：<br>CREATE TABLE qa_test.test_json_key_range (<br>  id INT,<br>  info JSON,<br>  extra_info VARCHAR(500)<br>) DISTRIBUTED BY HASH(id) BUCKETS 3<br>PROPERTIES(“replication_num“ = “1“);<br>INSERT INTO qa_test.test_json_key_range VALUES<br>  (1, &#039;{“key1“:“张三“,“key2“:25}&#039;, &#039;{“key1“:“test“}&#039;),<br>  (2, &#039;{“key1“:“李四“}&#039;, &#039;{“key2“:“test2“}&#039;),<br>  (3, &#039;{“key2“:30}&#039;, NULL);<br>2) 已通过【数据质量 → 规则集管理】页面，点击【新建规则集】，在 Step 1 基础信息中选择数据源=Doris、数据库=qa_test、数据表=test_json_key_range，规则包名称“key范围校验测试包“，点击【下一步】进入 Step 2 监控规则，在规则包“key范围校验测试包“中点击【新增规则】，统计函数选择【非空值数】，字段选择 info，点击规则行【保存】，再点击页面底部【保存】完成规则集“rule_set_key_range_test“创建<br>3) 已在【通用配置 → json格式校验管理】页面维护key1（姓名）","1. 进入【数据质量 → 规则集管理】页面，等待规则集列表加载完成
2. 找到“rule_set_key_range_test“，点击操作列的【编辑】按钮，进入 Step 2 监控规则页面，在“key范围校验测试包“中点击【新增规则】，统计函数选择“key范围校验“
3. 不选择任何字段，校验方法选择“包含“，校验内容勾选“key1（姓名）“，直接点击【保存】","1. 规则集管理页面正常打开，列表加载完成
2. 规则集编辑页正常打开，Step 2 监控规则页面加载完成，已有配置回显正确
3. 保存失败，字段选择框下方显示红色错误提示“请选择字段“，页面不跳转，规则未被保存","1. 
2. 
3.","","2","功能测试","功能测试阶段","正常","0","1","3","通过","向林","2026-04-10","","0000-00-00","1","",""
"183313","数据资产_STD(#23)","/版本迭代测试用例/v6.4.10/【内置规则丰富】完整性，json中key值范围校验(#10460)","","数据质量 规则集管理 规则配置-字段类型限制 验证非json和string类型字段不可选择key范围校验","1) 已在Doris数据源中准备测试表：<br>CREATE TABLE qa_test.test_field_type (<br>  id INT,<br>  info JSON,<br>  extra_info VARCHAR(500),<br>  name VARCHAR(100),<br>  age INT,<br>  create_date DATE,<br>  user_id BIGINT<br>) DISTRIBUTED BY HASH(id) BUCKETS 3<br>PROPERTIES(“replication_num“ = “1“);<br>INSERT INTO qa_test.test_field_type VALUES<br>  (1, &#039;{“key1“:“test“}&#039;, &#039;{“key1“:“str_test“}&#039;, &#039;张三&#039;, 25, &#039;2026-01-01&#039;, 1001);<br><br>2) 已通过【数据质量 → 规则集管理】页面，点击【新建规则集】，在 Step 1 基础信息中选择数据源=Doris、数据库=qa_test、数据表=test_json_field_type（含INT类型字段“age“、DATE类型字段“create_date“、BIGINT类型字段“user_id“），规则包名称“字段类型测试包“，点击【下一步】进入 Step 2 监控规则，在规则包“字段类型测试包“中点击【新增规则】，统计函数选择【非空值数】，字段选择 age，点击规则行【保存】，再点击页面底部【保存】完成规则集“rule_set_field_type_test“创建","1. 进入【数据质量 → 规则集管理】页面，等待规则集列表加载完成
2. 找到“rule_set_field_type_test“，点击操作列的【编辑】按钮，进入 Step 2 监控规则页面，在“字段类型测试包“中点击【新增规则】，统计函数选择“key范围校验“，展开字段选择列表
3. 点击“age“（INT类型）字段","1. 规则集管理页面正常打开，列表加载完成
2. 字段下拉框中，INT类型字段“age“、DATE类型字段“create_date“、BIGINT类型字段“user_id“均置灰不可选
3. “age“字段无法被选中，字段选择框保持为空","1. 
2. 
3.","","1","功能测试","功能测试阶段","正常","0","4","3","通过","向林","2026-04-10","","0000-00-00","1","",""
"183312","数据资产_STD(#23)","/版本迭代测试用例/v6.4.10/【内置规则丰富】完整性，json中key值范围校验(#10460)","","数据质量 规则集管理 规则配置-字段类型限制 验证string类型字段可成功配置key范围校验规则","1) 已在Doris数据源中准备测试表：<br>CREATE TABLE qa_test.test_field_type (<br>  id INT,<br>  info JSON,<br>  extra_info VARCHAR(500),<br>  name VARCHAR(100),<br>  age INT,<br>  create_date DATE,<br>  user_id BIGINT<br>) DISTRIBUTED BY HASH(id) BUCKETS 3<br>PROPERTIES(“replication_num“ = “1“);<br>INSERT INTO qa_test.test_field_type VALUES<br>  (1, &#039;{“key1“:“test“}&#039;, &#039;{“key1“:“str_test“}&#039;, &#039;张三&#039;, 25, &#039;2026-01-01&#039;, 1001);<br><br>2) 已通过【数据质量 → 规则集管理】页面，点击【新建规则集】，在 Step 1 基础信息中选择数据源=Doris、数据库=qa_test、数据表=test_json_field_type（含 extra_info（VARCHAR类型，存储JSON字符串）），规则包名称“字段类型测试包“，点击【下一步】进入 Step 2 监控规则，在规则包“字段类型测试包“中点击【新增规则】，统计函数选择【非空值数】，字段选择 extra_info，点击规则行【保存】，再点击页面底部【保存】完成规则集“rule_set_field_type_test“创建<br>3) 已在【通用配置 → json格式校验管理】页面维护key1（姓名）、key2（年龄）","1. 进入【数据质量 → 规则集管理】页面，等待规则集列表加载完成
2. 找到“rule_set_field_type_test“，点击操作列的【编辑】按钮，进入 Step 2 监控规则页面，在“字段类型测试包“中点击【新增规则】，统计函数选择“key范围校验“，展开字段选择列表
3. 在字段下拉框中选择“extra_info“（string类型），在规则配置表单中按顺序配置如下：
- *校验方法: 包含
- *校验内容: key1（姓名）
- 强弱规则: 强规则
- 规则描述: 无
点击【保存】按钮","1. 规则集管理页面正常打开，列表加载完成
2. 字段下拉列表中string类型字段“extra_info“可正常选择（不置灰）
3. 保存成功，规则配置参数展示区显示字段=extra_info","1. 
2. 
3.","","2","功能测试","功能测试阶段","正常","0","1","3","通过","向林","2026-04-10","","0000-00-00","1","",""
"183311","数据资产_STD(#23)","/版本迭代测试用例/v6.4.10/【内置规则丰富】完整性，json中key值范围校验(#10460)","","数据质量 规则集管理 规则配置-字段类型限制 验证json类型字段可成功配置key范围校验规则","1) 已在Doris数据源中准备测试表：<br>CREATE TABLE qa_test.test_field_type (<br>  id INT,<br>  info JSON,<br>  extra_info VARCHAR(500),<br>  name VARCHAR(100),<br>  age INT,<br>  create_date DATE,<br>  user_id BIGINT<br>) DISTRIBUTED BY HASH(id) BUCKETS 3<br>PROPERTIES(“replication_num“ = “1“);<br>INSERT INTO qa_test.test_field_type VALUES<br>  (1, &#039;{“key1“:“test“}&#039;, &#039;{“key1“:“str_test“}&#039;, &#039;张三&#039;, 25, &#039;2026-01-01&#039;, 1001);<br><br>2) 已通过【数据质量 → 规则集管理】页面，点击【新建规则集】，在 Step 1 基础信息中选择数据源=Doris、数据库=qa_test、数据表=test_json_field_type（含字段 info（JSON类型）、name（VARCHAR类型）、age（INT类型）），规则包名称“字段类型测试包“，点击【下一步】进入 Step 2 监控规则，在规则包“字段类型测试包“中点击【新增规则】，统计函数选择【非空值数】，字段选择 info，点击规则行【保存】，再点击页面底部【保存】完成规则集“rule_set_field_type_test“创建<br>3) 已在【通用配置 → json格式校验管理】页面维护key1（姓名）、key2（年龄）","1. 进入【数据质量 → 规则集管理】页面，等待规则集列表加载完成
2. 找到“rule_set_field_type_test“，点击操作列的【编辑】按钮，进入 Step 2 监控规则页面，在“字段类型测试包“中点击【新增规则】，统计函数选择“key范围校验“，展开字段选择列表
3. 选择“info“（JSON类型字段），在规则配置表单中按顺序配置如下：
- *校验方法: 包含
- *校验内容: key1（姓名）
- 强弱规则: 强规则
- 规则描述: 无
点击【保存】按钮","1. 规则集管理页面正常打开，列表加载完成
2. 字段下拉列表中，JSON类型字段“info“可正常选择，INT类型字段“age“置灰不可选
3. 保存成功，规则配置参数展示区显示字段=info、统计函数=key范围校验","1. 
2. 
3.","","2","功能测试","功能测试阶段","正常","0","1","3","通过","向林","2026-04-10","","0000-00-00","1","",""
"183310","数据资产_STD(#23)","/版本迭代测试用例/v6.4.10/【内置规则丰富】完整性，json中key值范围校验(#10460)","","数据质量 规则集管理 规则配置-key范围校验基础功能 验证校验内容标签旁悬浮提示文案正确","1) 已在Doris数据源中准备测试表及数据：<br>CREATE TABLE qa_test.test_json_key_range (<br>  id INT,<br>  info JSON,<br>  extra_info VARCHAR(500)<br>) DISTRIBUTED BY HASH(id) BUCKETS 3<br>PROPERTIES(“replication_num“ = “1“);<br>INSERT INTO qa_test.test_json_key_range VALUES<br>  (1, &#039;{“key1“:“张三“,“key2“:25}&#039;, &#039;{“key1“:“test“}&#039;),<br>  (2, &#039;{“key1“:“李四“}&#039;, &#039;{“key2“:“test2“}&#039;),<br>  (3, &#039;{“key2“:30}&#039;, NULL);<br>2) 已通过【数据质量 → 规则集管理】页面，点击【新建规则集】，在 Step 1 基础信息中选择数据源=Doris、数据库=qa_test、数据表=test_json_key_range，规则包名称“key范围校验测试包“，点击【下一步】进入 Step 2 监控规则，在规则包“key范围校验测试包“中点击【新增规则】，统计函数选择【非空值数】，字段选择 info，点击规则行【保存】，再点击页面底部【保存】完成规则集“rule_set_key_range_test“创建","1. 进入【数据质量 → 规则集管理】页面，等待规则集列表加载完成
2. 找到“rule_set_key_range_test“，点击操作列的【编辑】按钮，进入 Step 2 监控规则页面，在“key范围校验测试包“中点击【新增规则】，统计函数选择“key范围校验“
3. 将鼠标悬浮在“校验内容“标签旁的提示图标上，等待tooltip出现","1. 规则集管理页面正常打开，列表加载完成
2. 规则集编辑页正常打开，Step 2 监控规则页面加载完成，已有配置回显正确
3. tooltip显示文案为“校验内容key信息需要在通用配置模块维护。“，文案完全匹配，无多余空格或乱码","1. 
2. 
3.","","2","功能测试","功能测试阶段","正常","0","1","3","失败","向林","2026-04-10","","0000-00-00","1","",""
"183309","数据资产_STD(#23)","/版本迭代测试用例/v6.4.10/【内置规则丰富】完整性，json中key值范围校验(#10460)","","数据质量 规则集管理 规则配置-key范围校验基础功能 验证校验内容悬浮展示：默认显示前两个key悬浮展示全部","1) 已通过【数据质量 → 规则集管理】在规则集“rule_set_key_range_test“的“key范围校验测试包“中配置key范围校验规则，校验内容共选择了4个key：<br>   第一层级：key1（姓名）、key2（年龄）<br>   第二层级：key11（省份）、key22（城市）<br>2) 规则已保存成功","1. 进入【数据质量 → 规则集管理】页面，等待规则集列表加载完成
2. 找到“rule_set_key_range_test“，点击操作列的【编辑】按钮，进入 Step 2 监控规则页面，查看“key范围校验测试包“中已配置的key范围校验规则行的“校验内容“列
3. 观察“校验内容“列在非悬浮状态下的显示内容
4. 将鼠标悬浮在“校验内容“列的文本上，等待tooltip出现","1. 规则集管理页面正常打开，列表加载完成
2. 规则集编辑页正常打开，Step 2 监控规则页面加载完成，已有配置回显正确
3. 校验内容列默认仅展示前两个key信息（如“key1-key2...“），超出部分以省略号截断显示
4. 鼠标悬浮后，tooltip中完整展示全部4个key信息：“key1-key2;key11-key22“","1. 
2. 
3. 
4.","","2","功能测试","功能测试阶段","正常","0","1","4","通过","向林","2026-04-10","","0000-00-00","1","",""
"183308","数据资产_STD(#23)","/版本迭代测试用例/v6.4.10/【内置规则丰富】完整性，json中key值范围校验(#10460)","","数据质量 规则集管理 规则配置-key范围校验基础功能 验证校验内容回显格式为同层级key用横线拼接不同层级用分号分隔","1) 已在【通用配置 → json格式校验管理】页面维护key数据：<br>   第一层级：key1（姓名）、key2（年龄）<br>   第二层级：key11（省份）、key22（城市）<br>2) 已在Doris数据源中准备测试表及数据：<br>CREATE TABLE qa_test.test_json_key_range (<br>  id INT,<br>  info JSON,<br>  extra_info VARCHAR(500)<br>) DISTRIBUTED BY HASH(id) BUCKETS 3<br>PROPERTIES(“replication_num“ = “1“);<br>INSERT INTO qa_test.test_json_key_range VALUES<br>  (1, &#039;{“key1“:“张三“,“key2“:25}&#039;, &#039;{“key1“:“test“}&#039;),<br>  (2, &#039;{“key1“:“李四“}&#039;, &#039;{“key2“:“test2“}&#039;),<br>  (3, &#039;{“key2“:30}&#039;, NULL);<br>3) 已通过【数据质量 → 规则集管理】页面，点击【新建规则集】，在 Step 1 基础信息中选择数据源=Doris、数据库=qa_test、数据表=test_json_key_range，规则包名称“key范围校验测试包“，点击【下一步】进入 Step 2 监控规则，在规则包“key范围校验测试包“中点击【新增规则】，统计函数选择【非空值数】，字段选择 info，点击规则行【保存】，再点击页面底部【保存】完成规则集“rule_set_key_range_test“创建","1. 进入【数据质量 → 规则集管理】页面，等待规则集列表加载完成
2. 找到“rule_set_key_range_test“，点击操作列的【编辑】按钮，进入 Step 2 监控规则页面，在“key范围校验测试包“中点击【新增规则】，统计函数选择“key范围校验“，字段选择“info“，打开校验内容下拉框，在第一层级勾选“key1（姓名）“和“key2（年龄）“，在第二层级勾选“key11（省份）“和“key22（城市）“，点击【确认】
3. 查看规则配置表单中“校验内容“字段的回显内容
4. 点击【保存】按钮，等待保存成功后再次点击该规则行进入编辑页面，查看已保存的校验内容展示","1. 规则集管理页面正常打开，列表加载完成
2. 规则集编辑页正常打开，Step 2 监控规则页面加载完成，已有配置回显正确
3. 校验内容回显格式为“key1-key2;key11-key22“，同层级key用“-“连接，不同层级配置组之间用“;“分隔
4. 已保存的规则中校验内容回显仍为“key1-key2;key11-key22“，格式不变","1. 
2. 
3. 
4.","","2","功能测试","功能测试阶段","正常","0","1","4","通过","向林","2026-04-10","","0000-00-00","1","",""
"183307","数据资产_STD(#23)","/版本迭代测试用例/v6.4.10/【内置规则丰富】完整性，json中key值范围校验(#10460)","","数据质量 规则集管理 规则配置-key范围校验基础功能 验证key数据量超过200条时默认加载前200条及搜索功能","1) 已在【通用配置 → json格式校验管理】页面批量维护超过200条key数据，前200条为key_001至key_200，第201条起为key_201、key_202等，通用配置导入文件生成脚本如下:<br><br>import openpyxl<br><br>wb = openpyxl.Workbook()<br>ws1 = wb.active<br>ws1.title = “一层“<br>ws1.append([“key“, “中文名称“, “value格式“])<br>for i in range(1, 251):<br>    ws1.append([f“key_{i:03d}“, f“测试key{i}“, ““])<br><br>wb.save(“json_key_range_import_250.xlsx“)<br>print(“已生成 json_key_range_import_250.xlsx，共250条一层key数据“)<br><br>2) 已在Doris数据源中准备测试表及数据：<br>CREATE TABLE qa_test.test_json_key_range (<br>  id INT,<br>  info JSON,<br>  extra_info VARCHAR(500)<br>) DISTRIBUTED BY HASH(id) BUCKETS 3<br>PROPERTIES(“replication_num“ = “1“);<br>INSERT INTO qa_test.test_json_key_range VALUES<br>  (1, &#039;{“key1“:“张三“,“key2“:25}&#039;, &#039;{“key1“:“test“}&#039;),<br>  (2, &#039;{“key1“:“李四“}&#039;, &#039;{“key2“:“test2“}&#039;),<br>  (3, &#039;{“key2“:30}&#039;, NULL);<br>3) 已通过【数据质量 → 规则集管理】页面，点击【新建规则集】，在 Step 1 基础信息中选择数据源=Doris、数据库=qa_test、数据表=test_json_key_range，规则包名称“key范围校验测试包“，点击【下一步】进入 Step 2 监控规则，在规则包“key范围校验测试包“中点击【新增规则】，统计函数选择【非空值数】，字段选择 info，点击规则行【保存】，再点击页面底部【保存】完成规则集“rule_set_key_range_test“创建","1. 进入【数据质量 → 规则集管理】页面，等待规则集列表加载完成
2. 找到“rule_set_key_range_test“，点击操作列的【编辑】按钮，进入 Step 2 监控规则页面，在“key范围校验测试包“中点击【新增规则】，统计函数选择“key范围校验“，字段选择“info“，点击校验内容下拉框，等待列表加载完成
3. 滚动下拉列表到底部，观察可见的key条目总数
4. 在搜索框中输入“key_201“，等待搜索结果加载","1. 规则集管理页面正常打开，列表加载完成
2. 规则集编辑页正常打开，Step 2 监控规则页面加载完成，已有配置回显正确
3. 下拉框中最多显示200条key数据（key_001至key_200），滚动到底部不再追加加载
4. 搜索结果正确返回“key_201“，不受前200条默认加载限制","1. 
2. 
3. 
4. 不支持搜索功能","","2","功能测试","功能测试阶段","正常","0","1","4","通过","向林","2026-04-10","","0000-00-00","1","",""
"183306","数据资产_STD(#23)","/版本迭代测试用例/v6.4.10/【内置规则丰富】完整性，json中key值范围校验(#10460)","","数据质量 规则集管理 规则配置-key范围校验基础功能 验证校验内容下拉框支持输入关键词搜索查询","1) 已在【通用配置 → json格式校验管理】页面维护以下key数据：<br>   第一层级：key1（姓名）、key2（年龄）、key3（性别）<br>   第二层级：key11（省份）、key22（城市）、key33（区县）<br>2) 已在Doris数据源中准备测试表及数据：<br>CREATE TABLE qa_test.test_json_key_range (<br>  id INT,<br>  info JSON,<br>  extra_info VARCHAR(500)<br>) DISTRIBUTED BY HASH(id) BUCKETS 3<br>PROPERTIES(“replication_num“ = “1“);<br>INSERT INTO qa_test.test_json_key_range VALUES<br>  (1, &#039;{“key1“:“张三“,“key2“:25}&#039;, &#039;{“key1“:“test“}&#039;),<br>  (2, &#039;{“key1“:“李四“}&#039;, &#039;{“key2“:“test2“}&#039;),<br>  (3, &#039;{“key2“:30}&#039;, NULL);<br>3) 已通过【数据质量 → 规则集管理】页面，点击【新建规则集】，在 Step 1 基础信息中选择数据源=Doris、数据库=qa_test、数据表=test_json_key_range，规则包名称“key范围校验测试包“，点击【下一步】进入 Step 2 监控规则，在规则包“key范围校验测试包“中点击【新增规则】，统计函数选择【非空值数】，字段选择 info，点击规则行【保存】，再点击页面底部【保存】完成规则集“rule_set_key_range_test“创建","1. 进入【数据质量 → 规则集管理】页面，等待规则集列表加载完成
2. 找到“rule_set_key_range_test“，点击操作列的【编辑】按钮，进入 Step 2 监控规则页面，在“key范围校验测试包“中点击【新增规则】，统计函数选择“key范围校验“，字段选择“info“，点击校验内容下拉框，等待下拉列表加载完成
3. 在校验内容下拉框内的搜索输入框中输入“key1“
4. 清空搜索框内容，输入“省份“
5. 清空搜索框内容，输入“xyz_not_exist“","1. 规则集管理页面正常打开，列表加载完成
2. 规则集编辑页正常打开，Step 2 监控规则页面加载完成，已有配置回显正确
3. 下拉列表过滤显示包含“key1“的结果：key1（姓名）、key11（省份），其余key不显示
4. 下拉列表过滤显示包含“省份“的结果：key11（省份），其余key不显示
5. 下拉列表显示“暂无数据“，不显示任何key选项","1. 
2. 
3. 
4. 
5.","","2","功能测试","功能测试阶段","正常","0","1","5","失败","向林","2026-04-10","","0000-00-00","1","",""
"183305","数据资产_STD(#23)","/版本迭代测试用例/v6.4.10/【内置规则丰富】完整性，json中key值范围校验(#10460)","","数据质量 规则集管理 规则配置-key范围校验基础功能 验证校验内容支持多选和全选操作","1) 已在【通用配置 → json格式校验管理】页面维护以下key数据：<br>   第一层级：key1（姓名）、key2（年龄）、key3（性别）<br>   第二层级：key11（省份）、key22（城市）、key33（区县）<br>2) 已在Doris数据源中准备测试表及数据：<br>CREATE TABLE qa_test.test_json_key_range (<br>  id INT,<br>  info JSON,<br>  extra_info VARCHAR(500)<br>) DISTRIBUTED BY HASH(id) BUCKETS 3<br>PROPERTIES(“replication_num“ = “1“);<br>INSERT INTO qa_test.test_json_key_range VALUES<br>  (1, &#039;{“key1“:“张三“,“key2“:25}&#039;, &#039;{“key1“:“test“}&#039;),<br>  (2, &#039;{“key1“:“李四“}&#039;, &#039;{“key2“:“test2“}&#039;),<br>  (3, &#039;{“key2“:30}&#039;, NULL);<br>3) 已通过【数据质量 → 规则集管理】页面，点击【新建规则集】，在 Step 1 基础信息中选择数据源=Doris、数据库=qa_test、数据表=test_json_key_range，规则包名称“key范围校验测试包“，点击【下一步】进入 Step 2 监控规则，在规则包“key范围校验测试包“中点击【新增规则】，统计函数选择【非空值数】，字段选择 info，点击规则行【保存】，再点击页面底部【保存】完成规则集“rule_set_key_range_test“创建","1. 进入【数据质量 → 规则集管理】页面，等待规则集列表加载完成
2. 找到“rule_set_key_range_test“，点击操作列的【编辑】按钮，进入 Step 2 监控规则页面，在“key范围校验测试包“中点击【新增规则】，统计函数选择“key范围校验“，字段选择“info“，点击校验内容下拉框，等待下拉列表加载完成
3. 在校验内容下拉框中依次勾选“key1（姓名）“、“key2（年龄）“、“key3（性别）“三个选项
4. 点击下拉框顶部的【全部】选项
5. 再次点击【全部】选项
6. 重新勾选“key1（姓名）“和“key11（省份）“，点击【确认】按钮，查看校验内容回显","1. 规则集管理页面正常打开，列表加载完成
2. 规则集编辑页正常打开，Step 2 监控规则页面加载完成，已有配置回显正确
3. 勾选3个key后，下拉框内显示已选中3项，各key名前复选框呈选中状态
4. 点击“全部“后，所有6个key（key1、key2、key3、key11、key22、key33）全部被勾选，“全部“选项呈全选状态
5. 所有key全部取消勾选，“全部“选项恢复未选状态
6. 确认后，规则配置中校验内容回显格式为“key1;key11“（同层级key用“-“拼接，不同层级配置组用“;“分隔）","1. 
2. 
3. 
4. 
5. 
6.","","2","功能测试","功能测试阶段","正常","0","1","6","通过","向林","2026-04-10","","0000-00-00","1","",""
"183304","数据资产_STD(#23)","/版本迭代测试用例/v6.4.10/【内置规则丰富】完整性，json中key值范围校验(#10460)","","数据质量 规则集管理 规则配置-key范围校验基础功能 验证校验方法切换（包含与不包含）规则保存和执行结果差异","1) 已在【通用配置 → json格式校验管理】页面维护key数据：key1（姓名）、key2（年龄）<br>2) 已在Doris数据源中准备测试表及数据：<br>CREATE TABLE qa_test.test_json_key_range (<br>  id INT,<br>  info JSON,<br>  extra_info VARCHAR(500)<br>) DISTRIBUTED BY HASH(id) BUCKETS 3<br>PROPERTIES(“replication_num“ = “1“);<br>INSERT INTO qa_test.test_json_key_range VALUES<br>  (1, &#039;{“key1“:“张三“,“key2“:25}&#039;, &#039;{“key1“:“test“}&#039;),<br>  (2, &#039;{“key1“:“李四“}&#039;, &#039;{“key2“:“test2“}&#039;),<br>  (3, &#039;{“key2“:30}&#039;, NULL);<br>3) 已通过【数据质量 → 规则集管理】页面，点击【新建规则集】完成规则集“rule_set_method_switch“创建：Step 1 基础信息中选择数据源=Doris、数据库=qa_test、数据表=test_json_key_range、规则集描述=无，并新增规则包“method_switch包“；点击【下一步】进入 Step 2 监控规则，确认规则包已创建后点击页面底部【保存】，规则集创建成功<br>4) 已在Doris表test_json_key_range中插入以下数据：<br>   INSERT INTO test_json_key_range VALUES<br>     (1, &#039;{“key1“:“张三“,“key2“:25}&#039;),<br>     (2, &#039;{“key1“:“李四“}&#039;);<br>5) 已通过【数据质量 → 规则任务管理】页面，点击【新建监控规则】完成任务“task_json_method_switch“创建：Step 1 基础信息中规则名称=task_json_method_switch、数据源=Doris、数据库=qa_test、数据表=test_json_key_range；点击【下一步】进入 Step 2 监控规则，通过【导入规则包】导入规则集管理中已配置的“method_switch包“；点击【下一步】进入 Step 3 调度属性，保持默认配置后点击【保存】，任务创建成功","1. 进入【数据质量 → 规则集管理】页面，等待规则集列表加载完成
2. 找到“rule_set_method_switch“，点击操作列的【编辑】按钮，进入 Step 2 监控规则页面，在“method_switch包“中点击【新增规则】，配置如下：
- *统计函数: key范围校验
- *字段: info（json类型）
- *校验方法: 包含
- *校验内容: key1（姓名）和 key2（年龄）
- 强弱规则: 强规则
- 规则描述: 无
点击【保存】按钮，再点击页面底部【保存】
3. 进入【数据质量 → 规则任务管理】页面，找到“task_json_method_switch“，点击【立即执行】
4. 进入【数据质量 → 校验结果查询】页面，找到“task_json_method_switch“最新实例记录并打开实例详情
5. 返回规则集管理，编辑“rule_set_method_switch“，进入 Step 2 编辑该规则，将校验方法由“包含“改为“不包含“，点击【保存】
6. 返回【数据质量 → 规则任务管理】页面，再次点击“task_json_method_switch“的【立即执行】
7. 进入【数据质量 → 校验结果查询】页面，找到“task_json_method_switch“最新实例记录并打开实例详情","1. 规则集管理页面正常打开，列表加载完成
2. 页面提示保存成功，规则列表中显示新增的规则行
3. 页面弹出提示信息，提示任务已提交执行
4. 1) 本次执行生成新的实例记录，任务名称与执行时间与本次操作匹配
2) 实例详情中 id=1（含key1和key2）质检结果=校验通过
3) id=2（仅含key1，缺key2）质检结果=校验不通过，未通过原因=key范围校验未通过
5. 规则保存成功，校验方法显示为“不包含“
6. 页面弹出提示信息，提示任务已提交执行
7. 1) 本次执行生成新的实例记录，任务名称与执行时间与本次操作匹配
2) 实例详情中 id=1（含key1和key2，违反不包含规则）质检结果=校验不通过，详情说明=不符合规则key范围不包含“key1-key2“
3) id=2（仅含key1，部分包含）质检结果=校验不通过，详情说明=不符合规则key范围不包含“key1-key2“","1. 
2. 
3. 
4. 
5. 
6. 
7.","","2","功能测试","功能测试阶段","正常","0","1","7","通过","向林","2026-04-10","","0000-00-00","1","",""
"183303","数据资产_STD(#23)","/版本迭代测试用例/v6.4.10/【内置规则丰富】完整性，json中key值范围校验(#10460)","","数据质量 规则集管理 规则配置-key范围校验基础功能 验证统计函数选择key范围校验后字段选择变为单选","1) 已在【通用配置 → json格式校验管理】页面维护key1（姓名）、key2（年龄）<br>2) 已在Doris数据源中准备测试表及数据：<br>CREATE TABLE qa_test.test_json_key_range (<br>  id INT,<br>  info JSON,<br>  extra_info VARCHAR(500)<br>) DISTRIBUTED BY HASH(id) BUCKETS 3<br>PROPERTIES(“replication_num“ = “1“);<br>INSERT INTO qa_test.test_json_key_range VALUES<br>  (1, &#039;{“key1“:“张三“,“key2“:25}&#039;, &#039;{“key1“:“test“}&#039;),<br>  (2, &#039;{“key1“:“李四“}&#039;, &#039;{“key2“:“test2“}&#039;),<br>  (3, &#039;{“key2“:30}&#039;, NULL);<br>3) 已通过【数据质量 → 规则集管理】页面，点击【新建规则集】，在 Step 1 基础信息中选择数据源=Doris、数据库=qa_test、数据表=test_json_key_range，规则包名称“key范围校验测试包“，点击【下一步】进入 Step 2 监控规则，在规则包“key范围校验测试包“中点击【新增规则】，统计函数选择【非空值数】，字段选择 info，点击规则行【保存】，再点击页面底部【保存】完成规则集“rule_set_key_range_test“创建","1. 进入【数据质量 → 规则集管理】页面，等待规则集列表加载完成
2. 找到规则集“rule_set_key_range_test“，点击操作列的【编辑】按钮，进入 Step 2 监控规则页面
3. 在规则包“key范围校验测试包“中点击【新增规则】，先在统计函数下拉列表中选择一个普通统计函数“非空值数“，在字段选择框中同时勾选“info“和“extra_info“两个字段
4. 将统计函数切换为“key范围校验“，观察字段选择框的变化及统计函数标签旁的悬浮提示图标
5. 在字段选择框中先选择“info“，再选择“extra_info“","1. 规则集管理页面正常打开，列表加载完成
2. 规则集编辑页正常打开，Step 2 监控规则页面加载完成，已有配置回显正确
3. 字段选择框支持多选，可同时勾选多个字段
4. 1) 切换为key范围校验后，统计函数标签旁出现悬浮提示图标，鼠标悬浮显示文案“当选择key范围校验时，字段仅支持单选“
2) 字段选择框变为单选模式，原多选值自动清空
5. 字段选择框只允许选择一个字段，选择“extra_info“后“info“自动取消，最终只有“extra_info“一个字段被选中","1. 
2. 
3. 
4. 
5.","","1","功能测试","功能测试阶段","正常","0","3","5","通过","向林","2026-04-10","","0000-00-00","1","",""
"183236","数据资产_STD(#23)","/版本迭代测试用例/v6.4.10/【数据资产】落标检查任务、元数据同步任务支持配置环境参数(#10454)","【数据资产】落标检查任务、元数据同步任务支持选择资源组和配置环境参数(#15699)","验证编辑元数据同步任务支持配置环境参数，功能正确","平台已存在sparkthrift数据源的元数据同步任务A","1. 进入【资产-元数据-元数据同步】页面
2. 选择同步任务A，点击编辑，进入调度配置页面
3. 点击「环境参数配置」按钮
4. 修改环境参数内容，点击确定
5. 其余内容正确配置，点击新增并立即执行
6. 等待同步完成，查看同步详情
7. 进入yarn地址查看环境参数是否生效","1. 页面正常进入
2. 展示「环境参数配置」按钮
3. 弹出参数配置弹窗，弹窗内为参数编辑框，展示可配置的Spark参数及注释说明
4. 
5. 任务保存成功，为同步中状态
6. 成功同步，数据地图里对应表详情正确
7. 环境参数配置生效","1. 
2. 
3. 
4. 
5. 
6. 
7.","","2","功能测试","功能测试阶段","正常","0","2","7","通过","听筠","2026-04-09","","0000-00-00","1","",""
"183235","数据资产_STD(#23)","/版本迭代测试用例/v6.4.10/【数据资产】落标检查任务、元数据同步任务支持配置环境参数(#10454)","【数据资产】落标检查任务、元数据同步任务支持选择资源组和配置环境参数(#15699)","验证编辑落标检查任务支持配置环境参数，功能正确","平台已存在落标检查任务A","1. 进入【资产-数据标准-落标检查】页面
2. 选择落标任务A，点击编辑
3. 进入调度配置页面
4. 点击「环境参数配置」按钮
5. 修改环境参数内容，点击确定
6. 其余内容正确配置，点击新增并立即执行
7. 等待检查完成，查看任务明细
8. 进入yarn地址查看环境参数是否生效","1. 页面正常进入
2. 进入编辑任务页面
3. 展示「环境参数配置」按钮
4. 弹出参数配置弹窗，弹窗内为参数编辑框，展示可配置的Spark参数及注释说明
5. 
6. 任务保存成功，为检查中状态
7. 成功完成检查，任务明细正确
8. 环境参数配置生效","1. 
2. 
3. 
4. 
5. 
6. 
7. 
8.","","2","功能测试","功能测试阶段","正常","0","2","8","通过","听筠","2026-04-09","","0000-00-00","1","",""
"183234","数据资产_STD(#23)","/版本迭代测试用例/v6.4.10/【数据资产】落标检查任务、元数据同步任务支持配置环境参数(#10454)","【数据资产】落标检查任务、元数据同步任务支持选择资源组和配置环境参数(#15699)","验证元数据同步任务配置环境参数后功能正确","无","1. 进入【资产-元数据-元数据同步】页面
2. 新增周期同步任务，选择sparkthrift数据源，进入调度配置页面
3. 点击「环境参数配置」按钮
4. 修改环境参数内容，点击取消
5. 修改环境参数内容，点击确定
6. 其余内容正确配置，点击新增并立即执行
7. 等待同步完成，查看同步详情
8. 进入yarn地址查看环境参数是否生效","1. 页面正常进入
2. 展示「环境参数配置」按钮
3. 弹出参数配置弹窗，弹窗内为参数编辑框，展示可配置的Spark参数及注释说明
4. 取消成功，参数内容不变
5. 
6. 任务保存成功，为同步中状态
7. 成功同步，数据地图里对应表详情正确
8. 环境参数配置生效","1. 
2. 
3. 
4. 
5. 
6. 
7. 
8.","","1","功能测试","功能测试阶段","正常","0","3","8","通过","听筠","2026-04-09","","0000-00-00","1","",""
"183233","数据资产_STD(#23)","/版本迭代测试用例/v6.4.10/【数据资产】落标检查任务、元数据同步任务支持配置环境参数(#10454)","【数据资产】落标检查任务、元数据同步任务支持选择资源组和配置环境参数(#15699)","验证落标检查任务配置环境参数后功能正确","无","1. 进入【资产-数据标准-落标检查】页面
2. 新建落标检查任务，进入检查内容配置页面
3. 进入调度配置页面
4. 点击「环境参数配置」按钮
5. 修改环境参数内容，点击取消
6. 修改环境参数内容，点击确定
7. 其余内容正确配置，点击新增并立即执行
8. 等待检查完成，查看任务明细
9. 进入yarn地址查看环境参数是否生效","1. 页面正常进入
2. 仅显示sparkthrift数据源
3. 展示「环境参数配置」按钮
4. 弹出参数配置弹窗，弹窗内为参数编辑框，展示可配置的Spark参数及注释说明
5. 取消成功，参数内容不变
6. 
7. 任务保存成功，为检查中状态
8. 成功完成检查，任务明细正确
9. 环境参数配置生效","1. 
2. 
3. 
4. 
5. 
6. 
7. 
8. 
9.","","1","功能测试","功能测试阶段","正常","0","5","9","通过","听筠","2026-04-09","","0000-00-00","1","",""
"183232","数据资产_STD(#23)","/版本迭代测试用例/v6.4.10/【数据资产】落标检查任务、元数据同步任务支持配置环境参数(#10454)","【数据资产】落标检查任务、元数据同步任务支持选择资源组和配置环境参数(#15699)","验证元数据同步任务新增【环境参数】配置，限制数据源正确","无","1. 进入【资产-元数据-元数据同步】页面
2. 新增周期同步任务，选择sparkthrift数据源，进入调度配置页面
3. 点击「环境参数配置」按钮
4. 查看环境参数内容
5. 重新新增周期同步任务，选择doris/hive/mysql……数据源，进入调度配置页面","1. 页面正常进入
2. 展示「环境参数配置」按钮
3. 弹出参数配置弹窗，弹窗内为参数编辑框，展示可配置的Spark参数及注释说明
4. 
5. 不展示「环境参数配置」按钮","1. 
2. 
3. 
4. 
5.","","1","功能测试","功能测试阶段","正常","0","2","5","通过","听筠","2026-04-09","","0000-00-00","1","",""
"183231","数据资产_STD(#23)","/版本迭代测试用例/v6.4.10/【数据资产】落标检查任务、元数据同步任务支持配置环境参数(#10454)","【数据资产】落标检查任务、元数据同步任务支持选择资源组和配置环境参数(#15699)","验证落标检查任务新增【环境参数】配置，限制数据源正确","无","1. 进入【资产-数据标准-落标检查】页面
2. 新建落标检查任务，进入检查内容配置页面
3. 进入调度配置页面
4. 点击「环境参数配置」按钮
5. 查看环境参数内容","1. 页面正常进入
2. 仅显示sparkthrift数据源
3. 展示「环境参数配置」按钮
4. 弹出参数配置弹窗，弹窗内为参数编辑框，展示可配置的Spark参数及注释说明
5.","1. 
2. 
3. 
4. 
5.","","1","功能测试","功能测试阶段","正常","0","3","5","通过","听筠","2026-04-09","","0000-00-00","1","",""
"183230","数据资产_STD(#23)","/版本迭代测试用例/v6.4.10/【内置规则丰富】合理性，多表，字段大小对比以及字段计算逻辑对比(#10452)","【岚图】【内置规则丰富】合理性，多表，字段大小对比以及字段计算逻辑对比(#15530)","验证「规则库配置」-「内置规则」导出规则内容正确","无","1. 进入「资产-数据质量-规则库配置」页面
2. 点击【导出规则】按钮
3. 查看规则","1. 页面正常打开
2. 成功下载规则到本地
3. 包含「合理性-多表字段值对比」规则正确详情","1. 
2. 
3.","","3","功能测试","功能测试阶段","正常","0","1","3","通过","听筠","2026-04-09","","0000-00-00","1","",""
"183229","数据资产_STD(#23)","/版本迭代测试用例/v6.4.10/【内置规则丰富】合理性，多表，字段大小对比以及字段计算逻辑对比(#10452)","【岚图】【内置规则丰富】合理性，多表，字段大小对比以及字段计算逻辑对比(#15530)","验证「规则库配置」-「内置规则」-「多表字段值对比」关联规则数显示正确","无","1. 进入「资产-数据质量-规则库配置」页面
2. 找到「多表字段值对比」规则，查看「关联规则数」列
3. 切换至「资产-数据质量-规则集管理-新增规则集」页面，添加「合理性校验-多表字段值对比」规则
4. 切换至「资产-数据质量-规则库配置」页面
5. 找到「多表字段值对比」规则，查看「关联规则数」列和「规则状态」列
6. 删除「规则集管理」-「合理性校验」-「多表字段值对比」规则
7. 查看「规则库配置」-「合理性校验」-「多表字段值对比」","1. 页面正常打开
2. 默认为0
3. 保存成功
4. 页面正常打开
5. 「关联规则数」显示为1，「规则状态」开关置灰，不可更改
6. 删除成功
7. 「关联规则数」显示为0，「规则状态」开关可更改","1. 
2. 
3. 
4. 
5. 
6. 
7.","","2","功能测试","功能测试阶段","正常","0","1","7","通过","听筠","2026-04-09","","0000-00-00","1","",""
"183228","数据资产_STD(#23)","/版本迭代测试用例/v6.4.10/【内置规则丰富】合理性，多表，字段大小对比以及字段计算逻辑对比(#10452)","【岚图】【内置规则丰富】合理性，多表，字段大小对比以及字段计算逻辑对比(#15530)","验证「规则库配置」-「内置规则」-「多表字段值对比」开/关规则状态功能正确","无","1. 进入「资产-数据质量-规则库配置」页面
2. 找到「多表字段值对比」规则，查看「规则状态」列
3. 切换至「资产-数据质量-规则集管理-新增规则集-监控规则」页面，添加「合理性校验」规则
4. 查看「合理性校验」-「统计函数」下拉项
5. 切换至「资产-数据质量-规则库配置」页面
6. 找到「多表字段值对比」规则，修改「规则状态」为关闭状态
7. 切换至「资产-数据质量-规则集管理-新增规则集-监控规则」页面，添加「合理性校验」规则
8. 查看「合理性校验」-「统计函数」下拉项","1. 页面正常打开
2. 默认开启的状态
3. 添加成功
4. 显示「多表字段值对比」项
5. 页面正常打开
6. 修改成功
7. 添加成功
8. 不显示「多表字段值对比」项","1. 
2. 
3. 
4. 
5. 
6. 
7. 
8.","","2","功能测试","功能测试阶段","正常","0","1","8","通过","听筠","2026-04-09","","0000-00-00","1","",""
"183227","数据资产_STD(#23)","/版本迭代测试用例/v6.4.10/【内置规则丰富】合理性，多表，字段大小对比以及字段计算逻辑对比(#10452)","【岚图】【内置规则丰富】合理性，多表，字段大小对比以及字段计算逻辑对比(#15530)","验证「规则库配置」-「内置规则」列表新增「多表字段值对比」规则","无","1. 进入「资产-数据质量-规则库配置」页面
2. 查看列表","1. 页面正常打开
2. 新增多表字段值对比
显示为：
规则名称-多表字段值对比；
规则解释-多表字段值的计算对比；
规则分类-合理性校验
关联范围-多表
规则描述-比较多表关联后字段值的计算逻辑是否符合要求，支持将计算结果进行对比或计算结果值的值域判断","1. 
2.","","1","功能测试","功能测试阶段","正常","0","4","2","通过","听筠","2026-04-09","","0000-00-00","1","",""
"183226","数据资产_STD(#23)","/版本迭代测试用例/v6.4.10/【内置规则丰富】合理性，多表，字段大小对比以及字段计算逻辑对比(#10452)","【岚图】【内置规则丰富】合理性，多表，字段大小对比以及字段计算逻辑对比(#15530)","验证「监控规则」-「合理性校验」-「多表字段值对比」校验不通过质量报告内容正确","1、已存在表A：
CREATE TABLE IF NOT EXISTS lantu_test.A (
--数值型
field_tinyint TINYINT COMMENT &#039;TINYINT类型&#039;,
field_smallint SMALLINT COMMENT &#039;SMALLINT类型&#039;,
field_int INT COMMENT &#039;INT类型&#039;,
field_integer INTEGER COMMENT &#039;INTEGER类型&#039;,
field_bigint BIGINT COMMENT &#039;BIGINT类型&#039;,
field_float FLOAT COMMENT &#039;FLOAT类型&#039;,
field_double DOUBLE COMMENT &#039;DOUBLE类型&#039;,
field_decimal DECIMAL(10, 2) COMMENT &#039;DECIMAL类型&#039;,
field_numeric NUMERIC(15, 4) COMMENT &#039;NUMERIC类型&#039;,
-- STRING类型
string_number STRING COMMENT &#039;数字字符串&#039;,
string_chinese STRING COMMENT &#039;中文字符串&#039;,
string_english STRING COMMENT &#039;英文字符串&#039;,
field_date DATE COMMENT &#039;日期&#039;,
field_boolean BOOLEAN COMMENT &#039;布尔类型&#039;,
field_binary BINARY COMMENT &#039;二进制类型&#039;,
id INT COMMENT &#039;ID&#039;,
user_name STRING COMMENT &#039;用户名&#039;,
age TINYINT COMMENT &#039;年龄&#039;,
phone BIGINT COMMENT &#039;手机号&#039;,
email STRING COMMENT &#039;邮箱&#039;,
salary DECIMAL(10, 2) COMMENT &#039;薪资&#039;,
is_active BOOLEAN COMMENT &#039;是否激活&#039;,
address STRING COMMENT &#039;地址&#039;,
score FLOAT COMMENT &#039;评分&#039;,
total_amount DOUBLE COMMENT &#039;总金额&#039;
) COMMENT &#039;测试表A&#039;;
INSERT INTO lantu_test.A VALUES
(
1, 100, 10000, 100000, 1000000, 3.14, 3.1415926535,
12345.67, 98765.4321, &#039;12345&#039;, &#039;你好世界&#039;, &#039;Hello World&#039;,
DATE(&#039;2024-01-15&#039;), TRUE, X&#039;48656C6C6F&#039;, 1, &#039;张三&#039;, 25, 13812345678,
&#039;zhangsan@example.com&#039;, 8500.00, TRUE, &#039;北京市朝阳区&#039;, 4.8, 99999.99
),
(
2, 200, 20000, 200000, 2000000, 2.718, 2.718281828,
23456.78, 54321.9876, &#039;67890&#039;, &#039;测试数据&#039;, &#039;Test Data&#039;,
DATE(&#039;2024-02-20&#039;), FALSE, X&#039;576F726C64&#039;, 2, &#039;李四&#039;, 30, 13987654321,
&#039;lisi@example.com&#039;, 12000.00, FALSE, &#039;上海市浦东新区&#039;, 4.2, 150000.00
),
(
3, 50, 5000, 50000, 500000, 1.414, 1.414213562,
34567.89, 12345.6789, &#039;99999&#039;, &#039;示例数据&#039;, &#039;Sample Data&#039;,
DATE(&#039;2024-03-10&#039;), TRUE, X&#039;537061726B&#039;, 3, &#039;王五&#039;, 28, 13711223344,
&#039;wangwu@example.com&#039;, 9500.00, TRUE, &#039;广州市天河区&#039;, 4.5, 88000.00
);

表B：
CREATE TABLE IF NOT EXISTS lantu_test.B(
--数值型
field_tinyint TINYINT COMMENT &#039;TINYINT类型&#039;,
field_smallint SMALLINT COMMENT &#039;SMALLINT类型&#039;,
field_int INT COMMENT &#039;INT类型&#039;,
field_integer INTEGER COMMENT &#039;INTEGER类型&#039;,
field_bigint BIGINT COMMENT &#039;BIGINT类型&#039;,
field_float FLOAT COMMENT &#039;FLOAT类型&#039;,
field_double DOUBLE COMMENT &#039;DOUBLE类型&#039;,
field_decimal DECIMAL(10, 2) COMMENT &#039;DECIMAL类型&#039;,
field_numeric NUMERIC(15, 4) COMMENT &#039;NUMERIC类型&#039;,
-- STRING类型
string_number STRING COMMENT &#039;数字字符串&#039;,
string_chinese STRING COMMENT &#039;中文字符串&#039;,
string_english STRING COMMENT &#039;英文字符串&#039;,
field_date DATE COMMENT &#039;日期&#039;,
field_boolean BOOLEAN COMMENT &#039;布尔类型&#039;,
field_binary BINARY COMMENT &#039;二进制类型&#039;,
b_id INT COMMENT &#039;ID&#039;,
b_name STRING COMMENT &#039;用户名&#039;,
email STRING COMMENT &#039;邮箱&#039;,
is_active BOOLEAN COMMENT &#039;是否激活&#039;
) COMMENT &#039;测试表B&#039;;
INSERT INTO lantu_test.B VALUES
(
1,100,10000,100000,1000000,3.14,3.1415926535,12345.67,98765.4321,&#039;12345&#039;,&#039;你好世界&#039;,&#039;Hello World&#039;,DATE(&#039;2024-01-15&#039;) ,TRUE,X&#039;48656C6C6F&#039;,
1,  -- 匹配A表a_id=1
&#039;张三&#039;,  -- 匹配A表a_name = &#039;张三&#039;
&#039;zhangsan@example.com&#039;,TRUE
),
(
2,200,20000,200000,2000000,2.718,2.718281828,23456.78,54321.9876,&#039;67890&#039;,&#039;测试数据&#039;,&#039;Test Data&#039;,DATE(&#039;2024-02-20&#039;) ,FALSE,X&#039;576F726C64&#039;,
3,  -- 匹配A表a_id=3
&#039;张四&#039;,&#039;zhangsan2@example.com&#039;,FALSE
),
(    3,50,5000,50000,500000,1.414,1.414213562,34567.89,12345.6789,&#039;99999&#039;,&#039;示例数据&#039;,&#039;Sample Data&#039;,DATE(&#039;2024-03-10&#039;) ,TRUE,X&#039;537061726B&#039;,
5,&#039;李四&#039;,  -- 匹配A表a_name = &#039;李四&#039;
&#039;lisi@example.com&#039;,TRUE
);

2、平台已存在结果为通过的「合理性校验」-「多表字段值对比」规则「test_rule2」，以下两个子规则都不通过
1）子规则一：「合理性校验」-「多表字段值对比」-「计算结果对比」： 「字段」：「 field_smallint」 「统计函数」：「 多表字段值对比」 「校验表主键」：「id」 「关联表1」：「 B」，「关联表1主键」：「 id」 「计算逻辑配置1」：「A.field_smallint+B.field_smallint」 「对比方法」：「计算结果对比」 「计算逻辑配置2」：「（A.field_bigint+B.field_int）*field_tinyint」 「对比规则」：「A.field_smallint+B.field_smallint=（A.field_bigint+B.field_int）*field_tinyint」 「强弱规则」选择「弱规则」 「规则描述」输入「测试规则」
2）子规则二：「合理性校验」-「多表字段值对比」-「计算结果值判断」： 「字段」：「 field_float」 「统计函数」：「 多表字段值对比」 「校验表主键」：「id」 「关联表1」：「 B」，「关联表1主键」：「 id」 「计算逻辑配置1」：「（A.field_float-B.field_float）/A.field_float」 「对比方法」：「计算结果值判断」 「结果值」：「>=100且=10000」 「强弱规则」选择「弱规则」 「规则描述」输入「测试规则」","1. 进入「资产-数据质量-数据质量报告」页面
2. 查看「test_rule2」任务的质量报告详情
3. 点击「查看详情」按钮","1. 报告进入目录
2. 质量评估汇总（任务名）区域，（数据源、数据库、检测数据范围、表行数、抽样行数、字段数、校验规则数、校验通过率）
3. 显示未通过的明细数据","1. 
2. 
3.","","1","功能测试","功能测试阶段","正常","0","2","3","通过","听筠","2026-04-09","","0000-00-00","1","",""
"183225","数据资产_STD(#23)","/版本迭代测试用例/v6.4.10/【内置规则丰富】合理性，多表，字段大小对比以及字段计算逻辑对比(#10452)","【岚图】【内置规则丰富】合理性，多表，字段大小对比以及字段计算逻辑对比(#15530)","验证「监控规则」-「合理性校验」-「多表字段值对比」校验通过质量报告内容正确","1、已存在表A：
CREATE TABLE IF NOT EXISTS lantu_test.A (
--数值型
field_tinyint TINYINT COMMENT &#039;TINYINT类型&#039;,
field_smallint SMALLINT COMMENT &#039;SMALLINT类型&#039;,
field_int INT COMMENT &#039;INT类型&#039;,
field_integer INTEGER COMMENT &#039;INTEGER类型&#039;,
field_bigint BIGINT COMMENT &#039;BIGINT类型&#039;,
field_float FLOAT COMMENT &#039;FLOAT类型&#039;,
field_double DOUBLE COMMENT &#039;DOUBLE类型&#039;,
field_decimal DECIMAL(10, 2) COMMENT &#039;DECIMAL类型&#039;,
field_numeric NUMERIC(15, 4) COMMENT &#039;NUMERIC类型&#039;,
-- STRING类型
string_number STRING COMMENT &#039;数字字符串&#039;,
string_chinese STRING COMMENT &#039;中文字符串&#039;,
string_english STRING COMMENT &#039;英文字符串&#039;,
field_date DATE COMMENT &#039;日期&#039;,
field_boolean BOOLEAN COMMENT &#039;布尔类型&#039;,
field_binary BINARY COMMENT &#039;二进制类型&#039;,
id INT COMMENT &#039;ID&#039;,
user_name STRING COMMENT &#039;用户名&#039;,
age TINYINT COMMENT &#039;年龄&#039;,
phone BIGINT COMMENT &#039;手机号&#039;,
email STRING COMMENT &#039;邮箱&#039;,
salary DECIMAL(10, 2) COMMENT &#039;薪资&#039;,
is_active BOOLEAN COMMENT &#039;是否激活&#039;,
address STRING COMMENT &#039;地址&#039;,
score FLOAT COMMENT &#039;评分&#039;,
total_amount DOUBLE COMMENT &#039;总金额&#039;
) COMMENT &#039;测试表A&#039;;
INSERT INTO lantu_test.A VALUES
(
1, 100, 10000, 100000, 1000000, 3.14, 3.1415926535,
12345.67, 98765.4321, &#039;12345&#039;, &#039;你好世界&#039;, &#039;Hello World&#039;,
DATE(&#039;2024-01-15&#039;), TRUE, X&#039;48656C6C6F&#039;, 1, &#039;张三&#039;, 25, 13812345678,
&#039;zhangsan@example.com&#039;, 8500.00, TRUE, &#039;北京市朝阳区&#039;, 4.8, 99999.99
),
(
2, 200, 20000, 200000, 2000000, 2.718, 2.718281828,
23456.78, 54321.9876, &#039;67890&#039;, &#039;测试数据&#039;, &#039;Test Data&#039;,
DATE(&#039;2024-02-20&#039;), FALSE, X&#039;576F726C64&#039;, 2, &#039;李四&#039;, 30, 13987654321,
&#039;lisi@example.com&#039;, 12000.00, FALSE, &#039;上海市浦东新区&#039;, 4.2, 150000.00
),
(
3, 50, 5000, 50000, 500000, 1.414, 1.414213562,
34567.89, 12345.6789, &#039;99999&#039;, &#039;示例数据&#039;, &#039;Sample Data&#039;,
DATE(&#039;2024-03-10&#039;), TRUE, X&#039;537061726B&#039;, 3, &#039;王五&#039;, 28, 13711223344,
&#039;wangwu@example.com&#039;, 9500.00, TRUE, &#039;广州市天河区&#039;, 4.5, 88000.00
);

表B：
CREATE TABLE IF NOT EXISTS lantu_test.B(
--数值型
field_tinyint TINYINT COMMENT &#039;TINYINT类型&#039;,
field_smallint SMALLINT COMMENT &#039;SMALLINT类型&#039;,
field_int INT COMMENT &#039;INT类型&#039;,
field_integer INTEGER COMMENT &#039;INTEGER类型&#039;,
field_bigint BIGINT COMMENT &#039;BIGINT类型&#039;,
field_float FLOAT COMMENT &#039;FLOAT类型&#039;,
field_double DOUBLE COMMENT &#039;DOUBLE类型&#039;,
field_decimal DECIMAL(10, 2) COMMENT &#039;DECIMAL类型&#039;,
field_numeric NUMERIC(15, 4) COMMENT &#039;NUMERIC类型&#039;,
-- STRING类型
string_number STRING COMMENT &#039;数字字符串&#039;,
string_chinese STRING COMMENT &#039;中文字符串&#039;,
string_english STRING COMMENT &#039;英文字符串&#039;,
field_date DATE COMMENT &#039;日期&#039;,
field_boolean BOOLEAN COMMENT &#039;布尔类型&#039;,
field_binary BINARY COMMENT &#039;二进制类型&#039;,
b_id INT COMMENT &#039;ID&#039;,
b_name STRING COMMENT &#039;用户名&#039;,
email STRING COMMENT &#039;邮箱&#039;,
is_active BOOLEAN COMMENT &#039;是否激活&#039;
) COMMENT &#039;测试表B&#039;;
INSERT INTO lantu_test.B VALUES
(
1,100,10000,100000,1000000,3.14,3.1415926535,12345.67,98765.4321,&#039;12345&#039;,&#039;你好世界&#039;,&#039;Hello World&#039;,DATE(&#039;2024-01-15&#039;) ,TRUE,X&#039;48656C6C6F&#039;,
1,  -- 匹配A表a_id=1
&#039;张三&#039;,  -- 匹配A表a_name = &#039;张三&#039;
&#039;zhangsan@example.com&#039;,TRUE
),
(
2,200,20000,200000,2000000,2.718,2.718281828,23456.78,54321.9876,&#039;67890&#039;,&#039;测试数据&#039;,&#039;Test Data&#039;,DATE(&#039;2024-02-20&#039;) ,FALSE,X&#039;576F726C64&#039;,
3,  -- 匹配A表a_id=3
&#039;张四&#039;,&#039;zhangsan2@example.com&#039;,FALSE
),
(    3,50,5000,50000,500000,1.414,1.414213562,34567.89,12345.6789,&#039;99999&#039;,&#039;示例数据&#039;,&#039;Sample Data&#039;,DATE(&#039;2024-03-10&#039;) ,TRUE,X&#039;537061726B&#039;,
5,&#039;李四&#039;,  -- 匹配A表a_name = &#039;李四&#039;
&#039;lisi@example.com&#039;,TRUE
);

2、平台已存在结果为通过的「合理性校验」-「多表字段值对比」规则「test_rule1」，以下两个子规则都通过
1）子规则一：「合理性校验」-「多表字段值对比」-「计算结果对比」： 「字段」：「 field_int 」 「统计函数」：「 多表字段值对比」 「校验表主键」：「id」 「关联表1」：「 B」，「关联表1主键」：「 id」 「计算逻辑配置1」：「A.field_tinyint+B.field_smallint」 「对比方法」：「计算结果对比」 「计算逻辑配置2」：「A.field_bigint+B.field_bigint」 「对比规则」：「A.field_tinyint+B.field_smallint>A.field_bigint+B.field_bigint」 「强弱规则」选择「弱规则」 「规则描述」输入「测试规则」 2）子规则二：「合理性校验」-「多表字段值对比」-「计算结果值判断」： 「字段」：「 field_float」 「统计函数」：「 多表字段值对比」 「校验表主键」：「id」 「关联表1」：「 B」，「关联表1主键」：「 id」 「计算逻辑配置1」：「（A.field_float-B.field_float）/A.field_float」 「对比方法」：「计算结果值判断」 「结果值」：「>=1或<=10000」 「强弱规则」选择「弱规则」 「规则描述」输入「测试规则」","1. 进入「资产-数据质量-数据质量报告」页面
2. 查看「test_rule1」任务的质量报告详情","1. 报告进入目录
2. 质量评估汇总（任务名）区域，（数据源、数据库、检测数据范围、表行数、抽样行数、字段数、校验规则数、校验通过率）","1. 
2.","","1","功能测试","功能测试阶段","正常","0","2","2","通过","听筠","2026-04-09","","0000-00-00","1","",""
"183224","数据资产_STD(#23)","/版本迭代测试用例/v6.4.10/【内置规则丰富】合理性，多表，字段大小对比以及字段计算逻辑对比(#10452)","【岚图】【内置规则丰富】合理性，多表，字段大小对比以及字段计算逻辑对比(#15530)","验证「监控规则」-「合理性校验」-「多表字段值对比」任务运行失败详情正确","1、已存在表A：
CREATE TABLE IF NOT EXISTS lantu_test.A (
--数值型
field_tinyint TINYINT COMMENT &#039;TINYINT类型&#039;,
field_smallint SMALLINT COMMENT &#039;SMALLINT类型&#039;,
field_int INT COMMENT &#039;INT类型&#039;,
field_integer INTEGER COMMENT &#039;INTEGER类型&#039;,
field_bigint BIGINT COMMENT &#039;BIGINT类型&#039;,
field_float FLOAT COMMENT &#039;FLOAT类型&#039;,
field_double DOUBLE COMMENT &#039;DOUBLE类型&#039;,
field_decimal DECIMAL(10, 2) COMMENT &#039;DECIMAL类型&#039;,
field_numeric NUMERIC(15, 4) COMMENT &#039;NUMERIC类型&#039;,
-- STRING类型
string_number STRING COMMENT &#039;数字字符串&#039;,
string_chinese STRING COMMENT &#039;中文字符串&#039;,
string_english STRING COMMENT &#039;英文字符串&#039;,
field_date DATE COMMENT &#039;日期&#039;,
field_boolean BOOLEAN COMMENT &#039;布尔类型&#039;,
field_binary BINARY COMMENT &#039;二进制类型&#039;,
id INT COMMENT &#039;ID&#039;,
user_name STRING COMMENT &#039;用户名&#039;,
age TINYINT COMMENT &#039;年龄&#039;,
phone BIGINT COMMENT &#039;手机号&#039;,
email STRING COMMENT &#039;邮箱&#039;,
salary DECIMAL(10, 2) COMMENT &#039;薪资&#039;,
is_active BOOLEAN COMMENT &#039;是否激活&#039;,
address STRING COMMENT &#039;地址&#039;,
score FLOAT COMMENT &#039;评分&#039;,
total_amount DOUBLE COMMENT &#039;总金额&#039;
) COMMENT &#039;测试表A&#039;;
INSERT INTO lantu_test.A VALUES
(
1, 100, 10000, 100000, 1000000, 3.14, 3.1415926535,
12345.67, 98765.4321, &#039;12345&#039;, &#039;你好世界&#039;, &#039;Hello World&#039;,
DATE(&#039;2024-01-15&#039;), TRUE, X&#039;48656C6C6F&#039;, 1, &#039;张三&#039;, 25, 13812345678,
&#039;zhangsan@example.com&#039;, 8500.00, TRUE, &#039;北京市朝阳区&#039;, 4.8, 99999.99
),
(
2, 200, 20000, 200000, 2000000, 2.718, 2.718281828,
23456.78, 54321.9876, &#039;67890&#039;, &#039;测试数据&#039;, &#039;Test Data&#039;,
DATE(&#039;2024-02-20&#039;), FALSE, X&#039;576F726C64&#039;, 2, &#039;李四&#039;, 30, 13987654321,
&#039;lisi@example.com&#039;, 12000.00, FALSE, &#039;上海市浦东新区&#039;, 4.2, 150000.00
),
(
3, 50, 5000, 50000, 500000, 1.414, 1.414213562,
34567.89, 12345.6789, &#039;99999&#039;, &#039;示例数据&#039;, &#039;Sample Data&#039;,
DATE(&#039;2024-03-10&#039;), TRUE, X&#039;537061726B&#039;, 3, &#039;王五&#039;, 28, 13711223344,
&#039;wangwu@example.com&#039;, 9500.00, TRUE, &#039;广州市天河区&#039;, 4.5, 88000.00
);

表B：
CREATE TABLE IF NOT EXISTS lantu_test.B(
--数值型
field_tinyint TINYINT COMMENT &#039;TINYINT类型&#039;,
field_smallint SMALLINT COMMENT &#039;SMALLINT类型&#039;,
field_int INT COMMENT &#039;INT类型&#039;,
field_integer INTEGER COMMENT &#039;INTEGER类型&#039;,
field_bigint BIGINT COMMENT &#039;BIGINT类型&#039;,
field_float FLOAT COMMENT &#039;FLOAT类型&#039;,
field_double DOUBLE COMMENT &#039;DOUBLE类型&#039;,
field_decimal DECIMAL(10, 2) COMMENT &#039;DECIMAL类型&#039;,
field_numeric NUMERIC(15, 4) COMMENT &#039;NUMERIC类型&#039;,
-- STRING类型
string_number STRING COMMENT &#039;数字字符串&#039;,
string_chinese STRING COMMENT &#039;中文字符串&#039;,
string_english STRING COMMENT &#039;英文字符串&#039;,
field_date DATE COMMENT &#039;日期&#039;,
field_boolean BOOLEAN COMMENT &#039;布尔类型&#039;,
field_binary BINARY COMMENT &#039;二进制类型&#039;,
b_id INT COMMENT &#039;ID&#039;,
b_name STRING COMMENT &#039;用户名&#039;,
email STRING COMMENT &#039;邮箱&#039;,
is_active BOOLEAN COMMENT &#039;是否激活&#039;
) COMMENT &#039;测试表B&#039;;
INSERT INTO lantu_test.B VALUES
(
1,100,10000,100000,1000000,3.14,3.1415926535,12345.67,98765.4321,&#039;12345&#039;,&#039;你好世界&#039;,&#039;Hello World&#039;,DATE(&#039;2024-01-15&#039;) ,TRUE,X&#039;48656C6C6F&#039;,
1,  -- 匹配A表a_id=1
&#039;张三&#039;,  -- 匹配A表a_name = &#039;张三&#039;
&#039;zhangsan@example.com&#039;,TRUE
),
(
2,200,20000,200000,2000000,2.718,2.718281828,23456.78,54321.9876,&#039;67890&#039;,&#039;测试数据&#039;,&#039;Test Data&#039;,DATE(&#039;2024-02-20&#039;) ,FALSE,X&#039;576F726C64&#039;,
3,  -- 匹配A表a_id=3
&#039;张四&#039;,&#039;zhangsan2@example.com&#039;,FALSE
),
(    3,50,5000,50000,500000,1.414,1.414213562,34567.89,12345.6789,&#039;99999&#039;,&#039;示例数据&#039;,&#039;Sample Data&#039;,DATE(&#039;2024-03-10&#039;) ,TRUE,X&#039;537061726B&#039;,
5,&#039;李四&#039;,  -- 匹配A表a_name = &#039;李四&#039;
&#039;lisi@example.com&#039;,TRUE
);

2、平台已存在「合理性校验」-「多表字段值对比」质量规则「test_rule3」校验失败：
「字段」：「 field_date 」 「统计函数」：「 多表字段值对比」 「校验表主键」：「id」 「关联表1」：「 B」，「关联表1主键」：「 id」 「计算逻辑配置1」：「A.field_date +B.field_date 」 「对比方法」：「计算结果对比」 「计算逻辑配置2」：「（A.field_date +B.field_date ）*A.field_date 」 「对比规则」：「A.field_date +B.field_date =（A.field_date +B.field_date ）*B.field_date 」 「强弱规则」选择「弱规则」 「规则描述」输入「测试规则」","1. 进入「资产-数据质量-校验结果查询」页面
2. 点击「test_rule3」任务表名称
3. 查看详情
4. 点击【监控报告】tab
5. 点击「查看日志」按钮","1. 页面正常打开，页面显示「test_rule3」相关任务，校验结果为“运行失败”
2. 抽屉展开结果详情
3. 页面包含：
任务名称、监控报告tab、表级报告tab、「查看日志」按钮
4. 包含「合理性校验」-「多表字段值计算对比」-「计算结果对比」配置的详情：
「字段」：「 field_date 」
「统计函数」：「 多表字段值对比」
「过滤条件」：「 --」
「校验表主键」：「id」
「关联表1」：「 B」，
「关联表1主键」：「 id」
「对比方法」：「计算结果对比」
「计算逻辑」：「A.field_date +B.field_date =（A.field_date +B.field_date ）*B.field_date 」 「强弱规则」：「弱规则」
「规则描述」：「测试规则」
5. 支持查看运行失败的日志","1. 
2. 
3. 
4. 
5.","","3","功能测试","功能测试阶段","正常","0","3","5","通过","听筠","2026-04-09","","0000-00-00","1","",""
"183223","数据资产_STD(#23)","/版本迭代测试用例/v6.4.10/【内置规则丰富】合理性，多表，字段大小对比以及字段计算逻辑对比(#10452)","【岚图】【内置规则丰富】合理性，多表，字段大小对比以及字段计算逻辑对比(#15530)","验证「监控规则」-「合理性校验」-「多表字段值对比」任务不通过结果详情正确","1、已存在表A：
CREATE TABLE IF NOT EXISTS lantu_test.A (
--数值型
field_tinyint TINYINT COMMENT &#039;TINYINT类型&#039;,
field_smallint SMALLINT COMMENT &#039;SMALLINT类型&#039;,
field_int INT COMMENT &#039;INT类型&#039;,
field_integer INTEGER COMMENT &#039;INTEGER类型&#039;,
field_bigint BIGINT COMMENT &#039;BIGINT类型&#039;,
field_float FLOAT COMMENT &#039;FLOAT类型&#039;,
field_double DOUBLE COMMENT &#039;DOUBLE类型&#039;,
field_decimal DECIMAL(10, 2) COMMENT &#039;DECIMAL类型&#039;,
field_numeric NUMERIC(15, 4) COMMENT &#039;NUMERIC类型&#039;,
-- STRING类型
string_number STRING COMMENT &#039;数字字符串&#039;,
string_chinese STRING COMMENT &#039;中文字符串&#039;,
string_english STRING COMMENT &#039;英文字符串&#039;,
field_date DATE COMMENT &#039;日期&#039;,
field_boolean BOOLEAN COMMENT &#039;布尔类型&#039;,
field_binary BINARY COMMENT &#039;二进制类型&#039;,
id INT COMMENT &#039;ID&#039;,
user_name STRING COMMENT &#039;用户名&#039;,
age TINYINT COMMENT &#039;年龄&#039;,
phone BIGINT COMMENT &#039;手机号&#039;,
email STRING COMMENT &#039;邮箱&#039;,
salary DECIMAL(10, 2) COMMENT &#039;薪资&#039;,
is_active BOOLEAN COMMENT &#039;是否激活&#039;,
address STRING COMMENT &#039;地址&#039;,
score FLOAT COMMENT &#039;评分&#039;,
total_amount DOUBLE COMMENT &#039;总金额&#039;
) COMMENT &#039;测试表A&#039;;
INSERT INTO lantu_test.A VALUES
(
1, 100, 10000, 100000, 1000000, 3.14, 3.1415926535,
12345.67, 98765.4321, &#039;12345&#039;, &#039;你好世界&#039;, &#039;Hello World&#039;,
DATE(&#039;2024-01-15&#039;), TRUE, X&#039;48656C6C6F&#039;, 1, &#039;张三&#039;, 25, 13812345678,
&#039;zhangsan@example.com&#039;, 8500.00, TRUE, &#039;北京市朝阳区&#039;, 4.8, 99999.99
),
(
2, 200, 20000, 200000, 2000000, 2.718, 2.718281828,
23456.78, 54321.9876, &#039;67890&#039;, &#039;测试数据&#039;, &#039;Test Data&#039;,
DATE(&#039;2024-02-20&#039;), FALSE, X&#039;576F726C64&#039;, 2, &#039;李四&#039;, 30, 13987654321,
&#039;lisi@example.com&#039;, 12000.00, FALSE, &#039;上海市浦东新区&#039;, 4.2, 150000.00
),
(
3, 50, 5000, 50000, 500000, 1.414, 1.414213562,
34567.89, 12345.6789, &#039;99999&#039;, &#039;示例数据&#039;, &#039;Sample Data&#039;,
DATE(&#039;2024-03-10&#039;), TRUE, X&#039;537061726B&#039;, 3, &#039;王五&#039;, 28, 13711223344,
&#039;wangwu@example.com&#039;, 9500.00, TRUE, &#039;广州市天河区&#039;, 4.5, 88000.00
);

表B：
CREATE TABLE IF NOT EXISTS lantu_test.B(
--数值型
field_tinyint TINYINT COMMENT &#039;TINYINT类型&#039;,
field_smallint SMALLINT COMMENT &#039;SMALLINT类型&#039;,
field_int INT COMMENT &#039;INT类型&#039;,
field_integer INTEGER COMMENT &#039;INTEGER类型&#039;,
field_bigint BIGINT COMMENT &#039;BIGINT类型&#039;,
field_float FLOAT COMMENT &#039;FLOAT类型&#039;,
field_double DOUBLE COMMENT &#039;DOUBLE类型&#039;,
field_decimal DECIMAL(10, 2) COMMENT &#039;DECIMAL类型&#039;,
field_numeric NUMERIC(15, 4) COMMENT &#039;NUMERIC类型&#039;,
-- STRING类型
string_number STRING COMMENT &#039;数字字符串&#039;,
string_chinese STRING COMMENT &#039;中文字符串&#039;,
string_english STRING COMMENT &#039;英文字符串&#039;,
field_date DATE COMMENT &#039;日期&#039;,
field_boolean BOOLEAN COMMENT &#039;布尔类型&#039;,
field_binary BINARY COMMENT &#039;二进制类型&#039;,
b_id INT COMMENT &#039;ID&#039;,
b_name STRING COMMENT &#039;用户名&#039;,
email STRING COMMENT &#039;邮箱&#039;,
is_active BOOLEAN COMMENT &#039;是否激活&#039;
) COMMENT &#039;测试表B&#039;;
INSERT INTO lantu_test.B VALUES
(
1,100,10000,100000,1000000,3.14,3.1415926535,12345.67,98765.4321,&#039;12345&#039;,&#039;你好世界&#039;,&#039;Hello World&#039;,DATE(&#039;2024-01-15&#039;) ,TRUE,X&#039;48656C6C6F&#039;,
1,  -- 匹配A表a_id=1
&#039;张三&#039;,  -- 匹配A表a_name = &#039;张三&#039;
&#039;zhangsan@example.com&#039;,TRUE
),
(
2,200,20000,200000,2000000,2.718,2.718281828,23456.78,54321.9876,&#039;67890&#039;,&#039;测试数据&#039;,&#039;Test Data&#039;,DATE(&#039;2024-02-20&#039;) ,FALSE,X&#039;576F726C64&#039;,
3,  -- 匹配A表a_id=3
&#039;张四&#039;,&#039;zhangsan2@example.com&#039;,FALSE
),
(    3,50,5000,50000,500000,1.414,1.414213562,34567.89,12345.6789,&#039;99999&#039;,&#039;示例数据&#039;,&#039;Sample Data&#039;,DATE(&#039;2024-03-10&#039;) ,TRUE,X&#039;537061726B&#039;,
5,&#039;李四&#039;,  -- 匹配A表a_name = &#039;李四&#039;
&#039;lisi@example.com&#039;,TRUE
);

2、平台已存在结果为通过的「合理性校验」-「多表字段值对比」规则「test_rule2」，以下两个子规则都不通过
1）子规则一：「合理性校验」-「多表字段值对比」-「计算结果对比」： 「字段」：「 field_smallint」 「统计函数」：「 多表字段值对比」 「校验表主键」：「id」 「关联表1」：「 B」，「关联表1主键」：「 id」 「计算逻辑配置1」：「A.field_smallint+B.field_smallint」 「对比方法」：「计算结果对比」 「计算逻辑配置2」：「（A.field_bigint+B.field_int）*field_tinyint」 「对比规则」：「A.field_smallint+B.field_smallint=（A.field_bigint+B.field_int）*field_tinyint」 「强弱规则」选择「弱规则」 「规则描述」输入「测试规则」
2）子规则二：「合理性校验」-「多表字段值对比」-「计算结果值判断」： 「字段」：「 field_float」 「统计函数」：「 多表字段值对比」 「校验表主键」：「id」 「关联表1」：「 B」，「关联表1主键」：「 id」 「计算逻辑配置1」：「（A.field_float-B.field_float）/A.field_float」 「对比方法」：「计算结果值判断」 「结果值」：「>=100且=10000」 「强弱规则」选择「弱规则」 「规则描述」输入「测试规则」","1. 进入「资产-数据质量-校验结果查询」页面
2. 点击「test_rule2」任务表名称
3. 查看详情
4. 点击【监控报告】tab
5. 点击「查看明细」按钮
6. 点击【下载明细】按钮
7. 点击【表级报告】tab","1. 页面正常打开，页面显示「test_rule2」相关任务，校验结果为“校验不通过”
2. 抽屉展开结果详情
3. 页面包含：
任务名称、监控报告tab、表级报告tab
4. 包含：
1）子规则一-「合理性校验」-「多表字段值对比」-「计算结果对比」配置的详情：
「字段」：「 field_smallint」
「统计函数」：「 多表字段值对比」
「过滤条件」：「--」
「校验表主键」：「id」
「关联表1」：「 B」，
「关联表1主键」：「 id」
「对比方法」：「计算结果对比」
「计算逻辑」：「A.field_smallint+B.field_smallint=（A.field_bigint+B.field_int）*field_tinyint」 「强弱规则」：「弱规则」
「规则描述」：「测试规则」
2）显示「查看明细」按钮
3）子规则二-「合理性校验」-「多表字段值对比」-「计算结果值判断」配置的详情：
「字段」：「 field_float」
「统计函数」：「 多表字段值对比」
「过滤条件」：「--」
「校验表主键」：「id」
「关联表1」：「 B」，
「关联表1主键」：「 id」
「对比方法」：「计算结果值判断」
「计算逻辑」：「（A.field_float-B.field_float）/A.field_float>=100且=10000」 「强弱规则」：「弱规则」
「规则描述」：「测试规则」
4）显示「查看明细」按钮
5. 1）标题：“查看“合理性校验-多表字段值对比”明细”
2）列表记录不符合的数据，表头展示所有校验表主键、校验表字段、关联表主键、关联表字段，校验字段标红展示
3）显示「下载明细」按钮
6. 支持下载明细，内容正确
7. 包含
1）数据表信息汇总（表名、总分区数量、数据源、数据源类型、数据库），空白时显示“--”；
2）表级统计（记录数、报警数），报警数显示“2”；
3）最近30次综合报告（记录数平均波动率、平均记录数、日平均告警数、平均告警数）；
4）最近30次表级统计；
5）最近30次表数据波动图","1. 
2. 
3. 
4. 
5. 
6. 
7.","","1","功能测试","功能测试阶段","正常","0","2","7","通过","听筠","2026-04-09","","0000-00-00","1","",""
"183222","数据资产_STD(#23)","/版本迭代测试用例/v6.4.10/【内置规则丰富】合理性，多表，字段大小对比以及字段计算逻辑对比(#10452)","【岚图】【内置规则丰富】合理性，多表，字段大小对比以及字段计算逻辑对比(#15530)","验证「监控规则」-「合理性校验」-「多表字段值对比」任务通过结果详情正确","1、已存在表A：
CREATE TABLE IF NOT EXISTS lantu_test.A (
--数值型
field_tinyint TINYINT COMMENT &#039;TINYINT类型&#039;,
field_smallint SMALLINT COMMENT &#039;SMALLINT类型&#039;,
field_int INT COMMENT &#039;INT类型&#039;,
field_integer INTEGER COMMENT &#039;INTEGER类型&#039;,
field_bigint BIGINT COMMENT &#039;BIGINT类型&#039;,
field_float FLOAT COMMENT &#039;FLOAT类型&#039;,
field_double DOUBLE COMMENT &#039;DOUBLE类型&#039;,
field_decimal DECIMAL(10, 2) COMMENT &#039;DECIMAL类型&#039;,
field_numeric NUMERIC(15, 4) COMMENT &#039;NUMERIC类型&#039;,
-- STRING类型
string_number STRING COMMENT &#039;数字字符串&#039;,
string_chinese STRING COMMENT &#039;中文字符串&#039;,
string_english STRING COMMENT &#039;英文字符串&#039;,
field_date DATE COMMENT &#039;日期&#039;,
field_boolean BOOLEAN COMMENT &#039;布尔类型&#039;,
field_binary BINARY COMMENT &#039;二进制类型&#039;,
id INT COMMENT &#039;ID&#039;,
user_name STRING COMMENT &#039;用户名&#039;,
age TINYINT COMMENT &#039;年龄&#039;,
phone BIGINT COMMENT &#039;手机号&#039;,
email STRING COMMENT &#039;邮箱&#039;,
salary DECIMAL(10, 2) COMMENT &#039;薪资&#039;,
is_active BOOLEAN COMMENT &#039;是否激活&#039;,
address STRING COMMENT &#039;地址&#039;,
score FLOAT COMMENT &#039;评分&#039;,
total_amount DOUBLE COMMENT &#039;总金额&#039;
) COMMENT &#039;测试表A&#039;;
INSERT INTO lantu_test.A VALUES
(
1, 100, 10000, 100000, 1000000, 3.14, 3.1415926535,
12345.67, 98765.4321, &#039;12345&#039;, &#039;你好世界&#039;, &#039;Hello World&#039;,
DATE(&#039;2024-01-15&#039;), TRUE, X&#039;48656C6C6F&#039;, 1, &#039;张三&#039;, 25, 13812345678,
&#039;zhangsan@example.com&#039;, 8500.00, TRUE, &#039;北京市朝阳区&#039;, 4.8, 99999.99
),
(
2, 200, 20000, 200000, 2000000, 2.718, 2.718281828,
23456.78, 54321.9876, &#039;67890&#039;, &#039;测试数据&#039;, &#039;Test Data&#039;,
DATE(&#039;2024-02-20&#039;), FALSE, X&#039;576F726C64&#039;, 2, &#039;李四&#039;, 30, 13987654321,
&#039;lisi@example.com&#039;, 12000.00, FALSE, &#039;上海市浦东新区&#039;, 4.2, 150000.00
),
(
3, 50, 5000, 50000, 500000, 1.414, 1.414213562,
34567.89, 12345.6789, &#039;99999&#039;, &#039;示例数据&#039;, &#039;Sample Data&#039;,
DATE(&#039;2024-03-10&#039;), TRUE, X&#039;537061726B&#039;, 3, &#039;王五&#039;, 28, 13711223344,
&#039;wangwu@example.com&#039;, 9500.00, TRUE, &#039;广州市天河区&#039;, 4.5, 88000.00
);

表B：
CREATE TABLE IF NOT EXISTS lantu_test.B(
--数值型
field_tinyint TINYINT COMMENT &#039;TINYINT类型&#039;,
field_smallint SMALLINT COMMENT &#039;SMALLINT类型&#039;,
field_int INT COMMENT &#039;INT类型&#039;,
field_integer INTEGER COMMENT &#039;INTEGER类型&#039;,
field_bigint BIGINT COMMENT &#039;BIGINT类型&#039;,
field_float FLOAT COMMENT &#039;FLOAT类型&#039;,
field_double DOUBLE COMMENT &#039;DOUBLE类型&#039;,
field_decimal DECIMAL(10, 2) COMMENT &#039;DECIMAL类型&#039;,
field_numeric NUMERIC(15, 4) COMMENT &#039;NUMERIC类型&#039;,
-- STRING类型
string_number STRING COMMENT &#039;数字字符串&#039;,
string_chinese STRING COMMENT &#039;中文字符串&#039;,
string_english STRING COMMENT &#039;英文字符串&#039;,
field_date DATE COMMENT &#039;日期&#039;,
field_boolean BOOLEAN COMMENT &#039;布尔类型&#039;,
field_binary BINARY COMMENT &#039;二进制类型&#039;,
b_id INT COMMENT &#039;ID&#039;,
b_name STRING COMMENT &#039;用户名&#039;,
email STRING COMMENT &#039;邮箱&#039;,
is_active BOOLEAN COMMENT &#039;是否激活&#039;
) COMMENT &#039;测试表B&#039;;
INSERT INTO lantu_test.B VALUES
(
1,100,10000,100000,1000000,3.14,3.1415926535,12345.67,98765.4321,&#039;12345&#039;,&#039;你好世界&#039;,&#039;Hello World&#039;,DATE(&#039;2024-01-15&#039;) ,TRUE,X&#039;48656C6C6F&#039;,
1,  -- 匹配A表a_id=1
&#039;张三&#039;,  -- 匹配A表a_name = &#039;张三&#039;
&#039;zhangsan@example.com&#039;,TRUE
),
(
2,200,20000,200000,2000000,2.718,2.718281828,23456.78,54321.9876,&#039;67890&#039;,&#039;测试数据&#039;,&#039;Test Data&#039;,DATE(&#039;2024-02-20&#039;) ,FALSE,X&#039;576F726C64&#039;,
3,  -- 匹配A表a_id=3
&#039;张四&#039;,&#039;zhangsan2@example.com&#039;,FALSE
),
(    3,50,5000,50000,500000,1.414,1.414213562,34567.89,12345.6789,&#039;99999&#039;,&#039;示例数据&#039;,&#039;Sample Data&#039;,DATE(&#039;2024-03-10&#039;) ,TRUE,X&#039;537061726B&#039;,
5,&#039;李四&#039;,  -- 匹配A表a_name = &#039;李四&#039;
&#039;lisi@example.com&#039;,TRUE
);

2、平台已存在结果为通过的「合理性校验」-「多表字段值对比」规则「test_rule1」，以下两个子规则都通过
1）子规则一：「合理性校验」-「多表字段值对比」-「计算结果对比」： 「字段」：「 field_int 」 「统计函数」：「 多表字段值对比」 「校验表主键」：「id」 「关联表1」：「 B」，「关联表1主键」：「 id」 「计算逻辑配置1」：「A.field_tinyint+B.field_smallint」 「对比方法」：「计算结果对比」 「计算逻辑配置2」：「A.field_bigint+B.field_bigint」 「对比规则」：「A.field_tinyint+B.field_smallint>A.field_bigint+B.field_bigint」 「强弱规则」选择「弱规则」 「规则描述」输入「测试规则」 2）子规则二：「合理性校验」-「多表字段值对比」-「计算结果值判断」： 「字段」：「 field_float」 「统计函数」：「 多表字段值对比」 「校验表主键」：「id」 「关联表1」：「 B」，「关联表1主键」：「 id」 「计算逻辑配置1」：「（A.field_float-B.field_float）/A.field_float」 「对比方法」：「计算结果值判断」 「结果值」：「>=1或<=10000」 「强弱规则」选择「弱规则」 「规则描述」输入「测试规则」","1. 进入「资产-数据质量-校验结果查询」页面
2. 点击「test_rule1」任务表名称
3. 查看详情
4. 点击【监控报告】tab
5. 点击【表级报告】tab","1. 页面正常打开，页面显示「test_rule1」相关任务，校验结果为“校验通过”
2. 抽屉展开结果详情
3. 页面包含：
任务名称、监控报告tab、表级报告tab
4. 包含
1）子规则一-「合理性校验」-「多表字段值对比」-「计算结果对比」配置的详情：
「字段」：「 field_int 」
「统计函数」：「 多表字段值对比」
「过滤条件」：「--」
「校验表主键」：「id」
「关联表1」：「 B」，
「关联表1主键」：「 id」
「对比方法」：「计算结果对比」
「计算逻辑」：「A.field_tinyint+B.field_smallint>A.field_bigint+B.field_bigint」
「强弱规则」：「弱规则」
「规则描述」：「测试规则」
2）子规则二-「合理性校验」-「多表字段值对比」-「计算结果值判断」配置的详情：
「字段」：「 field_float」
「统计函数」：「 多表字段值对比」
「过滤条件」：「--」
「校验表主键」：「id」
「关联表1」：「 B」，
「关联表1主键」：「 id」
「对比方法」：「计算结果值判断」
「计算逻辑」：「（A.field_float-B.field_float）/A.field_float>=1或<=10000」  「强弱规则」：「弱规则」
「规则描述」：「测试规则」
5. 包含
1）数据表信息汇总（表名、总分区数量、数据源、数据源类型、数据库），空白时显示“--”；
2）表级统计（记录数、报警数），空白时显示“--”；
3）最近30次综合报告（记录数平均波动率、平均记录数、日平均告警数、平均告警数）；
4）最近30次表级统计；
5）最近30次表数据波动图","1. 
2. 
3. 
4. 
5.","","1","功能测试","功能测试阶段","正常","0","2","5","通过","听筠","2026-04-09","","0000-00-00","1","",""
"183221","数据资产_STD(#23)","/版本迭代测试用例/v6.4.10/【内置规则丰富】合理性，多表，字段大小对比以及字段计算逻辑对比(#10452)","【岚图】【内置规则丰富】合理性，多表，字段大小对比以及字段计算逻辑对比(#15530)","验证「监控规则」-「合理性校验」-「多表字段值对比」-关联表配置分区校验功能","已存在表A：
CREATE TABLE IF NOT EXISTS lantu_test.A (
--数值型
field_tinyint TINYINT COMMENT &#039;TINYINT类型&#039;,
field_smallint SMALLINT COMMENT &#039;SMALLINT类型&#039;,
field_int INT COMMENT &#039;INT类型&#039;,
field_integer INTEGER COMMENT &#039;INTEGER类型&#039;,
field_bigint BIGINT COMMENT &#039;BIGINT类型&#039;,
field_float FLOAT COMMENT &#039;FLOAT类型&#039;,
field_double DOUBLE COMMENT &#039;DOUBLE类型&#039;,
field_decimal DECIMAL(10, 2) COMMENT &#039;DECIMAL类型&#039;,
field_numeric NUMERIC(15, 4) COMMENT &#039;NUMERIC类型&#039;,
-- STRING类型
string_number STRING COMMENT &#039;数字字符串&#039;,
string_chinese STRING COMMENT &#039;中文字符串&#039;,
string_english STRING COMMENT &#039;英文字符串&#039;,
field_date DATE COMMENT &#039;日期&#039;,
field_boolean BOOLEAN COMMENT &#039;布尔类型&#039;,
field_binary BINARY COMMENT &#039;二进制类型&#039;,
id INT COMMENT &#039;ID&#039;,
user_name STRING COMMENT &#039;用户名&#039;,
age TINYINT COMMENT &#039;年龄&#039;,
phone BIGINT COMMENT &#039;手机号&#039;,
email STRING COMMENT &#039;邮箱&#039;,
salary DECIMAL(10, 2) COMMENT &#039;薪资&#039;,
is_active BOOLEAN COMMENT &#039;是否激活&#039;,
address STRING COMMENT &#039;地址&#039;,
score FLOAT COMMENT &#039;评分&#039;,
total_amount DOUBLE COMMENT &#039;总金额&#039;
) COMMENT &#039;测试表A&#039;;
INSERT INTO lantu_test.A VALUES
(
1, 100, 10000, 100000, 1000000, 3.14, 3.1415926535,
12345.67, 98765.4321, &#039;12345&#039;, &#039;你好世界&#039;, &#039;Hello World&#039;,
DATE(&#039;2024-01-15&#039;), TRUE, X&#039;48656C6C6F&#039;, 1, &#039;张三&#039;, 25, 13812345678,
&#039;zhangsan@example.com&#039;, 8500.00, TRUE, &#039;北京市朝阳区&#039;, 4.8, 99999.99
),
(
2, 200, 20000, 200000, 2000000, 2.718, 2.718281828,
23456.78, 54321.9876, &#039;67890&#039;, &#039;测试数据&#039;, &#039;Test Data&#039;,
DATE(&#039;2024-02-20&#039;), FALSE, X&#039;576F726C64&#039;, 2, &#039;李四&#039;, 30, 13987654321,
&#039;lisi@example.com&#039;, 12000.00, FALSE, &#039;上海市浦东新区&#039;, 4.2, 150000.00
),
(
3, 50, 5000, 50000, 500000, 1.414, 1.414213562,
34567.89, 12345.6789, &#039;99999&#039;, &#039;示例数据&#039;, &#039;Sample Data&#039;,
DATE(&#039;2024-03-10&#039;), TRUE, X&#039;537061726B&#039;, 3, &#039;王五&#039;, 28, 13711223344,
&#039;wangwu@example.com&#039;, 9500.00, TRUE, &#039;广州市天河区&#039;, 4.5, 88000.00
),
(
3, 50, 5000, 50000, 500000, 1.414, 1.414213562,
34567.89, 12345.6789, &#039;99999&#039;, &#039;示例数据&#039;, &#039;Sample Data&#039;,
DATE(&#039;2024-03-10&#039;), TRUE, X&#039;537061726B&#039;, 4, &#039;王五&#039;, 28, 13711223344,
&#039;wangwu@example.com&#039;, 9500.00, TRUE, &#039;广州市天河区&#039;, 4.5, 88000.00
);

分区表test_fenqu
CREATE TABLE IF NOT EXISTS test_fenqu(
field_tinyint TINYINT COMMENT &#039;TINYINT类型&#039;,
field_smallint SMALLINT COMMENT &#039;SMALLINT类型&#039;,
field_int INT COMMENT &#039;INT类型&#039;,
field_integer INTEGER COMMENT &#039;INTEGER类型&#039;,
field_bigint BIGINT COMMENT &#039;BIGINT类型&#039;,
field_float FLOAT COMMENT &#039;FLOAT类型&#039;,
field_double DOUBLE COMMENT &#039;DOUBLE类型&#039;,
field_decimal DECIMAL(10, 2) COMMENT &#039;DECIMAL类型&#039;,
field_numeric NUMERIC(15, 4) COMMENT &#039;NUMERIC类型&#039;,
string_number STRING COMMENT &#039;数字字符串&#039;,
string_chinese STRING COMMENT &#039;中文字符串&#039;,
string_english STRING COMMENT &#039;英文字符串&#039;,
field_date DATE COMMENT &#039;日期&#039;,
field_boolean BOOLEAN COMMENT &#039;布尔类型&#039;,
field_binary BINARY COMMENT &#039;二进制类型&#039;,
id INT COMMENT &#039;ID&#039;,
user_name STRING COMMENT &#039;用户名&#039;,
age TINYINT COMMENT &#039;年龄&#039;,
phone BIGINT COMMENT &#039;手机号&#039;,
email STRING COMMENT &#039;邮箱&#039;,
salary DECIMAL(10, 2) COMMENT &#039;薪资&#039;,
is_active BOOLEAN COMMENT &#039;是否激活&#039;,
address STRING COMMENT &#039;地址&#039;,
score FLOAT COMMENT &#039;评分&#039;,
total_amount DOUBLE COMMENT &#039;总金额&#039;
)
PARTITIONED BY (dt DATE)
STORED AS ORC;

INSERT INTO test_fenqu PARTITION(dt=&#039;2025-11-05&#039;) VALUES
(1, 1, 1, 1, 1, 1.1, 1.11, 10.00, 100.00, &#039;001&#039;, &#039;张三&#039;, &#039;Zhang&#039;, &#039;2024-01-01&#039;, TRUE, NULL, 1, &#039;zhang&#039;, 25, 13800138001, &#039;zhang@test.com&#039;, 5000.00, TRUE, &#039;北京&#039;, 85.5, 10000.00),
(2, 2, 2, 2, 2, 2.2, 2.22, 20.00, 200.00, &#039;002&#039;, &#039;李四&#039;, &#039;Li&#039;, &#039;2024-01-02&#039;, FALSE, NULL, 2, &#039;li&#039;, 30, 13800138002, &#039;li@test.com&#039;, 6000.00, FALSE, &#039;上海&#039;, 90.0, 15000.00),
(3, 3, 3, 3, 3, 3.3, 3.33, 30.00, 300.00, &#039;003&#039;, &#039;王五&#039;, &#039;Wang&#039;, &#039;2024-01-03&#039;, TRUE, NULL, 3, &#039;wang&#039;, 28, 13800138003, &#039;wang@test.com&#039;, 5500.00, TRUE, &#039;深圳&#039;, 88.0, 12000.00);","1. 进入「资产-数据质量-规则集管理-基础信息」页面
2. 「选择数据源」选择「${DATASOURCE}」
「选择数据库」选择「${DATABASE}」
「选择数据表」选择「${TABLE}」
「规则包名称」填写「合理性-多表字段值对比」
3. 点击「新增规则包」-「合理性-多表字段值对比」，点击【添加规则-合理性校验】
4. 「监控规则」配置如下：
子规则一：
「字段」：「 field_tinyint」
「统计函数」：「 多表字段值对比」
「校验表主键」：「id」
「关联表1」：「 test_fenqu」，「关联表1主键」：「id」
「计算逻辑配置1」：「A.field_tinyint+test_fenqu.field_smallint」
「对比方法」：「计算结果值判断」
「结果值」：「>=1或<=10000」
「强弱规则」选择「弱规则」
「规则描述」输入「测试规则」
子规则二：
「字段」：「 field_tinyint」
「统计函数」：「 多表字段值对比」
「校验表主键」：「id」
「关联表1」：「 test_fenqu」，「关联表1主键」：「id」
「计算逻辑配置1」：「（A.field_tinyint+test_fenqu.field_smallint）*A.field_tinyint」
「对比方法」：「计算结果值判断」
「结果值」：「>1且=10000」
「强弱规则」选择「弱规则」
「规则描述」输入「测试规则」
5. 点击【保存】按钮
6. 进入「规则任务管理-监控对象」页面
7. 「规则名称」输入「test_rule」
「选择数据源」选择「${DATASOURCE}」
「选择数据库」选择「${DATABASE}」
「选择数据表」选择「${TABLE}」
「选择已有分区」：「dt='2025-11-05'」
8. 引入规则包「合理性-多表字段值对比」，点击「下一步」按钮
9. 配置「调度属性」，保存规则，且「调度属性」中配置「规则报告」为最新结果
10. 临时运行规则，查看实例详情","1. 页面正常打开
2. 基础信息配置成功；
进入「监控规则」配置页
3. 选择成功，页面显示「合理性校验」规则配置区域
4. 监控规则配置完成
5. 规则保存成功
6. 页面正常打开
7. 监控对象配置成功；
进入「监控规则」配置页
8. 引入正确，规则内容置灰，进入「调度属性」
9. 规则保存成功
10. 实例中子规则一结果通过，子规则二结果不通过，且实例详情展示正确","1. 
2. 
3. 
4. 
5. 
6. 
7. 
8. 
9. 
10.","","2","功能测试","功能测试阶段","正常","0","1","10","通过","听筠","2026-04-09","","0000-00-00","1","",""
"183220","数据资产_STD(#23)","/版本迭代测试用例/v6.4.10/【内置规则丰富】合理性，多表，字段大小对比以及字段计算逻辑对比(#10452)","【岚图】【内置规则丰富】合理性，多表，字段大小对比以及字段计算逻辑对比(#15530)","验证「监控规则」-「合理性校验」-「多表字段值对比」配置抽样后校验功能","已存在表A：
CREATE TABLE IF NOT EXISTS lantu_test.A (
--数值型
field_tinyint TINYINT COMMENT &#039;TINYINT类型&#039;,
field_smallint SMALLINT COMMENT &#039;SMALLINT类型&#039;,
field_int INT COMMENT &#039;INT类型&#039;,
field_integer INTEGER COMMENT &#039;INTEGER类型&#039;,
field_bigint BIGINT COMMENT &#039;BIGINT类型&#039;,
field_float FLOAT COMMENT &#039;FLOAT类型&#039;,
field_double DOUBLE COMMENT &#039;DOUBLE类型&#039;,
field_decimal DECIMAL(10, 2) COMMENT &#039;DECIMAL类型&#039;,
field_numeric NUMERIC(15, 4) COMMENT &#039;NUMERIC类型&#039;,
-- STRING类型
string_number STRING COMMENT &#039;数字字符串&#039;,
string_chinese STRING COMMENT &#039;中文字符串&#039;,
string_english STRING COMMENT &#039;英文字符串&#039;,
field_date DATE COMMENT &#039;日期&#039;,
field_boolean BOOLEAN COMMENT &#039;布尔类型&#039;,
field_binary BINARY COMMENT &#039;二进制类型&#039;,
id INT COMMENT &#039;ID&#039;,
user_name STRING COMMENT &#039;用户名&#039;,
age TINYINT COMMENT &#039;年龄&#039;,
phone BIGINT COMMENT &#039;手机号&#039;,
email STRING COMMENT &#039;邮箱&#039;,
salary DECIMAL(10, 2) COMMENT &#039;薪资&#039;,
is_active BOOLEAN COMMENT &#039;是否激活&#039;,
address STRING COMMENT &#039;地址&#039;,
score FLOAT COMMENT &#039;评分&#039;,
total_amount DOUBLE COMMENT &#039;总金额&#039;
) COMMENT &#039;测试表A&#039;;
INSERT INTO lantu_test.A VALUES
(
1, 100, 10000, 100000, 1000000, 3.14, 3.1415926535,
12345.67, 98765.4321, &#039;12345&#039;, &#039;你好世界&#039;, &#039;Hello World&#039;,
DATE(&#039;2024-01-15&#039;), TRUE, X&#039;48656C6C6F&#039;, 1, &#039;张三&#039;, 25, 13812345678,
&#039;zhangsan@example.com&#039;, 8500.00, TRUE, &#039;北京市朝阳区&#039;, 4.8, 99999.99
),
(
2, 200, 20000, 200000, 2000000, 2.718, 2.718281828,
23456.78, 54321.9876, &#039;67890&#039;, &#039;测试数据&#039;, &#039;Test Data&#039;,
DATE(&#039;2024-02-20&#039;), FALSE, X&#039;576F726C64&#039;, 2, &#039;李四&#039;, 30, 13987654321,
&#039;lisi@example.com&#039;, 12000.00, FALSE, &#039;上海市浦东新区&#039;, 4.2, 150000.00
),
(
3, 50, 5000, 50000, 500000, 1.414, 1.414213562,
34567.89, 12345.6789, &#039;99999&#039;, &#039;示例数据&#039;, &#039;Sample Data&#039;,
DATE(&#039;2024-03-10&#039;), TRUE, X&#039;537061726B&#039;, 3, &#039;王五&#039;, 28, 13711223344,
&#039;wangwu@example.com&#039;, 9500.00, TRUE, &#039;广州市天河区&#039;, 4.5, 88000.00
),
(
3, 50, 5000, 50000, 500000, 1.414, 1.414213562,
34567.89, 12345.6789, &#039;99999&#039;, &#039;示例数据&#039;, &#039;Sample Data&#039;,
DATE(&#039;2024-03-10&#039;), TRUE, X&#039;537061726B&#039;, 4, &#039;王五&#039;, 28, 13711223344,
&#039;wangwu@example.com&#039;, 9500.00, TRUE, &#039;广州市天河区&#039;, 4.5, 88000.00
);


表B：
CREATE TABLE IF NOT EXISTS lantu_test.B(
--数值型
field_tinyint TINYINT COMMENT &#039;TINYINT类型&#039;,
field_smallint SMALLINT COMMENT &#039;SMALLINT类型&#039;,
field_int INT COMMENT &#039;INT类型&#039;,
field_integer INTEGER COMMENT &#039;INTEGER类型&#039;,
field_bigint BIGINT COMMENT &#039;BIGINT类型&#039;,
field_float FLOAT COMMENT &#039;FLOAT类型&#039;,
field_double DOUBLE COMMENT &#039;DOUBLE类型&#039;,
field_decimal DECIMAL(10, 2) COMMENT &#039;DECIMAL类型&#039;,
field_numeric NUMERIC(15, 4) COMMENT &#039;NUMERIC类型&#039;,
-- STRING类型
string_number STRING COMMENT &#039;数字字符串&#039;,
string_chinese STRING COMMENT &#039;中文字符串&#039;,
string_english STRING COMMENT &#039;英文字符串&#039;,
field_date DATE COMMENT &#039;日期&#039;,
field_boolean BOOLEAN COMMENT &#039;布尔类型&#039;,
field_binary BINARY COMMENT &#039;二进制类型&#039;,
b_id INT COMMENT &#039;ID&#039;,
b_name STRING COMMENT &#039;用户名&#039;,
email STRING COMMENT &#039;邮箱&#039;,
is_active BOOLEAN COMMENT &#039;是否激活&#039;
) COMMENT &#039;测试表B&#039;;
INSERT INTO lantu_test.B VALUES
(
1,100,10000,100000,1000000,3.14,3.1415926535,12345.67,98765.4321,&#039;12345&#039;,&#039;你好世界&#039;,&#039;Hello World&#039;,DATE(&#039;2024-01-15&#039;) ,TRUE,X&#039;48656C6C6F&#039;,
1,  -- 匹配A表a_id=1
&#039;张三&#039;,  -- 匹配A表a_name = &#039;张三&#039;
&#039;zhangsan@example.com&#039;,TRUE
),
(
2,200,20000,200000,2000000,2.718,2.718281828,23456.78,54321.9876,&#039;67890&#039;,&#039;测试数据&#039;,&#039;Test Data&#039;,DATE(&#039;2024-02-20&#039;) ,FALSE,X&#039;576F726C64&#039;,
3,  -- 匹配A表a_id=3
&#039;张四&#039;,&#039;zhangsan2@example.com&#039;,FALSE
),
(    3,50,5000,50000,500000,1.414,1.414213562,34567.89,12345.6789,&#039;99999&#039;,&#039;示例数据&#039;,&#039;Sample Data&#039;,DATE(&#039;2024-03-10&#039;) ,TRUE,X&#039;537061726B&#039;,
5,&#039;李四&#039;,  -- 匹配A表a_name = &#039;李四&#039;
&#039;lisi@example.com&#039;,TRUE
);","1. 进入「资产-数据质量-规则集管理-基础信息」页面
2. 「选择数据源」选择「${DATASOURCE}」
「选择数据库」选择「${DATABASE}」
「选择数据表」选择「${TABLE}」
「规则包名称」填写「合理性-多表字段值对比」
3. 点击「新增规则包」-「合理性-多表字段值对比」，点击【添加规则-合理性校验】
4. 「监控规则」配置如下：
子规则一：
「字段」：「 field_tinyint」
「统计函数」：「 多表字段值对比」
「校验表主键」：「id」
「关联表1」：「 B」，「关联表1主键」：「 id」
「计算逻辑配置1」：「A.field_tinyint+B.field_smallint」
「对比方法」：「计算结果值判断」
「结果值」：「>=1或<=10000」
「强弱规则」选择「弱规则」
「规则描述」输入「测试规则」
子规则二：
「字段」：「 field_tinyint」
「统计函数」：「 多表字段值对比」
「校验表主键」：「id」
「关联表1」：「 B」，「关联表1主键」：「 id」
「计算逻辑配置1」：「（A.field_tinyint+B.field_smallint）*A.field_tinyint」
「对比方法」：「计算结果值判断」
「结果值」：「>1且=10000」
「强弱规则」选择「弱规则」
「规则描述」输入「测试规则」
5. 点击【保存】按钮
6. 进入「规则任务管理-监控对象」页面
7. 「规则名称」输入「test_rule」
「选择数据源」选择「${DATASOURCE}」
「选择数据库」选择「${DATABASE}」
「选择数据表」选择「${TABLE}」
配置抽样检查：
「抽样设置-百分比抽样」选择「50%」
8. 引入规则包「合理性-多表字段值对比」，点击「下一步」按钮
9. 配置「调度属性」，保存规则，且「调度属性」中配置「规则报告」为最新结果
10. 临时运行规则，查看实例详情
11. 查看质量报告","1. 页面正常打开
2. 基础信息配置成功；
进入「监控规则」配置页
3. 选择成功，页面显示「合理性校验」规则配置区域
4. 监控规则配置完成
5. 规则保存成功
6. 页面正常打开
7. 监控对象配置成功；
进入「监控规则」配置页
8. 引入正确，规则内容置灰，进入「调度属性」
9. 规则保存成功
10. 实例中子规则一结果通过，子规则二结果不通过，且实例详情展示正确
11. “表行数”数量显示为2","1. 
2. 
3. 
4. 
5. 
6. 
7. 
8. 
9. 
10. 
11.","","3","功能测试","功能测试阶段","正常","0","1","11","通过","听筠","2026-04-09","","0000-00-00","1","",""
"183219","数据资产_STD(#23)","/版本迭代测试用例/v6.4.10/【内置规则丰富】合理性，多表，字段大小对比以及字段计算逻辑对比(#10452)","【岚图】【内置规则丰富】合理性，多表，字段大小对比以及字段计算逻辑对比(#15530)","验证更换脏数据存储库后「监控规则」-「合理性校验」-「多表字段值对比」校验功能","资产-数据质量已存在库dirty_db","1. 进入「资产-数据质量-规则集管理-基础信息」页面
2. 「选择数据源」选择「${DATASOURCE}」
「选择数据库」选择「${DATABASE}」
「选择数据表」选择「${TABLE}」
「规则包名称」填写「合理性-多表字段值对比」
3. 点击「新增规则包」-「合理性-多表字段值对比」，点击【添加规则-合理性校验】
4. 「监控规则」配置如下：
子规则一：
「字段」：「 field_tinyint」
「统计函数」：「 多表字段值对比」
「校验表主键」：「id」
「关联表1」：「 B」，「关联表1主键」：「 id」
「计算逻辑配置1」：「A.field_tinyint+B.field_smallint」
「对比方法」：「计算结果值判断」
「结果值」：「>=1或<=10000」
「强弱规则」选择「弱规则」
「规则描述」输入「测试规则」
子规则二：
「字段」：「 field_tinyint」
「统计函数」：「 多表字段值对比」
「校验表主键」：「id」
「关联表1」：「 B」，「关联表1主键」：「 id」
「计算逻辑配置1」：「（A.field_tinyint+B.field_smallint）*A.field_tinyint」
「对比方法」：「计算结果值判断」
「结果值」：「>1且=10000」
「强弱规则」选择「弱规则」
「规则描述」输入「测试规则」
5. 点击【保存】按钮
6. 进入「项目管理-脏数据管理」页面
7. 编辑脏数据存储库：源库-->dirty_table，点击保存
8. 进入「规则任务管理-监控对象」页面
9. 「规则名称」输入「test_rule」
「选择数据源」选择「${DATASOURCE}」
「选择数据库」选择「${DATABASE}」
「选择数据表」选择「${TABLE}」
10. 引入规则包「合理性-多表字段值对比」，点击「下一步」按钮
11. 配置「调度属性」，保存规则，且「调度属性」中配置「规则报告」为最新结果
12. 查看质量sql
13. 临时运行规则，查看实例详情
14. 查看库dirty_db和源库","1. 页面正常打开
2. 基础信息配置成功；
进入「监控规则」配置页
3. 选择成功，页面显示「合理性校验」规则配置区域
4. 监控规则配置完成
5. 规则保存成功
6. 页面正常打开
7. 成功保存
8. 页面正常打开
9. 监控对象配置成功；
进入「监控规则」配置页
10. 引入正确，规则内容置灰，进入「调度属性」
11. 规则保存成功
12. 脏数据存储表为dirty_table
13. 实例中子规则一结果通过，子规则二结果不通过，且实例详情展示正确
14. 成功存储该规则的脏数据表到dirty_db，源库中未存储","1. 
2. 
3. 
4. 
5. 
6. 
7. 
8. 
9. 
10. 
11. 
12. 
13. 
14.","","3","功能测试","功能测试阶段","正常","0","1","14","通过","听筠","2026-04-09","","0000-00-00","1","",""
"183218","数据资产_STD(#23)","/版本迭代测试用例/v6.4.10/【内置规则丰富】合理性，多表，字段大小对比以及字段计算逻辑对比(#10452)","【岚图】【内置规则丰富】合理性，多表，字段大小对比以及字段计算逻辑对比(#15530)","验证「监控规则」-「合理性校验」-「多表字段值对比」doris数据源校验功能","资产-数据质量已存在doris数据源相关表test_doris
CREATE TABLE IF NOT EXISTS lantu_test.test_doris (
event_day DATE,
field_tinyint TINYINT,
field_smallint SMALLINT,
field_int INT,
field_integer INTEGER,
field_bigint BIGINT,
field_float FLOAT,
field_double DOUBLE,
field_decimal DECIMAL(10,2),
field_numeric NUMERIC(15,4),
string_number STRING,
string_chinese STRING,
string_english STRING,
field_date DATE,
id INT
)
ENGINE=OLAP
DUPLICATE KEY(event_day, id)
PARTITION BY RANGE(event_day) (
PARTITION p20251101 VALUES LESS THAN (“2025-11-02“),
PARTITION p20251102 VALUES LESS THAN (“2025-11-03“)
)
DISTRIBUTED BY HASH(id) BUCKETS 10
PROPERTIES(“replication_num“ = “1“);

INSERT INTO lantu_test.test_doris VALUES
(&#039;2025-11-01&#039;, 1, 10, 100, 100, 1000, 1.1, 1.11, 10.50, 100.1234, &#039;001&#039;, &#039;张三&#039;, &#039;Zhang San&#039;, &#039;2024-01-01&#039;, 1),
(&#039;2025-11-01&#039;, 2, 20, 200, 200, 2000, 2.2, 2.22, 20.50, 200.1234, &#039;002&#039;, &#039;李四&#039;, &#039;Li Si&#039;, &#039;2024-01-02&#039;, 2),
(&#039;2025-11-02&#039;, 3, 30, 300, 300, 3000, 3.3, 3.33, 30.50, 300.1234, &#039;003&#039;, &#039;王五&#039;, &#039;Wang Wu&#039;, &#039;2024-01-03&#039;, 3);","1. 进入「资产-数据质量-规则集管理-基础信息」页面
2. 「选择数据源」选择「${DATASOURCE}」
「选择数据库」选择「${DATABASE}」
「选择数据表」选择「${TABLE}」
「规则包名称」填写「合理性-多表字段值对比」
3. 点击「新增规则包」-「合理性-多表字段值对比」，点击【添加规则-合理性校验】
4. 「监控规则」配置如下：
子规则一：
「字段」：「 field_tinyint」
「统计函数」：「 多表字段值对比」
「校验表主键」：「id」
「关联表1」：「 B」，「关联表1主键」：「 id」
「计算逻辑配置1」：「A.field_tinyint+B.field_smallint」
「对比方法」：「计算结果值判断」
「结果值」：「>=1或<=10000」
「强弱规则」选择「弱规则」
「规则描述」输入「测试规则」
子规则二：
「字段」：「 field_tinyint」
「统计函数」：「 多表字段值对比」
「校验表主键」：「id」
「关联表1」：「 B」，「关联表1主键」：「 id」
「计算逻辑配置1」：「（A.field_tinyint+B.field_smallint）*A.field_tinyint」
「对比方法」：「计算结果值判断」
「结果值」：「>1且=10000」
「强弱规则」选择「弱规则」
「规则描述」输入「测试规则」
5. 点击【保存】按钮
6. 进入「规则任务管理-监控对象」页面
7. 「规则名称」输入「test_rule」
「选择数据源」选择「${DATASOURCE}」
「选择数据库」选择「${DATABASE}」
「选择数据表」选择「${TABLE}」
8. 引入规则包「合理性-多表字段值对比」，点击「下一步」按钮
9. 配置「调度属性」，保存规则，且「调度属性」中配置「规则报告」为最新结果
10. 临时运行规则，查看实例详情","1. 页面正常打开
2. 基础信息配置成功；
进入「监控规则」配置页
3. 选择成功，页面显示「合理性校验」规则配置区域
4. 监控规则配置完成
5. 规则保存成功
6. 页面正常打开
7. 监控对象配置成功；
进入「监控规则」配置页
8. 引入正确，规则内容置灰，进入「调度属性」
9. 规则保存成功
10. 实例中子规则一结果通过，子规则二结果不通过，且实例详情展示正确","1. 
2. 
3. 
4. 
5. 
6. 
7. 
8. 
9. 
10.","","3","功能测试","功能测试阶段","正常","0","1","10","通过","听筠","2026-04-09","","0000-00-00","1","",""
"183217","数据资产_STD(#23)","/版本迭代测试用例/v6.4.10/【内置规则丰富】合理性，多表，字段大小对比以及字段计算逻辑对比(#10452)","【岚图】【内置规则丰富】合理性，多表，字段大小对比以及字段计算逻辑对比(#15530)","验证「监控规则」-「合理性校验」-「多表字段值对比」hive数据源校验功能","资产-数据质量已存在hive数据源相关表test_hive
CREATE TABLE IF NOT EXISTS lantu_test.test_hive (
field_tinyint TINYINT,
field_smallint SMALLINT,
field_int INT,
field_integer INTEGER,
field_bigint BIGINT,
field_float FLOAT,
field_double DOUBLE,
field_decimal DECIMAL(10,2),
field_numeric NUMERIC(15,4),
string_number STRING,
string_chinese STRING,
string_english STRING,
field_date DATE,
id INT
)
PARTITIONED BY (dt STRING)
ROW FORMAT DELIMITED
FIELDS TERMINATED BY &#039;,&#039;
STORED AS ORC;
INSERT INTO lantu_test.test_hive PARTITION(dt=&#039;2026-04-03&#039;) VALUES
(1, 10, 100, 100, 1000, 1.1, 1.11, 10.50, 100.1234, &#039;001&#039;, &#039;张三&#039;, &#039;Zhang&#039;, &#039;2024-01-01&#039;, 1),
(2, 20, 200, 200, 2000, 2.2, 2.22, 20.50, 200.1234, &#039;002&#039;, &#039;李四&#039;, &#039;Li&#039;, &#039;2024-01-02&#039;, 2),
(3, 30, 300, 300, 3000, 3.3, 3.33, 30.50, 300.1234, &#039;003&#039;, &#039;王五&#039;, &#039;Wang&#039;, &#039;2024-01-03&#039;, 3);","1. 进入「资产-数据质量-规则集管理-基础信息」页面
2. 「选择数据源」选择「${DATASOURCE}」
「选择数据库」选择「${DATABASE}」
「选择数据表」选择「${TABLE}」
「规则包名称」填写「合理性-多表字段值对比」
3. 点击「新增规则包」-「合理性-多表字段值对比」，点击【添加规则-合理性校验】
4. 「监控规则」配置如下：
子规则一：
「字段」：「 field_tinyint」
「统计函数」：「 多表字段值对比」
「校验表主键」：「id」
「关联表1」：「 B」，「关联表1主键」：「 id」
「计算逻辑配置1」：「A.field_tinyint+B.field_smallint」
「对比方法」：「计算结果值判断」
「结果值」：「>=1或<=10000」
「强弱规则」选择「弱规则」
「规则描述」输入「测试规则」
子规则二：
「字段」：「 field_tinyint」
「统计函数」：「 多表字段值对比」
「校验表主键」：「id」
「关联表1」：「 B」，「关联表1主键」：「 id」
「计算逻辑配置1」：「（A.field_tinyint+B.field_smallint）*A.field_tinyint」
「对比方法」：「计算结果值判断」
「结果值」：「>1且=10000」
「强弱规则」选择「弱规则」
「规则描述」输入「测试规则」
5. 点击【保存】按钮
6. 进入「规则任务管理-监控对象」页面
7. 「规则名称」输入「test_rule」
「选择数据源」选择「${DATASOURCE}」
「选择数据库」选择「${DATABASE}」
「选择数据表」选择「${TABLE}」
8. 引入规则包「合理性-多表字段值对比」，点击「下一步」按钮
9. 配置「调度属性」，保存规则，且「调度属性」中配置「规则报告」为最新结果
10. 临时运行规则，查看实例详情","1. 页面正常打开
2. 基础信息配置成功；
进入「监控规则」配置页
3. 选择成功，页面显示「合理性校验」规则配置区域
4. 监控规则配置完成
5. 规则保存成功
6. 页面正常打开
7. 监控对象配置成功；
进入「监控规则」配置页
8. 引入正确，规则内容置灰，进入「调度属性」
9. 规则保存成功
10. 实例中子规则一结果通过，子规则二结果不通过，且实例详情展示正确","1. 
2. 
3. 
4. 
5. 
6. 
7. 
8. 
9. 
10.","","3","功能测试","功能测试阶段","正常","0","0","10","","听筠","2026-04-09","","0000-00-00","1","",""
"183216","数据资产_STD(#23)","/版本迭代测试用例/v6.4.10/【内置规则丰富】合理性，多表，字段大小对比以及字段计算逻辑对比(#10452)","【岚图】【内置规则丰富】合理性，多表，字段大小对比以及字段计算逻辑对比(#15530)","验证「监控规则」-「合理性校验」-「多表字段值对比」主键关联数据不一致时不支持校验","已存在表A：
CREATE TABLE IF NOT EXISTS lantu_test.A (
--数值型
field_tinyint TINYINT COMMENT &#039;TINYINT类型&#039;,
field_smallint SMALLINT COMMENT &#039;SMALLINT类型&#039;,
field_int INT COMMENT &#039;INT类型&#039;,
field_integer INTEGER COMMENT &#039;INTEGER类型&#039;,
field_bigint BIGINT COMMENT &#039;BIGINT类型&#039;,
field_float FLOAT COMMENT &#039;FLOAT类型&#039;,
field_double DOUBLE COMMENT &#039;DOUBLE类型&#039;,
field_decimal DECIMAL(10, 2) COMMENT &#039;DECIMAL类型&#039;,
field_numeric NUMERIC(15, 4) COMMENT &#039;NUMERIC类型&#039;,
-- STRING类型
string_number STRING COMMENT &#039;数字字符串&#039;,
string_chinese STRING COMMENT &#039;中文字符串&#039;,
string_english STRING COMMENT &#039;英文字符串&#039;,
field_date DATE COMMENT &#039;日期&#039;,
field_boolean BOOLEAN COMMENT &#039;布尔类型&#039;,
field_binary BINARY COMMENT &#039;二进制类型&#039;,
id INT COMMENT &#039;ID&#039;,
user_name STRING COMMENT &#039;用户名&#039;,
age TINYINT COMMENT &#039;年龄&#039;,
phone BIGINT COMMENT &#039;手机号&#039;,
email STRING COMMENT &#039;邮箱&#039;,
salary DECIMAL(10, 2) COMMENT &#039;薪资&#039;,
is_active BOOLEAN COMMENT &#039;是否激活&#039;,
address STRING COMMENT &#039;地址&#039;,
score FLOAT COMMENT &#039;评分&#039;,
total_amount DOUBLE COMMENT &#039;总金额&#039;
) COMMENT &#039;测试表A&#039;;
INSERT INTO lantu_test.A VALUES
(
1, 100, 10000, 100000, 1000000, 3.14, 3.1415926535,
12345.67, 98765.4321, &#039;12345&#039;, &#039;你好世界&#039;, &#039;Hello World&#039;,
DATE(&#039;2024-01-15&#039;), TRUE, X&#039;48656C6C6F&#039;, 1, &#039;张三&#039;, 25, 13812345678,
&#039;zhangsan@example.com&#039;, 8500.00, TRUE, &#039;北京市朝阳区&#039;, 4.8, 99999.99
),
(
2, 200, 20000, 200000, 2000000, 2.718, 2.718281828,
23456.78, 54321.9876, &#039;67890&#039;, &#039;测试数据&#039;, &#039;Test Data&#039;,
DATE(&#039;2024-02-20&#039;), FALSE, X&#039;576F726C64&#039;, 2, &#039;李四&#039;, 30, 13987654321,
&#039;lisi@example.com&#039;, 12000.00, FALSE, &#039;上海市浦东新区&#039;, 4.2, 150000.00
),
(
3, 50, 5000, 50000, 500000, 1.414, 1.414213562,
34567.89, 12345.6789, &#039;99999&#039;, &#039;示例数据&#039;, &#039;Sample Data&#039;,
DATE(&#039;2024-03-10&#039;), TRUE, X&#039;537061726B&#039;, 3, &#039;王五&#039;, 28, 13711223344,
&#039;wangwu@example.com&#039;, 9500.00, TRUE, &#039;广州市天河区&#039;, 4.5, 88000.00
);

表B：
CREATE TABLE IF NOT EXISTS lantu_test.B(
--数值型
field_tinyint TINYINT COMMENT &#039;TINYINT类型&#039;,
field_smallint SMALLINT COMMENT &#039;SMALLINT类型&#039;,
field_int INT COMMENT &#039;INT类型&#039;,
field_integer INTEGER COMMENT &#039;INTEGER类型&#039;,
field_bigint BIGINT COMMENT &#039;BIGINT类型&#039;,
field_float FLOAT COMMENT &#039;FLOAT类型&#039;,
field_double DOUBLE COMMENT &#039;DOUBLE类型&#039;,
field_decimal DECIMAL(10, 2) COMMENT &#039;DECIMAL类型&#039;,
field_numeric NUMERIC(15, 4) COMMENT &#039;NUMERIC类型&#039;,
-- STRING类型
string_number STRING COMMENT &#039;数字字符串&#039;,
string_chinese STRING COMMENT &#039;中文字符串&#039;,
string_english STRING COMMENT &#039;英文字符串&#039;,
field_date DATE COMMENT &#039;日期&#039;,
field_boolean BOOLEAN COMMENT &#039;布尔类型&#039;,
field_binary BINARY COMMENT &#039;二进制类型&#039;,
b_id INT COMMENT &#039;ID&#039;,
b_name STRING COMMENT &#039;用户名&#039;,
email STRING COMMENT &#039;邮箱&#039;,
is_active BOOLEAN COMMENT &#039;是否激活&#039;
) COMMENT &#039;测试表B&#039;;
INSERT INTO lantu_test.B VALUES
(
1,100,10000,100000,1000000,3.14,3.1415926535,12345.67,98765.4321,&#039;12345&#039;,&#039;你好世界&#039;,&#039;Hello World&#039;,DATE(&#039;2024-01-15&#039;) ,TRUE,X&#039;48656C6C6F&#039;,
1,  -- 匹配A表a_id=1
&#039;张三&#039;,  -- 匹配A表a_name = &#039;张三&#039;
&#039;zhangsan@example.com&#039;,TRUE
),
(
2,200,20000,200000,2000000,2.718,2.718281828,23456.78,54321.9876,&#039;67890&#039;,&#039;测试数据&#039;,&#039;Test Data&#039;,DATE(&#039;2024-02-20&#039;) ,FALSE,X&#039;576F726C64&#039;,
3,  -- 匹配A表a_id=3
&#039;张四&#039;,&#039;zhangsan2@example.com&#039;,FALSE
),
(    3,50,5000,50000,500000,1.414,1.414213562,34567.89,12345.6789,&#039;99999&#039;,&#039;示例数据&#039;,&#039;Sample Data&#039;,DATE(&#039;2024-03-10&#039;) ,TRUE,X&#039;537061726B&#039;,
5,&#039;李四&#039;,  -- 匹配A表a_name = &#039;李四&#039;
&#039;lisi@example.com&#039;,TRUE
);","1. 进入「资产-数据质量-规则集管理-基础信息」页面
2. 「选择数据源」选择「${DATASOURCE}」
「选择数据库」选择「${DATABASE}」
「选择数据表」选择「${TABLE}」
「规则包名称」填写「合理性-多表字段值对比」
3. 点击「新增规则包」-「合理性-多表字段值对比」，点击【添加规则-合理性校验】
4. 「监控规则」配置如下：
「字段」：「 field_int 」
「统计函数」：「 多表字段值对比」
「校验表主键」：「id」
「关联表1」：「 B」，「关联表1主键」：「name」
「计算逻辑配置1」：「A.field_tinyint+B.field_smallint」
「对比方法」：「计算结果对比」
「计算逻辑配置2」：「A.field_bigint+B.field_bigint」
「对比规则」：「A.field_tinyint+B.field_smallint>A.field_bigint+B.field_bigint」
「强弱规则」选择「弱规则」
「规则描述」输入「测试规则」
5. 点击【保存】按钮
6. 进入「规则任务管理-监控对象」页面
7. 「规则名称」输入「test_rule」
「选择数据源」选择「${DATASOURCE}」
「选择数据库」选择「${DATABASE}」
「选择数据表」选择「${TABLE}」
8. 引入规则包「合理性-多表字段值对比」，点击「下一步」按钮
9. 配置「调度属性」，保存规则，且「调度属性」中配置「规则报告」为最新结果
10. 临时运行规则，查看实例详情","1. 页面正常打开
2. 基础信息配置成功；
进入「监控规则」配置页
3. 选择成功，页面显示「合理性校验」规则配置区域
4. 监控规则配置完成
5. 规则保存成功
6. 页面正常打开
7. 监控对象配置成功；
进入「监控规则」配置页
8. 引入正确，规则内容置灰，进入「调度属性」
9. 规则保存成功
10. 实例运行结果为运行失败，日志报错主键关联数据不一致","1. 
2. 
3. 
4. 
5. 
6. 
7. 
8. 
9. 
10.","","2","功能测试","功能测试阶段","正常","0","2","10","通过","听筠","2026-04-09","","0000-00-00","1","",""
"183215","数据资产_STD(#23)","/版本迭代测试用例/v6.4.10/【内置规则丰富】合理性，多表，字段大小对比以及字段计算逻辑对比(#10452)","【岚图】【内置规则丰富】合理性，多表，字段大小对比以及字段计算逻辑对比(#15530)","验证「监控规则」-「合理性校验」-「多表字段值对比」编辑功能","1、已存在表A：
CREATE TABLE IF NOT EXISTS lantu_test.A (
--数值型
field_tinyint TINYINT COMMENT &#039;TINYINT类型&#039;,
field_smallint SMALLINT COMMENT &#039;SMALLINT类型&#039;,
field_int INT COMMENT &#039;INT类型&#039;,
field_integer INTEGER COMMENT &#039;INTEGER类型&#039;,
field_bigint BIGINT COMMENT &#039;BIGINT类型&#039;,
field_float FLOAT COMMENT &#039;FLOAT类型&#039;,
field_double DOUBLE COMMENT &#039;DOUBLE类型&#039;,
field_decimal DECIMAL(10, 2) COMMENT &#039;DECIMAL类型&#039;,
field_numeric NUMERIC(15, 4) COMMENT &#039;NUMERIC类型&#039;,
-- STRING类型
string_number STRING COMMENT &#039;数字字符串&#039;,
string_chinese STRING COMMENT &#039;中文字符串&#039;,
string_english STRING COMMENT &#039;英文字符串&#039;,
field_date DATE COMMENT &#039;日期&#039;,
field_boolean BOOLEAN COMMENT &#039;布尔类型&#039;,
field_binary BINARY COMMENT &#039;二进制类型&#039;,
id INT COMMENT &#039;ID&#039;,
user_name STRING COMMENT &#039;用户名&#039;,
age TINYINT COMMENT &#039;年龄&#039;,
phone BIGINT COMMENT &#039;手机号&#039;,
email STRING COMMENT &#039;邮箱&#039;,
salary DECIMAL(10, 2) COMMENT &#039;薪资&#039;,
is_active BOOLEAN COMMENT &#039;是否激活&#039;,
address STRING COMMENT &#039;地址&#039;,
score FLOAT COMMENT &#039;评分&#039;,
total_amount DOUBLE COMMENT &#039;总金额&#039;
) COMMENT &#039;测试表A&#039;;
INSERT INTO lantu_test.A VALUES
(
1, 100, 10000, 100000, 1000000, 3.14, 3.1415926535,
12345.67, 98765.4321, &#039;12345&#039;, &#039;你好世界&#039;, &#039;Hello World&#039;,
DATE(&#039;2024-01-15&#039;), TRUE, X&#039;48656C6C6F&#039;, 1, &#039;张三&#039;, 25, 13812345678,
&#039;zhangsan@example.com&#039;, 8500.00, TRUE, &#039;北京市朝阳区&#039;, 4.8, 99999.99
),
(
2, 200, 20000, 200000, 2000000, 2.718, 2.718281828,
23456.78, 54321.9876, &#039;67890&#039;, &#039;测试数据&#039;, &#039;Test Data&#039;,
DATE(&#039;2024-02-20&#039;), FALSE, X&#039;576F726C64&#039;, 2, &#039;李四&#039;, 30, 13987654321,
&#039;lisi@example.com&#039;, 12000.00, FALSE, &#039;上海市浦东新区&#039;, 4.2, 150000.00
),
(
3, 50, 5000, 50000, 500000, 1.414, 1.414213562,
34567.89, 12345.6789, &#039;99999&#039;, &#039;示例数据&#039;, &#039;Sample Data&#039;,
DATE(&#039;2024-03-10&#039;), TRUE, X&#039;537061726B&#039;, 3, &#039;王五&#039;, 28, 13711223344,
&#039;wangwu@example.com&#039;, 9500.00, TRUE, &#039;广州市天河区&#039;, 4.5, 88000.00
);

表B：
CREATE TABLE IF NOT EXISTS lantu_test.B(
--数值型
field_tinyint TINYINT COMMENT &#039;TINYINT类型&#039;,
field_smallint SMALLINT COMMENT &#039;SMALLINT类型&#039;,
field_int INT COMMENT &#039;INT类型&#039;,
field_integer INTEGER COMMENT &#039;INTEGER类型&#039;,
field_bigint BIGINT COMMENT &#039;BIGINT类型&#039;,
field_float FLOAT COMMENT &#039;FLOAT类型&#039;,
field_double DOUBLE COMMENT &#039;DOUBLE类型&#039;,
field_decimal DECIMAL(10, 2) COMMENT &#039;DECIMAL类型&#039;,
field_numeric NUMERIC(15, 4) COMMENT &#039;NUMERIC类型&#039;,
-- STRING类型
string_number STRING COMMENT &#039;数字字符串&#039;,
string_chinese STRING COMMENT &#039;中文字符串&#039;,
string_english STRING COMMENT &#039;英文字符串&#039;,
field_date DATE COMMENT &#039;日期&#039;,
field_boolean BOOLEAN COMMENT &#039;布尔类型&#039;,
field_binary BINARY COMMENT &#039;二进制类型&#039;,
b_id INT COMMENT &#039;ID&#039;,
b_name STRING COMMENT &#039;用户名&#039;,
email STRING COMMENT &#039;邮箱&#039;,
is_active BOOLEAN COMMENT &#039;是否激活&#039;
) COMMENT &#039;测试表B&#039;;
INSERT INTO lantu_test.B VALUES
(
1,100,10000,100000,1000000,3.14,3.1415926535,12345.67,98765.4321,&#039;12345&#039;,&#039;你好世界&#039;,&#039;Hello World&#039;,DATE(&#039;2024-01-15&#039;) ,TRUE,X&#039;48656C6C6F&#039;,
1,  -- 匹配A表a_id=1
&#039;张三&#039;,  -- 匹配A表a_name = &#039;张三&#039;
&#039;zhangsan@example.com&#039;,TRUE
),
(
2,200,20000,200000,2000000,2.718,2.718281828,23456.78,54321.9876,&#039;67890&#039;,&#039;测试数据&#039;,&#039;Test Data&#039;,DATE(&#039;2024-02-20&#039;) ,FALSE,X&#039;576F726C64&#039;,
3,  -- 匹配A表a_id=3
&#039;张四&#039;,&#039;zhangsan2@example.com&#039;,FALSE
),
(    3,50,5000,50000,500000,1.414,1.414213562,34567.89,12345.6789,&#039;99999&#039;,&#039;示例数据&#039;,&#039;Sample Data&#039;,DATE(&#039;2024-03-10&#039;) ,TRUE,X&#039;537061726B&#039;,
5,&#039;李四&#039;,  -- 匹配A表a_name = &#039;李四&#039;
&#039;lisi@example.com&#039;,TRUE
);

2、平台已存在结果为通过的「合理性校验」-「多表字段值对比」规则「test_rule1」，以下两个子规则都通过
1）子规则一：「合理性校验」-「多表字段值对比」-「计算结果对比」： 「字段」：「 field_int 」 「统计函数」：「 多表字段值对比」 「校验表主键」：「id」 「关联表1」：「 B」，「关联表1主键」：「 id」 「计算逻辑配置1」：「A.field_tinyint+B.field_smallint」 「对比方法」：「计算结果对比」 「计算逻辑配置2」：「A.field_bigint+B.field_bigint」 「对比规则」：「A.field_tinyint+B.field_smallint>A.field_bigint+B.field_bigint」 「强弱规则」选择「弱规则」 「规则描述」输入「测试规则」 2）子规则二：「合理性校验」-「多表字段值对比」-「计算结果值判断」： 「字段」：「 field_float」 「统计函数」：「 多表字段值对比」 「校验表主键」：「id」 「关联表1」：「 B」，「关联表1主键」：「 id」 「计算逻辑配置1」：「（A.field_float-B.field_float）/A.field_float」 「对比方法」：「计算结果值判断」 「结果值」：「>=1或<=10000」 「强弱规则」选择「弱规则」 「规则描述」输入「测试规则」","1. 进入「资产-数据质量-规则集管理」页面
2. 点击表名为A的编辑按钮
3. 查看页面回显
4. 点击下一步按钮
5. 查看页面回显，并编辑
6. 点击保存按钮
7. 进入「资产-数据质量-规则任务配置」页面
8. 点击规则名称「test_rule1」的编辑按钮
9. 查看页面内容回显
10. 编辑「规则名称」为「test_rule1_new」，点击下一步按钮
11. 查看页面内容回显
12. 更新引入规则包
13. 点击下一步按钮
14. 配置「调度属性」，保存规则，且「调度属性」中配置「规则报告」为最新结果
15. 临时运行规则，进入校验结果查询页面","1. 页面正常打开
2. 「监控规则」为「合理性校验」；
1）子规则一：「合理性校验」-「多表字段值对比」-「计算结果对比」：
「字段」：「 field_int 」
「统计函数」：「 多表字段值对比」
「校验表主键」：「id」
「关联表1」：「 B」，「关联表1主键」：「 id」
「计算逻辑配置1」：「A.field_tinyint+B.field_smallint」
「对比方法」：「计算结果对比」
「计算逻辑配置2」：「A.field_bigint+B.field_bigint」
「对比规则」：「A.field_tinyint+B.field_smallint>A.field_bigint+B.field_bigint」
「强弱规则」选择「弱规则」
「规则描述」输入「测试规则」
2）子规则二：「合理性校验」-「多表字段值对比」-「计算结果值判断」：
「字段」：「 field_float」
「统计函数」：「 多表字段值对比」
「校验表主键」：「id」
「关联表1」：「 B」，「关联表1主键」：「 id」
「计算逻辑配置1」：「（A.field_float-B.field_float）/A.field_float」
「对比方法」：「计算结果值判断」
「结果值」：「>=1或<=10000」
「强弱规则」选择「弱规则」
「规则描述」输入「测试规则」
3）全部置灰显示，不可编辑
3. 1）「选择数据源」置灰显示「${DATASOURCE}」，不可编辑
2）「选择数据库」置灰显示「${DATABASE}」，不可编辑
3）「选择数据表」置灰显示「${TABLE}」，不可编辑
4）规则包可编辑
4. 进入编辑规则集-监控规则页面
5. 「监控规则」为「合理性校验」；
1）子规则一：「合理性校验」-「多表字段值对比」-「计算结果对比」：
「字段」：「 field_int 」
「统计函数」：「 多表字段值对比」
「校验表主键」：「id」
「关联表1」：「 B」，「关联表1主键」：「 id」
「计算逻辑配置1」：「A.field_tinyint+B.field_smallint」
「对比方法」：「计算结果对比」
「计算逻辑配置2」：「A.field_bigint+B.field_bigint」
「对比规则」：「A.field_tinyint+B.field_smallint>A.field_bigint+B.field_bigint」
「强弱规则」选择「弱规则」
「规则描述」输入「测试规则」
2）子规则二：「合理性校验」-「多表字段值对比」-「计算结果值判断」：
「字段」：「 field_float」
「统计函数」：「 多表字段值对比」
「校验表主键」：「id」
「关联表1」：「 B」，「关联表1主键」：「 id」
「计算逻辑配置1」：「（A.field_float-B.field_float）/A.field_float」
「对比方法」：「计算结果值判断」
「结果值」：「>=1或<=10000」
「强弱规则」选择「弱规则」
「规则描述」输入「测试规则」
3）编辑子规则二：「结果值」为「 =100且!=1」
6. 正常保存
7. 页面正常打开
8. 进入「编辑单表校验规则-监控对象」页
9. 1）「规则名称」显示「test_rule1」，可编辑
2）「选择数据源」置灰显示「${DATASOURCE}」，不可编辑
3）「选择数据库」置灰显示「${DATABASE}」，不可编辑
4）「选择数据表」置灰显示「${TABLE}」，不可编辑
10. 进入「编辑单表校验规则-监控规则」页
11. 1、显示规则包引入区域，可更新引入
12. 子规则二的「结果值」更新为「 =100且!=1」 ，其余不变，置灰不可编辑
13. 监控规则配置完成；
进入「调度属性」页面
14. 规则保存成功
15. 显示实例中子规则一运行通过，子规则二运行不通过","1. 
2. 
3. 
4. 
5. 
6. 
7. 
8. 
9. 
10. 
11. 
12. 
13. 
14. 
15.","","2","功能测试","功能测试阶段","正常","0","1","15","通过","听筠","2026-04-09","","0000-00-00","1","",""
"183214","数据资产_STD(#23)","/版本迭代测试用例/v6.4.10/【内置规则丰富】合理性，多表，字段大小对比以及字段计算逻辑对比(#10452)","【岚图】【内置规则丰富】合理性，多表，字段大小对比以及字段计算逻辑对比(#15530)","验证「监控规则」-「合理性校验」-「多表字段值对比」-「计算结果值判断」-「string类型」校验功能","已存在表A：
CREATE TABLE IF NOT EXISTS lantu_test.A (
--数值型
field_tinyint TINYINT COMMENT &#039;TINYINT类型&#039;,
field_smallint SMALLINT COMMENT &#039;SMALLINT类型&#039;,
field_int INT COMMENT &#039;INT类型&#039;,
field_integer INTEGER COMMENT &#039;INTEGER类型&#039;,
field_bigint BIGINT COMMENT &#039;BIGINT类型&#039;,
field_float FLOAT COMMENT &#039;FLOAT类型&#039;,
field_double DOUBLE COMMENT &#039;DOUBLE类型&#039;,
field_decimal DECIMAL(10, 2) COMMENT &#039;DECIMAL类型&#039;,
field_numeric NUMERIC(15, 4) COMMENT &#039;NUMERIC类型&#039;,
-- STRING类型
string_number STRING COMMENT &#039;数字字符串&#039;,
string_chinese STRING COMMENT &#039;中文字符串&#039;,
string_english STRING COMMENT &#039;英文字符串&#039;,
field_date DATE COMMENT &#039;日期&#039;,
field_boolean BOOLEAN COMMENT &#039;布尔类型&#039;,
field_binary BINARY COMMENT &#039;二进制类型&#039;,
id INT COMMENT &#039;ID&#039;,
user_name STRING COMMENT &#039;用户名&#039;,
age TINYINT COMMENT &#039;年龄&#039;,
phone BIGINT COMMENT &#039;手机号&#039;,
email STRING COMMENT &#039;邮箱&#039;,
salary DECIMAL(10, 2) COMMENT &#039;薪资&#039;,
is_active BOOLEAN COMMENT &#039;是否激活&#039;,
address STRING COMMENT &#039;地址&#039;,
score FLOAT COMMENT &#039;评分&#039;,
total_amount DOUBLE COMMENT &#039;总金额&#039;
) COMMENT &#039;测试表A&#039;;
INSERT INTO lantu_test.A VALUES
(
1, 100, 10000, 100000, 1000000, 3.14, 3.1415926535,
12345.67, 98765.4321, &#039;12345&#039;, &#039;你好世界&#039;, &#039;Hello World&#039;,
DATE(&#039;2024-01-15&#039;), TRUE, X&#039;48656C6C6F&#039;, 1, &#039;张三&#039;, 25, 13812345678,
&#039;zhangsan@example.com&#039;, 8500.00, TRUE, &#039;北京市朝阳区&#039;, 4.8, 99999.99
),
(
2, 200, 20000, 200000, 2000000, 2.718, 2.718281828,
23456.78, 54321.9876, &#039;67890&#039;, &#039;测试数据&#039;, &#039;Test Data&#039;,
DATE(&#039;2024-02-20&#039;), FALSE, X&#039;576F726C64&#039;, 2, &#039;李四&#039;, 30, 13987654321,
&#039;lisi@example.com&#039;, 12000.00, FALSE, &#039;上海市浦东新区&#039;, 4.2, 150000.00
),
(
3, 50, 5000, 50000, 500000, 1.414, 1.414213562,
34567.89, 12345.6789, &#039;99999&#039;, &#039;示例数据&#039;, &#039;Sample Data&#039;,
DATE(&#039;2024-03-10&#039;), TRUE, X&#039;537061726B&#039;, 3, &#039;王五&#039;, 28, 13711223344,
&#039;wangwu@example.com&#039;, 9500.00, TRUE, &#039;广州市天河区&#039;, 4.5, 88000.00
);

表B：
CREATE TABLE IF NOT EXISTS lantu_test.B(
--数值型
field_tinyint TINYINT COMMENT &#039;TINYINT类型&#039;,
field_smallint SMALLINT COMMENT &#039;SMALLINT类型&#039;,
field_int INT COMMENT &#039;INT类型&#039;,
field_integer INTEGER COMMENT &#039;INTEGER类型&#039;,
field_bigint BIGINT COMMENT &#039;BIGINT类型&#039;,
field_float FLOAT COMMENT &#039;FLOAT类型&#039;,
field_double DOUBLE COMMENT &#039;DOUBLE类型&#039;,
field_decimal DECIMAL(10, 2) COMMENT &#039;DECIMAL类型&#039;,
field_numeric NUMERIC(15, 4) COMMENT &#039;NUMERIC类型&#039;,
-- STRING类型
string_number STRING COMMENT &#039;数字字符串&#039;,
string_chinese STRING COMMENT &#039;中文字符串&#039;,
string_english STRING COMMENT &#039;英文字符串&#039;,
field_date DATE COMMENT &#039;日期&#039;,
field_boolean BOOLEAN COMMENT &#039;布尔类型&#039;,
field_binary BINARY COMMENT &#039;二进制类型&#039;,
b_id INT COMMENT &#039;ID&#039;,
b_name STRING COMMENT &#039;用户名&#039;,
email STRING COMMENT &#039;邮箱&#039;,
is_active BOOLEAN COMMENT &#039;是否激活&#039;
) COMMENT &#039;测试表B&#039;;
INSERT INTO lantu_test.B VALUES
(
1,100,10000,100000,1000000,3.14,3.1415926535,12345.67,98765.4321,&#039;12345&#039;,&#039;你好世界&#039;,&#039;Hello World&#039;,DATE(&#039;2024-01-15&#039;) ,TRUE,X&#039;48656C6C6F&#039;,
1,  -- 匹配A表a_id=1
&#039;张三&#039;,  -- 匹配A表a_name = &#039;张三&#039;
&#039;zhangsan@example.com&#039;,TRUE
),
(
2,200,20000,200000,2000000,2.718,2.718281828,23456.78,54321.9876,&#039;67890&#039;,&#039;测试数据&#039;,&#039;Test Data&#039;,DATE(&#039;2024-02-20&#039;) ,FALSE,X&#039;576F726C64&#039;,
3,  -- 匹配A表a_id=3
&#039;张四&#039;,&#039;zhangsan2@example.com&#039;,FALSE
),
(    3,50,5000,50000,500000,1.414,1.414213562,34567.89,12345.6789,&#039;99999&#039;,&#039;示例数据&#039;,&#039;Sample Data&#039;,DATE(&#039;2024-03-10&#039;) ,TRUE,X&#039;537061726B&#039;,
5,&#039;李四&#039;,  -- 匹配A表a_name = &#039;李四&#039;
&#039;lisi@example.com&#039;,TRUE
);","1. 进入「资产-数据质量-规则集管理-基础信息」页面
2. 「选择数据源」选择「${DATASOURCE}」
「选择数据库」选择「${DATABASE}」
「选择数据表」选择「${TABLE}」
「规则包名称」填写「合理性-字段值计算对比」
3. 点击「新增规则包」-「合理性-字段值计算对比」，点击【添加规则-合理性校验】
4. 「监控规则」配置如下：
子规则一：
「字段」：「 string_number」
「统计函数」：「 多表字段值对比」
「校验表主键」：「id」
「关联表1」：「 B」，「关联表1主键」：「 id」
「计算逻辑配置1」：「A.string_number*B.string_number」
「对比方法」：「计算结果值判断」
「结果值」：「>=1或<=10000」
「强弱规则」选择「弱规则」
「规则描述」输入「测试规则」
子规则二：
「字段」：「 string_chinese」
「统计函数」：「 多表字段值对比」
「校验表主键」：「id」
「关联表1」：「 B」，「关联表1主键」：「 id」
「计算逻辑配置1」：「A.string_chinese+B.field_numeric」
「对比方法」：「计算结果值判断」
「结果值」：「>=9999且<=10000」
「强弱规则」选择「弱规则」
「规则描述」输入「测试规则」
5. 点击【保存】按钮
6. 进入「规则任务管理-监控对象」页面
7. 「规则名称」输入「test_rule」
「选择数据源」选择「${DATASOURCE}」
「选择数据库」选择「${DATABASE}」
「选择数据表」选择「${TABLE}」
8. 引入规则包「合理性-字段值计算对比」，点击「下一步」按钮
9. 配置「调度属性」，保存规则，且「调度属性」中配置「规则报告」为最新结果
10. 临时运行规则，查看实例详情","1. 页面正常打开
2. 基础信息配置成功；
进入「监控规则」配置页
3. 选择成功，页面显示「合理性校验」规则配置区域
4. 监控规则配置完成
5. 规则保存成功
6. 页面正常打开
7. 监控对象配置成功；
进入「监控规则」配置页
8. 引入正确，规则内容置灰，进入「调度属性」
9. 规则保存成功
10. 实例中子规则一结果通过，子规则二结果不通过，且实例详情展示正确","1. 
2. 
3. 
4. 
5. 
6. 
7. 
8. 
9. 
10.","","2","功能测试","功能测试阶段","正常","0","2","10","通过","听筠","2026-04-09","","0000-00-00","1","",""
"183213","数据资产_STD(#23)","/版本迭代测试用例/v6.4.10/【内置规则丰富】合理性，多表，字段大小对比以及字段计算逻辑对比(#10452)","【岚图】【内置规则丰富】合理性，多表，字段大小对比以及字段计算逻辑对比(#15530)","验证「监控规则」-「合理性校验」-「多表字段值对比」-「计算结果值判断」-「decimal/numeric类型」校验功能","已存在表A：
CREATE TABLE IF NOT EXISTS lantu_test.A (
--数值型
field_tinyint TINYINT COMMENT &#039;TINYINT类型&#039;,
field_smallint SMALLINT COMMENT &#039;SMALLINT类型&#039;,
field_int INT COMMENT &#039;INT类型&#039;,
field_integer INTEGER COMMENT &#039;INTEGER类型&#039;,
field_bigint BIGINT COMMENT &#039;BIGINT类型&#039;,
field_float FLOAT COMMENT &#039;FLOAT类型&#039;,
field_double DOUBLE COMMENT &#039;DOUBLE类型&#039;,
field_decimal DECIMAL(10, 2) COMMENT &#039;DECIMAL类型&#039;,
field_numeric NUMERIC(15, 4) COMMENT &#039;NUMERIC类型&#039;,
-- STRING类型
string_number STRING COMMENT &#039;数字字符串&#039;,
string_chinese STRING COMMENT &#039;中文字符串&#039;,
string_english STRING COMMENT &#039;英文字符串&#039;,
field_date DATE COMMENT &#039;日期&#039;,
field_boolean BOOLEAN COMMENT &#039;布尔类型&#039;,
field_binary BINARY COMMENT &#039;二进制类型&#039;,
id INT COMMENT &#039;ID&#039;,
user_name STRING COMMENT &#039;用户名&#039;,
age TINYINT COMMENT &#039;年龄&#039;,
phone BIGINT COMMENT &#039;手机号&#039;,
email STRING COMMENT &#039;邮箱&#039;,
salary DECIMAL(10, 2) COMMENT &#039;薪资&#039;,
is_active BOOLEAN COMMENT &#039;是否激活&#039;,
address STRING COMMENT &#039;地址&#039;,
score FLOAT COMMENT &#039;评分&#039;,
total_amount DOUBLE COMMENT &#039;总金额&#039;
) COMMENT &#039;测试表A&#039;;
INSERT INTO lantu_test.A VALUES
(
1, 100, 10000, 100000, 1000000, 3.14, 3.1415926535,
12345.67, 98765.4321, &#039;12345&#039;, &#039;你好世界&#039;, &#039;Hello World&#039;,
DATE(&#039;2024-01-15&#039;), TRUE, X&#039;48656C6C6F&#039;, 1, &#039;张三&#039;, 25, 13812345678,
&#039;zhangsan@example.com&#039;, 8500.00, TRUE, &#039;北京市朝阳区&#039;, 4.8, 99999.99
),
(
2, 200, 20000, 200000, 2000000, 2.718, 2.718281828,
23456.78, 54321.9876, &#039;67890&#039;, &#039;测试数据&#039;, &#039;Test Data&#039;,
DATE(&#039;2024-02-20&#039;), FALSE, X&#039;576F726C64&#039;, 2, &#039;李四&#039;, 30, 13987654321,
&#039;lisi@example.com&#039;, 12000.00, FALSE, &#039;上海市浦东新区&#039;, 4.2, 150000.00
),
(
3, 50, 5000, 50000, 500000, 1.414, 1.414213562,
34567.89, 12345.6789, &#039;99999&#039;, &#039;示例数据&#039;, &#039;Sample Data&#039;,
DATE(&#039;2024-03-10&#039;), TRUE, X&#039;537061726B&#039;, 3, &#039;王五&#039;, 28, 13711223344,
&#039;wangwu@example.com&#039;, 9500.00, TRUE, &#039;广州市天河区&#039;, 4.5, 88000.00
);

表B：
CREATE TABLE IF NOT EXISTS lantu_test.B(
--数值型
field_tinyint TINYINT COMMENT &#039;TINYINT类型&#039;,
field_smallint SMALLINT COMMENT &#039;SMALLINT类型&#039;,
field_int INT COMMENT &#039;INT类型&#039;,
field_integer INTEGER COMMENT &#039;INTEGER类型&#039;,
field_bigint BIGINT COMMENT &#039;BIGINT类型&#039;,
field_float FLOAT COMMENT &#039;FLOAT类型&#039;,
field_double DOUBLE COMMENT &#039;DOUBLE类型&#039;,
field_decimal DECIMAL(10, 2) COMMENT &#039;DECIMAL类型&#039;,
field_numeric NUMERIC(15, 4) COMMENT &#039;NUMERIC类型&#039;,
-- STRING类型
string_number STRING COMMENT &#039;数字字符串&#039;,
string_chinese STRING COMMENT &#039;中文字符串&#039;,
string_english STRING COMMENT &#039;英文字符串&#039;,
field_date DATE COMMENT &#039;日期&#039;,
field_boolean BOOLEAN COMMENT &#039;布尔类型&#039;,
field_binary BINARY COMMENT &#039;二进制类型&#039;,
b_id INT COMMENT &#039;ID&#039;,
b_name STRING COMMENT &#039;用户名&#039;,
email STRING COMMENT &#039;邮箱&#039;,
is_active BOOLEAN COMMENT &#039;是否激活&#039;
) COMMENT &#039;测试表B&#039;;
INSERT INTO lantu_test.B VALUES
(
1,100,10000,100000,1000000,3.14,3.1415926535,12345.67,98765.4321,&#039;12345&#039;,&#039;你好世界&#039;,&#039;Hello World&#039;,DATE(&#039;2024-01-15&#039;) ,TRUE,X&#039;48656C6C6F&#039;,
1,  -- 匹配A表a_id=1
&#039;张三&#039;,  -- 匹配A表a_name = &#039;张三&#039;
&#039;zhangsan@example.com&#039;,TRUE
),
(
2,200,20000,200000,2000000,2.718,2.718281828,23456.78,54321.9876,&#039;67890&#039;,&#039;测试数据&#039;,&#039;Test Data&#039;,DATE(&#039;2024-02-20&#039;) ,FALSE,X&#039;576F726C64&#039;,
3,  -- 匹配A表a_id=3
&#039;张四&#039;,&#039;zhangsan2@example.com&#039;,FALSE
),
(    3,50,5000,50000,500000,1.414,1.414213562,34567.89,12345.6789,&#039;99999&#039;,&#039;示例数据&#039;,&#039;Sample Data&#039;,DATE(&#039;2024-03-10&#039;) ,TRUE,X&#039;537061726B&#039;,
5,&#039;李四&#039;,  -- 匹配A表a_name = &#039;李四&#039;
&#039;lisi@example.com&#039;,TRUE
);","1. 进入「资产-数据质量-规则集管理-基础信息」页面
2. 「选择数据源」选择「${DATASOURCE}」
「选择数据库」选择「${DATABASE}」
「选择数据表」选择「${TABLE}」
「规则包名称」填写「合理性-多表字段值对比」
3. 点击「新增规则包」-「合理性-多表字段值对比」，点击【添加规则-合理性校验】
4. 「监控规则」配置如下：
子规则一：
「字段」：「 field_decimal」
「统计函数」：「 多表字段值对比」
「校验表主键」：「id」
「关联表1」：「 B」，「关联表1主键」：「 id」
「计算逻辑配置1」：「A.field_decimal*B.field_decimal」
「对比方法」：「计算结果值判断」
「结果值」：「>=1或>10000」
「强弱规则」选择「弱规则」
「规则描述」输入「测试规则」
子规则二：
「字段」：「 field_numeric」
「统计函数」：「 多表字段值对比」
「校验表主键」：「id」
「关联表1」：「 B」，「关联表1主键」：「 id」
「计算逻辑配置1」：「（A.field_numeric+B.field_numeric）*A.field_numeric」
「对比方法」：「计算结果值判断」
「结果值」：「>=1且=10000」
「强弱规则」选择「弱规则」
「规则描述」输入「测试规则」
5. 点击【保存】按钮
6. 进入「规则任务管理-监控对象」页面
7. 「规则名称」输入「test_rule」
「选择数据源」选择「${DATASOURCE}」
「选择数据库」选择「${DATABASE}」
「选择数据表」选择「${TABLE}」
8. 引入规则包「合理性-多表字段值对比」，点击「下一步」按钮
9. 配置「调度属性」，保存规则，且「调度属性」中配置「规则报告」为最新结果
10. 临时运行规则，查看实例详情","1. 页面正常打开
2. 基础信息配置成功；
进入「监控规则」配置页
3. 选择成功，页面显示「合理性校验」规则配置区域
4. 监控规则配置完成
5. 规则保存成功
6. 页面正常打开
7. 监控对象配置成功；
进入「监控规则」配置页
8. 引入正确，规则内容置灰，进入「调度属性」
9. 规则保存成功
10. 实例中子规则一结果通过，子规则二结果不通过，且实例详情展示正确","1. 
2. 
3. 
4. 
5. 
6. 
7. 
8. 
9. 
10.","","2","功能测试","功能测试阶段","正常","0","1","10","通过","听筠","2026-04-09","","0000-00-00","1","",""
"183212","数据资产_STD(#23)","/版本迭代测试用例/v6.4.10/【内置规则丰富】合理性，多表，字段大小对比以及字段计算逻辑对比(#10452)","【岚图】【内置规则丰富】合理性，多表，字段大小对比以及字段计算逻辑对比(#15530)","验证「监控规则」-「合理性校验」-「多表字段值对比」-「计算结果值判断」-「double类型」校验功能","已存在表A：
CREATE TABLE IF NOT EXISTS lantu_test.A (
--数值型
field_tinyint TINYINT COMMENT &#039;TINYINT类型&#039;,
field_smallint SMALLINT COMMENT &#039;SMALLINT类型&#039;,
field_int INT COMMENT &#039;INT类型&#039;,
field_integer INTEGER COMMENT &#039;INTEGER类型&#039;,
field_bigint BIGINT COMMENT &#039;BIGINT类型&#039;,
field_float FLOAT COMMENT &#039;FLOAT类型&#039;,
field_double DOUBLE COMMENT &#039;DOUBLE类型&#039;,
field_decimal DECIMAL(10, 2) COMMENT &#039;DECIMAL类型&#039;,
field_numeric NUMERIC(15, 4) COMMENT &#039;NUMERIC类型&#039;,
-- STRING类型
string_number STRING COMMENT &#039;数字字符串&#039;,
string_chinese STRING COMMENT &#039;中文字符串&#039;,
string_english STRING COMMENT &#039;英文字符串&#039;,
field_date DATE COMMENT &#039;日期&#039;,
field_boolean BOOLEAN COMMENT &#039;布尔类型&#039;,
field_binary BINARY COMMENT &#039;二进制类型&#039;,
id INT COMMENT &#039;ID&#039;,
user_name STRING COMMENT &#039;用户名&#039;,
age TINYINT COMMENT &#039;年龄&#039;,
phone BIGINT COMMENT &#039;手机号&#039;,
email STRING COMMENT &#039;邮箱&#039;,
salary DECIMAL(10, 2) COMMENT &#039;薪资&#039;,
is_active BOOLEAN COMMENT &#039;是否激活&#039;,
address STRING COMMENT &#039;地址&#039;,
score FLOAT COMMENT &#039;评分&#039;,
total_amount DOUBLE COMMENT &#039;总金额&#039;
) COMMENT &#039;测试表A&#039;;
INSERT INTO lantu_test.A VALUES
(
1, 100, 10000, 100000, 1000000, 3.14, 3.1415926535,
12345.67, 98765.4321, &#039;12345&#039;, &#039;你好世界&#039;, &#039;Hello World&#039;,
DATE(&#039;2024-01-15&#039;), TRUE, X&#039;48656C6C6F&#039;, 1, &#039;张三&#039;, 25, 13812345678,
&#039;zhangsan@example.com&#039;, 8500.00, TRUE, &#039;北京市朝阳区&#039;, 4.8, 99999.99
),
(
2, 200, 20000, 200000, 2000000, 2.718, 2.718281828,
23456.78, 54321.9876, &#039;67890&#039;, &#039;测试数据&#039;, &#039;Test Data&#039;,
DATE(&#039;2024-02-20&#039;), FALSE, X&#039;576F726C64&#039;, 2, &#039;李四&#039;, 30, 13987654321,
&#039;lisi@example.com&#039;, 12000.00, FALSE, &#039;上海市浦东新区&#039;, 4.2, 150000.00
),
(
3, 50, 5000, 50000, 500000, 1.414, 1.414213562,
34567.89, 12345.6789, &#039;99999&#039;, &#039;示例数据&#039;, &#039;Sample Data&#039;,
DATE(&#039;2024-03-10&#039;), TRUE, X&#039;537061726B&#039;, 3, &#039;王五&#039;, 28, 13711223344,
&#039;wangwu@example.com&#039;, 9500.00, TRUE, &#039;广州市天河区&#039;, 4.5, 88000.00
);

表B：
CREATE TABLE IF NOT EXISTS lantu_test.B(
--数值型
field_tinyint TINYINT COMMENT &#039;TINYINT类型&#039;,
field_smallint SMALLINT COMMENT &#039;SMALLINT类型&#039;,
field_int INT COMMENT &#039;INT类型&#039;,
field_integer INTEGER COMMENT &#039;INTEGER类型&#039;,
field_bigint BIGINT COMMENT &#039;BIGINT类型&#039;,
field_float FLOAT COMMENT &#039;FLOAT类型&#039;,
field_double DOUBLE COMMENT &#039;DOUBLE类型&#039;,
field_decimal DECIMAL(10, 2) COMMENT &#039;DECIMAL类型&#039;,
field_numeric NUMERIC(15, 4) COMMENT &#039;NUMERIC类型&#039;,
-- STRING类型
string_number STRING COMMENT &#039;数字字符串&#039;,
string_chinese STRING COMMENT &#039;中文字符串&#039;,
string_english STRING COMMENT &#039;英文字符串&#039;,
field_date DATE COMMENT &#039;日期&#039;,
field_boolean BOOLEAN COMMENT &#039;布尔类型&#039;,
field_binary BINARY COMMENT &#039;二进制类型&#039;,
b_id INT COMMENT &#039;ID&#039;,
b_name STRING COMMENT &#039;用户名&#039;,
email STRING COMMENT &#039;邮箱&#039;,
is_active BOOLEAN COMMENT &#039;是否激活&#039;
) COMMENT &#039;测试表B&#039;;
INSERT INTO lantu_test.B VALUES
(
1,100,10000,100000,1000000,3.14,3.1415926535,12345.67,98765.4321,&#039;12345&#039;,&#039;你好世界&#039;,&#039;Hello World&#039;,DATE(&#039;2024-01-15&#039;) ,TRUE,X&#039;48656C6C6F&#039;,
1,  -- 匹配A表a_id=1
&#039;张三&#039;,  -- 匹配A表a_name = &#039;张三&#039;
&#039;zhangsan@example.com&#039;,TRUE
),
(
2,200,20000,200000,2000000,2.718,2.718281828,23456.78,54321.9876,&#039;67890&#039;,&#039;测试数据&#039;,&#039;Test Data&#039;,DATE(&#039;2024-02-20&#039;) ,FALSE,X&#039;576F726C64&#039;,
3,  -- 匹配A表a_id=3
&#039;张四&#039;,&#039;zhangsan2@example.com&#039;,FALSE
),
(    3,50,5000,50000,500000,1.414,1.414213562,34567.89,12345.6789,&#039;99999&#039;,&#039;示例数据&#039;,&#039;Sample Data&#039;,DATE(&#039;2024-03-10&#039;) ,TRUE,X&#039;537061726B&#039;,
5,&#039;李四&#039;,  -- 匹配A表a_name = &#039;李四&#039;
&#039;lisi@example.com&#039;,TRUE
);","1. 进入「资产-数据质量-规则集管理-基础信息」页面
2. 「选择数据源」选择「${DATASOURCE}」
「选择数据库」选择「${DATABASE}」
「选择数据表」选择「${TABLE}」
「规则包名称」填写「合理性-多表字段值对比」
3. 点击「新增规则包」-「合理性-多表字段值对比」，点击【添加规则-合理性校验】
4. 「监控规则」配置如下：
子规则一：
「字段」：「 field_double」
「统计函数」：「 多表字段值对比」
「校验表主键」：「id」
「关联表1」：「 B」，「关联表1主键」：「 id」
「计算逻辑配置1」：「A.field_double*B.field_double」
「对比方法」：「计算结果值判断」
「结果值」：「>=1或!=10000」
「强弱规则」选择「弱规则」
「规则描述」输入「测试规则」
子规则二：
「字段」：「 field_double」
「统计函数」：「 多表字段值对比」
「校验表主键」：「id」
「关联表1」：「 B」，「关联表1主键」：「 id」
「计算逻辑配置1」：「（A.field_double+B.field_double）*A.field_double」
「对比方法」：「计算结果值判断」
「结果值」：「<10或=10000」
「强弱规则」选择「弱规则」
「规则描述」输入「测试规则」
5. 点击【保存】按钮
6. 进入「规则任务管理-监控对象」页面
7. 「规则名称」输入「test_rule」
「选择数据源」选择「${DATASOURCE}」
「选择数据库」选择「${DATABASE}」
「选择数据表」选择「${TABLE}」
8. 引入规则包「合理性-多表字段值对比」，点击「下一步」按钮
9. 配置「调度属性」，保存规则，且「调度属性」中配置「规则报告」为最新结果
10. 临时运行规则，查看实例详情","1. 页面正常打开
2. 基础信息配置成功；
进入「监控规则」配置页
3. 选择成功，页面显示「合理性校验」规则配置区域
4. 监控规则配置完成
5. 规则保存成功
6. 页面正常打开
7. 监控对象配置成功；
进入「监控规则」配置页
8. 引入正确，规则内容置灰，进入「调度属性」
9. 规则保存成功
10. 实例中子规则一结果通过，子规则二结果不通过，且实例详情展示正确","1. 
2. 
3. 
4. 
5. 
6. 
7. 
8. 
9. 
10.","","2","功能测试","功能测试阶段","正常","0","1","10","通过","听筠","2026-04-09","","0000-00-00","1","",""
"183211","数据资产_STD(#23)","/版本迭代测试用例/v6.4.10/【内置规则丰富】合理性，多表，字段大小对比以及字段计算逻辑对比(#10452)","【岚图】【内置规则丰富】合理性，多表，字段大小对比以及字段计算逻辑对比(#15530)","验证「监控规则」-「合理性校验」-「多表字段值对比」-「计算结果值判断」-「float类型」校验功能","已存在表A：
CREATE TABLE IF NOT EXISTS lantu_test.A (
--数值型
field_tinyint TINYINT COMMENT &#039;TINYINT类型&#039;,
field_smallint SMALLINT COMMENT &#039;SMALLINT类型&#039;,
field_int INT COMMENT &#039;INT类型&#039;,
field_integer INTEGER COMMENT &#039;INTEGER类型&#039;,
field_bigint BIGINT COMMENT &#039;BIGINT类型&#039;,
field_float FLOAT COMMENT &#039;FLOAT类型&#039;,
field_double DOUBLE COMMENT &#039;DOUBLE类型&#039;,
field_decimal DECIMAL(10, 2) COMMENT &#039;DECIMAL类型&#039;,
field_numeric NUMERIC(15, 4) COMMENT &#039;NUMERIC类型&#039;,
-- STRING类型
string_number STRING COMMENT &#039;数字字符串&#039;,
string_chinese STRING COMMENT &#039;中文字符串&#039;,
string_english STRING COMMENT &#039;英文字符串&#039;,
field_date DATE COMMENT &#039;日期&#039;,
field_boolean BOOLEAN COMMENT &#039;布尔类型&#039;,
field_binary BINARY COMMENT &#039;二进制类型&#039;,
id INT COMMENT &#039;ID&#039;,
user_name STRING COMMENT &#039;用户名&#039;,
age TINYINT COMMENT &#039;年龄&#039;,
phone BIGINT COMMENT &#039;手机号&#039;,
email STRING COMMENT &#039;邮箱&#039;,
salary DECIMAL(10, 2) COMMENT &#039;薪资&#039;,
is_active BOOLEAN COMMENT &#039;是否激活&#039;,
address STRING COMMENT &#039;地址&#039;,
score FLOAT COMMENT &#039;评分&#039;,
total_amount DOUBLE COMMENT &#039;总金额&#039;
) COMMENT &#039;测试表A&#039;;
INSERT INTO lantu_test.A VALUES
(
1, 100, 10000, 100000, 1000000, 3.14, 3.1415926535,
12345.67, 98765.4321, &#039;12345&#039;, &#039;你好世界&#039;, &#039;Hello World&#039;,
DATE(&#039;2024-01-15&#039;), TRUE, X&#039;48656C6C6F&#039;, 1, &#039;张三&#039;, 25, 13812345678,
&#039;zhangsan@example.com&#039;, 8500.00, TRUE, &#039;北京市朝阳区&#039;, 4.8, 99999.99
),
(
2, 200, 20000, 200000, 2000000, 2.718, 2.718281828,
23456.78, 54321.9876, &#039;67890&#039;, &#039;测试数据&#039;, &#039;Test Data&#039;,
DATE(&#039;2024-02-20&#039;), FALSE, X&#039;576F726C64&#039;, 2, &#039;李四&#039;, 30, 13987654321,
&#039;lisi@example.com&#039;, 12000.00, FALSE, &#039;上海市浦东新区&#039;, 4.2, 150000.00
),
(
3, 50, 5000, 50000, 500000, 1.414, 1.414213562,
34567.89, 12345.6789, &#039;99999&#039;, &#039;示例数据&#039;, &#039;Sample Data&#039;,
DATE(&#039;2024-03-10&#039;), TRUE, X&#039;537061726B&#039;, 3, &#039;王五&#039;, 28, 13711223344,
&#039;wangwu@example.com&#039;, 9500.00, TRUE, &#039;广州市天河区&#039;, 4.5, 88000.00
);

表B：
CREATE TABLE IF NOT EXISTS lantu_test.B(
--数值型
field_tinyint TINYINT COMMENT &#039;TINYINT类型&#039;,
field_smallint SMALLINT COMMENT &#039;SMALLINT类型&#039;,
field_int INT COMMENT &#039;INT类型&#039;,
field_integer INTEGER COMMENT &#039;INTEGER类型&#039;,
field_bigint BIGINT COMMENT &#039;BIGINT类型&#039;,
field_float FLOAT COMMENT &#039;FLOAT类型&#039;,
field_double DOUBLE COMMENT &#039;DOUBLE类型&#039;,
field_decimal DECIMAL(10, 2) COMMENT &#039;DECIMAL类型&#039;,
field_numeric NUMERIC(15, 4) COMMENT &#039;NUMERIC类型&#039;,
-- STRING类型
string_number STRING COMMENT &#039;数字字符串&#039;,
string_chinese STRING COMMENT &#039;中文字符串&#039;,
string_english STRING COMMENT &#039;英文字符串&#039;,
field_date DATE COMMENT &#039;日期&#039;,
field_boolean BOOLEAN COMMENT &#039;布尔类型&#039;,
field_binary BINARY COMMENT &#039;二进制类型&#039;,
b_id INT COMMENT &#039;ID&#039;,
b_name STRING COMMENT &#039;用户名&#039;,
email STRING COMMENT &#039;邮箱&#039;,
is_active BOOLEAN COMMENT &#039;是否激活&#039;
) COMMENT &#039;测试表B&#039;;
INSERT INTO lantu_test.B VALUES
(
1,100,10000,100000,1000000,3.14,3.1415926535,12345.67,98765.4321,&#039;12345&#039;,&#039;你好世界&#039;,&#039;Hello World&#039;,DATE(&#039;2024-01-15&#039;) ,TRUE,X&#039;48656C6C6F&#039;,
1,  -- 匹配A表a_id=1
&#039;张三&#039;,  -- 匹配A表a_name = &#039;张三&#039;
&#039;zhangsan@example.com&#039;,TRUE
),
(
2,200,20000,200000,2000000,2.718,2.718281828,23456.78,54321.9876,&#039;67890&#039;,&#039;测试数据&#039;,&#039;Test Data&#039;,DATE(&#039;2024-02-20&#039;) ,FALSE,X&#039;576F726C64&#039;,
3,  -- 匹配A表a_id=3
&#039;张四&#039;,&#039;zhangsan2@example.com&#039;,FALSE
),
(    3,50,5000,50000,500000,1.414,1.414213562,34567.89,12345.6789,&#039;99999&#039;,&#039;示例数据&#039;,&#039;Sample Data&#039;,DATE(&#039;2024-03-10&#039;) ,TRUE,X&#039;537061726B&#039;,
5,&#039;李四&#039;,  -- 匹配A表a_name = &#039;李四&#039;
&#039;lisi@example.com&#039;,TRUE
);","1. 进入「资产-数据质量-规则集管理-基础信息」页面
2. 「选择数据源」选择「${DATASOURCE}」
「选择数据库」选择「${DATABASE}」
「选择数据表」选择「${TABLE}」
「规则包名称」填写「合理性-多表字段值对比」
3. 点击「新增规则包」-「合理性-多表字段值对比」，点击【添加规则-合理性校验】
4. 「监控规则」配置如下：
子规则一：
「字段」：「 field_float」
「统计函数」：「 多表字段值对比」
「校验表主键」：「id」
「关联表1」：「 B」，「关联表1主键」：「 id」
「计算逻辑配置1」：「A.field_float*B.string_chinese」
「对比方法」：「计算结果值判断」
「结果值」：「>=1或<=10000」
「强弱规则」选择「弱规则」
「规则描述」输入「测试规则」
子规则二：
「字段」：「 field_float」
「统计函数」：「 多表字段值对比」
「校验表主键」：「id」
「关联表1」：「 B」，「关联表1主键」：「 id」
「计算逻辑配置1」：「（A.field_float+B.field_float）*A.field_float」
「对比方法」：「计算结果对比」
「计算逻辑配置2」：「A.field_float*B.field_float」
「对比规则」：「（A.field_float+B.field_float）「对比方法」：「计算结果值判断」
「结果值」：「=1或=10000」
「强弱规则」选择「弱规则」
「规则描述」输入「测试规则」
5. 点击【保存】按钮
6. 进入「规则任务管理-监控对象」页面
7. 「规则名称」输入「test_rule」
「选择数据源」选择「${DATASOURCE}」
「选择数据库」选择「${DATABASE}」
「选择数据表」选择「${TABLE}」
8. 引入规则包「合理性-多表字段值对比」，点击「下一步」按钮
9. 配置「调度属性」，保存规则，且「调度属性」中配置「规则报告」为最新结果
10. 临时运行规则，查看实例详情","1. 页面正常打开
2. 基础信息配置成功；
进入「监控规则」配置页
3. 选择成功，页面显示「合理性校验」规则配置区域
4. 监控规则配置完成
5. 规则保存成功
6. 页面正常打开
7. 监控对象配置成功；
进入「监控规则」配置页
8. 引入正确，规则内容置灰，进入「调度属性」
9. 规则保存成功
10. 实例中子规则一结果通过，子规则二结果不通过，且实例详情展示正确","1. 
2. 
3. 
4. 
5. 
6. 
7. 
8. 
9. 
10.","","2","功能测试","功能测试阶段","正常","0","2","10","通过","听筠","2026-04-09","","0000-00-00","1","",""
"183210","数据资产_STD(#23)","/版本迭代测试用例/v6.4.10/【内置规则丰富】合理性，多表，字段大小对比以及字段计算逻辑对比(#10452)","【岚图】【内置规则丰富】合理性，多表，字段大小对比以及字段计算逻辑对比(#15530)","验证「监控规则」-「合理性校验」-「多表字段值对比」-「计算结果值判断」-「bigint类型」校验功能","已存在表A：
CREATE TABLE IF NOT EXISTS lantu_test.A (
--数值型
field_tinyint TINYINT COMMENT &#039;TINYINT类型&#039;,
field_smallint SMALLINT COMMENT &#039;SMALLINT类型&#039;,
field_int INT COMMENT &#039;INT类型&#039;,
field_integer INTEGER COMMENT &#039;INTEGER类型&#039;,
field_bigint BIGINT COMMENT &#039;BIGINT类型&#039;,
field_float FLOAT COMMENT &#039;FLOAT类型&#039;,
field_double DOUBLE COMMENT &#039;DOUBLE类型&#039;,
field_decimal DECIMAL(10, 2) COMMENT &#039;DECIMAL类型&#039;,
field_numeric NUMERIC(15, 4) COMMENT &#039;NUMERIC类型&#039;,
-- STRING类型
string_number STRING COMMENT &#039;数字字符串&#039;,
string_chinese STRING COMMENT &#039;中文字符串&#039;,
string_english STRING COMMENT &#039;英文字符串&#039;,
field_date DATE COMMENT &#039;日期&#039;,
field_boolean BOOLEAN COMMENT &#039;布尔类型&#039;,
field_binary BINARY COMMENT &#039;二进制类型&#039;,
id INT COMMENT &#039;ID&#039;,
user_name STRING COMMENT &#039;用户名&#039;,
age TINYINT COMMENT &#039;年龄&#039;,
phone BIGINT COMMENT &#039;手机号&#039;,
email STRING COMMENT &#039;邮箱&#039;,
salary DECIMAL(10, 2) COMMENT &#039;薪资&#039;,
is_active BOOLEAN COMMENT &#039;是否激活&#039;,
address STRING COMMENT &#039;地址&#039;,
score FLOAT COMMENT &#039;评分&#039;,
total_amount DOUBLE COMMENT &#039;总金额&#039;
) COMMENT &#039;测试表A&#039;;
INSERT INTO lantu_test.A VALUES
(
1, 100, 10000, 100000, 1000000, 3.14, 3.1415926535,
12345.67, 98765.4321, &#039;12345&#039;, &#039;你好世界&#039;, &#039;Hello World&#039;,
DATE(&#039;2024-01-15&#039;), TRUE, X&#039;48656C6C6F&#039;, 1, &#039;张三&#039;, 25, 13812345678,
&#039;zhangsan@example.com&#039;, 8500.00, TRUE, &#039;北京市朝阳区&#039;, 4.8, 99999.99
),
(
2, 200, 20000, 200000, 2000000, 2.718, 2.718281828,
23456.78, 54321.9876, &#039;67890&#039;, &#039;测试数据&#039;, &#039;Test Data&#039;,
DATE(&#039;2024-02-20&#039;), FALSE, X&#039;576F726C64&#039;, 2, &#039;李四&#039;, 30, 13987654321,
&#039;lisi@example.com&#039;, 12000.00, FALSE, &#039;上海市浦东新区&#039;, 4.2, 150000.00
),
(
3, 50, 5000, 50000, 500000, 1.414, 1.414213562,
34567.89, 12345.6789, &#039;99999&#039;, &#039;示例数据&#039;, &#039;Sample Data&#039;,
DATE(&#039;2024-03-10&#039;), TRUE, X&#039;537061726B&#039;, 3, &#039;王五&#039;, 28, 13711223344,
&#039;wangwu@example.com&#039;, 9500.00, TRUE, &#039;广州市天河区&#039;, 4.5, 88000.00
);

表B：
CREATE TABLE IF NOT EXISTS lantu_test.B(
--数值型
field_tinyint TINYINT COMMENT &#039;TINYINT类型&#039;,
field_smallint SMALLINT COMMENT &#039;SMALLINT类型&#039;,
field_int INT COMMENT &#039;INT类型&#039;,
field_integer INTEGER COMMENT &#039;INTEGER类型&#039;,
field_bigint BIGINT COMMENT &#039;BIGINT类型&#039;,
field_float FLOAT COMMENT &#039;FLOAT类型&#039;,
field_double DOUBLE COMMENT &#039;DOUBLE类型&#039;,
field_decimal DECIMAL(10, 2) COMMENT &#039;DECIMAL类型&#039;,
field_numeric NUMERIC(15, 4) COMMENT &#039;NUMERIC类型&#039;,
-- STRING类型
string_number STRING COMMENT &#039;数字字符串&#039;,
string_chinese STRING COMMENT &#039;中文字符串&#039;,
string_english STRING COMMENT &#039;英文字符串&#039;,
field_date DATE COMMENT &#039;日期&#039;,
field_boolean BOOLEAN COMMENT &#039;布尔类型&#039;,
field_binary BINARY COMMENT &#039;二进制类型&#039;,
b_id INT COMMENT &#039;ID&#039;,
b_name STRING COMMENT &#039;用户名&#039;,
email STRING COMMENT &#039;邮箱&#039;,
is_active BOOLEAN COMMENT &#039;是否激活&#039;
) COMMENT &#039;测试表B&#039;;
INSERT INTO lantu_test.B VALUES
(
1,100,10000,100000,1000000,3.14,3.1415926535,12345.67,98765.4321,&#039;12345&#039;,&#039;你好世界&#039;,&#039;Hello World&#039;,DATE(&#039;2024-01-15&#039;) ,TRUE,X&#039;48656C6C6F&#039;,
1,  -- 匹配A表a_id=1
&#039;张三&#039;,  -- 匹配A表a_name = &#039;张三&#039;
&#039;zhangsan@example.com&#039;,TRUE
),
(
2,200,20000,200000,2000000,2.718,2.718281828,23456.78,54321.9876,&#039;67890&#039;,&#039;测试数据&#039;,&#039;Test Data&#039;,DATE(&#039;2024-02-20&#039;) ,FALSE,X&#039;576F726C64&#039;,
3,  -- 匹配A表a_id=3
&#039;张四&#039;,&#039;zhangsan2@example.com&#039;,FALSE
),
(    3,50,5000,50000,500000,1.414,1.414213562,34567.89,12345.6789,&#039;99999&#039;,&#039;示例数据&#039;,&#039;Sample Data&#039;,DATE(&#039;2024-03-10&#039;) ,TRUE,X&#039;537061726B&#039;,
5,&#039;李四&#039;,  -- 匹配A表a_name = &#039;李四&#039;
&#039;lisi@example.com&#039;,TRUE
);","1. 进入「资产-数据质量-规则集管理-基础信息」页面
2. 「选择数据源」选择「${DATASOURCE}」
「选择数据库」选择「${DATABASE}」
「选择数据表」选择「${TABLE}」
「规则包名称」填写「合理性-多表字段值对比」
3. 点击「新增规则包」-「合理性-多表字段值对比」，点击【添加规则-合理性校验】
4. 「监控规则」配置如下：
子规则一：
「字段」：「 field_bigint」
「统计函数」：「 多表字段值对比」
「校验表主键」：「id」
「关联表1」：「 B」，「关联表1主键」：「 id」
「计算逻辑配置1」：「A.field_bigint*B.field_tinyint」
「对比方法」：「计算结果值判断」
「结果值」：「>=1或<=10000」
「强弱规则」选择「弱规则」
「规则描述」输入「测试规则」
子规则二：
「字段」：「 field_bigint」
「统计函数」：「 多表字段值对比」
「校验表主键」：「id」
「关联表1」：「 B」，「关联表1主键」：「 id」
「计算逻辑配置1」：「（A.field_bigint+B.string_number）*A.field_bigint」
「对比方法」：「计算结果值判断」
「结果值」：「>=10且<20」
「强弱规则」选择「弱规则」
「规则描述」输入「测试规则」
5. 点击【保存】按钮
6. 进入「规则任务管理-监控对象」页面
7. 「规则名称」输入「test_rule」
「选择数据源」选择「${DATASOURCE}」
「选择数据库」选择「${DATABASE}」
「选择数据表」选择「${TABLE}」
8. 引入规则包「合理性-多表字段值对比」，点击「下一步」按钮
9. 配置「调度属性」，保存规则，且「调度属性」中配置「规则报告」为最新结果
10. 临时运行规则，查看实例详情","1. 页面正常打开
2. 基础信息配置成功；
进入「监控规则」配置页
3. 选择成功，页面显示「合理性校验」规则配置区域
4. 监控规则配置完成
5. 规则保存成功
6. 页面正常打开
7. 监控对象配置成功；
进入「监控规则」配置页
8. 引入正确，规则内容置灰，进入「调度属性」
9. 规则保存成功
10. 实例中子规则一结果通过，子规则二结果不通过，且实例详情展示正确","1. 
2. 
3. 
4. 
5. 
6. 
7. 
8. 
9. 
10.","","2","功能测试","功能测试阶段","正常","0","2","10","通过","听筠","2026-04-09","","0000-00-00","1","",""
"183209","数据资产_STD(#23)","/版本迭代测试用例/v6.4.10/【内置规则丰富】合理性，多表，字段大小对比以及字段计算逻辑对比(#10452)","【岚图】【内置规则丰富】合理性，多表，字段大小对比以及字段计算逻辑对比(#15530)","验证「监控规则」-「合理性校验」-「多表字段值对比」-「计算结果值判断」-「int/integer类型」校验功能","已存在表A：
CREATE TABLE IF NOT EXISTS lantu_test.A (
--数值型
field_tinyint TINYINT COMMENT &#039;TINYINT类型&#039;,
field_smallint SMALLINT COMMENT &#039;SMALLINT类型&#039;,
field_int INT COMMENT &#039;INT类型&#039;,
field_integer INTEGER COMMENT &#039;INTEGER类型&#039;,
field_bigint BIGINT COMMENT &#039;BIGINT类型&#039;,
field_float FLOAT COMMENT &#039;FLOAT类型&#039;,
field_double DOUBLE COMMENT &#039;DOUBLE类型&#039;,
field_decimal DECIMAL(10, 2) COMMENT &#039;DECIMAL类型&#039;,
field_numeric NUMERIC(15, 4) COMMENT &#039;NUMERIC类型&#039;,
-- STRING类型
string_number STRING COMMENT &#039;数字字符串&#039;,
string_chinese STRING COMMENT &#039;中文字符串&#039;,
string_english STRING COMMENT &#039;英文字符串&#039;,
field_date DATE COMMENT &#039;日期&#039;,
field_boolean BOOLEAN COMMENT &#039;布尔类型&#039;,
field_binary BINARY COMMENT &#039;二进制类型&#039;,
id INT COMMENT &#039;ID&#039;,
user_name STRING COMMENT &#039;用户名&#039;,
age TINYINT COMMENT &#039;年龄&#039;,
phone BIGINT COMMENT &#039;手机号&#039;,
email STRING COMMENT &#039;邮箱&#039;,
salary DECIMAL(10, 2) COMMENT &#039;薪资&#039;,
is_active BOOLEAN COMMENT &#039;是否激活&#039;,
address STRING COMMENT &#039;地址&#039;,
score FLOAT COMMENT &#039;评分&#039;,
total_amount DOUBLE COMMENT &#039;总金额&#039;
) COMMENT &#039;测试表A&#039;;
INSERT INTO lantu_test.A VALUES
(
1, 100, 10000, 100000, 1000000, 3.14, 3.1415926535,
12345.67, 98765.4321, &#039;12345&#039;, &#039;你好世界&#039;, &#039;Hello World&#039;,
DATE(&#039;2024-01-15&#039;), TRUE, X&#039;48656C6C6F&#039;, 1, &#039;张三&#039;, 25, 13812345678,
&#039;zhangsan@example.com&#039;, 8500.00, TRUE, &#039;北京市朝阳区&#039;, 4.8, 99999.99
),
(
2, 200, 20000, 200000, 2000000, 2.718, 2.718281828,
23456.78, 54321.9876, &#039;67890&#039;, &#039;测试数据&#039;, &#039;Test Data&#039;,
DATE(&#039;2024-02-20&#039;), FALSE, X&#039;576F726C64&#039;, 2, &#039;李四&#039;, 30, 13987654321,
&#039;lisi@example.com&#039;, 12000.00, FALSE, &#039;上海市浦东新区&#039;, 4.2, 150000.00
),
(
3, 50, 5000, 50000, 500000, 1.414, 1.414213562,
34567.89, 12345.6789, &#039;99999&#039;, &#039;示例数据&#039;, &#039;Sample Data&#039;,
DATE(&#039;2024-03-10&#039;), TRUE, X&#039;537061726B&#039;, 3, &#039;王五&#039;, 28, 13711223344,
&#039;wangwu@example.com&#039;, 9500.00, TRUE, &#039;广州市天河区&#039;, 4.5, 88000.00
);

表B：
CREATE TABLE IF NOT EXISTS lantu_test.B(
--数值型
field_tinyint TINYINT COMMENT &#039;TINYINT类型&#039;,
field_smallint SMALLINT COMMENT &#039;SMALLINT类型&#039;,
field_int INT COMMENT &#039;INT类型&#039;,
field_integer INTEGER COMMENT &#039;INTEGER类型&#039;,
field_bigint BIGINT COMMENT &#039;BIGINT类型&#039;,
field_float FLOAT COMMENT &#039;FLOAT类型&#039;,
field_double DOUBLE COMMENT &#039;DOUBLE类型&#039;,
field_decimal DECIMAL(10, 2) COMMENT &#039;DECIMAL类型&#039;,
field_numeric NUMERIC(15, 4) COMMENT &#039;NUMERIC类型&#039;,
-- STRING类型
string_number STRING COMMENT &#039;数字字符串&#039;,
string_chinese STRING COMMENT &#039;中文字符串&#039;,
string_english STRING COMMENT &#039;英文字符串&#039;,
field_date DATE COMMENT &#039;日期&#039;,
field_boolean BOOLEAN COMMENT &#039;布尔类型&#039;,
field_binary BINARY COMMENT &#039;二进制类型&#039;,
b_id INT COMMENT &#039;ID&#039;,
b_name STRING COMMENT &#039;用户名&#039;,
email STRING COMMENT &#039;邮箱&#039;,
is_active BOOLEAN COMMENT &#039;是否激活&#039;
) COMMENT &#039;测试表B&#039;;
INSERT INTO lantu_test.B VALUES
(
1,100,10000,100000,1000000,3.14,3.1415926535,12345.67,98765.4321,&#039;12345&#039;,&#039;你好世界&#039;,&#039;Hello World&#039;,DATE(&#039;2024-01-15&#039;) ,TRUE,X&#039;48656C6C6F&#039;,
1,  -- 匹配A表a_id=1
&#039;张三&#039;,  -- 匹配A表a_name = &#039;张三&#039;
&#039;zhangsan@example.com&#039;,TRUE
),
(
2,200,20000,200000,2000000,2.718,2.718281828,23456.78,54321.9876,&#039;67890&#039;,&#039;测试数据&#039;,&#039;Test Data&#039;,DATE(&#039;2024-02-20&#039;) ,FALSE,X&#039;576F726C64&#039;,
3,  -- 匹配A表a_id=3
&#039;张四&#039;,&#039;zhangsan2@example.com&#039;,FALSE
),
(    3,50,5000,50000,500000,1.414,1.414213562,34567.89,12345.6789,&#039;99999&#039;,&#039;示例数据&#039;,&#039;Sample Data&#039;,DATE(&#039;2024-03-10&#039;) ,TRUE,X&#039;537061726B&#039;,
5,&#039;李四&#039;,  -- 匹配A表a_name = &#039;李四&#039;
&#039;lisi@example.com&#039;,TRUE
);","1. 进入「资产-数据质量-规则集管理-基础信息」页面
2. 「选择数据源」选择「${DATASOURCE}」
「选择数据库」选择「${DATABASE}」
「选择数据表」选择「${TABLE}」
「规则包名称」填写「合理性-多表字段值对比」
3. 点击「新增规则包」-「合理性-多表字段值对比」，点击【添加规则-合理性校验】
4. 「监控规则」配置如下：
子规则一：
「字段」：「 field_int」
「统计函数」：「 多表字段值对比」
「校验表主键」：「id」
「关联表1」：「 B」，「关联表1主键」：「 id」
「计算逻辑配置1」：「A.field_int+B.field_tinyint」
「对比方法」：「计算结果值判断」
「结果值」：「>=1或<=10000」
「强弱规则」选择「弱规则」
「规则描述」输入「测试规则」
子规则二：
「字段」：「 field_integer」
「统计函数」：「 多表字段值对比」
「校验表主键」：「id」
「关联表1」：「 B」，「关联表1主键」：「 id」
「计算逻辑配置1」：「（A.field_integer+B.field_smallint）*A.field_integer」
「对比方法」：「计算结果值判断」
「结果值」：「>1000且<1001」
「强弱规则」选择「弱规则」
「规则描述」输入「测试规则」
5. 点击【保存】按钮
6. 进入「规则任务管理-监控对象」页面
7. 「规则名称」输入「test_rule」
「选择数据源」选择「${DATASOURCE}」
「选择数据库」选择「${DATABASE}」
「选择数据表」选择「${TABLE}」
8. 引入规则包「合理性-多表字段值对比」，点击「下一步」按钮
9. 配置「调度属性」，保存规则，且「调度属性」中配置「规则报告」为最新结果
10. 临时运行规则，查看实例详情","1. 页面正常打开
2. 基础信息配置成功；
进入「监控规则」配置页
3. 选择成功，页面显示「合理性校验」规则配置区域
4. 监控规则配置完成
5. 规则保存成功
6. 页面正常打开
7. 监控对象配置成功；
进入「监控规则」配置页
8. 引入正确，规则内容置灰，进入「调度属性」
9. 规则保存成功
10. 实例中子规则一结果通过，子规则二结果不通过，且实例详情展示正确","1. 
2. 
3. 
4. 
5. 
6. 
7. 
8. 
9. 
10.","","2","功能测试","功能测试阶段","正常","0","2","10","通过","听筠","2026-04-09","","0000-00-00","1","",""
"183208","数据资产_STD(#23)","/版本迭代测试用例/v6.4.10/【内置规则丰富】合理性，多表，字段大小对比以及字段计算逻辑对比(#10452)","【岚图】【内置规则丰富】合理性，多表，字段大小对比以及字段计算逻辑对比(#15530)","验证「监控规则」-「合理性校验」-「多表字段值对比」-「计算结果值判断」-「smallint类型」校验功能","已存在表A：
CREATE TABLE IF NOT EXISTS lantu_test.A (
--数值型
field_tinyint TINYINT COMMENT &#039;TINYINT类型&#039;,
field_smallint SMALLINT COMMENT &#039;SMALLINT类型&#039;,
field_int INT COMMENT &#039;INT类型&#039;,
field_integer INTEGER COMMENT &#039;INTEGER类型&#039;,
field_bigint BIGINT COMMENT &#039;BIGINT类型&#039;,
field_float FLOAT COMMENT &#039;FLOAT类型&#039;,
field_double DOUBLE COMMENT &#039;DOUBLE类型&#039;,
field_decimal DECIMAL(10, 2) COMMENT &#039;DECIMAL类型&#039;,
field_numeric NUMERIC(15, 4) COMMENT &#039;NUMERIC类型&#039;,
-- STRING类型
string_number STRING COMMENT &#039;数字字符串&#039;,
string_chinese STRING COMMENT &#039;中文字符串&#039;,
string_english STRING COMMENT &#039;英文字符串&#039;,
field_date DATE COMMENT &#039;日期&#039;,
field_boolean BOOLEAN COMMENT &#039;布尔类型&#039;,
field_binary BINARY COMMENT &#039;二进制类型&#039;,
id INT COMMENT &#039;ID&#039;,
user_name STRING COMMENT &#039;用户名&#039;,
age TINYINT COMMENT &#039;年龄&#039;,
phone BIGINT COMMENT &#039;手机号&#039;,
email STRING COMMENT &#039;邮箱&#039;,
salary DECIMAL(10, 2) COMMENT &#039;薪资&#039;,
is_active BOOLEAN COMMENT &#039;是否激活&#039;,
address STRING COMMENT &#039;地址&#039;,
score FLOAT COMMENT &#039;评分&#039;,
total_amount DOUBLE COMMENT &#039;总金额&#039;
) COMMENT &#039;测试表A&#039;;
INSERT INTO lantu_test.A VALUES
(
1, 100, 10000, 100000, 1000000, 3.14, 3.1415926535,
12345.67, 98765.4321, &#039;12345&#039;, &#039;你好世界&#039;, &#039;Hello World&#039;,
DATE(&#039;2024-01-15&#039;), TRUE, X&#039;48656C6C6F&#039;, 1, &#039;张三&#039;, 25, 13812345678,
&#039;zhangsan@example.com&#039;, 8500.00, TRUE, &#039;北京市朝阳区&#039;, 4.8, 99999.99
),
(
2, 200, 20000, 200000, 2000000, 2.718, 2.718281828,
23456.78, 54321.9876, &#039;67890&#039;, &#039;测试数据&#039;, &#039;Test Data&#039;,
DATE(&#039;2024-02-20&#039;), FALSE, X&#039;576F726C64&#039;, 2, &#039;李四&#039;, 30, 13987654321,
&#039;lisi@example.com&#039;, 12000.00, FALSE, &#039;上海市浦东新区&#039;, 4.2, 150000.00
),
(
3, 50, 5000, 50000, 500000, 1.414, 1.414213562,
34567.89, 12345.6789, &#039;99999&#039;, &#039;示例数据&#039;, &#039;Sample Data&#039;,
DATE(&#039;2024-03-10&#039;), TRUE, X&#039;537061726B&#039;, 3, &#039;王五&#039;, 28, 13711223344,
&#039;wangwu@example.com&#039;, 9500.00, TRUE, &#039;广州市天河区&#039;, 4.5, 88000.00
);

表B：
CREATE TABLE IF NOT EXISTS lantu_test.B(
--数值型
field_tinyint TINYINT COMMENT &#039;TINYINT类型&#039;,
field_smallint SMALLINT COMMENT &#039;SMALLINT类型&#039;,
field_int INT COMMENT &#039;INT类型&#039;,
field_integer INTEGER COMMENT &#039;INTEGER类型&#039;,
field_bigint BIGINT COMMENT &#039;BIGINT类型&#039;,
field_float FLOAT COMMENT &#039;FLOAT类型&#039;,
field_double DOUBLE COMMENT &#039;DOUBLE类型&#039;,
field_decimal DECIMAL(10, 2) COMMENT &#039;DECIMAL类型&#039;,
field_numeric NUMERIC(15, 4) COMMENT &#039;NUMERIC类型&#039;,
-- STRING类型
string_number STRING COMMENT &#039;数字字符串&#039;,
string_chinese STRING COMMENT &#039;中文字符串&#039;,
string_english STRING COMMENT &#039;英文字符串&#039;,
field_date DATE COMMENT &#039;日期&#039;,
field_boolean BOOLEAN COMMENT &#039;布尔类型&#039;,
field_binary BINARY COMMENT &#039;二进制类型&#039;,
b_id INT COMMENT &#039;ID&#039;,
b_name STRING COMMENT &#039;用户名&#039;,
email STRING COMMENT &#039;邮箱&#039;,
is_active BOOLEAN COMMENT &#039;是否激活&#039;
) COMMENT &#039;测试表B&#039;;
INSERT INTO lantu_test.B VALUES
(
1,100,10000,100000,1000000,3.14,3.1415926535,12345.67,98765.4321,&#039;12345&#039;,&#039;你好世界&#039;,&#039;Hello World&#039;,DATE(&#039;2024-01-15&#039;) ,TRUE,X&#039;48656C6C6F&#039;,
1,  -- 匹配A表a_id=1
&#039;张三&#039;,  -- 匹配A表a_name = &#039;张三&#039;
&#039;zhangsan@example.com&#039;,TRUE
),
(
2,200,20000,200000,2000000,2.718,2.718281828,23456.78,54321.9876,&#039;67890&#039;,&#039;测试数据&#039;,&#039;Test Data&#039;,DATE(&#039;2024-02-20&#039;) ,FALSE,X&#039;576F726C64&#039;,
3,  -- 匹配A表a_id=3
&#039;张四&#039;,&#039;zhangsan2@example.com&#039;,FALSE
),
(    3,50,5000,50000,500000,1.414,1.414213562,34567.89,12345.6789,&#039;99999&#039;,&#039;示例数据&#039;,&#039;Sample Data&#039;,DATE(&#039;2024-03-10&#039;) ,TRUE,X&#039;537061726B&#039;,
5,&#039;李四&#039;,  -- 匹配A表a_name = &#039;李四&#039;
&#039;lisi@example.com&#039;,TRUE
);","1. 进入「资产-数据质量-规则集管理-基础信息」页面
2. 「选择数据源」选择「${DATASOURCE}」
「选择数据库」选择「${DATABASE}」
「选择数据表」选择「${TABLE}」
「规则包名称」填写「合理性-多表字段值对比」
3. 点击「新增规则包」-「合理性-多表字段值对比」，点击【添加规则-合理性校验】
4. 「监控规则」配置如下：
子规则一：
「字段」：「 field_smallint」
「统计函数」：「 多表字段值对比」
「校验表主键」：「id」
「关联表1」：「 B」，「关联表1主键」：「 id」
「计算逻辑配置1」：「A.field_smallint+B.field_int」
「对比方法」：「计算结果值判断」
「结果值」：「>=1或<100000000」
「强弱规则」选择「弱规则」
「规则描述」输入「测试规则」
子规则二：
「字段」：「 field_smallint」
「统计函数」：「 多表字段值对比」
「校验表主键」：「id」
「关联表1」：「 B」，「关联表1主键」：「 id」
「计算逻辑配置1」：「（A.field_smallint+B.field_smallint）*A.field_smallint」
「对比方法」：「计算结果值判断」
「结果值」：「>=1000000000」
「强弱规则」选择「弱规则」
「规则描述」输入「测试规则」
5. 点击【保存】按钮
6. 进入「规则任务管理-监控对象」页面
7. 「规则名称」输入「test_rule」
「选择数据源」选择「${DATASOURCE}」
「选择数据库」选择「${DATABASE}」
「选择数据表」选择「${TABLE}」
8. 引入规则包「合理性-多表字段值对比」，点击「下一步」按钮
9. 配置「调度属性」，保存规则，且「调度属性」中配置「规则报告」为最新结果
10. 临时运行规则，查看实例详情","1. 页面正常打开
2. 基础信息配置成功；
进入「监控规则」配置页
3. 选择成功，页面显示「合理性校验」规则配置区域
4. 监控规则配置完成
5. 规则保存成功
6. 页面正常打开
7. 监控对象配置成功；
进入「监控规则」配置页
8. 引入正确，规则内容置灰，进入「调度属性」
9. 规则保存成功
10. 实例中子规则一结果通过，子规则二结果不通过，且实例详情展示正确","1. 
2. 
3. 
4. 
5. 
6. 
7. 
8. 
9. 
10.","","2","功能测试","功能测试阶段","正常","0","1","10","通过","听筠","2026-04-09","","0000-00-00","1","",""
"183207","数据资产_STD(#23)","/版本迭代测试用例/v6.4.10/【内置规则丰富】合理性，多表，字段大小对比以及字段计算逻辑对比(#10452)","【岚图】【内置规则丰富】合理性，多表，字段大小对比以及字段计算逻辑对比(#15530)","验证「监控规则」-「合理性校验」-「多表字段值对比」-「计算结果值判断」-「tinyint类型」校验功能","已存在表A：
CREATE TABLE IF NOT EXISTS lantu_test.A (
--数值型
field_tinyint TINYINT COMMENT &#039;TINYINT类型&#039;,
field_smallint SMALLINT COMMENT &#039;SMALLINT类型&#039;,
field_int INT COMMENT &#039;INT类型&#039;,
field_integer INTEGER COMMENT &#039;INTEGER类型&#039;,
field_bigint BIGINT COMMENT &#039;BIGINT类型&#039;,
field_float FLOAT COMMENT &#039;FLOAT类型&#039;,
field_double DOUBLE COMMENT &#039;DOUBLE类型&#039;,
field_decimal DECIMAL(10, 2) COMMENT &#039;DECIMAL类型&#039;,
field_numeric NUMERIC(15, 4) COMMENT &#039;NUMERIC类型&#039;,
-- STRING类型
string_number STRING COMMENT &#039;数字字符串&#039;,
string_chinese STRING COMMENT &#039;中文字符串&#039;,
string_english STRING COMMENT &#039;英文字符串&#039;,
field_date DATE COMMENT &#039;日期&#039;,
field_boolean BOOLEAN COMMENT &#039;布尔类型&#039;,
field_binary BINARY COMMENT &#039;二进制类型&#039;,
id INT COMMENT &#039;ID&#039;,
user_name STRING COMMENT &#039;用户名&#039;,
age TINYINT COMMENT &#039;年龄&#039;,
phone BIGINT COMMENT &#039;手机号&#039;,
email STRING COMMENT &#039;邮箱&#039;,
salary DECIMAL(10, 2) COMMENT &#039;薪资&#039;,
is_active BOOLEAN COMMENT &#039;是否激活&#039;,
address STRING COMMENT &#039;地址&#039;,
score FLOAT COMMENT &#039;评分&#039;,
total_amount DOUBLE COMMENT &#039;总金额&#039;
) COMMENT &#039;测试表A&#039;;
INSERT INTO lantu_test.A VALUES
(
1, 100, 10000, 100000, 1000000, 3.14, 3.1415926535,
12345.67, 98765.4321, &#039;12345&#039;, &#039;你好世界&#039;, &#039;Hello World&#039;,
DATE(&#039;2024-01-15&#039;), TRUE, X&#039;48656C6C6F&#039;, 1, &#039;张三&#039;, 25, 13812345678,
&#039;zhangsan@example.com&#039;, 8500.00, TRUE, &#039;北京市朝阳区&#039;, 4.8, 99999.99
),
(
2, 200, 20000, 200000, 2000000, 2.718, 2.718281828,
23456.78, 54321.9876, &#039;67890&#039;, &#039;测试数据&#039;, &#039;Test Data&#039;,
DATE(&#039;2024-02-20&#039;), FALSE, X&#039;576F726C64&#039;, 2, &#039;李四&#039;, 30, 13987654321,
&#039;lisi@example.com&#039;, 12000.00, FALSE, &#039;上海市浦东新区&#039;, 4.2, 150000.00
),
(
3, 50, 5000, 50000, 500000, 1.414, 1.414213562,
34567.89, 12345.6789, &#039;99999&#039;, &#039;示例数据&#039;, &#039;Sample Data&#039;,
DATE(&#039;2024-03-10&#039;), TRUE, X&#039;537061726B&#039;, 3, &#039;王五&#039;, 28, 13711223344,
&#039;wangwu@example.com&#039;, 9500.00, TRUE, &#039;广州市天河区&#039;, 4.5, 88000.00
);

表B：
CREATE TABLE IF NOT EXISTS lantu_test.B(
--数值型
field_tinyint TINYINT COMMENT &#039;TINYINT类型&#039;,
field_smallint SMALLINT COMMENT &#039;SMALLINT类型&#039;,
field_int INT COMMENT &#039;INT类型&#039;,
field_integer INTEGER COMMENT &#039;INTEGER类型&#039;,
field_bigint BIGINT COMMENT &#039;BIGINT类型&#039;,
field_float FLOAT COMMENT &#039;FLOAT类型&#039;,
field_double DOUBLE COMMENT &#039;DOUBLE类型&#039;,
field_decimal DECIMAL(10, 2) COMMENT &#039;DECIMAL类型&#039;,
field_numeric NUMERIC(15, 4) COMMENT &#039;NUMERIC类型&#039;,
-- STRING类型
string_number STRING COMMENT &#039;数字字符串&#039;,
string_chinese STRING COMMENT &#039;中文字符串&#039;,
string_english STRING COMMENT &#039;英文字符串&#039;,
field_date DATE COMMENT &#039;日期&#039;,
field_boolean BOOLEAN COMMENT &#039;布尔类型&#039;,
field_binary BINARY COMMENT &#039;二进制类型&#039;,
b_id INT COMMENT &#039;ID&#039;,
b_name STRING COMMENT &#039;用户名&#039;,
email STRING COMMENT &#039;邮箱&#039;,
is_active BOOLEAN COMMENT &#039;是否激活&#039;
) COMMENT &#039;测试表B&#039;;
INSERT INTO lantu_test.B VALUES
(
1,100,10000,100000,1000000,3.14,3.1415926535,12345.67,98765.4321,&#039;12345&#039;,&#039;你好世界&#039;,&#039;Hello World&#039;,DATE(&#039;2024-01-15&#039;) ,TRUE,X&#039;48656C6C6F&#039;,
1,  -- 匹配A表a_id=1
&#039;张三&#039;,  -- 匹配A表a_name = &#039;张三&#039;
&#039;zhangsan@example.com&#039;,TRUE
),
(
2,200,20000,200000,2000000,2.718,2.718281828,23456.78,54321.9876,&#039;67890&#039;,&#039;测试数据&#039;,&#039;Test Data&#039;,DATE(&#039;2024-02-20&#039;) ,FALSE,X&#039;576F726C64&#039;,
3,  -- 匹配A表a_id=3
&#039;张四&#039;,&#039;zhangsan2@example.com&#039;,FALSE
),
(    3,50,5000,50000,500000,1.414,1.414213562,34567.89,12345.6789,&#039;99999&#039;,&#039;示例数据&#039;,&#039;Sample Data&#039;,DATE(&#039;2024-03-10&#039;) ,TRUE,X&#039;537061726B&#039;,
5,&#039;李四&#039;,  -- 匹配A表a_name = &#039;李四&#039;
&#039;lisi@example.com&#039;,TRUE
);","1. 进入「资产-数据质量-规则集管理-基础信息」页面
2. 「选择数据源」选择「${DATASOURCE}」
「选择数据库」选择「${DATABASE}」
「选择数据表」选择「${TABLE}」
「规则包名称」填写「合理性-多表字段值对比」
3. 点击「新增规则包」-「合理性-多表字段值对比」，点击【添加规则-合理性校验】
4. 「监控规则」配置如下：
子规则一：
「字段」：「 field_tinyint」
「统计函数」：「 多表字段值对比」
「校验表主键」：「id」
「关联表1」：「 B」，「关联表1主键」：「 id」
「计算逻辑配置1」：「A.field_tinyint+B.field_smallint」
「对比方法」：「计算结果值判断」
「结果值」：「>=1或<=10000」
「强弱规则」选择「弱规则」
「规则描述」输入「测试规则」
子规则二：
「字段」：「 field_tinyint」
「统计函数」：「 多表字段值对比」
「校验表主键」：「id」
「关联表1」：「 B」，「关联表1主键」：「 id」
「计算逻辑配置1」：「（A.field_tinyint+B.field_smallint）*A.field_tinyint」
「对比方法」：「计算结果值判断」
「结果值」：「>1且=10000」
「强弱规则」选择「弱规则」
「规则描述」输入「测试规则」
5. 点击【保存】按钮
6. 进入「规则任务管理-监控对象」页面
7. 「规则名称」输入「test_rule」
「选择数据源」选择「${DATASOURCE}」
「选择数据库」选择「${DATABASE}」
「选择数据表」选择「${TABLE}」
8. 引入规则包「合理性-多表字段值对比」，点击「下一步」按钮
9. 配置「调度属性」，保存规则，且「调度属性」中配置「规则报告」为最新结果
10. 临时运行规则，查看实例详情","1. 页面正常打开
2. 基础信息配置成功；
进入「监控规则」配置页
3. 选择成功，页面显示「合理性校验」规则配置区域
4. 监控规则配置完成
5. 规则保存成功
6. 页面正常打开
7. 监控对象配置成功；
进入「监控规则」配置页
8. 引入正确，规则内容置灰，进入「调度属性」
9. 规则保存成功
10. 实例中子规则一结果通过，子规则二结果不通过，且实例详情展示正确","1. 
2. 
3. 
4. 
5. 
6. 
7. 
8. 
9. 
10.","","2","功能测试","功能测试阶段","正常","0","1","10","通过","听筠","2026-04-09","","0000-00-00","1","",""
"183206","数据资产_STD(#23)","/版本迭代测试用例/v6.4.10/【内置规则丰富】合理性，多表，字段大小对比以及字段计算逻辑对比(#10452)","【岚图】【内置规则丰富】合理性，多表，字段大小对比以及字段计算逻辑对比(#15530)","验证「监控规则」-「合理性校验」-「多表字段值对比」-「计算结果对比」-「string类型」校验功能","已存在表A：
CREATE TABLE IF NOT EXISTS lantu_test.A (
--数值型
field_tinyint TINYINT COMMENT &#039;TINYINT类型&#039;,
field_smallint SMALLINT COMMENT &#039;SMALLINT类型&#039;,
field_int INT COMMENT &#039;INT类型&#039;,
field_integer INTEGER COMMENT &#039;INTEGER类型&#039;,
field_bigint BIGINT COMMENT &#039;BIGINT类型&#039;,
field_float FLOAT COMMENT &#039;FLOAT类型&#039;,
field_double DOUBLE COMMENT &#039;DOUBLE类型&#039;,
field_decimal DECIMAL(10, 2) COMMENT &#039;DECIMAL类型&#039;,
field_numeric NUMERIC(15, 4) COMMENT &#039;NUMERIC类型&#039;,
-- STRING类型
string_number STRING COMMENT &#039;数字字符串&#039;,
string_chinese STRING COMMENT &#039;中文字符串&#039;,
string_english STRING COMMENT &#039;英文字符串&#039;,
field_date DATE COMMENT &#039;日期&#039;,
field_boolean BOOLEAN COMMENT &#039;布尔类型&#039;,
field_binary BINARY COMMENT &#039;二进制类型&#039;,
id INT COMMENT &#039;ID&#039;,
user_name STRING COMMENT &#039;用户名&#039;,
age TINYINT COMMENT &#039;年龄&#039;,
phone BIGINT COMMENT &#039;手机号&#039;,
email STRING COMMENT &#039;邮箱&#039;,
salary DECIMAL(10, 2) COMMENT &#039;薪资&#039;,
is_active BOOLEAN COMMENT &#039;是否激活&#039;,
address STRING COMMENT &#039;地址&#039;,
score FLOAT COMMENT &#039;评分&#039;,
total_amount DOUBLE COMMENT &#039;总金额&#039;
) COMMENT &#039;测试表A&#039;;
INSERT INTO lantu_test.A VALUES
(
1, 100, 10000, 100000, 1000000, 3.14, 3.1415926535,
12345.67, 98765.4321, &#039;12345&#039;, &#039;你好世界&#039;, &#039;Hello World&#039;,
DATE(&#039;2024-01-15&#039;), TRUE, X&#039;48656C6C6F&#039;, 1, &#039;张三&#039;, 25, 13812345678,
&#039;zhangsan@example.com&#039;, 8500.00, TRUE, &#039;北京市朝阳区&#039;, 4.8, 99999.99
),
(
2, 200, 20000, 200000, 2000000, 2.718, 2.718281828,
23456.78, 54321.9876, &#039;67890&#039;, &#039;测试数据&#039;, &#039;Test Data&#039;,
DATE(&#039;2024-02-20&#039;), FALSE, X&#039;576F726C64&#039;, 2, &#039;李四&#039;, 30, 13987654321,
&#039;lisi@example.com&#039;, 12000.00, FALSE, &#039;上海市浦东新区&#039;, 4.2, 150000.00
),
(
3, 50, 5000, 50000, 500000, 1.414, 1.414213562,
34567.89, 12345.6789, &#039;99999&#039;, &#039;示例数据&#039;, &#039;Sample Data&#039;,
DATE(&#039;2024-03-10&#039;), TRUE, X&#039;537061726B&#039;, 3, &#039;王五&#039;, 28, 13711223344,
&#039;wangwu@example.com&#039;, 9500.00, TRUE, &#039;广州市天河区&#039;, 4.5, 88000.00
);

表B：
CREATE TABLE IF NOT EXISTS lantu_test.B(
--数值型
field_tinyint TINYINT COMMENT &#039;TINYINT类型&#039;,
field_smallint SMALLINT COMMENT &#039;SMALLINT类型&#039;,
field_int INT COMMENT &#039;INT类型&#039;,
field_integer INTEGER COMMENT &#039;INTEGER类型&#039;,
field_bigint BIGINT COMMENT &#039;BIGINT类型&#039;,
field_float FLOAT COMMENT &#039;FLOAT类型&#039;,
field_double DOUBLE COMMENT &#039;DOUBLE类型&#039;,
field_decimal DECIMAL(10, 2) COMMENT &#039;DECIMAL类型&#039;,
field_numeric NUMERIC(15, 4) COMMENT &#039;NUMERIC类型&#039;,
-- STRING类型
string_number STRING COMMENT &#039;数字字符串&#039;,
string_chinese STRING COMMENT &#039;中文字符串&#039;,
string_english STRING COMMENT &#039;英文字符串&#039;,
field_date DATE COMMENT &#039;日期&#039;,
field_boolean BOOLEAN COMMENT &#039;布尔类型&#039;,
field_binary BINARY COMMENT &#039;二进制类型&#039;,
b_id INT COMMENT &#039;ID&#039;,
b_name STRING COMMENT &#039;用户名&#039;,
email STRING COMMENT &#039;邮箱&#039;,
is_active BOOLEAN COMMENT &#039;是否激活&#039;
) COMMENT &#039;测试表B&#039;;
INSERT INTO lantu_test.B VALUES
(
1,100,10000,100000,1000000,3.14,3.1415926535,12345.67,98765.4321,&#039;12345&#039;,&#039;你好世界&#039;,&#039;Hello World&#039;,DATE(&#039;2024-01-15&#039;) ,TRUE,X&#039;48656C6C6F&#039;,
1,  -- 匹配A表a_id=1
&#039;张三&#039;,  -- 匹配A表a_name = &#039;张三&#039;
&#039;zhangsan@example.com&#039;,TRUE
),
(
2,200,20000,200000,2000000,2.718,2.718281828,23456.78,54321.9876,&#039;67890&#039;,&#039;测试数据&#039;,&#039;Test Data&#039;,DATE(&#039;2024-02-20&#039;) ,FALSE,X&#039;576F726C64&#039;,
3,  -- 匹配A表a_id=3
&#039;张四&#039;,&#039;zhangsan2@example.com&#039;,FALSE
),
(    3,50,5000,50000,500000,1.414,1.414213562,34567.89,12345.6789,&#039;99999&#039;,&#039;示例数据&#039;,&#039;Sample Data&#039;,DATE(&#039;2024-03-10&#039;) ,TRUE,X&#039;537061726B&#039;,
5,&#039;李四&#039;,  -- 匹配A表a_name = &#039;李四&#039;
&#039;lisi@example.com&#039;,TRUE
);","1. 进入「资产-数据质量-规则集管理-基础信息」页面
2. 「选择数据源」选择「${DATASOURCE}」
「选择数据库」选择「${DATABASE}」
「选择数据表」选择「${TABLE}」
「规则包名称」填写「合理性-字段值计算对比」
3. 点击「新增规则包」-「合理性-字段值计算对比」，点击【添加规则-合理性校验】
4. 「监控规则」配置如下：
子规则一：
「字段」：「 string_number」
「统计函数」：「 多表字段值对比」
「校验表主键」：「id」
「关联表1」：「 B」，「关联表1主键」：「 id」
「计算逻辑配置1」：「A.string_number*B.string_number」
「对比方法」：「计算结果对比」
「计算逻辑配置2」：「（A.string_number+B.string_number）/A.string_number」
「对比规则」：「A.string_number*B.string_number>=（A.string_number+B.string_number）/A.string_number」
「强弱规则」选择「弱规则」
「规则描述」输入「测试规则」
子规则二：
「字段」：「 string_chinese」
「统计函数」：「 多表字段值对比」
「校验表主键」：「id」
「关联表1」：「 B」，「关联表1主键」：「 id」
「计算逻辑配置1」：「A.string_chinese+B.field_numeric」
「对比方法」：「计算结果对比」
「计算逻辑配置2」：「A.field_numeric*B.string_chinese」
「对比规则」：「A.string_chinese+B.field_numeric=A.field_numeric*B.string_chinese」
5. 点击【保存】按钮
6. 进入「规则任务管理-监控对象」页面
7. 「规则名称」输入「test_rule」
「选择数据源」选择「${DATASOURCE}」
「选择数据库」选择「${DATABASE}」
「选择数据表」选择「${TABLE}」
8. 引入规则包「合理性-字段值计算对比」，点击「下一步」按钮
9. 配置「调度属性」，保存规则，且「调度属性」中配置「规则报告」为最新结果
10. 临时运行规则，查看实例详情","1. 页面正常打开
2. 基础信息配置成功；
进入「监控规则」配置页
3. 选择成功，页面显示「合理性校验」规则配置区域
4. 监控规则配置完成
5. 规则保存成功
6. 页面正常打开
7. 监控对象配置成功；
进入「监控规则」配置页
8. 引入正确，规则内容置灰，进入「调度属性」
9. 规则保存成功
10. 实例中子规则一结果通过，子规则二结果不通过，且实例详情展示正确","1. 
2. 
3. 
4. 
5. 
6. 
7. 
8. 
9. 
10.","","2","功能测试","功能测试阶段","正常","0","2","10","通过","听筠","2026-04-09","","0000-00-00","1","",""
"183205","数据资产_STD(#23)","/版本迭代测试用例/v6.4.10/【内置规则丰富】合理性，多表，字段大小对比以及字段计算逻辑对比(#10452)","【岚图】【内置规则丰富】合理性，多表，字段大小对比以及字段计算逻辑对比(#15530)","验证「监控规则」-「合理性校验」-「多表字段值对比」-「计算结果对比」-「decimal/numeric类型」校验功能","已存在表A：
CREATE TABLE IF NOT EXISTS lantu_test.A (
--数值型
field_tinyint TINYINT COMMENT &#039;TINYINT类型&#039;,
field_smallint SMALLINT COMMENT &#039;SMALLINT类型&#039;,
field_int INT COMMENT &#039;INT类型&#039;,
field_integer INTEGER COMMENT &#039;INTEGER类型&#039;,
field_bigint BIGINT COMMENT &#039;BIGINT类型&#039;,
field_float FLOAT COMMENT &#039;FLOAT类型&#039;,
field_double DOUBLE COMMENT &#039;DOUBLE类型&#039;,
field_decimal DECIMAL(10, 2) COMMENT &#039;DECIMAL类型&#039;,
field_numeric NUMERIC(15, 4) COMMENT &#039;NUMERIC类型&#039;,
-- STRING类型
string_number STRING COMMENT &#039;数字字符串&#039;,
string_chinese STRING COMMENT &#039;中文字符串&#039;,
string_english STRING COMMENT &#039;英文字符串&#039;,
field_date DATE COMMENT &#039;日期&#039;,
field_boolean BOOLEAN COMMENT &#039;布尔类型&#039;,
field_binary BINARY COMMENT &#039;二进制类型&#039;,
id INT COMMENT &#039;ID&#039;,
user_name STRING COMMENT &#039;用户名&#039;,
age TINYINT COMMENT &#039;年龄&#039;,
phone BIGINT COMMENT &#039;手机号&#039;,
email STRING COMMENT &#039;邮箱&#039;,
salary DECIMAL(10, 2) COMMENT &#039;薪资&#039;,
is_active BOOLEAN COMMENT &#039;是否激活&#039;,
address STRING COMMENT &#039;地址&#039;,
score FLOAT COMMENT &#039;评分&#039;,
total_amount DOUBLE COMMENT &#039;总金额&#039;
) COMMENT &#039;测试表A&#039;;
INSERT INTO lantu_test.A VALUES
(
1, 100, 10000, 100000, 1000000, 3.14, 3.1415926535,
12345.67, 98765.4321, &#039;12345&#039;, &#039;你好世界&#039;, &#039;Hello World&#039;,
DATE(&#039;2024-01-15&#039;), TRUE, X&#039;48656C6C6F&#039;, 1, &#039;张三&#039;, 25, 13812345678,
&#039;zhangsan@example.com&#039;, 8500.00, TRUE, &#039;北京市朝阳区&#039;, 4.8, 99999.99
),
(
2, 200, 20000, 200000, 2000000, 2.718, 2.718281828,
23456.78, 54321.9876, &#039;67890&#039;, &#039;测试数据&#039;, &#039;Test Data&#039;,
DATE(&#039;2024-02-20&#039;), FALSE, X&#039;576F726C64&#039;, 2, &#039;李四&#039;, 30, 13987654321,
&#039;lisi@example.com&#039;, 12000.00, FALSE, &#039;上海市浦东新区&#039;, 4.2, 150000.00
),
(
3, 50, 5000, 50000, 500000, 1.414, 1.414213562,
34567.89, 12345.6789, &#039;99999&#039;, &#039;示例数据&#039;, &#039;Sample Data&#039;,
DATE(&#039;2024-03-10&#039;), TRUE, X&#039;537061726B&#039;, 3, &#039;王五&#039;, 28, 13711223344,
&#039;wangwu@example.com&#039;, 9500.00, TRUE, &#039;广州市天河区&#039;, 4.5, 88000.00
);

表B：
CREATE TABLE IF NOT EXISTS lantu_test.B(
--数值型
field_tinyint TINYINT COMMENT &#039;TINYINT类型&#039;,
field_smallint SMALLINT COMMENT &#039;SMALLINT类型&#039;,
field_int INT COMMENT &#039;INT类型&#039;,
field_integer INTEGER COMMENT &#039;INTEGER类型&#039;,
field_bigint BIGINT COMMENT &#039;BIGINT类型&#039;,
field_float FLOAT COMMENT &#039;FLOAT类型&#039;,
field_double DOUBLE COMMENT &#039;DOUBLE类型&#039;,
field_decimal DECIMAL(10, 2) COMMENT &#039;DECIMAL类型&#039;,
field_numeric NUMERIC(15, 4) COMMENT &#039;NUMERIC类型&#039;,
-- STRING类型
string_number STRING COMMENT &#039;数字字符串&#039;,
string_chinese STRING COMMENT &#039;中文字符串&#039;,
string_english STRING COMMENT &#039;英文字符串&#039;,
field_date DATE COMMENT &#039;日期&#039;,
field_boolean BOOLEAN COMMENT &#039;布尔类型&#039;,
field_binary BINARY COMMENT &#039;二进制类型&#039;,
b_id INT COMMENT &#039;ID&#039;,
b_name STRING COMMENT &#039;用户名&#039;,
email STRING COMMENT &#039;邮箱&#039;,
is_active BOOLEAN COMMENT &#039;是否激活&#039;
) COMMENT &#039;测试表B&#039;;
INSERT INTO lantu_test.B VALUES
(
1,100,10000,100000,1000000,3.14,3.1415926535,12345.67,98765.4321,&#039;12345&#039;,&#039;你好世界&#039;,&#039;Hello World&#039;,DATE(&#039;2024-01-15&#039;) ,TRUE,X&#039;48656C6C6F&#039;,
1,  -- 匹配A表a_id=1
&#039;张三&#039;,  -- 匹配A表a_name = &#039;张三&#039;
&#039;zhangsan@example.com&#039;,TRUE
),
(
2,200,20000,200000,2000000,2.718,2.718281828,23456.78,54321.9876,&#039;67890&#039;,&#039;测试数据&#039;,&#039;Test Data&#039;,DATE(&#039;2024-02-20&#039;) ,FALSE,X&#039;576F726C64&#039;,
3,  -- 匹配A表a_id=3
&#039;张四&#039;,&#039;zhangsan2@example.com&#039;,FALSE
),
(    3,50,5000,50000,500000,1.414,1.414213562,34567.89,12345.6789,&#039;99999&#039;,&#039;示例数据&#039;,&#039;Sample Data&#039;,DATE(&#039;2024-03-10&#039;) ,TRUE,X&#039;537061726B&#039;,
5,&#039;李四&#039;,  -- 匹配A表a_name = &#039;李四&#039;
&#039;lisi@example.com&#039;,TRUE
);","1. 进入「资产-数据质量-规则集管理-基础信息」页面
2. 「选择数据源」选择「${DATASOURCE}」
「选择数据库」选择「${DATABASE}」
「选择数据表」选择「${TABLE}」
「规则包名称」填写「合理性-多表字段值对比」
3. 点击「新增规则包」-「合理性-多表字段值对比」，点击【添加规则-合理性校验】
4. 「监控规则」配置如下：
子规则一：
「字段」：「 field_decimal」
「统计函数」：「 多表字段值对比」
「校验表主键」：「id」
「关联表1」：「 B」，「关联表1主键」：「 id」
「计算逻辑配置1」：「A.field_decimal*B.field_decimal」
「对比方法」：「计算结果对比」
「计算逻辑配置2」：「（A.field_decimal+B.field_decimal）/A.field_decimal」
「对比规则」：「A.field_decimal*B.field_decimal>=（A.field_decimal+B.field_decimal）/A.field_decimal」
「强弱规则」选择「弱规则」
「规则描述」输入「测试规则」
子规则二：
「字段」：「 field_numeric」
「统计函数」：「 多表字段值对比」
「校验表主键」：「id」
「关联表1」：「 B」，「关联表1主键」：「 id」
「计算逻辑配置1」：「（A.field_numeric+B.field_numeric）*A.field_numeric」
「对比方法」：「计算结果对比」
「计算逻辑配置2」：「A.field_numeric*B.field_numeric」
「对比规则」：「（A.field_numeric+B.field_numeric）*A.field_numeric<A.field_numeric*B.field_numeric」
5. 点击【保存】按钮
6. 进入「规则任务管理-监控对象」页面
7. 「规则名称」输入「test_rule」
「选择数据源」选择「${DATASOURCE}」
「选择数据库」选择「${DATABASE}」
「选择数据表」选择「${TABLE}」
8. 引入规则包「合理性-多表字段值对比」，点击「下一步」按钮
9. 配置「调度属性」，保存规则，且「调度属性」中配置「规则报告」为最新结果
10. 临时运行规则，查看实例详情","1. 页面正常打开
2. 基础信息配置成功；
进入「监控规则」配置页
3. 选择成功，页面显示「合理性校验」规则配置区域
4. 监控规则配置完成
5. 规则保存成功
6. 页面正常打开
7. 监控对象配置成功；
进入「监控规则」配置页
8. 引入正确，规则内容置灰，进入「调度属性」
9. 规则保存成功
10. 实例中子规则一结果通过，子规则二结果不通过，且实例详情展示正确","1. 
2. 
3. 
4. 
5. 
6. 
7. 
8. 
9. 
10.","","2","功能测试","功能测试阶段","正常","0","1","10","通过","听筠","2026-04-09","","0000-00-00","1","",""
"183204","数据资产_STD(#23)","/版本迭代测试用例/v6.4.10/【内置规则丰富】合理性，多表，字段大小对比以及字段计算逻辑对比(#10452)","【岚图】【内置规则丰富】合理性，多表，字段大小对比以及字段计算逻辑对比(#15530)","验证「监控规则」-「合理性校验」-「多表字段值对比」-「计算结果对比」-「double类型」校验功能","已存在表A：
CREATE TABLE IF NOT EXISTS lantu_test.A (
--数值型
field_tinyint TINYINT COMMENT &#039;TINYINT类型&#039;,
field_smallint SMALLINT COMMENT &#039;SMALLINT类型&#039;,
field_int INT COMMENT &#039;INT类型&#039;,
field_integer INTEGER COMMENT &#039;INTEGER类型&#039;,
field_bigint BIGINT COMMENT &#039;BIGINT类型&#039;,
field_float FLOAT COMMENT &#039;FLOAT类型&#039;,
field_double DOUBLE COMMENT &#039;DOUBLE类型&#039;,
field_decimal DECIMAL(10, 2) COMMENT &#039;DECIMAL类型&#039;,
field_numeric NUMERIC(15, 4) COMMENT &#039;NUMERIC类型&#039;,
-- STRING类型
string_number STRING COMMENT &#039;数字字符串&#039;,
string_chinese STRING COMMENT &#039;中文字符串&#039;,
string_english STRING COMMENT &#039;英文字符串&#039;,
field_date DATE COMMENT &#039;日期&#039;,
field_boolean BOOLEAN COMMENT &#039;布尔类型&#039;,
field_binary BINARY COMMENT &#039;二进制类型&#039;,
id INT COMMENT &#039;ID&#039;,
user_name STRING COMMENT &#039;用户名&#039;,
age TINYINT COMMENT &#039;年龄&#039;,
phone BIGINT COMMENT &#039;手机号&#039;,
email STRING COMMENT &#039;邮箱&#039;,
salary DECIMAL(10, 2) COMMENT &#039;薪资&#039;,
is_active BOOLEAN COMMENT &#039;是否激活&#039;,
address STRING COMMENT &#039;地址&#039;,
score FLOAT COMMENT &#039;评分&#039;,
total_amount DOUBLE COMMENT &#039;总金额&#039;
) COMMENT &#039;测试表A&#039;;
INSERT INTO lantu_test.A VALUES
(
1, 100, 10000, 100000, 1000000, 3.14, 3.1415926535,
12345.67, 98765.4321, &#039;12345&#039;, &#039;你好世界&#039;, &#039;Hello World&#039;,
DATE(&#039;2024-01-15&#039;), TRUE, X&#039;48656C6C6F&#039;, 1, &#039;张三&#039;, 25, 13812345678,
&#039;zhangsan@example.com&#039;, 8500.00, TRUE, &#039;北京市朝阳区&#039;, 4.8, 99999.99
),
(
2, 200, 20000, 200000, 2000000, 2.718, 2.718281828,
23456.78, 54321.9876, &#039;67890&#039;, &#039;测试数据&#039;, &#039;Test Data&#039;,
DATE(&#039;2024-02-20&#039;), FALSE, X&#039;576F726C64&#039;, 2, &#039;李四&#039;, 30, 13987654321,
&#039;lisi@example.com&#039;, 12000.00, FALSE, &#039;上海市浦东新区&#039;, 4.2, 150000.00
),
(
3, 50, 5000, 50000, 500000, 1.414, 1.414213562,
34567.89, 12345.6789, &#039;99999&#039;, &#039;示例数据&#039;, &#039;Sample Data&#039;,
DATE(&#039;2024-03-10&#039;), TRUE, X&#039;537061726B&#039;, 3, &#039;王五&#039;, 28, 13711223344,
&#039;wangwu@example.com&#039;, 9500.00, TRUE, &#039;广州市天河区&#039;, 4.5, 88000.00
);

表B：
CREATE TABLE IF NOT EXISTS lantu_test.B(
--数值型
field_tinyint TINYINT COMMENT &#039;TINYINT类型&#039;,
field_smallint SMALLINT COMMENT &#039;SMALLINT类型&#039;,
field_int INT COMMENT &#039;INT类型&#039;,
field_integer INTEGER COMMENT &#039;INTEGER类型&#039;,
field_bigint BIGINT COMMENT &#039;BIGINT类型&#039;,
field_float FLOAT COMMENT &#039;FLOAT类型&#039;,
field_double DOUBLE COMMENT &#039;DOUBLE类型&#039;,
field_decimal DECIMAL(10, 2) COMMENT &#039;DECIMAL类型&#039;,
field_numeric NUMERIC(15, 4) COMMENT &#039;NUMERIC类型&#039;,
-- STRING类型
string_number STRING COMMENT &#039;数字字符串&#039;,
string_chinese STRING COMMENT &#039;中文字符串&#039;,
string_english STRING COMMENT &#039;英文字符串&#039;,
field_date DATE COMMENT &#039;日期&#039;,
field_boolean BOOLEAN COMMENT &#039;布尔类型&#039;,
field_binary BINARY COMMENT &#039;二进制类型&#039;,
b_id INT COMMENT &#039;ID&#039;,
b_name STRING COMMENT &#039;用户名&#039;,
email STRING COMMENT &#039;邮箱&#039;,
is_active BOOLEAN COMMENT &#039;是否激活&#039;
) COMMENT &#039;测试表B&#039;;
INSERT INTO lantu_test.B VALUES
(
1,100,10000,100000,1000000,3.14,3.1415926535,12345.67,98765.4321,&#039;12345&#039;,&#039;你好世界&#039;,&#039;Hello World&#039;,DATE(&#039;2024-01-15&#039;) ,TRUE,X&#039;48656C6C6F&#039;,
1,  -- 匹配A表a_id=1
&#039;张三&#039;,  -- 匹配A表a_name = &#039;张三&#039;
&#039;zhangsan@example.com&#039;,TRUE
),
(
2,200,20000,200000,2000000,2.718,2.718281828,23456.78,54321.9876,&#039;67890&#039;,&#039;测试数据&#039;,&#039;Test Data&#039;,DATE(&#039;2024-02-20&#039;) ,FALSE,X&#039;576F726C64&#039;,
3,  -- 匹配A表a_id=3
&#039;张四&#039;,&#039;zhangsan2@example.com&#039;,FALSE
),
(    3,50,5000,50000,500000,1.414,1.414213562,34567.89,12345.6789,&#039;99999&#039;,&#039;示例数据&#039;,&#039;Sample Data&#039;,DATE(&#039;2024-03-10&#039;) ,TRUE,X&#039;537061726B&#039;,
5,&#039;李四&#039;,  -- 匹配A表a_name = &#039;李四&#039;
&#039;lisi@example.com&#039;,TRUE
);","1. 进入「资产-数据质量-规则集管理-基础信息」页面
2. 「选择数据源」选择「${DATASOURCE}」
「选择数据库」选择「${DATABASE}」
「选择数据表」选择「${TABLE}」
「规则包名称」填写「合理性-多表字段值对比」
3. 点击「新增规则包」-「合理性-多表字段值对比」，点击【添加规则-合理性校验】
4. 「监控规则」配置如下：
子规则一：
「字段」：「 field_double」
「统计函数」：「 多表字段值对比」
「校验表主键」：「id」
「关联表1」：「 B」，「关联表1主键」：「 id」
「计算逻辑配置1」：「A.field_double*B.field_double」
「对比方法」：「计算结果对比」
「计算逻辑配置2」：「（A.field_double+B.field_double）*A.field_double」
「对比规则」：「A.field_double*B.field_double<= （A.field_double+B.field_double）*A.field_double」
「强弱规则」选择「弱规则」
「规则描述」输入「测试规则」
子规则二：
「字段」：「 field_double」
「统计函数」：「 多表字段值对比」
「校验表主键」：「id」
「关联表1」：「 B」，「关联表1主键」：「 id」
「计算逻辑配置1」：「（A.field_double+B.field_double）*A.field_double」
「对比方法」：「计算结果对比」
「计算逻辑配置2」：「A.field_double*B.field_double」
「对比规则」：「（A.field_double+B.field_double）*A.field_double<=A.field_double*B.field_double」
5. 点击【保存】按钮
6. 进入「规则任务管理-监控对象」页面
7. 「规则名称」输入「test_rule」
「选择数据源」选择「${DATASOURCE}」
「选择数据库」选择「${DATABASE}」
「选择数据表」选择「${TABLE}」
8. 引入规则包「合理性-多表字段值对比」，点击「下一步」按钮
9. 配置「调度属性」，保存规则，且「调度属性」中配置「规则报告」为最新结果
10. 临时运行规则，查看实例详情","1. 页面正常打开
2. 基础信息配置成功；
进入「监控规则」配置页
3. 选择成功，页面显示「合理性校验」规则配置区域
4. 监控规则配置完成
5. 规则保存成功
6. 页面正常打开
7. 监控对象配置成功；
进入「监控规则」配置页
8. 引入正确，规则内容置灰，进入「调度属性」
9. 规则保存成功
10. 实例中子规则一结果通过，子规则二结果不通过，且实例详情展示正确","1. 
2. 
3. 
4. 
5. 
6. 
7. 
8. 
9. 
10.","","2","功能测试","功能测试阶段","正常","0","1","10","通过","听筠","2026-04-09","","0000-00-00","1","",""
"183203","数据资产_STD(#23)","/版本迭代测试用例/v6.4.10/【内置规则丰富】合理性，多表，字段大小对比以及字段计算逻辑对比(#10452)","【岚图】【内置规则丰富】合理性，多表，字段大小对比以及字段计算逻辑对比(#15530)","验证「监控规则」-「合理性校验」-「多表字段值对比」-「计算结果对比」-「float类型」校验功能","已存在表A：
CREATE TABLE IF NOT EXISTS lantu_test.A (
--数值型
field_tinyint TINYINT COMMENT &#039;TINYINT类型&#039;,
field_smallint SMALLINT COMMENT &#039;SMALLINT类型&#039;,
field_int INT COMMENT &#039;INT类型&#039;,
field_integer INTEGER COMMENT &#039;INTEGER类型&#039;,
field_bigint BIGINT COMMENT &#039;BIGINT类型&#039;,
field_float FLOAT COMMENT &#039;FLOAT类型&#039;,
field_double DOUBLE COMMENT &#039;DOUBLE类型&#039;,
field_decimal DECIMAL(10, 2) COMMENT &#039;DECIMAL类型&#039;,
field_numeric NUMERIC(15, 4) COMMENT &#039;NUMERIC类型&#039;,
-- STRING类型
string_number STRING COMMENT &#039;数字字符串&#039;,
string_chinese STRING COMMENT &#039;中文字符串&#039;,
string_english STRING COMMENT &#039;英文字符串&#039;,
field_date DATE COMMENT &#039;日期&#039;,
field_boolean BOOLEAN COMMENT &#039;布尔类型&#039;,
field_binary BINARY COMMENT &#039;二进制类型&#039;,
id INT COMMENT &#039;ID&#039;,
user_name STRING COMMENT &#039;用户名&#039;,
age TINYINT COMMENT &#039;年龄&#039;,
phone BIGINT COMMENT &#039;手机号&#039;,
email STRING COMMENT &#039;邮箱&#039;,
salary DECIMAL(10, 2) COMMENT &#039;薪资&#039;,
is_active BOOLEAN COMMENT &#039;是否激活&#039;,
address STRING COMMENT &#039;地址&#039;,
score FLOAT COMMENT &#039;评分&#039;,
total_amount DOUBLE COMMENT &#039;总金额&#039;
) COMMENT &#039;测试表A&#039;;
INSERT INTO lantu_test.A VALUES
(
1, 100, 10000, 100000, 1000000, 3.14, 3.1415926535,
12345.67, 98765.4321, &#039;12345&#039;, &#039;你好世界&#039;, &#039;Hello World&#039;,
DATE(&#039;2024-01-15&#039;), TRUE, X&#039;48656C6C6F&#039;, 1, &#039;张三&#039;, 25, 13812345678,
&#039;zhangsan@example.com&#039;, 8500.00, TRUE, &#039;北京市朝阳区&#039;, 4.8, 99999.99
),
(
2, 200, 20000, 200000, 2000000, 2.718, 2.718281828,
23456.78, 54321.9876, &#039;67890&#039;, &#039;测试数据&#039;, &#039;Test Data&#039;,
DATE(&#039;2024-02-20&#039;), FALSE, X&#039;576F726C64&#039;, 2, &#039;李四&#039;, 30, 13987654321,
&#039;lisi@example.com&#039;, 12000.00, FALSE, &#039;上海市浦东新区&#039;, 4.2, 150000.00
),
(
3, 50, 5000, 50000, 500000, 1.414, 1.414213562,
34567.89, 12345.6789, &#039;99999&#039;, &#039;示例数据&#039;, &#039;Sample Data&#039;,
DATE(&#039;2024-03-10&#039;), TRUE, X&#039;537061726B&#039;, 3, &#039;王五&#039;, 28, 13711223344,
&#039;wangwu@example.com&#039;, 9500.00, TRUE, &#039;广州市天河区&#039;, 4.5, 88000.00
);

表B：
CREATE TABLE IF NOT EXISTS lantu_test.B(
--数值型
field_tinyint TINYINT COMMENT &#039;TINYINT类型&#039;,
field_smallint SMALLINT COMMENT &#039;SMALLINT类型&#039;,
field_int INT COMMENT &#039;INT类型&#039;,
field_integer INTEGER COMMENT &#039;INTEGER类型&#039;,
field_bigint BIGINT COMMENT &#039;BIGINT类型&#039;,
field_float FLOAT COMMENT &#039;FLOAT类型&#039;,
field_double DOUBLE COMMENT &#039;DOUBLE类型&#039;,
field_decimal DECIMAL(10, 2) COMMENT &#039;DECIMAL类型&#039;,
field_numeric NUMERIC(15, 4) COMMENT &#039;NUMERIC类型&#039;,
-- STRING类型
string_number STRING COMMENT &#039;数字字符串&#039;,
string_chinese STRING COMMENT &#039;中文字符串&#039;,
string_english STRING COMMENT &#039;英文字符串&#039;,
field_date DATE COMMENT &#039;日期&#039;,
field_boolean BOOLEAN COMMENT &#039;布尔类型&#039;,
field_binary BINARY COMMENT &#039;二进制类型&#039;,
b_id INT COMMENT &#039;ID&#039;,
b_name STRING COMMENT &#039;用户名&#039;,
email STRING COMMENT &#039;邮箱&#039;,
is_active BOOLEAN COMMENT &#039;是否激活&#039;
) COMMENT &#039;测试表B&#039;;
INSERT INTO lantu_test.B VALUES
(
1,100,10000,100000,1000000,3.14,3.1415926535,12345.67,98765.4321,&#039;12345&#039;,&#039;你好世界&#039;,&#039;Hello World&#039;,DATE(&#039;2024-01-15&#039;) ,TRUE,X&#039;48656C6C6F&#039;,
1,  -- 匹配A表a_id=1
&#039;张三&#039;,  -- 匹配A表a_name = &#039;张三&#039;
&#039;zhangsan@example.com&#039;,TRUE
),
(
2,200,20000,200000,2000000,2.718,2.718281828,23456.78,54321.9876,&#039;67890&#039;,&#039;测试数据&#039;,&#039;Test Data&#039;,DATE(&#039;2024-02-20&#039;) ,FALSE,X&#039;576F726C64&#039;,
3,  -- 匹配A表a_id=3
&#039;张四&#039;,&#039;zhangsan2@example.com&#039;,FALSE
),
(    3,50,5000,50000,500000,1.414,1.414213562,34567.89,12345.6789,&#039;99999&#039;,&#039;示例数据&#039;,&#039;Sample Data&#039;,DATE(&#039;2024-03-10&#039;) ,TRUE,X&#039;537061726B&#039;,
5,&#039;李四&#039;,  -- 匹配A表a_name = &#039;李四&#039;
&#039;lisi@example.com&#039;,TRUE
);","1. 进入「资产-数据质量-规则集管理-基础信息」页面
2. 「选择数据源」选择「${DATASOURCE}」
「选择数据库」选择「${DATABASE}」
「选择数据表」选择「${TABLE}」
「规则包名称」填写「合理性-多表字段值对比」
3. 点击「新增规则包」-「合理性-多表字段值对比」，点击【添加规则-合理性校验】
4. 「监控规则」配置如下：
子规则一：
「字段」：「 field_float」
「统计函数」：「 多表字段值对比」
「校验表主键」：「id」
「关联表1」：「 B」，「关联表1主键」：「 id」
「计算逻辑配置1」：「A.field_float*B.string_chinese」
「对比方法」：「计算结果对比」
「计算逻辑配置2」：「A.field_smallint+B.field_float-B.string_chinese」
「对比规则」：「A.field_float*B.string_chinese >= A.field_smallint+B.field_float-B.string_chinese」
「强弱规则」选择「弱规则」
「规则描述」输入「测试规则」
子规则二：
「字段」：「 field_float」
「统计函数」：「 多表字段值对比」
「校验表主键」：「id」
「关联表1」：「 B」，「关联表1主键」：「 id」
「计算逻辑配置1」：「（A.field_float+B.field_float）*A.field_float」
「对比方法」：「计算结果对比」
「计算逻辑配置2」：「A.field_float*B.field_float」
「对比规则」：「（A.field_float+B.field_float）*A.field_float<=A.field_float*B.field_float」
5. 点击【保存】按钮
6. 进入「规则任务管理-监控对象」页面
7. 「规则名称」输入「test_rule」
「选择数据源」选择「${DATASOURCE}」
「选择数据库」选择「${DATABASE}」
「选择数据表」选择「${TABLE}」
8. 引入规则包「合理性-多表字段值对比」，点击「下一步」按钮
9. 配置「调度属性」，保存规则，且「调度属性」中配置「规则报告」为最新结果
10. 临时运行规则，查看实例详情","1. 页面正常打开
2. 基础信息配置成功；
进入「监控规则」配置页
3. 选择成功，页面显示「合理性校验」规则配置区域
4. 监控规则配置完成
5. 规则保存成功
6. 页面正常打开
7. 监控对象配置成功；
进入「监控规则」配置页
8. 引入正确，规则内容置灰，进入「调度属性」
9. 规则保存成功
10. 实例中子规则一结果通过，子规则二结果不通过，且实例详情展示正确","1. 
2. 
3. 
4. 
5. 
6. 
7. 
8. 
9. 
10.","","2","功能测试","功能测试阶段","正常","0","2","10","通过","听筠","2026-04-09","","0000-00-00","1","",""
"183202","数据资产_STD(#23)","/版本迭代测试用例/v6.4.10/【内置规则丰富】合理性，多表，字段大小对比以及字段计算逻辑对比(#10452)","【岚图】【内置规则丰富】合理性，多表，字段大小对比以及字段计算逻辑对比(#15530)","验证「监控规则」-「合理性校验」-「多表字段值对比」-「计算结果对比」-「bigint类型」校验功能","已存在表A：
CREATE TABLE IF NOT EXISTS lantu_test.A (
--数值型
field_tinyint TINYINT COMMENT &#039;TINYINT类型&#039;,
field_smallint SMALLINT COMMENT &#039;SMALLINT类型&#039;,
field_int INT COMMENT &#039;INT类型&#039;,
field_integer INTEGER COMMENT &#039;INTEGER类型&#039;,
field_bigint BIGINT COMMENT &#039;BIGINT类型&#039;,
field_float FLOAT COMMENT &#039;FLOAT类型&#039;,
field_double DOUBLE COMMENT &#039;DOUBLE类型&#039;,
field_decimal DECIMAL(10, 2) COMMENT &#039;DECIMAL类型&#039;,
field_numeric NUMERIC(15, 4) COMMENT &#039;NUMERIC类型&#039;,
-- STRING类型
string_number STRING COMMENT &#039;数字字符串&#039;,
string_chinese STRING COMMENT &#039;中文字符串&#039;,
string_english STRING COMMENT &#039;英文字符串&#039;,
field_date DATE COMMENT &#039;日期&#039;,
field_boolean BOOLEAN COMMENT &#039;布尔类型&#039;,
field_binary BINARY COMMENT &#039;二进制类型&#039;,
id INT COMMENT &#039;ID&#039;,
user_name STRING COMMENT &#039;用户名&#039;,
age TINYINT COMMENT &#039;年龄&#039;,
phone BIGINT COMMENT &#039;手机号&#039;,
email STRING COMMENT &#039;邮箱&#039;,
salary DECIMAL(10, 2) COMMENT &#039;薪资&#039;,
is_active BOOLEAN COMMENT &#039;是否激活&#039;,
address STRING COMMENT &#039;地址&#039;,
score FLOAT COMMENT &#039;评分&#039;,
total_amount DOUBLE COMMENT &#039;总金额&#039;
) COMMENT &#039;测试表A&#039;;
INSERT INTO lantu_test.A VALUES
(
1, 100, 10000, 100000, 1000000, 3.14, 3.1415926535,
12345.67, 98765.4321, &#039;12345&#039;, &#039;你好世界&#039;, &#039;Hello World&#039;,
DATE(&#039;2024-01-15&#039;), TRUE, X&#039;48656C6C6F&#039;, 1, &#039;张三&#039;, 25, 13812345678,
&#039;zhangsan@example.com&#039;, 8500.00, TRUE, &#039;北京市朝阳区&#039;, 4.8, 99999.99
),
(
2, 200, 20000, 200000, 2000000, 2.718, 2.718281828,
23456.78, 54321.9876, &#039;67890&#039;, &#039;测试数据&#039;, &#039;Test Data&#039;,
DATE(&#039;2024-02-20&#039;), FALSE, X&#039;576F726C64&#039;, 2, &#039;李四&#039;, 30, 13987654321,
&#039;lisi@example.com&#039;, 12000.00, FALSE, &#039;上海市浦东新区&#039;, 4.2, 150000.00
),
(
3, 50, 5000, 50000, 500000, 1.414, 1.414213562,
34567.89, 12345.6789, &#039;99999&#039;, &#039;示例数据&#039;, &#039;Sample Data&#039;,
DATE(&#039;2024-03-10&#039;), TRUE, X&#039;537061726B&#039;, 3, &#039;王五&#039;, 28, 13711223344,
&#039;wangwu@example.com&#039;, 9500.00, TRUE, &#039;广州市天河区&#039;, 4.5, 88000.00
);

表B：
CREATE TABLE IF NOT EXISTS lantu_test.B(
--数值型
field_tinyint TINYINT COMMENT &#039;TINYINT类型&#039;,
field_smallint SMALLINT COMMENT &#039;SMALLINT类型&#039;,
field_int INT COMMENT &#039;INT类型&#039;,
field_integer INTEGER COMMENT &#039;INTEGER类型&#039;,
field_bigint BIGINT COMMENT &#039;BIGINT类型&#039;,
field_float FLOAT COMMENT &#039;FLOAT类型&#039;,
field_double DOUBLE COMMENT &#039;DOUBLE类型&#039;,
field_decimal DECIMAL(10, 2) COMMENT &#039;DECIMAL类型&#039;,
field_numeric NUMERIC(15, 4) COMMENT &#039;NUMERIC类型&#039;,
-- STRING类型
string_number STRING COMMENT &#039;数字字符串&#039;,
string_chinese STRING COMMENT &#039;中文字符串&#039;,
string_english STRING COMMENT &#039;英文字符串&#039;,
field_date DATE COMMENT &#039;日期&#039;,
field_boolean BOOLEAN COMMENT &#039;布尔类型&#039;,
field_binary BINARY COMMENT &#039;二进制类型&#039;,
b_id INT COMMENT &#039;ID&#039;,
b_name STRING COMMENT &#039;用户名&#039;,
email STRING COMMENT &#039;邮箱&#039;,
is_active BOOLEAN COMMENT &#039;是否激活&#039;
) COMMENT &#039;测试表B&#039;;
INSERT INTO lantu_test.B VALUES
(
1,100,10000,100000,1000000,3.14,3.1415926535,12345.67,98765.4321,&#039;12345&#039;,&#039;你好世界&#039;,&#039;Hello World&#039;,DATE(&#039;2024-01-15&#039;) ,TRUE,X&#039;48656C6C6F&#039;,
1,  -- 匹配A表a_id=1
&#039;张三&#039;,  -- 匹配A表a_name = &#039;张三&#039;
&#039;zhangsan@example.com&#039;,TRUE
),
(
2,200,20000,200000,2000000,2.718,2.718281828,23456.78,54321.9876,&#039;67890&#039;,&#039;测试数据&#039;,&#039;Test Data&#039;,DATE(&#039;2024-02-20&#039;) ,FALSE,X&#039;576F726C64&#039;,
3,  -- 匹配A表a_id=3
&#039;张四&#039;,&#039;zhangsan2@example.com&#039;,FALSE
),
(    3,50,5000,50000,500000,1.414,1.414213562,34567.89,12345.6789,&#039;99999&#039;,&#039;示例数据&#039;,&#039;Sample Data&#039;,DATE(&#039;2024-03-10&#039;) ,TRUE,X&#039;537061726B&#039;,
5,&#039;李四&#039;,  -- 匹配A表a_name = &#039;李四&#039;
&#039;lisi@example.com&#039;,TRUE
);","1. 进入「资产-数据质量-规则集管理-基础信息」页面
2. 「选择数据源」选择「${DATASOURCE}」
「选择数据库」选择「${DATABASE}」
「选择数据表」选择「${TABLE}」
「规则包名称」填写「合理性-多表字段值对比」
3. 点击「新增规则包」-「合理性-多表字段值对比」，点击【添加规则-合理性校验】
4. 「监控规则」配置如下：
子规则一：
「字段」：「 field_bigint」
「统计函数」：「 多表字段值对比」
「校验表主键」：「id」
「关联表1」：「 B」，「关联表1主键」：「 id」
「计算逻辑配置1」：「A.field_bigint*B.field_tinyint」
「对比方法」：「计算结果对比」
「计算逻辑配置2」：「A.field_smallint+B.field_bigint」
「对比规则」：「A.field_bigint*B.field_tinyint>=A.field_smallint+B.field_bigint」
「强弱规则」选择「弱规则」
「规则描述」输入「测试规则」
子规则二：
「字段」：「 field_bigint」
「统计函数」：「 多表字段值对比」
「校验表主键」：「id」
「关联表1」：「 B」，「关联表1主键」：「 id」
「计算逻辑配置1」：「（A.field_bigint+B.string_number）*A.field_bigint」
「对比方法」：「计算结果对比」
「计算逻辑配置2」：「A.field_double*B.field_bigint」
「对比规则」：「（A.field_bigint+B.string_number）*A.field_bigint=A.field_double*B.field_bigint」
5. 点击【保存】按钮
6. 进入「规则任务管理-监控对象」页面
7. 「规则名称」输入「test_rule」
「选择数据源」选择「${DATASOURCE}」
「选择数据库」选择「${DATABASE}」
「选择数据表」选择「${TABLE}」
8. 引入规则包「合理性-多表字段值对比」，点击「下一步」按钮
9. 配置「调度属性」，保存规则，且「调度属性」中配置「规则报告」为最新结果
10. 临时运行规则，查看实例详情","1. 页面正常打开
2. 基础信息配置成功；
进入「监控规则」配置页
3. 选择成功，页面显示「合理性校验」规则配置区域
4. 监控规则配置完成
5. 规则保存成功
6. 页面正常打开
7. 监控对象配置成功；
进入「监控规则」配置页
8. 引入正确，规则内容置灰，进入「调度属性」
9. 规则保存成功
10. 实例中子规则一结果通过，子规则二结果不通过，且实例详情展示正确","1. 
2. 
3. 
4. 
5. 
6. 
7. 
8. 
9. 
10.","","2","功能测试","功能测试阶段","正常","0","2","10","通过","听筠","2026-04-09","","0000-00-00","1","",""
"183201","数据资产_STD(#23)","/版本迭代测试用例/v6.4.10/【内置规则丰富】合理性，多表，字段大小对比以及字段计算逻辑对比(#10452)","【岚图】【内置规则丰富】合理性，多表，字段大小对比以及字段计算逻辑对比(#15530)","验证「监控规则」-「合理性校验」-「多表字段值对比」-「计算结果对比」-「int/integer类型」校验功能","已存在表A：
CREATE TABLE IF NOT EXISTS lantu_test.A (
--数值型
field_tinyint TINYINT COMMENT &#039;TINYINT类型&#039;,
field_smallint SMALLINT COMMENT &#039;SMALLINT类型&#039;,
field_int INT COMMENT &#039;INT类型&#039;,
field_integer INTEGER COMMENT &#039;INTEGER类型&#039;,
field_bigint BIGINT COMMENT &#039;BIGINT类型&#039;,
field_float FLOAT COMMENT &#039;FLOAT类型&#039;,
field_double DOUBLE COMMENT &#039;DOUBLE类型&#039;,
field_decimal DECIMAL(10, 2) COMMENT &#039;DECIMAL类型&#039;,
field_numeric NUMERIC(15, 4) COMMENT &#039;NUMERIC类型&#039;,
-- STRING类型
string_number STRING COMMENT &#039;数字字符串&#039;,
string_chinese STRING COMMENT &#039;中文字符串&#039;,
string_english STRING COMMENT &#039;英文字符串&#039;,
field_date DATE COMMENT &#039;日期&#039;,
field_boolean BOOLEAN COMMENT &#039;布尔类型&#039;,
field_binary BINARY COMMENT &#039;二进制类型&#039;,
id INT COMMENT &#039;ID&#039;,
user_name STRING COMMENT &#039;用户名&#039;,
age TINYINT COMMENT &#039;年龄&#039;,
phone BIGINT COMMENT &#039;手机号&#039;,
email STRING COMMENT &#039;邮箱&#039;,
salary DECIMAL(10, 2) COMMENT &#039;薪资&#039;,
is_active BOOLEAN COMMENT &#039;是否激活&#039;,
address STRING COMMENT &#039;地址&#039;,
score FLOAT COMMENT &#039;评分&#039;,
total_amount DOUBLE COMMENT &#039;总金额&#039;
) COMMENT &#039;测试表A&#039;;
INSERT INTO lantu_test.A VALUES
(
1, 100, 10000, 100000, 1000000, 3.14, 3.1415926535,
12345.67, 98765.4321, &#039;12345&#039;, &#039;你好世界&#039;, &#039;Hello World&#039;,
DATE(&#039;2024-01-15&#039;), TRUE, X&#039;48656C6C6F&#039;, 1, &#039;张三&#039;, 25, 13812345678,
&#039;zhangsan@example.com&#039;, 8500.00, TRUE, &#039;北京市朝阳区&#039;, 4.8, 99999.99
),
(
2, 200, 20000, 200000, 2000000, 2.718, 2.718281828,
23456.78, 54321.9876, &#039;67890&#039;, &#039;测试数据&#039;, &#039;Test Data&#039;,
DATE(&#039;2024-02-20&#039;), FALSE, X&#039;576F726C64&#039;, 2, &#039;李四&#039;, 30, 13987654321,
&#039;lisi@example.com&#039;, 12000.00, FALSE, &#039;上海市浦东新区&#039;, 4.2, 150000.00
),
(
3, 50, 5000, 50000, 500000, 1.414, 1.414213562,
34567.89, 12345.6789, &#039;99999&#039;, &#039;示例数据&#039;, &#039;Sample Data&#039;,
DATE(&#039;2024-03-10&#039;), TRUE, X&#039;537061726B&#039;, 3, &#039;王五&#039;, 28, 13711223344,
&#039;wangwu@example.com&#039;, 9500.00, TRUE, &#039;广州市天河区&#039;, 4.5, 88000.00
);

表B：
CREATE TABLE IF NOT EXISTS lantu_test.B(
--数值型
field_tinyint TINYINT COMMENT &#039;TINYINT类型&#039;,
field_smallint SMALLINT COMMENT &#039;SMALLINT类型&#039;,
field_int INT COMMENT &#039;INT类型&#039;,
field_integer INTEGER COMMENT &#039;INTEGER类型&#039;,
field_bigint BIGINT COMMENT &#039;BIGINT类型&#039;,
field_float FLOAT COMMENT &#039;FLOAT类型&#039;,
field_double DOUBLE COMMENT &#039;DOUBLE类型&#039;,
field_decimal DECIMAL(10, 2) COMMENT &#039;DECIMAL类型&#039;,
field_numeric NUMERIC(15, 4) COMMENT &#039;NUMERIC类型&#039;,
-- STRING类型
string_number STRING COMMENT &#039;数字字符串&#039;,
string_chinese STRING COMMENT &#039;中文字符串&#039;,
string_english STRING COMMENT &#039;英文字符串&#039;,
field_date DATE COMMENT &#039;日期&#039;,
field_boolean BOOLEAN COMMENT &#039;布尔类型&#039;,
field_binary BINARY COMMENT &#039;二进制类型&#039;,
b_id INT COMMENT &#039;ID&#039;,
b_name STRING COMMENT &#039;用户名&#039;,
email STRING COMMENT &#039;邮箱&#039;,
is_active BOOLEAN COMMENT &#039;是否激活&#039;
) COMMENT &#039;测试表B&#039;;
INSERT INTO lantu_test.B VALUES
(
1,100,10000,100000,1000000,3.14,3.1415926535,12345.67,98765.4321,&#039;12345&#039;,&#039;你好世界&#039;,&#039;Hello World&#039;,DATE(&#039;2024-01-15&#039;) ,TRUE,X&#039;48656C6C6F&#039;,
1,  -- 匹配A表a_id=1
&#039;张三&#039;,  -- 匹配A表a_name = &#039;张三&#039;
&#039;zhangsan@example.com&#039;,TRUE
),
(
2,200,20000,200000,2000000,2.718,2.718281828,23456.78,54321.9876,&#039;67890&#039;,&#039;测试数据&#039;,&#039;Test Data&#039;,DATE(&#039;2024-02-20&#039;) ,FALSE,X&#039;576F726C64&#039;,
3,  -- 匹配A表a_id=3
&#039;张四&#039;,&#039;zhangsan2@example.com&#039;,FALSE
),
(    3,50,5000,50000,500000,1.414,1.414213562,34567.89,12345.6789,&#039;99999&#039;,&#039;示例数据&#039;,&#039;Sample Data&#039;,DATE(&#039;2024-03-10&#039;) ,TRUE,X&#039;537061726B&#039;,
5,&#039;李四&#039;,  -- 匹配A表a_name = &#039;李四&#039;
&#039;lisi@example.com&#039;,TRUE
);","1. 进入「资产-数据质量-规则集管理-基础信息」页面
2. 「选择数据源」选择「${DATASOURCE}」
「选择数据库」选择「${DATABASE}」
「选择数据表」选择「${TABLE}」
「规则包名称」填写「合理性-多表字段值对比」
3. 点击「新增规则包」-「合理性-多表字段值对比」，点击【添加规则-合理性校验】
4. 「监控规则」配置如下：
子规则一：
「字段」：「 field_int」
「统计函数」：「 多表字段值对比」
「校验表主键」：「id」
「关联表1」：「 B」，「关联表1主键」：「 id」
「计算逻辑配置1」：「A.field_int+B.field_tinyint」
「对比方法」：「计算结果对比」
「计算逻辑配置2」：「A.field_integer+B.field_int」
「对比规则」：「A.field_int+B.field_tinyint<=A.field_integer+B.field_int」
「强弱规则」选择「弱规则」
「规则描述」输入「测试规则」
子规则二：
「字段」：「 field_integer」
「统计函数」：「 多表字段值对比」
「校验表主键」：「id」
「关联表1」：「 B」，「关联表1主键」：「 id」
「计算逻辑配置1」：「（A.field_integer+B.field_smallint）*A.field_integer」
「对比方法」：「计算结果对比」
「计算逻辑配置2」：「A.field_integer*B.field_integer」
「对比规则」：「（A.field_integer+B.field_smallint）*A.field_integer=A.field_integer*B.field_integer」
5. 点击【保存】按钮
6. 进入「规则任务管理-监控对象」页面
7. 「规则名称」输入「test_rule」
「选择数据源」选择「${DATASOURCE}」
「选择数据库」选择「${DATABASE}」
「选择数据表」选择「${TABLE}」
8. 引入规则包「合理性-多表字段值对比」，点击「下一步」按钮
9. 配置「调度属性」，保存规则，且「调度属性」中配置「规则报告」为最新结果
10. 临时运行规则，查看实例详情","1. 页面正常打开
2. 基础信息配置成功；
进入「监控规则」配置页
3. 选择成功，页面显示「合理性校验」规则配置区域
4. 监控规则配置完成
5. 规则保存成功
6. 页面正常打开
7. 监控对象配置成功；
进入「监控规则」配置页
8. 引入正确，规则内容置灰，进入「调度属性」
9. 规则保存成功
10. 实例中子规则一结果通过，子规则二结果不通过，且实例详情展示正确","1. 
2. 
3. 
4. 
5. 
6. 
7. 
8. 
9. 
10.","","2","功能测试","功能测试阶段","正常","0","2","10","通过","听筠","2026-04-09","","0000-00-00","1","",""
"183200","数据资产_STD(#23)","/版本迭代测试用例/v6.4.10/【内置规则丰富】合理性，多表，字段大小对比以及字段计算逻辑对比(#10452)","【岚图】【内置规则丰富】合理性，多表，字段大小对比以及字段计算逻辑对比(#15530)","验证「监控规则」-「合理性校验」-「多表字段值对比」-「计算结果对比」-「smallint类型」校验功能","已存在表A：
CREATE TABLE IF NOT EXISTS lantu_test.A (
--数值型
field_tinyint TINYINT COMMENT &#039;TINYINT类型&#039;,
field_smallint SMALLINT COMMENT &#039;SMALLINT类型&#039;,
field_int INT COMMENT &#039;INT类型&#039;,
field_integer INTEGER COMMENT &#039;INTEGER类型&#039;,
field_bigint BIGINT COMMENT &#039;BIGINT类型&#039;,
field_float FLOAT COMMENT &#039;FLOAT类型&#039;,
field_double DOUBLE COMMENT &#039;DOUBLE类型&#039;,
field_decimal DECIMAL(10, 2) COMMENT &#039;DECIMAL类型&#039;,
field_numeric NUMERIC(15, 4) COMMENT &#039;NUMERIC类型&#039;,
-- STRING类型
string_number STRING COMMENT &#039;数字字符串&#039;,
string_chinese STRING COMMENT &#039;中文字符串&#039;,
string_english STRING COMMENT &#039;英文字符串&#039;,
field_date DATE COMMENT &#039;日期&#039;,
field_boolean BOOLEAN COMMENT &#039;布尔类型&#039;,
field_binary BINARY COMMENT &#039;二进制类型&#039;,
id INT COMMENT &#039;ID&#039;,
user_name STRING COMMENT &#039;用户名&#039;,
age TINYINT COMMENT &#039;年龄&#039;,
phone BIGINT COMMENT &#039;手机号&#039;,
email STRING COMMENT &#039;邮箱&#039;,
salary DECIMAL(10, 2) COMMENT &#039;薪资&#039;,
is_active BOOLEAN COMMENT &#039;是否激活&#039;,
address STRING COMMENT &#039;地址&#039;,
score FLOAT COMMENT &#039;评分&#039;,
total_amount DOUBLE COMMENT &#039;总金额&#039;
) COMMENT &#039;测试表A&#039;;
INSERT INTO lantu_test.A VALUES
(
1, 100, 10000, 100000, 1000000, 3.14, 3.1415926535,
12345.67, 98765.4321, &#039;12345&#039;, &#039;你好世界&#039;, &#039;Hello World&#039;,
DATE(&#039;2024-01-15&#039;), TRUE, X&#039;48656C6C6F&#039;, 1, &#039;张三&#039;, 25, 13812345678,
&#039;zhangsan@example.com&#039;, 8500.00, TRUE, &#039;北京市朝阳区&#039;, 4.8, 99999.99
),
(
2, 200, 20000, 200000, 2000000, 2.718, 2.718281828,
23456.78, 54321.9876, &#039;67890&#039;, &#039;测试数据&#039;, &#039;Test Data&#039;,
DATE(&#039;2024-02-20&#039;), FALSE, X&#039;576F726C64&#039;, 2, &#039;李四&#039;, 30, 13987654321,
&#039;lisi@example.com&#039;, 12000.00, FALSE, &#039;上海市浦东新区&#039;, 4.2, 150000.00
),
(
3, 50, 5000, 50000, 500000, 1.414, 1.414213562,
34567.89, 12345.6789, &#039;99999&#039;, &#039;示例数据&#039;, &#039;Sample Data&#039;,
DATE(&#039;2024-03-10&#039;), TRUE, X&#039;537061726B&#039;, 3, &#039;王五&#039;, 28, 13711223344,
&#039;wangwu@example.com&#039;, 9500.00, TRUE, &#039;广州市天河区&#039;, 4.5, 88000.00
);

表B：
CREATE TABLE IF NOT EXISTS lantu_test.B(
--数值型
field_tinyint TINYINT COMMENT &#039;TINYINT类型&#039;,
field_smallint SMALLINT COMMENT &#039;SMALLINT类型&#039;,
field_int INT COMMENT &#039;INT类型&#039;,
field_integer INTEGER COMMENT &#039;INTEGER类型&#039;,
field_bigint BIGINT COMMENT &#039;BIGINT类型&#039;,
field_float FLOAT COMMENT &#039;FLOAT类型&#039;,
field_double DOUBLE COMMENT &#039;DOUBLE类型&#039;,
field_decimal DECIMAL(10, 2) COMMENT &#039;DECIMAL类型&#039;,
field_numeric NUMERIC(15, 4) COMMENT &#039;NUMERIC类型&#039;,
-- STRING类型
string_number STRING COMMENT &#039;数字字符串&#039;,
string_chinese STRING COMMENT &#039;中文字符串&#039;,
string_english STRING COMMENT &#039;英文字符串&#039;,
field_date DATE COMMENT &#039;日期&#039;,
field_boolean BOOLEAN COMMENT &#039;布尔类型&#039;,
field_binary BINARY COMMENT &#039;二进制类型&#039;,
b_id INT COMMENT &#039;ID&#039;,
b_name STRING COMMENT &#039;用户名&#039;,
email STRING COMMENT &#039;邮箱&#039;,
is_active BOOLEAN COMMENT &#039;是否激活&#039;
) COMMENT &#039;测试表B&#039;;
INSERT INTO lantu_test.B VALUES
(
1,100,10000,100000,1000000,3.14,3.1415926535,12345.67,98765.4321,&#039;12345&#039;,&#039;你好世界&#039;,&#039;Hello World&#039;,DATE(&#039;2024-01-15&#039;) ,TRUE,X&#039;48656C6C6F&#039;,
1,  -- 匹配A表a_id=1
&#039;张三&#039;,  -- 匹配A表a_name = &#039;张三&#039;
&#039;zhangsan@example.com&#039;,TRUE
),
(
2,200,20000,200000,2000000,2.718,2.718281828,23456.78,54321.9876,&#039;67890&#039;,&#039;测试数据&#039;,&#039;Test Data&#039;,DATE(&#039;2024-02-20&#039;) ,FALSE,X&#039;576F726C64&#039;,
3,  -- 匹配A表a_id=3
&#039;张四&#039;,&#039;zhangsan2@example.com&#039;,FALSE
),
(    3,50,5000,50000,500000,1.414,1.414213562,34567.89,12345.6789,&#039;99999&#039;,&#039;示例数据&#039;,&#039;Sample Data&#039;,DATE(&#039;2024-03-10&#039;) ,TRUE,X&#039;537061726B&#039;,
5,&#039;李四&#039;,  -- 匹配A表a_name = &#039;李四&#039;
&#039;lisi@example.com&#039;,TRUE
);","1. 进入「资产-数据质量-规则集管理-基础信息」页面
2. 「选择数据源」选择「${DATASOURCE}」
「选择数据库」选择「${DATABASE}」
「选择数据表」选择「${TABLE}」
「规则包名称」填写「合理性-多表字段值对比」
3. 点击「新增规则包」-「合理性-多表字段值对比」，点击【添加规则-合理性校验】
4. 「监控规则」配置如下：
子规则一：
「字段」：「 field_smallint」
「统计函数」：「 多表字段值对比」
「校验表主键」：「id」
「关联表1」：「 B」，「关联表1主键」：「 id」
「计算逻辑配置1」：「A.field_smallint+B.field_int」
「对比方法」：「计算结果对比」
「计算逻辑配置2」：「A.field_bigint+B.field_smallint」
「对比规则」：「A.field_smallint+B.field_int<=A.field_bigint+B.field_smallint」
「强弱规则」选择「弱规则」
「规则描述」输入「测试规则」
子规则二：
「字段」：「 field_smallint」
「统计函数」：「 多表字段值对比」
「校验表主键」：「id」
「关联表1」：「 B」，「关联表1主键」：「 id」
「计算逻辑配置1」：「（A.field_smallint+B.field_smallint）*A.field_smallint」
「对比方法」：「计算结果对比」
「计算逻辑配置2」：「（A.field_bigint+B.field_smallint）/B.field_smallint」
「对比规则」：「（A.field_smallint+B.field_smallint）*A.field_smallint<=（A.field_bigint+B.field_smallint）/B.field_smallint」
5. 点击【保存】按钮
6. 进入「规则任务管理-监控对象」页面
7. 「规则名称」输入「test_rule」
「选择数据源」选择「${DATASOURCE}」
「选择数据库」选择「${DATABASE}」
「选择数据表」选择「${TABLE}」
8. 引入规则包「合理性-多表字段值对比」，点击「下一步」按钮
9. 配置「调度属性」，保存规则，且「调度属性」中配置「规则报告」为最新结果
10. 临时运行规则，查看实例详情","1. 页面正常打开
2. 基础信息配置成功；
进入「监控规则」配置页
3. 选择成功，页面显示「合理性校验」规则配置区域
4. 监控规则配置完成
5. 规则保存成功
6. 页面正常打开
7. 监控对象配置成功；
进入「监控规则」配置页
8. 引入正确，规则内容置灰，进入「调度属性」
9. 规则保存成功
10. 实例中子规则一结果通过，子规则二结果不通过，且实例详情展示正确","1. 
2. 
3. 
4. 
5. 
6. 
7. 
8. 
9. 
10.","","2","功能测试","功能测试阶段","正常","0","1","10","通过","听筠","2026-04-09","","0000-00-00","1","",""
"183199","数据资产_STD(#23)","/版本迭代测试用例/v6.4.10/【内置规则丰富】合理性，多表，字段大小对比以及字段计算逻辑对比(#10452)","【岚图】【内置规则丰富】合理性，多表，字段大小对比以及字段计算逻辑对比(#15530)","验证「监控规则」-「合理性校验」-「多表字段值对比」-「计算结果对比」-「tinyint类型」校验功能","已存在表A：
CREATE TABLE IF NOT EXISTS lantu_test.A (
--数值型
field_tinyint TINYINT COMMENT &#039;TINYINT类型&#039;,
field_smallint SMALLINT COMMENT &#039;SMALLINT类型&#039;,
field_int INT COMMENT &#039;INT类型&#039;,
field_integer INTEGER COMMENT &#039;INTEGER类型&#039;,
field_bigint BIGINT COMMENT &#039;BIGINT类型&#039;,
field_float FLOAT COMMENT &#039;FLOAT类型&#039;,
field_double DOUBLE COMMENT &#039;DOUBLE类型&#039;,
field_decimal DECIMAL(10, 2) COMMENT &#039;DECIMAL类型&#039;,
field_numeric NUMERIC(15, 4) COMMENT &#039;NUMERIC类型&#039;,
-- STRING类型
string_number STRING COMMENT &#039;数字字符串&#039;,
string_chinese STRING COMMENT &#039;中文字符串&#039;,
string_english STRING COMMENT &#039;英文字符串&#039;,
field_date DATE COMMENT &#039;日期&#039;,
field_boolean BOOLEAN COMMENT &#039;布尔类型&#039;,
field_binary BINARY COMMENT &#039;二进制类型&#039;,
id INT COMMENT &#039;ID&#039;,
user_name STRING COMMENT &#039;用户名&#039;,
age TINYINT COMMENT &#039;年龄&#039;,
phone BIGINT COMMENT &#039;手机号&#039;,
email STRING COMMENT &#039;邮箱&#039;,
salary DECIMAL(10, 2) COMMENT &#039;薪资&#039;,
is_active BOOLEAN COMMENT &#039;是否激活&#039;,
address STRING COMMENT &#039;地址&#039;,
score FLOAT COMMENT &#039;评分&#039;,
total_amount DOUBLE COMMENT &#039;总金额&#039;
) COMMENT &#039;测试表A&#039;;
INSERT INTO lantu_test.A VALUES
(
1, 100, 10000, 100000, 1000000, 3.14, 3.1415926535,
12345.67, 98765.4321, &#039;12345&#039;, &#039;你好世界&#039;, &#039;Hello World&#039;,
DATE(&#039;2024-01-15&#039;), TRUE, X&#039;48656C6C6F&#039;, 1, &#039;张三&#039;, 25, 13812345678,
&#039;zhangsan@example.com&#039;, 8500.00, TRUE, &#039;北京市朝阳区&#039;, 4.8, 99999.99
),
(
2, 200, 20000, 200000, 2000000, 2.718, 2.718281828,
23456.78, 54321.9876, &#039;67890&#039;, &#039;测试数据&#039;, &#039;Test Data&#039;,
DATE(&#039;2024-02-20&#039;), FALSE, X&#039;576F726C64&#039;, 2, &#039;李四&#039;, 30, 13987654321,
&#039;lisi@example.com&#039;, 12000.00, FALSE, &#039;上海市浦东新区&#039;, 4.2, 150000.00
),
(
3, 50, 5000, 50000, 500000, 1.414, 1.414213562,
34567.89, 12345.6789, &#039;99999&#039;, &#039;示例数据&#039;, &#039;Sample Data&#039;,
DATE(&#039;2024-03-10&#039;), TRUE, X&#039;537061726B&#039;, 3, &#039;王五&#039;, 28, 13711223344,
&#039;wangwu@example.com&#039;, 9500.00, TRUE, &#039;广州市天河区&#039;, 4.5, 88000.00
);

表B：
CREATE TABLE IF NOT EXISTS lantu_test.B(
--数值型
field_tinyint TINYINT COMMENT &#039;TINYINT类型&#039;,
field_smallint SMALLINT COMMENT &#039;SMALLINT类型&#039;,
field_int INT COMMENT &#039;INT类型&#039;,
field_integer INTEGER COMMENT &#039;INTEGER类型&#039;,
field_bigint BIGINT COMMENT &#039;BIGINT类型&#039;,
field_float FLOAT COMMENT &#039;FLOAT类型&#039;,
field_double DOUBLE COMMENT &#039;DOUBLE类型&#039;,
field_decimal DECIMAL(10, 2) COMMENT &#039;DECIMAL类型&#039;,
field_numeric NUMERIC(15, 4) COMMENT &#039;NUMERIC类型&#039;,
-- STRING类型
string_number STRING COMMENT &#039;数字字符串&#039;,
string_chinese STRING COMMENT &#039;中文字符串&#039;,
string_english STRING COMMENT &#039;英文字符串&#039;,
field_date DATE COMMENT &#039;日期&#039;,
field_boolean BOOLEAN COMMENT &#039;布尔类型&#039;,
field_binary BINARY COMMENT &#039;二进制类型&#039;,
b_id INT COMMENT &#039;ID&#039;,
b_name STRING COMMENT &#039;用户名&#039;,
email STRING COMMENT &#039;邮箱&#039;,
is_active BOOLEAN COMMENT &#039;是否激活&#039;
) COMMENT &#039;测试表B&#039;;
INSERT INTO lantu_test.B VALUES
(
1,100,10000,100000,1000000,3.14,3.1415926535,12345.67,98765.4321,&#039;12345&#039;,&#039;你好世界&#039;,&#039;Hello World&#039;,DATE(&#039;2024-01-15&#039;) ,TRUE,X&#039;48656C6C6F&#039;,
1,  -- 匹配A表a_id=1
&#039;张三&#039;,  -- 匹配A表a_name = &#039;张三&#039;
&#039;zhangsan@example.com&#039;,TRUE
),
(
2,200,20000,200000,2000000,2.718,2.718281828,23456.78,54321.9876,&#039;67890&#039;,&#039;测试数据&#039;,&#039;Test Data&#039;,DATE(&#039;2024-02-20&#039;) ,FALSE,X&#039;576F726C64&#039;,
3,  -- 匹配A表a_id=3
&#039;张四&#039;,&#039;zhangsan2@example.com&#039;,FALSE
),
(    3,50,5000,50000,500000,1.414,1.414213562,34567.89,12345.6789,&#039;99999&#039;,&#039;示例数据&#039;,&#039;Sample Data&#039;,DATE(&#039;2024-03-10&#039;) ,TRUE,X&#039;537061726B&#039;,
5,&#039;李四&#039;,  -- 匹配A表a_name = &#039;李四&#039;
&#039;lisi@example.com&#039;,TRUE
);","1. 进入「资产-数据质量-规则集管理-基础信息」页面
2. 「选择数据源」选择「${DATASOURCE}」
「选择数据库」选择「${DATABASE}」
「选择数据表」选择「${TABLE}」
「规则包名称」填写「合理性-多表字段值对比」
3. 点击「新增规则包」-「合理性-多表字段值对比」，点击【添加规则-合理性校验】
4. 「监控规则」配置如下：
子规则一：
「字段」：「 field_tinyint」
「统计函数」：「 多表字段值对比」
「校验表主键」：「id」
「关联表1」：「 B」，「关联表1主键」：「 id」
「计算逻辑配置1」：「A.field_tinyint+B.field_smallint」
「对比方法」：「计算结果对比」
「计算逻辑配置2」：「A.field_bigint-B.field_tinyint」
「对比规则」：「A.field_tinyint+B.field_smallint>A.field_bigint-B.field_tinyint」
「强弱规则」选择「弱规则」
「规则描述」输入「测试规则」
子规则二：
「字段」：「 field_tinyint」
「统计函数」：「 多表字段值对比」
「校验表主键」：「id」
「关联表1」：「 B」，「关联表1主键」：「 id」
「计算逻辑配置1」：「（A.field_tinyint+B.field_smallint）*A.field_tinyint」
「对比方法」：「计算结果对比」
「计算逻辑配置2」：「（A.field_bigint+B.field_tinyint）/B.field_tinyint」
「对比规则」：「（A.field_tinyint+B.field_smallint）*A.field_tinyint<（A.field_bigint+B.field_tinyint）/B.field_tinyint」
5. 点击【保存】按钮
6. 进入「规则任务管理-监控对象」页面
7. 「规则名称」输入「test_rule」
「选择数据源」选择「${DATASOURCE}」
「选择数据库」选择「${DATABASE}」
「选择数据表」选择「${TABLE}」
8. 引入规则包「合理性-多表字段值对比」，点击「下一步」按钮
9. 配置「调度属性」，保存规则，且「调度属性」中配置「规则报告」为最新结果
10. 临时运行规则，查看实例详情","1. 页面正常打开
2. 基础信息配置成功；
进入「监控规则」配置页
3. 选择成功，页面显示「合理性校验」规则配置区域
4. 监控规则配置完成
5. 规则保存成功
6. 页面正常打开
7. 监控对象配置成功；
进入「监控规则」配置页
8. 引入正确，规则内容置灰，进入「调度属性」
9. 规则保存成功
10. 实例中子规则一结果通过，子规则二结果不通过，且实例详情展示正确","1. 
2. 
3. 
4. 
5. 
6. 
7. 
8. 
9. 
10.","","2","功能测试","功能测试阶段","正常","0","1","10","通过","听筠","2026-04-09","","0000-00-00","1","",""
"183198","数据资产_STD(#23)","/版本迭代测试用例/v6.4.10/【内置规则丰富】合理性，多表，字段大小对比以及字段计算逻辑对比(#10452)","【岚图】【内置规则丰富】合理性，多表，字段大小对比以及字段计算逻辑对比(#15530)","验证「监控规则」-「合理性校验」-「多表字段值对比」-「计算结果值判断」校验不通过功能","已存在表A：
CREATE TABLE IF NOT EXISTS lantu_test.A (
--数值型
field_tinyint TINYINT COMMENT &#039;TINYINT类型&#039;,
field_smallint SMALLINT COMMENT &#039;SMALLINT类型&#039;,
field_int INT COMMENT &#039;INT类型&#039;,
field_integer INTEGER COMMENT &#039;INTEGER类型&#039;,
field_bigint BIGINT COMMENT &#039;BIGINT类型&#039;,
field_float FLOAT COMMENT &#039;FLOAT类型&#039;,
field_double DOUBLE COMMENT &#039;DOUBLE类型&#039;,
field_decimal DECIMAL(10, 2) COMMENT &#039;DECIMAL类型&#039;,
field_numeric NUMERIC(15, 4) COMMENT &#039;NUMERIC类型&#039;,
-- STRING类型
string_number STRING COMMENT &#039;数字字符串&#039;,
string_chinese STRING COMMENT &#039;中文字符串&#039;,
string_english STRING COMMENT &#039;英文字符串&#039;,
field_date DATE COMMENT &#039;日期&#039;,
field_boolean BOOLEAN COMMENT &#039;布尔类型&#039;,
field_binary BINARY COMMENT &#039;二进制类型&#039;,
id INT COMMENT &#039;ID&#039;,
user_name STRING COMMENT &#039;用户名&#039;,
age TINYINT COMMENT &#039;年龄&#039;,
phone BIGINT COMMENT &#039;手机号&#039;,
email STRING COMMENT &#039;邮箱&#039;,
salary DECIMAL(10, 2) COMMENT &#039;薪资&#039;,
is_active BOOLEAN COMMENT &#039;是否激活&#039;,
address STRING COMMENT &#039;地址&#039;,
score FLOAT COMMENT &#039;评分&#039;,
total_amount DOUBLE COMMENT &#039;总金额&#039;
) COMMENT &#039;测试表A&#039;;
INSERT INTO lantu_test.A VALUES
(
1, 100, 10000, 100000, 1000000, 3.14, 3.1415926535,
12345.67, 98765.4321, &#039;12345&#039;, &#039;你好世界&#039;, &#039;Hello World&#039;,
DATE(&#039;2024-01-15&#039;), TRUE, X&#039;48656C6C6F&#039;, 1, &#039;张三&#039;, 25, 13812345678,
&#039;zhangsan@example.com&#039;, 8500.00, TRUE, &#039;北京市朝阳区&#039;, 4.8, 99999.99
),
(
2, 200, 20000, 200000, 2000000, 2.718, 2.718281828,
23456.78, 54321.9876, &#039;67890&#039;, &#039;测试数据&#039;, &#039;Test Data&#039;,
DATE(&#039;2024-02-20&#039;), FALSE, X&#039;576F726C64&#039;, 2, &#039;李四&#039;, 30, 13987654321,
&#039;lisi@example.com&#039;, 12000.00, FALSE, &#039;上海市浦东新区&#039;, 4.2, 150000.00
),
(
3, 50, 5000, 50000, 500000, 1.414, 1.414213562,
34567.89, 12345.6789, &#039;99999&#039;, &#039;示例数据&#039;, &#039;Sample Data&#039;,
DATE(&#039;2024-03-10&#039;), TRUE, X&#039;537061726B&#039;, 3, &#039;王五&#039;, 28, 13711223344,
&#039;wangwu@example.com&#039;, 9500.00, TRUE, &#039;广州市天河区&#039;, 4.5, 88000.00
);

表B：
CREATE TABLE IF NOT EXISTS lantu_test.B(
--数值型
field_tinyint TINYINT COMMENT &#039;TINYINT类型&#039;,
field_smallint SMALLINT COMMENT &#039;SMALLINT类型&#039;,
field_int INT COMMENT &#039;INT类型&#039;,
field_integer INTEGER COMMENT &#039;INTEGER类型&#039;,
field_bigint BIGINT COMMENT &#039;BIGINT类型&#039;,
field_float FLOAT COMMENT &#039;FLOAT类型&#039;,
field_double DOUBLE COMMENT &#039;DOUBLE类型&#039;,
field_decimal DECIMAL(10, 2) COMMENT &#039;DECIMAL类型&#039;,
field_numeric NUMERIC(15, 4) COMMENT &#039;NUMERIC类型&#039;,
-- STRING类型
string_number STRING COMMENT &#039;数字字符串&#039;,
string_chinese STRING COMMENT &#039;中文字符串&#039;,
string_english STRING COMMENT &#039;英文字符串&#039;,
field_date DATE COMMENT &#039;日期&#039;,
field_boolean BOOLEAN COMMENT &#039;布尔类型&#039;,
field_binary BINARY COMMENT &#039;二进制类型&#039;,
b_id INT COMMENT &#039;ID&#039;,
b_name STRING COMMENT &#039;用户名&#039;,
email STRING COMMENT &#039;邮箱&#039;,
is_active BOOLEAN COMMENT &#039;是否激活&#039;
) COMMENT &#039;测试表B&#039;;
INSERT INTO lantu_test.B VALUES
(
1,100,10000,100000,1000000,3.14,3.1415926535,12345.67,98765.4321,&#039;12345&#039;,&#039;你好世界&#039;,&#039;Hello World&#039;,DATE(&#039;2024-01-15&#039;) ,TRUE,X&#039;48656C6C6F&#039;,
1,  -- 匹配A表a_id=1
&#039;张三&#039;,  -- 匹配A表a_name = &#039;张三&#039;
&#039;zhangsan@example.com&#039;,TRUE
),
(
2,200,20000,200000,2000000,2.718,2.718281828,23456.78,54321.9876,&#039;67890&#039;,&#039;测试数据&#039;,&#039;Test Data&#039;,DATE(&#039;2024-02-20&#039;) ,FALSE,X&#039;576F726C64&#039;,
3,  -- 匹配A表a_id=3
&#039;张四&#039;,&#039;zhangsan2@example.com&#039;,FALSE
),
(    3,50,5000,50000,500000,1.414,1.414213562,34567.89,12345.6789,&#039;99999&#039;,&#039;示例数据&#039;,&#039;Sample Data&#039;,DATE(&#039;2024-03-10&#039;) ,TRUE,X&#039;537061726B&#039;,
5,&#039;李四&#039;,  -- 匹配A表a_name = &#039;李四&#039;
&#039;lisi@example.com&#039;,TRUE
);","1. 进入「资产-数据质量-规则集管理-基础信息」页面
2. 「选择数据源」选择「${DATASOURCE}」
「选择数据库」选择「${DATABASE}」
「选择数据表」选择「${TABLE}」
「规则包名称」填写「合理性-多表字段值对比」
3. 点击「新增规则包」-「合理性-多表字段值对比」，点击【添加规则-合理性校验】
4. 「监控规则」配置如下：
「字段」：「 field_float」
「统计函数」：「 多表字段值对比」
「校验表主键」：「id」
「关联表1」：「 B」，「关联表1主键」：「 id」
「计算逻辑配置1」：「（A.field_float-B.field_float）/A.field_float」
「对比方法」：「计算结果值判断」
「结果值」：「>=100且=10000」
「强弱规则」选择「弱规则」
「规则描述」输入「测试规则」
5. 点击【保存】按钮
6. 进入「规则任务管理-监控对象」页面
7. 「规则名称」输入「test_rule」
「选择数据源」选择「${DATASOURCE}」
「选择数据库」选择「${DATABASE}」
「选择数据表」选择「${TABLE}」
8. 引入规则包「合理性-多表字段值对比」，点击「下一步」按钮
9. 配置「调度属性」，保存规则，且「调度属性」中配置「规则报告」为最新结果
10. 临时运行规则，查看实例详情","1. 页面正常打开
2. 基础信息配置成功；
进入「监控规则」配置页
3. 选择成功，页面显示「合理性校验」规则配置区域
4. 监控规则配置完成
5. 规则保存成功
6. 页面正常打开
7. 监控对象配置成功；
进入「监控规则」配置页
8. 引入正确，规则内容置灰，进入「调度属性」
9. 规则保存成功
10. 实例运行结果不通过，且实例详情展示正确","1. 
2. 
3. 
4. 
5. 
6. 
7. 
8. 
9. 
10.","","1","功能测试","功能测试阶段","正常","0","2","10","通过","听筠","2026-04-09","","0000-00-00","1","",""
"183197","数据资产_STD(#23)","/版本迭代测试用例/v6.4.10/【内置规则丰富】合理性，多表，字段大小对比以及字段计算逻辑对比(#10452)","【岚图】【内置规则丰富】合理性，多表，字段大小对比以及字段计算逻辑对比(#15530)","验证「监控规则」-「合理性校验」-「多表字段值对比」-「计算结果值判断」校验通过功能","已存在表A：
CREATE TABLE IF NOT EXISTS lantu_test.A (
--数值型
field_tinyint TINYINT COMMENT &#039;TINYINT类型&#039;,
field_smallint SMALLINT COMMENT &#039;SMALLINT类型&#039;,
field_int INT COMMENT &#039;INT类型&#039;,
field_integer INTEGER COMMENT &#039;INTEGER类型&#039;,
field_bigint BIGINT COMMENT &#039;BIGINT类型&#039;,
field_float FLOAT COMMENT &#039;FLOAT类型&#039;,
field_double DOUBLE COMMENT &#039;DOUBLE类型&#039;,
field_decimal DECIMAL(10, 2) COMMENT &#039;DECIMAL类型&#039;,
field_numeric NUMERIC(15, 4) COMMENT &#039;NUMERIC类型&#039;,
-- STRING类型
string_number STRING COMMENT &#039;数字字符串&#039;,
string_chinese STRING COMMENT &#039;中文字符串&#039;,
string_english STRING COMMENT &#039;英文字符串&#039;,
field_date DATE COMMENT &#039;日期&#039;,
field_boolean BOOLEAN COMMENT &#039;布尔类型&#039;,
field_binary BINARY COMMENT &#039;二进制类型&#039;,
id INT COMMENT &#039;ID&#039;,
user_name STRING COMMENT &#039;用户名&#039;,
age TINYINT COMMENT &#039;年龄&#039;,
phone BIGINT COMMENT &#039;手机号&#039;,
email STRING COMMENT &#039;邮箱&#039;,
salary DECIMAL(10, 2) COMMENT &#039;薪资&#039;,
is_active BOOLEAN COMMENT &#039;是否激活&#039;,
address STRING COMMENT &#039;地址&#039;,
score FLOAT COMMENT &#039;评分&#039;,
total_amount DOUBLE COMMENT &#039;总金额&#039;
) COMMENT &#039;测试表A&#039;;
INSERT INTO lantu_test.A VALUES
(
1, 100, 10000, 100000, 1000000, 3.14, 3.1415926535,
12345.67, 98765.4321, &#039;12345&#039;, &#039;你好世界&#039;, &#039;Hello World&#039;,
DATE(&#039;2024-01-15&#039;), TRUE, X&#039;48656C6C6F&#039;, 1, &#039;张三&#039;, 25, 13812345678,
&#039;zhangsan@example.com&#039;, 8500.00, TRUE, &#039;北京市朝阳区&#039;, 4.8, 99999.99
),
(
2, 200, 20000, 200000, 2000000, 2.718, 2.718281828,
23456.78, 54321.9876, &#039;67890&#039;, &#039;测试数据&#039;, &#039;Test Data&#039;,
DATE(&#039;2024-02-20&#039;), FALSE, X&#039;576F726C64&#039;, 2, &#039;李四&#039;, 30, 13987654321,
&#039;lisi@example.com&#039;, 12000.00, FALSE, &#039;上海市浦东新区&#039;, 4.2, 150000.00
),
(
3, 50, 5000, 50000, 500000, 1.414, 1.414213562,
34567.89, 12345.6789, &#039;99999&#039;, &#039;示例数据&#039;, &#039;Sample Data&#039;,
DATE(&#039;2024-03-10&#039;), TRUE, X&#039;537061726B&#039;, 3, &#039;王五&#039;, 28, 13711223344,
&#039;wangwu@example.com&#039;, 9500.00, TRUE, &#039;广州市天河区&#039;, 4.5, 88000.00
);

表B：
CREATE TABLE IF NOT EXISTS lantu_test.B(
--数值型
field_tinyint TINYINT COMMENT &#039;TINYINT类型&#039;,
field_smallint SMALLINT COMMENT &#039;SMALLINT类型&#039;,
field_int INT COMMENT &#039;INT类型&#039;,
field_integer INTEGER COMMENT &#039;INTEGER类型&#039;,
field_bigint BIGINT COMMENT &#039;BIGINT类型&#039;,
field_float FLOAT COMMENT &#039;FLOAT类型&#039;,
field_double DOUBLE COMMENT &#039;DOUBLE类型&#039;,
field_decimal DECIMAL(10, 2) COMMENT &#039;DECIMAL类型&#039;,
field_numeric NUMERIC(15, 4) COMMENT &#039;NUMERIC类型&#039;,
-- STRING类型
string_number STRING COMMENT &#039;数字字符串&#039;,
string_chinese STRING COMMENT &#039;中文字符串&#039;,
string_english STRING COMMENT &#039;英文字符串&#039;,
field_date DATE COMMENT &#039;日期&#039;,
field_boolean BOOLEAN COMMENT &#039;布尔类型&#039;,
field_binary BINARY COMMENT &#039;二进制类型&#039;,
b_id INT COMMENT &#039;ID&#039;,
b_name STRING COMMENT &#039;用户名&#039;,
email STRING COMMENT &#039;邮箱&#039;,
is_active BOOLEAN COMMENT &#039;是否激活&#039;
) COMMENT &#039;测试表B&#039;;
INSERT INTO lantu_test.B VALUES
(
1,100,10000,100000,1000000,3.14,3.1415926535,12345.67,98765.4321,&#039;12345&#039;,&#039;你好世界&#039;,&#039;Hello World&#039;,DATE(&#039;2024-01-15&#039;) ,TRUE,X&#039;48656C6C6F&#039;,
1,  -- 匹配A表a_id=1
&#039;张三&#039;,  -- 匹配A表a_name = &#039;张三&#039;
&#039;zhangsan@example.com&#039;,TRUE
),
(
2,200,20000,200000,2000000,2.718,2.718281828,23456.78,54321.9876,&#039;67890&#039;,&#039;测试数据&#039;,&#039;Test Data&#039;,DATE(&#039;2024-02-20&#039;) ,FALSE,X&#039;576F726C64&#039;,
3,  -- 匹配A表a_id=3
&#039;张四&#039;,&#039;zhangsan2@example.com&#039;,FALSE
),
(    3,50,5000,50000,500000,1.414,1.414213562,34567.89,12345.6789,&#039;99999&#039;,&#039;示例数据&#039;,&#039;Sample Data&#039;,DATE(&#039;2024-03-10&#039;) ,TRUE,X&#039;537061726B&#039;,
5,&#039;李四&#039;,  -- 匹配A表a_name = &#039;李四&#039;
&#039;lisi@example.com&#039;,TRUE
);","1. 进入「资产-数据质量-规则集管理-基础信息」页面
2. 「选择数据源」选择「${DATASOURCE}」
「选择数据库」选择「${DATABASE}」
「选择数据表」选择「${TABLE}」
「规则包名称」填写「合理性-多表字段值对比」
3. 点击「新增规则包」-「合理性-多表字段值对比」，点击【添加规则-合理性校验】
4. 「监控规则」配置如下：
「字段」：「 field_float」
「统计函数」：「 多表字段值对比」
「校验表主键」：「id」
「关联表1」：「 B」，「关联表1主键」：「 id」
「计算逻辑配置1」：「（A.field_float-B.field_float）/A.field_float」
「对比方法」：「计算结果值判断」
「结果值」：「>=1或<=10000」
「强弱规则」选择「弱规则」
「规则描述」输入「测试规则」
5. 点击【保存】按钮
6. 进入「规则任务管理-监控对象」页面
7. 「规则名称」输入「test_rule」
「选择数据源」选择「${DATASOURCE}」
「选择数据库」选择「${DATABASE}」
「选择数据表」选择「${TABLE}」
8. 引入规则包「合理性-多表字段值对比」，点击「下一步」按钮
9. 配置「调度属性」，保存规则，且「调度属性」中配置「规则报告」为最新结果
10. 临时运行规则，查看实例详情","1. 页面正常打开
2. 基础信息配置成功；
进入「监控规则」配置页
3. 选择成功，页面显示「合理性校验」规则配置区域
4. 监控规则配置完成
5. 规则保存成功
6. 页面正常打开
7. 监控对象配置成功；
进入「监控规则」配置页
8. 引入正确，规则内容置灰，进入「调度属性」
9. 规则保存成功
10. 实例运行结果通过，且实例详情展示正确","1. 
2. 
3. 
4. 
5. 
6. 
7. 
8. 
9. 
10.","","1","功能测试","功能测试阶段","正常","0","2","10","通过","听筠","2026-04-09","","0000-00-00","1","",""
"183196","数据资产_STD(#23)","/版本迭代测试用例/v6.4.10/【内置规则丰富】合理性，多表，字段大小对比以及字段计算逻辑对比(#10452)","【岚图】【内置规则丰富】合理性，多表，字段大小对比以及字段计算逻辑对比(#15530)","验证「监控规则」-「合理性校验」-「多表字段值对比」-「计算结果对比」校验不通过功能","已存在表A：
CREATE TABLE IF NOT EXISTS lantu_test.A (
--数值型
field_tinyint TINYINT COMMENT &#039;TINYINT类型&#039;,
field_smallint SMALLINT COMMENT &#039;SMALLINT类型&#039;,
field_int INT COMMENT &#039;INT类型&#039;,
field_integer INTEGER COMMENT &#039;INTEGER类型&#039;,
field_bigint BIGINT COMMENT &#039;BIGINT类型&#039;,
field_float FLOAT COMMENT &#039;FLOAT类型&#039;,
field_double DOUBLE COMMENT &#039;DOUBLE类型&#039;,
field_decimal DECIMAL(10, 2) COMMENT &#039;DECIMAL类型&#039;,
field_numeric NUMERIC(15, 4) COMMENT &#039;NUMERIC类型&#039;,
-- STRING类型
string_number STRING COMMENT &#039;数字字符串&#039;,
string_chinese STRING COMMENT &#039;中文字符串&#039;,
string_english STRING COMMENT &#039;英文字符串&#039;,
field_date DATE COMMENT &#039;日期&#039;,
field_boolean BOOLEAN COMMENT &#039;布尔类型&#039;,
field_binary BINARY COMMENT &#039;二进制类型&#039;,
id INT COMMENT &#039;ID&#039;,
user_name STRING COMMENT &#039;用户名&#039;,
age TINYINT COMMENT &#039;年龄&#039;,
phone BIGINT COMMENT &#039;手机号&#039;,
email STRING COMMENT &#039;邮箱&#039;,
salary DECIMAL(10, 2) COMMENT &#039;薪资&#039;,
is_active BOOLEAN COMMENT &#039;是否激活&#039;,
address STRING COMMENT &#039;地址&#039;,
score FLOAT COMMENT &#039;评分&#039;,
total_amount DOUBLE COMMENT &#039;总金额&#039;
) COMMENT &#039;测试表A&#039;;
INSERT INTO lantu_test.A VALUES
(
1, 100, 10000, 100000, 1000000, 3.14, 3.1415926535,
12345.67, 98765.4321, &#039;12345&#039;, &#039;你好世界&#039;, &#039;Hello World&#039;,
DATE(&#039;2024-01-15&#039;), TRUE, X&#039;48656C6C6F&#039;, 1, &#039;张三&#039;, 25, 13812345678,
&#039;zhangsan@example.com&#039;, 8500.00, TRUE, &#039;北京市朝阳区&#039;, 4.8, 99999.99
),
(
2, 200, 20000, 200000, 2000000, 2.718, 2.718281828,
23456.78, 54321.9876, &#039;67890&#039;, &#039;测试数据&#039;, &#039;Test Data&#039;,
DATE(&#039;2024-02-20&#039;), FALSE, X&#039;576F726C64&#039;, 2, &#039;李四&#039;, 30, 13987654321,
&#039;lisi@example.com&#039;, 12000.00, FALSE, &#039;上海市浦东新区&#039;, 4.2, 150000.00
),
(
3, 50, 5000, 50000, 500000, 1.414, 1.414213562,
34567.89, 12345.6789, &#039;99999&#039;, &#039;示例数据&#039;, &#039;Sample Data&#039;,
DATE(&#039;2024-03-10&#039;), TRUE, X&#039;537061726B&#039;, 3, &#039;王五&#039;, 28, 13711223344,
&#039;wangwu@example.com&#039;, 9500.00, TRUE, &#039;广州市天河区&#039;, 4.5, 88000.00
);

表B：
CREATE TABLE IF NOT EXISTS lantu_test.B(
--数值型
field_tinyint TINYINT COMMENT &#039;TINYINT类型&#039;,
field_smallint SMALLINT COMMENT &#039;SMALLINT类型&#039;,
field_int INT COMMENT &#039;INT类型&#039;,
field_integer INTEGER COMMENT &#039;INTEGER类型&#039;,
field_bigint BIGINT COMMENT &#039;BIGINT类型&#039;,
field_float FLOAT COMMENT &#039;FLOAT类型&#039;,
field_double DOUBLE COMMENT &#039;DOUBLE类型&#039;,
field_decimal DECIMAL(10, 2) COMMENT &#039;DECIMAL类型&#039;,
field_numeric NUMERIC(15, 4) COMMENT &#039;NUMERIC类型&#039;,
-- STRING类型
string_number STRING COMMENT &#039;数字字符串&#039;,
string_chinese STRING COMMENT &#039;中文字符串&#039;,
string_english STRING COMMENT &#039;英文字符串&#039;,
field_date DATE COMMENT &#039;日期&#039;,
field_boolean BOOLEAN COMMENT &#039;布尔类型&#039;,
field_binary BINARY COMMENT &#039;二进制类型&#039;,
b_id INT COMMENT &#039;ID&#039;,
b_name STRING COMMENT &#039;用户名&#039;,
email STRING COMMENT &#039;邮箱&#039;,
is_active BOOLEAN COMMENT &#039;是否激活&#039;
) COMMENT &#039;测试表B&#039;;
INSERT INTO lantu_test.B VALUES
(
1,100,10000,100000,1000000,3.14,3.1415926535,12345.67,98765.4321,&#039;12345&#039;,&#039;你好世界&#039;,&#039;Hello World&#039;,DATE(&#039;2024-01-15&#039;) ,TRUE,X&#039;48656C6C6F&#039;,
1,  -- 匹配A表a_id=1
&#039;张三&#039;,  -- 匹配A表a_name = &#039;张三&#039;
&#039;zhangsan@example.com&#039;,TRUE
),
(
2,200,20000,200000,2000000,2.718,2.718281828,23456.78,54321.9876,&#039;67890&#039;,&#039;测试数据&#039;,&#039;Test Data&#039;,DATE(&#039;2024-02-20&#039;) ,FALSE,X&#039;576F726C64&#039;,
3,  -- 匹配A表a_id=3
&#039;张四&#039;,&#039;zhangsan2@example.com&#039;,FALSE
),
(    3,50,5000,50000,500000,1.414,1.414213562,34567.89,12345.6789,&#039;99999&#039;,&#039;示例数据&#039;,&#039;Sample Data&#039;,DATE(&#039;2024-03-10&#039;) ,TRUE,X&#039;537061726B&#039;,
5,&#039;李四&#039;,  -- 匹配A表a_name = &#039;李四&#039;
&#039;lisi@example.com&#039;,TRUE
);","1. 进入「资产-数据质量-规则集管理-基础信息」页面
2. 「选择数据源」选择「${DATASOURCE}」
「选择数据库」选择「${DATABASE}」
「选择数据表」选择「${TABLE}」
「规则包名称」填写「合理性-多表字段值对比」
3. 点击「新增规则包」-「合理性-多表字段值对比」，点击【添加规则-合理性校验】
4. 「监控规则」配置如下：
「字段」：「 field_smallint」
「统计函数」：「 多表字段值对比」
「校验表主键」：「id」
「关联表1」：「 B」，「关联表1主键」：「 id」
「计算逻辑配置1」：「A.field_smallint+B.field_smallint」
「对比方法」：「计算结果对比」
「计算逻辑配置2」：「（A.field_bigint+B.field_int）*field_tinyint」
「对比规则」：「A.field_smallint+B.field_smallint=（A.field_bigint+B.field_int）*field_tinyint」
「强弱规则」选择「弱规则」
「规则描述」输入「测试规则」
5. 点击【保存】按钮
6. 进入「规则任务管理-监控对象」页面
7. 「规则名称」输入「test_rule」
「选择数据源」选择「${DATASOURCE}」
「选择数据库」选择「${DATABASE}」
「选择数据表」选择「${TABLE}」
8. 引入规则包「合理性-多表字段值对比」，点击「下一步」按钮
9. 配置「调度属性」，保存规则，且「调度属性」中配置「规则报告」为最新结果
10. 临时运行规则，查看实例详情","1. 页面正常打开
2. 基础信息配置成功；
进入「监控规则」配置页
3. 选择成功，页面显示「合理性校验」规则配置区域
4. 监控规则配置完成
5. 规则保存成功
6. 页面正常打开
7. 监控对象配置成功；
进入「监控规则」配置页
8. 引入正确，规则内容置灰，进入「调度属性」
9. 规则保存成功
10. 实例运行结果不通过，且实例详情展示正确","1. 
2. 
3. 
4. 
5. 
6. 
7. 
8. 
9. 
10.","","1","功能测试","功能测试阶段","正常","0","3","10","通过","听筠","2026-04-09","","0000-00-00","1","",""
"183195","数据资产_STD(#23)","/版本迭代测试用例/v6.4.10/【内置规则丰富】合理性，多表，字段大小对比以及字段计算逻辑对比(#10452)","【岚图】【内置规则丰富】合理性，多表，字段大小对比以及字段计算逻辑对比(#15530)","验证「监控规则」-「合理性校验」-「多表字段值对比」-「计算结果对比」校验通过功能","已存在表A：
CREATE TABLE IF NOT EXISTS lantu_test.A (
--数值型
field_tinyint TINYINT COMMENT &#039;TINYINT类型&#039;,
field_smallint SMALLINT COMMENT &#039;SMALLINT类型&#039;,
field_int INT COMMENT &#039;INT类型&#039;,
field_integer INTEGER COMMENT &#039;INTEGER类型&#039;,
field_bigint BIGINT COMMENT &#039;BIGINT类型&#039;,
field_float FLOAT COMMENT &#039;FLOAT类型&#039;,
field_double DOUBLE COMMENT &#039;DOUBLE类型&#039;,
field_decimal DECIMAL(10, 2) COMMENT &#039;DECIMAL类型&#039;,
field_numeric NUMERIC(15, 4) COMMENT &#039;NUMERIC类型&#039;,
-- STRING类型
string_number STRING COMMENT &#039;数字字符串&#039;,
string_chinese STRING COMMENT &#039;中文字符串&#039;,
string_english STRING COMMENT &#039;英文字符串&#039;,
field_date DATE COMMENT &#039;日期&#039;,
field_boolean BOOLEAN COMMENT &#039;布尔类型&#039;,
field_binary BINARY COMMENT &#039;二进制类型&#039;,
id INT COMMENT &#039;ID&#039;,
user_name STRING COMMENT &#039;用户名&#039;,
age TINYINT COMMENT &#039;年龄&#039;,
phone BIGINT COMMENT &#039;手机号&#039;,
email STRING COMMENT &#039;邮箱&#039;,
salary DECIMAL(10, 2) COMMENT &#039;薪资&#039;,
is_active BOOLEAN COMMENT &#039;是否激活&#039;,
address STRING COMMENT &#039;地址&#039;,
score FLOAT COMMENT &#039;评分&#039;,
total_amount DOUBLE COMMENT &#039;总金额&#039;
) COMMENT &#039;测试表A&#039;;
INSERT INTO lantu_test.A VALUES
(
1, 100, 10000, 100000, 1000000, 3.14, 3.1415926535,
12345.67, 98765.4321, &#039;12345&#039;, &#039;你好世界&#039;, &#039;Hello World&#039;,
DATE(&#039;2024-01-15&#039;), TRUE, X&#039;48656C6C6F&#039;, 1, &#039;张三&#039;, 25, 13812345678,
&#039;zhangsan@example.com&#039;, 8500.00, TRUE, &#039;北京市朝阳区&#039;, 4.8, 99999.99
),
(
2, 200, 20000, 200000, 2000000, 2.718, 2.718281828,
23456.78, 54321.9876, &#039;67890&#039;, &#039;测试数据&#039;, &#039;Test Data&#039;,
DATE(&#039;2024-02-20&#039;), FALSE, X&#039;576F726C64&#039;, 2, &#039;李四&#039;, 30, 13987654321,
&#039;lisi@example.com&#039;, 12000.00, FALSE, &#039;上海市浦东新区&#039;, 4.2, 150000.00
),
(
3, 50, 5000, 50000, 500000, 1.414, 1.414213562,
34567.89, 12345.6789, &#039;99999&#039;, &#039;示例数据&#039;, &#039;Sample Data&#039;,
DATE(&#039;2024-03-10&#039;), TRUE, X&#039;537061726B&#039;, 3, &#039;王五&#039;, 28, 13711223344,
&#039;wangwu@example.com&#039;, 9500.00, TRUE, &#039;广州市天河区&#039;, 4.5, 88000.00
);

表B：
CREATE TABLE IF NOT EXISTS lantu_test.B(
--数值型
field_tinyint TINYINT COMMENT &#039;TINYINT类型&#039;,
field_smallint SMALLINT COMMENT &#039;SMALLINT类型&#039;,
field_int INT COMMENT &#039;INT类型&#039;,
field_integer INTEGER COMMENT &#039;INTEGER类型&#039;,
field_bigint BIGINT COMMENT &#039;BIGINT类型&#039;,
field_float FLOAT COMMENT &#039;FLOAT类型&#039;,
field_double DOUBLE COMMENT &#039;DOUBLE类型&#039;,
field_decimal DECIMAL(10, 2) COMMENT &#039;DECIMAL类型&#039;,
field_numeric NUMERIC(15, 4) COMMENT &#039;NUMERIC类型&#039;,
-- STRING类型
string_number STRING COMMENT &#039;数字字符串&#039;,
string_chinese STRING COMMENT &#039;中文字符串&#039;,
string_english STRING COMMENT &#039;英文字符串&#039;,
field_date DATE COMMENT &#039;日期&#039;,
field_boolean BOOLEAN COMMENT &#039;布尔类型&#039;,
field_binary BINARY COMMENT &#039;二进制类型&#039;,
b_id INT COMMENT &#039;ID&#039;,
b_name STRING COMMENT &#039;用户名&#039;,
email STRING COMMENT &#039;邮箱&#039;,
is_active BOOLEAN COMMENT &#039;是否激活&#039;
) COMMENT &#039;测试表B&#039;;
INSERT INTO lantu_test.B VALUES
(
1,100,10000,100000,1000000,3.14,3.1415926535,12345.67,98765.4321,&#039;12345&#039;,&#039;你好世界&#039;,&#039;Hello World&#039;,DATE(&#039;2024-01-15&#039;) ,TRUE,X&#039;48656C6C6F&#039;,
1,  -- 匹配A表a_id=1
&#039;张三&#039;,  -- 匹配A表a_name = &#039;张三&#039;
&#039;zhangsan@example.com&#039;,TRUE
),
(
2,200,20000,200000,2000000,2.718,2.718281828,23456.78,54321.9876,&#039;67890&#039;,&#039;测试数据&#039;,&#039;Test Data&#039;,DATE(&#039;2024-02-20&#039;) ,FALSE,X&#039;576F726C64&#039;,
3,  -- 匹配A表a_id=3
&#039;张四&#039;,&#039;zhangsan2@example.com&#039;,FALSE
),
(    3,50,5000,50000,500000,1.414,1.414213562,34567.89,12345.6789,&#039;99999&#039;,&#039;示例数据&#039;,&#039;Sample Data&#039;,DATE(&#039;2024-03-10&#039;) ,TRUE,X&#039;537061726B&#039;,
5,&#039;李四&#039;,  -- 匹配A表a_name = &#039;李四&#039;
&#039;lisi@example.com&#039;,TRUE
);","1. 进入「资产-数据质量-规则集管理-基础信息」页面
2. 「选择数据源」选择「${DATASOURCE}」
「选择数据库」选择「${DATABASE}」
「选择数据表」选择「${TABLE}」
「规则包名称」填写「合理性-多表字段值对比」
3. 点击「新增规则包」-「合理性-多表字段值对比」，点击【添加规则-合理性校验】
4. 「监控规则」配置如下：
「字段」：「 field_int 」
「统计函数」：「 多表字段值对比」
「校验表主键」：「id」
「关联表1」：「 B」，「关联表1主键」：「 id」
「计算逻辑配置1」：「A.field_tinyint+B.field_smallint」
「对比方法」：「计算结果对比」
「计算逻辑配置2」：「A.field_bigint+B.field_bigint」
「对比规则」：「A.field_tinyint+B.field_smallint>A.field_bigint+B.field_bigint」
「强弱规则」选择「弱规则」
「规则描述」输入「测试规则」
5. 点击【保存】按钮
6. 进入「规则任务管理-监控对象」页面
7. 「规则名称」输入「test_rule」
「选择数据源」选择「${DATASOURCE}」
「选择数据库」选择「${DATABASE}」
「选择数据表」选择「${TABLE}」
8. 引入规则包「合理性-多表字段值对比」，点击「下一步」按钮
9. 配置「调度属性」，保存规则，且「调度属性」中配置「规则报告」为最新结果
10. 临时运行规则，查看实例详情","1. 页面正常打开
2. 基础信息配置成功；
进入「监控规则」配置页
3. 选择成功，页面显示「合理性校验」规则配置区域
4. 监控规则配置完成
5. 规则保存成功
6. 页面正常打开
7. 监控对象配置成功；
进入「监控规则」配置页
8. 引入正确，规则内容置灰，进入「调度属性」
9. 规则保存成功
10. 实例运行结果通过，且实例详情展示正确","1. 
2. 
3. 
4. 
5. 
6. 
7. 
8. 
9. 
10.","","1","功能测试","功能测试阶段","正常","0","3","10","通过","听筠","2026-04-09","","0000-00-00","1","",""
"183194","数据资产_STD(#23)","/版本迭代测试用例/v6.4.10/【内置规则丰富】合理性，多表，字段大小对比以及字段计算逻辑对比(#10452)","【岚图】【内置规则丰富】合理性，多表，字段大小对比以及字段计算逻辑对比(#15530)","验证「监控规则」-「合理性校验」-「多表字段值对比」-「计算逻辑配置」弹窗页数据表选择功能正确","1、已存在表A：
CREATE TABLE IF NOT EXISTS lantu_test.A (
--数值型
field_tinyint TINYINT COMMENT &#039;TINYINT类型&#039;,
field_smallint SMALLINT COMMENT &#039;SMALLINT类型&#039;,
field_int INT COMMENT &#039;INT类型&#039;,
field_integer INTEGER COMMENT &#039;INTEGER类型&#039;,
field_bigint BIGINT COMMENT &#039;BIGINT类型&#039;,
field_float FLOAT COMMENT &#039;FLOAT类型&#039;,
field_double DOUBLE COMMENT &#039;DOUBLE类型&#039;,
field_decimal DECIMAL(10, 2) COMMENT &#039;DECIMAL类型&#039;,
field_numeric NUMERIC(15, 4) COMMENT &#039;NUMERIC类型&#039;,
-- STRING类型
string_number STRING COMMENT &#039;数字字符串&#039;,
string_chinese STRING COMMENT &#039;中文字符串&#039;,
string_english STRING COMMENT &#039;英文字符串&#039;,
field_date DATE COMMENT &#039;日期&#039;,
field_boolean BOOLEAN COMMENT &#039;布尔类型&#039;,
field_binary BINARY COMMENT &#039;二进制类型&#039;,
id INT COMMENT &#039;ID&#039;,
user_name STRING COMMENT &#039;用户名&#039;,
age TINYINT COMMENT &#039;年龄&#039;,
phone BIGINT COMMENT &#039;手机号&#039;,
email STRING COMMENT &#039;邮箱&#039;,
salary DECIMAL(10, 2) COMMENT &#039;薪资&#039;,
is_active BOOLEAN COMMENT &#039;是否激活&#039;,
address STRING COMMENT &#039;地址&#039;,
score FLOAT COMMENT &#039;评分&#039;,
total_amount DOUBLE COMMENT &#039;总金额&#039;
) COMMENT &#039;测试表A&#039;;
INSERT INTO lantu_test.A VALUES
(
1, 100, 10000, 100000, 1000000, 3.14, 3.1415926535,
12345.67, 98765.4321, &#039;12345&#039;, &#039;你好世界&#039;, &#039;Hello World&#039;,
DATE(&#039;2024-01-15&#039;), TRUE, X&#039;48656C6C6F&#039;, 1, &#039;张三&#039;, 25, 13812345678,
&#039;zhangsan@example.com&#039;, 8500.00, TRUE, &#039;北京市朝阳区&#039;, 4.8, 99999.99
),
(
2, 200, 20000, 200000, 2000000, 2.718, 2.718281828,
23456.78, 54321.9876, &#039;67890&#039;, &#039;测试数据&#039;, &#039;Test Data&#039;,
DATE(&#039;2024-02-20&#039;), FALSE, X&#039;576F726C64&#039;, 2, &#039;李四&#039;, 30, 13987654321,
&#039;lisi@example.com&#039;, 12000.00, FALSE, &#039;上海市浦东新区&#039;, 4.2, 150000.00
),
(
3, 50, 5000, 50000, 500000, 1.414, 1.414213562,
34567.89, 12345.6789, &#039;99999&#039;, &#039;示例数据&#039;, &#039;Sample Data&#039;,
DATE(&#039;2024-03-10&#039;), TRUE, X&#039;537061726B&#039;, 3, &#039;王五&#039;, 28, 13711223344,
&#039;wangwu@example.com&#039;, 9500.00, TRUE, &#039;广州市天河区&#039;, 4.5, 88000.00
);

2、表B：
CREATE TABLE IF NOT EXISTS lantu_test.B(
--数值型
field_tinyint TINYINT COMMENT &#039;TINYINT类型&#039;,
field_smallint SMALLINT COMMENT &#039;SMALLINT类型&#039;,
field_int INT COMMENT &#039;INT类型&#039;,
field_integer INTEGER COMMENT &#039;INTEGER类型&#039;,
field_bigint BIGINT COMMENT &#039;BIGINT类型&#039;,
field_float FLOAT COMMENT &#039;FLOAT类型&#039;,
field_double DOUBLE COMMENT &#039;DOUBLE类型&#039;,
field_decimal DECIMAL(10, 2) COMMENT &#039;DECIMAL类型&#039;,
field_numeric NUMERIC(15, 4) COMMENT &#039;NUMERIC类型&#039;,
-- STRING类型
string_number STRING COMMENT &#039;数字字符串&#039;,
string_chinese STRING COMMENT &#039;中文字符串&#039;,
string_english STRING COMMENT &#039;英文字符串&#039;,
field_date DATE COMMENT &#039;日期&#039;,
field_boolean BOOLEAN COMMENT &#039;布尔类型&#039;,
field_binary BINARY COMMENT &#039;二进制类型&#039;,
b_id INT COMMENT &#039;ID&#039;,
b_name STRING COMMENT &#039;用户名&#039;,
email STRING COMMENT &#039;邮箱&#039;,
is_active BOOLEAN COMMENT &#039;是否激活&#039;
) COMMENT &#039;测试表B&#039;;
INSERT INTO lantu_test.B VALUES
(
1,100,10000,100000,1000000,3.14,3.1415926535,12345.67,98765.4321,&#039;12345&#039;,&#039;你好世界&#039;,&#039;Hello World&#039;,DATE(&#039;2024-01-15&#039;) ,TRUE,X&#039;48656C6C6F&#039;,
1,  -- 匹配A表a_id=1
&#039;张三&#039;,  -- 匹配A表a_name = &#039;张三&#039;
&#039;zhangsan@example.com&#039;,TRUE
),
(
2,200,20000,200000,2000000,2.718,2.718281828,23456.78,54321.9876,&#039;67890&#039;,&#039;测试数据&#039;,&#039;Test Data&#039;,DATE(&#039;2024-02-20&#039;) ,FALSE,X&#039;576F726C64&#039;,
3,  -- 匹配A表a_id=3
&#039;张四&#039;,&#039;zhangsan2@example.com&#039;,FALSE
),
(    3,50,5000,50000,500000,1.414,1.414213562,34567.89,12345.6789,&#039;99999&#039;,&#039;示例数据&#039;,&#039;Sample Data&#039;,DATE(&#039;2024-03-10&#039;) ,TRUE,X&#039;537061726B&#039;,
5,&#039;李四&#039;,  -- 匹配A表a_name = &#039;李四&#039;
&#039;lisi@example.com&#039;,TRUE
);
3、表C，建表语句同上","1. 进入「资产-数据质量-规则集管理-监控规则」页面
2. 添加「合理性校验-多表字段值对比」规则
3. 仅关联表B
4. 点击「设置」图标按钮
5. 查看「数据表」区域
6. 选择表B
7. 选择表C","1. 页面正常进入
2. 规则正常添加
3. 关联成功
4. 弹出「计算逻辑配置」弹窗
5. 默认选择当前校验表A
6. 支持选择，可搜索选择表B下面的数值型和string类型的字段
7. 不支持选择","1. 
2. 
3. 
4. 
5. 
6. 
7.","","3","功能测试","功能测试阶段","正常","0","1","7","通过","听筠","2026-04-09","","0000-00-00","1","",""
"183193","数据资产_STD(#23)","/版本迭代测试用例/v6.4.10/【内置规则丰富】合理性，多表，字段大小对比以及字段计算逻辑对比(#10452)","【岚图】【内置规则丰富】合理性，多表，字段大小对比以及字段计算逻辑对比(#15530)","验证「监控规则」-「合理性校验」-「多表字段值对比」-「计算逻辑配置」弹窗页内容清除和复制表名功能正确","已存在表A：
CREATE TABLE IF NOT EXISTS lantu_test.A (
--数值型
field_tinyint TINYINT COMMENT &#039;TINYINT类型&#039;,
field_smallint SMALLINT COMMENT &#039;SMALLINT类型&#039;,
field_int INT COMMENT &#039;INT类型&#039;,
field_integer INTEGER COMMENT &#039;INTEGER类型&#039;,
field_bigint BIGINT COMMENT &#039;BIGINT类型&#039;,
field_float FLOAT COMMENT &#039;FLOAT类型&#039;,
field_double DOUBLE COMMENT &#039;DOUBLE类型&#039;,
field_decimal DECIMAL(10, 2) COMMENT &#039;DECIMAL类型&#039;,
field_numeric NUMERIC(15, 4) COMMENT &#039;NUMERIC类型&#039;,
-- STRING类型
string_number STRING COMMENT &#039;数字字符串&#039;,
string_chinese STRING COMMENT &#039;中文字符串&#039;,
string_english STRING COMMENT &#039;英文字符串&#039;,
field_date DATE COMMENT &#039;日期&#039;,
field_boolean BOOLEAN COMMENT &#039;布尔类型&#039;,
field_binary BINARY COMMENT &#039;二进制类型&#039;,
id INT COMMENT &#039;ID&#039;,
user_name STRING COMMENT &#039;用户名&#039;,
age TINYINT COMMENT &#039;年龄&#039;,
phone BIGINT COMMENT &#039;手机号&#039;,
email STRING COMMENT &#039;邮箱&#039;,
salary DECIMAL(10, 2) COMMENT &#039;薪资&#039;,
is_active BOOLEAN COMMENT &#039;是否激活&#039;,
address STRING COMMENT &#039;地址&#039;,
score FLOAT COMMENT &#039;评分&#039;,
total_amount DOUBLE COMMENT &#039;总金额&#039;
) COMMENT &#039;测试表A&#039;;
INSERT INTO lantu_test.A VALUES
(
1, 100, 10000, 100000, 1000000, 3.14, 3.1415926535,
12345.67, 98765.4321, &#039;12345&#039;, &#039;你好世界&#039;, &#039;Hello World&#039;,
DATE(&#039;2024-01-15&#039;), TRUE, X&#039;48656C6C6F&#039;, 1, &#039;张三&#039;, 25, 13812345678,
&#039;zhangsan@example.com&#039;, 8500.00, TRUE, &#039;北京市朝阳区&#039;, 4.8, 99999.99
),
(
2, 200, 20000, 200000, 2000000, 2.718, 2.718281828,
23456.78, 54321.9876, &#039;67890&#039;, &#039;测试数据&#039;, &#039;Test Data&#039;,
DATE(&#039;2024-02-20&#039;), FALSE, X&#039;576F726C64&#039;, 2, &#039;李四&#039;, 30, 13987654321,
&#039;lisi@example.com&#039;, 12000.00, FALSE, &#039;上海市浦东新区&#039;, 4.2, 150000.00
),
(
3, 50, 5000, 50000, 500000, 1.414, 1.414213562,
34567.89, 12345.6789, &#039;99999&#039;, &#039;示例数据&#039;, &#039;Sample Data&#039;,
DATE(&#039;2024-03-10&#039;), TRUE, X&#039;537061726B&#039;, 3, &#039;王五&#039;, 28, 13711223344,
&#039;wangwu@example.com&#039;, 9500.00, TRUE, &#039;广州市天河区&#039;, 4.5, 88000.00
);

表B：
CREATE TABLE IF NOT EXISTS lantu_test.B(
--数值型
field_tinyint TINYINT COMMENT &#039;TINYINT类型&#039;,
field_smallint SMALLINT COMMENT &#039;SMALLINT类型&#039;,
field_int INT COMMENT &#039;INT类型&#039;,
field_integer INTEGER COMMENT &#039;INTEGER类型&#039;,
field_bigint BIGINT COMMENT &#039;BIGINT类型&#039;,
field_float FLOAT COMMENT &#039;FLOAT类型&#039;,
field_double DOUBLE COMMENT &#039;DOUBLE类型&#039;,
field_decimal DECIMAL(10, 2) COMMENT &#039;DECIMAL类型&#039;,
field_numeric NUMERIC(15, 4) COMMENT &#039;NUMERIC类型&#039;,
-- STRING类型
string_number STRING COMMENT &#039;数字字符串&#039;,
string_chinese STRING COMMENT &#039;中文字符串&#039;,
string_english STRING COMMENT &#039;英文字符串&#039;,
field_date DATE COMMENT &#039;日期&#039;,
field_boolean BOOLEAN COMMENT &#039;布尔类型&#039;,
field_binary BINARY COMMENT &#039;二进制类型&#039;,
b_id INT COMMENT &#039;ID&#039;,
b_name STRING COMMENT &#039;用户名&#039;,
email STRING COMMENT &#039;邮箱&#039;,
is_active BOOLEAN COMMENT &#039;是否激活&#039;
) COMMENT &#039;测试表B&#039;;
INSERT INTO lantu_test.B VALUES
(
1,100,10000,100000,1000000,3.14,3.1415926535,12345.67,98765.4321,&#039;12345&#039;,&#039;你好世界&#039;,&#039;Hello World&#039;,DATE(&#039;2024-01-15&#039;) ,TRUE,X&#039;48656C6C6F&#039;,
1,  -- 匹配A表a_id=1
&#039;张三&#039;,  -- 匹配A表a_name = &#039;张三&#039;
&#039;zhangsan@example.com&#039;,TRUE
),
(
2,200,20000,200000,2000000,2.718,2.718281828,23456.78,54321.9876,&#039;67890&#039;,&#039;测试数据&#039;,&#039;Test Data&#039;,DATE(&#039;2024-02-20&#039;) ,FALSE,X&#039;576F726C64&#039;,
3,  -- 匹配A表a_id=3
&#039;张四&#039;,&#039;zhangsan2@example.com&#039;,FALSE
),
(    3,50,5000,50000,500000,1.414,1.414213562,34567.89,12345.6789,&#039;99999&#039;,&#039;示例数据&#039;,&#039;Sample Data&#039;,DATE(&#039;2024-03-10&#039;) ,TRUE,X&#039;537061726B&#039;,
5,&#039;李四&#039;,  -- 匹配A表a_name = &#039;李四&#039;
&#039;lisi@example.com&#039;,TRUE
);","1. 进入「资产-数据质量-规则集管理-监控规则」页面
2. 添加「合理性校验-多表字段值对比」规则
3. 点击「设置」图标按钮
4. 在弹窗「数据表」区域选择当前默认表A，「字段」搜索区域，搜索并点击：field_tinyint；
「数据表」区域选择表B，「字段」搜索区域，搜索并点击：field_smallint；
5. 手动输入计算符号，拼接为：（A.field_tinyint+B.field_smallint）/A.field_tinyint
6. 点击「清除」图标
7. 点击数据表左边的「复制」图标
8. 进行粘贴","1. 页面正常进入
2. 规则正常添加
3. 弹出「计算逻辑配置」弹窗
4. A.field_tinyint、B.field_smallint自动填充到左边编辑框中
5. 拼接成功
6. 内容被成功全部清除
7. 提示表名成功复制
8. 粘贴成功，表名正确","1. 
2. 
3. 
4. 
5. 
6. 
7. 
8.","","3","功能测试","功能测试阶段","正常","0","2","8","通过","听筠","2026-04-09","","0000-00-00","1","",""
"183192","数据资产_STD(#23)","/版本迭代测试用例/v6.4.10/【内置规则丰富】合理性，多表，字段大小对比以及字段计算逻辑对比(#10452)","【岚图】【内置规则丰富】合理性，多表，字段大小对比以及字段计算逻辑对比(#15530)","验证「监控规则」-「合理性校验」-「多表字段值对比」-「计算逻辑配置」自动填充逻辑正确","已存在表A：
CREATE TABLE IF NOT EXISTS lantu_test.A (
--数值型
field_tinyint TINYINT COMMENT &#039;TINYINT类型&#039;,
field_smallint SMALLINT COMMENT &#039;SMALLINT类型&#039;,
field_int INT COMMENT &#039;INT类型&#039;,
field_integer INTEGER COMMENT &#039;INTEGER类型&#039;,
field_bigint BIGINT COMMENT &#039;BIGINT类型&#039;,
field_float FLOAT COMMENT &#039;FLOAT类型&#039;,
field_double DOUBLE COMMENT &#039;DOUBLE类型&#039;,
field_decimal DECIMAL(10, 2) COMMENT &#039;DECIMAL类型&#039;,
field_numeric NUMERIC(15, 4) COMMENT &#039;NUMERIC类型&#039;,
-- STRING类型
string_number STRING COMMENT &#039;数字字符串&#039;,
string_chinese STRING COMMENT &#039;中文字符串&#039;,
string_english STRING COMMENT &#039;英文字符串&#039;,
field_date DATE COMMENT &#039;日期&#039;,
field_boolean BOOLEAN COMMENT &#039;布尔类型&#039;,
field_binary BINARY COMMENT &#039;二进制类型&#039;,
id INT COMMENT &#039;ID&#039;,
user_name STRING COMMENT &#039;用户名&#039;,
age TINYINT COMMENT &#039;年龄&#039;,
phone BIGINT COMMENT &#039;手机号&#039;,
email STRING COMMENT &#039;邮箱&#039;,
salary DECIMAL(10, 2) COMMENT &#039;薪资&#039;,
is_active BOOLEAN COMMENT &#039;是否激活&#039;,
address STRING COMMENT &#039;地址&#039;,
score FLOAT COMMENT &#039;评分&#039;,
total_amount DOUBLE COMMENT &#039;总金额&#039;
) COMMENT &#039;测试表A&#039;;
INSERT INTO lantu_test.A VALUES
(
1, 100, 10000, 100000, 1000000, 3.14, 3.1415926535,
12345.67, 98765.4321, &#039;12345&#039;, &#039;你好世界&#039;, &#039;Hello World&#039;,
DATE(&#039;2024-01-15&#039;), TRUE, X&#039;48656C6C6F&#039;, 1, &#039;张三&#039;, 25, 13812345678,
&#039;zhangsan@example.com&#039;, 8500.00, TRUE, &#039;北京市朝阳区&#039;, 4.8, 99999.99
),
(
2, 200, 20000, 200000, 2000000, 2.718, 2.718281828,
23456.78, 54321.9876, &#039;67890&#039;, &#039;测试数据&#039;, &#039;Test Data&#039;,
DATE(&#039;2024-02-20&#039;), FALSE, X&#039;576F726C64&#039;, 2, &#039;李四&#039;, 30, 13987654321,
&#039;lisi@example.com&#039;, 12000.00, FALSE, &#039;上海市浦东新区&#039;, 4.2, 150000.00
),
(
3, 50, 5000, 50000, 500000, 1.414, 1.414213562,
34567.89, 12345.6789, &#039;99999&#039;, &#039;示例数据&#039;, &#039;Sample Data&#039;,
DATE(&#039;2024-03-10&#039;), TRUE, X&#039;537061726B&#039;, 3, &#039;王五&#039;, 28, 13711223344,
&#039;wangwu@example.com&#039;, 9500.00, TRUE, &#039;广州市天河区&#039;, 4.5, 88000.00
);
表B：
CREATE TABLE IF NOT EXISTS lantu_test.B(
--数值型
field_tinyint TINYINT COMMENT &#039;TINYINT类型&#039;,
field_smallint SMALLINT COMMENT &#039;SMALLINT类型&#039;,
field_int INT COMMENT &#039;INT类型&#039;,
field_integer INTEGER COMMENT &#039;INTEGER类型&#039;,
field_bigint BIGINT COMMENT &#039;BIGINT类型&#039;,
field_float FLOAT COMMENT &#039;FLOAT类型&#039;,
field_double DOUBLE COMMENT &#039;DOUBLE类型&#039;,
field_decimal DECIMAL(10, 2) COMMENT &#039;DECIMAL类型&#039;,
field_numeric NUMERIC(15, 4) COMMENT &#039;NUMERIC类型&#039;,
-- STRING类型
string_number STRING COMMENT &#039;数字字符串&#039;,
string_chinese STRING COMMENT &#039;中文字符串&#039;,
string_english STRING COMMENT &#039;英文字符串&#039;,
field_date DATE COMMENT &#039;日期&#039;,
field_boolean BOOLEAN COMMENT &#039;布尔类型&#039;,
field_binary BINARY COMMENT &#039;二进制类型&#039;,
b_id INT COMMENT &#039;ID&#039;,
b_name STRING COMMENT &#039;用户名&#039;,
email STRING COMMENT &#039;邮箱&#039;,
is_active BOOLEAN COMMENT &#039;是否激活&#039;
) COMMENT &#039;测试表B&#039;;
INSERT INTO lantu_test.B VALUES
(
1,100,10000,100000,1000000,3.14,3.1415926535,12345.67,98765.4321,&#039;12345&#039;,&#039;你好世界&#039;,&#039;Hello World&#039;,DATE(&#039;2024-01-15&#039;) ,TRUE,X&#039;48656C6C6F&#039;,
1,  -- 匹配A表a_id=1
&#039;张三&#039;,  -- 匹配A表a_name = &#039;张三&#039;
&#039;zhangsan@example.com&#039;,TRUE
),
(
2,200,20000,200000,2000000,2.718,2.718281828,23456.78,54321.9876,&#039;67890&#039;,&#039;测试数据&#039;,&#039;Test Data&#039;,DATE(&#039;2024-02-20&#039;) ,FALSE,X&#039;576F726C64&#039;,
3,  -- 匹配A表a_id=3
&#039;张四&#039;,&#039;zhangsan2@example.com&#039;,FALSE
),
(    3,50,5000,50000,500000,1.414,1.414213562,34567.89,12345.6789,&#039;99999&#039;,&#039;示例数据&#039;,&#039;Sample Data&#039;,DATE(&#039;2024-03-10&#039;) ,TRUE,X&#039;537061726B&#039;,
5,&#039;李四&#039;,  -- 匹配A表a_name = &#039;李四&#039;
&#039;lisi@example.com&#039;,TRUE
);","1. 进入「资产-数据质量-规则集管理-监控规则」页面
2. 添加「合理性校验-多表字段值对比」规则
3. 点击「设置」图标按钮
4. 在弹窗「数据表」区域选择当前默认表A，「字段」搜索区域，搜索并点击：field_tinyint；
「数据表」区域选择表B，「字段」搜索区域，搜索并点击：field_smallint；
5. 点击“+”
6. 点击【确定】按钮","1. 页面正常进入
2. 规则正常添加
3. 弹出「计算逻辑配置」弹窗
4. A.field_tinyint、B.field_smallint自动填充到左边编辑框中
5. 两字段拼接为A.field_tinyint B.field_smallint+
6. 规则区域的「计算逻辑配置」自动填充为“A.field_tinyint+B.field_smallint”","1. 
2. 
3. 
4. 
5. 
6.","","1","功能测试","功能测试阶段","正常","0","2","6","通过","听筠","2026-04-09","霁明","2026-04-15","1","",""
"183191","数据资产_STD(#23)","/版本迭代测试用例/v6.4.10/【内置规则丰富】合理性，多表，字段大小对比以及字段计算逻辑对比(#10452)","【岚图】【内置规则丰富】合理性，多表，字段大小对比以及字段计算逻辑对比(#15530)","验证「监控规则」-「合理性校验」-「多表字段值对比」-「字段」配置下拉项正确","已存在表A：
CREATE TABLE IF NOT EXISTS lantu_test.A (
--数值型
field_tinyint TINYINT COMMENT &#039;TINYINT类型&#039;,
field_smallint SMALLINT COMMENT &#039;SMALLINT类型&#039;,
field_int INT COMMENT &#039;INT类型&#039;,
field_integer INTEGER COMMENT &#039;INTEGER类型&#039;,
field_bigint BIGINT COMMENT &#039;BIGINT类型&#039;,
field_float FLOAT COMMENT &#039;FLOAT类型&#039;,
field_double DOUBLE COMMENT &#039;DOUBLE类型&#039;,
field_decimal DECIMAL(10, 2) COMMENT &#039;DECIMAL类型&#039;,
field_numeric NUMERIC(15, 4) COMMENT &#039;NUMERIC类型&#039;,
-- STRING类型
string_number STRING COMMENT &#039;数字字符串&#039;,
string_chinese STRING COMMENT &#039;中文字符串&#039;,
string_english STRING COMMENT &#039;英文字符串&#039;,
field_date DATE COMMENT &#039;日期&#039;,
field_boolean BOOLEAN COMMENT &#039;布尔类型&#039;,
field_binary BINARY COMMENT &#039;二进制类型&#039;,
id INT COMMENT &#039;ID&#039;,
user_name STRING COMMENT &#039;用户名&#039;,
age TINYINT COMMENT &#039;年龄&#039;,
phone BIGINT COMMENT &#039;手机号&#039;,
email STRING COMMENT &#039;邮箱&#039;,
salary DECIMAL(10, 2) COMMENT &#039;薪资&#039;,
is_active BOOLEAN COMMENT &#039;是否激活&#039;,
address STRING COMMENT &#039;地址&#039;,
score FLOAT COMMENT &#039;评分&#039;,
total_amount DOUBLE COMMENT &#039;总金额&#039;
) COMMENT &#039;测试表A&#039;;
INSERT INTO lantu_test.A VALUES
(
1, 100, 10000, 100000, 1000000, 3.14, 3.1415926535,
12345.67, 98765.4321, &#039;12345&#039;, &#039;你好世界&#039;, &#039;Hello World&#039;,
DATE(&#039;2024-01-15&#039;), TRUE, X&#039;48656C6C6F&#039;, 1, &#039;张三&#039;, 25, 13812345678,
&#039;zhangsan@example.com&#039;, 8500.00, TRUE, &#039;北京市朝阳区&#039;, 4.8, 99999.99
),
(
2, 200, 20000, 200000, 2000000, 2.718, 2.718281828,
23456.78, 54321.9876, &#039;67890&#039;, &#039;测试数据&#039;, &#039;Test Data&#039;,
DATE(&#039;2024-02-20&#039;), FALSE, X&#039;576F726C64&#039;, 2, &#039;李四&#039;, 30, 13987654321,
&#039;lisi@example.com&#039;, 12000.00, FALSE, &#039;上海市浦东新区&#039;, 4.2, 150000.00
),
(
3, 50, 5000, 50000, 500000, 1.414, 1.414213562,
34567.89, 12345.6789, &#039;99999&#039;, &#039;示例数据&#039;, &#039;Sample Data&#039;,
DATE(&#039;2024-03-10&#039;), TRUE, X&#039;537061726B&#039;, 3, &#039;王五&#039;, 28, 13711223344,
&#039;wangwu@example.com&#039;, 9500.00, TRUE, &#039;广州市天河区&#039;, 4.5, 88000.00
);

表B：
CREATE TABLE IF NOT EXISTS lantu_test.B(
--数值型
field_tinyint TINYINT COMMENT &#039;TINYINT类型&#039;,
field_smallint SMALLINT COMMENT &#039;SMALLINT类型&#039;,
field_int INT COMMENT &#039;INT类型&#039;,
field_integer INTEGER COMMENT &#039;INTEGER类型&#039;,
field_bigint BIGINT COMMENT &#039;BIGINT类型&#039;,
field_float FLOAT COMMENT &#039;FLOAT类型&#039;,
field_double DOUBLE COMMENT &#039;DOUBLE类型&#039;,
field_decimal DECIMAL(10, 2) COMMENT &#039;DECIMAL类型&#039;,
field_numeric NUMERIC(15, 4) COMMENT &#039;NUMERIC类型&#039;,
-- STRING类型
string_number STRING COMMENT &#039;数字字符串&#039;,
string_chinese STRING COMMENT &#039;中文字符串&#039;,
string_english STRING COMMENT &#039;英文字符串&#039;,
field_date DATE COMMENT &#039;日期&#039;,
field_boolean BOOLEAN COMMENT &#039;布尔类型&#039;,
field_binary BINARY COMMENT &#039;二进制类型&#039;,
b_id INT COMMENT &#039;ID&#039;,
b_name STRING COMMENT &#039;用户名&#039;,
email STRING COMMENT &#039;邮箱&#039;,
is_active BOOLEAN COMMENT &#039;是否激活&#039;
) COMMENT &#039;测试表B&#039;;
INSERT INTO lantu_test.B VALUES
(
1,100,10000,100000,1000000,3.14,3.1415926535,12345.67,98765.4321,&#039;12345&#039;,&#039;你好世界&#039;,&#039;Hello World&#039;,DATE(&#039;2024-01-15&#039;) ,TRUE,X&#039;48656C6C6F&#039;,
1,  -- 匹配A表a_id=1
&#039;张三&#039;,  -- 匹配A表a_name = &#039;张三&#039;
&#039;zhangsan@example.com&#039;,TRUE
),
(
2,200,20000,200000,2000000,2.718,2.718281828,23456.78,54321.9876,&#039;67890&#039;,&#039;测试数据&#039;,&#039;Test Data&#039;,DATE(&#039;2024-02-20&#039;) ,FALSE,X&#039;576F726C64&#039;,
3,  -- 匹配A表a_id=3
&#039;张四&#039;,&#039;zhangsan2@example.com&#039;,FALSE
),
(    3,50,5000,50000,500000,1.414,1.414213562,34567.89,12345.6789,&#039;99999&#039;,&#039;示例数据&#039;,&#039;Sample Data&#039;,DATE(&#039;2024-03-10&#039;) ,TRUE,X&#039;537061726B&#039;,
5,&#039;李四&#039;,  -- 匹配A表a_name = &#039;李四&#039;
&#039;lisi@example.com&#039;,TRUE
);","1. 进入「资产-数据质量-规则集管理-监控规则」页面
2. 点击【添加规则】按钮，选择「合理性校验」规则
3. 配置「统计函数」为「多表字段值对比」
4. 点击「字段」，查看下拉项
5. 点击「设置」图标按钮
6. 选择当前校验表a，点击「字段」，搜索字段
7. 更改数据表为关联表b，点击「字段」，搜索字段","1. 页面正常打开
2. 选择成功，页面显示「合理性校验」规则配置区域
3. 选择成功
4. 仅展示
1）数值型字段（TINYINT/SMALLINT/INT/BIGINT/FLOAT/DOUBLE/DECIMAL等）
2）string类型字段
5. 弹出「计算逻辑配置」弹窗
6. 仅支持搜索到表a里的
1）数值型字段（TINYINT/SMALLINT/INT/BIGINT/FLOAT/DOUBLE/DECIMAL等）
2）string类型字段，附带强转为double的信息
7. 仅支持搜索到表b里的
1）数值型字段（TINYINT/SMALLINT/INT/BIGINT/FLOAT/DOUBLE/DECIMAL等）
2）string类型字段，附带强转为double的信息","1. 
2. 
3. 
4. 
5. 
6. 
7.","","1","功能测试","功能测试阶段","正常","0","4","7","通过","听筠","2026-04-09","","0000-00-00","1","",""
"183190","数据资产_STD(#23)","/版本迭代测试用例/v6.4.10/【内置规则丰富】合理性，多表，字段大小对比以及字段计算逻辑对比(#10452)","【岚图】【内置规则丰富】合理性，多表，字段大小对比以及字段计算逻辑对比(#15530)","验证「监控规则」-「合理性校验」-「多表字段值对比」页面交互正确","已存在表A：
CREATE TABLE IF NOT EXISTS lantu_test.A (
--数值型
field_tinyint TINYINT COMMENT &#039;TINYINT类型&#039;,
field_smallint SMALLINT COMMENT &#039;SMALLINT类型&#039;,
field_int INT COMMENT &#039;INT类型&#039;,
field_integer INTEGER COMMENT &#039;INTEGER类型&#039;,
field_bigint BIGINT COMMENT &#039;BIGINT类型&#039;,
field_float FLOAT COMMENT &#039;FLOAT类型&#039;,
field_double DOUBLE COMMENT &#039;DOUBLE类型&#039;,
field_decimal DECIMAL(10, 2) COMMENT &#039;DECIMAL类型&#039;,
field_numeric NUMERIC(15, 4) COMMENT &#039;NUMERIC类型&#039;,
-- STRING类型
string_number STRING COMMENT &#039;数字字符串&#039;,
string_chinese STRING COMMENT &#039;中文字符串&#039;,
string_english STRING COMMENT &#039;英文字符串&#039;,
field_date DATE COMMENT &#039;日期&#039;,
field_boolean BOOLEAN COMMENT &#039;布尔类型&#039;,
field_binary BINARY COMMENT &#039;二进制类型&#039;,
id INT COMMENT &#039;ID&#039;,
user_name STRING COMMENT &#039;用户名&#039;,
age TINYINT COMMENT &#039;年龄&#039;,
phone BIGINT COMMENT &#039;手机号&#039;,
email STRING COMMENT &#039;邮箱&#039;,
salary DECIMAL(10, 2) COMMENT &#039;薪资&#039;,
is_active BOOLEAN COMMENT &#039;是否激活&#039;,
address STRING COMMENT &#039;地址&#039;,
score FLOAT COMMENT &#039;评分&#039;,
total_amount DOUBLE COMMENT &#039;总金额&#039;
) COMMENT &#039;测试表A&#039;;
INSERT INTO lantu_test.A VALUES
(
1, 100, 10000, 100000, 1000000, 3.14, 3.1415926535,
12345.67, 98765.4321, &#039;12345&#039;, &#039;你好世界&#039;, &#039;Hello World&#039;,
DATE(&#039;2024-01-15&#039;), TRUE, X&#039;48656C6C6F&#039;, 1, &#039;张三&#039;, 25, 13812345678,
&#039;zhangsan@example.com&#039;, 8500.00, TRUE, &#039;北京市朝阳区&#039;, 4.8, 99999.99
),
(
2, 200, 20000, 200000, 2000000, 2.718, 2.718281828,
23456.78, 54321.9876, &#039;67890&#039;, &#039;测试数据&#039;, &#039;Test Data&#039;,
DATE(&#039;2024-02-20&#039;), FALSE, X&#039;576F726C64&#039;, 2, &#039;李四&#039;, 30, 13987654321,
&#039;lisi@example.com&#039;, 12000.00, FALSE, &#039;上海市浦东新区&#039;, 4.2, 150000.00
),
(
3, 50, 5000, 50000, 500000, 1.414, 1.414213562,
34567.89, 12345.6789, &#039;99999&#039;, &#039;示例数据&#039;, &#039;Sample Data&#039;,
DATE(&#039;2024-03-10&#039;), TRUE, X&#039;537061726B&#039;, 3, &#039;王五&#039;, 28, 13711223344,
&#039;wangwu@example.com&#039;, 9500.00, TRUE, &#039;广州市天河区&#039;, 4.5, 88000.00
);

表B：
CREATE TABLE IF NOT EXISTS lantu_test.B(
--数值型
field_tinyint TINYINT COMMENT &#039;TINYINT类型&#039;,
field_smallint SMALLINT COMMENT &#039;SMALLINT类型&#039;,
field_int INT COMMENT &#039;INT类型&#039;,
field_integer INTEGER COMMENT &#039;INTEGER类型&#039;,
field_bigint BIGINT COMMENT &#039;BIGINT类型&#039;,
field_float FLOAT COMMENT &#039;FLOAT类型&#039;,
field_double DOUBLE COMMENT &#039;DOUBLE类型&#039;,
field_decimal DECIMAL(10, 2) COMMENT &#039;DECIMAL类型&#039;,
field_numeric NUMERIC(15, 4) COMMENT &#039;NUMERIC类型&#039;,
-- STRING类型
string_number STRING COMMENT &#039;数字字符串&#039;,
string_chinese STRING COMMENT &#039;中文字符串&#039;,
string_english STRING COMMENT &#039;英文字符串&#039;,
field_date DATE COMMENT &#039;日期&#039;,
field_boolean BOOLEAN COMMENT &#039;布尔类型&#039;,
field_binary BINARY COMMENT &#039;二进制类型&#039;,
b_id INT COMMENT &#039;ID&#039;,
b_name STRING COMMENT &#039;用户名&#039;,
email STRING COMMENT &#039;邮箱&#039;,
is_active BOOLEAN COMMENT &#039;是否激活&#039;
) COMMENT &#039;测试表B&#039;;
INSERT INTO lantu_test.B VALUES
(
1,100,10000,100000,1000000,3.14,3.1415926535,12345.67,98765.4321,&#039;12345&#039;,&#039;你好世界&#039;,&#039;Hello World&#039;,DATE(&#039;2024-01-15&#039;) ,TRUE,X&#039;48656C6C6F&#039;,
1,  -- 匹配A表a_id=1
&#039;张三&#039;,  -- 匹配A表a_name = &#039;张三&#039;
&#039;zhangsan@example.com&#039;,TRUE
),
(
2,200,20000,200000,2000000,2.718,2.718281828,23456.78,54321.9876,&#039;67890&#039;,&#039;测试数据&#039;,&#039;Test Data&#039;,DATE(&#039;2024-02-20&#039;) ,FALSE,X&#039;576F726C64&#039;,
3,  -- 匹配A表a_id=3
&#039;张四&#039;,&#039;zhangsan2@example.com&#039;,FALSE
),
(    3,50,5000,50000,500000,1.414,1.414213562,34567.89,12345.6789,&#039;99999&#039;,&#039;示例数据&#039;,&#039;Sample Data&#039;,DATE(&#039;2024-03-10&#039;) ,TRUE,X&#039;537061726B&#039;,
5,&#039;李四&#039;,  -- 匹配A表a_name = &#039;李四&#039;
&#039;lisi@example.com&#039;,TRUE
);","1. 进入「资产-数据质量-规则集管理-监控规则」页面
2. 点击【添加规则】按钮，选择「合理性校验」规则
3. 正确配置「字段」、「统计函数-多表字段值对比」、「校验表主键」
4. 多选「校验表主键」的值
5. 鼠标悬浮「选择关联表-关联表主键」处的“？”图标
6. 设置10个关联表
7. 设置11个关联表
8. 删除关联表，仅剩1个
9. 配置超长计算逻辑，查看规则配置区域的计算逻辑比对显示","1. 页面正常打开
2. 选择成功，页面显示「合理性校验」规则配置区域
3. 配置成功，下方显示「选择关联表」配置区域
4. 支持多选
5. 悬浮提示：“根据主键关联一致的数据进行计算校验”
6. 正常设置，无报错提示
7. 提示最多添加10个关联表
8. 「删除」按钮置灰，不可删除
9. 超出显示长度部分为“…”，鼠标悬浮展示全部","1. 
2. 
3. 
4. 
5. 
6. 
7. 
8. 
9.","","3","功能测试","功能测试阶段","正常","0","1","9","通过","听筠","2026-04-09","","0000-00-00","1","",""
"183189","数据资产_STD(#23)","/版本迭代测试用例/v6.4.10/【内置规则丰富】合理性，多表，字段大小对比以及字段计算逻辑对比(#10452)","【岚图】【内置规则丰富】合理性，多表，字段大小对比以及字段计算逻辑对比(#15530)","验证「监控规则」-「合理性校验」-「多表字段值对比」必填交互正确","已存在表A：
CREATE TABLE IF NOT EXISTS lantu_test.A (
--数值型
field_tinyint TINYINT COMMENT &#039;TINYINT类型&#039;,
field_smallint SMALLINT COMMENT &#039;SMALLINT类型&#039;,
field_int INT COMMENT &#039;INT类型&#039;,
field_integer INTEGER COMMENT &#039;INTEGER类型&#039;,
field_bigint BIGINT COMMENT &#039;BIGINT类型&#039;,
field_float FLOAT COMMENT &#039;FLOAT类型&#039;,
field_double DOUBLE COMMENT &#039;DOUBLE类型&#039;,
field_decimal DECIMAL(10, 2) COMMENT &#039;DECIMAL类型&#039;,
field_numeric NUMERIC(15, 4) COMMENT &#039;NUMERIC类型&#039;,
-- STRING类型
string_number STRING COMMENT &#039;数字字符串&#039;,
string_chinese STRING COMMENT &#039;中文字符串&#039;,
string_english STRING COMMENT &#039;英文字符串&#039;,
field_date DATE COMMENT &#039;日期&#039;,
field_boolean BOOLEAN COMMENT &#039;布尔类型&#039;,
field_binary BINARY COMMENT &#039;二进制类型&#039;,
id INT COMMENT &#039;ID&#039;,
user_name STRING COMMENT &#039;用户名&#039;,
age TINYINT COMMENT &#039;年龄&#039;,
phone BIGINT COMMENT &#039;手机号&#039;,
email STRING COMMENT &#039;邮箱&#039;,
salary DECIMAL(10, 2) COMMENT &#039;薪资&#039;,
is_active BOOLEAN COMMENT &#039;是否激活&#039;,
address STRING COMMENT &#039;地址&#039;,
score FLOAT COMMENT &#039;评分&#039;,
total_amount DOUBLE COMMENT &#039;总金额&#039;
) COMMENT &#039;测试表A&#039;;
INSERT INTO lantu_test.A VALUES
(
1, 100, 10000, 100000, 1000000, 3.14, 3.1415926535,
12345.67, 98765.4321, &#039;12345&#039;, &#039;你好世界&#039;, &#039;Hello World&#039;,
DATE(&#039;2024-01-15&#039;), TRUE, X&#039;48656C6C6F&#039;, 1, &#039;张三&#039;, 25, 13812345678,
&#039;zhangsan@example.com&#039;, 8500.00, TRUE, &#039;北京市朝阳区&#039;, 4.8, 99999.99
),
(
2, 200, 20000, 200000, 2000000, 2.718, 2.718281828,
23456.78, 54321.9876, &#039;67890&#039;, &#039;测试数据&#039;, &#039;Test Data&#039;,
DATE(&#039;2024-02-20&#039;), FALSE, X&#039;576F726C64&#039;, 2, &#039;李四&#039;, 30, 13987654321,
&#039;lisi@example.com&#039;, 12000.00, FALSE, &#039;上海市浦东新区&#039;, 4.2, 150000.00
),
(
3, 50, 5000, 50000, 500000, 1.414, 1.414213562,
34567.89, 12345.6789, &#039;99999&#039;, &#039;示例数据&#039;, &#039;Sample Data&#039;,
DATE(&#039;2024-03-10&#039;), TRUE, X&#039;537061726B&#039;, 3, &#039;王五&#039;, 28, 13711223344,
&#039;wangwu@example.com&#039;, 9500.00, TRUE, &#039;广州市天河区&#039;, 4.5, 88000.00
);

表B：
CREATE TABLE IF NOT EXISTS lantu_test.B(
--数值型
field_tinyint TINYINT COMMENT &#039;TINYINT类型&#039;,
field_smallint SMALLINT COMMENT &#039;SMALLINT类型&#039;,
field_int INT COMMENT &#039;INT类型&#039;,
field_integer INTEGER COMMENT &#039;INTEGER类型&#039;,
field_bigint BIGINT COMMENT &#039;BIGINT类型&#039;,
field_float FLOAT COMMENT &#039;FLOAT类型&#039;,
field_double DOUBLE COMMENT &#039;DOUBLE类型&#039;,
field_decimal DECIMAL(10, 2) COMMENT &#039;DECIMAL类型&#039;,
field_numeric NUMERIC(15, 4) COMMENT &#039;NUMERIC类型&#039;,
-- STRING类型
string_number STRING COMMENT &#039;数字字符串&#039;,
string_chinese STRING COMMENT &#039;中文字符串&#039;,
string_english STRING COMMENT &#039;英文字符串&#039;,
field_date DATE COMMENT &#039;日期&#039;,
field_boolean BOOLEAN COMMENT &#039;布尔类型&#039;,
field_binary BINARY COMMENT &#039;二进制类型&#039;,
b_id INT COMMENT &#039;ID&#039;,
b_name STRING COMMENT &#039;用户名&#039;,
email STRING COMMENT &#039;邮箱&#039;,
is_active BOOLEAN COMMENT &#039;是否激活&#039;
) COMMENT &#039;测试表B&#039;;
INSERT INTO lantu_test.B VALUES
(
1,100,10000,100000,1000000,3.14,3.1415926535,12345.67,98765.4321,&#039;12345&#039;,&#039;你好世界&#039;,&#039;Hello World&#039;,DATE(&#039;2024-01-15&#039;) ,TRUE,X&#039;48656C6C6F&#039;,
1,  -- 匹配A表a_id=1
&#039;张三&#039;,  -- 匹配A表a_name = &#039;张三&#039;
&#039;zhangsan@example.com&#039;,TRUE
),
(
2,200,20000,200000,2000000,2.718,2.718281828,23456.78,54321.9876,&#039;67890&#039;,&#039;测试数据&#039;,&#039;Test Data&#039;,DATE(&#039;2024-02-20&#039;) ,FALSE,X&#039;576F726C64&#039;,
3,  -- 匹配A表a_id=3
&#039;张四&#039;,&#039;zhangsan2@example.com&#039;,FALSE
),
(    3,50,5000,50000,500000,1.414,1.414213562,34567.89,12345.6789,&#039;99999&#039;,&#039;示例数据&#039;,&#039;Sample Data&#039;,DATE(&#039;2024-03-10&#039;) ,TRUE,X&#039;537061726B&#039;,
5,&#039;李四&#039;,  -- 匹配A表a_name = &#039;李四&#039;
&#039;lisi@example.com&#039;,TRUE
);","1. 进入「资产-数据质量-规则集管理-监控规则」页面
2. 点击【添加规则】按钮，选择「合理性校验」规则
3. 规则不配置任何内容，点击【保存】按钮
4. 正确配置「字段」、「统计函数」、「校验表主键」、「选择关联表」、「计算逻辑配置」、「对比方法」，点击【保存】按钮","1. 页面正常打开
2. 选择成功，页面显示「合理性校验」规则配置区域
3. 「字段」、「统计函数」、「校验表主键」、「选择关联表」、「计算逻辑配置」、「对比方法」标红提示未填写内容
4. 规则保存成功，无标红提示","1. 
2. 
3. 
4.","","3","功能测试","功能测试阶段","正常","0","1","4","通过","听筠","2026-04-09","","0000-00-00","1","",""
"183188","数据资产_STD(#23)","/版本迭代测试用例/v6.4.10/【内置规则丰富】合理性，多表，字段大小对比以及字段计算逻辑对比(#10452)","【岚图】【内置规则丰富】合理性，多表，字段大小对比以及字段计算逻辑对比(#15530)","验证「监控规则」-「合理性校验」-「多表字段值对比」-「计算结果值判断」区域详情正确","无","1. 进入「资产-数据质量-规则集管理-监控规则」页面
2. 点击【添加规则】按钮，选择「合理性校验」规则
3. 查看配置区域详情
4. 点击「设置」图标按钮
5. 查看弹窗详情","1. 页面正常打开
2. 选择成功，页面显示「合理性校验」规则配置区域
3. 包含：
1）「字段」，下拉框，可选择对应数据表下的数值型和string类型字段
2）「统计函数」，下拉框，可选择「多表字段值对比」
3）「校验表主键」，下拉框，可选择对应数据表下的所有字段
4）「过滤条件」，填写框，可选择「选项配置」、「手动配置」
5）「选择关联表」配置区域：「序号」列，「关联表」输入框，「关联表主键」输入框，「操作」列-可删除操作，「新增」按钮
6）「计算逻辑配置」，内容根据配置自动填充
7）「设置」图标按钮，可点击
8）「对比方法」，下拉框，可选择「计算结果值判断」
9）「对比规则」，可配置「结果值 >/>=/</<=/=/!=  xxxx  且/或 >/>=/</<=/=/!=  xxxx」
10）「强弱规则」，可选择强/弱规则
11）「规则描述」，填写框
12）「保存」和「取消」按钮
4. 弹出「计算逻辑配置」弹窗
5. 1）分为左右两边区域
2）左边区域最上方为「“+”、“-”、“*”、“/”、“（”、“）”、“清除标”」，下方为计算配置编辑区域
3）右边区域包含：「数据表」下拉框，默认当前校验表；「复制」图标；「字段」搜索框，可输入字段关键词进行搜索并选择","1. 
2. 
3. 
4. 
5.","","3","功能测试","功能测试阶段","正常","0","1","5","通过","听筠","2026-04-09","","0000-00-00","1","",""
"183187","数据资产_STD(#23)","/版本迭代测试用例/v6.4.10/【内置规则丰富】合理性，多表，字段大小对比以及字段计算逻辑对比(#10452)","【岚图】【内置规则丰富】合理性，多表，字段大小对比以及字段计算逻辑对比(#15530)","验证「监控规则」-「合理性校验」-「多表字段值对比」-「计算结果对比」区域详情正确","无","1. 进入「资产-数据质量-规则集管理-监控规则」页面
2. 点击【添加规则】按钮，选择「合理性校验」规则
3. 查看配置区域详情
4. 点击「设置」图标按钮
5. 查看弹窗详情","1. 页面正常打开
2. 选择成功，页面显示「合理性校验」规则配置区域
3. 包含：
1）「字段」，下拉框，可选择对应数据表下的数值型和string类型字段
2）「统计函数」，下拉框，可选择「多表字段值对比」
3）「校验表主键」，下拉框，可选择对应数据表下的所有字段
4）「过滤条件」，填写框，可选择「选项配置」、「手动配置」
5）「选择关联表」配置区域：「序号」列，「关联表」输入框，「关联表主键」输入框，「操作」列-可删除操作，「新增」按钮
6）「计算逻辑配置」，内容根据配置自动填充
7）「设置」图标按钮，可点击
8）「对比方法」，下拉框，可选择「计算结果对比」
9）「对比规则」，可配置「xxxx  >/>=/</<=/=/!=  xxxx」
10）「强弱规则」，可选择强/弱规则
11）「规则描述」，填写框
12）「保存」和「取消」按钮
4. 弹出「计算逻辑配置」弹窗
5. 1）分为左右两边区域
2）左边区域最上方为「“+”、“-”、“*”、“/”、“（”、“）”、“清除标”」，下方为计算配置编辑区域
3）右边区域包含：「数据表」下拉框，默认当前校验表；「复制」图标；「字段」搜索框，可输入字段关键词进行搜索并选择","1. 
2. 
3. 
4. 
5.","","3","功能测试","功能测试阶段","正常","0","1","5","通过","听筠","2026-04-09","","0000-00-00","1","",""
"183186","数据资产_STD(#23)","/版本迭代测试用例/v6.4.10/【内置规则丰富】合理性，多表，字段大小对比以及字段计算逻辑对比(#10452)","【岚图】【内置规则丰富】合理性，多表，字段大小对比以及字段计算逻辑对比(#15530)","验证「监控规则」-「合理性校验」新增「多表字段值对比」统计函数","无","1. 进入「资产-数据质量-规则集管理-基础信息」页面
2. 「选择数据源」选择「${DATASOURCE}」
「选择数据库」选择「${DATABASE}」
「选择数据表」选择「${TABLE}」
「规则包名称」填写「合理性-多表字段值对比」
3. 点击「新增规则包」-「合理性-多表字段值对比」，点击【添加规则-合理性校验】
4. 点击「合理性校验-统计函数」下拉框","1. 页面正常打开
2. 基础信息配置成功；
进入「监控规则」配置页
3. 选择成功，页面显示「合理性校验」规则配置区域
4. 显示「多表字段值对比」项","1. 
2. 
3. 
4.","","1","功能测试","功能测试阶段","正常","0","3","4","通过","听筠","2026-04-09","","0000-00-00","1","",""
"183185","数据资产_STD(#23)","/版本迭代测试用例/v6.4.10/【质量总览】总览看板展示(#10453)","【质量总览】总览看板展示(#15697)","验证【数据质量-总览】-【最近一次更新时间】内容正确更新","当前时间为2026-03-13 15:00:00","1. 进入【资产-数据质量-总览】页面
2. 查看【最近一次更新时间】
3. 等待30分钟，查看【最近一次更新时间】
4. 等待1小时，查看【最近一次更新时间】","1. 页面正常进入
2. 显示为2026-03-13 15:00:00
3. 未变化，显示为2026-03-13 15:00:00
4. 变化为2026-03-13 16:00:00","1. 
2. 
3. 
4.","","2","功能测试","功能测试阶段","正常","0","2","4","通过","听筠","2026-04-09","","0000-00-00","1","",""
"183184","数据资产_STD(#23)","/版本迭代测试用例/v6.4.10/【质量总览】总览看板展示(#10453)","【质量总览】总览看板展示(#15697)","验证历史质量规则的【数据质量-总览】页面展示正确","资产-数据质量存在历史项目test1，且该项目有质量规则任务","1. 进入【资产-数据质量】页面
2. 选择项目test1，查看【总览】页面","1. 页面正常进入
2. 页面详情同前面用例，展示正确","1. 
2.","","2","功能测试","功能测试阶段","正常","0","2","2","通过","听筠","2026-04-09","","0000-00-00","1","",""
"183183","数据资产_STD(#23)","/版本迭代测试用例/v6.4.10/【质量总览】总览看板展示(#10453)","【质量总览】总览看板展示(#15697)","验证不同项目的【数据质量-总览】页面展示正确","资产-数据质量已存在项目test1，项目test2","1. 进入【资产-数据质量】页面
2. 选择项目test1，查看【总览】页面
3. 切换项目为项目test2，查看【总览】页面","1. 页面正常进入
2. 页面详情展示正确
3. 页面详情正确更新，展示正确","1. 
2. 
3.","","2","功能测试","功能测试阶段","正常","0","2","3","通过","听筠","2026-04-09","","0000-00-00","1","",""
"183182","数据资产_STD(#23)","/版本迭代测试用例/v6.4.10/【质量总览】总览看板展示(#10453)","【质量总览】总览看板展示(#15697)","验证【数据质量-总览】-【近期校验异常结果】展示正确","资产-数据质量已存在表A，表B","1. 进入【资产-数据质量-总览】页面
2. 查看【近期校验异常结果】板块
3. 1）新增表A的规则，执行周期为天，关联任务，使其子规则运行失败
2）新增表B的规则，执行周期为周，不关联任务，使其子规则运行失败
3）立即运行
4. 查看校验异常结果详情
5. 点击表A的【查看详情】按钮
6. 1）修改表A的规则详情
2）立即运行
7. 查看校验异常结果详情
8. 删除表A的规则任务
9. 查看校验异常结果详情
10. 创建共20条运行失败的规则任务，查看校验异常结果详情
11. 创建共21条运行失败的规则任务，查看校验异常结果详情
12. 点击【查看更多】按钮","1. 页面正常进入
2. 包含
1）标题右上角“？”，悬浮提示“仅展示最近运行有问题的任务信息，展示最近20条”
2）表格形式-包含表头：数据表、所属数据库、所属数据源、任务名称、状态、执行周期、是否关联任务、计划时间、开始时间、结束时间、操作-【查看详情】按钮
3）【查看更多】按钮
3. 新增并立即运行成功
4. 展示为：表头从左到右
1）第一行：表A，「${DATABASE}」 ，「${DATASOURCE}」，test_ruleA，校验异常，天，是，「${计划时间}」，「${开始时间}」，「${结束时间}」，查看详情按钮
2）第二行：表B，「${DATABASE}」 ，「${DATASOURCE}」，test_ruleB，校验异常，周，否，「${计划时间}」，「${开始时间}」，「${结束时间}」，查看详情按钮
5. 抽屉式展开结果详情，详情正确
6. 修改并立即运行成功
7. 表A的详情展示为修改后的正确内容
8. 删除成功
9. 不显示表A的相关详情
10. 显示20条的校验异常结果详情
11. 仅显示最近的20条校验异常结果详情
12. 成功跳转至【校验结果查询】页面","1. 
2. 
3. 
4. 
5. 
6. 
7. 
8. 
9. 
10. 
11. 
12.","","1","功能测试","功能测试阶段","正常","0","2","12","通过","听筠","2026-04-09","","0000-00-00","1","",""
"183181","数据资产_STD(#23)","/版本迭代测试用例/v6.4.10/【质量总览】总览看板展示(#10453)","【质量总览】总览看板展示(#15697)","验证【数据质量-总览】-【近7日校验结果分析】展示正确","资产-数据质量已存在表A，表B，表test1、test2、test3","1. 进入【资产-数据质量-总览】页面
2. 查看【近7日校验结果分析】板块
3. 统计范围处默认为全部表时，查看曲线图详情
4. 在统计范围下拉框内输入test
5. 1）新增表A的规则，共5条规则任务，包含2条校验通过，2条校验不通过，1条运行失败
2）新增表B的规则，共10条规则任务，包含4条校验通过，5条校验不通过，1条运行失败
3）立即运行
6. 在统计范围筛选框内输入A
7. 选择并点击表A，查看校验结果分析曲线图
8. 切换统计范围，选择并点击表B，查看校验结果分析曲线图
9. 1）修改表B里面的部分子规则，删除子规则使其共3条规则任务，包含2条校验通过，1条校验不通过，0条运行失败
2）立即运行
10. 选择并点击表B，查看校验结果分析曲线图
11. 删除表A的规则任务
12. 在统计范围搜索A","1. 页面正常进入
2. 包含
1）曲线图-统计子规则的通过数、不通过数，横坐标-最近7日的日期（年-月-日），纵坐标-数量
2）统计范围筛选下拉框-支持选择所有已配置了任务的表，默认显示为“全部”占位，格式为数据源.数据库.数据表
3. 显示为所有存在子规则的通过数、不通过数各自的总和
4. 下拉项中显示所有包含关键字test，且已配置了任务的数据表，支持点击
5. 新增并立即运行成功
6. 显示下拉项：「${DATASOURCE}」.「${DATABASE}」.A
7. 展示正确，鼠标悬浮结点时显示年月日、通过数：2/不通过数：2
8. 展示正确，鼠标悬浮结点时显示年月日、通过数：4/不通过数：5
9. 修改并立即运行成功
10. 展示正确，鼠标悬浮结点时显示年月日、通过数：2/不通过数：1
11. 删除成功
12. 不显示下拉项：「${DATASOURCE}」.「${DATABASE}」.A","1. 
2. 
3. 
4. 
5. 
6. 
7. 
8. 
9. 
10. 
11. 
12.","","1","功能测试","功能测试阶段","正常","0","2","12","通过","听筠","2026-04-09","","0000-00-00","1","",""
"183180","数据资产_STD(#23)","/版本迭代测试用例/v6.4.10/【质量总览】总览看板展示(#10453)","【质量总览】总览看板展示(#15697)","验证【数据质量-总览】-【校验异常top排名】部分数据相同时展示正确","资产-数据质量已存在表A、表B、表C、表D相关任务，表A中校验异常数和表B相同，表C和表D的校验异常数和最近一次校验时间都相同
1）表A：校验异常数：10，最近一次校验时间2026-03-13 15:00:00
2）表B：校验异常数：10，最近一次校验时间2026-03-13 16:00:00
3）表C：校验异常数：5，最近一次校验时间2026-03-13 17:00:00
4）表D：校验异常数：5，最近一次校验时间2026-03-13 17:00:00","1. 进入【资产-数据质量-总览】页面
2. 查看【校验异常排名】详情","1. 页面正常进入
2. 展示为：
1）第一行为表B相关详情，第二行为表A相关详情（表A和表B异常数相同，按最近一次校验时间排序）
2）第三行为表C相关详情，第四行为表D相关详情（表C和表D异常数和最近一次校验时间都相同，按表名字母先后排序）","1. 
2.","","3","功能测试","功能测试阶段","正常","0","1","2","通过","听筠","2026-04-09","","0000-00-00","1","",""
"183179","数据资产_STD(#23)","/版本迭代测试用例/v6.4.10/【质量总览】总览看板展示(#10453)","【质量总览】总览看板展示(#15697)","验证【数据质量-总览】-【校验异常top排名】展示正确（相同--最近时间--表名字母排序）","资产-数据质量已存在表A、表B","1. 进入【资产-数据质量-总览】页面
2. 查看【校验异常top排名】板块
3. 1）新增表A的规则，共5条规则任务，包含2条校验通过，2条校验不通过，1条运行失败
2）新增表B的规则，共10条规则任务，包含4条校验通过，5条校验不通过，1条运行失败
3）立即运行
4. 查看校验异常排名详情
5. 1）修改表B里面的部分子规则，删除子规则使其共3条规则任务，包含2条校验通过，1条校验不通过，0条运行失败
2）立即运行
6. 查看校验异常排名详情
7. 删除表A的规则任务
8. 查看校验异常排名详情
9. 创建共10张表的规则任务，查看校验异常排名
10. 创建共11张表的规则任务，查看校验异常排名","1. 页面正常进入
2. 包含
1）标题右上角“？”，悬浮提示“以数据表维度对校验异常数最多的表进行排名”
2）表格形式-包含表头：排名、数据表、所属数据库、所属数据源、校验任务数、校验失败/不通过数、最近一次校验时间
3）支持横向/竖向滑动列表
3. 新增并立即运行成功
4. 展示为：表头从左到右
1）第一行：1，表B，「${DATABASE}」 ，「${DATASOURCE}」，10，1/5，「${datetime}」
2）第二行：2，表A，「${DATABASE}」 ，「${DATASOURCE}」，5，1/2，「${datetime}」
5. 修改并立即运行成功
6. 展示为：表头从左到右
1）第一行：1，表A，「${DATABASE}」 ，「${DATASOURCE}」，5，1/2，「${datetime}」
2）第二行：2，表B，「${DATABASE}」 ，「${DATASOURCE}」，3，0/1，「${datetime}」
7. 删除成功
8. 不显示表A的相关详情
9. 显示10张表的校验异常详情
10. 仅显示校验失败+不通过总数最高的前10张表的详情","1. 
2. 
3. 
4. 
5. 
6. 
7. 
8. 
9. 
10.","","1","功能测试","功能测试阶段","正常","0","2","10","通过","听筠","2026-04-09","","0000-00-00","1","",""
"183178","数据资产_STD(#23)","/版本迭代测试用例/v6.4.10/【质量总览】总览看板展示(#10453)","【质量总览】总览看板展示(#15697)","验证【数据质量-总览】-【已配置规则分类】展示正确","无","1. 进入【资产-数据质量-总览】页面
2. 查看【已配置规则分类】板块
3. 在规则集里新增和删除任意规则，等待小时更新，查看环形图和列表中该规则数量和占比的变化","1. 页面正常进入
2. 包含
1）标题右上角“？”，悬浮提示“统计规则集中配置的各个类型规则总数”
2）环形图-展示每个类型的规则占比
3）列表-所有已经配置的规则集的每类规则的个数、占比，格式为xxx规则 个数，占比
3. 变化正确","1. 
2. 
3.","","1","功能测试","功能测试阶段","正常","0","5","3","通过","听筠","2026-04-09","","0000-00-00","1","",""
"183177","数据资产_STD(#23)","/版本迭代测试用例/v6.4.10/【质量总览】总览看板展示(#10453)","【质量总览】总览看板展示(#15697)","验证【数据质量-总览】-【规则库分布】展示正确","无","1. 进入【资产-数据质量-总览】页面
2. 查看【规则库分布】板块
3. 新增和删除任意规则，等待小时更新，查看饼状图和列表中该规则数量和占比的变化","1. 页面正常进入
2. 包含
1）标题右上角“？”，悬浮提示“统计规则库中内置的/自定义配置的各个类型规则数量”
2）饼状图-展示每个类型的规则占比
3）列表-每类规则的个数、占比，包括所有内置规则和自定义sql规则，格式为xxx规则 个数，占比，使用率
3. 变化正确","1. 
2. 
3.","","1","功能测试","功能测试阶段","正常","0","5","3","通过","听筠","2026-04-09","","0000-00-00","1","",""
"183176","数据资产_STD(#23)","/版本迭代测试用例/v6.4.10/【质量总览】总览看板展示(#10453)","【质量总览】总览看板展示(#15697)","验证【数据质量-总览】-【数据质量概览】展示正确","假设资产-数据质量存在，内置规则85条，自定义规则15条；规则集共100条；规则任务共100条；共校验通过规则100条，校验异常规则50条","1. 进入【资产-数据质量-总览】页面
2. 查看【数据质量概览】板块
3. 查看规则数
4. 查看规则集总数
5. 查看规则任务数
6. 查看校验通过数/校验异常数
7. 新增任一规则任务，内含3条子规则，使其2条通过，1条不通过
8. 立即执行规则
9. 等待小时更新，查看【数据质量概览-校验通过数/校验异常数】数量统计
10. 删除某一规则，该规则内含5条通过子规则，5条不通过子规则
11. 等待小时更新，查看【数据质量概览-校验通过数/校验异常数】数量统计","1. 页面正常进入
2. 包含规则数、规则集总数、规则任务数、校验通过数/校验异常数
3. 标题右上角显示“？”，悬浮提示：“统计规则库中内置规则和自定义规则总数”；
下方展示数量：100
4. 下方显示数量：100
5. 下方显示数量：100
6. 右上角显示“？”，悬浮提示：“取每个任务的最新一次校验结果统计校验通过数/校验异常数”；
下方展示数量：100/50
7. 新增成功
8. 执行成功，2条通过，1条不通过
9. 更新为102/51
10. 删除成功
11. 更新为97/46","1. 
2. 
3. 
4. 
5. 
6. 
7. 
8. 
9. 
10. 
11.","","1","功能测试","功能测试阶段","正常","0","2","11","通过","听筠","2026-04-09","","0000-00-00","1","",""
"183175","数据资产_STD(#23)","/版本迭代测试用例/v6.4.10/【质量总览】总览看板展示(#10453)","【质量总览】总览看板展示(#15697)","验证【数据质量-总览】页面模块展示正确","无","1. 进入【资产-数据质量-总览】页面
2. 查看页面内容","1. 页面正常进入
2. 展示【数据质量概览】、【规则库分布】、【已配置规则分类】、【校验异常top排名】、【近7日校验结果分析】、【近期校验异常结果】；右上角展示【最近一次更新时间：xxxx-xx-xx xx:xx:xx】","1. 
2.","","1","功能测试","功能测试阶段","正常","0","3","2","通过","听筠","2026-04-09","","0000-00-00","1","",""
"183174","数据资产_STD(#23)","/版本迭代测试用例/v6.4.10/【内置规则丰富】合理性，单表，字段值的计算关系对比(#10451)","【岚图】【内置规则丰富】合理性，单表，字段值的计算关系对比(#15529)","验证「规则库配置」-「内置规则」导出规则内容正确","无","1. 进入「资产-数据质量-规则库配置」页面
2. 点击【导出规则】按钮
3. 查看规则","1. 页面正常打开
2. 成功下载规则到本地
3. 包含「合理性-字段值计算对比」规则正确详情","1. 
2. 
3.","","3","功能测试","功能测试阶段","正常","0","1","3","通过","听筠","2026-04-09","","0000-00-00","1","",""
"183173","数据资产_STD(#23)","/版本迭代测试用例/v6.4.10/【内置规则丰富】合理性，单表，字段值的计算关系对比(#10451)","【岚图】【内置规则丰富】合理性，单表，字段值的计算关系对比(#15529)","验证「规则库配置」-「内置规则」-「字段值计算对比」关联规则数显示正确","无","1. 进入「资产-数据质量-规则库配置」页面
2. 找到「字段值计算对比」规则，查看「关联规则数」列
3. 切换至「资产-数据质量-规则集管理-新增规则集」页面，添加「合理性校验-字段值计算对比」规则
4. 切换至「资产-数据质量-规则库配置」页面
5. 找到「字段值计算对比」规则，查看「关联规则数」列和「规则状态」列
6. 删除「规则集管理」-「合理性校验」-「字段值计算对比」规则
7. 查看「规则库配置」-「合理性校验」-「字段值计算对比」","1. 页面正常打开
2. 默认为0
3. 保存成功
4. 页面正常打开
5. 「关联规则数」显示为1，「规则状态」开关置灰，不可更改
6. 删除成功
7. 「关联规则数」显示为0，「规则状态」开关可更改","1. 
2. 
3. 
4. 
5. 
6. 
7.","","2","功能测试","功能测试阶段","正常","0","2","7","通过","听筠","2026-04-09","","0000-00-00","1","",""
"183172","数据资产_STD(#23)","/版本迭代测试用例/v6.4.10/【内置规则丰富】合理性，单表，字段值的计算关系对比(#10451)","【岚图】【内置规则丰富】合理性，单表，字段值的计算关系对比(#15529)","验证「规则库配置」-「内置规则」-「字段值计算对比」开/关规则状态功能正确","无","1. 进入「资产-数据质量-规则库配置」页面
2. 找到「字段值计算对比」规则，查看「规则状态」列
3. 切换至「资产-数据质量-规则集管理-新增规则集-监控规则」页面，添加「合理性校验」规则
4. 查看「合理性校验」-「统计函数」下拉项
5. 切换至「资产-数据质量-规则库配置」页面
6. 找到「字段值计算对比」规则，修改「规则状态」为关闭状态
7. 切换至「资产-数据质量-规则集管理-新增规则集-监控规则」页面，添加「合理性校验」规则
8. 查看「合理性校验」-「统计函数」下拉项","1. 页面正常打开
2. 默认开启的状态
3. 添加成功
4. 显示「字段值计算对比」项
5. 页面正常打开
6. 修改成功
7. 添加成功
8. 不显示「字段值计算对比」项","1. 
2. 
3. 
4. 
5. 
6. 
7. 
8.","","2","功能测试","功能测试阶段","正常","0","1","8","通过","听筠","2026-04-09","","0000-00-00","1","",""
"183171","数据资产_STD(#23)","/版本迭代测试用例/v6.4.10/【内置规则丰富】合理性，单表，字段值的计算关系对比(#10451)","【岚图】【内置规则丰富】合理性，单表，字段值的计算关系对比(#15529)","验证「规则库配置」-「内置规则」列表新增「字段值计算对比」规则","无","1. 进入「资产-数据质量-规则库配置」页面
2. 查看列表","1. 页面正常打开
2. 新增字段值计算对比
显示为：
规则名称-字段值计算对比；
规则解释-单表字段值的计算对比；
规则分类-合理性校验
关联范围-字段
规则描述-比较字段值的计算逻辑是否符合要求，支持将计算结果与字段值进行对比或计算结果值的值域判断","1. 
2.","","1","功能测试","功能测试阶段","正常","0","4","2","通过","听筠","2026-04-09","","0000-00-00","1","",""
"183170","数据资产_STD(#23)","/版本迭代测试用例/v6.4.10/【内置规则丰富】合理性，单表，字段值的计算关系对比(#10451)","【岚图】【内置规则丰富】合理性，单表，字段值的计算关系对比(#15529)","验证「监控规则」-「合理性校验」-「字段值计算对比」校验不通过质量报告内容正确","1、存在表A
CREATE TABLE IF NOT EXISTS lantu_test.A (
--数值型
field_tinyint TINYINT COMMENT &#039;TINYINT类型&#039;,
field_smallint SMALLINT COMMENT &#039;SMALLINT类型&#039;,
field_int INT COMMENT &#039;INT类型&#039;,
field_integer INTEGER COMMENT &#039;INTEGER类型&#039;,
field_bigint BIGINT COMMENT &#039;BIGINT类型&#039;,
field_float FLOAT COMMENT &#039;FLOAT类型&#039;,
field_double DOUBLE COMMENT &#039;DOUBLE类型&#039;,
field_decimal DECIMAL(10, 2) COMMENT &#039;DECIMAL类型&#039;,
field_numeric NUMERIC(15, 4) COMMENT &#039;NUMERIC类型&#039;,
-- STRING类型
string_number STRING COMMENT &#039;数字字符串&#039;,
string_chinese STRING COMMENT &#039;中文字符串&#039;,
string_english STRING COMMENT &#039;英文字符串&#039;,
field_date DATE COMMENT &#039;日期&#039;,
field_boolean BOOLEAN COMMENT &#039;布尔类型&#039;,
field_binary BINARY COMMENT &#039;二进制类型&#039;,
id INT COMMENT &#039;ID&#039;,
user_name STRING COMMENT &#039;用户名&#039;,
age TINYINT COMMENT &#039;年龄&#039;,
phone BIGINT COMMENT &#039;手机号&#039;,
email STRING COMMENT &#039;邮箱&#039;,
salary DECIMAL(10, 2) COMMENT &#039;薪资&#039;,
is_active BOOLEAN COMMENT &#039;是否激活&#039;,
address STRING COMMENT &#039;地址&#039;,
score FLOAT COMMENT &#039;评分&#039;,
total_amount DOUBLE COMMENT &#039;总金额&#039;
) COMMENT &#039;测试表A&#039;;
INSERT INTO lantu_test.A VALUES
(
1, 100, 10000, 100000, 1000000, 3.14, 3.1415926535,
12345.67, 98765.4321, &#039;12345&#039;, &#039;你好世界&#039;, &#039;Hello World&#039;,
DATE(&#039;2024-01-15&#039;), TRUE, X&#039;48656C6C6F&#039;, 1, &#039;张三&#039;, 25, 13812345678,
&#039;zhangsan@example.com&#039;, 8500.00, TRUE, &#039;北京市朝阳区&#039;, 4.8, 99999.99
),
(
2, 200, 20000, 200000, 2000000, 2.718, 2.718281828,
23456.78, 54321.9876, &#039;67890&#039;, &#039;测试数据&#039;, &#039;Test Data&#039;,
DATE(&#039;2024-02-20&#039;), FALSE, X&#039;576F726C64&#039;, 2, &#039;李四&#039;, 30, 13987654321,
&#039;lisi@example.com&#039;, 12000.00, FALSE, &#039;上海市浦东新区&#039;, 4.2, 150000.00
),
(
3, 50, 5000, 50000, 500000, 1.414, 1.414213562,
34567.89, 12345.6789, &#039;99999&#039;, &#039;示例数据&#039;, &#039;Sample Data&#039;,
DATE(&#039;2024-03-10&#039;), TRUE, X&#039;537061726B&#039;, 3, &#039;王五&#039;, 28, 13711223344,
&#039;wangwu@example.com&#039;, 9500.00, TRUE, &#039;广州市天河区&#039;, 4.5, 88000.00
);

2、平台已存在结果不通过的「合理性校验」-「字段值计算对比」规则「test_rule2」，以下两个子规则都不通过
1）子规则一：「合理性校验」-「字段值计算对比」-「计算结果与字段对比」：
「字段」：「 field_int 」
「统计函数」：「 字段值计算对比」
「计算逻辑配置」：「field_smallint-field_tinyint」
「对比方法」：「计算结果与字段对比」
「对比规则」：「 field_int <field_smallint-field_tinyint」
「强弱规则」：「弱规则」
「规则描述」：「测试规则」
2）子规则二：「合理性校验」-「字段值计算对比」-「计算结果值判断」：
「字段」：「 field_int 」
「统计函数」：「 字段值计算对比」
「计算逻辑配置」：「field_smallint/field_tinyint」
「对比方法」：「计算结果值判断」
「结果值」：「<100且=100」
「强弱规则」：「弱规则」
「规则描述」：「测试规则」","1. 进入「资产-数据质量-数据质量报告」页面
2. 查看「test_rule2」任务的质量报告详情
3. 点击「查看详情」按钮","1. 报告进入目录
2. 质量评估汇总（任务名）区域，（数据源、数据库、检测数据范围、表行数、抽样行数、字段数、校验规则数、校验通过率）
3. 显示未通过的明细数据","1. 
2. 
3.","","1","功能测试","功能测试阶段","正常","0","4","3","通过","听筠","2026-04-09","","0000-00-00","1","",""
"183169","数据资产_STD(#23)","/版本迭代测试用例/v6.4.10/【内置规则丰富】合理性，单表，字段值的计算关系对比(#10451)","【岚图】【内置规则丰富】合理性，单表，字段值的计算关系对比(#15529)","验证「监控规则」-「合理性校验」-「字段值计算对比」校验通过质量报告内容正确","1、存在表A
CREATE TABLE IF NOT EXISTS lantu_test.A (
--数值型
field_tinyint TINYINT COMMENT &#039;TINYINT类型&#039;,
field_smallint SMALLINT COMMENT &#039;SMALLINT类型&#039;,
field_int INT COMMENT &#039;INT类型&#039;,
field_integer INTEGER COMMENT &#039;INTEGER类型&#039;,
field_bigint BIGINT COMMENT &#039;BIGINT类型&#039;,
field_float FLOAT COMMENT &#039;FLOAT类型&#039;,
field_double DOUBLE COMMENT &#039;DOUBLE类型&#039;,
field_decimal DECIMAL(10, 2) COMMENT &#039;DECIMAL类型&#039;,
field_numeric NUMERIC(15, 4) COMMENT &#039;NUMERIC类型&#039;,
-- STRING类型
string_number STRING COMMENT &#039;数字字符串&#039;,
string_chinese STRING COMMENT &#039;中文字符串&#039;,
string_english STRING COMMENT &#039;英文字符串&#039;,
field_date DATE COMMENT &#039;日期&#039;,
field_boolean BOOLEAN COMMENT &#039;布尔类型&#039;,
field_binary BINARY COMMENT &#039;二进制类型&#039;,
id INT COMMENT &#039;ID&#039;,
user_name STRING COMMENT &#039;用户名&#039;,
age TINYINT COMMENT &#039;年龄&#039;,
phone BIGINT COMMENT &#039;手机号&#039;,
email STRING COMMENT &#039;邮箱&#039;,
salary DECIMAL(10, 2) COMMENT &#039;薪资&#039;,
is_active BOOLEAN COMMENT &#039;是否激活&#039;,
address STRING COMMENT &#039;地址&#039;,
score FLOAT COMMENT &#039;评分&#039;,
total_amount DOUBLE COMMENT &#039;总金额&#039;
) COMMENT &#039;测试表A&#039;;
INSERT INTO lantu_test.A VALUES
(
1, 100, 10000, 100000, 1000000, 3.14, 3.1415926535,
12345.67, 98765.4321, &#039;12345&#039;, &#039;你好世界&#039;, &#039;Hello World&#039;,
DATE(&#039;2024-01-15&#039;), TRUE, X&#039;48656C6C6F&#039;, 1, &#039;张三&#039;, 25, 13812345678,
&#039;zhangsan@example.com&#039;, 8500.00, TRUE, &#039;北京市朝阳区&#039;, 4.8, 99999.99
),
(
2, 200, 20000, 200000, 2000000, 2.718, 2.718281828,
23456.78, 54321.9876, &#039;67890&#039;, &#039;测试数据&#039;, &#039;Test Data&#039;,
DATE(&#039;2024-02-20&#039;), FALSE, X&#039;576F726C64&#039;, 2, &#039;李四&#039;, 30, 13987654321,
&#039;lisi@example.com&#039;, 12000.00, FALSE, &#039;上海市浦东新区&#039;, 4.2, 150000.00
),
(
3, 50, 5000, 50000, 500000, 1.414, 1.414213562,
34567.89, 12345.6789, &#039;99999&#039;, &#039;示例数据&#039;, &#039;Sample Data&#039;,
DATE(&#039;2024-03-10&#039;), TRUE, X&#039;537061726B&#039;, 3, &#039;王五&#039;, 28, 13711223344,
&#039;wangwu@example.com&#039;, 9500.00, TRUE, &#039;广州市天河区&#039;, 4.5, 88000.00
);

2、平台已存在结果为通过的「合理性校验」-「字段值计算对比」规则「test_rule1」，以下两个子规则都通过
1）子规则一：「合理性校验」-「字段值计算对比」-「计算结果与字段对比」：
「字段」：「 field_int 」
「统计函数」：「 字段值计算对比」
「计算逻辑配置」：「field_tinyint+field_smallint」
「对比方法」：「计算结果与字段对比」
「对比规则」：「 field_int >field_tinyint +field_smallint」
「强弱规则」：「弱规则」
「规则描述」：「测试规则」
2）子规则二：「合理性校验」-「字段值计算对比」-「计算结果值判断」：
「字段」：「 field_int 」
「统计函数」：「 字段值计算对比」
「计算逻辑配置」：「field_tinyint*field_smallint」
「对比方法」：「计算结果值判断」
「结果值」：「 >=100或!=1」
「强弱规则」选择「弱规则」
「规则描述」输入「测试规则」","1. 进入「资产-数据质量-数据质量报告」页面
2. 查看「test_rule1」任务的质量报告详情","1. 报告进入目录
2. 质量评估汇总（任务名）区域，（数据源、数据库、检测数据范围、表行数、抽样行数、字段数、校验规则数、校验通过率）","1. 
2.","","1","功能测试","功能测试阶段","正常","0","3","2","通过","听筠","2026-04-09","","0000-00-00","1","",""
"183168","数据资产_STD(#23)","/版本迭代测试用例/v6.4.10/【内置规则丰富】合理性，单表，字段值的计算关系对比(#10451)","【岚图】【内置规则丰富】合理性，单表，字段值的计算关系对比(#15529)","验证「监控规则」-「合理性校验」-「字段值计算对比」任务运行失败详情正确","1、存在表A
CREATE TABLE IF NOT EXISTS lantu_test.A (
--数值型
field_tinyint TINYINT COMMENT &#039;TINYINT类型&#039;,
field_smallint SMALLINT COMMENT &#039;SMALLINT类型&#039;,
field_int INT COMMENT &#039;INT类型&#039;,
field_integer INTEGER COMMENT &#039;INTEGER类型&#039;,
field_bigint BIGINT COMMENT &#039;BIGINT类型&#039;,
field_float FLOAT COMMENT &#039;FLOAT类型&#039;,
field_double DOUBLE COMMENT &#039;DOUBLE类型&#039;,
field_decimal DECIMAL(10, 2) COMMENT &#039;DECIMAL类型&#039;,
field_numeric NUMERIC(15, 4) COMMENT &#039;NUMERIC类型&#039;,
-- STRING类型
string_number STRING COMMENT &#039;数字字符串&#039;,
string_chinese STRING COMMENT &#039;中文字符串&#039;,
string_english STRING COMMENT &#039;英文字符串&#039;,
field_date DATE COMMENT &#039;日期&#039;,
field_boolean BOOLEAN COMMENT &#039;布尔类型&#039;,
field_binary BINARY COMMENT &#039;二进制类型&#039;,
id INT COMMENT &#039;ID&#039;,
user_name STRING COMMENT &#039;用户名&#039;,
age TINYINT COMMENT &#039;年龄&#039;,
phone BIGINT COMMENT &#039;手机号&#039;,
email STRING COMMENT &#039;邮箱&#039;,
salary DECIMAL(10, 2) COMMENT &#039;薪资&#039;,
is_active BOOLEAN COMMENT &#039;是否激活&#039;,
address STRING COMMENT &#039;地址&#039;,
score FLOAT COMMENT &#039;评分&#039;,
total_amount DOUBLE COMMENT &#039;总金额&#039;
) COMMENT &#039;测试表A&#039;;
INSERT INTO lantu_test.A VALUES
(
1, 100, 10000, 100000, 1000000, 3.14, 3.1415926535,
12345.67, 98765.4321, &#039;12345&#039;, &#039;你好世界&#039;, &#039;Hello World&#039;,
DATE(&#039;2024-01-15&#039;), TRUE, X&#039;48656C6C6F&#039;, 1, &#039;张三&#039;, 25, 13812345678,
&#039;zhangsan@example.com&#039;, 8500.00, TRUE, &#039;北京市朝阳区&#039;, 4.8, 99999.99
),
(
2, 200, 20000, 200000, 2000000, 2.718, 2.718281828,
23456.78, 54321.9876, &#039;67890&#039;, &#039;测试数据&#039;, &#039;Test Data&#039;,
DATE(&#039;2024-02-20&#039;), FALSE, X&#039;576F726C64&#039;, 2, &#039;李四&#039;, 30, 13987654321,
&#039;lisi@example.com&#039;, 12000.00, FALSE, &#039;上海市浦东新区&#039;, 4.2, 150000.00
),
(
3, 50, 5000, 50000, 500000, 1.414, 1.414213562,
34567.89, 12345.6789, &#039;99999&#039;, &#039;示例数据&#039;, &#039;Sample Data&#039;,
DATE(&#039;2024-03-10&#039;), TRUE, X&#039;537061726B&#039;, 3, &#039;王五&#039;, 28, 13711223344,
&#039;wangwu@example.com&#039;, 9500.00, TRUE, &#039;广州市天河区&#039;, 4.5, 88000.00
);

2、平台已存在「合理性校验」-「字段值计算对比」质量规则「test_rule3」校验失败：
「字段」：「 field_date 」
「统计函数」：「 字段值计算对比」
「计算逻辑配置」：「field_smallint-field_tinyint」
「对比方法」：「计算结果与字段对比」
「对比规则」：「 field_date <field_smallint-field_tinyint」
「强弱规则」：「弱规则」
「规则描述」：「测试规则」","1. 进入「资产-数据质量-校验结果查询」页面
2. 点击「test_rule3」任务表名称
3. 查看详情
4. 点击【监控报告】tab
5. 点击「查看日志」按钮","1. 页面正常打开，页面显示「test_rule3」相关任务，校验结果为“运行失败”
2. 抽屉展开结果详情
3. 页面包含：
任务名称、监控报告tab、表级报告tab、「查看日志」按钮
4. 包含「合理性校验」-「字段值计算对比」-「计算结果与字段对比」配置的详情：
「字段」：「 field_date 」
「统计函数」：「 字段值计算对比」
「过滤条件」：「 --」
「计算逻辑配置」：「field_smallint-field_tinyint」
「对比方法」：「计算结果与字段对比」
「对比规则」：「 field_date <field_smallint-field_tinyint」
「强弱规则」：「弱规则」
「规则描述」：「测试规则」
5. 支持查看运行失败的日志","1. 
2. 
3. 
4. 
5.","","3","功能测试","功能测试阶段","正常","0","1","5","通过","听筠","2026-04-09","","0000-00-00","1","",""
"183167","数据资产_STD(#23)","/版本迭代测试用例/v6.4.10/【内置规则丰富】合理性，单表，字段值的计算关系对比(#10451)","【岚图】【内置规则丰富】合理性，单表，字段值的计算关系对比(#15529)","验证「监控规则」-「合理性校验」-「字段值计算对比」任务不通过结果详情正确","1、存在表A
CREATE TABLE IF NOT EXISTS lantu_test.A (
--数值型
field_tinyint TINYINT COMMENT &#039;TINYINT类型&#039;,
field_smallint SMALLINT COMMENT &#039;SMALLINT类型&#039;,
field_int INT COMMENT &#039;INT类型&#039;,
field_integer INTEGER COMMENT &#039;INTEGER类型&#039;,
field_bigint BIGINT COMMENT &#039;BIGINT类型&#039;,
field_float FLOAT COMMENT &#039;FLOAT类型&#039;,
field_double DOUBLE COMMENT &#039;DOUBLE类型&#039;,
field_decimal DECIMAL(10, 2) COMMENT &#039;DECIMAL类型&#039;,
field_numeric NUMERIC(15, 4) COMMENT &#039;NUMERIC类型&#039;,
-- STRING类型
string_number STRING COMMENT &#039;数字字符串&#039;,
string_chinese STRING COMMENT &#039;中文字符串&#039;,
string_english STRING COMMENT &#039;英文字符串&#039;,
field_date DATE COMMENT &#039;日期&#039;,
field_boolean BOOLEAN COMMENT &#039;布尔类型&#039;,
field_binary BINARY COMMENT &#039;二进制类型&#039;,
id INT COMMENT &#039;ID&#039;,
user_name STRING COMMENT &#039;用户名&#039;,
age TINYINT COMMENT &#039;年龄&#039;,
phone BIGINT COMMENT &#039;手机号&#039;,
email STRING COMMENT &#039;邮箱&#039;,
salary DECIMAL(10, 2) COMMENT &#039;薪资&#039;,
is_active BOOLEAN COMMENT &#039;是否激活&#039;,
address STRING COMMENT &#039;地址&#039;,
score FLOAT COMMENT &#039;评分&#039;,
total_amount DOUBLE COMMENT &#039;总金额&#039;
) COMMENT &#039;测试表A&#039;;
INSERT INTO lantu_test.A VALUES
(
1, 100, 10000, 100000, 1000000, 3.14, 3.1415926535,
12345.67, 98765.4321, &#039;12345&#039;, &#039;你好世界&#039;, &#039;Hello World&#039;,
DATE(&#039;2024-01-15&#039;), TRUE, X&#039;48656C6C6F&#039;, 1, &#039;张三&#039;, 25, 13812345678,
&#039;zhangsan@example.com&#039;, 8500.00, TRUE, &#039;北京市朝阳区&#039;, 4.8, 99999.99
),
(
2, 200, 20000, 200000, 2000000, 2.718, 2.718281828,
23456.78, 54321.9876, &#039;67890&#039;, &#039;测试数据&#039;, &#039;Test Data&#039;,
DATE(&#039;2024-02-20&#039;), FALSE, X&#039;576F726C64&#039;, 2, &#039;李四&#039;, 30, 13987654321,
&#039;lisi@example.com&#039;, 12000.00, FALSE, &#039;上海市浦东新区&#039;, 4.2, 150000.00
),
(
3, 50, 5000, 50000, 500000, 1.414, 1.414213562,
34567.89, 12345.6789, &#039;99999&#039;, &#039;示例数据&#039;, &#039;Sample Data&#039;,
DATE(&#039;2024-03-10&#039;), TRUE, X&#039;537061726B&#039;, 3, &#039;王五&#039;, 28, 13711223344,
&#039;wangwu@example.com&#039;, 9500.00, TRUE, &#039;广州市天河区&#039;, 4.5, 88000.00
);

2、平台已存在结果不通过的「合理性校验」-「字段值计算对比」规则「test_rule2」，以下两个子规则都不通过
1）子规则一：「合理性校验」-「字段值计算对比」-「计算结果与字段对比」：
「字段」：「 field_int 」
「统计函数」：「 字段值计算对比」
「计算逻辑配置」：「field_smallint-field_tinyint」
「对比方法」：「计算结果与字段对比」
「对比规则」：「 field_int <field_smallint-field_tinyint」
「强弱规则」：「弱规则」
「规则描述」：「测试规则」
2）子规则二：「合理性校验」-「字段值计算对比」-「计算结果值判断」：
「字段」：「 field_int 」
「统计函数」：「 字段值计算对比」
「计算逻辑配置」：「field_smallint/field_tinyint」
「对比方法」：「计算结果值判断」
「结果值」：「<100且=100」
「强弱规则」：「弱规则」
「规则描述」：「测试规则」","1. 进入「资产-数据质量-校验结果查询」页面
2. 点击「test_rule2」任务表名称
3. 查看详情
4. 点击【监控报告】tab
5. 点击「查看明细」按钮
6. 点击【下载明细】按钮
7. 点击【表级报告】tab","1. 页面正常打开，页面显示「test_rule2」相关任务，校验结果为“校验不通过”
2. 抽屉展开结果详情
3. 页面包含：
任务名称、监控报告tab、表级报告tab
4. 包含：
1）子规则一-「合理性校验」-「字段值计算对比」-「计算结果与字段对比」配置的详情：
「字段」：「 field_int 」
「统计函数」：「 字段值计算对比」
「过滤条件」：「 --」
「计算逻辑配置」：「field_smallint-field_tinyint」
「对比方法」：「计算结果与字段对比」
「对比规则」：「 field_int <field_smallint-field_tinyint」
「强弱规则」：「弱规则」
「规则描述」：「测试规则」
2）显示「查看明细」按钮
3）子规则二-「合理性校验」-「字段值计算对比」-「计算结果值判断」配置的详情：
「字段」：「 field_int 」
「统计函数」：「 字段值计算对比」
「过滤条件」：「 --」
「计算逻辑配置」：「field_smallint/field_tinyint」
「对比方法」：「计算结果值判断」
「结果值」：「<100且=100」
「强弱规则」：「弱规则」
「规则描述」：「测试规则」
4）显示「查看明细」按钮
5. 1）标题：“查看“合理性校验-字段值计算对比”明细”
2）列表记录不符合的数据，表头展示全部字段，校验字段标红展示
3）显示「下载明细」按钮
6. 支持下载明细，内容正确
7. 包含
1）数据表信息汇总（表名、总分区数量、数据源、数据源类型、数据库），空白时显示“--”；
2）表级统计（记录数、报警数），报警数显示“2”；
3）最近30次综合报告（记录数平均波动率、平均记录数、日平均告警数、平均告警数）；
4）最近30次表级统计；
5）最近30次表数据波动图","1. 
2. 
3. 
4. 
5. 
6. 
7.","","1","功能测试","功能测试阶段","正常","0","3","7","通过","听筠","2026-04-09","","0000-00-00","1","",""
"183166","数据资产_STD(#23)","/版本迭代测试用例/v6.4.10/【内置规则丰富】合理性，单表，字段值的计算关系对比(#10451)","【岚图】【内置规则丰富】合理性，单表，字段值的计算关系对比(#15529)","验证「监控规则」-「合理性校验」-「字段值计算对比」任务通过结果详情正确","1、存在表A
CREATE TABLE IF NOT EXISTS lantu_test.A (
--数值型
field_tinyint TINYINT COMMENT &#039;TINYINT类型&#039;,
field_smallint SMALLINT COMMENT &#039;SMALLINT类型&#039;,
field_int INT COMMENT &#039;INT类型&#039;,
field_integer INTEGER COMMENT &#039;INTEGER类型&#039;,
field_bigint BIGINT COMMENT &#039;BIGINT类型&#039;,
field_float FLOAT COMMENT &#039;FLOAT类型&#039;,
field_double DOUBLE COMMENT &#039;DOUBLE类型&#039;,
field_decimal DECIMAL(10, 2) COMMENT &#039;DECIMAL类型&#039;,
field_numeric NUMERIC(15, 4) COMMENT &#039;NUMERIC类型&#039;,
-- STRING类型
string_number STRING COMMENT &#039;数字字符串&#039;,
string_chinese STRING COMMENT &#039;中文字符串&#039;,
string_english STRING COMMENT &#039;英文字符串&#039;,
field_date DATE COMMENT &#039;日期&#039;,
field_boolean BOOLEAN COMMENT &#039;布尔类型&#039;,
field_binary BINARY COMMENT &#039;二进制类型&#039;,
id INT COMMENT &#039;ID&#039;,
user_name STRING COMMENT &#039;用户名&#039;,
age TINYINT COMMENT &#039;年龄&#039;,
phone BIGINT COMMENT &#039;手机号&#039;,
email STRING COMMENT &#039;邮箱&#039;,
salary DECIMAL(10, 2) COMMENT &#039;薪资&#039;,
is_active BOOLEAN COMMENT &#039;是否激活&#039;,
address STRING COMMENT &#039;地址&#039;,
score FLOAT COMMENT &#039;评分&#039;,
total_amount DOUBLE COMMENT &#039;总金额&#039;
) COMMENT &#039;测试表A&#039;;
INSERT INTO lantu_test.A VALUES
(
1, 100, 10000, 100000, 1000000, 3.14, 3.1415926535,
12345.67, 98765.4321, &#039;12345&#039;, &#039;你好世界&#039;, &#039;Hello World&#039;,
DATE(&#039;2024-01-15&#039;), TRUE, X&#039;48656C6C6F&#039;, 1, &#039;张三&#039;, 25, 13812345678,
&#039;zhangsan@example.com&#039;, 8500.00, TRUE, &#039;北京市朝阳区&#039;, 4.8, 99999.99
),
(
2, 200, 20000, 200000, 2000000, 2.718, 2.718281828,
23456.78, 54321.9876, &#039;67890&#039;, &#039;测试数据&#039;, &#039;Test Data&#039;,
DATE(&#039;2024-02-20&#039;), FALSE, X&#039;576F726C64&#039;, 2, &#039;李四&#039;, 30, 13987654321,
&#039;lisi@example.com&#039;, 12000.00, FALSE, &#039;上海市浦东新区&#039;, 4.2, 150000.00
),
(
3, 50, 5000, 50000, 500000, 1.414, 1.414213562,
34567.89, 12345.6789, &#039;99999&#039;, &#039;示例数据&#039;, &#039;Sample Data&#039;,
DATE(&#039;2024-03-10&#039;), TRUE, X&#039;537061726B&#039;, 3, &#039;王五&#039;, 28, 13711223344,
&#039;wangwu@example.com&#039;, 9500.00, TRUE, &#039;广州市天河区&#039;, 4.5, 88000.00
);

2、平台已存在结果为通过的「合理性校验」-「字段值计算对比」规则「test_rule1」，以下两个子规则都通过
1）子规则一：「合理性校验」-「字段值计算对比」-「计算结果与字段对比」：
「字段」：「 field_int 」
「统计函数」：「 字段值计算对比」
「计算逻辑配置」：「field_tinyint+field_smallint」
「对比方法」：「计算结果与字段对比」
「对比规则」：「 field_int >field_tinyint +field_smallint」
「强弱规则」：「弱规则」
「规则描述」：「测试规则」
2）子规则二：「合理性校验」-「字段值计算对比」-「计算结果值判断」：
「字段」：「 field_int 」
「统计函数」：「 字段值计算对比」
「计算逻辑配置」：「field_tinyint*field_smallint」
「对比方法」：「计算结果值判断」
「结果值」：「 >=100或!=1」
「强弱规则」选择「弱规则」
「规则描述」输入「测试规则」","1. 进入「资产-数据质量-校验结果查询」页面
2. 点击「test_rule1」任务表名称
3. 查看详情
4. 点击【监控报告】tab
5. 点击【表级报告】tab","1. 页面正常打开，页面显示「test_rule1」相关任务，校验结果为“校验通过”
2. 抽屉展开结果详情
3. 页面包含：
任务名称、监控报告tab、表级报告tab
4. 包含
1）子规则一-「合理性校验」-「字段值计算对比」-「计算结果与字段对比」配置的详情：
「字段」：「 field_int 」
「统计函数」：「 字段值计算对比」
「过滤条件」：「 --」
「计算逻辑配置」：「field_tinyint+field_smallint」
「对比方法」：「计算结果与字段对比」
「对比规则」：「 field_int >field_tinyint +field_smallint」
「强弱规则」：「弱规则」
「规则描述」：「测试规则」
2）子规则二-「合理性校验」-「字段值计算对比」-「计算结果值判断」配置的详情：
「字段」：「 field_int 」
「统计函数」：「 字段值计算对比」
「过滤条件」：「--」
「计算逻辑配置」：「field_tinyint*field_smallint」
「对比方法」：「计算结果值判断」
「结果值」：「 >=100或!=1」
「强弱规则」选择「弱规则」
「规则描述」输入「测试规则」
5. 包含
1）数据表信息汇总（表名、总分区数量、数据源、数据源类型、数据库），空白时显示“--”；
2）表级统计（记录数、报警数），空白时显示“--”；
3）最近30次综合报告（记录数平均波动率、平均记录数、日平均告警数、平均告警数）；
4）最近30次表级统计；
5）最近30次表数据波动图","1. 
2. 
3. 
4. 
5.","","1","功能测试","功能测试阶段","正常","0","3","5","通过","听筠","2026-04-09","","0000-00-00","1","",""
"183165","数据资产_STD(#23)","/版本迭代测试用例/v6.4.10/【内置规则丰富】合理性，单表，字段值的计算关系对比(#10451)","【岚图】【内置规则丰富】合理性，单表，字段值的计算关系对比(#15529)","验证「监控规则」-「合理性校验」-「字段值计算对比」配置抽样后校验功能","存在表A
CREATE TABLE IF NOT EXISTS lantu_test.A (
--数值型
field_tinyint TINYINT COMMENT &#039;TINYINT类型&#039;,
field_smallint SMALLINT COMMENT &#039;SMALLINT类型&#039;,
field_int INT COMMENT &#039;INT类型&#039;,
field_integer INTEGER COMMENT &#039;INTEGER类型&#039;,
field_bigint BIGINT COMMENT &#039;BIGINT类型&#039;,
field_float FLOAT COMMENT &#039;FLOAT类型&#039;,
field_double DOUBLE COMMENT &#039;DOUBLE类型&#039;,
field_decimal DECIMAL(10, 2) COMMENT &#039;DECIMAL类型&#039;,
field_numeric NUMERIC(15, 4) COMMENT &#039;NUMERIC类型&#039;,
-- STRING类型
string_number STRING COMMENT &#039;数字字符串&#039;,
string_chinese STRING COMMENT &#039;中文字符串&#039;,
string_english STRING COMMENT &#039;英文字符串&#039;,
field_date DATE COMMENT &#039;日期&#039;,
field_boolean BOOLEAN COMMENT &#039;布尔类型&#039;,
field_binary BINARY COMMENT &#039;二进制类型&#039;,
id INT COMMENT &#039;ID&#039;,
user_name STRING COMMENT &#039;用户名&#039;,
age TINYINT COMMENT &#039;年龄&#039;,
phone BIGINT COMMENT &#039;手机号&#039;,
email STRING COMMENT &#039;邮箱&#039;,
salary DECIMAL(10, 2) COMMENT &#039;薪资&#039;,
is_active BOOLEAN COMMENT &#039;是否激活&#039;,
address STRING COMMENT &#039;地址&#039;,
score FLOAT COMMENT &#039;评分&#039;,
total_amount DOUBLE COMMENT &#039;总金额&#039;
) COMMENT &#039;测试表A&#039;;
INSERT INTO lantu_test.A VALUES
(
1, 100, 10000, 100000, 1000000, 3.14, 3.1415926535,
12345.67, 98765.4321, &#039;12345&#039;, &#039;你好世界&#039;, &#039;Hello World&#039;,
DATE(&#039;2024-01-15&#039;), TRUE, X&#039;48656C6C6F&#039;, 1, &#039;张三&#039;, 25, 13812345678,
&#039;zhangsan@example.com&#039;, 8500.00, TRUE, &#039;北京市朝阳区&#039;, 4.8, 99999.99
),
(
2, 200, 20000, 200000, 2000000, 2.718, 2.718281828,
23456.78, 54321.9876, &#039;67890&#039;, &#039;测试数据&#039;, &#039;Test Data&#039;,
DATE(&#039;2024-02-20&#039;), FALSE, X&#039;576F726C64&#039;, 2, &#039;李四&#039;, 30, 13987654321,
&#039;lisi@example.com&#039;, 12000.00, FALSE, &#039;上海市浦东新区&#039;, 4.2, 150000.00
),
(
3, 50, 5000, 50000, 500000, 1.414, 1.414213562,
34567.89, 12345.6789, &#039;99999&#039;, &#039;示例数据&#039;, &#039;Sample Data&#039;,
DATE(&#039;2024-03-10&#039;), TRUE, X&#039;537061726B&#039;, 3, &#039;王五&#039;, 28, 13711223344,
&#039;wangwu@example.com&#039;, 9500.00, TRUE, &#039;广州市天河区&#039;, 4.5, 88000.00
),
(
3, 50, 5000, 50000, 500000, 1.414, 1.414213562,
34567.89, 12345.6789, &#039;99999&#039;, &#039;示例数据&#039;, &#039;Sample Data&#039;,
DATE(&#039;2024-03-10&#039;), TRUE, X&#039;537061726B&#039;, 4, &#039;王五&#039;, 28, 13711223344,
&#039;wangwu@example.com&#039;, 9500.00, TRUE, &#039;广州市天河区&#039;, 4.5, 88000.00
);","1. 进入「资产-数据质量-规则集管理-基础信息」页面
2. 「选择数据源」选择「${DATASOURCE}」
「选择数据库」选择「${DATABASE}」
「选择数据表」选择「${TABLE}」
「规则包名称」填写「合理性-字段值计算对比」
3. 点击「新增规则包」-「合理性-字段值计算对比」，点击【添加规则-合理性校验】
4. 「监控规则」配置如下：
子规则一：
「字段」：「 field_tinyint」
「统计函数」：「 字段值计算对比」
「计算逻辑配置」：「field_smallint/field_int」
「对比方法」：「计算结果与字段对比」
「对比规则」：「 field_tinyint != field_smallint/field_int」
「强弱规则」选择「弱规则」
「规则描述」输入「测试规则」
子规则二：
「字段」：「 field_tinyint」
「统计函数」：「 字段值计算对比」
「计算逻辑配置」：「(field_smallint+field_integer)/field_smallint」
「对比方法」：「计算结果与字段对比」
「对比规则」：「 field_tinyint>=(field_smallint+field_integer)/field_smallint」
「强弱规则」选择「弱规则」
「规则描述」输入「测试规则」
5. 点击【保存】按钮
6. 进入「规则任务管理-监控对象」页面
7. 「规则名称」输入「test_rule」
「选择数据源」选择「${DATASOURCE}」
「选择数据库」选择「${DATABASE}」
「选择数据表」选择「${TABLE}」
配置抽样检查：
「抽样设置-百分比抽样」选择「50%」
8. 引入规则包「合理性-字段值计算对比」，点击「下一步」按钮
9. 配置「调度属性」，保存规则，且「调度属性」中配置「规则报告」为最新结果
10. 临时运行规则，查看实例详情
11. 查看质量报告","1. 页面正常打开
2. 基础信息配置成功；
进入「监控规则」配置页
3. 选择成功，页面显示「合理性校验」规则配置区域
4. 监控规则配置完成
5. 规则保存成功
6. 页面正常打开
7. 监控对象配置成功；
进入「监控规则」配置页
8. 引入正确，规则内容置灰，进入「调度属性」
9. 规则保存成功
10. 实例中子规则一结果通过，子规则二结果不通过，且实例详情展示正确
11. “表行数”数量显示为2","1. 
2. 
3. 
4. 
5. 
6. 
7. 
8. 
9. 
10. 
11.","","3","功能测试","功能测试阶段","正常","0","1","11","通过","听筠","2026-04-09","","0000-00-00","1","",""
"183164","数据资产_STD(#23)","/版本迭代测试用例/v6.4.10/【内置规则丰富】合理性，单表，字段值的计算关系对比(#10451)","【岚图】【内置规则丰富】合理性，单表，字段值的计算关系对比(#15529)","验证更换脏数据存储库后「监控规则」-「合理性校验」-「字段值计算对比」校验功能","资产-数据质量已存在库dirty_db","1. 进入「资产-数据质量-规则集管理-基础信息」页面
2. 「选择数据源」选择「${DATASOURCE}」
「选择数据库」选择「${DATABASE}」
「选择数据表」选择「${TABLE}」
「规则包名称」填写「合理性-字段值计算对比」
3. 点击「新增规则包」-「合理性-字段值计算对比」，点击【添加规则-合理性校验】
4. 「监控规则」配置如下：
子规则一：
「字段」：「 field_tinyint」
「统计函数」：「 字段值计算对比」
「计算逻辑配置」：「field_smallint/field_int」
「对比方法」：「计算结果与字段对比」
「对比规则」：「 field_tinyint != field_smallint/field_int」
「强弱规则」选择「弱规则」
「规则描述」输入「测试规则」
子规则二：
「字段」：「 field_tinyint」
「统计函数」：「 字段值计算对比」
「计算逻辑配置」：「(field_smallint+field_integer)/field_smallint」
「对比方法」：「计算结果与字段对比」
「对比规则」：「 field_tinyint>=(field_smallint+field_integer)/field_smallint」
「强弱规则」选择「弱规则」
「规则描述」输入「测试规则」
5. 点击【保存】按钮
6. 进入「项目管理-脏数据管理」页面
7. 编辑脏数据存储库：源库-->dirty_db，点击保存
8. 进入「规则任务管理-监控对象」页面
9. 「规则名称」输入「test_rule」
「选择数据源」选择「${DATASOURCE}」
「选择数据库」选择「${DATABASE}」
「选择数据表」选择「${TABLE}」
10. 引入规则包「合理性-字段值计算对比」，点击「下一步」按钮
11. 配置「调度属性」，保存规则，且「调度属性」中配置「规则报告」为最新结果
12. 查看质量sql
13. 临时运行规则，查看实例详情
14. 查看库dirty_db和源库","1. 页面正常打开
2. 基础信息配置成功；
进入「监控规则」配置页
3. 选择成功，页面显示「合理性校验」规则配置区域
4. 监控规则配置完成
5. 规则保存成功
6. 页面正常打开
7. 成功保存
8. 页面正常打开
9. 监控对象配置成功；
进入「监控规则」配置页
10. 引入正确，规则内容置灰，进入「调度属性」
11. 规则保存成功
12. 脏数据存储库为dirty_db
13. 实例中子规则一结果通过，子规则二结果不通过，且实例详情展示正确
14. 成功存储该规则的脏数据表到dirty_db，源库中未存储","1. 
2. 
3. 
4. 
5. 
6. 
7. 
8. 
9. 
10. 
11. 
12. 
13. 
14.","","3","功能测试","功能测试阶段","正常","0","1","14","通过","听筠","2026-04-09","","0000-00-00","1","",""
"183163","数据资产_STD(#23)","/版本迭代测试用例/v6.4.10/【内置规则丰富】合理性，单表，字段值的计算关系对比(#10451)","【岚图】【内置规则丰富】合理性，单表，字段值的计算关系对比(#15529)","验证「监控规则」-「合理性校验」-「字段值计算对比」doris数据源校验功能","资产-数据质量已存在doris数据源相关表test_doris
CREATE TABLE IF NOT EXISTS lantu_test.test_doris (
event_day DATE,
field_tinyint TINYINT,
field_smallint SMALLINT,
field_int INT,
field_integer INTEGER,
field_bigint BIGINT,
field_float FLOAT,
field_double DOUBLE,
field_decimal DECIMAL(10,2),
field_numeric NUMERIC(15,4),
string_number STRING,
string_chinese STRING,
string_english STRING,
field_date DATE,
id INT
)
ENGINE=OLAP
DUPLICATE KEY(event_day, id)
PARTITION BY RANGE(event_day) (
PARTITION p20251101 VALUES LESS THAN (“2025-11-02“),
PARTITION p20251102 VALUES LESS THAN (“2025-11-03“)
)
DISTRIBUTED BY HASH(id) BUCKETS 10
PROPERTIES(“replication_num“ = “1“);

INSERT INTO lantu_test.test_doris VALUES
(&#039;2025-11-01&#039;, 1, 10, 100, 100, 1000, 1.1, 1.11, 10.50, 100.1234, &#039;001&#039;, &#039;张三&#039;, &#039;Zhang San&#039;, &#039;2024-01-01&#039;, 1),
(&#039;2025-11-01&#039;, 2, 20, 200, 200, 2000, 2.2, 2.22, 20.50, 200.1234, &#039;002&#039;, &#039;李四&#039;, &#039;Li Si&#039;, &#039;2024-01-02&#039;, 2),
(&#039;2025-11-02&#039;, 3, 30, 300, 300, 3000, 3.3, 3.33, 30.50, 300.1234, &#039;003&#039;, &#039;王五&#039;, &#039;Wang Wu&#039;, &#039;2024-01-03&#039;, 3);","1. 进入「资产-数据质量-规则集管理-基础信息」页面
2. 「选择数据源」选择「${DATASOURCE}」
「选择数据库」选择「${DATABASE}」
「选择数据表」选择「${TABLE}」
「规则包名称」填写「合理性-字段值计算对比」
3. 点击「新增规则包」-「合理性-字段值计算对比」，点击【添加规则-合理性校验】
4. 「监控规则」配置如下：
子规则一：
「字段」：「 field_tinyint」
「统计函数」：「 字段值计算对比」
「计算逻辑配置」：「field_smallint/field_int」
「对比方法」：「计算结果与字段对比」
「对比规则」：「 field_tinyint != field_smallint/field_int」
「强弱规则」选择「弱规则」
「规则描述」输入「测试规则」
子规则二：
「字段」：「 field_tinyint」
「统计函数」：「 字段值计算对比」
「计算逻辑配置」：「(field_smallint+field_integer)/field_smallint」
「对比方法」：「计算结果与字段对比」
「对比规则」：「 field_tinyint>=(field_smallint+field_integer)/field_smallint」
「强弱规则」选择「弱规则」
「规则描述」输入「测试规则」
5. 点击【保存】按钮
6. 进入「规则任务管理-监控对象」页面
7. 「规则名称」输入「test_rule」
「选择数据源」选择「${DATASOURCE}」
「选择数据库」选择「${DATABASE}」
「选择数据表」选择「${TABLE}」
8. 引入规则包「合理性-字段值计算对比」，点击「下一步」按钮
9. 配置「调度属性」，保存规则，且「调度属性」中配置「规则报告」为最新结果
10. 临时运行规则，查看实例详情","1. 页面正常打开
2. 基础信息配置成功；
进入「监控规则」配置页
3. 选择成功，页面显示「合理性校验」规则配置区域
4. 监控规则配置完成
5. 规则保存成功
6. 页面正常打开
7. 监控对象配置成功；
进入「监控规则」配置页
8. 引入正确，规则内容置灰，进入「调度属性」
9. 规则保存成功
10. 实例中子规则一结果通过，子规则二结果不通过，且实例详情展示正确","1. 
2. 
3. 
4. 
5. 
6. 
7. 
8. 
9. 
10.","","3","功能测试","功能测试阶段","正常","0","2","10","通过","听筠","2026-04-09","","0000-00-00","1","",""
"183162","数据资产_STD(#23)","/版本迭代测试用例/v6.4.10/【内置规则丰富】合理性，单表，字段值的计算关系对比(#10451)","【岚图】【内置规则丰富】合理性，单表，字段值的计算关系对比(#15529)","验证「监控规则」-「合理性校验」-「字段值计算对比」hive数据源校验功能","资产-数据质量已存在hive数据源相关表test_hive
CREATE TABLE IF NOT EXISTS lantu_test.test_hive (
field_tinyint TINYINT,
field_smallint SMALLINT,
field_int INT,
field_integer INTEGER,
field_bigint BIGINT,
field_float FLOAT,
field_double DOUBLE,
field_decimal DECIMAL(10,2),
field_numeric NUMERIC(15,4),
string_number STRING,
string_chinese STRING,
string_english STRING,
field_date DATE,
id INT
)
PARTITIONED BY (dt STRING)
ROW FORMAT DELIMITED
FIELDS TERMINATED BY &#039;,&#039;
STORED AS ORC;
INSERT INTO lantu_test.test_hive PARTITION(dt=&#039;2026-04-03&#039;) VALUES
(1, 10, 100, 100, 1000, 1.1, 1.11, 10.50, 100.1234, &#039;001&#039;, &#039;张三&#039;, &#039;Zhang&#039;, &#039;2024-01-01&#039;, 1),
(2, 20, 200, 200, 2000, 2.2, 2.22, 20.50, 200.1234, &#039;002&#039;, &#039;李四&#039;, &#039;Li&#039;, &#039;2024-01-02&#039;, 2),
(3, 30, 300, 300, 3000, 3.3, 3.33, 30.50, 300.1234, &#039;003&#039;, &#039;王五&#039;, &#039;Wang&#039;, &#039;2024-01-03&#039;, 3);","1. 进入「资产-数据质量-规则集管理-基础信息」页面
2. 「选择数据源」选择「${DATASOURCE}」
「选择数据库」选择「${DATABASE}」
「选择数据表」选择「${TABLE}」
「规则包名称」填写「合理性-字段值计算对比」
3. 点击「新增规则包」-「合理性-字段值计算对比」，点击【添加规则-合理性校验】
4. 「监控规则」配置如下：
子规则一：
「字段」：「 field_tinyint」
「统计函数」：「 字段值计算对比」
「计算逻辑配置」：「field_smallint/field_int」
「对比方法」：「计算结果与字段对比」
「对比规则」：「 field_tinyint != field_smallint/field_int」
「强弱规则」选择「弱规则」
「规则描述」输入「测试规则」
子规则二：
「字段」：「 field_tinyint」
「统计函数」：「 字段值计算对比」
「计算逻辑配置」：「(field_smallint+field_integer)/field_smallint」
「对比方法」：「计算结果与字段对比」
「对比规则」：「 field_tinyint>=(field_smallint+field_integer)/field_smallint」
「强弱规则」选择「弱规则」
「规则描述」输入「测试规则」
5. 点击【保存】按钮
6. 进入「规则任务管理-监控对象」页面
7. 「规则名称」输入「test_rule」
「选择数据源」选择「${DATASOURCE}」
「选择数据库」选择「${DATABASE}」
「选择数据表」选择「${TABLE}」
8. 引入规则包「合理性-字段值计算对比」，点击「下一步」按钮
9. 配置「调度属性」，保存规则，且「调度属性」中配置「规则报告」为最新结果
10. 临时运行规则，查看实例详情","1. 页面正常打开
2. 基础信息配置成功；
进入「监控规则」配置页
3. 选择成功，页面显示「合理性校验」规则配置区域
4. 监控规则配置完成
5. 规则保存成功
6. 页面正常打开
7. 监控对象配置成功；
进入「监控规则」配置页
8. 引入正确，规则内容置灰，进入「调度属性」
9. 规则保存成功
10. 实例中子规则一结果通过，子规则二结果不通过，且实例详情展示正确","1. 
2. 
3. 
4. 
5. 
6. 
7. 
8. 
9. 
10.","","3","功能测试","功能测试阶段","正常","0","0","10","","听筠","2026-04-09","","0000-00-00","1","",""
"183161","数据资产_STD(#23)","/版本迭代测试用例/v6.4.10/【内置规则丰富】合理性，单表，字段值的计算关系对比(#10451)","【岚图】【内置规则丰富】合理性，单表，字段值的计算关系对比(#15529)","验证「监控规则」-「合理性校验」-「字段值计算对比」编辑功能","1、存在表A
CREATE TABLE IF NOT EXISTS lantu_test.A (
--数值型
field_tinyint TINYINT COMMENT &#039;TINYINT类型&#039;,
field_smallint SMALLINT COMMENT &#039;SMALLINT类型&#039;,
field_int INT COMMENT &#039;INT类型&#039;,
field_integer INTEGER COMMENT &#039;INTEGER类型&#039;,
field_bigint BIGINT COMMENT &#039;BIGINT类型&#039;,
field_float FLOAT COMMENT &#039;FLOAT类型&#039;,
field_double DOUBLE COMMENT &#039;DOUBLE类型&#039;,
field_decimal DECIMAL(10, 2) COMMENT &#039;DECIMAL类型&#039;,
field_numeric NUMERIC(15, 4) COMMENT &#039;NUMERIC类型&#039;,
-- STRING类型
string_number STRING COMMENT &#039;数字字符串&#039;,
string_chinese STRING COMMENT &#039;中文字符串&#039;,
string_english STRING COMMENT &#039;英文字符串&#039;,
field_date DATE COMMENT &#039;日期&#039;,
field_boolean BOOLEAN COMMENT &#039;布尔类型&#039;,
field_binary BINARY COMMENT &#039;二进制类型&#039;,
id INT COMMENT &#039;ID&#039;,
user_name STRING COMMENT &#039;用户名&#039;,
age TINYINT COMMENT &#039;年龄&#039;,
phone BIGINT COMMENT &#039;手机号&#039;,
email STRING COMMENT &#039;邮箱&#039;,
salary DECIMAL(10, 2) COMMENT &#039;薪资&#039;,
is_active BOOLEAN COMMENT &#039;是否激活&#039;,
address STRING COMMENT &#039;地址&#039;,
score FLOAT COMMENT &#039;评分&#039;,
total_amount DOUBLE COMMENT &#039;总金额&#039;
) COMMENT &#039;测试表A&#039;;
INSERT INTO lantu_test.A VALUES
(
1, 100, 10000, 100000, 1000000, 3.14, 3.1415926535,
12345.67, 98765.4321, &#039;12345&#039;, &#039;你好世界&#039;, &#039;Hello World&#039;,
DATE(&#039;2024-01-15&#039;), TRUE, X&#039;48656C6C6F&#039;, 1, &#039;张三&#039;, 25, 13812345678,
&#039;zhangsan@example.com&#039;, 8500.00, TRUE, &#039;北京市朝阳区&#039;, 4.8, 99999.99
),
(
2, 200, 20000, 200000, 2000000, 2.718, 2.718281828,
23456.78, 54321.9876, &#039;67890&#039;, &#039;测试数据&#039;, &#039;Test Data&#039;,
DATE(&#039;2024-02-20&#039;), FALSE, X&#039;576F726C64&#039;, 2, &#039;李四&#039;, 30, 13987654321,
&#039;lisi@example.com&#039;, 12000.00, FALSE, &#039;上海市浦东新区&#039;, 4.2, 150000.00
),
(
3, 50, 5000, 50000, 500000, 1.414, 1.414213562,
34567.89, 12345.6789, &#039;99999&#039;, &#039;示例数据&#039;, &#039;Sample Data&#039;,
DATE(&#039;2024-03-10&#039;), TRUE, X&#039;537061726B&#039;, 3, &#039;王五&#039;, 28, 13711223344,
&#039;wangwu@example.com&#039;, 9500.00, TRUE, &#039;广州市天河区&#039;, 4.5, 88000.00
);

2、平台已存在结果为通过的「合理性校验」-「字段值计算对比」规则「test_rule1」，以下两个子规则都通过
1）子规则一：「合理性校验」-「字段值计算对比」-「计算结果与字段对比」：
「字段」：「 field_int 」
「统计函数」：「 字段值计算对比」
「计算逻辑配置」：「field_tinyint+field_smallint」
「对比方法」：「计算结果与字段对比」
「对比规则」：「 field_int >field_tinyint +field_smallint」
「强弱规则」：「弱规则」
「规则描述」：「测试规则」
2）子规则二：「合理性校验」-「字段值计算对比」-「计算结果值判断」：
「字段」：「 field_int 」
「统计函数」：「 字段值计算对比」
「计算逻辑配置」：「field_tinyint*field_smallint」
「对比方法」：「计算结果值判断」
「结果值」：「 >=100或!=1」
「强弱规则」选择「弱规则」
「规则描述」输入「测试规则」","1. 进入「资产-数据质量-规则集管理」页面
2. 点击表名为table_test的编辑按钮
3. 查看页面回显
4. 点击下一步按钮
5. 查看页面回显，并编辑
6. 点击保存按钮
7. 进入「资产-数据质量-规则任务配置」页面
8. 点击规则名称「test_rule1」的编辑按钮
9. 查看页面内容回显
10. 编辑「规则名称」为「test_rule1_new」，点击下一步按钮
11. 查看页面内容回显
12. 更新引入规则包
13. 点击下一步按钮
14. 配置「调度属性」，保存规则，且「调度属性」中配置「规则报告」为最新结果
15. 临时运行规则，进入校验结果查询页面","1. 页面正常打开
2. 「监控规则」为「合理性校验」；
1）子规则一：「合理性校验」-「字段值计算对比」-「计算结果与字段对比」：
「字段」：「 field_int 」
「统计函数」：「 字段值计算对比」
「计算逻辑配置」：「field_tinyint+field_smallint」
「对比方法」：「计算结果与字段对比」
「对比规则」：「 field_int >field_tinyint +field_smallint」
「强弱规则」：「弱规则」
「规则描述」：「测试规则」
2）子规则二：「合理性校验」-「字段值计算对比」-「计算结果值判断」：
「字段」：「 field_int 」
「统计函数」：「 字段值计算对比」
「计算逻辑配置」：「field_tinyint*field_smallint」
「对比方法」：「计算结果值判断」
「结果值」：「 >=100或!=1」
「强弱规则」选择「弱规则」
「规则描述」输入「测试规则」
3）全部置灰显示，不可编辑
3. 1）「选择数据源」置灰显示「${DATASOURCE}」，不可编辑
2）「选择数据库」置灰显示「${DATABASE}」，不可编辑
3）「选择数据表」置灰显示「${TABLE}」，不可编辑
4）规则包可编辑
4. 进入编辑规则集-监控规则页面
5. 「监控规则」为「合理性校验」；
1）子规则一：「合理性校验」-「字段值计算对比」-「计算结果与字段对比」：
「字段」：「 field_int 」
「统计函数」：「 字段值计算对比」
「计算逻辑配置」：「field_tinyint+field_smallint」
「对比方法」：「计算结果与字段对比」
「对比规则」：「 field_int >field_tinyint +field_smallint」
「强弱规则」：「弱规则」
「规则描述」：「测试规则」
2）子规则二：「合理性校验」-「字段值计算对比」-「计算结果值判断」：
「字段」：「 field_int 」
「统计函数」：「 字段值计算对比」
「计算逻辑配置」：「field_tinyint*field_smallint」
「对比方法」：「计算结果值判断」
「结果值」：「 >=100或!=1」
「强弱规则」选择「弱规则」
「规则描述」输入「测试规则」
3）编辑子规则二：「结果值」为「 =100且!=1」
6. 正常保存
7. 页面正常打开
8. 进入「编辑单表校验规则-监控对象」页
9. 1）「规则名称」显示「test_rule1」，可编辑
2）「选择数据源」置灰显示「${DATASOURCE}」，不可编辑
3）「选择数据库」置灰显示「${DATABASE}」，不可编辑
4）「选择数据表」置灰显示「${TABLE}」，不可编辑
10. 进入「编辑单表校验规则-监控规则」页
11. 1、显示规则包引入区域，可更新引入
12. 子规则二的「结果值」更新为「 =100且!=1」 ，其余不变，置灰不可编辑
13. 监控规则配置完成；
进入「调度属性」页面
14. 规则保存成功
15. 显示实例中子规则一运行通过，子规则二运行不通过","1. 
2. 
3. 
4. 
5. 
6. 
7. 
8. 
9. 
10. 
11. 
12. 
13. 
14. 
15.","","2","功能测试","功能测试阶段","正常","0","1","15","通过","听筠","2026-04-09","","0000-00-00","1","",""
"183160","数据资产_STD(#23)","/版本迭代测试用例/v6.4.10/【内置规则丰富】合理性，单表，字段值的计算关系对比(#10451)","【岚图】【内置规则丰富】合理性，单表，字段值的计算关系对比(#15529)","验证「监控规则」-「合理性校验」-「字段值计算对比」-「计算结果值判断」-「string类型」校验功能","存在表A
CREATE TABLE IF NOT EXISTS lantu_test.A (
--数值型
field_tinyint TINYINT COMMENT &#039;TINYINT类型&#039;,
field_smallint SMALLINT COMMENT &#039;SMALLINT类型&#039;,
field_int INT COMMENT &#039;INT类型&#039;,
field_integer INTEGER COMMENT &#039;INTEGER类型&#039;,
field_bigint BIGINT COMMENT &#039;BIGINT类型&#039;,
field_float FLOAT COMMENT &#039;FLOAT类型&#039;,
field_double DOUBLE COMMENT &#039;DOUBLE类型&#039;,
field_decimal DECIMAL(10, 2) COMMENT &#039;DECIMAL类型&#039;,
field_numeric NUMERIC(15, 4) COMMENT &#039;NUMERIC类型&#039;,
-- STRING类型
string_number STRING COMMENT &#039;数字字符串&#039;,
string_chinese STRING COMMENT &#039;中文字符串&#039;,
string_english STRING COMMENT &#039;英文字符串&#039;,
field_date DATE COMMENT &#039;日期&#039;,
field_boolean BOOLEAN COMMENT &#039;布尔类型&#039;,
field_binary BINARY COMMENT &#039;二进制类型&#039;,
id INT COMMENT &#039;ID&#039;,
user_name STRING COMMENT &#039;用户名&#039;,
age TINYINT COMMENT &#039;年龄&#039;,
phone BIGINT COMMENT &#039;手机号&#039;,
email STRING COMMENT &#039;邮箱&#039;,
salary DECIMAL(10, 2) COMMENT &#039;薪资&#039;,
is_active BOOLEAN COMMENT &#039;是否激活&#039;,
address STRING COMMENT &#039;地址&#039;,
score FLOAT COMMENT &#039;评分&#039;,
total_amount DOUBLE COMMENT &#039;总金额&#039;
) COMMENT &#039;测试表A&#039;;
INSERT INTO lantu_test.A VALUES
(
1, 100, 10000, 100000, 1000000, 3.14, 3.1415926535,
12345.67, 98765.4321, &#039;12345&#039;, &#039;你好世界&#039;, &#039;Hello World&#039;,
DATE(&#039;2024-01-15&#039;), TRUE, X&#039;48656C6C6F&#039;, 1, &#039;张三&#039;, 25, 13812345678,
&#039;zhangsan@example.com&#039;, 8500.00, TRUE, &#039;北京市朝阳区&#039;, 4.8, 99999.99
),
(
2, 200, 20000, 200000, 2000000, 2.718, 2.718281828,
23456.78, 54321.9876, &#039;67890&#039;, &#039;测试数据&#039;, &#039;Test Data&#039;,
DATE(&#039;2024-02-20&#039;), FALSE, X&#039;576F726C64&#039;, 2, &#039;李四&#039;, 30, 13987654321,
&#039;lisi@example.com&#039;, 12000.00, FALSE, &#039;上海市浦东新区&#039;, 4.2, 150000.00
),
(
3, 50, 5000, 50000, 500000, 1.414, 1.414213562,
34567.89, 12345.6789, &#039;99999&#039;, &#039;示例数据&#039;, &#039;Sample Data&#039;,
DATE(&#039;2024-03-10&#039;), TRUE, X&#039;537061726B&#039;, 3, &#039;王五&#039;, 28, 13711223344,
&#039;wangwu@example.com&#039;, 9500.00, TRUE, &#039;广州市天河区&#039;, 4.5, 88000.00
);","1. 进入「资产-数据质量-规则集管理-基础信息」页面
2. 「选择数据源」选择「${DATASOURCE}」
「选择数据库」选择「${DATABASE}」
「选择数据表」选择「${TABLE}」
「规则包名称」填写「合理性-字段值计算对比」
3. 点击「新增规则包」-「合理性-字段值计算对比」，点击【添加规则-合理性校验】
4. 「监控规则」配置如下：
子规则一：
「字段」：「string_number」
「统计函数」：「 字段值计算对比」
「计算逻辑配置」：「field_tinyint*field_smallint」
「对比方法」：「计算结果值判断」
「结果值」：「>=0或!=100」
「强弱规则」选择「弱规则」
「规则描述」输入「测试规则」
子规则二：
「字段」：「string_chinese」
「统计函数」：「 字段值计算对比」
「计算逻辑配置」：「field_int-field_tinyint」
「对比方法」：「计算结果值判断」
「结果值」：「=1且!=100」
「强弱规则」选择「弱规则」
「规则描述」输入「测试规则」
5. 点击【保存】按钮
6. 进入「规则任务管理-监控对象」页面
7. 「规则名称」输入「test_rule」
「选择数据源」选择「${DATASOURCE}」
「选择数据库」选择「${DATABASE}」
「选择数据表」选择「${TABLE}」
8. 引入规则包「合理性-字段值计算对比」，点击「下一步」按钮
9. 配置「调度属性」，保存规则，且「调度属性」中配置「规则报告」为最新结果
10. 临时运行规则，查看实例详情","1. 页面正常打开
2. 基础信息配置成功；
进入「监控规则」配置页
3. 选择成功，页面显示「合理性校验」规则配置区域
4. 监控规则配置完成
5. 规则保存成功
6. 页面正常打开
7. 监控对象配置成功；
进入「监控规则」配置页
8. 引入正确，规则内容置灰，进入「调度属性」
9. 规则保存成功
10. 实例中子规则一结果通过，子规则二结果不通过，且实例详情展示正确","1. 
2. 
3. 
4. 
5. 
6. 
7. 
8. 
9. 
10.","","2","功能测试","功能测试阶段","正常","0","1","10","通过","听筠","2026-04-09","","0000-00-00","1","",""
"183159","数据资产_STD(#23)","/版本迭代测试用例/v6.4.10/【内置规则丰富】合理性，单表，字段值的计算关系对比(#10451)","【岚图】【内置规则丰富】合理性，单表，字段值的计算关系对比(#15529)","验证「监控规则」-「合理性校验」-「字段值计算对比」-「计算结果值判断」-「decimal/numeric类型」校验功能","存在表A
CREATE TABLE IF NOT EXISTS lantu_test.A (
--数值型
field_tinyint TINYINT COMMENT &#039;TINYINT类型&#039;,
field_smallint SMALLINT COMMENT &#039;SMALLINT类型&#039;,
field_int INT COMMENT &#039;INT类型&#039;,
field_integer INTEGER COMMENT &#039;INTEGER类型&#039;,
field_bigint BIGINT COMMENT &#039;BIGINT类型&#039;,
field_float FLOAT COMMENT &#039;FLOAT类型&#039;,
field_double DOUBLE COMMENT &#039;DOUBLE类型&#039;,
field_decimal DECIMAL(10, 2) COMMENT &#039;DECIMAL类型&#039;,
field_numeric NUMERIC(15, 4) COMMENT &#039;NUMERIC类型&#039;,
-- STRING类型
string_number STRING COMMENT &#039;数字字符串&#039;,
string_chinese STRING COMMENT &#039;中文字符串&#039;,
string_english STRING COMMENT &#039;英文字符串&#039;,
field_date DATE COMMENT &#039;日期&#039;,
field_boolean BOOLEAN COMMENT &#039;布尔类型&#039;,
field_binary BINARY COMMENT &#039;二进制类型&#039;,
id INT COMMENT &#039;ID&#039;,
user_name STRING COMMENT &#039;用户名&#039;,
age TINYINT COMMENT &#039;年龄&#039;,
phone BIGINT COMMENT &#039;手机号&#039;,
email STRING COMMENT &#039;邮箱&#039;,
salary DECIMAL(10, 2) COMMENT &#039;薪资&#039;,
is_active BOOLEAN COMMENT &#039;是否激活&#039;,
address STRING COMMENT &#039;地址&#039;,
score FLOAT COMMENT &#039;评分&#039;,
total_amount DOUBLE COMMENT &#039;总金额&#039;
) COMMENT &#039;测试表A&#039;;
INSERT INTO lantu_test.A VALUES
(
1, 100, 10000, 100000, 1000000, 3.14, 3.1415926535,
12345.67, 98765.4321, &#039;12345&#039;, &#039;你好世界&#039;, &#039;Hello World&#039;,
DATE(&#039;2024-01-15&#039;), TRUE, X&#039;48656C6C6F&#039;, 1, &#039;张三&#039;, 25, 13812345678,
&#039;zhangsan@example.com&#039;, 8500.00, TRUE, &#039;北京市朝阳区&#039;, 4.8, 99999.99
),
(
2, 200, 20000, 200000, 2000000, 2.718, 2.718281828,
23456.78, 54321.9876, &#039;67890&#039;, &#039;测试数据&#039;, &#039;Test Data&#039;,
DATE(&#039;2024-02-20&#039;), FALSE, X&#039;576F726C64&#039;, 2, &#039;李四&#039;, 30, 13987654321,
&#039;lisi@example.com&#039;, 12000.00, FALSE, &#039;上海市浦东新区&#039;, 4.2, 150000.00
),
(
3, 50, 5000, 50000, 500000, 1.414, 1.414213562,
34567.89, 12345.6789, &#039;99999&#039;, &#039;示例数据&#039;, &#039;Sample Data&#039;,
DATE(&#039;2024-03-10&#039;), TRUE, X&#039;537061726B&#039;, 3, &#039;王五&#039;, 28, 13711223344,
&#039;wangwu@example.com&#039;, 9500.00, TRUE, &#039;广州市天河区&#039;, 4.5, 88000.00
);","1. 进入「资产-数据质量-规则集管理-基础信息」页面
2. 「选择数据源」选择「${DATASOURCE}」
「选择数据库」选择「${DATABASE}」
「选择数据表」选择「${TABLE}」
「规则包名称」填写「合理性-字段值计算对比」
3. 点击「新增规则包」-「合理性-字段值计算对比」，点击【添加规则-合理性校验】
4. 「监控规则」配置如下：
子规则一：
「字段」：「field_decimal」
「统计函数」：「 字段值计算对比」
「计算逻辑配置」：「(field_float+field_double)/0.00001」
「对比方法」：「计算结果值判断」
「结果值」：「>=0」
「强弱规则」选择「弱规则」
「规则描述」输入「测试规则」
子规则二：
「字段」：「field_numeric」
「统计函数」：「 字段值计算对比」
「计算逻辑配置」：「(field_integer-field_double)*field_integer」
「对比方法」：「计算结果值判断」
「结果值」：「=100或=200」
「强弱规则」选择「弱规则」
「规则描述」输入「测试规则」
5. 点击【保存】按钮
6. 进入「规则任务管理-监控对象」页面
7. 「规则名称」输入「test_rule」
「选择数据源」选择「${DATASOURCE}」
「选择数据库」选择「${DATABASE}」
「选择数据表」选择「${TABLE}」
8. 引入规则包「合理性-字段值计算对比」，点击「下一步」按钮
9. 配置「调度属性」，保存规则，且「调度属性」中配置「规则报告」为最新结果
10. 临时运行规则，查看实例详情","1. 页面正常打开
2. 基础信息配置成功；
进入「监控规则」配置页
3. 选择成功，页面显示「合理性校验」规则配置区域
4. 监控规则配置完成
5. 规则保存成功
6. 页面正常打开
7. 监控对象配置成功；
进入「监控规则」配置页
8. 引入正确，规则内容置灰，进入「调度属性」
9. 规则保存成功
10. 实例中子规则一结果通过，子规则二结果不通过，且实例详情展示正确","1. 
2. 
3. 
4. 
5. 
6. 
7. 
8. 
9. 
10.","","2","功能测试","功能测试阶段","正常","0","2","10","通过","听筠","2026-04-09","","0000-00-00","1","",""
"183158","数据资产_STD(#23)","/版本迭代测试用例/v6.4.10/【内置规则丰富】合理性，单表，字段值的计算关系对比(#10451)","【岚图】【内置规则丰富】合理性，单表，字段值的计算关系对比(#15529)","验证「监控规则」-「合理性校验」-「字段值计算对比」-「计算结果值判断」-「double类型」校验功能","存在表A
CREATE TABLE IF NOT EXISTS lantu_test.A (
--数值型
field_tinyint TINYINT COMMENT &#039;TINYINT类型&#039;,
field_smallint SMALLINT COMMENT &#039;SMALLINT类型&#039;,
field_int INT COMMENT &#039;INT类型&#039;,
field_integer INTEGER COMMENT &#039;INTEGER类型&#039;,
field_bigint BIGINT COMMENT &#039;BIGINT类型&#039;,
field_float FLOAT COMMENT &#039;FLOAT类型&#039;,
field_double DOUBLE COMMENT &#039;DOUBLE类型&#039;,
field_decimal DECIMAL(10, 2) COMMENT &#039;DECIMAL类型&#039;,
field_numeric NUMERIC(15, 4) COMMENT &#039;NUMERIC类型&#039;,
-- STRING类型
string_number STRING COMMENT &#039;数字字符串&#039;,
string_chinese STRING COMMENT &#039;中文字符串&#039;,
string_english STRING COMMENT &#039;英文字符串&#039;,
field_date DATE COMMENT &#039;日期&#039;,
field_boolean BOOLEAN COMMENT &#039;布尔类型&#039;,
field_binary BINARY COMMENT &#039;二进制类型&#039;,
id INT COMMENT &#039;ID&#039;,
user_name STRING COMMENT &#039;用户名&#039;,
age TINYINT COMMENT &#039;年龄&#039;,
phone BIGINT COMMENT &#039;手机号&#039;,
email STRING COMMENT &#039;邮箱&#039;,
salary DECIMAL(10, 2) COMMENT &#039;薪资&#039;,
is_active BOOLEAN COMMENT &#039;是否激活&#039;,
address STRING COMMENT &#039;地址&#039;,
score FLOAT COMMENT &#039;评分&#039;,
total_amount DOUBLE COMMENT &#039;总金额&#039;
) COMMENT &#039;测试表A&#039;;
INSERT INTO lantu_test.A VALUES
(
1, 100, 10000, 100000, 1000000, 3.14, 3.1415926535,
12345.67, 98765.4321, &#039;12345&#039;, &#039;你好世界&#039;, &#039;Hello World&#039;,
DATE(&#039;2024-01-15&#039;), TRUE, X&#039;48656C6C6F&#039;, 1, &#039;张三&#039;, 25, 13812345678,
&#039;zhangsan@example.com&#039;, 8500.00, TRUE, &#039;北京市朝阳区&#039;, 4.8, 99999.99
),
(
2, 200, 20000, 200000, 2000000, 2.718, 2.718281828,
23456.78, 54321.9876, &#039;67890&#039;, &#039;测试数据&#039;, &#039;Test Data&#039;,
DATE(&#039;2024-02-20&#039;), FALSE, X&#039;576F726C64&#039;, 2, &#039;李四&#039;, 30, 13987654321,
&#039;lisi@example.com&#039;, 12000.00, FALSE, &#039;上海市浦东新区&#039;, 4.2, 150000.00
),
(
3, 50, 5000, 50000, 500000, 1.414, 1.414213562,
34567.89, 12345.6789, &#039;99999&#039;, &#039;示例数据&#039;, &#039;Sample Data&#039;,
DATE(&#039;2024-03-10&#039;), TRUE, X&#039;537061726B&#039;, 3, &#039;王五&#039;, 28, 13711223344,
&#039;wangwu@example.com&#039;, 9500.00, TRUE, &#039;广州市天河区&#039;, 4.5, 88000.00
);","1. 进入「资产-数据质量-规则集管理-基础信息」页面
2. 「选择数据源」选择「${DATASOURCE}」
「选择数据库」选择「${DATABASE}」
「选择数据表」选择「${TABLE}」
「规则包名称」填写「合理性-字段值计算对比」
3. 点击「新增规则包」-「合理性-字段值计算对比」，点击【添加规则-合理性校验】
4. 「监控规则」配置如下：
子规则一：
「字段」：「field_double」
「统计函数」：「 字段值计算对比」
「计算逻辑配置」：「field_float+field_decimal」
「对比方法」：「计算结果值判断」
「结果值」：「>=0或>=100」
「强弱规则」选择「弱规则」
「规则描述」输入「测试规则」
子规则二：
「字段」：「field_double」
「统计函数」：「 字段值计算对比」
「计算逻辑配置」：「(field_bigint-field_numeric)*field_bigint」
「对比方法」：「计算结果值判断」
「结果值」：「<10或<1」
「强弱规则」选择「弱规则」
「规则描述」输入「测试规则」
5. 点击【保存】按钮
6. 进入「规则任务管理-监控对象」页面
7. 「规则名称」输入「test_rule」
「选择数据源」选择「${DATASOURCE}」
「选择数据库」选择「${DATABASE}」
「选择数据表」选择「${TABLE}」
8. 引入规则包「合理性-字段值计算对比」，点击「下一步」按钮
9. 配置「调度属性」，保存规则，且「调度属性」中配置「规则报告」为最新结果
10. 临时运行规则，查看实例详情","1. 页面正常打开
2. 基础信息配置成功；
进入「监控规则」配置页
3. 选择成功，页面显示「合理性校验」规则配置区域
4. 监控规则配置完成
5. 规则保存成功
6. 页面正常打开
7. 监控对象配置成功；
进入「监控规则」配置页
8. 引入正确，规则内容置灰，进入「调度属性」
9. 规则保存成功
10. 实例中子规则一结果通过，子规则二结果不通过，且实例详情展示正确","1. 
2. 
3. 
4. 
5. 
6. 
7. 
8. 
9. 
10.","","2","功能测试","功能测试阶段","正常","0","1","10","通过","听筠","2026-04-09","","0000-00-00","1","",""
"183157","数据资产_STD(#23)","/版本迭代测试用例/v6.4.10/【内置规则丰富】合理性，单表，字段值的计算关系对比(#10451)","【岚图】【内置规则丰富】合理性，单表，字段值的计算关系对比(#15529)","验证「监控规则」-「合理性校验」-「字段值计算对比」-「计算结果值判断」-「float类型」校验功能","存在表A
CREATE TABLE IF NOT EXISTS lantu_test.A (
--数值型
field_tinyint TINYINT COMMENT &#039;TINYINT类型&#039;,
field_smallint SMALLINT COMMENT &#039;SMALLINT类型&#039;,
field_int INT COMMENT &#039;INT类型&#039;,
field_integer INTEGER COMMENT &#039;INTEGER类型&#039;,
field_bigint BIGINT COMMENT &#039;BIGINT类型&#039;,
field_float FLOAT COMMENT &#039;FLOAT类型&#039;,
field_double DOUBLE COMMENT &#039;DOUBLE类型&#039;,
field_decimal DECIMAL(10, 2) COMMENT &#039;DECIMAL类型&#039;,
field_numeric NUMERIC(15, 4) COMMENT &#039;NUMERIC类型&#039;,
-- STRING类型
string_number STRING COMMENT &#039;数字字符串&#039;,
string_chinese STRING COMMENT &#039;中文字符串&#039;,
string_english STRING COMMENT &#039;英文字符串&#039;,
field_date DATE COMMENT &#039;日期&#039;,
field_boolean BOOLEAN COMMENT &#039;布尔类型&#039;,
field_binary BINARY COMMENT &#039;二进制类型&#039;,
id INT COMMENT &#039;ID&#039;,
user_name STRING COMMENT &#039;用户名&#039;,
age TINYINT COMMENT &#039;年龄&#039;,
phone BIGINT COMMENT &#039;手机号&#039;,
email STRING COMMENT &#039;邮箱&#039;,
salary DECIMAL(10, 2) COMMENT &#039;薪资&#039;,
is_active BOOLEAN COMMENT &#039;是否激活&#039;,
address STRING COMMENT &#039;地址&#039;,
score FLOAT COMMENT &#039;评分&#039;,
total_amount DOUBLE COMMENT &#039;总金额&#039;
) COMMENT &#039;测试表A&#039;;
INSERT INTO lantu_test.A VALUES
(
1, 100, 10000, 100000, 1000000, 3.14, 3.1415926535,
12345.67, 98765.4321, &#039;12345&#039;, &#039;你好世界&#039;, &#039;Hello World&#039;,
DATE(&#039;2024-01-15&#039;), TRUE, X&#039;48656C6C6F&#039;, 1, &#039;张三&#039;, 25, 13812345678,
&#039;zhangsan@example.com&#039;, 8500.00, TRUE, &#039;北京市朝阳区&#039;, 4.8, 99999.99
),
(
2, 200, 20000, 200000, 2000000, 2.718, 2.718281828,
23456.78, 54321.9876, &#039;67890&#039;, &#039;测试数据&#039;, &#039;Test Data&#039;,
DATE(&#039;2024-02-20&#039;), FALSE, X&#039;576F726C64&#039;, 2, &#039;李四&#039;, 30, 13987654321,
&#039;lisi@example.com&#039;, 12000.00, FALSE, &#039;上海市浦东新区&#039;, 4.2, 150000.00
),
(
3, 50, 5000, 50000, 500000, 1.414, 1.414213562,
34567.89, 12345.6789, &#039;99999&#039;, &#039;示例数据&#039;, &#039;Sample Data&#039;,
DATE(&#039;2024-03-10&#039;), TRUE, X&#039;537061726B&#039;, 3, &#039;王五&#039;, 28, 13711223344,
&#039;wangwu@example.com&#039;, 9500.00, TRUE, &#039;广州市天河区&#039;, 4.5, 88000.00
);","1. 进入「资产-数据质量-规则集管理-基础信息」页面
2. 「选择数据源」选择「${DATASOURCE}」
「选择数据库」选择「${DATABASE}」
「选择数据表」选择「${TABLE}」
「规则包名称」填写「合理性-字段值计算对比」
3. 点击「新增规则包」-「合理性-字段值计算对比」，点击【添加规则-合理性校验】
4. 「监控规则」配置如下：
子规则一：
「字段」：「field_float」
「统计函数」：「 字段值计算对比」
「计算逻辑配置」：「field_bigint-field_float」
「对比方法」：「计算结果值判断」
「结果值」：「!=1.5」
「强弱规则」选择「弱规则」
「规则描述」输入「测试规则」
子规则二：
「字段」：「field_float」
「统计函数」：「 字段值计算对比」
「计算逻辑配置」：「field_float-string_chinese」
「对比方法」：「计算结果值判断」
「结果值」：「=1.5」
「强弱规则」选择「弱规则」
「规则描述」输入「测试规则」
5. 点击【保存】按钮
6. 进入「规则任务管理-监控对象」页面
7. 「规则名称」输入「test_rule」
「选择数据源」选择「${DATASOURCE}」
「选择数据库」选择「${DATABASE}」
「选择数据表」选择「${TABLE}」
8. 引入规则包「合理性-字段值计算对比」，点击「下一步」按钮
9. 配置「调度属性」，保存规则，且「调度属性」中配置「规则报告」为最新结果
10. 临时运行规则，查看实例详情","1. 页面正常打开
2. 基础信息配置成功；
进入「监控规则」配置页
3. 选择成功，页面显示「合理性校验」规则配置区域
4. 监控规则配置完成
5. 规则保存成功
6. 页面正常打开
7. 监控对象配置成功；
进入「监控规则」配置页
8. 引入正确，规则内容置灰，进入「调度属性」
9. 规则保存成功
10. 实例中子规则一结果通过，子规则二结果不通过，且实例详情展示正确","1. 
2. 
3. 
4. 
5. 
6. 
7. 
8. 
9. 
10.","","2","功能测试","功能测试阶段","正常","0","2","10","通过","听筠","2026-04-09","","0000-00-00","1","",""
"183156","数据资产_STD(#23)","/版本迭代测试用例/v6.4.10/【内置规则丰富】合理性，单表，字段值的计算关系对比(#10451)","【岚图】【内置规则丰富】合理性，单表，字段值的计算关系对比(#15529)","验证「监控规则」-「合理性校验」-「字段值计算对比」-「计算结果值判断」-「bigint类型」校验功能","存在表A
CREATE TABLE IF NOT EXISTS lantu_test.A (
--数值型
field_tinyint TINYINT COMMENT &#039;TINYINT类型&#039;,
field_smallint SMALLINT COMMENT &#039;SMALLINT类型&#039;,
field_int INT COMMENT &#039;INT类型&#039;,
field_integer INTEGER COMMENT &#039;INTEGER类型&#039;,
field_bigint BIGINT COMMENT &#039;BIGINT类型&#039;,
field_float FLOAT COMMENT &#039;FLOAT类型&#039;,
field_double DOUBLE COMMENT &#039;DOUBLE类型&#039;,
field_decimal DECIMAL(10, 2) COMMENT &#039;DECIMAL类型&#039;,
field_numeric NUMERIC(15, 4) COMMENT &#039;NUMERIC类型&#039;,
-- STRING类型
string_number STRING COMMENT &#039;数字字符串&#039;,
string_chinese STRING COMMENT &#039;中文字符串&#039;,
string_english STRING COMMENT &#039;英文字符串&#039;,
field_date DATE COMMENT &#039;日期&#039;,
field_boolean BOOLEAN COMMENT &#039;布尔类型&#039;,
field_binary BINARY COMMENT &#039;二进制类型&#039;,
id INT COMMENT &#039;ID&#039;,
user_name STRING COMMENT &#039;用户名&#039;,
age TINYINT COMMENT &#039;年龄&#039;,
phone BIGINT COMMENT &#039;手机号&#039;,
email STRING COMMENT &#039;邮箱&#039;,
salary DECIMAL(10, 2) COMMENT &#039;薪资&#039;,
is_active BOOLEAN COMMENT &#039;是否激活&#039;,
address STRING COMMENT &#039;地址&#039;,
score FLOAT COMMENT &#039;评分&#039;,
total_amount DOUBLE COMMENT &#039;总金额&#039;
) COMMENT &#039;测试表A&#039;;
INSERT INTO lantu_test.A VALUES
(
1, 100, 10000, 100000, 1000000, 3.14, 3.1415926535,
12345.67, 98765.4321, &#039;12345&#039;, &#039;你好世界&#039;, &#039;Hello World&#039;,
DATE(&#039;2024-01-15&#039;), TRUE, X&#039;48656C6C6F&#039;, 1, &#039;张三&#039;, 25, 13812345678,
&#039;zhangsan@example.com&#039;, 8500.00, TRUE, &#039;北京市朝阳区&#039;, 4.8, 99999.99
),
(
2, 200, 20000, 200000, 2000000, 2.718, 2.718281828,
23456.78, 54321.9876, &#039;67890&#039;, &#039;测试数据&#039;, &#039;Test Data&#039;,
DATE(&#039;2024-02-20&#039;), FALSE, X&#039;576F726C64&#039;, 2, &#039;李四&#039;, 30, 13987654321,
&#039;lisi@example.com&#039;, 12000.00, FALSE, &#039;上海市浦东新区&#039;, 4.2, 150000.00
),
(
3, 50, 5000, 50000, 500000, 1.414, 1.414213562,
34567.89, 12345.6789, &#039;99999&#039;, &#039;示例数据&#039;, &#039;Sample Data&#039;,
DATE(&#039;2024-03-10&#039;), TRUE, X&#039;537061726B&#039;, 3, &#039;王五&#039;, 28, 13711223344,
&#039;wangwu@example.com&#039;, 9500.00, TRUE, &#039;广州市天河区&#039;, 4.5, 88000.00
);","1. 进入「资产-数据质量-规则集管理-基础信息」页面
2. 「选择数据源」选择「${DATASOURCE}」
「选择数据库」选择「${DATABASE}」
「选择数据表」选择「${TABLE}」
「规则包名称」填写「合理性-字段值计算对比」
3. 点击「新增规则包」-「合理性-字段值计算对比」，点击【添加规则-合理性校验】
4. 「监控规则」配置如下：
子规则一：
「字段」：「 field_bigint」
「统计函数」：「 字段值计算对比」
「计算逻辑配置」：「field_tinyint*field_smallint」
「对比方法」：「计算结果值判断」
「结果值」：「>=0或>=100」
「强弱规则」选择「弱规则」
「规则描述」输入「测试规则」
子规则二：
「字段」：「 field_bigint」
「统计函数」：「 字段值计算对比」
「计算逻辑配置」：「(string_number-string_chinese)/string_number」
「对比方法」：「计算结果值判断」
「结果值」：「<15且!=1」
「强弱规则」选择「弱规则」
「规则描述」输入「测试规则」
5. 点击【保存】按钮
6. 进入「规则任务管理-监控对象」页面
7. 「规则名称」输入「test_rule」
「选择数据源」选择「${DATASOURCE}」
「选择数据库」选择「${DATABASE}」
「选择数据表」选择「${TABLE}」
8. 引入规则包「合理性-字段值计算对比」，点击「下一步」按钮
9. 配置「调度属性」，保存规则，且「调度属性」中配置「规则报告」为最新结果
10. 临时运行规则，查看实例详情","1. 页面正常打开
2. 基础信息配置成功；
进入「监控规则」配置页
3. 选择成功，页面显示「合理性校验」规则配置区域
4. 监控规则配置完成
5. 规则保存成功
6. 页面正常打开
7. 监控对象配置成功；
进入「监控规则」配置页
8. 引入正确，规则内容置灰，进入「调度属性」
9. 规则保存成功
10. 实例中子规则一结果通过，子规则二结果不通过，且实例详情展示正确","1. 
2. 
3. 
4. 
5. 
6. 
7. 
8. 
9. 
10.","","2","功能测试","功能测试阶段","正常","0","1","10","通过","听筠","2026-04-09","","0000-00-00","1","",""
"183155","数据资产_STD(#23)","/版本迭代测试用例/v6.4.10/【内置规则丰富】合理性，单表，字段值的计算关系对比(#10451)","【岚图】【内置规则丰富】合理性，单表，字段值的计算关系对比(#15529)","验证「监控规则」-「合理性校验」-「字段值计算对比」-「计算结果值判断」-「int/integer类型」校验功能","存在表A
CREATE TABLE IF NOT EXISTS lantu_test.A (
--数值型
field_tinyint TINYINT COMMENT &#039;TINYINT类型&#039;,
field_smallint SMALLINT COMMENT &#039;SMALLINT类型&#039;,
field_int INT COMMENT &#039;INT类型&#039;,
field_integer INTEGER COMMENT &#039;INTEGER类型&#039;,
field_bigint BIGINT COMMENT &#039;BIGINT类型&#039;,
field_float FLOAT COMMENT &#039;FLOAT类型&#039;,
field_double DOUBLE COMMENT &#039;DOUBLE类型&#039;,
field_decimal DECIMAL(10, 2) COMMENT &#039;DECIMAL类型&#039;,
field_numeric NUMERIC(15, 4) COMMENT &#039;NUMERIC类型&#039;,
-- STRING类型
string_number STRING COMMENT &#039;数字字符串&#039;,
string_chinese STRING COMMENT &#039;中文字符串&#039;,
string_english STRING COMMENT &#039;英文字符串&#039;,
field_date DATE COMMENT &#039;日期&#039;,
field_boolean BOOLEAN COMMENT &#039;布尔类型&#039;,
field_binary BINARY COMMENT &#039;二进制类型&#039;,
id INT COMMENT &#039;ID&#039;,
user_name STRING COMMENT &#039;用户名&#039;,
age TINYINT COMMENT &#039;年龄&#039;,
phone BIGINT COMMENT &#039;手机号&#039;,
email STRING COMMENT &#039;邮箱&#039;,
salary DECIMAL(10, 2) COMMENT &#039;薪资&#039;,
is_active BOOLEAN COMMENT &#039;是否激活&#039;,
address STRING COMMENT &#039;地址&#039;,
score FLOAT COMMENT &#039;评分&#039;,
total_amount DOUBLE COMMENT &#039;总金额&#039;
) COMMENT &#039;测试表A&#039;;
INSERT INTO lantu_test.A VALUES
(
1, 100, 10000, 100000, 1000000, 3.14, 3.1415926535,
12345.67, 98765.4321, &#039;12345&#039;, &#039;你好世界&#039;, &#039;Hello World&#039;,
DATE(&#039;2024-01-15&#039;), TRUE, X&#039;48656C6C6F&#039;, 1, &#039;张三&#039;, 25, 13812345678,
&#039;zhangsan@example.com&#039;, 8500.00, TRUE, &#039;北京市朝阳区&#039;, 4.8, 99999.99
),
(
2, 200, 20000, 200000, 2000000, 2.718, 2.718281828,
23456.78, 54321.9876, &#039;67890&#039;, &#039;测试数据&#039;, &#039;Test Data&#039;,
DATE(&#039;2024-02-20&#039;), FALSE, X&#039;576F726C64&#039;, 2, &#039;李四&#039;, 30, 13987654321,
&#039;lisi@example.com&#039;, 12000.00, FALSE, &#039;上海市浦东新区&#039;, 4.2, 150000.00
),
(
3, 50, 5000, 50000, 500000, 1.414, 1.414213562,
34567.89, 12345.6789, &#039;99999&#039;, &#039;示例数据&#039;, &#039;Sample Data&#039;,
DATE(&#039;2024-03-10&#039;), TRUE, X&#039;537061726B&#039;, 3, &#039;王五&#039;, 28, 13711223344,
&#039;wangwu@example.com&#039;, 9500.00, TRUE, &#039;广州市天河区&#039;, 4.5, 88000.00
);","1. 进入「资产-数据质量-规则集管理-基础信息」页面
2. 「选择数据源」选择「${DATASOURCE}」
「选择数据库」选择「${DATABASE}」
「选择数据表」选择「${TABLE}」
「规则包名称」填写「合理性-字段值计算对比」
3. 点击「新增规则包」-「合理性-字段值计算对比」，点击【添加规则-合理性校验】
4. 「监控规则」配置如下：
子规则一：
「字段」：「 field_int」
「统计函数」：「 字段值计算对比」
「计算逻辑配置」：「field_decimal-string_number」
「对比方法」：「计算结果值判断」
「结果值」：「>=0且!=987845154.255489」
「强弱规则」选择「弱规则」
「规则描述」输入「测试规则」
子规则二：
「字段」：「 field_integer」
「统计函数」：「 字段值计算对比」
「计算逻辑配置」：「(field_integer+string_chinese)/field_integer」
「对比方法」：「计算结果值判断」
「结果值」：「=1」
「强弱规则」选择「弱规则」
「规则描述」输入「测试规则」
5. 点击【保存】按钮
6. 进入「规则任务管理-监控对象」页面
7. 「规则名称」输入「test_rule」
「选择数据源」选择「${DATASOURCE}」
「选择数据库」选择「${DATABASE}」
「选择数据表」选择「${TABLE}」
8. 引入规则包「合理性-字段值计算对比」，点击「下一步」按钮
9. 配置「调度属性」，保存规则，且「调度属性」中配置「规则报告」为最新结果
10. 临时运行规则，查看实例详情","1. 页面正常打开
2. 基础信息配置成功；
进入「监控规则」配置页
3. 选择成功，页面显示「合理性校验」规则配置区域
4. 监控规则配置完成
5. 规则保存成功
6. 页面正常打开
7. 监控对象配置成功；
进入「监控规则」配置页
8. 引入正确，规则内容置灰，进入「调度属性」
9. 规则保存成功
10. 实例中子规则一结果通过，子规则二结果不通过，且实例详情展示正确","1. 
2. 
3. 
4. 
5. 
6. 
7. 
8. 
9. 
10.","","2","功能测试","功能测试阶段","正常","0","2","10","通过","听筠","2026-04-09","","0000-00-00","1","",""
"183154","数据资产_STD(#23)","/版本迭代测试用例/v6.4.10/【内置规则丰富】合理性，单表，字段值的计算关系对比(#10451)","【岚图】【内置规则丰富】合理性，单表，字段值的计算关系对比(#15529)","验证「监控规则」-「合理性校验」-「字段值计算对比」-「计算结果值判断」-「smallint类型」校验功能","存在表A
CREATE TABLE IF NOT EXISTS lantu_test.A (
--数值型
field_tinyint TINYINT COMMENT &#039;TINYINT类型&#039;,
field_smallint SMALLINT COMMENT &#039;SMALLINT类型&#039;,
field_int INT COMMENT &#039;INT类型&#039;,
field_integer INTEGER COMMENT &#039;INTEGER类型&#039;,
field_bigint BIGINT COMMENT &#039;BIGINT类型&#039;,
field_float FLOAT COMMENT &#039;FLOAT类型&#039;,
field_double DOUBLE COMMENT &#039;DOUBLE类型&#039;,
field_decimal DECIMAL(10, 2) COMMENT &#039;DECIMAL类型&#039;,
field_numeric NUMERIC(15, 4) COMMENT &#039;NUMERIC类型&#039;,
-- STRING类型
string_number STRING COMMENT &#039;数字字符串&#039;,
string_chinese STRING COMMENT &#039;中文字符串&#039;,
string_english STRING COMMENT &#039;英文字符串&#039;,
field_date DATE COMMENT &#039;日期&#039;,
field_boolean BOOLEAN COMMENT &#039;布尔类型&#039;,
field_binary BINARY COMMENT &#039;二进制类型&#039;,
id INT COMMENT &#039;ID&#039;,
user_name STRING COMMENT &#039;用户名&#039;,
age TINYINT COMMENT &#039;年龄&#039;,
phone BIGINT COMMENT &#039;手机号&#039;,
email STRING COMMENT &#039;邮箱&#039;,
salary DECIMAL(10, 2) COMMENT &#039;薪资&#039;,
is_active BOOLEAN COMMENT &#039;是否激活&#039;,
address STRING COMMENT &#039;地址&#039;,
score FLOAT COMMENT &#039;评分&#039;,
total_amount DOUBLE COMMENT &#039;总金额&#039;
) COMMENT &#039;测试表A&#039;;
INSERT INTO lantu_test.A VALUES
(
1, 100, 10000, 100000, 1000000, 3.14, 3.1415926535,
12345.67, 98765.4321, &#039;12345&#039;, &#039;你好世界&#039;, &#039;Hello World&#039;,
DATE(&#039;2024-01-15&#039;), TRUE, X&#039;48656C6C6F&#039;, 1, &#039;张三&#039;, 25, 13812345678,
&#039;zhangsan@example.com&#039;, 8500.00, TRUE, &#039;北京市朝阳区&#039;, 4.8, 99999.99
),
(
2, 200, 20000, 200000, 2000000, 2.718, 2.718281828,
23456.78, 54321.9876, &#039;67890&#039;, &#039;测试数据&#039;, &#039;Test Data&#039;,
DATE(&#039;2024-02-20&#039;), FALSE, X&#039;576F726C64&#039;, 2, &#039;李四&#039;, 30, 13987654321,
&#039;lisi@example.com&#039;, 12000.00, FALSE, &#039;上海市浦东新区&#039;, 4.2, 150000.00
),
(
3, 50, 5000, 50000, 500000, 1.414, 1.414213562,
34567.89, 12345.6789, &#039;99999&#039;, &#039;示例数据&#039;, &#039;Sample Data&#039;,
DATE(&#039;2024-03-10&#039;), TRUE, X&#039;537061726B&#039;, 3, &#039;王五&#039;, 28, 13711223344,
&#039;wangwu@example.com&#039;, 9500.00, TRUE, &#039;广州市天河区&#039;, 4.5, 88000.00
);","1. 进入「资产-数据质量-规则集管理-基础信息」页面
2. 「选择数据源」选择「${DATASOURCE}」
「选择数据库」选择「${DATABASE}」
「选择数据表」选择「${TABLE}」
「规则包名称」填写「合理性-字段值计算对比」
3. 点击「新增规则包」-「合理性-字段值计算对比」，点击【添加规则-合理性校验】
4. 「监控规则」配置如下：
子规则一：
「字段」：「 field_smallint」
「统计函数」：「 字段值计算对比」
「计算逻辑配置」：「field_int*field_bigint」
「对比方法」：「计算结果值判断」
「结果值」：「 >1000或=1」
「强弱规则」选择「弱规则」
「规则描述」输入「测试规则」
子规则二：
「字段」：「 field_smallint」
「统计函数」：「 字段值计算对比」
「计算逻辑配置」：「(field_bigint-field_int)/field_int」
「对比方法」：「计算结果值判断」
「结果值」：「 <1000且>10」
「强弱规则」选择「弱规则」
「规则描述」输入「测试规则」
5. 点击【保存】按钮
6. 进入「规则任务管理-监控对象」页面
7. 「规则名称」输入「test_rule」
「选择数据源」选择「${DATASOURCE}」
「选择数据库」选择「${DATABASE}」
「选择数据表」选择「${TABLE}」
8. 引入规则包「合理性-字段值计算对比」，点击「下一步」按钮
9. 配置「调度属性」，保存规则，且「调度属性」中配置「规则报告」为最新结果
10. 临时运行规则，查看实例详情","1. 页面正常打开
2. 基础信息配置成功；
进入「监控规则」配置页
3. 选择成功，页面显示「合理性校验」规则配置区域
4. 监控规则配置完成
5. 规则保存成功
6. 页面正常打开
7. 监控对象配置成功；
进入「监控规则」配置页
8. 引入正确，规则内容置灰，进入「调度属性」
9. 规则保存成功
10. 实例中子规则一结果通过，子规则二结果不通过，且实例详情展示正确","1. 
2. 
3. 
4. 
5. 
6. 
7. 
8. 
9. 
10.","","2","功能测试","功能测试阶段","正常","0","1","10","通过","听筠","2026-04-09","","0000-00-00","1","",""
"183153","数据资产_STD(#23)","/版本迭代测试用例/v6.4.10/【内置规则丰富】合理性，单表，字段值的计算关系对比(#10451)","【岚图】【内置规则丰富】合理性，单表，字段值的计算关系对比(#15529)","验证「监控规则」-「合理性校验」-「字段值计算对比」-「计算结果值判断」-「tinyint类型」校验功能","存在表A
CREATE TABLE IF NOT EXISTS lantu_test.A (
--数值型
field_tinyint TINYINT COMMENT &#039;TINYINT类型&#039;,
field_smallint SMALLINT COMMENT &#039;SMALLINT类型&#039;,
field_int INT COMMENT &#039;INT类型&#039;,
field_integer INTEGER COMMENT &#039;INTEGER类型&#039;,
field_bigint BIGINT COMMENT &#039;BIGINT类型&#039;,
field_float FLOAT COMMENT &#039;FLOAT类型&#039;,
field_double DOUBLE COMMENT &#039;DOUBLE类型&#039;,
field_decimal DECIMAL(10, 2) COMMENT &#039;DECIMAL类型&#039;,
field_numeric NUMERIC(15, 4) COMMENT &#039;NUMERIC类型&#039;,
-- STRING类型
string_number STRING COMMENT &#039;数字字符串&#039;,
string_chinese STRING COMMENT &#039;中文字符串&#039;,
string_english STRING COMMENT &#039;英文字符串&#039;,
field_date DATE COMMENT &#039;日期&#039;,
field_boolean BOOLEAN COMMENT &#039;布尔类型&#039;,
field_binary BINARY COMMENT &#039;二进制类型&#039;,
id INT COMMENT &#039;ID&#039;,
user_name STRING COMMENT &#039;用户名&#039;,
age TINYINT COMMENT &#039;年龄&#039;,
phone BIGINT COMMENT &#039;手机号&#039;,
email STRING COMMENT &#039;邮箱&#039;,
salary DECIMAL(10, 2) COMMENT &#039;薪资&#039;,
is_active BOOLEAN COMMENT &#039;是否激活&#039;,
address STRING COMMENT &#039;地址&#039;,
score FLOAT COMMENT &#039;评分&#039;,
total_amount DOUBLE COMMENT &#039;总金额&#039;
) COMMENT &#039;测试表A&#039;;
INSERT INTO lantu_test.A VALUES
(
1, 100, 10000, 100000, 1000000, 3.14, 3.1415926535,
12345.67, 98765.4321, &#039;12345&#039;, &#039;你好世界&#039;, &#039;Hello World&#039;,
DATE(&#039;2024-01-15&#039;), TRUE, X&#039;48656C6C6F&#039;, 1, &#039;张三&#039;, 25, 13812345678,
&#039;zhangsan@example.com&#039;, 8500.00, TRUE, &#039;北京市朝阳区&#039;, 4.8, 99999.99
),
(
2, 200, 20000, 200000, 2000000, 2.718, 2.718281828,
23456.78, 54321.9876, &#039;67890&#039;, &#039;测试数据&#039;, &#039;Test Data&#039;,
DATE(&#039;2024-02-20&#039;), FALSE, X&#039;576F726C64&#039;, 2, &#039;李四&#039;, 30, 13987654321,
&#039;lisi@example.com&#039;, 12000.00, FALSE, &#039;上海市浦东新区&#039;, 4.2, 150000.00
),
(
3, 50, 5000, 50000, 500000, 1.414, 1.414213562,
34567.89, 12345.6789, &#039;99999&#039;, &#039;示例数据&#039;, &#039;Sample Data&#039;,
DATE(&#039;2024-03-10&#039;), TRUE, X&#039;537061726B&#039;, 3, &#039;王五&#039;, 28, 13711223344,
&#039;wangwu@example.com&#039;, 9500.00, TRUE, &#039;广州市天河区&#039;, 4.5, 88000.00
);","1. 进入「资产-数据质量-规则集管理-基础信息」页面
2. 「选择数据源」选择「${DATASOURCE}」
「选择数据库」选择「${DATABASE}」
「选择数据表」选择「${TABLE}」
「规则包名称」填写「合理性-字段值计算对比」
3. 点击「新增规则包」-「合理性-字段值计算对比」，点击【添加规则-合理性校验】
4. 「监控规则」配置如下：
子规则一：
「字段」：「 field_tinyint」
「统计函数」：「 字段值计算对比」
「计算逻辑配置」：「field_tinyint*field_smallint」
「对比方法」：「计算结果值判断」
「结果值」：「 >=100或!=1」
「强弱规则」选择「弱规则」
「规则描述」输入「测试规则」
子规则二：
「字段」：「 field_tinyint」
「统计函数」：「 字段值计算对比」
「计算逻辑配置」：「field_tinyint+field_smallint」
「对比方法」：「计算结果值判断」
「结果值」：「 =100且!=1」
「强弱规则」选择「弱规则」
「规则描述」输入「测试规则」
5. 点击【保存】按钮
6. 进入「规则任务管理-监控对象」页面
7. 「规则名称」输入「test_rule」
「选择数据源」选择「${DATASOURCE}」
「选择数据库」选择「${DATABASE}」
「选择数据表」选择「${TABLE}」
8. 引入规则包「合理性-字段值计算对比」，点击「下一步」按钮
9. 配置「调度属性」，保存规则，且「调度属性」中配置「规则报告」为最新结果
10. 临时运行规则，查看实例详情","1. 页面正常打开
2. 基础信息配置成功；
进入「监控规则」配置页
3. 选择成功，页面显示「合理性校验」规则配置区域
4. 监控规则配置完成
5. 规则保存成功
6. 页面正常打开
7. 监控对象配置成功；
进入「监控规则」配置页
8. 引入正确，规则内容置灰，进入「调度属性」
9. 规则保存成功
10. 实例中子规则一结果通过，子规则二结果不通过，且实例详情展示正确","1. 
2. 
3. 
4. 
5. 
6. 
7. 
8. 
9. 
10.","","2","功能测试","功能测试阶段","正常","0","1","10","通过","听筠","2026-04-09","","0000-00-00","1","",""
"183152","数据资产_STD(#23)","/版本迭代测试用例/v6.4.10/【内置规则丰富】合理性，单表，字段值的计算关系对比(#10451)","【岚图】【内置规则丰富】合理性，单表，字段值的计算关系对比(#15529)","验证「监控规则」-「合理性校验」-「字段值计算对比」-「计算结果与字段对比」-「string类型」校验功能","存在表A
CREATE TABLE IF NOT EXISTS lantu_test.A (
--数值型
field_tinyint TINYINT COMMENT &#039;TINYINT类型&#039;,
field_smallint SMALLINT COMMENT &#039;SMALLINT类型&#039;,
field_int INT COMMENT &#039;INT类型&#039;,
field_integer INTEGER COMMENT &#039;INTEGER类型&#039;,
field_bigint BIGINT COMMENT &#039;BIGINT类型&#039;,
field_float FLOAT COMMENT &#039;FLOAT类型&#039;,
field_double DOUBLE COMMENT &#039;DOUBLE类型&#039;,
field_decimal DECIMAL(10, 2) COMMENT &#039;DECIMAL类型&#039;,
field_numeric NUMERIC(15, 4) COMMENT &#039;NUMERIC类型&#039;,
-- STRING类型
string_number STRING COMMENT &#039;数字字符串&#039;,
string_chinese STRING COMMENT &#039;中文字符串&#039;,
string_english STRING COMMENT &#039;英文字符串&#039;,
field_date DATE COMMENT &#039;日期&#039;,
field_boolean BOOLEAN COMMENT &#039;布尔类型&#039;,
field_binary BINARY COMMENT &#039;二进制类型&#039;,
id INT COMMENT &#039;ID&#039;,
user_name STRING COMMENT &#039;用户名&#039;,
age TINYINT COMMENT &#039;年龄&#039;,
phone BIGINT COMMENT &#039;手机号&#039;,
email STRING COMMENT &#039;邮箱&#039;,
salary DECIMAL(10, 2) COMMENT &#039;薪资&#039;,
is_active BOOLEAN COMMENT &#039;是否激活&#039;,
address STRING COMMENT &#039;地址&#039;,
score FLOAT COMMENT &#039;评分&#039;,
total_amount DOUBLE COMMENT &#039;总金额&#039;
) COMMENT &#039;测试表A&#039;;
INSERT INTO lantu_test.A VALUES
(
1, 100, 10000, 100000, 1000000, 3.14, 3.1415926535,
12345.67, 98765.4321, &#039;12345&#039;, &#039;你好世界&#039;, &#039;Hello World&#039;,
DATE(&#039;2024-01-15&#039;), TRUE, X&#039;48656C6C6F&#039;, 1, &#039;张三&#039;, 25, 13812345678,
&#039;zhangsan@example.com&#039;, 8500.00, TRUE, &#039;北京市朝阳区&#039;, 4.8, 99999.99
),
(
2, 200, 20000, 200000, 2000000, 2.718, 2.718281828,
23456.78, 54321.9876, &#039;67890&#039;, &#039;测试数据&#039;, &#039;Test Data&#039;,
DATE(&#039;2024-02-20&#039;), FALSE, X&#039;576F726C64&#039;, 2, &#039;李四&#039;, 30, 13987654321,
&#039;lisi@example.com&#039;, 12000.00, FALSE, &#039;上海市浦东新区&#039;, 4.2, 150000.00
),
(
3, 50, 5000, 50000, 500000, 1.414, 1.414213562,
34567.89, 12345.6789, &#039;99999&#039;, &#039;示例数据&#039;, &#039;Sample Data&#039;,
DATE(&#039;2024-03-10&#039;), TRUE, X&#039;537061726B&#039;, 3, &#039;王五&#039;, 28, 13711223344,
&#039;wangwu@example.com&#039;, 9500.00, TRUE, &#039;广州市天河区&#039;, 4.5, 88000.00
);","1. 进入「资产-数据质量-规则集管理-基础信息」页面
2. 「选择数据源」选择「${DATASOURCE}」
「选择数据库」选择「${DATABASE}」
「选择数据表」选择「${TABLE}」
「规则包名称」填写「合理性-字段值计算对比」
3. 点击「新增规则包」-「合理性-字段值计算对比」，点击【添加规则-合理性校验】
4. 「监控规则」配置如下：
子规则一：
「字段」：「string_number」
「统计函数」：「 字段值计算对比」
「计算逻辑配置」：「field_tinyint*field_smallint*field_tinyint」
「对比方法」：「计算结果与字段对比」
「对比规则」：「string_number<=field_tinyint*field_smallint*field_tinyint」
「强弱规则」选择「弱规则」
「规则描述」输入「测试规则」
子规则二：
「字段」：「string_chinese」
「统计函数」：「 字段值计算对比」
「计算逻辑配置」：「field_int-field_tinyint」
「对比方法」：「计算结果与字段对比」
「对比规则」：「string_chinese=field_int-field_tinyint」
「强弱规则」选择「弱规则」
「规则描述」输入「测试规则」
5. 点击【保存】按钮
6. 进入「规则任务管理-监控对象」页面
7. 「规则名称」输入「test_rule」
「选择数据源」选择「${DATASOURCE}」
「选择数据库」选择「${DATABASE}」
「选择数据表」选择「${TABLE}」
8. 引入规则包「合理性-字段值计算对比」，点击「下一步」按钮
9. 配置「调度属性」，保存规则，且「调度属性」中配置「规则报告」为最新结果
10. 临时运行规则，查看实例详情","1. 页面正常打开
2. 基础信息配置成功；
进入「监控规则」配置页
3. 选择成功，页面显示「合理性校验」规则配置区域
4. 监控规则配置完成
5. 规则保存成功
6. 页面正常打开
7. 监控对象配置成功；
进入「监控规则」配置页
8. 引入正确，规则内容置灰，进入「调度属性」
9. 规则保存成功
10. 实例中子规则一结果通过，子规则二结果不通过，且实例详情展示正确","1. 
2. 
3. 
4. 
5. 
6. 
7. 
8. 
9. 
10.","","2","功能测试","功能测试阶段","正常","0","1","10","通过","听筠","2026-04-09","","0000-00-00","1","",""
"183151","数据资产_STD(#23)","/版本迭代测试用例/v6.4.10/【内置规则丰富】合理性，单表，字段值的计算关系对比(#10451)","【岚图】【内置规则丰富】合理性，单表，字段值的计算关系对比(#15529)","验证「监控规则」-「合理性校验」-「字段值计算对比」-「计算结果与字段对比」-「decimal/numeric类型」校验功能","存在表A
CREATE TABLE IF NOT EXISTS lantu_test.A (
--数值型
field_tinyint TINYINT COMMENT &#039;TINYINT类型&#039;,
field_smallint SMALLINT COMMENT &#039;SMALLINT类型&#039;,
field_int INT COMMENT &#039;INT类型&#039;,
field_integer INTEGER COMMENT &#039;INTEGER类型&#039;,
field_bigint BIGINT COMMENT &#039;BIGINT类型&#039;,
field_float FLOAT COMMENT &#039;FLOAT类型&#039;,
field_double DOUBLE COMMENT &#039;DOUBLE类型&#039;,
field_decimal DECIMAL(10, 2) COMMENT &#039;DECIMAL类型&#039;,
field_numeric NUMERIC(15, 4) COMMENT &#039;NUMERIC类型&#039;,
-- STRING类型
string_number STRING COMMENT &#039;数字字符串&#039;,
string_chinese STRING COMMENT &#039;中文字符串&#039;,
string_english STRING COMMENT &#039;英文字符串&#039;,
field_date DATE COMMENT &#039;日期&#039;,
field_boolean BOOLEAN COMMENT &#039;布尔类型&#039;,
field_binary BINARY COMMENT &#039;二进制类型&#039;,
id INT COMMENT &#039;ID&#039;,
user_name STRING COMMENT &#039;用户名&#039;,
age TINYINT COMMENT &#039;年龄&#039;,
phone BIGINT COMMENT &#039;手机号&#039;,
email STRING COMMENT &#039;邮箱&#039;,
salary DECIMAL(10, 2) COMMENT &#039;薪资&#039;,
is_active BOOLEAN COMMENT &#039;是否激活&#039;,
address STRING COMMENT &#039;地址&#039;,
score FLOAT COMMENT &#039;评分&#039;,
total_amount DOUBLE COMMENT &#039;总金额&#039;
) COMMENT &#039;测试表A&#039;;
INSERT INTO lantu_test.A VALUES
(
1, 100, 10000, 100000, 1000000, 3.14, 3.1415926535,
12345.67, 98765.4321, &#039;12345&#039;, &#039;你好世界&#039;, &#039;Hello World&#039;,
DATE(&#039;2024-01-15&#039;), TRUE, X&#039;48656C6C6F&#039;, 1, &#039;张三&#039;, 25, 13812345678,
&#039;zhangsan@example.com&#039;, 8500.00, TRUE, &#039;北京市朝阳区&#039;, 4.8, 99999.99
),
(
2, 200, 20000, 200000, 2000000, 2.718, 2.718281828,
23456.78, 54321.9876, &#039;67890&#039;, &#039;测试数据&#039;, &#039;Test Data&#039;,
DATE(&#039;2024-02-20&#039;), FALSE, X&#039;576F726C64&#039;, 2, &#039;李四&#039;, 30, 13987654321,
&#039;lisi@example.com&#039;, 12000.00, FALSE, &#039;上海市浦东新区&#039;, 4.2, 150000.00
),
(
3, 50, 5000, 50000, 500000, 1.414, 1.414213562,
34567.89, 12345.6789, &#039;99999&#039;, &#039;示例数据&#039;, &#039;Sample Data&#039;,
DATE(&#039;2024-03-10&#039;), TRUE, X&#039;537061726B&#039;, 3, &#039;王五&#039;, 28, 13711223344,
&#039;wangwu@example.com&#039;, 9500.00, TRUE, &#039;广州市天河区&#039;, 4.5, 88000.00
);","1. 进入「资产-数据质量-规则集管理-基础信息」页面
2. 「选择数据源」选择「${DATASOURCE}」
「选择数据库」选择「${DATABASE}」
「选择数据表」选择「${TABLE}」
「规则包名称」填写「合理性-字段值计算对比」
3. 点击「新增规则包」-「合理性-字段值计算对比」，点击【添加规则-合理性校验】
4. 「监控规则」配置如下：
子规则一：
「字段」：「field_decimal」
「统计函数」：「 字段值计算对比」
「计算逻辑配置」：「(field_float+field_double)/field_double」
「对比方法」：「计算结果与字段对比」
「对比规则」：「field_decimal< (field_float+field_double)/field_double」
「强弱规则」选择「弱规则」
「规则描述」输入「测试规则」
子规则二：
「字段」：「field_numeric」
「统计函数」：「 字段值计算对比」
「计算逻辑配置」：「(field_integer-field_double)*field_integer」
「对比方法」：「计算结果与字段对比」
「对比规则」：「field_numeric=(field_integer-field_double)*field_integer」
「强弱规则」选择「弱规则」
「规则描述」输入「测试规则」
5. 点击【保存】按钮
6. 进入「规则任务管理-监控对象」页面
7. 「规则名称」输入「test_rule」
「选择数据源」选择「${DATASOURCE}」
「选择数据库」选择「${DATABASE}」
「选择数据表」选择「${TABLE}」
8. 引入规则包「合理性-字段值计算对比」，点击「下一步」按钮
9. 配置「调度属性」，保存规则，且「调度属性」中配置「规则报告」为最新结果
10. 临时运行规则，查看实例详情","1. 页面正常打开
2. 基础信息配置成功；
进入「监控规则」配置页
3. 选择成功，页面显示「合理性校验」规则配置区域
4. 监控规则配置完成
5. 规则保存成功
6. 页面正常打开
7. 监控对象配置成功；
进入「监控规则」配置页
8. 引入正确，规则内容置灰，进入「调度属性」
9. 规则保存成功
10. 实例中子规则一结果通过，子规则二结果不通过，且实例详情展示正确","1. 
2. 
3. 
4. 
5. 
6. 
7. 
8. 
9. 
10.","","2","功能测试","功能测试阶段","正常","0","1","10","通过","听筠","2026-04-09","","0000-00-00","1","",""
"183150","数据资产_STD(#23)","/版本迭代测试用例/v6.4.10/【内置规则丰富】合理性，单表，字段值的计算关系对比(#10451)","【岚图】【内置规则丰富】合理性，单表，字段值的计算关系对比(#15529)","验证「监控规则」-「合理性校验」-「字段值计算对比」-「计算结果与字段对比」-「double类型」校验功能","存在表A
CREATE TABLE IF NOT EXISTS lantu_test.A (
--数值型
field_tinyint TINYINT COMMENT &#039;TINYINT类型&#039;,
field_smallint SMALLINT COMMENT &#039;SMALLINT类型&#039;,
field_int INT COMMENT &#039;INT类型&#039;,
field_integer INTEGER COMMENT &#039;INTEGER类型&#039;,
field_bigint BIGINT COMMENT &#039;BIGINT类型&#039;,
field_float FLOAT COMMENT &#039;FLOAT类型&#039;,
field_double DOUBLE COMMENT &#039;DOUBLE类型&#039;,
field_decimal DECIMAL(10, 2) COMMENT &#039;DECIMAL类型&#039;,
field_numeric NUMERIC(15, 4) COMMENT &#039;NUMERIC类型&#039;,
-- STRING类型
string_number STRING COMMENT &#039;数字字符串&#039;,
string_chinese STRING COMMENT &#039;中文字符串&#039;,
string_english STRING COMMENT &#039;英文字符串&#039;,
field_date DATE COMMENT &#039;日期&#039;,
field_boolean BOOLEAN COMMENT &#039;布尔类型&#039;,
field_binary BINARY COMMENT &#039;二进制类型&#039;,
id INT COMMENT &#039;ID&#039;,
user_name STRING COMMENT &#039;用户名&#039;,
age TINYINT COMMENT &#039;年龄&#039;,
phone BIGINT COMMENT &#039;手机号&#039;,
email STRING COMMENT &#039;邮箱&#039;,
salary DECIMAL(10, 2) COMMENT &#039;薪资&#039;,
is_active BOOLEAN COMMENT &#039;是否激活&#039;,
address STRING COMMENT &#039;地址&#039;,
score FLOAT COMMENT &#039;评分&#039;,
total_amount DOUBLE COMMENT &#039;总金额&#039;
) COMMENT &#039;测试表A&#039;;
INSERT INTO lantu_test.A VALUES
(
1, 100, 10000, 100000, 1000000, 3.14, 3.1415926535,
12345.67, 98765.4321, &#039;12345&#039;, &#039;你好世界&#039;, &#039;Hello World&#039;,
DATE(&#039;2024-01-15&#039;), TRUE, X&#039;48656C6C6F&#039;, 1, &#039;张三&#039;, 25, 13812345678,
&#039;zhangsan@example.com&#039;, 8500.00, TRUE, &#039;北京市朝阳区&#039;, 4.8, 99999.99
),
(
2, 200, 20000, 200000, 2000000, 2.718, 2.718281828,
23456.78, 54321.9876, &#039;67890&#039;, &#039;测试数据&#039;, &#039;Test Data&#039;,
DATE(&#039;2024-02-20&#039;), FALSE, X&#039;576F726C64&#039;, 2, &#039;李四&#039;, 30, 13987654321,
&#039;lisi@example.com&#039;, 12000.00, FALSE, &#039;上海市浦东新区&#039;, 4.2, 150000.00
),
(
3, 50, 5000, 50000, 500000, 1.414, 1.414213562,
34567.89, 12345.6789, &#039;99999&#039;, &#039;示例数据&#039;, &#039;Sample Data&#039;,
DATE(&#039;2024-03-10&#039;), TRUE, X&#039;537061726B&#039;, 3, &#039;王五&#039;, 28, 13711223344,
&#039;wangwu@example.com&#039;, 9500.00, TRUE, &#039;广州市天河区&#039;, 4.5, 88000.00
);","1. 进入「资产-数据质量-规则集管理-基础信息」页面
2. 「选择数据源」选择「${DATASOURCE}」
「选择数据库」选择「${DATABASE}」
「选择数据表」选择「${TABLE}」
「规则包名称」填写「合理性-字段值计算对比」
3. 点击「新增规则包」-「合理性-字段值计算对比」，点击【添加规则-合理性校验】
4. 「监控规则」配置如下：
子规则一：
「字段」：「field_double」
「统计函数」：「 字段值计算对比」
「计算逻辑配置」：「field_float+field_decimal」
「对比方法」：「计算结果与字段对比」
「对比规则」：「field_double < field_float+field_decimal」
「强弱规则」选择「弱规则」
「规则描述」输入「测试规则」
子规则二：
「字段」：「field_double」
「统计函数」：「 字段值计算对比」
「计算逻辑配置」：「(field_bigint-field_numeric)*field_bigint」
「对比方法」：「计算结果与字段对比」
「对比规则」：「field_double>(field_bigint-field_numeric)*field_bigint」
「强弱规则」选择「弱规则」
「规则描述」输入「测试规则」
5. 点击【保存】按钮
6. 进入「规则任务管理-监控对象」页面
7. 「规则名称」输入「test_rule」
「选择数据源」选择「${DATASOURCE}」
「选择数据库」选择「${DATABASE}」
「选择数据表」选择「${TABLE}」
8. 引入规则包「合理性-字段值计算对比」，点击「下一步」按钮
9. 配置「调度属性」，保存规则，且「调度属性」中配置「规则报告」为最新结果
10. 临时运行规则，查看实例详情","1. 页面正常打开
2. 基础信息配置成功；
进入「监控规则」配置页
3. 选择成功，页面显示「合理性校验」规则配置区域
4. 监控规则配置完成
5. 规则保存成功
6. 页面正常打开
7. 监控对象配置成功；
进入「监控规则」配置页
8. 引入正确，规则内容置灰，进入「调度属性」
9. 规则保存成功
10. 实例中子规则一结果通过，子规则二结果不通过，且实例详情展示正确","1. 
2. 
3. 
4. 
5. 
6. 
7. 
8. 
9. 
10.","","2","功能测试","功能测试阶段","正常","0","1","10","通过","听筠","2026-04-09","","0000-00-00","1","",""
"183149","数据资产_STD(#23)","/版本迭代测试用例/v6.4.10/【内置规则丰富】合理性，单表，字段值的计算关系对比(#10451)","【岚图】【内置规则丰富】合理性，单表，字段值的计算关系对比(#15529)","验证「监控规则」-「合理性校验」-「字段值计算对比」-「计算结果与字段对比」-「float类型」校验功能","存在表A
CREATE TABLE IF NOT EXISTS lantu_test.A (
--数值型
field_tinyint TINYINT COMMENT &#039;TINYINT类型&#039;,
field_smallint SMALLINT COMMENT &#039;SMALLINT类型&#039;,
field_int INT COMMENT &#039;INT类型&#039;,
field_integer INTEGER COMMENT &#039;INTEGER类型&#039;,
field_bigint BIGINT COMMENT &#039;BIGINT类型&#039;,
field_float FLOAT COMMENT &#039;FLOAT类型&#039;,
field_double DOUBLE COMMENT &#039;DOUBLE类型&#039;,
field_decimal DECIMAL(10, 2) COMMENT &#039;DECIMAL类型&#039;,
field_numeric NUMERIC(15, 4) COMMENT &#039;NUMERIC类型&#039;,
-- STRING类型
string_number STRING COMMENT &#039;数字字符串&#039;,
string_chinese STRING COMMENT &#039;中文字符串&#039;,
string_english STRING COMMENT &#039;英文字符串&#039;,
field_date DATE COMMENT &#039;日期&#039;,
field_boolean BOOLEAN COMMENT &#039;布尔类型&#039;,
field_binary BINARY COMMENT &#039;二进制类型&#039;,
id INT COMMENT &#039;ID&#039;,
user_name STRING COMMENT &#039;用户名&#039;,
age TINYINT COMMENT &#039;年龄&#039;,
phone BIGINT COMMENT &#039;手机号&#039;,
email STRING COMMENT &#039;邮箱&#039;,
salary DECIMAL(10, 2) COMMENT &#039;薪资&#039;,
is_active BOOLEAN COMMENT &#039;是否激活&#039;,
address STRING COMMENT &#039;地址&#039;,
score FLOAT COMMENT &#039;评分&#039;,
total_amount DOUBLE COMMENT &#039;总金额&#039;
) COMMENT &#039;测试表A&#039;;
INSERT INTO lantu_test.A VALUES
(
1, 100, 10000, 100000, 1000000, 3.14, 3.1415926535,
12345.67, 98765.4321, &#039;12345&#039;, &#039;你好世界&#039;, &#039;Hello World&#039;,
DATE(&#039;2024-01-15&#039;), TRUE, X&#039;48656C6C6F&#039;, 1, &#039;张三&#039;, 25, 13812345678,
&#039;zhangsan@example.com&#039;, 8500.00, TRUE, &#039;北京市朝阳区&#039;, 4.8, 99999.99
),
(
2, 200, 20000, 200000, 2000000, 2.718, 2.718281828,
23456.78, 54321.9876, &#039;67890&#039;, &#039;测试数据&#039;, &#039;Test Data&#039;,
DATE(&#039;2024-02-20&#039;), FALSE, X&#039;576F726C64&#039;, 2, &#039;李四&#039;, 30, 13987654321,
&#039;lisi@example.com&#039;, 12000.00, FALSE, &#039;上海市浦东新区&#039;, 4.2, 150000.00
),
(
3, 50, 5000, 50000, 500000, 1.414, 1.414213562,
34567.89, 12345.6789, &#039;99999&#039;, &#039;示例数据&#039;, &#039;Sample Data&#039;,
DATE(&#039;2024-03-10&#039;), TRUE, X&#039;537061726B&#039;, 3, &#039;王五&#039;, 28, 13711223344,
&#039;wangwu@example.com&#039;, 9500.00, TRUE, &#039;广州市天河区&#039;, 4.5, 88000.00
);","1. 进入「资产-数据质量-规则集管理-基础信息」页面
2. 「选择数据源」选择「${DATASOURCE}」
「选择数据库」选择「${DATABASE}」
「选择数据表」选择「${TABLE}」
「规则包名称」填写「合理性-字段值计算对比」
3. 点击「新增规则包」-「合理性-字段值计算对比」，点击【添加规则-合理性校验】
4. 「监控规则」配置如下：
子规则一：
「字段」：「field_float」
「统计函数」：「 字段值计算对比」
「计算逻辑配置」：「field_bigint-field_float」
「对比方法」：「计算结果与字段对比」
「对比规则」：「field_float != field_bigint-field_float」
「强弱规则」选择「弱规则」
「规则描述」输入「测试规则」
子规则二：
「字段」：「field_float」
「统计函数」：「 字段值计算对比」
「计算逻辑配置」：「field_float-string_chinese」
「对比方法」：「计算结果与字段对比」
「对比规则」：「field_float>field_float-string_chinese」
「强弱规则」选择「弱规则」
「规则描述」输入「测试规则」
5. 点击【保存】按钮
6. 进入「规则任务管理-监控对象」页面
7. 「规则名称」输入「test_rule」
「选择数据源」选择「${DATASOURCE}」
「选择数据库」选择「${DATABASE}」
「选择数据表」选择「${TABLE}」
8. 引入规则包「合理性-字段值计算对比」，点击「下一步」按钮
9. 配置「调度属性」，保存规则，且「调度属性」中配置「规则报告」为最新结果
10. 临时运行规则，查看实例详情","1. 页面正常打开
2. 基础信息配置成功；
进入「监控规则」配置页
3. 选择成功，页面显示「合理性校验」规则配置区域
4. 监控规则配置完成
5. 规则保存成功
6. 页面正常打开
7. 监控对象配置成功；
进入「监控规则」配置页
8. 引入正确，规则内容置灰，进入「调度属性」
9. 规则保存成功
10. 实例中子规则一结果通过，子规则二结果不通过，且实例详情展示正确","1. 
2. 
3. 
4. 
5. 
6. 
7. 
8. 
9. 
10.","","2","功能测试","功能测试阶段","正常","0","1","10","通过","听筠","2026-04-09","","0000-00-00","1","",""
"183148","数据资产_STD(#23)","/版本迭代测试用例/v6.4.10/【内置规则丰富】合理性，单表，字段值的计算关系对比(#10451)","【岚图】【内置规则丰富】合理性，单表，字段值的计算关系对比(#15529)","验证「监控规则」-「合理性校验」-「字段值计算对比」-「计算结果与字段对比」-「bigint类型」校验功能","存在表A
CREATE TABLE IF NOT EXISTS lantu_test.A (
--数值型
field_tinyint TINYINT COMMENT &#039;TINYINT类型&#039;,
field_smallint SMALLINT COMMENT &#039;SMALLINT类型&#039;,
field_int INT COMMENT &#039;INT类型&#039;,
field_integer INTEGER COMMENT &#039;INTEGER类型&#039;,
field_bigint BIGINT COMMENT &#039;BIGINT类型&#039;,
field_float FLOAT COMMENT &#039;FLOAT类型&#039;,
field_double DOUBLE COMMENT &#039;DOUBLE类型&#039;,
field_decimal DECIMAL(10, 2) COMMENT &#039;DECIMAL类型&#039;,
field_numeric NUMERIC(15, 4) COMMENT &#039;NUMERIC类型&#039;,
-- STRING类型
string_number STRING COMMENT &#039;数字字符串&#039;,
string_chinese STRING COMMENT &#039;中文字符串&#039;,
string_english STRING COMMENT &#039;英文字符串&#039;,
field_date DATE COMMENT &#039;日期&#039;,
field_boolean BOOLEAN COMMENT &#039;布尔类型&#039;,
field_binary BINARY COMMENT &#039;二进制类型&#039;,
id INT COMMENT &#039;ID&#039;,
user_name STRING COMMENT &#039;用户名&#039;,
age TINYINT COMMENT &#039;年龄&#039;,
phone BIGINT COMMENT &#039;手机号&#039;,
email STRING COMMENT &#039;邮箱&#039;,
salary DECIMAL(10, 2) COMMENT &#039;薪资&#039;,
is_active BOOLEAN COMMENT &#039;是否激活&#039;,
address STRING COMMENT &#039;地址&#039;,
score FLOAT COMMENT &#039;评分&#039;,
total_amount DOUBLE COMMENT &#039;总金额&#039;
) COMMENT &#039;测试表A&#039;;
INSERT INTO lantu_test.A VALUES
(
1, 100, 10000, 100000, 1000000, 3.14, 3.1415926535,
12345.67, 98765.4321, &#039;12345&#039;, &#039;你好世界&#039;, &#039;Hello World&#039;,
DATE(&#039;2024-01-15&#039;), TRUE, X&#039;48656C6C6F&#039;, 1, &#039;张三&#039;, 25, 13812345678,
&#039;zhangsan@example.com&#039;, 8500.00, TRUE, &#039;北京市朝阳区&#039;, 4.8, 99999.99
),
(
2, 200, 20000, 200000, 2000000, 2.718, 2.718281828,
23456.78, 54321.9876, &#039;67890&#039;, &#039;测试数据&#039;, &#039;Test Data&#039;,
DATE(&#039;2024-02-20&#039;), FALSE, X&#039;576F726C64&#039;, 2, &#039;李四&#039;, 30, 13987654321,
&#039;lisi@example.com&#039;, 12000.00, FALSE, &#039;上海市浦东新区&#039;, 4.2, 150000.00
),
(
3, 50, 5000, 50000, 500000, 1.414, 1.414213562,
34567.89, 12345.6789, &#039;99999&#039;, &#039;示例数据&#039;, &#039;Sample Data&#039;,
DATE(&#039;2024-03-10&#039;), TRUE, X&#039;537061726B&#039;, 3, &#039;王五&#039;, 28, 13711223344,
&#039;wangwu@example.com&#039;, 9500.00, TRUE, &#039;广州市天河区&#039;, 4.5, 88000.00
);","1. 进入「资产-数据质量-规则集管理-基础信息」页面
2. 「选择数据源」选择「${DATASOURCE}」
「选择数据库」选择「${DATABASE}」
「选择数据表」选择「${TABLE}」
「规则包名称」填写「合理性-字段值计算对比」
3. 点击「新增规则包」-「合理性-字段值计算对比」，点击【添加规则-合理性校验】
4. 「监控规则」配置如下：
子规则一：
「字段」：「 field_bigint」
「统计函数」：「 字段值计算对比」
「计算逻辑配置」：「field_tinyint*field_smallint」
「对比方法」：「计算结果与字段对比」
「对比规则」：「field_bigint>field_tinyint*field_smallint」
「强弱规则」选择「弱规则」
「规则描述」输入「测试规则」
子规则二：
「字段」：「 field_bigint」
「统计函数」：「 字段值计算对比」
「计算逻辑配置」：「(string_number-string_chinese)/string_number」
「对比方法」：「计算结果与字段对比」
「对比规则」：「 field_bigint=(string_number-string_chinese)/string_number」
「强弱规则」选择「弱规则」
「规则描述」输入「测试规则」
5. 点击【保存】按钮
6. 进入「规则任务管理-监控对象」页面
7. 「规则名称」输入「test_rule」
「选择数据源」选择「${DATASOURCE}」
「选择数据库」选择「${DATABASE}」
「选择数据表」选择「${TABLE}」
8. 引入规则包「合理性-字段值计算对比」，点击「下一步」按钮
9. 配置「调度属性」，保存规则，且「调度属性」中配置「规则报告」为最新结果
10. 临时运行规则，查看实例详情","1. 页面正常打开
2. 基础信息配置成功；
进入「监控规则」配置页
3. 选择成功，页面显示「合理性校验」规则配置区域
4. 监控规则配置完成
5. 规则保存成功
6. 页面正常打开
7. 监控对象配置成功；
进入「监控规则」配置页
8. 引入正确，规则内容置灰，进入「调度属性」
9. 规则保存成功
10. 实例中子规则一结果通过，子规则二结果不通过，且实例详情展示正确","1. 
2. 
3. 
4. 
5. 
6. 
7. 
8. 
9. 
10.","","2","功能测试","功能测试阶段","正常","0","1","10","通过","听筠","2026-04-09","","0000-00-00","1","",""
"183147","数据资产_STD(#23)","/版本迭代测试用例/v6.4.10/【内置规则丰富】合理性，单表，字段值的计算关系对比(#10451)","【岚图】【内置规则丰富】合理性，单表，字段值的计算关系对比(#15529)","验证「监控规则」-「合理性校验」-「字段值计算对比」-「计算结果与字段对比」-「int/integer类型」校验功能","存在表A
CREATE TABLE IF NOT EXISTS lantu_test.A (
--数值型
field_tinyint TINYINT COMMENT &#039;TINYINT类型&#039;,
field_smallint SMALLINT COMMENT &#039;SMALLINT类型&#039;,
field_int INT COMMENT &#039;INT类型&#039;,
field_integer INTEGER COMMENT &#039;INTEGER类型&#039;,
field_bigint BIGINT COMMENT &#039;BIGINT类型&#039;,
field_float FLOAT COMMENT &#039;FLOAT类型&#039;,
field_double DOUBLE COMMENT &#039;DOUBLE类型&#039;,
field_decimal DECIMAL(10, 2) COMMENT &#039;DECIMAL类型&#039;,
field_numeric NUMERIC(15, 4) COMMENT &#039;NUMERIC类型&#039;,
-- STRING类型
string_number STRING COMMENT &#039;数字字符串&#039;,
string_chinese STRING COMMENT &#039;中文字符串&#039;,
string_english STRING COMMENT &#039;英文字符串&#039;,
field_date DATE COMMENT &#039;日期&#039;,
field_boolean BOOLEAN COMMENT &#039;布尔类型&#039;,
field_binary BINARY COMMENT &#039;二进制类型&#039;,
id INT COMMENT &#039;ID&#039;,
user_name STRING COMMENT &#039;用户名&#039;,
age TINYINT COMMENT &#039;年龄&#039;,
phone BIGINT COMMENT &#039;手机号&#039;,
email STRING COMMENT &#039;邮箱&#039;,
salary DECIMAL(10, 2) COMMENT &#039;薪资&#039;,
is_active BOOLEAN COMMENT &#039;是否激活&#039;,
address STRING COMMENT &#039;地址&#039;,
score FLOAT COMMENT &#039;评分&#039;,
total_amount DOUBLE COMMENT &#039;总金额&#039;
) COMMENT &#039;测试表A&#039;;
INSERT INTO lantu_test.A VALUES
(
1, 100, 10000, 100000, 1000000, 3.14, 3.1415926535,
12345.67, 98765.4321, &#039;12345&#039;, &#039;你好世界&#039;, &#039;Hello World&#039;,
DATE(&#039;2024-01-15&#039;), TRUE, X&#039;48656C6C6F&#039;, 1, &#039;张三&#039;, 25, 13812345678,
&#039;zhangsan@example.com&#039;, 8500.00, TRUE, &#039;北京市朝阳区&#039;, 4.8, 99999.99
),
(
2, 200, 20000, 200000, 2000000, 2.718, 2.718281828,
23456.78, 54321.9876, &#039;67890&#039;, &#039;测试数据&#039;, &#039;Test Data&#039;,
DATE(&#039;2024-02-20&#039;), FALSE, X&#039;576F726C64&#039;, 2, &#039;李四&#039;, 30, 13987654321,
&#039;lisi@example.com&#039;, 12000.00, FALSE, &#039;上海市浦东新区&#039;, 4.2, 150000.00
),
(
3, 50, 5000, 50000, 500000, 1.414, 1.414213562,
34567.89, 12345.6789, &#039;99999&#039;, &#039;示例数据&#039;, &#039;Sample Data&#039;,
DATE(&#039;2024-03-10&#039;), TRUE, X&#039;537061726B&#039;, 3, &#039;王五&#039;, 28, 13711223344,
&#039;wangwu@example.com&#039;, 9500.00, TRUE, &#039;广州市天河区&#039;, 4.5, 88000.00
);","1. 进入「资产-数据质量-规则集管理-基础信息」页面
2. 「选择数据源」选择「${DATASOURCE}」
「选择数据库」选择「${DATABASE}」
「选择数据表」选择「${TABLE}」
「规则包名称」填写「合理性-字段值计算对比」
3. 点击「新增规则包」-「合理性-字段值计算对比」，点击【添加规则-合理性校验】
4. 「监控规则」配置如下：
子规则一：
「字段」：「 field_int」
「统计函数」：「 字段值计算对比」
「计算逻辑配置」：「field_decimal-string_number」
「对比方法」：「计算结果与字段对比」
「对比规则」：「 field_int>field_decimal-string_numbe」
「强弱规则」选择「弱规则」
「规则描述」输入「测试规则」
子规则二：
「字段」：「 field_integer」
「统计函数」：「 字段值计算对比」
「计算逻辑配置」：「(field_int+string_chinese)/field_int」
「对比方法」：「计算结果与字段对比」
「对比规则」：「 field_integer<(field_int+string_chinese)/field_int」
「强弱规则」选择「弱规则」
「规则描述」输入「测试规则」
5. 点击【保存】按钮
6. 进入「规则任务管理-监控对象」页面
7. 「规则名称」输入「test_rule」
「选择数据源」选择「${DATASOURCE}」
「选择数据库」选择「${DATABASE}」
「选择数据表」选择「${TABLE}」
8. 引入规则包「合理性-字段值计算对比」，点击「下一步」按钮
9. 配置「调度属性」，保存规则，且「调度属性」中配置「规则报告」为最新结果
10. 临时运行规则，查看实例详情","1. 页面正常打开
2. 基础信息配置成功；
进入「监控规则」配置页
3. 选择成功，页面显示「合理性校验」规则配置区域
4. 监控规则配置完成
5. 规则保存成功
6. 页面正常打开
7. 监控对象配置成功；
进入「监控规则」配置页
8. 引入正确，规则内容置灰，进入「调度属性」
9. 规则保存成功
10. 实例中子规则一结果通过，子规则二结果不通过，且实例详情展示正确","1. 
2. 
3. 
4. 
5. 
6. 
7. 
8. 
9. 
10.","","2","功能测试","功能测试阶段","正常","0","1","10","通过","听筠","2026-04-09","","0000-00-00","1","",""
"183146","数据资产_STD(#23)","/版本迭代测试用例/v6.4.10/【内置规则丰富】合理性，单表，字段值的计算关系对比(#10451)","【岚图】【内置规则丰富】合理性，单表，字段值的计算关系对比(#15529)","验证「监控规则」-「合理性校验」-「字段值计算对比」-「计算结果与字段对比」-「smallint类型」校验功能","存在表A
CREATE TABLE IF NOT EXISTS lantu_test.A (
--数值型
field_tinyint TINYINT COMMENT &#039;TINYINT类型&#039;,
field_smallint SMALLINT COMMENT &#039;SMALLINT类型&#039;,
field_int INT COMMENT &#039;INT类型&#039;,
field_integer INTEGER COMMENT &#039;INTEGER类型&#039;,
field_bigint BIGINT COMMENT &#039;BIGINT类型&#039;,
field_float FLOAT COMMENT &#039;FLOAT类型&#039;,
field_double DOUBLE COMMENT &#039;DOUBLE类型&#039;,
field_decimal DECIMAL(10, 2) COMMENT &#039;DECIMAL类型&#039;,
field_numeric NUMERIC(15, 4) COMMENT &#039;NUMERIC类型&#039;,
-- STRING类型
string_number STRING COMMENT &#039;数字字符串&#039;,
string_chinese STRING COMMENT &#039;中文字符串&#039;,
string_english STRING COMMENT &#039;英文字符串&#039;,
field_date DATE COMMENT &#039;日期&#039;,
field_boolean BOOLEAN COMMENT &#039;布尔类型&#039;,
field_binary BINARY COMMENT &#039;二进制类型&#039;,
id INT COMMENT &#039;ID&#039;,
user_name STRING COMMENT &#039;用户名&#039;,
age TINYINT COMMENT &#039;年龄&#039;,
phone BIGINT COMMENT &#039;手机号&#039;,
email STRING COMMENT &#039;邮箱&#039;,
salary DECIMAL(10, 2) COMMENT &#039;薪资&#039;,
is_active BOOLEAN COMMENT &#039;是否激活&#039;,
address STRING COMMENT &#039;地址&#039;,
score FLOAT COMMENT &#039;评分&#039;,
total_amount DOUBLE COMMENT &#039;总金额&#039;
) COMMENT &#039;测试表A&#039;;
INSERT INTO lantu_test.A VALUES
(
1, 100, 10000, 100000, 1000000, 3.14, 3.1415926535,
12345.67, 98765.4321, &#039;12345&#039;, &#039;你好世界&#039;, &#039;Hello World&#039;,
DATE(&#039;2024-01-15&#039;), TRUE, X&#039;48656C6C6F&#039;, 1, &#039;张三&#039;, 25, 13812345678,
&#039;zhangsan@example.com&#039;, 8500.00, TRUE, &#039;北京市朝阳区&#039;, 4.8, 99999.99
),
(
2, 200, 20000, 200000, 2000000, 2.718, 2.718281828,
23456.78, 54321.9876, &#039;67890&#039;, &#039;测试数据&#039;, &#039;Test Data&#039;,
DATE(&#039;2024-02-20&#039;), FALSE, X&#039;576F726C64&#039;, 2, &#039;李四&#039;, 30, 13987654321,
&#039;lisi@example.com&#039;, 12000.00, FALSE, &#039;上海市浦东新区&#039;, 4.2, 150000.00
),
(
3, 50, 5000, 50000, 500000, 1.414, 1.414213562,
34567.89, 12345.6789, &#039;99999&#039;, &#039;示例数据&#039;, &#039;Sample Data&#039;,
DATE(&#039;2024-03-10&#039;), TRUE, X&#039;537061726B&#039;, 3, &#039;王五&#039;, 28, 13711223344,
&#039;wangwu@example.com&#039;, 9500.00, TRUE, &#039;广州市天河区&#039;, 4.5, 88000.00
);","1. 进入「资产-数据质量-规则集管理-基础信息」页面
2. 「选择数据源」选择「${DATASOURCE}」
「选择数据库」选择「${DATABASE}」
「选择数据表」选择「${TABLE}」
「规则包名称」填写「合理性-字段值计算对比」
3. 点击「新增规则包」-「合理性-字段值计算对比」，点击【添加规则-合理性校验】
4. 「监控规则」配置如下：
子规则一：
「字段」：「 field_smallint」
「统计函数」：「 字段值计算对比」
「计算逻辑配置」：「field_int*field_bigint」
「对比方法」：「计算结果与字段对比」
「对比规则」：「 field_smallint != field_int*field_bigint」
「强弱规则」选择「弱规则」
「规则描述」输入「测试规则」
子规则二：
「字段」：「 field_smallint」
「统计函数」：「 字段值计算对比」
「计算逻辑配置」：「(field_bigint-field_int)/field_bigint」
「对比方法」：「计算结果与字段对比」
「对比规则」：「 field_smallint>(field_bigint - field_int)/field_bigint」
「强弱规则」选择「弱规则」
「规则描述」输入「测试规则」
5. 点击【保存】按钮
6. 进入「规则任务管理-监控对象」页面
7. 「规则名称」输入「test_rule」
「选择数据源」选择「${DATASOURCE}」
「选择数据库」选择「${DATABASE}」
「选择数据表」选择「${TABLE}」
8. 引入规则包「合理性-字段值计算对比」，点击「下一步」按钮
9. 配置「调度属性」，保存规则，且「调度属性」中配置「规则报告」为最新结果
10. 临时运行规则，查看实例详情","1. 页面正常打开
2. 基础信息配置成功；
进入「监控规则」配置页
3. 选择成功，页面显示「合理性校验」规则配置区域
4. 监控规则配置完成
5. 规则保存成功
6. 页面正常打开
7. 监控对象配置成功；
进入「监控规则」配置页
8. 引入正确，规则内容置灰，进入「调度属性」
9. 规则保存成功
10. 实例中子规则一结果通过，子规则二结果不通过，且实例详情展示正确","1. 
2. 
3. 
4. 
5. 
6. 
7. 
8. 
9. 
10.","","2","功能测试","功能测试阶段","正常","0","1","10","通过","听筠","2026-04-09","","0000-00-00","1","",""
"183145","数据资产_STD(#23)","/版本迭代测试用例/v6.4.10/【内置规则丰富】合理性，单表，字段值的计算关系对比(#10451)","【岚图】【内置规则丰富】合理性，单表，字段值的计算关系对比(#15529)","验证「监控规则」-「合理性校验」-「字段值计算对比」-「计算结果与字段对比」-「tinyint类型」校验功能","存在表A
CREATE TABLE IF NOT EXISTS lantu_test.A (
--数值型
field_tinyint TINYINT COMMENT &#039;TINYINT类型&#039;,
field_smallint SMALLINT COMMENT &#039;SMALLINT类型&#039;,
field_int INT COMMENT &#039;INT类型&#039;,
field_integer INTEGER COMMENT &#039;INTEGER类型&#039;,
field_bigint BIGINT COMMENT &#039;BIGINT类型&#039;,
field_float FLOAT COMMENT &#039;FLOAT类型&#039;,
field_double DOUBLE COMMENT &#039;DOUBLE类型&#039;,
field_decimal DECIMAL(10, 2) COMMENT &#039;DECIMAL类型&#039;,
field_numeric NUMERIC(15, 4) COMMENT &#039;NUMERIC类型&#039;,
-- STRING类型
string_number STRING COMMENT &#039;数字字符串&#039;,
string_chinese STRING COMMENT &#039;中文字符串&#039;,
string_english STRING COMMENT &#039;英文字符串&#039;,
field_date DATE COMMENT &#039;日期&#039;,
field_boolean BOOLEAN COMMENT &#039;布尔类型&#039;,
field_binary BINARY COMMENT &#039;二进制类型&#039;,
id INT COMMENT &#039;ID&#039;,
user_name STRING COMMENT &#039;用户名&#039;,
age TINYINT COMMENT &#039;年龄&#039;,
phone BIGINT COMMENT &#039;手机号&#039;,
email STRING COMMENT &#039;邮箱&#039;,
salary DECIMAL(10, 2) COMMENT &#039;薪资&#039;,
is_active BOOLEAN COMMENT &#039;是否激活&#039;,
address STRING COMMENT &#039;地址&#039;,
score FLOAT COMMENT &#039;评分&#039;,
total_amount DOUBLE COMMENT &#039;总金额&#039;
) COMMENT &#039;测试表A&#039;;
INSERT INTO lantu_test.A VALUES
(
1, 100, 10000, 100000, 1000000, 3.14, 3.1415926535,
12345.67, 98765.4321, &#039;12345&#039;, &#039;你好世界&#039;, &#039;Hello World&#039;,
DATE(&#039;2024-01-15&#039;), TRUE, X&#039;48656C6C6F&#039;, 1, &#039;张三&#039;, 25, 13812345678,
&#039;zhangsan@example.com&#039;, 8500.00, TRUE, &#039;北京市朝阳区&#039;, 4.8, 99999.99
),
(
2, 200, 20000, 200000, 2000000, 2.718, 2.718281828,
23456.78, 54321.9876, &#039;67890&#039;, &#039;测试数据&#039;, &#039;Test Data&#039;,
DATE(&#039;2024-02-20&#039;), FALSE, X&#039;576F726C64&#039;, 2, &#039;李四&#039;, 30, 13987654321,
&#039;lisi@example.com&#039;, 12000.00, FALSE, &#039;上海市浦东新区&#039;, 4.2, 150000.00
),
(
3, 50, 5000, 50000, 500000, 1.414, 1.414213562,
34567.89, 12345.6789, &#039;99999&#039;, &#039;示例数据&#039;, &#039;Sample Data&#039;,
DATE(&#039;2024-03-10&#039;), TRUE, X&#039;537061726B&#039;, 3, &#039;王五&#039;, 28, 13711223344,
&#039;wangwu@example.com&#039;, 9500.00, TRUE, &#039;广州市天河区&#039;, 4.5, 88000.00
);","1. 进入「资产-数据质量-规则集管理-基础信息」页面
2. 「选择数据源」选择「${DATASOURCE}」
「选择数据库」选择「${DATABASE}」
「选择数据表」选择「${TABLE}」
「规则包名称」填写「合理性-字段值计算对比」
3. 点击「新增规则包」-「合理性-字段值计算对比」，点击【添加规则-合理性校验】
4. 「监控规则」配置如下：
子规则一：
「字段」：「 field_tinyint」
「统计函数」：「 字段值计算对比」
「计算逻辑配置」：「field_smallint/field_int」
「对比方法」：「计算结果与字段对比」
「对比规则」：「 field_tinyint != field_smallint/field_int」
「强弱规则」选择「弱规则」
「规则描述」输入「测试规则」
子规则二：
「字段」：「 field_tinyint」
「统计函数」：「 字段值计算对比」
「计算逻辑配置」：「(field_smallint+field_integer)/field_smallint」
「对比方法」：「计算结果与字段对比」
「对比规则」：「 field_tinyint>=(field_smallint+field_integer)/field_smallint」
「强弱规则」选择「弱规则」
「规则描述」输入「测试规则」
5. 点击【保存】按钮
6. 进入「规则任务管理-监控对象」页面
7. 「规则名称」输入「test_rule」
「选择数据源」选择「${DATASOURCE}」
「选择数据库」选择「${DATABASE}」
「选择数据表」选择「${TABLE}」
8. 引入规则包「合理性-字段值计算对比」，点击「下一步」按钮
9. 配置「调度属性」，保存规则，且「调度属性」中配置「规则报告」为最新结果
10. 临时运行规则，查看实例详情","1. 页面正常打开
2. 基础信息配置成功；
进入「监控规则」配置页
3. 选择成功，页面显示「合理性校验」规则配置区域
4. 监控规则配置完成
5. 规则保存成功
6. 页面正常打开
7. 监控对象配置成功；
进入「监控规则」配置页
8. 引入正确，规则内容置灰，进入「调度属性」
9. 规则保存成功
10. 实例中子规则一结果通过，子规则二结果不通过，且实例详情展示正确","1. 
2. 
3. 
4. 
5. 
6. 
7. 
8. 
9. 
10.","","2","功能测试","功能测试阶段","正常","0","1","10","通过","听筠","2026-04-09","","0000-00-00","1","",""
"183144","数据资产_STD(#23)","/版本迭代测试用例/v6.4.10/【内置规则丰富】合理性，单表，字段值的计算关系对比(#10451)","【岚图】【内置规则丰富】合理性，单表，字段值的计算关系对比(#15529)","验证「监控规则」-「合理性校验」-「字段值计算对比」必填交互正确","存在表A
CREATE TABLE IF NOT EXISTS lantu_test.A (
--数值型
field_tinyint TINYINT COMMENT &#039;TINYINT类型&#039;,
field_smallint SMALLINT COMMENT &#039;SMALLINT类型&#039;,
field_int INT COMMENT &#039;INT类型&#039;,
field_integer INTEGER COMMENT &#039;INTEGER类型&#039;,
field_bigint BIGINT COMMENT &#039;BIGINT类型&#039;,
field_float FLOAT COMMENT &#039;FLOAT类型&#039;,
field_double DOUBLE COMMENT &#039;DOUBLE类型&#039;,
field_decimal DECIMAL(10, 2) COMMENT &#039;DECIMAL类型&#039;,
field_numeric NUMERIC(15, 4) COMMENT &#039;NUMERIC类型&#039;,
-- STRING类型
string_number STRING COMMENT &#039;数字字符串&#039;,
string_chinese STRING COMMENT &#039;中文字符串&#039;,
string_english STRING COMMENT &#039;英文字符串&#039;,
field_date DATE COMMENT &#039;日期&#039;,
field_boolean BOOLEAN COMMENT &#039;布尔类型&#039;,
field_binary BINARY COMMENT &#039;二进制类型&#039;,
id INT COMMENT &#039;ID&#039;,
user_name STRING COMMENT &#039;用户名&#039;,
age TINYINT COMMENT &#039;年龄&#039;,
phone BIGINT COMMENT &#039;手机号&#039;,
email STRING COMMENT &#039;邮箱&#039;,
salary DECIMAL(10, 2) COMMENT &#039;薪资&#039;,
is_active BOOLEAN COMMENT &#039;是否激活&#039;,
address STRING COMMENT &#039;地址&#039;,
score FLOAT COMMENT &#039;评分&#039;,
total_amount DOUBLE COMMENT &#039;总金额&#039;
) COMMENT &#039;测试表A&#039;;
INSERT INTO lantu_test.A VALUES
(
1, 100, 10000, 100000, 1000000, 3.14, 3.1415926535,
12345.67, 98765.4321, &#039;12345&#039;, &#039;你好世界&#039;, &#039;Hello World&#039;,
DATE(&#039;2024-01-15&#039;), TRUE, X&#039;48656C6C6F&#039;, 1, &#039;张三&#039;, 25, 13812345678,
&#039;zhangsan@example.com&#039;, 8500.00, TRUE, &#039;北京市朝阳区&#039;, 4.8, 99999.99
),
(
2, 200, 20000, 200000, 2000000, 2.718, 2.718281828,
23456.78, 54321.9876, &#039;67890&#039;, &#039;测试数据&#039;, &#039;Test Data&#039;,
DATE(&#039;2024-02-20&#039;), FALSE, X&#039;576F726C64&#039;, 2, &#039;李四&#039;, 30, 13987654321,
&#039;lisi@example.com&#039;, 12000.00, FALSE, &#039;上海市浦东新区&#039;, 4.2, 150000.00
),
(
3, 50, 5000, 50000, 500000, 1.414, 1.414213562,
34567.89, 12345.6789, &#039;99999&#039;, &#039;示例数据&#039;, &#039;Sample Data&#039;,
DATE(&#039;2024-03-10&#039;), TRUE, X&#039;537061726B&#039;, 3, &#039;王五&#039;, 28, 13711223344,
&#039;wangwu@example.com&#039;, 9500.00, TRUE, &#039;广州市天河区&#039;, 4.5, 88000.00
);","1. 未填写「计算逻辑配置」，点击保存
2. 未选择「对比方法」，点击保存
3. 进入「资产-数据质量-规则集管理-监控规则」页面
4. 点击【添加规则】按钮，选择「合理性校验」规则
5. 规则不配置任何内容，点击【保存】按钮
6. 正确配置「字段」、「统计函数」、「计算逻辑配置」、「对比方法」，点击【保存】按钮","1. 无法保存，计算逻辑提示必填
2. 无法保存，对比方法提示必填
3. 页面正常打开
4. 选择成功，页面显示「合理性校验」规则配置区域
5. 「字段」、「统计函数」、「计算逻辑配置」、「对比方法」标红提示未填写内容
6. 规则保存成功，无标红提示","1. 
2. 
3. 
4. 
5. 
6.","","3","功能测试","功能测试阶段","正常","0","2","6","通过","听筠","2026-04-09","","0000-00-00","1","",""
"183143","数据资产_STD(#23)","/版本迭代测试用例/v6.4.10/【内置规则丰富】合理性，单表，字段值的计算关系对比(#10451)","【岚图】【内置规则丰富】合理性，单表，字段值的计算关系对比(#15529)","验证「监控规则」-「合理性校验」-「字段值计算对比」-「计算结果值判断」校验不通过功能","存在表A
CREATE TABLE IF NOT EXISTS lantu_test.A (
--数值型
field_tinyint TINYINT COMMENT &#039;TINYINT类型&#039;,
field_smallint SMALLINT COMMENT &#039;SMALLINT类型&#039;,
field_int INT COMMENT &#039;INT类型&#039;,
field_integer INTEGER COMMENT &#039;INTEGER类型&#039;,
field_bigint BIGINT COMMENT &#039;BIGINT类型&#039;,
field_float FLOAT COMMENT &#039;FLOAT类型&#039;,
field_double DOUBLE COMMENT &#039;DOUBLE类型&#039;,
field_decimal DECIMAL(10, 2) COMMENT &#039;DECIMAL类型&#039;,
field_numeric NUMERIC(15, 4) COMMENT &#039;NUMERIC类型&#039;,
-- STRING类型
string_number STRING COMMENT &#039;数字字符串&#039;,
string_chinese STRING COMMENT &#039;中文字符串&#039;,
string_english STRING COMMENT &#039;英文字符串&#039;,
field_date DATE COMMENT &#039;日期&#039;,
field_boolean BOOLEAN COMMENT &#039;布尔类型&#039;,
field_binary BINARY COMMENT &#039;二进制类型&#039;,
id INT COMMENT &#039;ID&#039;,
user_name STRING COMMENT &#039;用户名&#039;,
age TINYINT COMMENT &#039;年龄&#039;,
phone BIGINT COMMENT &#039;手机号&#039;,
email STRING COMMENT &#039;邮箱&#039;,
salary DECIMAL(10, 2) COMMENT &#039;薪资&#039;,
is_active BOOLEAN COMMENT &#039;是否激活&#039;,
address STRING COMMENT &#039;地址&#039;,
score FLOAT COMMENT &#039;评分&#039;,
total_amount DOUBLE COMMENT &#039;总金额&#039;
) COMMENT &#039;测试表A&#039;;
INSERT INTO lantu_test.A VALUES
(
1, 100, 10000, 100000, 1000000, 3.14, 3.1415926535,
12345.67, 98765.4321, &#039;12345&#039;, &#039;你好世界&#039;, &#039;Hello World&#039;,
DATE(&#039;2024-01-15&#039;), TRUE, X&#039;48656C6C6F&#039;, 1, &#039;张三&#039;, 25, 13812345678,
&#039;zhangsan@example.com&#039;, 8500.00, TRUE, &#039;北京市朝阳区&#039;, 4.8, 99999.99
),
(
2, 200, 20000, 200000, 2000000, 2.718, 2.718281828,
23456.78, 54321.9876, &#039;67890&#039;, &#039;测试数据&#039;, &#039;Test Data&#039;,
DATE(&#039;2024-02-20&#039;), FALSE, X&#039;576F726C64&#039;, 2, &#039;李四&#039;, 30, 13987654321,
&#039;lisi@example.com&#039;, 12000.00, FALSE, &#039;上海市浦东新区&#039;, 4.2, 150000.00
),
(
3, 50, 5000, 50000, 500000, 1.414, 1.414213562,
34567.89, 12345.6789, &#039;99999&#039;, &#039;示例数据&#039;, &#039;Sample Data&#039;,
DATE(&#039;2024-03-10&#039;), TRUE, X&#039;537061726B&#039;, 3, &#039;王五&#039;, 28, 13711223344,
&#039;wangwu@example.com&#039;, 9500.00, TRUE, &#039;广州市天河区&#039;, 4.5, 88000.00
);","1. 进入「资产-数据质量-规则集管理-基础信息」页面
2. 「选择数据源」选择「${DATASOURCE}」
「选择数据库」选择「${DATABASE}」
「选择数据表」选择「${TABLE}」
「规则包名称」填写「合理性-字段值计算对比」
3. 点击「新增规则包」-「合理性-字段值计算对比」，点击【添加规则-合理性校验】
4. 「监控规则」配置如下：
「字段」：「 field_int 」
「统计函数」：「 字段值计算对比」
「计算逻辑配置」：「field_smallint/field_tinyint」
「对比方法」：「计算结果值判断」
「结果值」：「<100且=100」
「强弱规则」选择「弱规则」
「规则描述」输入「测试规则」
5. 点击【保存】按钮
6. 进入「规则任务管理-监控对象」页面
7. 「规则名称」输入「test_rule」
「选择数据源」选择「${DATASOURCE}」
「选择数据库」选择「${DATABASE}」
「选择数据表」选择「${TABLE}」
8. 引入规则包「合理性-字段值计算对比」，点击「下一步」按钮
9. 配置「调度属性」，保存规则，且「调度属性」中配置「规则报告」为最新结果
10. 临时运行规则，查看实例详情","1. 页面正常打开
2. 基础信息配置成功；
进入「监控规则」配置页
3. 选择成功，页面显示「合理性校验」规则配置区域
4. 监控规则配置完成
5. 规则保存成功
6. 页面正常打开
7. 监控对象配置成功；
进入「监控规则」配置页
8. 引入正确，规则内容置灰，进入「调度属性」
9. 规则保存成功
10. 实例运行结果不通过，且实例详情展示正确","1. 
2. 
3. 
4. 
5. 
6. 
7. 
8. 
9. 
10.","","1","功能测试","功能测试阶段","正常","0","3","10","通过","听筠","2026-04-09","","0000-00-00","1","",""
"183142","数据资产_STD(#23)","/版本迭代测试用例/v6.4.10/【内置规则丰富】合理性，单表，字段值的计算关系对比(#10451)","【岚图】【内置规则丰富】合理性，单表，字段值的计算关系对比(#15529)","验证「监控规则」-「合理性校验」-「字段值计算对比」-「计算结果值判断」校验通过功能","存在表A
CREATE TABLE IF NOT EXISTS lantu_test.A (
--数值型
field_tinyint TINYINT COMMENT &#039;TINYINT类型&#039;,
field_smallint SMALLINT COMMENT &#039;SMALLINT类型&#039;,
field_int INT COMMENT &#039;INT类型&#039;,
field_integer INTEGER COMMENT &#039;INTEGER类型&#039;,
field_bigint BIGINT COMMENT &#039;BIGINT类型&#039;,
field_float FLOAT COMMENT &#039;FLOAT类型&#039;,
field_double DOUBLE COMMENT &#039;DOUBLE类型&#039;,
field_decimal DECIMAL(10, 2) COMMENT &#039;DECIMAL类型&#039;,
field_numeric NUMERIC(15, 4) COMMENT &#039;NUMERIC类型&#039;,
-- STRING类型
string_number STRING COMMENT &#039;数字字符串&#039;,
string_chinese STRING COMMENT &#039;中文字符串&#039;,
string_english STRING COMMENT &#039;英文字符串&#039;,
field_date DATE COMMENT &#039;日期&#039;,
field_boolean BOOLEAN COMMENT &#039;布尔类型&#039;,
field_binary BINARY COMMENT &#039;二进制类型&#039;,
id INT COMMENT &#039;ID&#039;,
user_name STRING COMMENT &#039;用户名&#039;,
age TINYINT COMMENT &#039;年龄&#039;,
phone BIGINT COMMENT &#039;手机号&#039;,
email STRING COMMENT &#039;邮箱&#039;,
salary DECIMAL(10, 2) COMMENT &#039;薪资&#039;,
is_active BOOLEAN COMMENT &#039;是否激活&#039;,
address STRING COMMENT &#039;地址&#039;,
score FLOAT COMMENT &#039;评分&#039;,
total_amount DOUBLE COMMENT &#039;总金额&#039;
) COMMENT &#039;测试表A&#039;;
INSERT INTO lantu_test.A VALUES
(
1, 100, 10000, 100000, 1000000, 3.14, 3.1415926535,
12345.67, 98765.4321, &#039;12345&#039;, &#039;你好世界&#039;, &#039;Hello World&#039;,
DATE(&#039;2024-01-15&#039;), TRUE, X&#039;48656C6C6F&#039;, 1, &#039;张三&#039;, 25, 13812345678,
&#039;zhangsan@example.com&#039;, 8500.00, TRUE, &#039;北京市朝阳区&#039;, 4.8, 99999.99
),
(
2, 200, 20000, 200000, 2000000, 2.718, 2.718281828,
23456.78, 54321.9876, &#039;67890&#039;, &#039;测试数据&#039;, &#039;Test Data&#039;,
DATE(&#039;2024-02-20&#039;), FALSE, X&#039;576F726C64&#039;, 2, &#039;李四&#039;, 30, 13987654321,
&#039;lisi@example.com&#039;, 12000.00, FALSE, &#039;上海市浦东新区&#039;, 4.2, 150000.00
),
(
3, 50, 5000, 50000, 500000, 1.414, 1.414213562,
34567.89, 12345.6789, &#039;99999&#039;, &#039;示例数据&#039;, &#039;Sample Data&#039;,
DATE(&#039;2024-03-10&#039;), TRUE, X&#039;537061726B&#039;, 3, &#039;王五&#039;, 28, 13711223344,
&#039;wangwu@example.com&#039;, 9500.00, TRUE, &#039;广州市天河区&#039;, 4.5, 88000.00
);","1. 进入「资产-数据质量-规则集管理-基础信息」页面
2. 「选择数据源」选择「${DATASOURCE}」
「选择数据库」选择「${DATABASE}」
「选择数据表」选择「${TABLE}」
「规则包名称」填写「合理性-字段值计算对比」
3. 点击「新增规则包」-「合理性-字段值计算对比」，点击【添加规则-合理性校验】
4. 「监控规则」配置如下：
「字段」：「 field_int 」
「统计函数」：「 字段值计算对比」
「计算逻辑配置」：「field_tinyint*field_smallint」
「对比方法」：「计算结果值判断」
「结果值」：「 >=100或!=1」
「强弱规则」选择「弱规则」
「规则描述」输入「测试规则」
5. 点击【保存】按钮
6. 进入「规则任务管理-监控对象」页面
7. 「规则名称」输入「test_rule」
「选择数据源」选择「${DATASOURCE}」
「选择数据库」选择「${DATABASE}」
「选择数据表」选择「${TABLE}」
8. 引入规则包「合理性-字段值计算对比」，点击「下一步」按钮
9. 配置「调度属性」，保存规则，且「调度属性」中配置「规则报告」为最新结果
10. 临时运行规则，查看实例详情","1. 页面正常打开
2. 基础信息配置成功；
进入「监控规则」配置页
3. 选择成功，页面显示「合理性校验」规则配置区域
4. 监控规则配置完成
5. 规则保存成功
6. 页面正常打开
7. 监控对象配置成功；
进入「监控规则」配置页
8. 引入正确，规则内容置灰，进入「调度属性」
9. 规则保存成功
10. 实例运行结果通过，且实例详情展示正确","1. 
2. 
3. 
4. 
5. 
6. 
7. 
8. 
9. 
10.","","1","功能测试","功能测试阶段","正常","0","3","10","通过","听筠","2026-04-09","","0000-00-00","1","",""
"183141","数据资产_STD(#23)","/版本迭代测试用例/v6.4.10/【内置规则丰富】合理性，单表，字段值的计算关系对比(#10451)","【岚图】【内置规则丰富】合理性，单表，字段值的计算关系对比(#15529)","验证「监控规则」-「合理性校验」-「字段值计算对比」-「计算结果与字段对比」校验不通过功能","存在表A
CREATE TABLE IF NOT EXISTS lantu_test.A (
--数值型
field_tinyint TINYINT COMMENT &#039;TINYINT类型&#039;,
field_smallint SMALLINT COMMENT &#039;SMALLINT类型&#039;,
field_int INT COMMENT &#039;INT类型&#039;,
field_integer INTEGER COMMENT &#039;INTEGER类型&#039;,
field_bigint BIGINT COMMENT &#039;BIGINT类型&#039;,
field_float FLOAT COMMENT &#039;FLOAT类型&#039;,
field_double DOUBLE COMMENT &#039;DOUBLE类型&#039;,
field_decimal DECIMAL(10, 2) COMMENT &#039;DECIMAL类型&#039;,
field_numeric NUMERIC(15, 4) COMMENT &#039;NUMERIC类型&#039;,
-- STRING类型
string_number STRING COMMENT &#039;数字字符串&#039;,
string_chinese STRING COMMENT &#039;中文字符串&#039;,
string_english STRING COMMENT &#039;英文字符串&#039;,
field_date DATE COMMENT &#039;日期&#039;,
field_boolean BOOLEAN COMMENT &#039;布尔类型&#039;,
field_binary BINARY COMMENT &#039;二进制类型&#039;,
id INT COMMENT &#039;ID&#039;,
user_name STRING COMMENT &#039;用户名&#039;,
age TINYINT COMMENT &#039;年龄&#039;,
phone BIGINT COMMENT &#039;手机号&#039;,
email STRING COMMENT &#039;邮箱&#039;,
salary DECIMAL(10, 2) COMMENT &#039;薪资&#039;,
is_active BOOLEAN COMMENT &#039;是否激活&#039;,
address STRING COMMENT &#039;地址&#039;,
score FLOAT COMMENT &#039;评分&#039;,
total_amount DOUBLE COMMENT &#039;总金额&#039;
) COMMENT &#039;测试表A&#039;;
INSERT INTO lantu_test.A VALUES
(
1, 100, 10000, 100000, 1000000, 3.14, 3.1415926535,
12345.67, 98765.4321, &#039;12345&#039;, &#039;你好世界&#039;, &#039;Hello World&#039;,
DATE(&#039;2024-01-15&#039;), TRUE, X&#039;48656C6C6F&#039;, 1, &#039;张三&#039;, 25, 13812345678,
&#039;zhangsan@example.com&#039;, 8500.00, TRUE, &#039;北京市朝阳区&#039;, 4.8, 99999.99
),
(
2, 200, 20000, 200000, 2000000, 2.718, 2.718281828,
23456.78, 54321.9876, &#039;67890&#039;, &#039;测试数据&#039;, &#039;Test Data&#039;,
DATE(&#039;2024-02-20&#039;), FALSE, X&#039;576F726C64&#039;, 2, &#039;李四&#039;, 30, 13987654321,
&#039;lisi@example.com&#039;, 12000.00, FALSE, &#039;上海市浦东新区&#039;, 4.2, 150000.00
),
(
3, 50, 5000, 50000, 500000, 1.414, 1.414213562,
34567.89, 12345.6789, &#039;99999&#039;, &#039;示例数据&#039;, &#039;Sample Data&#039;,
DATE(&#039;2024-03-10&#039;), TRUE, X&#039;537061726B&#039;, 3, &#039;王五&#039;, 28, 13711223344,
&#039;wangwu@example.com&#039;, 9500.00, TRUE, &#039;广州市天河区&#039;, 4.5, 88000.00
);","1. 进入「资产-数据质量-规则集管理-基础信息」页面
2. 「选择数据源」选择「${DATASOURCE}」
「选择数据库」选择「${DATABASE}」
「选择数据表」选择「${TABLE}」
「规则包名称」填写「合理性-字段值计算对比」
3. 点击「新增规则包」-「合理性-字段值计算对比」，点击【添加规则-合理性校验】
4. 「监控规则」配置如下：
「字段」：「 field_int 」
「统计函数」：「 字段值计算对比」
「计算逻辑配置」：「field_smallint-field_tinyint」
「对比方法」：「计算结果与字段对比」
「对比规则」：「 field_int <field_smallint-field_tinyint」
「强弱规则」选择「弱规则」
「规则描述」输入「测试规则」
5. 点击【保存】按钮
6. 进入「规则任务管理-监控对象」页面
7. 「规则名称」输入「test_rule」
「选择数据源」选择「${DATASOURCE}」
「选择数据库」选择「${DATABASE}」
「选择数据表」选择「${TABLE}」
8. 引入规则包「合理性-字段值计算对比」，点击「下一步」按钮
9. 配置「调度属性」，保存规则，且「调度属性」中配置「规则报告」为最新结果
10. 临时运行规则，查看实例详情","1. 页面正常打开
2. 基础信息配置成功；
进入「监控规则」配置页
3. 选择成功，页面显示「合理性校验」规则配置区域
4. 监控规则配置完成
5. 规则保存成功
6. 页面正常打开
7. 监控对象配置成功；
进入「监控规则」配置页
8. 引入正确，规则内容置灰，进入「调度属性」
9. 规则保存成功
10. 实例运行结果不通过，且实例详情展示正确","1. 
2. 
3. 
4. 
5. 
6. 
7. 
8. 
9. 
10.","","1","功能测试","功能测试阶段","正常","0","3","10","通过","听筠","2026-04-09","","0000-00-00","1","",""
"183140","数据资产_STD(#23)","/版本迭代测试用例/v6.4.10/【内置规则丰富】合理性，单表，字段值的计算关系对比(#10451)","【岚图】【内置规则丰富】合理性，单表，字段值的计算关系对比(#15529)","验证「监控规则」-「合理性校验」-「字段值计算对比」-「计算结果与字段对比」校验通过功能","存在表A
CREATE TABLE IF NOT EXISTS lantu_test.A (
--数值型
field_tinyint TINYINT COMMENT &#039;TINYINT类型&#039;,
field_smallint SMALLINT COMMENT &#039;SMALLINT类型&#039;,
field_int INT COMMENT &#039;INT类型&#039;,
field_integer INTEGER COMMENT &#039;INTEGER类型&#039;,
field_bigint BIGINT COMMENT &#039;BIGINT类型&#039;,
field_float FLOAT COMMENT &#039;FLOAT类型&#039;,
field_double DOUBLE COMMENT &#039;DOUBLE类型&#039;,
field_decimal DECIMAL(10, 2) COMMENT &#039;DECIMAL类型&#039;,
field_numeric NUMERIC(15, 4) COMMENT &#039;NUMERIC类型&#039;,
-- STRING类型
string_number STRING COMMENT &#039;数字字符串&#039;,
string_chinese STRING COMMENT &#039;中文字符串&#039;,
string_english STRING COMMENT &#039;英文字符串&#039;,
field_date DATE COMMENT &#039;日期&#039;,
field_boolean BOOLEAN COMMENT &#039;布尔类型&#039;,
field_binary BINARY COMMENT &#039;二进制类型&#039;,
id INT COMMENT &#039;ID&#039;,
user_name STRING COMMENT &#039;用户名&#039;,
age TINYINT COMMENT &#039;年龄&#039;,
phone BIGINT COMMENT &#039;手机号&#039;,
email STRING COMMENT &#039;邮箱&#039;,
salary DECIMAL(10, 2) COMMENT &#039;薪资&#039;,
is_active BOOLEAN COMMENT &#039;是否激活&#039;,
address STRING COMMENT &#039;地址&#039;,
score FLOAT COMMENT &#039;评分&#039;,
total_amount DOUBLE COMMENT &#039;总金额&#039;
) COMMENT &#039;测试表A&#039;;
INSERT INTO lantu_test.A VALUES
(
1, 100, 10000, 100000, 1000000, 3.14, 3.1415926535,
12345.67, 98765.4321, &#039;12345&#039;, &#039;你好世界&#039;, &#039;Hello World&#039;,
DATE(&#039;2024-01-15&#039;), TRUE, X&#039;48656C6C6F&#039;, 1, &#039;张三&#039;, 25, 13812345678,
&#039;zhangsan@example.com&#039;, 8500.00, TRUE, &#039;北京市朝阳区&#039;, 4.8, 99999.99
),
(
2, 200, 20000, 200000, 2000000, 2.718, 2.718281828,
23456.78, 54321.9876, &#039;67890&#039;, &#039;测试数据&#039;, &#039;Test Data&#039;,
DATE(&#039;2024-02-20&#039;), FALSE, X&#039;576F726C64&#039;, 2, &#039;李四&#039;, 30, 13987654321,
&#039;lisi@example.com&#039;, 12000.00, FALSE, &#039;上海市浦东新区&#039;, 4.2, 150000.00
),
(
3, 50, 5000, 50000, 500000, 1.414, 1.414213562,
34567.89, 12345.6789, &#039;99999&#039;, &#039;示例数据&#039;, &#039;Sample Data&#039;,
DATE(&#039;2024-03-10&#039;), TRUE, X&#039;537061726B&#039;, 3, &#039;王五&#039;, 28, 13711223344,
&#039;wangwu@example.com&#039;, 9500.00, TRUE, &#039;广州市天河区&#039;, 4.5, 88000.00
);","1. 进入「资产-数据质量-规则集管理-基础信息」页面
2. 「选择数据源」选择「${DATASOURCE}」
「选择数据库」选择「${DATABASE}」
「选择数据表」选择「${TABLE}」
「规则包名称」填写「合理性-字段值计算对比」
3. 点击「新增规则包」-「合理性-字段值计算对比」，点击【添加规则-合理性校验】
4. 「监控规则」配置如下：
「字段」：「 field_int 」
「统计函数」：「 字段值计算对比」
「计算逻辑配置」：「field_tinyint+field_smallint」
「对比方法」：「计算结果与字段对比」
「对比规则」：「 field_int >field_tinyint +field_smallint」
「强弱规则」选择「弱规则」
「规则描述」输入「测试规则」
5. 点击【保存】按钮
6. 进入「规则任务管理-监控对象」页面
7. 「规则名称」输入「test_rule」
「选择数据源」选择「${DATASOURCE}」
「选择数据库」选择「${DATABASE}」
「选择数据表」选择「${TABLE}」
8. 引入规则包「合理性-字段值计算对比」，点击「下一步」按钮
9. 配置「调度属性」，保存规则，且「调度属性」中配置「规则报告」为最新结果
10. 临时运行规则，查看实例详情","1. 页面正常打开
2. 基础信息配置成功；
进入「监控规则」配置页
3. 选择成功，页面显示「合理性校验」规则配置区域
4. 监控规则配置完成
5. 规则保存成功
6. 页面正常打开
7. 监控对象配置成功；
进入「监控规则」配置页
8. 引入正确，规则内容置灰，进入「调度属性」
9. 规则保存成功
10. 实例运行结果通过，且实例详情展示正确","1. 
2. 
3. 
4. 
5. 
6. 
7. 
8. 
9. 
10.","","1","功能测试","功能测试阶段","正常","0","3","10","通过","听筠","2026-04-09","","0000-00-00","1","",""
"183139","数据资产_STD(#23)","/版本迭代测试用例/v6.4.10/【内置规则丰富】合理性，单表，字段值的计算关系对比(#10451)","【岚图】【内置规则丰富】合理性，单表，字段值的计算关系对比(#15529)","验证「监控规则」-「合理性校验」-「字段值计算对比」-「计算逻辑配置」弹窗页清除配置的逻辑内容功能正确","存在表A
CREATE TABLE IF NOT EXISTS lantu_test.A (
--数值型
field_tinyint TINYINT COMMENT &#039;TINYINT类型&#039;,
field_smallint SMALLINT COMMENT &#039;SMALLINT类型&#039;,
field_int INT COMMENT &#039;INT类型&#039;,
field_integer INTEGER COMMENT &#039;INTEGER类型&#039;,
field_bigint BIGINT COMMENT &#039;BIGINT类型&#039;,
field_float FLOAT COMMENT &#039;FLOAT类型&#039;,
field_double DOUBLE COMMENT &#039;DOUBLE类型&#039;,
field_decimal DECIMAL(10, 2) COMMENT &#039;DECIMAL类型&#039;,
field_numeric NUMERIC(15, 4) COMMENT &#039;NUMERIC类型&#039;,
-- STRING类型
string_number STRING COMMENT &#039;数字字符串&#039;,
string_chinese STRING COMMENT &#039;中文字符串&#039;,
string_english STRING COMMENT &#039;英文字符串&#039;,
field_date DATE COMMENT &#039;日期&#039;,
field_boolean BOOLEAN COMMENT &#039;布尔类型&#039;,
field_binary BINARY COMMENT &#039;二进制类型&#039;,
id INT COMMENT &#039;ID&#039;,
user_name STRING COMMENT &#039;用户名&#039;,
age TINYINT COMMENT &#039;年龄&#039;,
phone BIGINT COMMENT &#039;手机号&#039;,
email STRING COMMENT &#039;邮箱&#039;,
salary DECIMAL(10, 2) COMMENT &#039;薪资&#039;,
is_active BOOLEAN COMMENT &#039;是否激活&#039;,
address STRING COMMENT &#039;地址&#039;,
score FLOAT COMMENT &#039;评分&#039;,
total_amount DOUBLE COMMENT &#039;总金额&#039;
) COMMENT &#039;测试表A&#039;;
INSERT INTO lantu_test.A VALUES
(
1, 100, 10000, 100000, 1000000, 3.14, 3.1415926535,
12345.67, 98765.4321, &#039;12345&#039;, &#039;你好世界&#039;, &#039;Hello World&#039;,
DATE(&#039;2024-01-15&#039;), TRUE, X&#039;48656C6C6F&#039;, 1, &#039;张三&#039;, 25, 13812345678,
&#039;zhangsan@example.com&#039;, 8500.00, TRUE, &#039;北京市朝阳区&#039;, 4.8, 99999.99
),
(
2, 200, 20000, 200000, 2000000, 2.718, 2.718281828,
23456.78, 54321.9876, &#039;67890&#039;, &#039;测试数据&#039;, &#039;Test Data&#039;,
DATE(&#039;2024-02-20&#039;), FALSE, X&#039;576F726C64&#039;, 2, &#039;李四&#039;, 30, 13987654321,
&#039;lisi@example.com&#039;, 12000.00, FALSE, &#039;上海市浦东新区&#039;, 4.2, 150000.00
),
(
3, 50, 5000, 50000, 500000, 1.414, 1.414213562,
34567.89, 12345.6789, &#039;99999&#039;, &#039;示例数据&#039;, &#039;Sample Data&#039;,
DATE(&#039;2024-03-10&#039;), TRUE, X&#039;537061726B&#039;, 3, &#039;王五&#039;, 28, 13711223344,
&#039;wangwu@example.com&#039;, 9500.00, TRUE, &#039;广州市天河区&#039;, 4.5, 88000.00
);","1. 进入「资产-数据质量-规则集管理-监控规则」页面
2. 添加「合理性校验-字段值计算对比」规则
3. 点击「设置」图标按钮
4. 在弹窗「字段」搜索区域，搜索并点击：field_tinyint、field_smallint
5. 手动输入计算符号，拼接为：（field_tinyint+field_smallint）*field_smallint
6. 点击「清除」图标","1. 页面正常进入
2. 规则正常添加
3. 弹出「计算逻辑配置」弹窗
4. field_tinyint、field_smallint字段自动填充到左边编辑框中
5. 拼接成功
6. 内容被成功全部清除","1. 
2. 
3. 
4. 
5. 
6.","","3","功能测试","功能测试阶段","正常","0","1","6","通过","听筠","2026-04-09","","0000-00-00","1","",""
"183138","数据资产_STD(#23)","/版本迭代测试用例/v6.4.10/【内置规则丰富】合理性，单表，字段值的计算关系对比(#10451)","【岚图】【内置规则丰富】合理性，单表，字段值的计算关系对比(#15529)","验证「监控规则」-「合理性校验」-「字段值计算对比」-「计算逻辑配置」自动填充逻辑正确","存在表A
CREATE TABLE IF NOT EXISTS lantu_test.A (
--数值型
field_tinyint TINYINT COMMENT &#039;TINYINT类型&#039;,
field_smallint SMALLINT COMMENT &#039;SMALLINT类型&#039;,
field_int INT COMMENT &#039;INT类型&#039;,
field_integer INTEGER COMMENT &#039;INTEGER类型&#039;,
field_bigint BIGINT COMMENT &#039;BIGINT类型&#039;,
field_float FLOAT COMMENT &#039;FLOAT类型&#039;,
field_double DOUBLE COMMENT &#039;DOUBLE类型&#039;,
field_decimal DECIMAL(10, 2) COMMENT &#039;DECIMAL类型&#039;,
field_numeric NUMERIC(15, 4) COMMENT &#039;NUMERIC类型&#039;,
-- STRING类型
string_number STRING COMMENT &#039;数字字符串&#039;,
string_chinese STRING COMMENT &#039;中文字符串&#039;,
string_english STRING COMMENT &#039;英文字符串&#039;,
field_date DATE COMMENT &#039;日期&#039;,
field_boolean BOOLEAN COMMENT &#039;布尔类型&#039;,
field_binary BINARY COMMENT &#039;二进制类型&#039;,
id INT COMMENT &#039;ID&#039;,
user_name STRING COMMENT &#039;用户名&#039;,
age TINYINT COMMENT &#039;年龄&#039;,
phone BIGINT COMMENT &#039;手机号&#039;,
email STRING COMMENT &#039;邮箱&#039;,
salary DECIMAL(10, 2) COMMENT &#039;薪资&#039;,
is_active BOOLEAN COMMENT &#039;是否激活&#039;,
address STRING COMMENT &#039;地址&#039;,
score FLOAT COMMENT &#039;评分&#039;,
total_amount DOUBLE COMMENT &#039;总金额&#039;
) COMMENT &#039;测试表A&#039;;
INSERT INTO lantu_test.A VALUES
(
1, 100, 10000, 100000, 1000000, 3.14, 3.1415926535,
12345.67, 98765.4321, &#039;12345&#039;, &#039;你好世界&#039;, &#039;Hello World&#039;,
DATE(&#039;2024-01-15&#039;), TRUE, X&#039;48656C6C6F&#039;, 1, &#039;张三&#039;, 25, 13812345678,
&#039;zhangsan@example.com&#039;, 8500.00, TRUE, &#039;北京市朝阳区&#039;, 4.8, 99999.99
),
(
2, 200, 20000, 200000, 2000000, 2.718, 2.718281828,
23456.78, 54321.9876, &#039;67890&#039;, &#039;测试数据&#039;, &#039;Test Data&#039;,
DATE(&#039;2024-02-20&#039;), FALSE, X&#039;576F726C64&#039;, 2, &#039;李四&#039;, 30, 13987654321,
&#039;lisi@example.com&#039;, 12000.00, FALSE, &#039;上海市浦东新区&#039;, 4.2, 150000.00
),
(
3, 50, 5000, 50000, 500000, 1.414, 1.414213562,
34567.89, 12345.6789, &#039;99999&#039;, &#039;示例数据&#039;, &#039;Sample Data&#039;,
DATE(&#039;2024-03-10&#039;), TRUE, X&#039;537061726B&#039;, 3, &#039;王五&#039;, 28, 13711223344,
&#039;wangwu@example.com&#039;, 9500.00, TRUE, &#039;广州市天河区&#039;, 4.5, 88000.00
);","1. 进入「资产-数据质量-规则集管理-监控规则」页面
2. 添加「合理性校验-字段值计算对比」规则
3. 点击「设置」图标按钮
4. 在弹窗「字段」搜索区域，搜索并点击：field_tinyint、field_smallint
5. 点击“+”
6. 点击【确定】按钮","1. 页面正常进入
2. 规则正常添加
3. 弹出「计算逻辑配置」弹窗
4. field_tinyint、field_smallint字段自动填充到左边编辑框中
5. 两字段拼接为field_tinyint field_smallint+
6. 规则区域的「计算逻辑配置」自动填充为“field_tinyint+field_smallint”","1. 
2. 
3. 
4. 
5. 
6.","","1","功能测试","功能测试阶段","正常","0","3","6","通过","听筠","2026-04-09","","0000-00-00","1","",""
"183137","数据资产_STD(#23)","/版本迭代测试用例/v6.4.10/【内置规则丰富】合理性，单表，字段值的计算关系对比(#10451)","【岚图】【内置规则丰富】合理性，单表，字段值的计算关系对比(#15529)","验证「监控规则」-「合理性校验」-「字段值计算对比」-「字段」配置下拉项正确","无","1. 进入「资产-数据质量-规则集管理-监控规则」页面
2. 点击【添加规则】按钮，选择「合理性校验」规则
3. 配置「统计函数」为「字段值计算对比」
4. 点击「字段」，查看下拉项
5. 点击「设置」图标按钮
6. 点击「字段」，搜索字段","1. 页面正常打开
2. 选择成功，页面显示「合理性校验」规则配置区域
3. 选择成功
4. 仅展示
1）数值型字段（TINYINT/SMALLINT/INT/BIGINT/FLOAT/DOUBLE/DECIMAL等）
2）string类型字段
5. 弹出「计算逻辑配置」弹窗
6. 仅支持搜索到
1）数值型字段（TINYINT/SMALLINT/INT/BIGINT/FLOAT/DOUBLE/DECIMAL等）
2）string类型字段，附带强转为double的信息","1. 
2. 
3. 
4. 
5. 
6.","","1","功能测试","功能测试阶段","正常","0","3","6","通过","听筠","2026-04-09","","0000-00-00","1","",""
"183136","数据资产_STD(#23)","/版本迭代测试用例/v6.4.10/【内置规则丰富】合理性，单表，字段值的计算关系对比(#10451)","【岚图】【内置规则丰富】合理性，单表，字段值的计算关系对比(#15529)","验证「监控规则」-「合理性校验」-「字段值计算对比」-「计算结果值判断」区域详情正确","无","1. 进入「资产-数据质量-规则集管理-监控规则」页面
2. 点击【添加规则】按钮，选择「合理性校验」规则
3. 查看配置区域详情
4. 点击「设置」图标按钮
5. 查看弹窗详情","1. 页面正常打开
2. 选择成功，页面显示「合理性校验」规则配置区域
3. 包含：
1）「字段」，下拉框，可选择对应数据表下的数值型和string类型字段
2）「统计函数」，下拉框，可选择「字段值计算对比」
3）「过滤条件」，填写框，可选择「选项配置」、「手动配置」
4）「计算逻辑配置」，内容根据配置自动填充
5）「设置」图标按钮，可点击
6）「对比方法」，下拉框，可选择「计算结果值判断」
7）「结果值大小配置」，可配置「结果值 >/>=/</<=/=/!=  xx  且/或   >/>=/</<=/=/!=  xx」
8）「强弱规则」，可选择强/弱规则
9）「规则描述」，填写框
10）「保存」和「取消」按钮
4. 弹出「计算逻辑配置」弹窗
5. 1）分为左右两边区域
2）左边区域最上方为「“+”、“-”、“*”、“/”、“（”、“）”、“清除标”」，下方为字段计算配置编辑区域
3）右边区域为「字段搜索」区域，可输入字段关键词进行搜索并选择","1. 
2. 
3. 
4. 
5.","","3","功能测试","功能测试阶段","正常","0","1","5","通过","听筠","2026-04-09","","0000-00-00","1","",""
"183135","数据资产_STD(#23)","/版本迭代测试用例/v6.4.10/【内置规则丰富】合理性，单表，字段值的计算关系对比(#10451)","【岚图】【内置规则丰富】合理性，单表，字段值的计算关系对比(#15529)","验证「监控规则」-「合理性校验」-「字段值计算对比」-「计算结果与字段对比」区域详情正确","无","1. 进入「资产-数据质量-规则集管理-监控规则」页面
2. 点击【添加规则】按钮，选择「合理性校验」规则
3. 查看配置区域详情
4. 点击「设置」图标按钮
5. 查看弹窗详情","1. 页面正常打开
2. 选择成功，页面显示「合理性校验」规则配置区域
3. 包含：
1）「字段」，下拉框，可选择对应数据表下的数值型和string类型字段
2）「统计函数」，下拉框，可选择「字段值计算对比」
3）「过滤条件」，填写框，可选择「选项配置」、「手动配置」
4）「计算逻辑配置」，内容根据配置自动填充
5）「设置」图标按钮，可点击
6）「对比方法」，下拉框，可选择「计算结果与字段对比」
7）「对比规则」，可配置「xx  >/>=/</<=/=/!=  xxxx」
8）「强弱规则」，可选择强/弱规则
9）「规则描述」，填写框
10）「保存」和「取消」按钮
4. 弹出「计算逻辑配置」弹窗
5. 1）分为左右两边区域
2）左边区域最上方为「“+”、“-”、“*”、“/”、“（”、“）”、“清除标”」，下方为字段计算配置编辑区域
3）右边区域为「字段搜索」区域，可输入字段关键词进行搜索并选择","1. 
2. 
3. 
4. 
5.","","3","功能测试","功能测试阶段","正常","0","1","5","通过","听筠","2026-04-09","","0000-00-00","1","",""
"183134","数据资产_STD(#23)","/版本迭代测试用例/v6.4.10/【内置规则丰富】合理性，单表，字段值的计算关系对比(#10451)","【岚图】【内置规则丰富】合理性，单表，字段值的计算关系对比(#15529)","验证「监控规则」-「合理性校验」新增「字段值计算对比」统计函数","无","1. 进入「资产-数据质量-规则集管理-基础信息」页面
2. 「选择数据源」选择「${DATASOURCE}」
「选择数据库」选择「${DATABASE}」
「选择数据表」选择「${TABLE}」
「规则包名称」填写「合理性-字段值计算对比」
3. 点击「新增规则包」-「合理性-字段值计算对比」，点击【添加规则-合理性校验】
4. 点击「合理性校验-统计函数」下拉框","1. 页面正常打开
2. 基础信息配置成功；
进入「监控规则」配置页
3. 选择成功，页面显示「合理性校验」规则配置区域
4. 显示「字段值计算对比」项","1. 
2. 
3. 
4.","","1","功能测试","功能测试阶段","正常","0","4","4","通过","听筠","2026-04-09","","0000-00-00","1","",""
"182425","数据资产_STD(#23)","/版本迭代测试用例/v6.4.10/【内置规则丰富】一致性，多表数据一致性校验(#10353)","【岚图】【内置规则丰富】一致性，多表数据一致性校验(#15525)","验证「监控规则」新增「一致性校验」规则类型","已存在spark表A
CREATE TABLE IF NOT EXISTS
tableA (
create_date DATE COMMENT &#039;日期类型&#039;,
update_datetime TIMESTAMP COMMENT &#039;日期时间类型（替代原DATETIME）&#039;,
work_time STRING COMMENT &#039;时间类型（Spark无TIME类型，用STRING存储HH:mm:ss）&#039;,
sync_timestamp TIMESTAMP COMMENT &#039;时间戳类型&#039;,
date_str_ymd STRING COMMENT &#039;字符串日期(yyyy-MM-dd)，强转DATE&#039;,
date_str_ymd_hms STRING COMMENT &#039;字符串日期时间(yyyy-MM-dd HH:mm:ss)，强转TIMESTAMP&#039;,
date_str_mdy STRING COMMENT &#039;字符串时间(HH:mm:ss)，强转STRING（Spark无TIME类型）&#039;,
date_str_ymd_hms_ms STRING COMMENT &#039;字符串日期时间(yyyy-MM-dd HH:mm:ss.SSS)，强转TIMESTAMP&#039;,
date_str_irregular STRING COMMENT &#039;字符串日期(非标准格式，如20260204)，强转DATE&#039;,
id INT COMMENT &#039;主键ID&#039;,
user_name STRING COMMENT &#039;用户名（Spark中VARCHAR等价于STRING）&#039;,
age TINYINT COMMENT &#039;年龄&#039;,
phone BIGINT COMMENT &#039;手机号&#039;,
email STRING COMMENT &#039;邮箱&#039;,
salary DECIMAL(10, 2) COMMENT &#039;薪资&#039;,
is_active BOOLEAN COMMENT &#039;是否激活&#039;,
address STRING COMMENT &#039;地址&#039;,
score FLOAT COMMENT &#039;评分&#039;,
total_amount DOUBLE COMMENT &#039;总金额&#039;
) COMMENT &#039;时效性校验表&#039;;

INSERT INTO tableA (
create_date,
update_datetime,
work_time,
sync_timestamp,
date_str_ymd,
date_str_ymd_hms,
date_str_mdy,
date_str_ymd_hms_ms,
date_str_irregular,
id,
user_name,
age,
phone,
email,
salary,
is_active,
address,
score,
total_amount
)
VALUES
(
DATE &#039;2026-02-26&#039;,
TIMESTAMP &#039;2026-02-26 09:45:17&#039;,
&#039;08:30:00&#039;,
CURRENT_TIMESTAMP(),
&#039;2026-02-26&#039;,
&#039;2026-02-26 09:45:17&#039;,
&#039;18:20:30&#039;,
&#039;2026-02-26 09:45:17.123&#039;,
&#039;20260226&#039;,
1,
&#039;zhangsan&#039;,
25,
13800138000,
&#039;zhangsan@example.com&#039;,
15000.50,
TRUE,
&#039;北京市海淀区中关村&#039;,
95.5,
123456.789
),
(
DATE &#039;2026-01-01&#039;,
TIMESTAMP &#039;2026-12-31 23:59:59&#039;,
&#039;23:59:59&#039;,
TIMESTAMP &#039;2026-02-26 12:00:00&#039;,
&#039;2026-01-01&#039;,
&#039;2026-12-31 23:59:59&#039;,
&#039;00:00:00&#039;,
&#039;2026-02-26 12:34:56.789&#039;,
&#039;20260101&#039;,
2,
&#039;lisi&#039;,
30,
13900139000,
&#039;lisi@example.com&#039;,
20000.00,
FALSE,
&#039;上海市浦东新区陆家嘴&#039;,
88.8,
987654.321
),
(
DATE &#039;1970-01-01&#039;,
TIMESTAMP &#039;1970-01-01 00:00:00&#039;,
&#039;&#039;,
NULL,
&#039;&#039;,
&#039;&#039;,
&#039;&#039;,
&#039;&#039;,
&#039;20260204&#039;,
3,
&#039;&#039;,
0,
0,
&#039;&#039;,
0.00,
NULL,
&#039;&#039;,
0.0,
0.0
);","1. 进入「资产-数据质量-规则任务配置-监控对象」页面
2. 「规则名称」输入「test_rule」
「选择数据源」选择「${DATASOURCE}」
「选择数据库」选择「${DATABASE}」
「选择数据表」选择「${TABLE}」
3. 点击【添加规则】按钮
4. 选择「一致性校验」规则","1. 页面正常打开
2. 监控对象配置成功；
进入「监控规则」配置页
3. 新增「一致性校验」规则
4. 选择成功，页面显示「一致性校验」规则配置区域","1. 
2. 
3. 
4.","","1","功能测试","功能测试阶段","正常","0","1","4","通过","听筠","2026-02-28","","0000-00-00","1","",""
"182424","数据资产_STD(#23)","/版本迭代测试用例/v6.4.10/【内置规则丰富】一致性，多表数据一致性校验(#10353)","【岚图】【内置规则丰富】一致性，多表数据一致性校验(#15525)","验证「监控规则」-「一致性校验」-「多表数据一致性比对」区域详情正确","已存在spark表A
CREATE TABLE IF NOT EXISTS
tableA (
create_date DATE COMMENT &#039;日期类型&#039;,
update_datetime TIMESTAMP COMMENT &#039;日期时间类型（替代原DATETIME）&#039;,
work_time STRING COMMENT &#039;时间类型（Spark无TIME类型，用STRING存储HH:mm:ss）&#039;,
sync_timestamp TIMESTAMP COMMENT &#039;时间戳类型&#039;,
date_str_ymd STRING COMMENT &#039;字符串日期(yyyy-MM-dd)，强转DATE&#039;,
date_str_ymd_hms STRING COMMENT &#039;字符串日期时间(yyyy-MM-dd HH:mm:ss)，强转TIMESTAMP&#039;,
date_str_mdy STRING COMMENT &#039;字符串时间(HH:mm:ss)，强转STRING（Spark无TIME类型）&#039;,
date_str_ymd_hms_ms STRING COMMENT &#039;字符串日期时间(yyyy-MM-dd HH:mm:ss.SSS)，强转TIMESTAMP&#039;,
date_str_irregular STRING COMMENT &#039;字符串日期(非标准格式，如20260204)，强转DATE&#039;,
id INT COMMENT &#039;主键ID&#039;,
user_name STRING COMMENT &#039;用户名（Spark中VARCHAR等价于STRING）&#039;,
age TINYINT COMMENT &#039;年龄&#039;,
phone BIGINT COMMENT &#039;手机号&#039;,
email STRING COMMENT &#039;邮箱&#039;,
salary DECIMAL(10, 2) COMMENT &#039;薪资&#039;,
is_active BOOLEAN COMMENT &#039;是否激活&#039;,
address STRING COMMENT &#039;地址&#039;,
score FLOAT COMMENT &#039;评分&#039;,
total_amount DOUBLE COMMENT &#039;总金额&#039;
) COMMENT &#039;时效性校验表&#039;;

INSERT INTO tableA (
create_date,
update_datetime,
work_time,
sync_timestamp,
date_str_ymd,
date_str_ymd_hms,
date_str_mdy,
date_str_ymd_hms_ms,
date_str_irregular,
id,
user_name,
age,
phone,
email,
salary,
is_active,
address,
score,
total_amount
)
VALUES
(
DATE &#039;2026-02-26&#039;,
TIMESTAMP &#039;2026-02-26 09:45:17&#039;,
&#039;08:30:00&#039;,
CURRENT_TIMESTAMP(),
&#039;2026-02-26&#039;,
&#039;2026-02-26 09:45:17&#039;,
&#039;18:20:30&#039;,
&#039;2026-02-26 09:45:17.123&#039;,
&#039;20260226&#039;,
1,
&#039;zhangsan&#039;,
25,
13800138000,
&#039;zhangsan@example.com&#039;,
15000.50,
TRUE,
&#039;北京市海淀区中关村&#039;,
95.5,
123456.789
),
(
DATE &#039;2026-01-01&#039;,
TIMESTAMP &#039;2026-12-31 23:59:59&#039;,
&#039;23:59:59&#039;,
TIMESTAMP &#039;2026-02-26 12:00:00&#039;,
&#039;2026-01-01&#039;,
&#039;2026-12-31 23:59:59&#039;,
&#039;00:00:00&#039;,
&#039;2026-02-26 12:34:56.789&#039;,
&#039;20260101&#039;,
2,
&#039;lisi&#039;,
30,
13900139000,
&#039;lisi@example.com&#039;,
20000.00,
FALSE,
&#039;上海市浦东新区陆家嘴&#039;,
88.8,
987654.321
),
(
DATE &#039;1970-01-01&#039;,
TIMESTAMP &#039;1970-01-01 00:00:00&#039;,
&#039;&#039;,
NULL,
&#039;&#039;,
&#039;&#039;,
&#039;&#039;,
&#039;&#039;,
&#039;20260204&#039;,
3,
&#039;&#039;,
0,
0,
&#039;&#039;,
0.00,
NULL,
&#039;&#039;,
0.0,
0.0
);","1. 进入「资产-数据质量-规则任务配置-监控对象」页面
2. 「规则名称」输入「test_rule」
「选择数据源」选择「${DATASOURCE}」
「选择数据库」选择「${DATABASE}」
「选择数据表」选择「${TABLE}」
3. 点击【添加规则】按钮，选择「一致性校验」规则
4. 查看配置区域详情","1. 页面正常打开
2. 监控对象配置成功；
进入「监控规则」配置页
3. 选择成功，页面显示「一致性校验」规则配置区域
4. 包含：
1）「校验类型」，可选择多表数据一致性比对
2）「选择校验字段」，可选择数据表下所有字段
3）「选择校验表主键」，可选择数据表下所有字段
4）「选择对比表」，选择数据库下所有表，可配置多个对比表
5）「输入分区」，可配置「选择已有分区/动态分区/手动输入分区」
6）「数据预览」，可预览全表数据及分区数据
7）「选择对比表主键」，可选择对比表下所有字段
8）「比对字段设置」，展示「选择校验字段」
9）「强弱规则」，可选择「强/弱规则」
10）「规则描述」，可输入内容
11）「保存」、「取消」、「对比细节设置」按钮","1. 
2. 
3. 
4.","","2","功能测试","功能测试阶段","正常","0","1","4","通过","听筠","2026-02-28","","0000-00-00","1","",""
"182423","数据资产_STD(#23)","/版本迭代测试用例/v6.4.10/【内置规则丰富】一致性，多表数据一致性校验(#10353)","【岚图】【内置规则丰富】一致性，多表数据一致性校验(#15525)","验证「内置规则」-「一致性校验」-「多表数据一致性比对」-「一个对比表」校验通过功能","已存在spark表A
CREATE TABLE IF NOT EXISTS
tableA (
create_date DATE COMMENT &#039;日期类型&#039;,
update_datetime TIMESTAMP COMMENT &#039;日期时间类型（替代原DATETIME）&#039;,
work_time STRING COMMENT &#039;时间类型（Spark无TIME类型，用STRING存储HH:mm:ss）&#039;,
sync_timestamp TIMESTAMP COMMENT &#039;时间戳类型&#039;,
date_str_ymd STRING COMMENT &#039;字符串日期(yyyy-MM-dd)，强转DATE&#039;,
date_str_ymd_hms STRING COMMENT &#039;字符串日期时间(yyyy-MM-dd HH:mm:ss)，强转TIMESTAMP&#039;,
date_str_mdy STRING COMMENT &#039;字符串时间(HH:mm:ss)，强转STRING（Spark无TIME类型）&#039;,
date_str_ymd_hms_ms STRING COMMENT &#039;字符串日期时间(yyyy-MM-dd HH:mm:ss.SSS)，强转TIMESTAMP&#039;,
date_str_irregular STRING COMMENT &#039;字符串日期(非标准格式，如20260204)，强转DATE&#039;,
id INT COMMENT &#039;主键ID&#039;,
user_name STRING COMMENT &#039;用户名（Spark中VARCHAR等价于STRING）&#039;,
age TINYINT COMMENT &#039;年龄&#039;,
phone BIGINT COMMENT &#039;手机号&#039;,
email STRING COMMENT &#039;邮箱&#039;,
salary DECIMAL(10, 2) COMMENT &#039;薪资&#039;,
is_active BOOLEAN COMMENT &#039;是否激活&#039;,
address STRING COMMENT &#039;地址&#039;,
score FLOAT COMMENT &#039;评分&#039;,
total_amount DOUBLE COMMENT &#039;总金额&#039;
) COMMENT &#039;时效性校验表&#039;;

INSERT INTO tableA (
create_date,
update_datetime,
work_time,
sync_timestamp,
date_str_ymd,
date_str_ymd_hms,
date_str_mdy,
date_str_ymd_hms_ms,
date_str_irregular,
id,
user_name,
age,
phone,
email,
salary,
is_active,
address,
score,
total_amount
)
VALUES
(
DATE &#039;2026-02-26&#039;,
TIMESTAMP &#039;2026-02-26 09:45:17&#039;,
&#039;08:30:00&#039;,
CURRENT_TIMESTAMP(),
&#039;2026-02-26&#039;,
&#039;2026-02-26 09:45:17&#039;,
&#039;18:20:30&#039;,
&#039;2026-02-26 09:45:17.123&#039;,
&#039;20260226&#039;,
1,
&#039;zhangsan&#039;,
25,
13800138000,
&#039;zhangsan@example.com&#039;,
15000.50,
TRUE,
&#039;北京市海淀区中关村&#039;,
95.5,
123456.789
),
(
DATE &#039;2026-01-01&#039;,
TIMESTAMP &#039;2026-12-31 23:59:59&#039;,
&#039;23:59:59&#039;,
TIMESTAMP &#039;2026-02-26 12:00:00&#039;,
&#039;2026-01-01&#039;,
&#039;2026-12-31 23:59:59&#039;,
&#039;00:00:00&#039;,
&#039;2026-02-26 12:34:56.789&#039;,
&#039;20260101&#039;,
2,
&#039;lisi&#039;,
30,
13900139000,
&#039;lisi@example.com&#039;,
20000.00,
FALSE,
&#039;上海市浦东新区陆家嘴&#039;,
88.8,
987654.321
),
(
DATE &#039;1970-01-01&#039;,
TIMESTAMP &#039;1970-01-01 00:00:00&#039;,
&#039;&#039;,
NULL,
&#039;&#039;,
&#039;&#039;,
&#039;&#039;,
&#039;&#039;,
&#039;20260204&#039;,
3,
&#039;&#039;,
0,
0,
&#039;&#039;,
0.00,
NULL,
&#039;&#039;,
0.0,
0.0
);","1. 进入「资产-数据质量-规则任务配置-监控对象」页面
2. 「规则名称」输入「test_rule」
「选择数据源」选择「${DATASOURCE}」
「选择数据库」选择「${DATABASE}」
「选择数据表」选择「${TABLE}」
3. 「监控规则」配置如下：
「监控规则」新增「一致性校验」
「校验类型」选择为「多表数据一致性比对」
「选择校验字段」选择为「user_name；age」
「选择校验表主键」选择为「id」
「选择对比表」为「${TABLE}」
「选择对比表主键」为「id」
「比对字段设置」配置为「校验表-user_name-->对比表-user_name；校验表-age-->对比表-age」
「强弱规则」选择「弱规则」
「规则描述」输入「测试规则」
不配置「对比细节设置」
4. 配置「调度属性」，保存规则，且「调度属性」中配置「规则报告」为最新结果
5. 临时运行规则，查看实例详情及质量报告","1. 页面正常打开
2. 监控对象配置成功；
进入「监控规则」配置页
3. 监控规则配置完成；
进入「调度属性」页面
4. 规则保存成功
5. 实例运行结果通过，且实例详情展示正确，质量报告展示正确","1. 
2. 
3. 
4. 
5.","","1","功能测试","功能测试阶段","正常","0","1","5","通过","听筠","2026-02-28","","0000-00-00","1","",""
"182422","数据资产_STD(#23)","/版本迭代测试用例/v6.4.10/【内置规则丰富】一致性，多表数据一致性校验(#10353)","【岚图】【内置规则丰富】一致性，多表数据一致性校验(#15525)","验证「内置规则」-「一致性校验」-「多表数据一致性比对」-「一个对比表」校验不通过功能","已存在spark表A
CREATE TABLE IF NOT EXISTS
tableA (
create_date DATE COMMENT &#039;日期类型&#039;,
update_datetime TIMESTAMP COMMENT &#039;日期时间类型（替代原DATETIME）&#039;,
work_time STRING COMMENT &#039;时间类型（Spark无TIME类型，用STRING存储HH:mm:ss）&#039;,
sync_timestamp TIMESTAMP COMMENT &#039;时间戳类型&#039;,
date_str_ymd STRING COMMENT &#039;字符串日期(yyyy-MM-dd)，强转DATE&#039;,
date_str_ymd_hms STRING COMMENT &#039;字符串日期时间(yyyy-MM-dd HH:mm:ss)，强转TIMESTAMP&#039;,
date_str_mdy STRING COMMENT &#039;字符串时间(HH:mm:ss)，强转STRING（Spark无TIME类型）&#039;,
date_str_ymd_hms_ms STRING COMMENT &#039;字符串日期时间(yyyy-MM-dd HH:mm:ss.SSS)，强转TIMESTAMP&#039;,
date_str_irregular STRING COMMENT &#039;字符串日期(非标准格式，如20260204)，强转DATE&#039;,
id INT COMMENT &#039;主键ID&#039;,
user_name STRING COMMENT &#039;用户名（Spark中VARCHAR等价于STRING）&#039;,
age TINYINT COMMENT &#039;年龄&#039;,
phone BIGINT COMMENT &#039;手机号&#039;,
email STRING COMMENT &#039;邮箱&#039;,
salary DECIMAL(10, 2) COMMENT &#039;薪资&#039;,
is_active BOOLEAN COMMENT &#039;是否激活&#039;,
address STRING COMMENT &#039;地址&#039;,
score FLOAT COMMENT &#039;评分&#039;,
total_amount DOUBLE COMMENT &#039;总金额&#039;
) COMMENT &#039;时效性校验表&#039;;

INSERT INTO tableA (
create_date,
update_datetime,
work_time,
sync_timestamp,
date_str_ymd,
date_str_ymd_hms,
date_str_mdy,
date_str_ymd_hms_ms,
date_str_irregular,
id,
user_name,
age,
phone,
email,
salary,
is_active,
address,
score,
total_amount
)
VALUES
(
DATE &#039;2026-02-26&#039;,
TIMESTAMP &#039;2026-02-26 09:45:17&#039;,
&#039;08:30:00&#039;,
CURRENT_TIMESTAMP(),
&#039;2026-02-26&#039;,
&#039;2026-02-26 09:45:17&#039;,
&#039;18:20:30&#039;,
&#039;2026-02-26 09:45:17.123&#039;,
&#039;20260226&#039;,
1,
&#039;zhangsan&#039;,
25,
13800138000,
&#039;zhangsan@example.com&#039;,
15000.50,
TRUE,
&#039;北京市海淀区中关村&#039;,
95.5,
123456.789
),
(
DATE &#039;2026-01-01&#039;,
TIMESTAMP &#039;2026-12-31 23:59:59&#039;,
&#039;23:59:59&#039;,
TIMESTAMP &#039;2026-02-26 12:00:00&#039;,
&#039;2026-01-01&#039;,
&#039;2026-12-31 23:59:59&#039;,
&#039;00:00:00&#039;,
&#039;2026-02-26 12:34:56.789&#039;,
&#039;20260101&#039;,
2,
&#039;lisi&#039;,
30,
13900139000,
&#039;lisi@example.com&#039;,
20000.00,
FALSE,
&#039;上海市浦东新区陆家嘴&#039;,
88.8,
987654.321
),
(
DATE &#039;1970-01-01&#039;,
TIMESTAMP &#039;1970-01-01 00:00:00&#039;,
&#039;&#039;,
NULL,
&#039;&#039;,
&#039;&#039;,
&#039;&#039;,
&#039;&#039;,
&#039;20260204&#039;,
3,
&#039;&#039;,
0,
0,
&#039;&#039;,
0.00,
NULL,
&#039;&#039;,
0.0,
0.0
);","1. 进入「资产-数据质量-规则任务配置-监控对象」页面
2. 「规则名称」输入「test_rule」
「选择数据源」选择「${DATASOURCE}」
「选择数据库」选择「${DATABASE}」
「选择数据表」选择「${TABLE}」
3. 「监控规则」配置如下：
「监控规则」新增「一致性校验」
「校验类型」选择为「多表数据一致性比对」
「选择校验字段」选择为「user_name；age」
「选择校验表主键」选择为「id」
「选择对比表」为「${TABLE}」
「选择对比表主键」为「id」
「比对字段设置」配置为「校验表-user_name-->对比表-age；校验表-age-->对比表-name」
「强弱规则」选择「弱规则」
「规则描述」输入「测试规则」
不配置「对比细节设置」
4. 配置「调度属性」，保存规则，且「调度属性」中配置「规则报告」为最新结果
5. 临时运行规则，查看实例详情及质量报告","1. 页面正常打开
2. 监控对象配置成功；
进入「监控规则」配置页
3. 监控规则配置完成；
进入「调度属性」页面
4. 规则保存成功
5. 实例运行结果不通过，且实例详情展示正确，质量报告展示正确","1. 
2. 
3. 
4. 
5.","","1","功能测试","功能测试阶段","正常","0","1","5","通过","听筠","2026-02-28","","0000-00-00","1","",""
"182421","数据资产_STD(#23)","/版本迭代测试用例/v6.4.10/【内置规则丰富】一致性，多表数据一致性校验(#10353)","【岚图】【内置规则丰富】一致性，多表数据一致性校验(#15525)","验证「内置规则」-「一致性校验」-「多表数据一致性比对」-「多个对比表」校验通过功能","已存在spark表A
CREATE TABLE IF NOT EXISTS
tableA (
create_date DATE COMMENT &#039;日期类型&#039;,
update_datetime TIMESTAMP COMMENT &#039;日期时间类型（替代原DATETIME）&#039;,
work_time STRING COMMENT &#039;时间类型（Spark无TIME类型，用STRING存储HH:mm:ss）&#039;,
sync_timestamp TIMESTAMP COMMENT &#039;时间戳类型&#039;,
date_str_ymd STRING COMMENT &#039;字符串日期(yyyy-MM-dd)，强转DATE&#039;,
date_str_ymd_hms STRING COMMENT &#039;字符串日期时间(yyyy-MM-dd HH:mm:ss)，强转TIMESTAMP&#039;,
date_str_mdy STRING COMMENT &#039;字符串时间(HH:mm:ss)，强转STRING（Spark无TIME类型）&#039;,
date_str_ymd_hms_ms STRING COMMENT &#039;字符串日期时间(yyyy-MM-dd HH:mm:ss.SSS)，强转TIMESTAMP&#039;,
date_str_irregular STRING COMMENT &#039;字符串日期(非标准格式，如20260204)，强转DATE&#039;,
id INT COMMENT &#039;主键ID&#039;,
user_name STRING COMMENT &#039;用户名（Spark中VARCHAR等价于STRING）&#039;,
age TINYINT COMMENT &#039;年龄&#039;,
phone BIGINT COMMENT &#039;手机号&#039;,
email STRING COMMENT &#039;邮箱&#039;,
salary DECIMAL(10, 2) COMMENT &#039;薪资&#039;,
is_active BOOLEAN COMMENT &#039;是否激活&#039;,
address STRING COMMENT &#039;地址&#039;,
score FLOAT COMMENT &#039;评分&#039;,
total_amount DOUBLE COMMENT &#039;总金额&#039;
) COMMENT &#039;时效性校验表&#039;;

INSERT INTO tableA (
create_date,
update_datetime,
work_time,
sync_timestamp,
date_str_ymd,
date_str_ymd_hms,
date_str_mdy,
date_str_ymd_hms_ms,
date_str_irregular,
id,
user_name,
age,
phone,
email,
salary,
is_active,
address,
score,
total_amount
)
VALUES
(
DATE &#039;2026-02-26&#039;,
TIMESTAMP &#039;2026-02-26 09:45:17&#039;,
&#039;08:30:00&#039;,
CURRENT_TIMESTAMP(),
&#039;2026-02-26&#039;,
&#039;2026-02-26 09:45:17&#039;,
&#039;18:20:30&#039;,
&#039;2026-02-26 09:45:17.123&#039;,
&#039;20260226&#039;,
1,
&#039;zhangsan&#039;,
25,
13800138000,
&#039;zhangsan@example.com&#039;,
15000.50,
TRUE,
&#039;北京市海淀区中关村&#039;,
95.5,
123456.789
),
(
DATE &#039;2026-01-01&#039;,
TIMESTAMP &#039;2026-12-31 23:59:59&#039;,
&#039;23:59:59&#039;,
TIMESTAMP &#039;2026-02-26 12:00:00&#039;,
&#039;2026-01-01&#039;,
&#039;2026-12-31 23:59:59&#039;,
&#039;00:00:00&#039;,
&#039;2026-02-26 12:34:56.789&#039;,
&#039;20260101&#039;,
2,
&#039;lisi&#039;,
30,
13900139000,
&#039;lisi@example.com&#039;,
20000.00,
FALSE,
&#039;上海市浦东新区陆家嘴&#039;,
88.8,
987654.321
),
(
DATE &#039;1970-01-01&#039;,
TIMESTAMP &#039;1970-01-01 00:00:00&#039;,
&#039;&#039;,
NULL,
&#039;&#039;,
&#039;&#039;,
&#039;&#039;,
&#039;&#039;,
&#039;20260204&#039;,
3,
&#039;&#039;,
0,
0,
&#039;&#039;,
0.00,
NULL,
&#039;&#039;,
0.0,
0.0
);","1. 进入「资产-数据质量-规则任务配置-监控对象」页面
2. 「规则名称」输入「test_rule」
「选择数据源」选择「${DATASOURCE}」
「选择数据库」选择「${DATABASE}」
「选择数据表」选择「${TABLE}」
3. 「监控规则」配置如下：
「监控规则」新增「一致性校验」
「校验类型」选择为「多表数据一致性比对」
「选择校验字段」选择为「user_name；age」
「选择校验表主键」选择为「id」
「选择对比表1」为「${TABLE}」
「选择对比表1主键」为「id1」
「选择对比表2」为「${TABLE}」
「选择对比表2主键」为「id2」
「比对字段设置」配置为
「校验表-user_name-->对比表1-user_name，对比表2-user_name；校验表-age-->对比表1-age，对比表2-age」
「强弱规则」选择「弱规则」
「规则描述」输入「测试规则」
不配置「对比细节设置」
4. 配置「调度属性」，保存规则，且「调度属性」中配置「规则报告」为最新结果
5. 临时运行规则，查看实例详情及质量报告","1. 页面正常打开
2. 监控对象配置成功；
进入「监控规则」配置页
3. 监控规则配置完成；
进入「调度属性」页面
4. 规则保存成功
5. 实例运行结果通过，且实例详情展示正确，质量报告展示正确","1. 
2. 
3. 
4. 
5.","","2","功能测试","功能测试阶段","正常","0","1","5","通过","听筠","2026-02-28","","0000-00-00","1","",""
"182420","数据资产_STD(#23)","/版本迭代测试用例/v6.4.10/【内置规则丰富】一致性，多表数据一致性校验(#10353)","【岚图】【内置规则丰富】一致性，多表数据一致性校验(#15525)","验证「内置规则」-「一致性校验」-「多表数据一致性比对」-「多个对比表」校验不通过功能","已存在spark表A
CREATE TABLE IF NOT EXISTS
tableA (
create_date DATE COMMENT &#039;日期类型&#039;,
update_datetime TIMESTAMP COMMENT &#039;日期时间类型（替代原DATETIME）&#039;,
work_time STRING COMMENT &#039;时间类型（Spark无TIME类型，用STRING存储HH:mm:ss）&#039;,
sync_timestamp TIMESTAMP COMMENT &#039;时间戳类型&#039;,
date_str_ymd STRING COMMENT &#039;字符串日期(yyyy-MM-dd)，强转DATE&#039;,
date_str_ymd_hms STRING COMMENT &#039;字符串日期时间(yyyy-MM-dd HH:mm:ss)，强转TIMESTAMP&#039;,
date_str_mdy STRING COMMENT &#039;字符串时间(HH:mm:ss)，强转STRING（Spark无TIME类型）&#039;,
date_str_ymd_hms_ms STRING COMMENT &#039;字符串日期时间(yyyy-MM-dd HH:mm:ss.SSS)，强转TIMESTAMP&#039;,
date_str_irregular STRING COMMENT &#039;字符串日期(非标准格式，如20260204)，强转DATE&#039;,
id INT COMMENT &#039;主键ID&#039;,
user_name STRING COMMENT &#039;用户名（Spark中VARCHAR等价于STRING）&#039;,
age TINYINT COMMENT &#039;年龄&#039;,
phone BIGINT COMMENT &#039;手机号&#039;,
email STRING COMMENT &#039;邮箱&#039;,
salary DECIMAL(10, 2) COMMENT &#039;薪资&#039;,
is_active BOOLEAN COMMENT &#039;是否激活&#039;,
address STRING COMMENT &#039;地址&#039;,
score FLOAT COMMENT &#039;评分&#039;,
total_amount DOUBLE COMMENT &#039;总金额&#039;
) COMMENT &#039;时效性校验表&#039;;

INSERT INTO tableA (
create_date,
update_datetime,
work_time,
sync_timestamp,
date_str_ymd,
date_str_ymd_hms,
date_str_mdy,
date_str_ymd_hms_ms,
date_str_irregular,
id,
user_name,
age,
phone,
email,
salary,
is_active,
address,
score,
total_amount
)
VALUES
(
DATE &#039;2026-02-26&#039;,
TIMESTAMP &#039;2026-02-26 09:45:17&#039;,
&#039;08:30:00&#039;,
CURRENT_TIMESTAMP(),
&#039;2026-02-26&#039;,
&#039;2026-02-26 09:45:17&#039;,
&#039;18:20:30&#039;,
&#039;2026-02-26 09:45:17.123&#039;,
&#039;20260226&#039;,
1,
&#039;zhangsan&#039;,
25,
13800138000,
&#039;zhangsan@example.com&#039;,
15000.50,
TRUE,
&#039;北京市海淀区中关村&#039;,
95.5,
123456.789
),
(
DATE &#039;2026-01-01&#039;,
TIMESTAMP &#039;2026-12-31 23:59:59&#039;,
&#039;23:59:59&#039;,
TIMESTAMP &#039;2026-02-26 12:00:00&#039;,
&#039;2026-01-01&#039;,
&#039;2026-12-31 23:59:59&#039;,
&#039;00:00:00&#039;,
&#039;2026-02-26 12:34:56.789&#039;,
&#039;20260101&#039;,
2,
&#039;lisi&#039;,
30,
13900139000,
&#039;lisi@example.com&#039;,
20000.00,
FALSE,
&#039;上海市浦东新区陆家嘴&#039;,
88.8,
987654.321
),
(
DATE &#039;1970-01-01&#039;,
TIMESTAMP &#039;1970-01-01 00:00:00&#039;,
&#039;&#039;,
NULL,
&#039;&#039;,
&#039;&#039;,
&#039;&#039;,
&#039;&#039;,
&#039;20260204&#039;,
3,
&#039;&#039;,
0,
0,
&#039;&#039;,
0.00,
NULL,
&#039;&#039;,
0.0,
0.0
);","1. 进入「资产-数据质量-规则任务配置-监控对象」页面
2. 「规则名称」输入「test_rule」
「选择数据源」选择「${DATASOURCE}」
「选择数据库」选择「${DATABASE}」
「选择数据表」选择「${TABLE}」
3. 「监控规则」配置如下：
「监控规则」新增「一致性校验」
「校验类型」选择为「多表数据一致性比对」
「选择校验字段」选择为「user_name；age」
「选择校验表主键」选择为「id」
「选择对比表1」为「${TABLE}」
「选择对比表1主键」为「id1」
「选择对比表2」为「${TABLE}」
「选择对比表2主键」为「id2」
「比对字段设置」配置为
「校验表-user_name-->对比表1-age，对比表2-user_name；校验表-age-->对比表1-user_name，对比表2-age」
「强弱规则」选择「弱规则」
「规则描述」输入「测试规则」
不配置「对比细节设置」
4. 配置「调度属性」，保存规则，且「调度属性」中配置「规则报告」为最新结果
5. 临时运行规则，查看实例详情及质量报告","1. 页面正常打开
2. 监控对象配置成功；
进入「监控规则」配置页
3. 监控规则配置完成；
进入「调度属性」页面
4. 规则保存成功
5. 实例运行结果不通过，且实例详情展示正确，质量报告展示正确","1. 
2. 
3. 
4. 
5.","","1","功能测试","功能测试阶段","正常","0","1","5","通过","听筠","2026-02-28","","0000-00-00","1","",""
"182419","数据资产_STD(#23)","/版本迭代测试用例/v6.4.10/【内置规则丰富】一致性，多表数据一致性校验(#10353)","【岚图】【内置规则丰富】一致性，多表数据一致性校验(#15525)","验证「内置规则」-「一致性校验」-「多表数据一致性比对」-「未选择校验字段」校验通过功能","已存在spark表A
CREATE TABLE IF NOT EXISTS
tableA (
create_date DATE COMMENT &#039;日期类型&#039;,
update_datetime TIMESTAMP COMMENT &#039;日期时间类型（替代原DATETIME）&#039;,
work_time STRING COMMENT &#039;时间类型（Spark无TIME类型，用STRING存储HH:mm:ss）&#039;,
sync_timestamp TIMESTAMP COMMENT &#039;时间戳类型&#039;,
date_str_ymd STRING COMMENT &#039;字符串日期(yyyy-MM-dd)，强转DATE&#039;,
date_str_ymd_hms STRING COMMENT &#039;字符串日期时间(yyyy-MM-dd HH:mm:ss)，强转TIMESTAMP&#039;,
date_str_mdy STRING COMMENT &#039;字符串时间(HH:mm:ss)，强转STRING（Spark无TIME类型）&#039;,
date_str_ymd_hms_ms STRING COMMENT &#039;字符串日期时间(yyyy-MM-dd HH:mm:ss.SSS)，强转TIMESTAMP&#039;,
date_str_irregular STRING COMMENT &#039;字符串日期(非标准格式，如20260204)，强转DATE&#039;,
id INT COMMENT &#039;主键ID&#039;,
user_name STRING COMMENT &#039;用户名（Spark中VARCHAR等价于STRING）&#039;,
age TINYINT COMMENT &#039;年龄&#039;,
phone BIGINT COMMENT &#039;手机号&#039;,
email STRING COMMENT &#039;邮箱&#039;,
salary DECIMAL(10, 2) COMMENT &#039;薪资&#039;,
is_active BOOLEAN COMMENT &#039;是否激活&#039;,
address STRING COMMENT &#039;地址&#039;,
score FLOAT COMMENT &#039;评分&#039;,
total_amount DOUBLE COMMENT &#039;总金额&#039;
) COMMENT &#039;时效性校验表&#039;;

INSERT INTO tableA (
create_date,
update_datetime,
work_time,
sync_timestamp,
date_str_ymd,
date_str_ymd_hms,
date_str_mdy,
date_str_ymd_hms_ms,
date_str_irregular,
id,
user_name,
age,
phone,
email,
salary,
is_active,
address,
score,
total_amount
)
VALUES
(
DATE &#039;2026-02-26&#039;,
TIMESTAMP &#039;2026-02-26 09:45:17&#039;,
&#039;08:30:00&#039;,
CURRENT_TIMESTAMP(),
&#039;2026-02-26&#039;,
&#039;2026-02-26 09:45:17&#039;,
&#039;18:20:30&#039;,
&#039;2026-02-26 09:45:17.123&#039;,
&#039;20260226&#039;,
1,
&#039;zhangsan&#039;,
25,
13800138000,
&#039;zhangsan@example.com&#039;,
15000.50,
TRUE,
&#039;北京市海淀区中关村&#039;,
95.5,
123456.789
),
(
DATE &#039;2026-01-01&#039;,
TIMESTAMP &#039;2026-12-31 23:59:59&#039;,
&#039;23:59:59&#039;,
TIMESTAMP &#039;2026-02-26 12:00:00&#039;,
&#039;2026-01-01&#039;,
&#039;2026-12-31 23:59:59&#039;,
&#039;00:00:00&#039;,
&#039;2026-02-26 12:34:56.789&#039;,
&#039;20260101&#039;,
2,
&#039;lisi&#039;,
30,
13900139000,
&#039;lisi@example.com&#039;,
20000.00,
FALSE,
&#039;上海市浦东新区陆家嘴&#039;,
88.8,
987654.321
),
(
DATE &#039;1970-01-01&#039;,
TIMESTAMP &#039;1970-01-01 00:00:00&#039;,
&#039;&#039;,
NULL,
&#039;&#039;,
&#039;&#039;,
&#039;&#039;,
&#039;&#039;,
&#039;20260204&#039;,
3,
&#039;&#039;,
0,
0,
&#039;&#039;,
0.00,
NULL,
&#039;&#039;,
0.0,
0.0
);","1. 进入「资产-数据质量-规则任务配置-监控对象」页面
2. 「规则名称」输入「test_rule」
「选择数据源」选择「${DATASOURCE}」
「选择数据库」选择「${DATABASE}」
「选择数据表」选择「${TABLE}」
3. 「监控规则」配置如下：
「监控规则」新增「一致性校验」
「校验类型」选择为「多表数据一致性比对」
不配置「选择校验字段」
「选择校验表主键」选择为「id，name」
「选择对比表」为「${TABLE}」
配置「输入分区-选择已有分区」
「选择对比表主键」为「id，name」
「强弱规则」选择「弱规则」
「规则描述」输入「测试规则」
不配置「对比细节设置」
4. 配置「调度属性」，保存规则，且「调度属性」中配置「规则报告」为最新结果
5. 临时运行规则，查看实例详情及质量报告","1. 页面正常打开
2. 监控对象配置成功；
进入「监控规则」配置页
3. 监控规则配置完成；
进入「调度属性」页面
4. 规则保存成功
5. 实例运行结果通过，且实例详情展示正确，质量报告展示正确","1. 
2. 
3. 
4. 
5.","","2","功能测试","功能测试阶段","正常","0","1","5","通过","听筠","2026-02-28","","0000-00-00","1","",""
"182418","数据资产_STD(#23)","/版本迭代测试用例/v6.4.10/【内置规则丰富】一致性，多表数据一致性校验(#10353)","【岚图】【内置规则丰富】一致性，多表数据一致性校验(#15525)","验证「内置规则」-「一致性校验」-「多表数据一致性比对」-「未选择校验字段」校验不通过功能","已存在spark表A
CREATE TABLE IF NOT EXISTS
tableA (
create_date DATE COMMENT &#039;日期类型&#039;,
update_datetime TIMESTAMP COMMENT &#039;日期时间类型（替代原DATETIME）&#039;,
work_time STRING COMMENT &#039;时间类型（Spark无TIME类型，用STRING存储HH:mm:ss）&#039;,
sync_timestamp TIMESTAMP COMMENT &#039;时间戳类型&#039;,
date_str_ymd STRING COMMENT &#039;字符串日期(yyyy-MM-dd)，强转DATE&#039;,
date_str_ymd_hms STRING COMMENT &#039;字符串日期时间(yyyy-MM-dd HH:mm:ss)，强转TIMESTAMP&#039;,
date_str_mdy STRING COMMENT &#039;字符串时间(HH:mm:ss)，强转STRING（Spark无TIME类型）&#039;,
date_str_ymd_hms_ms STRING COMMENT &#039;字符串日期时间(yyyy-MM-dd HH:mm:ss.SSS)，强转TIMESTAMP&#039;,
date_str_irregular STRING COMMENT &#039;字符串日期(非标准格式，如20260204)，强转DATE&#039;,
id INT COMMENT &#039;主键ID&#039;,
user_name STRING COMMENT &#039;用户名（Spark中VARCHAR等价于STRING）&#039;,
age TINYINT COMMENT &#039;年龄&#039;,
phone BIGINT COMMENT &#039;手机号&#039;,
email STRING COMMENT &#039;邮箱&#039;,
salary DECIMAL(10, 2) COMMENT &#039;薪资&#039;,
is_active BOOLEAN COMMENT &#039;是否激活&#039;,
address STRING COMMENT &#039;地址&#039;,
score FLOAT COMMENT &#039;评分&#039;,
total_amount DOUBLE COMMENT &#039;总金额&#039;
) COMMENT &#039;时效性校验表&#039;;

INSERT INTO tableA (
create_date,
update_datetime,
work_time,
sync_timestamp,
date_str_ymd,
date_str_ymd_hms,
date_str_mdy,
date_str_ymd_hms_ms,
date_str_irregular,
id,
user_name,
age,
phone,
email,
salary,
is_active,
address,
score,
total_amount
)
VALUES
(
DATE &#039;2026-02-26&#039;,
TIMESTAMP &#039;2026-02-26 09:45:17&#039;,
&#039;08:30:00&#039;,
CURRENT_TIMESTAMP(),
&#039;2026-02-26&#039;,
&#039;2026-02-26 09:45:17&#039;,
&#039;18:20:30&#039;,
&#039;2026-02-26 09:45:17.123&#039;,
&#039;20260226&#039;,
1,
&#039;zhangsan&#039;,
25,
13800138000,
&#039;zhangsan@example.com&#039;,
15000.50,
TRUE,
&#039;北京市海淀区中关村&#039;,
95.5,
123456.789
),
(
DATE &#039;2026-01-01&#039;,
TIMESTAMP &#039;2026-12-31 23:59:59&#039;,
&#039;23:59:59&#039;,
TIMESTAMP &#039;2026-02-26 12:00:00&#039;,
&#039;2026-01-01&#039;,
&#039;2026-12-31 23:59:59&#039;,
&#039;00:00:00&#039;,
&#039;2026-02-26 12:34:56.789&#039;,
&#039;20260101&#039;,
2,
&#039;lisi&#039;,
30,
13900139000,
&#039;lisi@example.com&#039;,
20000.00,
FALSE,
&#039;上海市浦东新区陆家嘴&#039;,
88.8,
987654.321
),
(
DATE &#039;1970-01-01&#039;,
TIMESTAMP &#039;1970-01-01 00:00:00&#039;,
&#039;&#039;,
NULL,
&#039;&#039;,
&#039;&#039;,
&#039;&#039;,
&#039;&#039;,
&#039;20260204&#039;,
3,
&#039;&#039;,
0,
0,
&#039;&#039;,
0.00,
NULL,
&#039;&#039;,
0.0,
0.0
);","1. 进入「资产-数据质量-规则任务配置-监控对象」页面
2. 「规则名称」输入「test_rule」
「选择数据源」选择「${DATASOURCE}」
「选择数据库」选择「${DATABASE}」
「选择数据表」选择「${TABLE}」
3. 「监控规则」配置如下：
「监控规则」新增「一致性校验」
「校验类型」选择为「多表数据一致性比对」
不配置「选择校验字段」
「选择校验表主键」选择为「id，name」
「选择对比表」为「${TABLE}」
配置「输入分区-动态输入分区」
「选择对比表主键」为「age，id」
「强弱规则」选择「弱规则」
「规则描述」输入「测试规则」
不配置「对比细节设置」
4. 配置「调度属性」，保存规则，且「调度属性」中配置「规则报告」为最新结果
5. 临时运行规则，查看实例详情及质量报告","1. 页面正常打开
2. 监控对象配置成功；
进入「监控规则」配置页
3. 监控规则配置完成；
进入「调度属性」页面
4. 规则保存成功
5. 实例运行结果不通过，且实例详情展示正确，质量报告展示正确","1. 
2. 
3. 
4. 
5.","","2","功能测试","功能测试阶段","正常","0","1","5","通过","听筠","2026-02-28","","0000-00-00","1","",""
"182417","数据资产_STD(#23)","/版本迭代测试用例/v6.4.10/【内置规则丰富】一致性，多表数据一致性校验(#10353)","【岚图】【内置规则丰富】一致性，多表数据一致性校验(#15525)","验证「内置规则」-「一致性校验」-「多表数据一致性比对」-「比对规则」内容正确","无","1. 进入「资产-数据质量-规则任务配置-监控对象」页面
2. 「规则名称」输入「test_rule」
「选择数据源」选择「${DATASOURCE}」
「选择数据库」选择「${DATABASE}」
「选择数据表」选择「${TABLE}」
3. 正确配置「监控规则」，点击「比对细节设置」按钮
4. 查看「比对规则」内容
5. 鼠标hover“？”","1. 页面正常打开
2. 监控对象配置成功；
进入「监控规则」配置页
3. 弹出「比对规则」内容配置
4. 可勾选：
1）数值差异百分比，对比表之间的数值型数据时，差距百分比小于等于xx%时候，计为成功匹配
2）数值差异绝对值，对比表之间的数值型数据时，差距绝对值小于等于xx时候，计为成功匹配
3）数值对比忽略小数点，忽略小数点后xx位
4）字符不区分大小写，对比左右表的字符串型数据时，不区分大小写
5）空值与NULL等价，对比左右表的数据时，认为空值与NULL值是相等的
5. 悬浮提示：“若不勾选配置具体规则细节，则正常按照主键校验数据是否存在差异，只要存在差异判断校验不通过。”","1. 
2. 
3. 
4. 
5.","","3","功能测试","功能测试阶段","正常","0","1","5","通过","听筠","2026-02-28","","0000-00-00","1","",""
"182416","数据资产_STD(#23)","/版本迭代测试用例/v6.4.10/【内置规则丰富】一致性，多表数据一致性校验(#10353)","【岚图】【内置规则丰富】一致性，多表数据一致性校验(#15525)","验证「内置规则」-「一致性校验」-「多表数据一致性比对」-「设置比对细节」校验通过功能","已存在spark表A
CREATE TABLE IF NOT EXISTS
tableA (
create_date DATE COMMENT &#039;日期类型&#039;,
update_datetime TIMESTAMP COMMENT &#039;日期时间类型（替代原DATETIME）&#039;,
work_time STRING COMMENT &#039;时间类型（Spark无TIME类型，用STRING存储HH:mm:ss）&#039;,
sync_timestamp TIMESTAMP COMMENT &#039;时间戳类型&#039;,
date_str_ymd STRING COMMENT &#039;字符串日期(yyyy-MM-dd)，强转DATE&#039;,
date_str_ymd_hms STRING COMMENT &#039;字符串日期时间(yyyy-MM-dd HH:mm:ss)，强转TIMESTAMP&#039;,
date_str_mdy STRING COMMENT &#039;字符串时间(HH:mm:ss)，强转STRING（Spark无TIME类型）&#039;,
date_str_ymd_hms_ms STRING COMMENT &#039;字符串日期时间(yyyy-MM-dd HH:mm:ss.SSS)，强转TIMESTAMP&#039;,
date_str_irregular STRING COMMENT &#039;字符串日期(非标准格式，如20260204)，强转DATE&#039;,
id INT COMMENT &#039;主键ID&#039;,
user_name STRING COMMENT &#039;用户名（Spark中VARCHAR等价于STRING）&#039;,
age TINYINT COMMENT &#039;年龄&#039;,
phone BIGINT COMMENT &#039;手机号&#039;,
email STRING COMMENT &#039;邮箱&#039;,
salary DECIMAL(10, 2) COMMENT &#039;薪资&#039;,
is_active BOOLEAN COMMENT &#039;是否激活&#039;,
address STRING COMMENT &#039;地址&#039;,
score FLOAT COMMENT &#039;评分&#039;,
total_amount DOUBLE COMMENT &#039;总金额&#039;
) COMMENT &#039;时效性校验表&#039;;

INSERT INTO tableA (
create_date,
update_datetime,
work_time,
sync_timestamp,
date_str_ymd,
date_str_ymd_hms,
date_str_mdy,
date_str_ymd_hms_ms,
date_str_irregular,
id,
user_name,
age,
phone,
email,
salary,
is_active,
address,
score,
total_amount
)
VALUES
(
DATE &#039;2026-02-26&#039;,
TIMESTAMP &#039;2026-02-26 09:45:17&#039;,
&#039;08:30:00&#039;,
CURRENT_TIMESTAMP(),
&#039;2026-02-26&#039;,
&#039;2026-02-26 09:45:17&#039;,
&#039;18:20:30&#039;,
&#039;2026-02-26 09:45:17.123&#039;,
&#039;20260226&#039;,
1,
&#039;zhangsan&#039;,
25,
13800138000,
&#039;zhangsan@example.com&#039;,
15000.50,
TRUE,
&#039;北京市海淀区中关村&#039;,
95.5,
123456.789
),
(
DATE &#039;2026-01-01&#039;,
TIMESTAMP &#039;2026-12-31 23:59:59&#039;,
&#039;23:59:59&#039;,
TIMESTAMP &#039;2026-02-26 12:00:00&#039;,
&#039;2026-01-01&#039;,
&#039;2026-12-31 23:59:59&#039;,
&#039;00:00:00&#039;,
&#039;2026-02-26 12:34:56.789&#039;,
&#039;20260101&#039;,
2,
&#039;lisi&#039;,
30,
13900139000,
&#039;lisi@example.com&#039;,
20000.00,
FALSE,
&#039;上海市浦东新区陆家嘴&#039;,
88.8,
987654.321
),
(
DATE &#039;1970-01-01&#039;,
TIMESTAMP &#039;1970-01-01 00:00:00&#039;,
&#039;&#039;,
NULL,
&#039;&#039;,
&#039;&#039;,
&#039;&#039;,
&#039;&#039;,
&#039;20260204&#039;,
3,
&#039;&#039;,
0,
0,
&#039;&#039;,
0.00,
NULL,
&#039;&#039;,
0.0,
0.0
);","1. 进入「资产-数据质量-规则任务配置-监控对象」页面
2. 「规则名称」输入「test_rule」
「选择数据源」选择「${DATASOURCE}」
「选择数据库」选择「${DATABASE}」
「选择数据表」选择「${TABLE}」
3. 「监控规则」配置如下：
「监控规则」新增「一致性校验」
「校验类型」选择为「多表数据一致性比对」
「选择校验字段」选择为「user_name；age」
「选择校验表主键」选择为「id」
「选择对比表」为「${TABLE}」
「选择对比表主键」为「id」
「比对字段设置」配置为「校验表-user_name-->对比表-user_name；校验表-age-->对比表-age」
「强弱规则」选择「弱规则」
「规则描述」输入「测试规则」
配置「对比细节设置」为「数值差异百分比-小于等于80%」、「数值差异绝对值-小于等于80」、「数值对比忽略小数点-忽略小数点后2位」、「字符不区分大小写」、「空值与NULL等价」
4. 配置「调度属性」，保存规则，且「调度属性」中配置「规则报告」为最新结果
5. 临时运行规则，查看实例详情及质量报告","1. 页面正常打开
2. 监控对象配置成功；
进入「监控规则」配置页
3. 监控规则配置完成；
进入「调度属性」页面
4. 规则保存成功
5. 实例运行结果通过，且实例详情展示正确，质量报告展示正确","1. 
2. 
3. 
4. 
5.","","2","功能测试","功能测试阶段","正常","0","1","5","通过","听筠","2026-02-28","","0000-00-00","1","",""
"182415","数据资产_STD(#23)","/版本迭代测试用例/v6.4.10/【内置规则丰富】一致性，多表数据一致性校验(#10353)","【岚图】【内置规则丰富】一致性，多表数据一致性校验(#15525)","验证「内置规则」-「一致性校验」-「多表数据一致性比对」-「设置比对细节」校验不通过功能","已存在spark表A
CREATE TABLE IF NOT EXISTS
tableA (
create_date DATE COMMENT &#039;日期类型&#039;,
update_datetime TIMESTAMP COMMENT &#039;日期时间类型（替代原DATETIME）&#039;,
work_time STRING COMMENT &#039;时间类型（Spark无TIME类型，用STRING存储HH:mm:ss）&#039;,
sync_timestamp TIMESTAMP COMMENT &#039;时间戳类型&#039;,
date_str_ymd STRING COMMENT &#039;字符串日期(yyyy-MM-dd)，强转DATE&#039;,
date_str_ymd_hms STRING COMMENT &#039;字符串日期时间(yyyy-MM-dd HH:mm:ss)，强转TIMESTAMP&#039;,
date_str_mdy STRING COMMENT &#039;字符串时间(HH:mm:ss)，强转STRING（Spark无TIME类型）&#039;,
date_str_ymd_hms_ms STRING COMMENT &#039;字符串日期时间(yyyy-MM-dd HH:mm:ss.SSS)，强转TIMESTAMP&#039;,
date_str_irregular STRING COMMENT &#039;字符串日期(非标准格式，如20260204)，强转DATE&#039;,
id INT COMMENT &#039;主键ID&#039;,
user_name STRING COMMENT &#039;用户名（Spark中VARCHAR等价于STRING）&#039;,
age TINYINT COMMENT &#039;年龄&#039;,
phone BIGINT COMMENT &#039;手机号&#039;,
email STRING COMMENT &#039;邮箱&#039;,
salary DECIMAL(10, 2) COMMENT &#039;薪资&#039;,
is_active BOOLEAN COMMENT &#039;是否激活&#039;,
address STRING COMMENT &#039;地址&#039;,
score FLOAT COMMENT &#039;评分&#039;,
total_amount DOUBLE COMMENT &#039;总金额&#039;
) COMMENT &#039;时效性校验表&#039;;

INSERT INTO tableA (
create_date,
update_datetime,
work_time,
sync_timestamp,
date_str_ymd,
date_str_ymd_hms,
date_str_mdy,
date_str_ymd_hms_ms,
date_str_irregular,
id,
user_name,
age,
phone,
email,
salary,
is_active,
address,
score,
total_amount
)
VALUES
(
DATE &#039;2026-02-26&#039;,
TIMESTAMP &#039;2026-02-26 09:45:17&#039;,
&#039;08:30:00&#039;,
CURRENT_TIMESTAMP(),
&#039;2026-02-26&#039;,
&#039;2026-02-26 09:45:17&#039;,
&#039;18:20:30&#039;,
&#039;2026-02-26 09:45:17.123&#039;,
&#039;20260226&#039;,
1,
&#039;zhangsan&#039;,
25,
13800138000,
&#039;zhangsan@example.com&#039;,
15000.50,
TRUE,
&#039;北京市海淀区中关村&#039;,
95.5,
123456.789
),
(
DATE &#039;2026-01-01&#039;,
TIMESTAMP &#039;2026-12-31 23:59:59&#039;,
&#039;23:59:59&#039;,
TIMESTAMP &#039;2026-02-26 12:00:00&#039;,
&#039;2026-01-01&#039;,
&#039;2026-12-31 23:59:59&#039;,
&#039;00:00:00&#039;,
&#039;2026-02-26 12:34:56.789&#039;,
&#039;20260101&#039;,
2,
&#039;lisi&#039;,
30,
13900139000,
&#039;lisi@example.com&#039;,
20000.00,
FALSE,
&#039;上海市浦东新区陆家嘴&#039;,
88.8,
987654.321
),
(
DATE &#039;1970-01-01&#039;,
TIMESTAMP &#039;1970-01-01 00:00:00&#039;,
&#039;&#039;,
NULL,
&#039;&#039;,
&#039;&#039;,
&#039;&#039;,
&#039;&#039;,
&#039;20260204&#039;,
3,
&#039;&#039;,
0,
0,
&#039;&#039;,
0.00,
NULL,
&#039;&#039;,
0.0,
0.0
);","1. 进入「资产-数据质量-规则任务配置-监控对象」页面
2. 「规则名称」输入「test_rule」
「选择数据源」选择「${DATASOURCE}」
「选择数据库」选择「${DATABASE}」
「选择数据表」选择「${TABLE}」
3. 「监控规则」配置如下：
「监控规则」新增「一致性校验」
「校验类型」选择为「多表数据一致性比对」
「选择校验字段」选择为「user_name；age」
「选择校验表主键」选择为「id」
「选择对比表」为「${TABLE}」
「选择对比表主键」为「id」
「比对字段设置」配置为「校验表-user_name-->对比表-user_name；校验表-age-->对比表-age」
「强弱规则」选择「弱规则」
「规则描述」输入「测试规则」
配置「对比细节设置」为「数值差异百分比-小于等于0%」、「数值差异绝对值-小于等于0」、「数值对比忽略小数点-忽略小数点后2位」、「字符不区分大小写」、「空值与NULL等价」
4. 配置「调度属性」，保存规则，且「调度属性」中配置「规则报告」为最新结果
5. 临时运行规则，查看实例详情及质量报告","1. 页面正常打开
2. 监控对象配置成功；
进入「监控规则」配置页
3. 监控规则配置完成；
进入「调度属性」页面
4. 规则保存成功
5. 实例运行结果不通过，且实例详情展示正确，质量报告展示正确","1. 
2. 
3. 
4. 
5.","","2","功能测试","功能测试阶段","正常","0","1","5","通过","听筠","2026-02-28","","0000-00-00","1","",""
"182414","数据资产_STD(#23)","/版本迭代测试用例/v6.4.10/【内置规则丰富】一致性，多表数据一致性校验(#10353)","【岚图】【内置规则丰富】一致性，多表数据一致性校验(#15525)","验证「监控规则」-「一致性校验」-「多表数据一致性比对」区域配置交互正确","已存在spark表A
CREATE TABLE IF NOT EXISTS
tableA (
create_date DATE COMMENT &#039;日期类型&#039;,
update_datetime TIMESTAMP COMMENT &#039;日期时间类型（替代原DATETIME）&#039;,
work_time STRING COMMENT &#039;时间类型（Spark无TIME类型，用STRING存储HH:mm:ss）&#039;,
sync_timestamp TIMESTAMP COMMENT &#039;时间戳类型&#039;,
date_str_ymd STRING COMMENT &#039;字符串日期(yyyy-MM-dd)，强转DATE&#039;,
date_str_ymd_hms STRING COMMENT &#039;字符串日期时间(yyyy-MM-dd HH:mm:ss)，强转TIMESTAMP&#039;,
date_str_mdy STRING COMMENT &#039;字符串时间(HH:mm:ss)，强转STRING（Spark无TIME类型）&#039;,
date_str_ymd_hms_ms STRING COMMENT &#039;字符串日期时间(yyyy-MM-dd HH:mm:ss.SSS)，强转TIMESTAMP&#039;,
date_str_irregular STRING COMMENT &#039;字符串日期(非标准格式，如20260204)，强转DATE&#039;,
id INT COMMENT &#039;主键ID&#039;,
user_name STRING COMMENT &#039;用户名（Spark中VARCHAR等价于STRING）&#039;,
age TINYINT COMMENT &#039;年龄&#039;,
phone BIGINT COMMENT &#039;手机号&#039;,
email STRING COMMENT &#039;邮箱&#039;,
salary DECIMAL(10, 2) COMMENT &#039;薪资&#039;,
is_active BOOLEAN COMMENT &#039;是否激活&#039;,
address STRING COMMENT &#039;地址&#039;,
score FLOAT COMMENT &#039;评分&#039;,
total_amount DOUBLE COMMENT &#039;总金额&#039;
) COMMENT &#039;时效性校验表&#039;;

INSERT INTO tableA (
create_date,
update_datetime,
work_time,
sync_timestamp,
date_str_ymd,
date_str_ymd_hms,
date_str_mdy,
date_str_ymd_hms_ms,
date_str_irregular,
id,
user_name,
age,
phone,
email,
salary,
is_active,
address,
score,
total_amount
)
VALUES
(
DATE &#039;2026-02-26&#039;,
TIMESTAMP &#039;2026-02-26 09:45:17&#039;,
&#039;08:30:00&#039;,
CURRENT_TIMESTAMP(),
&#039;2026-02-26&#039;,
&#039;2026-02-26 09:45:17&#039;,
&#039;18:20:30&#039;,
&#039;2026-02-26 09:45:17.123&#039;,
&#039;20260226&#039;,
1,
&#039;zhangsan&#039;,
25,
13800138000,
&#039;zhangsan@example.com&#039;,
15000.50,
TRUE,
&#039;北京市海淀区中关村&#039;,
95.5,
123456.789
),
(
DATE &#039;2026-01-01&#039;,
TIMESTAMP &#039;2026-12-31 23:59:59&#039;,
&#039;23:59:59&#039;,
TIMESTAMP &#039;2026-02-26 12:00:00&#039;,
&#039;2026-01-01&#039;,
&#039;2026-12-31 23:59:59&#039;,
&#039;00:00:00&#039;,
&#039;2026-02-26 12:34:56.789&#039;,
&#039;20260101&#039;,
2,
&#039;lisi&#039;,
30,
13900139000,
&#039;lisi@example.com&#039;,
20000.00,
FALSE,
&#039;上海市浦东新区陆家嘴&#039;,
88.8,
987654.321
),
(
DATE &#039;1970-01-01&#039;,
TIMESTAMP &#039;1970-01-01 00:00:00&#039;,
&#039;&#039;,
NULL,
&#039;&#039;,
&#039;&#039;,
&#039;&#039;,
&#039;&#039;,
&#039;20260204&#039;,
3,
&#039;&#039;,
0,
0,
&#039;&#039;,
0.00,
NULL,
&#039;&#039;,
0.0,
0.0
);","1. 进入「资产-数据质量-规则任务配置-监控对象」页面
2. 「规则名称」输入「test_rule」
「选择数据源」选择「${DATASOURCE}」
「选择数据库」选择「${DATABASE}」
「选择数据表」选择「${TABLE}」
3. 点击【添加规则】按钮，选择「一致性校验」规则
4. 查看「选择校验字段」的“？”
5. 查看「选择校验字段」
6. 查看「选择校验表主键」
7. 查看「选择对比表主键」
8. 不配置「选择校验字段」","1. 页面正常打开
2. 监控对象配置成功；
进入「监控规则」配置页
3. 选择成功，页面显示「一致性校验」规则配置区域
4. 悬浮提示“若不选择校验字段则只判断主键的一致性”
5. 非必填，可多选
6. 必填，可多选
7. 必填，可多选
8. 下方不显示「比对字段设置」列表","1. 
2. 
3. 
4. 
5. 
6. 
7. 
8.","","3","功能测试","功能测试阶段","正常","0","1","8","通过","听筠","2026-02-28","","0000-00-00","1","",""
"182413","数据资产_STD(#23)","/版本迭代测试用例/v6.4.10/【内置规则丰富】一致性，多表数据一致性校验(#10353)","【岚图】【内置规则丰富】一致性，多表数据一致性校验(#15525)","验证「监控规则」-「一致性校验」-「多表数据一致性比对」-「选择校验字段」限制个数正确","已存在spark表A
CREATE TABLE IF NOT EXISTS
tableA (
create_date DATE COMMENT &#039;日期类型&#039;,
update_datetime TIMESTAMP COMMENT &#039;日期时间类型（替代原DATETIME）&#039;,
work_time STRING COMMENT &#039;时间类型（Spark无TIME类型，用STRING存储HH:mm:ss）&#039;,
sync_timestamp TIMESTAMP COMMENT &#039;时间戳类型&#039;,
date_str_ymd STRING COMMENT &#039;字符串日期(yyyy-MM-dd)，强转DATE&#039;,
date_str_ymd_hms STRING COMMENT &#039;字符串日期时间(yyyy-MM-dd HH:mm:ss)，强转TIMESTAMP&#039;,
date_str_mdy STRING COMMENT &#039;字符串时间(HH:mm:ss)，强转STRING（Spark无TIME类型）&#039;,
date_str_ymd_hms_ms STRING COMMENT &#039;字符串日期时间(yyyy-MM-dd HH:mm:ss.SSS)，强转TIMESTAMP&#039;,
date_str_irregular STRING COMMENT &#039;字符串日期(非标准格式，如20260204)，强转DATE&#039;,
id INT COMMENT &#039;主键ID&#039;,
user_name STRING COMMENT &#039;用户名（Spark中VARCHAR等价于STRING）&#039;,
age TINYINT COMMENT &#039;年龄&#039;,
phone BIGINT COMMENT &#039;手机号&#039;,
email STRING COMMENT &#039;邮箱&#039;,
salary DECIMAL(10, 2) COMMENT &#039;薪资&#039;,
is_active BOOLEAN COMMENT &#039;是否激活&#039;,
address STRING COMMENT &#039;地址&#039;,
score FLOAT COMMENT &#039;评分&#039;,
total_amount DOUBLE COMMENT &#039;总金额&#039;
) COMMENT &#039;时效性校验表&#039;;

INSERT INTO tableA (
create_date,
update_datetime,
work_time,
sync_timestamp,
date_str_ymd,
date_str_ymd_hms,
date_str_mdy,
date_str_ymd_hms_ms,
date_str_irregular,
id,
user_name,
age,
phone,
email,
salary,
is_active,
address,
score,
total_amount
)
VALUES
(
DATE &#039;2026-02-26&#039;,
TIMESTAMP &#039;2026-02-26 09:45:17&#039;,
&#039;08:30:00&#039;,
CURRENT_TIMESTAMP(),
&#039;2026-02-26&#039;,
&#039;2026-02-26 09:45:17&#039;,
&#039;18:20:30&#039;,
&#039;2026-02-26 09:45:17.123&#039;,
&#039;20260226&#039;,
1,
&#039;zhangsan&#039;,
25,
13800138000,
&#039;zhangsan@example.com&#039;,
15000.50,
TRUE,
&#039;北京市海淀区中关村&#039;,
95.5,
123456.789
),
(
DATE &#039;2026-01-01&#039;,
TIMESTAMP &#039;2026-12-31 23:59:59&#039;,
&#039;23:59:59&#039;,
TIMESTAMP &#039;2026-02-26 12:00:00&#039;,
&#039;2026-01-01&#039;,
&#039;2026-12-31 23:59:59&#039;,
&#039;00:00:00&#039;,
&#039;2026-02-26 12:34:56.789&#039;,
&#039;20260101&#039;,
2,
&#039;lisi&#039;,
30,
13900139000,
&#039;lisi@example.com&#039;,
20000.00,
FALSE,
&#039;上海市浦东新区陆家嘴&#039;,
88.8,
987654.321
),
(
DATE &#039;1970-01-01&#039;,
TIMESTAMP &#039;1970-01-01 00:00:00&#039;,
&#039;&#039;,
NULL,
&#039;&#039;,
&#039;&#039;,
&#039;&#039;,
&#039;&#039;,
&#039;20260204&#039;,
3,
&#039;&#039;,
0,
0,
&#039;&#039;,
0.00,
NULL,
&#039;&#039;,
0.0,
0.0
);","1. 进入「资产-数据质量-规则任务配置-监控对象」页面
2. 「规则名称」输入「test_rule」
「选择数据源」选择「${DATASOURCE}」
「选择数据库」选择「${DATABASE}」
「选择数据表」选择「${TABLE}」
3. 点击【添加规则】按钮，选择「一致性校验」规则
4. 配置10个「选择校验字段」
5. 配置11个「选择校验字段」","1. 页面正常打开
2. 监控对象配置成功；
进入「监控规则」配置页
3. 选择成功，页面显示「一致性校验」规则配置区域
4. 配置成功
5. 提示最多配置10个校验字段","1. 
2. 
3. 
4. 
5.","","3","功能测试","功能测试阶段","正常","0","1","5","通过","听筠","2026-02-28","","0000-00-00","1","",""
"182412","数据资产_STD(#23)","/版本迭代测试用例/v6.4.10/【内置规则丰富】一致性，多表数据一致性校验(#10353)","【岚图】【内置规则丰富】一致性，多表数据一致性校验(#15525)","验证「监控规则」-「一致性校验」-「多表数据一致性比对」-「选择对比表」限制个数正确","已存在spark表A
CREATE TABLE IF NOT EXISTS
tableA (
create_date DATE COMMENT &#039;日期类型&#039;,
update_datetime TIMESTAMP COMMENT &#039;日期时间类型（替代原DATETIME）&#039;,
work_time STRING COMMENT &#039;时间类型（Spark无TIME类型，用STRING存储HH:mm:ss）&#039;,
sync_timestamp TIMESTAMP COMMENT &#039;时间戳类型&#039;,
date_str_ymd STRING COMMENT &#039;字符串日期(yyyy-MM-dd)，强转DATE&#039;,
date_str_ymd_hms STRING COMMENT &#039;字符串日期时间(yyyy-MM-dd HH:mm:ss)，强转TIMESTAMP&#039;,
date_str_mdy STRING COMMENT &#039;字符串时间(HH:mm:ss)，强转STRING（Spark无TIME类型）&#039;,
date_str_ymd_hms_ms STRING COMMENT &#039;字符串日期时间(yyyy-MM-dd HH:mm:ss.SSS)，强转TIMESTAMP&#039;,
date_str_irregular STRING COMMENT &#039;字符串日期(非标准格式，如20260204)，强转DATE&#039;,
id INT COMMENT &#039;主键ID&#039;,
user_name STRING COMMENT &#039;用户名（Spark中VARCHAR等价于STRING）&#039;,
age TINYINT COMMENT &#039;年龄&#039;,
phone BIGINT COMMENT &#039;手机号&#039;,
email STRING COMMENT &#039;邮箱&#039;,
salary DECIMAL(10, 2) COMMENT &#039;薪资&#039;,
is_active BOOLEAN COMMENT &#039;是否激活&#039;,
address STRING COMMENT &#039;地址&#039;,
score FLOAT COMMENT &#039;评分&#039;,
total_amount DOUBLE COMMENT &#039;总金额&#039;
) COMMENT &#039;时效性校验表&#039;;

INSERT INTO tableA (
create_date,
update_datetime,
work_time,
sync_timestamp,
date_str_ymd,
date_str_ymd_hms,
date_str_mdy,
date_str_ymd_hms_ms,
date_str_irregular,
id,
user_name,
age,
phone,
email,
salary,
is_active,
address,
score,
total_amount
)
VALUES
(
DATE &#039;2026-02-26&#039;,
TIMESTAMP &#039;2026-02-26 09:45:17&#039;,
&#039;08:30:00&#039;,
CURRENT_TIMESTAMP(),
&#039;2026-02-26&#039;,
&#039;2026-02-26 09:45:17&#039;,
&#039;18:20:30&#039;,
&#039;2026-02-26 09:45:17.123&#039;,
&#039;20260226&#039;,
1,
&#039;zhangsan&#039;,
25,
13800138000,
&#039;zhangsan@example.com&#039;,
15000.50,
TRUE,
&#039;北京市海淀区中关村&#039;,
95.5,
123456.789
),
(
DATE &#039;2026-01-01&#039;,
TIMESTAMP &#039;2026-12-31 23:59:59&#039;,
&#039;23:59:59&#039;,
TIMESTAMP &#039;2026-02-26 12:00:00&#039;,
&#039;2026-01-01&#039;,
&#039;2026-12-31 23:59:59&#039;,
&#039;00:00:00&#039;,
&#039;2026-02-26 12:34:56.789&#039;,
&#039;20260101&#039;,
2,
&#039;lisi&#039;,
30,
13900139000,
&#039;lisi@example.com&#039;,
20000.00,
FALSE,
&#039;上海市浦东新区陆家嘴&#039;,
88.8,
987654.321
),
(
DATE &#039;1970-01-01&#039;,
TIMESTAMP &#039;1970-01-01 00:00:00&#039;,
&#039;&#039;,
NULL,
&#039;&#039;,
&#039;&#039;,
&#039;&#039;,
&#039;&#039;,
&#039;20260204&#039;,
3,
&#039;&#039;,
0,
0,
&#039;&#039;,
0.00,
NULL,
&#039;&#039;,
0.0,
0.0
);","1. 进入「资产-数据质量-规则任务配置-监控对象」页面
2. 「规则名称」输入「test_rule」
「选择数据源」选择「${DATASOURCE}」
「选择数据库」选择「${DATABASE}」
「选择数据表」选择「${TABLE}」
3. 点击【添加规则】按钮，选择「一致性校验」规则
4. 配置10个「对比表」
5. 配置11个「对比表」","1. 页面正常打开
2. 监控对象配置成功；
进入「监控规则」配置页
3. 选择成功，页面显示「一致性校验」规则配置区域
4. 配置成功
5. 提示最多配置10个对比表","1. 
2. 
3. 
4. 
5.","","3","功能测试","功能测试阶段","正常","0","1","5","通过","听筠","2026-02-28","","0000-00-00","1","",""
"182411","数据资产_STD(#23)","/版本迭代测试用例/v6.4.10/【内置规则丰富】一致性，多表数据一致性校验(#10353)","【岚图】【内置规则丰富】一致性，多表数据一致性校验(#15525)","验证「监控规则」-「一致性校验」-「多表数据一致性比对」任务通过结果详情正确","已存在spark表A
CREATE TABLE IF NOT EXISTS
tableA (
create_date DATE COMMENT &#039;日期类型&#039;,
update_datetime TIMESTAMP COMMENT &#039;日期时间类型（替代原DATETIME）&#039;,
work_time STRING COMMENT &#039;时间类型（Spark无TIME类型，用STRING存储HH:mm:ss）&#039;,
sync_timestamp TIMESTAMP COMMENT &#039;时间戳类型&#039;,
date_str_ymd STRING COMMENT &#039;字符串日期(yyyy-MM-dd)，强转DATE&#039;,
date_str_ymd_hms STRING COMMENT &#039;字符串日期时间(yyyy-MM-dd HH:mm:ss)，强转TIMESTAMP&#039;,
date_str_mdy STRING COMMENT &#039;字符串时间(HH:mm:ss)，强转STRING（Spark无TIME类型）&#039;,
date_str_ymd_hms_ms STRING COMMENT &#039;字符串日期时间(yyyy-MM-dd HH:mm:ss.SSS)，强转TIMESTAMP&#039;,
date_str_irregular STRING COMMENT &#039;字符串日期(非标准格式，如20260204)，强转DATE&#039;,
id INT COMMENT &#039;主键ID&#039;,
user_name STRING COMMENT &#039;用户名（Spark中VARCHAR等价于STRING）&#039;,
age TINYINT COMMENT &#039;年龄&#039;,
phone BIGINT COMMENT &#039;手机号&#039;,
email STRING COMMENT &#039;邮箱&#039;,
salary DECIMAL(10, 2) COMMENT &#039;薪资&#039;,
is_active BOOLEAN COMMENT &#039;是否激活&#039;,
address STRING COMMENT &#039;地址&#039;,
score FLOAT COMMENT &#039;评分&#039;,
total_amount DOUBLE COMMENT &#039;总金额&#039;
) COMMENT &#039;时效性校验表&#039;;

INSERT INTO tableA (
create_date,
update_datetime,
work_time,
sync_timestamp,
date_str_ymd,
date_str_ymd_hms,
date_str_mdy,
date_str_ymd_hms_ms,
date_str_irregular,
id,
user_name,
age,
phone,
email,
salary,
is_active,
address,
score,
total_amount
)
VALUES
(
DATE &#039;2026-02-26&#039;,
TIMESTAMP &#039;2026-02-26 09:45:17&#039;,
&#039;08:30:00&#039;,
CURRENT_TIMESTAMP(),
&#039;2026-02-26&#039;,
&#039;2026-02-26 09:45:17&#039;,
&#039;18:20:30&#039;,
&#039;2026-02-26 09:45:17.123&#039;,
&#039;20260226&#039;,
1,
&#039;zhangsan&#039;,
25,
13800138000,
&#039;zhangsan@example.com&#039;,
15000.50,
TRUE,
&#039;北京市海淀区中关村&#039;,
95.5,
123456.789
),
(
DATE &#039;2026-01-01&#039;,
TIMESTAMP &#039;2026-12-31 23:59:59&#039;,
&#039;23:59:59&#039;,
TIMESTAMP &#039;2026-02-26 12:00:00&#039;,
&#039;2026-01-01&#039;,
&#039;2026-12-31 23:59:59&#039;,
&#039;00:00:00&#039;,
&#039;2026-02-26 12:34:56.789&#039;,
&#039;20260101&#039;,
2,
&#039;lisi&#039;,
30,
13900139000,
&#039;lisi@example.com&#039;,
20000.00,
FALSE,
&#039;上海市浦东新区陆家嘴&#039;,
88.8,
987654.321
),
(
DATE &#039;1970-01-01&#039;,
TIMESTAMP &#039;1970-01-01 00:00:00&#039;,
&#039;&#039;,
NULL,
&#039;&#039;,
&#039;&#039;,
&#039;&#039;,
&#039;&#039;,
&#039;20260204&#039;,
3,
&#039;&#039;,
0,
0,
&#039;&#039;,
0.00,
NULL,
&#039;&#039;,
0.0,
0.0
);","1. 进入「资产-数据质量-规则任务配置-监控对象」页面
2. 「规则名称」输入「test_rule」
「选择数据源」选择「${DATASOURCE}」
「选择数据库」选择「${DATABASE}」
「选择数据表」选择「${TABLE}」
3. 「监控规则」配置如下：
「监控规则」新增「一致性校验」
「校验类型」选择为「多表数据一致性比对」
「选择校验字段」选择为「user_name；age」
「选择校验表主键」选择为「id」
「选择对比表」为「${TABLE}」
「选择对比表主键」为「id」
「比对字段设置」配置为「校验表-user_name-->对比表-user_name；校验表-age-->对比表-age」
「强弱规则」选择「弱规则」
「规则描述」输入「测试规则」
不配置「对比细节设置」
4. 配置「调度属性」，保存规则，且「调度属性」中配置「规则报告」为最新结果
5. 临时运行规则
6. 查看实例详情
7. 点击【监控报告】tab
8. 点击【表级报告】tab","1. 页面正常打开
2. 监控对象配置成功；
进入「监控规则」配置页
3. 监控规则配置完成；
进入「调度属性」页面
4. 规则保存成功
5. 实例运行结果符合预期
6. 抽屉式展开详情，页面包含：
任务名称、监控报告tab、表级报告tab
7. 包含「一致性校验」-「多表数据一致性比对」配置的详情、比对字段设置详情、比对规则详情（仅展示勾选的）
8. 包含
1）数据表信息汇总（表名、总分区数量、数据源、数据源类型、数据库），空白时显示“--”；
2）表级统计（记录数、报警数），空白时显示“--”；
3）最近30次综合报告（记录数平均波动率、平均记录数、日平均告警数、平均告警数）；
4）最近30次表级统计；
5）最近30次表数据波动图","1. 
2. 
3. 
4. 
5. 
6. 
7. 
8.","","2","功能测试","功能测试阶段","正常","0","1","8","通过","听筠","2026-02-28","","0000-00-00","1","",""
"182410","数据资产_STD(#23)","/版本迭代测试用例/v6.4.10/【内置规则丰富】一致性，多表数据一致性校验(#10353)","【岚图】【内置规则丰富】一致性，多表数据一致性校验(#15525)","验证「监控规则」-「一致性校验」-「多表数据一致性比对」任务不通过/失败 结果详情正确","已存在spark表A
CREATE TABLE IF NOT EXISTS
tableA (
create_date DATE COMMENT &#039;日期类型&#039;,
update_datetime TIMESTAMP COMMENT &#039;日期时间类型（替代原DATETIME）&#039;,
work_time STRING COMMENT &#039;时间类型（Spark无TIME类型，用STRING存储HH:mm:ss）&#039;,
sync_timestamp TIMESTAMP COMMENT &#039;时间戳类型&#039;,
date_str_ymd STRING COMMENT &#039;字符串日期(yyyy-MM-dd)，强转DATE&#039;,
date_str_ymd_hms STRING COMMENT &#039;字符串日期时间(yyyy-MM-dd HH:mm:ss)，强转TIMESTAMP&#039;,
date_str_mdy STRING COMMENT &#039;字符串时间(HH:mm:ss)，强转STRING（Spark无TIME类型）&#039;,
date_str_ymd_hms_ms STRING COMMENT &#039;字符串日期时间(yyyy-MM-dd HH:mm:ss.SSS)，强转TIMESTAMP&#039;,
date_str_irregular STRING COMMENT &#039;字符串日期(非标准格式，如20260204)，强转DATE&#039;,
id INT COMMENT &#039;主键ID&#039;,
user_name STRING COMMENT &#039;用户名（Spark中VARCHAR等价于STRING）&#039;,
age TINYINT COMMENT &#039;年龄&#039;,
phone BIGINT COMMENT &#039;手机号&#039;,
email STRING COMMENT &#039;邮箱&#039;,
salary DECIMAL(10, 2) COMMENT &#039;薪资&#039;,
is_active BOOLEAN COMMENT &#039;是否激活&#039;,
address STRING COMMENT &#039;地址&#039;,
score FLOAT COMMENT &#039;评分&#039;,
total_amount DOUBLE COMMENT &#039;总金额&#039;
) COMMENT &#039;时效性校验表&#039;;

INSERT INTO tableA (
create_date,
update_datetime,
work_time,
sync_timestamp,
date_str_ymd,
date_str_ymd_hms,
date_str_mdy,
date_str_ymd_hms_ms,
date_str_irregular,
id,
user_name,
age,
phone,
email,
salary,
is_active,
address,
score,
total_amount
)
VALUES
(
DATE &#039;2026-02-26&#039;,
TIMESTAMP &#039;2026-02-26 09:45:17&#039;,
&#039;08:30:00&#039;,
CURRENT_TIMESTAMP(),
&#039;2026-02-26&#039;,
&#039;2026-02-26 09:45:17&#039;,
&#039;18:20:30&#039;,
&#039;2026-02-26 09:45:17.123&#039;,
&#039;20260226&#039;,
1,
&#039;zhangsan&#039;,
25,
13800138000,
&#039;zhangsan@example.com&#039;,
15000.50,
TRUE,
&#039;北京市海淀区中关村&#039;,
95.5,
123456.789
),
(
DATE &#039;2026-01-01&#039;,
TIMESTAMP &#039;2026-12-31 23:59:59&#039;,
&#039;23:59:59&#039;,
TIMESTAMP &#039;2026-02-26 12:00:00&#039;,
&#039;2026-01-01&#039;,
&#039;2026-12-31 23:59:59&#039;,
&#039;00:00:00&#039;,
&#039;2026-02-26 12:34:56.789&#039;,
&#039;20260101&#039;,
2,
&#039;lisi&#039;,
30,
13900139000,
&#039;lisi@example.com&#039;,
20000.00,
FALSE,
&#039;上海市浦东新区陆家嘴&#039;,
88.8,
987654.321
),
(
DATE &#039;1970-01-01&#039;,
TIMESTAMP &#039;1970-01-01 00:00:00&#039;,
&#039;&#039;,
NULL,
&#039;&#039;,
&#039;&#039;,
&#039;&#039;,
&#039;&#039;,
&#039;20260204&#039;,
3,
&#039;&#039;,
0,
0,
&#039;&#039;,
0.00,
NULL,
&#039;&#039;,
0.0,
0.0
);","1. 进入「资产-数据质量-规则任务配置-监控对象」页面
2. 「规则名称」输入「test_rule」
「选择数据源」选择「${DATASOURCE}」
「选择数据库」选择「${DATABASE}」
「选择数据表」选择「${TABLE}」
3. 「监控规则」配置如下：
「监控规则」新增「一致性校验」
「校验类型」选择为「多表数据一致性比对」
「选择校验字段」选择为「user_name；age」
「选择校验表主键」选择为「id」
「选择对比表」为「${TABLE}」
「选择对比表主键」为「id」
「比对字段设置」配置为「校验表-user_name-->对比表-age；校验表-age-->对比表-name」
「强弱规则」选择「弱规则」
「规则描述」输入「测试规则」
不配置「对比细节设置」
4. 配置「调度属性」，保存规则，且「调度属性」中配置「规则报告」为最新结果
5. 临时运行规则
6. 查看不通过的实例详情
7. 点击【监控报告】tab
8. 点击【表级报告】tab
9. 查看运行失败的示例详情","1. 页面正常打开
2. 监控对象配置成功；
进入「监控规则」配置页
3. 监控规则配置完成；
进入「调度属性」页面
4. 规则保存成功
5. 实例运行结果符合预期
6. 抽屉式展开详情，页面包含：
任务名称、监控报告tab、表级报告tab
7. 1）都展示「一致性校验」-「多表数据一致性比对」配置的详情；
2）校验未通过的规则支持查看明细
8. 包含：
1）数据表信息汇总（表名、总分区数量、数据源、数据源类型、数据库），空白时显示“--”；
2）表级统计（记录数、报警数），空白时显示“--”；
3）最近30次综合报告（记录数平均波动率、平均记录数、日平均告警数、平均告警数）；
4）最近30次表级统计；
5）最近30次表数据波动图
9. 1）展示「一致性校验」-「多表数据一致性比对」配置的详情；
2）运行失败的规则支持查看日志","1. 
2. 
3. 
4. 
5. 
6. 
7. 
8. 
9.","","2","功能测试","功能测试阶段","正常","0","1","9","通过","听筠","2026-02-28","","0000-00-00","1","",""
"182409","数据资产_STD(#23)","/版本迭代测试用例/v6.4.10/【内置规则丰富】一致性，多表数据一致性校验(#10353)","【岚图】【内置规则丰富】一致性，多表数据一致性校验(#15525)","验证「监控规则」-「一致性校验」-「多表数据一致性比对」不通过任务查看明细正确","已存在spark表A
CREATE TABLE IF NOT EXISTS
tableA (
create_date DATE COMMENT &#039;日期类型&#039;,
update_datetime TIMESTAMP COMMENT &#039;日期时间类型（替代原DATETIME）&#039;,
work_time STRING COMMENT &#039;时间类型（Spark无TIME类型，用STRING存储HH:mm:ss）&#039;,
sync_timestamp TIMESTAMP COMMENT &#039;时间戳类型&#039;,
date_str_ymd STRING COMMENT &#039;字符串日期(yyyy-MM-dd)，强转DATE&#039;,
date_str_ymd_hms STRING COMMENT &#039;字符串日期时间(yyyy-MM-dd HH:mm:ss)，强转TIMESTAMP&#039;,
date_str_mdy STRING COMMENT &#039;字符串时间(HH:mm:ss)，强转STRING（Spark无TIME类型）&#039;,
date_str_ymd_hms_ms STRING COMMENT &#039;字符串日期时间(yyyy-MM-dd HH:mm:ss.SSS)，强转TIMESTAMP&#039;,
date_str_irregular STRING COMMENT &#039;字符串日期(非标准格式，如20260204)，强转DATE&#039;,
id INT COMMENT &#039;主键ID&#039;,
user_name STRING COMMENT &#039;用户名（Spark中VARCHAR等价于STRING）&#039;,
age TINYINT COMMENT &#039;年龄&#039;,
phone BIGINT COMMENT &#039;手机号&#039;,
email STRING COMMENT &#039;邮箱&#039;,
salary DECIMAL(10, 2) COMMENT &#039;薪资&#039;,
is_active BOOLEAN COMMENT &#039;是否激活&#039;,
address STRING COMMENT &#039;地址&#039;,
score FLOAT COMMENT &#039;评分&#039;,
total_amount DOUBLE COMMENT &#039;总金额&#039;
) COMMENT &#039;时效性校验表&#039;;

INSERT INTO tableA (
create_date,
update_datetime,
work_time,
sync_timestamp,
date_str_ymd,
date_str_ymd_hms,
date_str_mdy,
date_str_ymd_hms_ms,
date_str_irregular,
id,
user_name,
age,
phone,
email,
salary,
is_active,
address,
score,
total_amount
)
VALUES
(
DATE &#039;2026-02-26&#039;,
TIMESTAMP &#039;2026-02-26 09:45:17&#039;,
&#039;08:30:00&#039;,
CURRENT_TIMESTAMP(),
&#039;2026-02-26&#039;,
&#039;2026-02-26 09:45:17&#039;,
&#039;18:20:30&#039;,
&#039;2026-02-26 09:45:17.123&#039;,
&#039;20260226&#039;,
1,
&#039;zhangsan&#039;,
25,
13800138000,
&#039;zhangsan@example.com&#039;,
15000.50,
TRUE,
&#039;北京市海淀区中关村&#039;,
95.5,
123456.789
),
(
DATE &#039;2026-01-01&#039;,
TIMESTAMP &#039;2026-12-31 23:59:59&#039;,
&#039;23:59:59&#039;,
TIMESTAMP &#039;2026-02-26 12:00:00&#039;,
&#039;2026-01-01&#039;,
&#039;2026-12-31 23:59:59&#039;,
&#039;00:00:00&#039;,
&#039;2026-02-26 12:34:56.789&#039;,
&#039;20260101&#039;,
2,
&#039;lisi&#039;,
30,
13900139000,
&#039;lisi@example.com&#039;,
20000.00,
FALSE,
&#039;上海市浦东新区陆家嘴&#039;,
88.8,
987654.321
),
(
DATE &#039;1970-01-01&#039;,
TIMESTAMP &#039;1970-01-01 00:00:00&#039;,
&#039;&#039;,
NULL,
&#039;&#039;,
&#039;&#039;,
&#039;&#039;,
&#039;&#039;,
&#039;20260204&#039;,
3,
&#039;&#039;,
0,
0,
&#039;&#039;,
0.00,
NULL,
&#039;&#039;,
0.0,
0.0
);","1. 进入「资产-数据质量-规则任务配置-监控对象」页面
2. 「规则名称」输入「test_rule」
「选择数据源」选择「${DATASOURCE}」
「选择数据库」选择「${DATABASE}」
「选择数据表」选择「${TABLE}」
3. 「监控规则」配置如下：
1）（选择校验字段且不配置对比细节：）
「监控规则1」新增「一致性校验」
「校验类型」选择为「多表数据一致性比对」
「选择校验字段」选择为「user_name；age」
「选择校验表主键」选择为「id」
「选择对比表」为「${TABLE}」
「选择对比表主键」为「id」
「比对字段设置」配置为
「校验表-user_name-->对比表-age；校验表-age-->对比表-user_name」
「强弱规则」选择「弱规则」
「规则描述」输入「测试规则」
不配置「对比细节设置」
2）（选择校验字段且配置对比细节：）
「监控规则2」新增「一致性校验」
「校验类型」选择为「多表数据一致性比对」
「选择校验字段」选择为「phone 」
「选择校验表主键」选择为「id」
「选择对比表」为「${TABLE}」
「选择对比表主键」为「id」
「比对字段设置」配置为
「校验表-phone -->对比表-age」
「强弱规则」选择「弱规则」
「规则描述」输入「测试规则」
配置「对比细节设置」为「数值差异百分比-小于等于0%」
3）（不选择校验字段：）
「监控规则3」新增「一致性校验」
「校验类型」选择为「多表数据一致性比对」
不配置「选择校验字段」
「选择校验表主键」选择为「id」
「选择对比表」为「${TABLE}」
「选择对比表主键」为「id」
「强弱规则」选择「弱规则」
「规则描述」输入「测试规则」
不配置「对比细节设置」
4. 配置「调度属性」，保存规则，且「调度属性」中配置「规则报告」为最新结果
5. 临时运行规则
6. 点击查看不通过明细
7. 点击【下载明细】按钮","1. 页面正常打开
2. 监控对象配置成功；
进入「监控规则」配置页
3. 监控规则配置完成；
进入「调度属性」页面
4. 规则保存成功
5. 实例运行结果不通过
6. 1）标题显示为“查看“一致性校验-多表数据一致性比对”明细”
2）记录所有不符合规则的数据
3）列表显示，表头为规则校验的「表.主键」、「表.字段」
4）不做标红处理
7. 支持下载明细，内容正确","1. 
2. 
3. 
4. 
5. 
6. 
7.","","2","功能测试","功能测试阶段","正常","0","1","7","通过","听筠","2026-02-28","","0000-00-00","1","",""
"182408","数据资产_STD(#23)","/版本迭代测试用例/v6.4.10/【内置规则丰富】一致性，多表数据一致性校验(#10353)","【岚图】【内置规则丰富】一致性，多表数据一致性校验(#15525)","验证「监控规则」-「一致性校验」-「多表数据一致性比对」任务通过质量报告正确","已存在spark表A
CREATE TABLE IF NOT EXISTS
tableA (
create_date DATE COMMENT &#039;日期类型&#039;,
update_datetime TIMESTAMP COMMENT &#039;日期时间类型（替代原DATETIME）&#039;,
work_time STRING COMMENT &#039;时间类型（Spark无TIME类型，用STRING存储HH:mm:ss）&#039;,
sync_timestamp TIMESTAMP COMMENT &#039;时间戳类型&#039;,
date_str_ymd STRING COMMENT &#039;字符串日期(yyyy-MM-dd)，强转DATE&#039;,
date_str_ymd_hms STRING COMMENT &#039;字符串日期时间(yyyy-MM-dd HH:mm:ss)，强转TIMESTAMP&#039;,
date_str_mdy STRING COMMENT &#039;字符串时间(HH:mm:ss)，强转STRING（Spark无TIME类型）&#039;,
date_str_ymd_hms_ms STRING COMMENT &#039;字符串日期时间(yyyy-MM-dd HH:mm:ss.SSS)，强转TIMESTAMP&#039;,
date_str_irregular STRING COMMENT &#039;字符串日期(非标准格式，如20260204)，强转DATE&#039;,
id INT COMMENT &#039;主键ID&#039;,
user_name STRING COMMENT &#039;用户名（Spark中VARCHAR等价于STRING）&#039;,
age TINYINT COMMENT &#039;年龄&#039;,
phone BIGINT COMMENT &#039;手机号&#039;,
email STRING COMMENT &#039;邮箱&#039;,
salary DECIMAL(10, 2) COMMENT &#039;薪资&#039;,
is_active BOOLEAN COMMENT &#039;是否激活&#039;,
address STRING COMMENT &#039;地址&#039;,
score FLOAT COMMENT &#039;评分&#039;,
total_amount DOUBLE COMMENT &#039;总金额&#039;
) COMMENT &#039;时效性校验表&#039;;

INSERT INTO tableA (
create_date,
update_datetime,
work_time,
sync_timestamp,
date_str_ymd,
date_str_ymd_hms,
date_str_mdy,
date_str_ymd_hms_ms,
date_str_irregular,
id,
user_name,
age,
phone,
email,
salary,
is_active,
address,
score,
total_amount
)
VALUES
(
DATE &#039;2026-02-26&#039;,
TIMESTAMP &#039;2026-02-26 09:45:17&#039;,
&#039;08:30:00&#039;,
CURRENT_TIMESTAMP(),
&#039;2026-02-26&#039;,
&#039;2026-02-26 09:45:17&#039;,
&#039;18:20:30&#039;,
&#039;2026-02-26 09:45:17.123&#039;,
&#039;20260226&#039;,
1,
&#039;zhangsan&#039;,
25,
13800138000,
&#039;zhangsan@example.com&#039;,
15000.50,
TRUE,
&#039;北京市海淀区中关村&#039;,
95.5,
123456.789
),
(
DATE &#039;2026-01-01&#039;,
TIMESTAMP &#039;2026-12-31 23:59:59&#039;,
&#039;23:59:59&#039;,
TIMESTAMP &#039;2026-02-26 12:00:00&#039;,
&#039;2026-01-01&#039;,
&#039;2026-12-31 23:59:59&#039;,
&#039;00:00:00&#039;,
&#039;2026-02-26 12:34:56.789&#039;,
&#039;20260101&#039;,
2,
&#039;lisi&#039;,
30,
13900139000,
&#039;lisi@example.com&#039;,
20000.00,
FALSE,
&#039;上海市浦东新区陆家嘴&#039;,
88.8,
987654.321
),
(
DATE &#039;1970-01-01&#039;,
TIMESTAMP &#039;1970-01-01 00:00:00&#039;,
&#039;&#039;,
NULL,
&#039;&#039;,
&#039;&#039;,
&#039;&#039;,
&#039;&#039;,
&#039;20260204&#039;,
3,
&#039;&#039;,
0,
0,
&#039;&#039;,
0.00,
NULL,
&#039;&#039;,
0.0,
0.0
);","1. 进入「资产-数据质量-规则任务配置-监控对象」页面
2. 「规则名称」输入「test_rule」
「选择数据源」选择「${DATASOURCE}」
「选择数据库」选择「${DATABASE}」
「选择数据表」选择「${TABLE}」
3. 「监控规则」配置如下：
「监控规则」新增「一致性校验」
「校验类型」选择为「多表数据一致性比对」
「选择校验字段」选择为「user_name；age」
「选择校验表主键」选择为「id」
「选择对比表」为「${TABLE}」
「选择对比表主键」为「id」
「比对字段设置」配置为「校验表-user_name-->对比表-user_name；校验表-age-->对比表-age」
「强弱规则」选择「弱规则」
「规则描述」输入「测试规则」
不配置「对比细节设置」
4. 配置「调度属性」，保存规则，且「调度属性」中配置「规则报告」为最新结果
5. 临时运行规则，查看质量报告
6. 查看「质量评估汇总」区域
7. 查看「规则校验明细」区域","1. 页面正常打开
2. 监控对象配置成功；
进入「监控规则」配置页
3. 监控规则配置完成；
进入「调度属性」页面
4. 规则保存成功
5. 页面包含：
1）报告进入目录
2）质量评估汇总区域
3）规则校验明细区域
6. 显示为：
1）规则名：「test_rule」
2）数据源：「${DATASOURCE}」
3）数据库：「${DATABASE}」
4）检测数据范围：--
5）表行数：「${表行数}」
6）抽样行数：--
7）字段数：「${字段数}」
8）车辆数：「${车辆数}」
9）校验规则数：1
10）校验通过率：100%
7. 显示为：
1）规则类型：一致性校验
2）规则名称：多表数据一致性校验
3）字段名称：user_name;age
4）字段类型：STRING;TINYINT
5）质验结果：校验通过
6）未通过原因：--
7）详情说明：对比表为「${TABLE}」，校验字段的数据一致性符合规则
8）最近一次校验结束时间：「${校验结束时间}」
9）操作：--","1. 
2. 
3. 
4. 
5. 
6. 
7.","","1","功能测试","功能测试阶段","正常","0","2","7","通过","听筠","2026-02-28","","0000-00-00","1","",""
"182407","数据资产_STD(#23)","/版本迭代测试用例/v6.4.10/【内置规则丰富】一致性，多表数据一致性校验(#10353)","【岚图】【内置规则丰富】一致性，多表数据一致性校验(#15525)","验证「监控规则」-「一致性校验」-「多表数据一致性比对」任务不通过质量报告正确","已存在spark表A
CREATE TABLE IF NOT EXISTS
tableA (
create_date DATE COMMENT &#039;日期类型&#039;,
update_datetime TIMESTAMP COMMENT &#039;日期时间类型（替代原DATETIME）&#039;,
work_time STRING COMMENT &#039;时间类型（Spark无TIME类型，用STRING存储HH:mm:ss）&#039;,
sync_timestamp TIMESTAMP COMMENT &#039;时间戳类型&#039;,
date_str_ymd STRING COMMENT &#039;字符串日期(yyyy-MM-dd)，强转DATE&#039;,
date_str_ymd_hms STRING COMMENT &#039;字符串日期时间(yyyy-MM-dd HH:mm:ss)，强转TIMESTAMP&#039;,
date_str_mdy STRING COMMENT &#039;字符串时间(HH:mm:ss)，强转STRING（Spark无TIME类型）&#039;,
date_str_ymd_hms_ms STRING COMMENT &#039;字符串日期时间(yyyy-MM-dd HH:mm:ss.SSS)，强转TIMESTAMP&#039;,
date_str_irregular STRING COMMENT &#039;字符串日期(非标准格式，如20260204)，强转DATE&#039;,
id INT COMMENT &#039;主键ID&#039;,
user_name STRING COMMENT &#039;用户名（Spark中VARCHAR等价于STRING）&#039;,
age TINYINT COMMENT &#039;年龄&#039;,
phone BIGINT COMMENT &#039;手机号&#039;,
email STRING COMMENT &#039;邮箱&#039;,
salary DECIMAL(10, 2) COMMENT &#039;薪资&#039;,
is_active BOOLEAN COMMENT &#039;是否激活&#039;,
address STRING COMMENT &#039;地址&#039;,
score FLOAT COMMENT &#039;评分&#039;,
total_amount DOUBLE COMMENT &#039;总金额&#039;
) COMMENT &#039;时效性校验表&#039;;

INSERT INTO tableA (
create_date,
update_datetime,
work_time,
sync_timestamp,
date_str_ymd,
date_str_ymd_hms,
date_str_mdy,
date_str_ymd_hms_ms,
date_str_irregular,
id,
user_name,
age,
phone,
email,
salary,
is_active,
address,
score,
total_amount
)
VALUES
(
DATE &#039;2026-02-26&#039;,
TIMESTAMP &#039;2026-02-26 09:45:17&#039;,
&#039;08:30:00&#039;,
CURRENT_TIMESTAMP(),
&#039;2026-02-26&#039;,
&#039;2026-02-26 09:45:17&#039;,
&#039;18:20:30&#039;,
&#039;2026-02-26 09:45:17.123&#039;,
&#039;20260226&#039;,
1,
&#039;zhangsan&#039;,
25,
13800138000,
&#039;zhangsan@example.com&#039;,
15000.50,
TRUE,
&#039;北京市海淀区中关村&#039;,
95.5,
123456.789
),
(
DATE &#039;2026-01-01&#039;,
TIMESTAMP &#039;2026-12-31 23:59:59&#039;,
&#039;23:59:59&#039;,
TIMESTAMP &#039;2026-02-26 12:00:00&#039;,
&#039;2026-01-01&#039;,
&#039;2026-12-31 23:59:59&#039;,
&#039;00:00:00&#039;,
&#039;2026-02-26 12:34:56.789&#039;,
&#039;20260101&#039;,
2,
&#039;lisi&#039;,
30,
13900139000,
&#039;lisi@example.com&#039;,
20000.00,
FALSE,
&#039;上海市浦东新区陆家嘴&#039;,
88.8,
987654.321
),
(
DATE &#039;1970-01-01&#039;,
TIMESTAMP &#039;1970-01-01 00:00:00&#039;,
&#039;&#039;,
NULL,
&#039;&#039;,
&#039;&#039;,
&#039;&#039;,
&#039;&#039;,
&#039;20260204&#039;,
3,
&#039;&#039;,
0,
0,
&#039;&#039;,
0.00,
NULL,
&#039;&#039;,
0.0,
0.0
);","1. 进入「资产-数据质量-规则任务配置-监控对象」页面
2. 「规则名称」输入「test_rule」
「选择数据源」选择「${DATASOURCE}」
「选择数据库」选择「${DATABASE}」
「选择数据表」选择「${TABLE}」
3. 「监控规则」配置如下：
「监控规则」新增「一致性校验」
「校验类型」选择为「多表数据一致性比对」
「选择校验字段」选择为「user_name；age」
「选择校验表主键」选择为「id」
「选择对比表」为「${TABLE}」
「选择对比表主键」为「id」
「比对字段设置」配置为「校验表-user_name-->对比表-age；校验表-age-->对比表-user_name」
「强弱规则」选择「弱规则」
「规则描述」输入「测试规则」
不配置「对比细节设置」
4. 配置「调度属性」，保存规则，且「调度属性」中配置「规则报告」为最新结果
5. 临时运行规则，查看质量报告
6. 查看「质量评估汇总」区域
7. 查看「规则校验明细」区域
8. 点击「查看详情」按钮","1. 页面正常打开
2. 监控对象配置成功；
进入「监控规则」配置页
3. 监控规则配置完成；
进入「调度属性」页面
4. 规则保存成功
5. 页面包含：
1）报告进入目录
2）质量评估汇总区域
3）规则校验明细区域
6. 显示为：
1）规则名：「test_rule」
2）数据源：「${DATASOURCE}」
3）数据库：「${DATABASE}」
4）检测数据范围：--
5）表行数：「${表行数}」
6）抽样行数：--
7）字段数：「${字段数}」
8）车辆数：「${车辆数}」
9）校验规则数：2
10）校验通过率：50%
7. 显示为：
1）规则类型：一致性校验
2）规则名称：多表数据一致性校验
3）字段名称：user_name;age
4）字段类型：STRING;TINYINT
5）质验结果：校验未通过
6）未通过原因：多表数据一致性校验未通过
7）详情说明：对比表为「${TABLE}」，逻辑主键未匹配的共0条数据，逻辑主键匹配，但数据不匹配的共2条数据
8）最近一次校验结束时间：「${校验结束时间}」
9）操作：查看详情
8. 显示不通过的明细数据","1. 
2. 
3. 
4. 
5. 
6. 
7. 
8.","","1","功能测试","功能测试阶段","正常","0","2","8","通过","听筠","2026-02-28","","0000-00-00","1","",""
