"用例编号","所属产品","所属模块","相关需求","用例标题","前置条件","步骤","预期","实际情况","关键词","优先级","用例类型","适用阶段","用例状态","B","R","S","结果","由谁创建","创建日期","最后修改者","修改日期","用例版本","相关用例"
"173954","数据资产_STD(#23)","/版本迭代测试用例/v6.4.6/【数据标准】支持dbc标准落标检查(#9918)","【数据标准】支持dbc标准落标检查(#15127)","【数据标准】-【标准管理】新增【落标检查】版块 验证【落标检查】-【落标检查结果】-【导出】选择“已达标”落标检查结果，“检查列表内容+不达标明细数据”仅导出结果excel文件","无","1. 进入【资产】-【数据标准】-【标准管理】-【标准定义】页面
2. 切换到【落标检查结果】
3. 勾选导出结果，点击 [导出] 按钮
4. 选择 “检查列表内容+不达标明细数据”，点击 [导出] 按钮
5. 确认导出文件","1. 进入成功
2. 切换成功
3. 弹出导出选择框，支持选择“检查列表内容/检查列表内容+不达标明细数据”
4. 按照选择内容，自动进行下载任务
5. 仅有结果excel文件","1. 
2. 
3. 
4. 
5.","","3","功能测试","功能测试阶段","正常","0","1","5","通过","听筠","2026-01-08","","0000-00-00","1","",""
"173953","数据资产_STD(#23)","/版本迭代测试用例/v6.4.6/【数据标准】支持dbc标准落标检查(#9918)","【数据标准】支持dbc标准落标检查(#15127)","【数据标准】-【标准管理】新增【落标检查】版块 验证【标准管理】-【落标检查】-【落标检查结果】-【导出】未选择结果时无法进行导出","无","1. 进入【资产】-【数据标准】-【标准管理】-【标准定义】页面
2. 切换到【落标检查结果】
3. 不勾选导出结果，点击 [导出] 按钮","1. 进入成功
2. 切换成功
3. 无法交互还是提示选择选择结果","1. 
2. 
3.","","3","功能测试","功能测试阶段","正常","0","1","3","通过","听筠","2026-01-08","","0000-00-00","1","",""
"173952","数据资产_STD(#23)","/版本迭代测试用例/v6.4.6/【数据标准】支持dbc标准落标检查(#9918)","【数据标准】支持dbc标准落标检查(#15127)","【数据标准】-【标准管理】新增【落标检查】版块 验证【标准管理】-【落标检查】-【落标检查结果】批量导出","无","1. 进入【资产】-【数据标准】-【标准管理】-【标准定义】页面
2. 切换到【落标检查结果】
3. 勾选导出结果，点击 [导出] 按钮
4. 选择 “检查列表内容”，点击 [导出] 按钮
5. 重复前置操作，选择 “检查列表内容+不达标明细数据”","1. 进入成功
2. 切换成功
3. 弹出导出选择框，支持选择“检查列表内容/检查列表内容+不达标明细数据”
4. 按照选择内容，自动进行下载任务
5. 按照选择内容，自动进行下载任务","1. 
2. 
3. 
4. 导出失败
5.","","1","功能测试","功能测试阶段","正常","1","1","5","失败","听筠","2026-01-08","","0000-00-00","1","",""
"173951","数据资产_STD(#23)","/版本迭代测试用例/v6.4.6/【数据标准】支持dbc标准落标检查(#9918)","【数据标准】支持dbc标准落标检查(#15127)","【数据标准】-【标准管理】新增【落标检查】版块 验证验证【标准管理】-【落标检查】-【落标检查结果】批量导出页面","无","1. 进入【资产】-【数据标准】-【标准管理】-【标准定义】页面
2. 切换到【落标检查结果】
3. UI Check","1. 进入成功
2. 切换成功
3. 【落标检查总览】
[请选择导出内容]-检查列表内容/检查列表内容+不达标明细数据","1. 
2. 
3.","","2","功能测试","功能测试阶段","正常","0","1","3","通过","听筠","2026-01-08","","0000-00-00","1","",""
"173950","数据资产_STD(#23)","/版本迭代测试用例/v6.4.6/【数据标准】支持dbc标准落标检查(#9918)","【数据标准】支持dbc标准落标检查(#15127)","【数据标准】-【标准管理】新增【落标检查】版块 验证【标准管理】-【落标检查】-【落标检查结果】-【查看详情】页面内容","无","1. 进入【资产】-【数据标准】-【标准管理】-【标准定义】页面
2. 切换到【落标检查结果】
3. 找到测试用数据，点击 [查看详情] 按钮
4. UI Check
5. 原型图中【标准管理】-【落标检查】-【落标检查结果】-【查看详情】-【检查结果】无分页栏
6. 交互测试","1. 进入成功
2. 切换成功
3. 弹出详情页面
4. 【检查信息】
[数据源][数据库][数据表][字段]
【检查结果】
[检查项][是否达标][检查开始时间][检查结束时间][操作（查看日志/查看详情）]
【关联标准详情】
[标准信息]
[版本变更]
以上内容正常显示
5. 
6. 点击 [检查开始时间] 排序按钮","1. 
2. 
3. 
4. 
5. 
6.","","2","功能测试","功能测试阶段","正常","0","1","6","通过","听筠","2026-01-08","","0000-00-00","1","",""
"173949","数据资产_STD(#23)","/版本迭代测试用例/v6.4.6/【数据标准】支持dbc标准落标检查(#9918)","【数据标准】支持dbc标准落标检查(#15127)","【数据标准】-【标准管理】新增【落标检查】版块 验证【标准管理】-【落标检查】-【落标检查结果】页面交互","无","1. 进入【资产】-【数据标准】-【标准管理】-【标准定义】页面
2. 切换到【落标检查结果】
3. 输入数据库全称
4. 点击 [查询] 按钮
5. 输入数据库名称部分
6. 点击 [查询] 按钮
7. 输入数据表全称
8. 点击 [查询] 按钮
9. 输入数据表名称部分
10. 点击 [查询] 按钮
11. 输入字段全称
12. 点击 [查询] 按钮
13. 输入字段名称部分
14. 点击 [查询] 按钮
15. 在数据库/数据表/字段输入框中输入内容，点击 [重置] 按钮
16. 组合编辑 [数据库/数据表/字段] 内容，点击 [查询] 按钮
17. 点击 [导出] 按钮
18. 点击 [勾选框] （单选/全选）
19. 点击 [检查状态] 筛选按钮，选择筛选项
20. 点击 [是否达标] 筛选按钮，选择筛选项
21. 点击 [检查开始时间] 排序按钮
22. 点击 [检查结束时间] 排序按钮
23. 组合[所属数据源][所属数据库][检查周期][检查状态][检查开始时间][检查结束时间] 筛选按钮，选择筛选项
24. 点击 [操作] 列中的 [查询详情] 按钮
25. 点击 [上一页]
26. 点击 [下一页]
27. 点击 [页码]
28. 点击 [显示条数/页]","1. 进入成功
2. 切换成功
3. 成功输入
4. 展示数据库名称包含搜索内容的所有落标任务记录
5. 成功输入
6. 展示数据库名称包含搜索内容的所有落标任务记录
7. 成功输入
8. 展示数据表名称包含搜索内容的所有落标任务记录
9. 成功输入
10. 展示数据表名称包含搜索内容的所有落标任务记录
11. 成功输入
12. 展示使用了名称包含查询内容的字段的所有落标任务记录
13. 成功输入
14. 展示使用了名称包含查询内容的字段的所有落标任务记录
15. 所有输入框重置为默认状态
16. 展示使用了名称包含 [数据库/数据表/字段] 的所有落标任务记录
17. 弹出导出选择框，支持选择“检查列表内容/检查列表内容+不达标明细数据”
18. 全选勾选框成功勾选当前页所有字段，单选勾选框成功勾选选定字段
19. 支持多选，且在选择了筛选项后，更新【落标检查结果】列表，根据筛选项展示对应落标检查结果
20. 支持多选，且在选择了筛选项后，更新【落标检查结果】列表，根据筛选项展示对应落标检查结果
21. 支持按照正序/倒序排列，更新【落标检查结果】列表，根据排序结果展示对应落标检查结果
22. 支持按照正序/倒序排列，更新【落标检查结果】列表，根据排序结果展示对应落标检查结果
23. 在选择了筛选项后，更新【落标检查结果】列表，根据组合筛选项展示对应落标检查任务
24. 弹出对应的落标任务结果详情页面
25. 切换 [落标检查结果] 至上一分页内容，当当前页数为1时无点击动作且鼠标悬浮无变化
26. 切换 [落标检查结果] 至下一分页内容，当当前页数为最后一页时无点击动作且鼠标悬浮无变化
27. 切换 [落标检查结果] 至选定页码的分页内容
28. 切换20条/页;50条/页;100条/页","1. 
2. 
3. 
4. 
5. 
6. 
7. 
8. 
9. 
10. 
11. 
12. 
13. 
14. 
15. 
16. 
17. 
18. 
19. 
20. 
21. 
22. 
23. 
24. 
25. 
26. 
27. 
28.","","2","功能测试","功能测试阶段","正常","0","1","28","通过","听筠","2026-01-08","","0000-00-00","1","",""
"173948","数据资产_STD(#23)","/版本迭代测试用例/v6.4.6/【数据标准】支持dbc标准落标检查(#9918)","【数据标准】支持dbc标准落标检查(#15127)","【数据标准】-【标准管理】新增【落标检查】版块 验证【标准管理】-【落标检查】-【落标检查结果】页面内容","无","1. 进入【资产】-【数据标准】-【标准管理】-【标准定义】页面
2. 切换到【落标检查结果】
3. UI Check","1. 进入成功
2. 切换成功
3. 【落标检查总览】
[检查数据表][检查字段总数][达标字段数][标准达标率]
【落标检查结果】
[数据库搜索栏][数据表搜索栏][字段搜索栏][查询按钮][重置按钮][导出按钮]
[勾选栏][数据源][数据库][表][字段][检查状态][是否达标][检查开始时间][检查结束时间][操作（查看详情）]
[分页栏]
以上内容正常显示","1. 
2. 
3.","","2","功能测试","功能测试阶段","正常","0","1","3","通过","听筠","2026-01-08","","0000-00-00","1","",""
"173947","数据资产_STD(#23)","/版本迭代测试用例/v6.4.6/【数据标准】支持dbc标准落标检查(#9918)","【数据标准】支持dbc标准落标检查(#15127)","【数据标准】-【标准管理】新增【落标检查】版块 验证【标准管理】-【落标检查】-【落标检查任务】-【编辑检查任务】-【检查任务详情】页面交互","无","1. 进入【资产】-【数据标准】-【标准管理】-【落标检查】页面
2. 在【落标检查任务】页面找到【test】表，点击【test】
3. 点击【检查字段列表】-[分页栏]功能
4. 点击【检查结果总览】-[分页栏]功能","1. 进入成功
2. 弹出【test】表详情页面
3. 点击 [上一页] 切换【检查字段列表】至上一分页内容，当当前页数为1时无点击动作且鼠标悬浮无变化
4. 点击 [上一页] 切换【检查结果总览】至上一分页内容，当当前页数为1时无点击动作且鼠标悬浮无变化","1. 
2. 
3. 
4.","","2","功能测试","功能测试阶段","正常","0","1","4","通过","听筠","2026-01-08","","0000-00-00","1","",""
"173946","数据资产_STD(#23)","/版本迭代测试用例/v6.4.6/【数据标准】支持dbc标准落标检查(#9918)","【数据标准】支持dbc标准落标检查(#15127)","【数据标准】-【标准管理】新增【落标检查】版块 验证【标准管理】-【落标检查】-【落标检查任务】-【编辑检查任务】-【检查任务详情】页面内容","无","1. 进入【资产】-【数据标准】-【标准管理】-【落标检查】页面
2. 在【落标检查任务】页面找到【test】表，点击【test】
3. 【检查范围】
[数据表名称][所属数据库][所属数据源]
[检查数据范围][标准来源][车型信息关联字段]
【检查字段列表】
[字段]
[分页栏]
[检查项]（精度倍数/数据精度/值域范围/数据长度/空值数/重复数）
[规则包]
【调度周期】
[检查周期][生效日期][具体时间][告警方式][接收人]
【检查结果总览】
[开始检查时间][结束检查时间][检查字段数][标准达标率][不达标字段数/检查失败数][检查状态]
[分页栏]
以上内容正常显示","1. 进入成功
2. 弹出【test】表详情页面
3.","1. 
2. 
3. 显示数据有问题","","2","功能测试","功能测试阶段","正常","0","1","3","失败","听筠","2026-01-08","","0000-00-00","1","",""
"173945","数据资产_STD(#23)","/版本迭代测试用例/v6.4.6/【数据标准】支持dbc标准落标检查(#9918)","【数据标准】支持dbc标准落标检查(#15127)","【数据标准】-【标准管理】新增【落标检查】版块 验证【标准管理】-【落标检查】-【落标检查任务】-【编辑检查任务】异常值填写/空填写无法提交/下一步","无","1. 进入【资产】-【数据标准】-【标准管理】-【落标检查】页面
2. 定位到测试用任务 【test】，点击 [编辑] 按钮
3. [检查范围] 不作填写，点击 [下一步] 按钮
4. 正确填写后点击 [下一步] 按钮
5. [选择字段] 不作填写，点击 [下一步] 按钮
6. 正确填写其他内容，[规则包数量]尝试输入中文/符号
7. 正确填写其他内容，[规则包数量]填写1000，点击 [下一步] 按钮
8. 正确填写后点击 [下一步] 按钮
9. 该页面必填项都有默认值，尝试清空数值","1. 进入成功
2. 进入 [检查范围] 配置页面
3. 提示“必填项未填写”，无法跳转至 [选择字段] 配置页面
4. 进入 [选择字段] 配置页面
5. 提示“必填项未填写”，无法跳转至 [调度配置] 配置页面
6. 无法输入
7. 提示“规则包数量不符”，无法跳转至 [调度配置] 配置页面
8. 进入 [选择字段] 配置页面
9. 无操作渠道清空数值","1. 
2. 
3. 
4. 
5. 
6. 
7. 
8. 
9.","","3","功能测试","功能测试阶段","正常","0","1","9","通过","听筠","2026-01-08","","0000-00-00","1","",""
"173944","数据资产_STD(#23)","/版本迭代测试用例/v6.4.6/【数据标准】支持dbc标准落标检查(#9918)","【数据标准】支持dbc标准落标检查(#15127)","【数据标准】-【标准管理】新增【落标检查】版块 验证【标准管理】-【落标检查】-【落标检查任务】-【编辑检查任务】流程运转","无","1. 进入【资产】-【数据标准】-【标准管理】-【落标检查】页面
2. 定位到测试用任务 【test】，点击 [编辑] 按钮
3. [检查范围] 配置如下：
「选择数据源」选择「${DATASOURCE}」
「选择数据库」选择「${DATABASE}」
「选择数据表」选择「${TABLE}」
[选择分区] 选择 [选择已有分区]
[标准目录] 选择 [test_rule]
4. 点击 [下一步] 按钮
5. [检查范围] 配置如下：
[检查字段列表] 勾选部分字段，是否开启检查为开启，检查项为全部
[规则包数量] 选择 [1]
6. 点击 [下一步] 按钮
7. [检查范围] 配置如下：
[调度周期] 天
[生效日期] 默认
[具体时间] 默认
[告警通知] 钉钉
8. 点击 [新增并立即执行] 按钮
9. 检查【标准管理】-【落标检查】-【落标检查设置】/【落标检查结果】页面","1. 进入成功
2. 进入 [检查范围] 配置页面
3. [检查范围] 配置完成
4. 进入 [选择字段] 配置页面
5. [选择字段] 配置完成
6. 进入 [调度配置] 配置页面
7. [调度配置] 配置完成
8. 提示新增成功，返回【资产】-【数据标准】-【标准管理】-【落标检查】页面
9. 按设定新增了对应落标检查，并执行了一次落标检查生成了对应落标检查结果","1. 
2. 
3. 
4. 
5. 
6. 
7. 
8. 
9.","","1","功能测试","功能测试阶段","正常","0","3","9","通过","听筠","2026-01-08","","0000-00-00","1","",""
"173943","数据资产_STD(#23)","/版本迭代测试用例/v6.4.6/【数据标准】支持dbc标准落标检查(#9918)","【数据标准】支持dbc标准落标检查(#15127)","【数据标准】-【标准管理】新增【落标检查】版块 验证【标准管理】-【落标检查】-【落标检查任务】-【编辑检查任务】-【检查范围】页面交互","无","1. 进入【资产】-【数据标准】-【标准管理】-【落标检查】页面
2. 定位到测试用任务 【test】，点击 [编辑] 按钮
3. 点击[选择数据源]下拉框
4. 点击[数据库]下拉框
5. 点击[数据表]下拉框
6. 点击切换[选择分区]单选框
7. 填写选择分区内容
8. 点击[标准目录]下拉框
9. 选择测试用标准
10. 点击[车型关联字段]下拉框
11. 选择测试用车型
12. 点击 [取消] 按钮
13. 点击 [下一步] 按钮
14. 点击 [字段名称查询框]，输入查询字段，点击 [搜索] 按钮
15. 点击 [勾选框] （单选/全选）
16. 点击 [是否开启检查] 按钮
17. 点击[检查项]下拉框
18. 点击 [分页栏] 功能
19. 点击 [批量开启/关闭] 按钮
20. 鼠标悬浮在 [告警通知] 后的悬浮提示按钮上
21. 点击 [规则包数量] 输入框，输入数值
22. 鼠标悬浮在 [告警通知] 后的悬浮提示按钮上
23. 点击 [取消] 按钮
24. 点击 [临时检查] 按钮
25. 点击 [下一步] 按钮
26. 点击[调度周期]下拉框
27. 点击[生效日期]日期框
28. 点击[具体时间]下拉框
29. 点击 [取消] 按钮
30. 鼠标悬浮在 [告警方式] 后的悬浮提示按钮上
31. 点击 [告警方式] 选择按钮
32. 点击 [上一步] 按钮
33. 点击 [新增] 按钮
34. 点击 [新增并立即执行] 按钮","1. 进入成功
2. 进入[检查范围]配置页面
3. 不可编辑
4. 不可编辑
5. 不可编辑
6. 当选择到选择已有分区/选择动态分区/手动输入分区时，下方联动出现对应填写内容
7. 
8. 展示树形标准目录，支持多选
9. 测试用标准按层级格式填充进选择框
10. 展示所有车系/车型
11. 所选车型填充进选择框
12. 返回【标准管理】-【落标检查】-【落标检查任务】页面，不生成任务
13. 进入[选择字段]配置页面
14. 逻辑：字段列表为已经存在绑定了标准的字段列表，若字段无标准绑定，不展示在列表中。针对后续新增绑定标准的字段，是否开启检查默认为不开启，需要在编辑任务的时候开启后才可进行落标检查。
15. 全选勾选框成功勾选当前页所有字段，单选勾选框成功勾选选定字段
16. 点击的记录 [是否开启检查] 按钮成功切换状态
17. 逻辑：默认选择全部，支持选择单个/多个检查项，若字段下的标准技术属性项存在未维护的情况，不展示对应的检查项，检查按钮无法开启
18. 点击 [上一页] 切换 [检查字段列表] 至上一分页内容，当当前页数为1时无点击动作且鼠标悬浮无变化
19. 对应记录 [是否开启检查] 状态变更
20. 提示：“如果检查字段较多，建议设置多个拼接包。系统会根据拼接包数量将若干个字段检查任
务划分至不同的并行任务重运行，每个并行
任务的运行状态不会影响其他任务“
21. 成功输入
22. 提示“检查任务运行失败时进行通知提醒。（存在一个字段检查失败则进行告警提醒）“
23. 返回【标准管理】-【落标检查】-【落标检查任务】页面，不生成任务
24. 点击临时检查立即生成一条检查
25. 成功进入 [调度配置] 配置页面
26. 下拉框中显示所有配置：天/周/月
27. 显示日期选择框，可选择开始日期-结束日期，默认为当前日期到后100年，可进行年月日选择维度的切换
28. 分别选择[时/分]
29. 返回【标准管理】-【落标检查】-【落标检查任务】页面，不生产任务
30. 提示“各个告警通道需要先在控制台配置默认告警
通道，否则配置后无效“
31. 各选项可点击切换选择状态
32. 返回 [选择字段] 配置页面，当前 [调度配置] 页面内容不保存
33. 成功新增对应落标检查任务，按照周期配置的生效时间进行检查
34. 成功新增对应落标检查任务，先执行检查一遍后再按照周期配置生效时间进行检查，更新对应数据，生成检查结果","1. 
2. 
3. 
4. 
5. 
6. 
7. 
8. 
9. 
10. 
11. 
12. 
13. 
14. 
15. 
16. 
17. 
18. 
19. 
20. 
21. 
22. 
23. 
24. 
25. 
26. 
27. 
28. 
29. 
30. 
31. 
32. 
33. 
34.","","2","功能测试","功能测试阶段","正常","0","1","34","通过","听筠","2026-01-08","","0000-00-00","1","",""
"173942","数据资产_STD(#23)","/版本迭代测试用例/v6.4.6/【数据标准】支持dbc标准落标检查(#9918)","【数据标准】支持dbc标准落标检查(#15127)","【数据标准】-【标准管理】新增【落标检查】版块 验证【标准管理】-【落标检查】-【落标检查任务】-【编辑检查任务】-【检查范围】页面内容","无","1. 进入【资产】-【数据标准】-【标准管理】-【落标检查】页面
2. 定位到测试用任务 【test】，点击 [编辑] 按钮
3. 【检查范围】UI Check
4. 【选择字段】UI Check
5. 【调度配置】UI Check","1. 进入成功
2. 进入[检查范围]配置页面
3. 【检查数据范围】
[选择数据源][数据库][数据表]
[选择分区（选择已有分区/选择动态分区/手动输入分区）]
【对标标准】
[标准目录]
[车型关联字段]
[取消][下一步]
以上内容正常显示
4. 【检查数据范围】
[字段名称查询框]
[勾选框][字段][是否开启检查]
[检查项]（精度倍数/数据精度/值域范围/数据长度/空值数/重复数）
[分页栏]
[批量开启][批量关闭]
【规则包设置】
[规则包数量下拉框][悬浮提示]
[取消][临时检查][下一步]
以上内容正常显示
5. 【检查周期】
[调度周期][生效日期][具体时间]
【告警通知】[悬浮提示]
[告警方式][悬浮提示]：
[短信][邮箱]
[钉钉]
[自定义告警通道Hep4c6TO]
[自定义告警通道saePItOS]
[自定义告警通道aGuV4thH]
[自定义告警通道EGYugtUm]
[自定义告警——企业微信]
[中信建投]
[标准jar]
[取消][上一步][新增][新增并立即执行]
以上内容正常显示","1. 
2. 
3. 
4. 
5.","","2","功能测试","功能测试阶段","正常","0","1","5","通过","听筠","2026-01-08","","0000-00-00","1","",""
"173941","数据资产_STD(#23)","/版本迭代测试用例/v6.4.6/【数据标准】支持dbc标准落标检查(#9918)","【数据标准】支持dbc标准落标检查(#15127)","【数据标准】-【标准管理】新增【落标检查】版块 验证【标准管理】-【落标检查】-【落标检查任务】-【新建检查任务】异常值填写/空填写无法提交/下一步","无","1. 进入【资产】-【数据标准】-【标准管理】-【落标检查】页面
2. 在【落标检查任务】页面点击【新建检查任务】按钮
3. [检查范围] 不作填写，点击 [下一步] 按钮
4. 正确填写后点击 [下一步] 按钮
5. [选择字段] 不作填写，点击 [下一步] 按钮
6. 正确填写其他内容，[规则包数量]尝试输入中文/符号
7. 正确填写其他内容，[规则包数量]填写1000，点击 [下一步] 按钮
8. 正确填写后点击 [下一步] 按钮
9. 该页面必填项都有默认值，尝试清空数值","1. 进入成功
2. 进入 [检查范围] 配置页面
3. 提示“必填项未填写”，无法跳转至 [选择字段] 配置页面
4. 进入 [选择字段] 配置页面
5. 提示“必填项未填写”，无法跳转至 [调度配置] 配置页面
6. 无法输入
7. 提示“规则包数量不符”，无法跳转至 [调度配置] 配置页面
8. 进入 [选择字段] 配置页面
9. 无操作渠道清空数值","1. 
2. 
3. 
4. 
5. 
6. 
7. 
8. 
9.","","3","功能测试","功能测试阶段","正常","0","1","9","通过","听筠","2026-01-08","","0000-00-00","1","",""
"173940","数据资产_STD(#23)","/版本迭代测试用例/v6.4.6/【数据标准】支持dbc标准落标检查(#9918)","【数据标准】支持dbc标准落标检查(#15127)","【数据标准】-【标准管理】新增【落标检查】版块 验证【标准管理】-【落标检查】-【落标检查任务】-【新建检查任务】流程运转","无","1. 进入【资产】-【数据标准】-【标准管理】-【落标检查】页面
2. 在【落标检查任务】页面点击【新建检查任务】按钮
3. [检查范围] 配置如下：
「选择数据源」选择「${DATASOURCE}」
「选择数据库」选择「${DATABASE}」
「选择数据表」选择「${TABLE}」
[选择分区] 选择 [选择已有分区]
[标准目录] 选择 [test_rule]
4. 点击 [下一步] 按钮
5. [检查范围] 配置如下：
[检查字段列表] 勾选部分字段，是否开启检查为开启，检查项为全部
[规则包数量] 选择 [1]
6. 点击 [下一步] 按钮
7. [检查范围] 配置如下：
[调度周期] 天
[生效日期] 默认
[具体时间] 默认
[告警通知] 钉钉
8. 点击 [新增并立即执行] 按钮
9. 检查【标准管理】-【落标检查】-【落标检查设置】/【落标检查结果】页面","1. 进入成功
2. 进入 [检查范围] 配置页面
3. [检查范围] 配置完成
4. 进入 [选择字段] 配置页面
5. [选择字段] 配置完成
6. 进入 [调度配置] 配置页面
7. [调度配置] 配置完成
8. 提示新增成功，返回【资产】-【数据标准】-【标准管理】-【落标检查】页面
9. 按设定新增了对应落标检查，并执行了一次落标检查生成了对应落标检查结果","1. 
2. 
3. 
4. 
5. 无字段显示
6. 
7. 
8. 
9.","","1","功能测试","功能测试阶段","正常","1","2","9","失败","听筠","2026-01-08","","0000-00-00","1","",""
"173939","数据资产_STD(#23)","/版本迭代测试用例/v6.4.6/【数据标准】支持dbc标准落标检查(#9918)","【数据标准】支持dbc标准落标检查(#15127)","【数据标准】-【标准管理】新增【落标检查】版块 验证【标准管理】-【落标检查】-【落标检查任务】-【新建检查任务】页面交互","无","1. 进入【资产】-【数据标准】-【标准管理】-【落标检查】页面
2. 在【落标检查任务】页面点击【新建检查任务】按钮
3. 点击[选择数据源]下拉框
4. 选择测试用数据源
5. 点击[数据库]下拉框
6. 选择测试用数据库
7. 点击[数据表]下拉框
8. 选择测试用数据表
9. 点击切换[选择分区]单选框
10. 填写选择分区内容
11. 点击[标准目录]下拉框
12. 选择测试用标准
13. 点击[车型关联字段]下拉框
14. 选择测试用车型
15. 点击 [取消] 按钮
16. 点击 [下一步] 按钮
17. 点击 [字段名称查询框]，输入查询字段，点击 [搜索] 按钮
18. 点击 [勾选框] （单选/全选）
19. 点击 [是否开启检查] 按钮
20. 点击[检查项]下拉框
21. 点击 [分页栏] 功能
22. 点击 [批量开启/关闭] 按钮
23. 鼠标悬浮在 [告警通知] 后的悬浮提示按钮上
24. 点击 [规则包数量] 输入框，输入数值
25. 鼠标悬浮在 [告警通知] 后的悬浮提示按钮上
26. 点击 [取消] 按钮
27. 点击 [临时检查] 按钮
28. 点击 [下一步] 按钮
29. 点击[调度周期]下拉框
30. 点击[生效日期]日期框
31. 点击[具体时间]下拉框
32. 点击 [取消] 按钮
33. 鼠标悬浮在 [告警方式] 后的悬浮提示按钮上
34. 点击 [告警方式] 选择按钮
35. 点击 [上一步] 按钮
36. 点击 [新增] 按钮
37. 点击 [新增并立即执行] 按钮","1. 进入成功
2. 进入[检查范围]配置页面
3. 下拉框中显示所有配置的数据源
4. 填充所选数据源
5. 根据所选数据源显示对应的数据源
6. 填充所选数据库
7. 根据所选数据库显示对应的数据表
8. 填充所选数据表
9. 当选择到选择已有分区/选择动态分区/手动输入分区时，下方联动出现对应填写内容
10. 
11. 展示树形标准目录，支持多选
12. 测试用标准按层级格式填充进选择框
13. 展示所有车系/车型
14. 所选车型填充进选择框
15. 返回【标准管理】-【落标检查】-【落标检查任务】页面，不生成任务
16. 进入[选择字段]配置页面
17. 逻辑：字段列表为已经存在绑定了标准的字段列表，若字段无标准绑定，不展示在列表中。针对后续新增绑定标准的字段，是否开启检查默认为不开启，需要在编辑任务的时候开启后才可进行落标检查。
18. 全选勾选框成功勾选当前页所有字段，单选勾选框成功勾选选定字段
19. 点击的记录 [是否开启检查] 按钮成功切换状态
20. 逻辑：默认选择全部，支持选择单个/多个检查项，若字段下的标准技术属性项存在未维护的情况，不展示对应的检查项，检查按钮无法开启
21. 点击 [上一页] 切换 [检查字段列表] 至上一分页内容，当当前页数为1时无点击动作且鼠标悬浮无变化
22. 对应记录 [是否开启检查] 状态变更
23. 提示：“如果检查字段较多，建议设置多个拼接包。系统会根据拼接包数量将若干个字段检查任
务划分至不同的并行任务重运行，每个并行
任务的运行状态不会影响其他任务“
24. 成功输入
25. 提示“检查任务运行失败时进行通知提醒。（存在一个字段检查失败则进行告警提醒）“
26. 返回【标准管理】-【落标检查】-【落标检查任务】页面，不生成任务
27. 点击临时检查立即生成一条检查
28. 成功进入 [调度配置] 配置页面
29. 下拉框中显示所有配置：天/周/月
30. 显示日期选择框，可选择开始日期-结束日期，默认为当前日期到后100年，可进行年月日选择维度的切换
31. 分别选择[时/分]
32. 返回【标准管理】-【落标检查】-【落标检查任务】页面，不生产任务
33. 提示“各个告警通道需要先在控制台配置默认告警
通道，否则配置后无效“
34. 各选项可点击切换选择状态
35. 返回 [选择字段] 配置页面，当前 [调度配置] 页面内容不保存
36. 成功新增对应落标检查任务，按照周期配置的生效时间进行检查
37. 成功新增对应落标检查任务，先执行检查一遍后再按照周期配置生效时间进行检查，更新对应数据，生成检查结果","1. 
2. 
3. 
4. 
5. 
6. 
7. 
8. 
9. 
10. 
11. 
12. 
13. 
14. 
15. 
16. 
17. 
18. 
19. 
20. 
21. 
22. 
23. 
24. 
25. 
26. 
27. 
28. 
29. 
30. 
31. 
32. 
33. 
34. 
35. 
36. 
37.","","2","功能测试","功能测试阶段","正常","0","1","37","通过","听筠","2026-01-08","","0000-00-00","1","",""
"173938","数据资产_STD(#23)","/版本迭代测试用例/v6.4.6/【数据标准】支持dbc标准落标检查(#9918)","【数据标准】支持dbc标准落标检查(#15127)","【数据标准】-【标准管理】新增【落标检查】版块 验证【标准管理】-【落标检查】-【落标检查任务】-【新建检查任务】页面内容","无","1. 进入【资产】-【数据标准】-【标准管理】-【落标检查】页面
2. 在【落标检查任务】页面点击【新建检查任务】按钮
3. 【检查范围】UI Check
4. 【选择字段】UI Check
5. 【调度配置】UI Check","1. 进入成功
2. 进入[检查范围]配置页面
3. 【检查数据范围】
[选择数据源][数据库][数据表]
[选择分区（选择已有分区/选择动态分区/手动输入分区）]
【对标标准】
[标准目录]
[车型关联字段]
[取消][下一步]
以上内容正常显示
4. 【检查数据范围】
[字段名称查询框]
[勾选框][字段][是否开启检查]
[检查项]（精度倍数/数据精度/值域范围/数据长度/空值数/重复数）
[分页栏]
[批量开启][批量关闭]
【规则包设置】
[规则包数量下拉框][悬浮提示]
[取消][临时检查][下一步]
以上内容正常显示
5. 【检查周期】
[调度周期][生效日期][具体时间]
【告警通知】[悬浮提示]
[告警方式][悬浮提示]：
[短信][邮箱]
[钉钉]
[自定义告警通道Hep4c6TO]
[自定义告警通道saePItOS]
[自定义告警通道aGuV4thH]
[自定义告警通道EGYugtUm]
[自定义告警——企业微信]
[中信建投]
[标准jar]
[取消][上一步][新增][新增并立即执行]
以上内容正常显示","1. 
2. 
3. 
4. 
5.","","2","功能测试","功能测试阶段","正常","0","1","5","通过","听筠","2026-01-08","","0000-00-00","1","",""
"173937","数据资产_STD(#23)","/版本迭代测试用例/v6.4.6/【数据标准】支持dbc标准落标检查(#9918)","【数据标准】支持dbc标准落标检查(#15127)","【数据标准】-【标准管理】新增【落标检查】版块 验证标准达标率、不达标字段数/检查失败数取最新一次任务运行的结果","无","1. 进入【资产】-【数据标准】-【标准管理】-【落标检查】页面
2. 找到【test】表的落标检查，确认为开启检查状态，运行后确认【标准达标率】和【不达标字段数/检查失败数】","1. 进入成功
2. 一周期后数据更新，标准达标率、不达标字段数/检查失败数取最新一次任务运行的结果","1. 
2. 显示有误","","2","功能测试","功能测试阶段","正常","0","1","2","阻塞","听筠","2026-01-08","","0000-00-00","1","",""
"173936","数据资产_STD(#23)","/版本迭代测试用例/v6.4.6/【数据标准】支持dbc标准落标检查(#9918)","【数据标准】支持dbc标准落标检查(#15127)","【数据标准】-【标准管理】新增【落标检查】版块 验证最近编辑时间，最近检查时间取最新一次任务运行的结果","无","1. 进入【资产】-【数据标准】-【标准管理】-【落标检查】页面
2. 找到【test】表的落标检查，确认为开启检查状态，运行后确认最近编辑时间，最近检查时间","1. 进入成功
2. 一周期后数据更新，标准达标率、不达标字段数/检查失败数取最新一次任务运行的结果","1. 
2. 显示有误","","2","功能测试","功能测试阶段","正常","0","1","2","失败","听筠","2026-01-08","","0000-00-00","1","",""
"173935","数据资产_STD(#23)","/版本迭代测试用例/v6.4.6/【数据标准】支持dbc标准落标检查(#9918)","【数据标准】支持dbc标准落标检查(#15127)","【数据标准】-【标准管理】新增【落标检查】版块 验证【标准管理】-【落标检查】-【落标检查任务】页面内容","无","1. 进入【资产】-【数据标准】-【标准管理】-【落标检查】页面
2. UI Check
3. 交互测试","1. 进入成功
2. 【落标检查设置】
[数据表名/字段名搜索框][新建检查任务按钮][勾选框]
[数据表名称][所属数据源][所属数据库][检查字段数/总字段数][检查周期][检查状态][标准达标率][不达标字段数/检查失败数][最近编辑时间][最近检查时间][操作（编辑/查看检查结果）]
[批量开启按钮][批量关闭按钮]
[分页栏]
以上内容正常显示
3. 逻辑：数据源类型、检查数据源、检查目录、检查状态支持筛选查询，支持组合筛选查询，支持多选;最近修改时间、计划检查时间支持按照正序/倒序排列","1. 
2. 
3.","","1","功能测试","功能测试阶段","正常","0","2","3","通过","听筠","2026-01-08","","0000-00-00","1","",""
"173934","数据资产_STD(#23)","/版本迭代测试用例/v6.4.6/【数据标准】支持dbc标准落标检查(#9918)","【数据标准】支持dbc标准落标检查(#15127)","【数据标准】-【标准管理】新增【落标检查】版块 验证无落标检查时，总览内容均为空","无","1. 进入【资产】-【数据标准】-【标准管理】-【标准定义】页面
2. 检查【落标检查总览】-【检查数据表】统计结果","1. 进入成功
2. 统计数据数据为空","1. 
2.","","3","功能测试","功能测试阶段","正常","0","1","2","通过","听筠","2026-01-08","","0000-00-00","1","",""
"173933","数据资产_STD(#23)","/版本迭代测试用例/v6.4.6/【数据标准】支持dbc标准落标检查(#9918)","【数据标准】支持dbc标准落标检查(#15127)","【数据标准】-【标准管理】新增【落标检查】版块 验证【落标检查总览】-【标准达标率】逻辑","无","1. 进入【数据标准】-【标准管理】-【落标检查】
2. 根据统计逻辑，检查【落标检查总览】-【标准达标率】统计结果","1. 成功进入
2. 达标字段/检查字段总数*100%，取两位小数。统计数据准确，符合统计逻辑","1. 
2. 统计失败","","2","功能测试","功能测试阶段","正常","0","1","2","失败","听筠","2026-01-08","","0000-00-00","1","",""
"173932","数据资产_STD(#23)","/版本迭代测试用例/v6.4.6/【数据标准】支持dbc标准落标检查(#9918)","【数据标准】支持dbc标准落标检查(#15127)","【数据标准】-【标准管理】新增【落标检查】版块 验证【落标检查总览】-【达标字段数】逻辑","无","1. 进入【数据标准】-【标准管理】-【落标检查】
2. 根据统计逻辑，检查【落标检查总览】-【达标字段数】统计结果","1. 成功进入
2. 落标检查的检查项有一项不达标则该字段默认为不达标字段，检查失败字段不计算在达标字段数内。统计数据准确，符合统计逻辑","1. 
2. 统计失败","","2","功能测试","功能测试阶段","正常","0","1","2","失败","听筠","2026-01-08","","0000-00-00","1","",""
"173931","数据资产_STD(#23)","/版本迭代测试用例/v6.4.6/【数据标准】支持dbc标准落标检查(#9918)","【数据标准】支持dbc标准落标检查(#15127)","【数据标准】-【标准管理】新增【落标检查】版块 验证【落标检查总览】-【标准字段数/标准达标率】取最新记录作统计数据","无","1. 进入【资产】-【数据标准】-【标准管理】-【落标检查】页面
2. 确认当前已建立任务列表中，存在 [多次检查] 的情况，手动统计标准字段数/标准达标率，与总计数据进行核对","1. 进入成功
2. 实现取最新记录作统计数据","1. 
2. 统计失败","","3","功能测试","功能测试阶段","正常","0","1","2","失败","听筠","2026-01-08","","0000-00-00","1","",""
"173930","数据资产_STD(#23)","/版本迭代测试用例/v6.4.6/【数据标准】支持dbc标准落标检查(#9918)","【数据标准】支持dbc标准落标检查(#15127)","【数据标准】-【标准管理】新增【落标检查】版块 验证【落标检查总览】-【检查数据字段总数/标准字段数】去重统计","无","1. 进入【资产】-【数据标准】-【标准管理】-【落标检查】页面
2. 确认当前已建立任务列表中，存在 [对同一字段多次检查] 的情况，手动统计检查数据字段总数/标准字段数实际情况，与总计数据进行核对","1. 进入成功
2. 实现去重统计","1. 
2.","","3","功能测试","功能测试阶段","正常","0","1","2","通过","听筠","2026-01-08","","0000-00-00","1","",""
"173929","数据资产_STD(#23)","/版本迭代测试用例/v6.4.6/【数据标准】支持dbc标准落标检查(#9918)","【数据标准】支持dbc标准落标检查(#15127)","【数据标准】-【标准管理】新增【落标检查】版块 验证【落标检查总览】-【检查数据字段总数】逻辑","无","1. 进入【数据标准】-【标准管理】-【落标检查】
2. 根据统计逻辑，检查【落标检查总览】-【检查数据字段总数】统计结果","1. 成功进入
2. 统计数据准确，符合统计逻辑","1. 
2.","","2","功能测试","功能测试阶段","正常","0","1","2","通过","听筠","2026-01-08","","0000-00-00","1","",""
"173928","数据资产_STD(#23)","/版本迭代测试用例/v6.4.6/【数据标准】支持dbc标准落标检查(#9918)","【数据标准】支持dbc标准落标检查(#15127)","【数据标准】-【标准管理】新增【落标检查】版块 验证【落标检查总览】-【检查数据表】逻辑","无","1. 进入【数据标准】-【标准管理】-【落标检查】
2. 根据统计逻辑，检查【落标检查总览】-【检查数据表】统计结果","1. 成功进入
2. 统计数据准确，符合统计逻辑","1. 
2.","","2","功能测试","功能测试阶段","正常","0","1","2","通过","听筠","2026-01-08","","0000-00-00","1","",""
"173927","数据资产_STD(#23)","/版本迭代测试用例/v6.4.6/【数据标准】支持dbc标准落标检查(#9918)","【数据标准】支持dbc标准落标检查(#15127)","【数据标准】-【标准管理】新增【落标检查】版块 验证【标准管理】-【落标检查】-落标检查总览页面内容","无","1. 进入【资产】-【数据标准】-【标准管理】-【标准定义】页面
2. UI Check","1. 进入成功
2. 【落标检查总览】
[检查数据表][检查字段总数][达标字段数][标准达标率]
以上内容正常显示","1. 
2.","","1","功能测试","功能测试阶段","正常","0","3","2","通过","听筠","2026-01-08","听筠","2026-01-12","1","",""
"173926","数据资产_STD(#23)","/版本迭代测试用例/v6.4.6/【数据标准】支持dbc标准落标检查(#9918)","【数据标准】支持dbc标准落标检查(#15127)","数据标准映射功能调整 验证【标准管理】-【标准映射】-【映射记录】超10000条时展示前10000条","无","1. 进入【标准管理】-【标准映射】
2. 找到【test】记录，点击对应的【映射记录】（超10000条记录）按钮
3. UI Check","1. 进入成功
2. 弹出[映射记录]详情页面
3. 在【映射记录】列表中展示了前10000条记录","1. 
2. 
3. 超过10000条","","2","功能测试","功能测试阶段","正常","0","1","3","失败","听筠","2026-01-08","","0000-00-00","1","",""
"173925","数据资产_STD(#23)","/版本迭代测试用例/v6.4.6/【数据标准】支持dbc标准落标检查(#9918)","【数据标准】支持dbc标准落标检查(#15127)","数据标准映射功能调整 验证【标准管理】-【标准映射】-【映射记录】展示记录数量1000条扩充为10000条","无","1. 进入【标准管理】-【标准映射】
2. 找到【test】记录，点击对应的【映射记录】（10000条记录）按钮
3. UI Check","1. 进入成功
2. 弹出[映射记录]详情页面
3. 在【映射记录】列表中展示了10000条记录","1. 
2. 
3.","","1","功能测试","功能测试阶段","正常","0","2","3","通过","听筠","2026-01-08","","0000-00-00","1","",""
"173924","数据资产_STD(#23)","/版本迭代测试用例/v6.4.6/【数据标准】支持dbc标准落标检查(#9918)","【数据标准】支持dbc标准落标检查(#15127)","数据标准映射功能调整 验证输入[数据库]或[数据源]名称是否会查询到数据库或数据源层面的映射结果","无","1. 进入【标准管理】-【标准映射】
2. 找到【test】记录，点击对应的【映射记录】按钮
3. 在【数据表名称搜索框】中输入【test】库（表中无重名现象），点击放大镜按钮","1. 进入成功
2. 弹出[映射记录]详情页面
3. 映射记录页面更新，无搜索结果","1. 
2. 
3.","","2","功能测试","功能测试阶段","正常","0","1","3","通过","听筠","2026-01-08","","0000-00-00","1","",""
"173923","数据资产_STD(#23)","/版本迭代测试用例/v6.4.6/【数据标准】支持dbc标准落标检查(#9918)","【数据标准】支持dbc标准落标检查(#15127)","数据标准映射功能调整 验证【标准管理】-【标准映射】-【映射记录】支持数据表维度查询映射结果","无","1. 进入【标准管理】-【标准映射】
2. 找到【test】记录，点击对应的【映射记录】按钮
3. UI Check
4. 在【数据表名称搜索框】中输入【test】表，点击放大镜按钮","1. 进入成功
2. 弹出[映射记录]详情页面
3. 在【映射记录】栏日期筛选框后有【数据表名称搜索框】，点击可进行输入
4. 映射记录页面更新，展示根据test模糊搜索结果的相关字段","1. 
2. 
3. 
4.","","1","功能测试","功能测试阶段","正常","0","3","4","通过","听筠","2026-01-08","听筠","2026-01-13","1","",""
"173922","数据资产_STD(#23)","/版本迭代测试用例/v6.4.6/【数据标准】支持dbc标准落标检查(#9918)","【数据标准】支持dbc标准落标检查(#15127)","数据标准映射功能调整 验证【标准管理】-【标准映射】-【映射目标】数据库为“单选”时，数据表支持“多选”/“全部”/“单选”","无","1. 进入【标准管理】-【标准映射】
2. 点击【标准映射】按钮
3. 【标准映射】配置如下：
[标准目录] tst
[数据标准] test
[数据源类型] MySQL-test-test1
4. 确认【数据表】是否支持“多选”/“全部”/“单选”","1. 进入成功
2. 进入[标准映射]配置页面
3. 
4. 【数据表】支持“多选”/“全部”/“单选”","1. 
2. 
3. 
4.","","3","功能测试","功能测试阶段","正常","0","1","4","通过","听筠","2026-01-08","","0000-00-00","1","",""
"173921","数据资产_STD(#23)","/版本迭代测试用例/v6.4.6/【数据标准】支持dbc标准落标检查(#9918)","【数据标准】支持dbc标准落标检查(#15127)","数据标准映射功能调整 验证【标准管理】-【标准映射】-【映射目标】数据库非单选时，数据表默认选择全部","无","1. 进入【标准管理】-【标准映射】
2. 点击【标准映射】按钮
3. 【标准映射】配置如下：
[标准目录] tst
[数据标准] test
[数据源类型] MySQL-test-“全部”
4. 确认【数据表】是否默认选择全部
5. 锁不锁操作？","1. 进入成功
2. 进入[标准映射]配置页面
3. 
4. 【数据表】默认选择全部
5.","1. 
2. 
3. 
4. 
5.","","3","功能测试","功能测试阶段","正常","0","1","5","通过","听筠","2026-01-08","","0000-00-00","1","",""
"173920","数据资产_STD(#23)","/版本迭代测试用例/v6.4.6/【数据标准】支持dbc标准落标检查(#9918)","【数据标准】支持dbc标准落标检查(#15127)","数据标准映射功能调整 验证【标准管理】-【标准映射】-【映射目标】数据源类型”单选“时，数据源仅支持单选，数据库支持选择“全部”/“多选”","无","1. 进入【标准管理】-【标准映射】
2. 点击【标准映射】按钮
3. 【标准映射】配置如下：
[标准目录] tst
[数据标准] test
[数据源类型] MySQL
4. 确认【数据源】是否仅支持单选，且数据库支持“全选“/”多选”/“单选”","1. 进入成功
2. 进入[标准映射]配置页面
3. 
4. 数据源类型无“全选”项且根据选择变为“MySQL‘，数据库支持“全选“/”多选”/“单选”","1. 
2. 
3. 
4.","","3","功能测试","功能测试阶段","正常","0","1","4","通过","听筠","2026-01-08","","0000-00-00","1","",""
"173919","数据资产_STD(#23)","/版本迭代测试用例/v6.4.6/【数据标准】支持dbc标准落标检查(#9918)","【数据标准】支持dbc标准落标检查(#15127)","数据标准映射功能调整 验证【标准管理】-【标准映射】-【映射目标】当数据源类型选择“全部”时，数据源、数据库、数据表均默认选择全部","无","1. 进入【标准管理】-【标准映射】
2. 点击【标准映射】按钮
3. 【标准映射】配置如下：
[标准目录] tst
[数据标准] test
4. 【数据源类型】尝试选择“全部”","1. 进入成功
2. 进入[标准映射]配置页面
3. 
4. 数据源类型根据选择变为“全部‘，数据源、数据库、数据表均默认选择全部且无法操作","1. 
2. 
3. 
4.","","3","功能测试","功能测试阶段","正常","0","1","4","通过","听筠","2026-01-08","","0000-00-00","1","",""
"173918","数据资产_STD(#23)","/版本迭代测试用例/v6.4.6/【数据标准】支持dbc标准落标检查(#9918)","【数据标准】支持dbc标准落标检查(#15127)","数据标准映射功能调整 验证【标准管理】-【标准映射】-【映射目标】选择到数据表新建映射后能正常运转","无","1. 进入【标准管理】-【标准映射】
2. 点击【标准映射】按钮
3. 【标准映射】配置如下：
[标准目录] tst
[数据标准] test
[映射目标] MySQL-test_MYSQL-test-test
4. 点击【确定】按钮
5. 点击【确定】按钮
6. 点击【映射记录】按钮","1. 进入成功
2. 进入[标准映射]配置页面
3. [标准映射]配置完毕
4. 成功生成映射任务
5. 成功生成映射任务
6. 查看到正确的映射记录","1. 
2. 
3. 
4. 
5. 
6. 映射失败","","1","功能测试","功能测试阶段","正常","1","2","6","失败","听筠","2026-01-08","","0000-00-00","1","",""
"173917","数据资产_STD(#23)","/版本迭代测试用例/v6.4.6/【数据标准】支持dbc标准落标检查(#9918)","【数据标准】支持dbc标准落标检查(#15127)","数据标准映射功能调整 验证【标准管理】-【标准映射】-【映射目标】支持选择到数据表","无","1. 进入【标准管理】-【标准映射】
2. 点击【标准映射】按钮
3. UI Check
4. 点击各级选择框","1. 进入成功
2. 进入[标准映射]配置页面
3. 【映射目标】中层级为[数据源类型]-[数据源]-[数据库]-[数据表]
4. 弹出可选择的[数据源类型]-[数据源]-[数据库]-[数据表]","1. 
2. 
3. 
4.","","2","功能测试","功能测试阶段","正常","0","1","4","通过","听筠","2026-01-08","","0000-00-00","1","",""
"173916","数据资产_STD(#23)","/版本迭代测试用例/v6.4.6/【数据标准】支持dbc标准落标检查(#9918)","【数据标准】支持dbc标准落标检查(#15127)","数据标准映射功能调整 验证【标准管理】-【标准定义】-【标准上线】自动映射逻辑调整","无","1. 进入【资产】-【数据标准】-【标准管理】-【标准定义】页面
2. 找到【test】标准，点击对应【上线按钮】按钮
3. 进入【标准管理】-【标准映射】
4. 查看是否有自动生成的映射任务
5. 点击【标准映射】按钮
6. 【标准映射】配置如下：
[标准目录] tst
[数据标准] test
[映射目标] 设定数据源
7. 点击【确定】按钮
8. 点击【映射记录】按钮","1. 进入成功
2. 弹出提示框“数据标准上线后，支持在标准映射中选择已上线的标准进行映射”
3. 进入成功
4. 无自动生成映射
5. 进入[标准映射]配置页面
6. [标准映射]配置完毕
7. 成功生成映射任务
8. 查看到正确的映射记录","1. 
2. 
3. 
4. 
5. 
6. 
7. 
8.","","1","功能测试","功能测试阶段","正常","0","2","8","通过","听筠","2026-01-08","听筠","2026-01-12","1","",""
"173915","数据资产_STD(#23)","/版本迭代测试用例/v6.4.6/【数据标准】支持dbc标准落标检查(#9918)","【数据标准】支持dbc标准落标检查(#15127)","数据标准映射功能调整 验证【标准管理】-【标准定义】-【标准上线】提示内容调整","无","1. 进入【资产】-【数据标准】-【标准管理】-【标准定义】页面
2. 找到【test】标准，点击对应【上线按钮】按钮","1. 进入成功
2. 弹出提示框“数据标准上线后，支持在标准映射中选择已上线的标准进行映射”","1. 
2.","","2","功能测试","功能测试阶段","正常","0","1","2","通过","听筠","2026-01-08","","0000-00-00","1","",""
"173914","数据资产_STD(#23)","/版本迭代测试用例/v6.4.6/【数据标准】支持dbc标准落标检查(#9918)","【数据标准】支持dbc标准落标检查(#15127)","数据标准标准下线逻辑调整 验证【数据标准】-【标准定义】标准进行“下线”操作时判断是否存在落标检查任务","无","1. 进入【资产】-【数据标准】-【标准管理】-【标准定义】页面
2. 找到【test】标准（该标准已上线且被落标检查任务使用），确认该标准的操作栏
3. 点击【下线】按钮
4. 点击提示框【下线】按钮
5. 进入【资产】-【数据标准】-【标准管理】-【落标检查】页面
6. 找到使用该标准的落标检查任务，进行编辑关闭该标准的使用
7. 进入【资产】-【数据标准】-【标准管理】-【标准定义】页面
8. 找到【test】标准（该标准已上线且被落标检查任务使用），点击【下线】按钮
9. 点击提示框【下线】按钮","1. 进入成功
2. 该标准操作栏只有“下线”按钮
3. 弹出提示框“该数据标准已被引用至0张数据表，下线数据标准数据表中将不再展示字段的标准标签信息，且会同步删除标准映射结果”
4. 弹出提示框“已有关联标准的字段xxx_xxx、xxx_xxx（表名_字段名）等xx个字段创建了落标检查任务，请先前往落标检查任务关闭字段的检查后再进行标准下线。”
5. 进入成功
6. 该落标检查任务不使用该标准
7. 进入成功
8. 弹出提示框“该数据标准已被引用至0张数据表，下线数据标准数据表中将不再展示字段的标准标签信息，且会同步删除标准映射结果”
9. 弹出顶部提示框“申请下线成功，若需查看审批进度可前往【公共管理-审批管理】模块，点击跳转可直接查看审批进度。”","1. 
2. 
3. 
4. 
5. 
6. 
7. 
8. 
9.","","1","功能测试","功能测试阶段","正常","0","2","9","通过","听筠","2026-01-08","听筠","2026-01-12","1","",""
"173913","数据资产_STD(#23)","/版本迭代测试用例/v6.4.6/【数据标准】支持dbc标准落标检查(#9918)","【数据标准】支持dbc标准落标检查(#15127)","数据标准标准下线逻辑调整 验证【数据标准】-【标准定义】标准进行“下线”操作时页面测试","无","1. 进入【资产】-【数据标准】-【标准管理】-【标准定义】页面
2. 找到【test】标准（该标准已上线且被落标检查任务使用），确认该标准的操作栏
3. 点击【下线】按钮
4. 点击提示框【下线】按钮","1. 进入成功
2. 该标准操作栏只有“下线”按钮
3. 弹出提示框“该数据标准已被引用至0张数据表，下线数据标准数据表中将不再展示字段的标准标签信息，且会同步删除标准映射结果”
4. 弹出提示框“已有关联标准的字段xxx_xxx、xxx_xxx（表名_字段名）等xx个字段创建了落标检查任务，请先前往落标检查任务关闭字段的检查后再进行标准下线。”","1. 
2. 
3. 
4.","","2","功能测试","功能测试阶段","正常","0","1","4","通过","听筠","2026-01-08","","0000-00-00","1","",""
"173912","数据资产_STD(#23)","/版本迭代测试用例/v6.4.6/【数据标准】支持dbc标准落标检查(#9918)","【数据标准】支持dbc标准落标检查(#15127)","数据标准标准下线逻辑调整 验证【数据标准】-【标准定义】标准进行“下线”操作时标准映射、绑定关系均会删除","无","1. 进入【资产】-【数据标准】-【标准管理】-【标准定义】页面
2. 找到【test】标准（该标准已上线且存在标准映射、绑定关系），点击【下线】按钮
3. 点击提示框【下线】按钮
4. 点击【跳转】完成审批操作后，进入【资产】-【数据标准】-【标准管理】-【标准定义】页面
5. 进入【数据标准】-【标准管理】-【标准映射】页面
6. 查找原【test】标准生成的映射记录","1. 进入成功
2. 弹出提示框“该数据标准已被引用至0张数据表，下线数据标准数据表中将不再展示字段的标准标签信息，且会同步删除标准映射结果”
3. 弹出顶部提示框“申请下线成功，若需查看审批进度可前往【公共管理-审批管理】模块，点击跳转可直接查看审批进度。”
4. 【test】标准改为“待上线”
5. 进入成功
6. 映射记录已清除，绑定关系同步清除","1. 
2. 
3. 
4. 
5. 
6.","","2","功能测试","功能测试阶段","正常","0","1","6","通过","听筠","2026-01-08","","0000-00-00","1","",""
"173911","数据资产_STD(#23)","/版本迭代测试用例/v6.4.6/【数据标准】支持dbc标准落标检查(#9918)","【数据标准】支持dbc标准落标检查(#15127)","数据标准标准下线逻辑调整 验证【数据标准】-【标准定义】“已上线”状态标准操作栏只有“下线”按钮","无","1. 进入【资产】-【数据标准】-【标准管理】-【标准定义】页面
2. 找到【test】标准（该标准已上线），确认该标准操作栏","1. 进入成功
2. 该标准操作栏只有“下线”按钮","1. 
2.","","3","功能测试","功能测试阶段","正常","0","1","2","通过","听筠","2026-01-08","","0000-00-00","1","",""
"173910","数据资产_STD(#23)","/版本迭代测试用例/v6.4.6/【数据标准】支持dbc标准落标检查(#9918)","【数据标准】支持dbc标准落标检查(#15127)","数据标准导入标准功能调整 验证【导入模板】-【导入结果】导入失败","无","1. 打开下载的导入模板文件，按规则填写内容（根据失败类型对应填写测试且分为两种情况测试：1、原标准与文档标准存在该情况 2、文档标准存在该情况）
2. 测试场景1【相同标准名称】
3. 测试场景2【同一个“英文名称”标准的不同车型业务属性不同】
4. 测试场景3【填写字段不符合要求格式】
5. 【存在多个失败原因，用英文分号分割展示】
6. 点击下载【异常记录】按钮
7. 进入【资产】-【数据标准】-【标准管理】-【标准定义】页面","1. 
2. 点击【导入标准】按钮
3. 点击【导入标准】按钮
4. 点击【导入标准】按钮
5. 点击【导入标准】按钮
6. 点击后自动下载导入异常记录文件，文件中包含导入数据和失败原因，失败原因一列展示
7. 确认导入失败记录未出现在列表中","1. 
2. 
3. 
4. 
5. 
6. 
7.","","3","功能测试","功能测试阶段","正常","0","1","7","通过","听筠","2026-01-08","","0000-00-00","1","",""
"173909","数据资产_STD(#23)","/版本迭代测试用例/v6.4.6/【数据标准】支持dbc标准落标检查(#9918)","【数据标准】支持dbc标准落标检查(#15127)","数据标准导入标准功能调整 验证【导入标准】-【重复处理规则】-【重复则覆盖更新】逻辑调整后导入功能（重复处理判断）","无","1. 都有车型车系，现有标准与导入标准车型车系重复
2. 打开下载的导入模板文件，按规则填写内容（根据四种情况填写对应实例）
3. 进入【资产】-【数据标准】-【标准管理】-【标准定义】页面
4. 点击【导入标准】按钮
5. 导入标准配置如下：
[重复处理规则] 重复则覆盖更新
[上传文件]
*上传填写后的文件*（对应不同测试场景上传对应文件）
场景1文件
场景2文件
场景3文件
场景4文件
6. 点击【确认】按钮
7. 查看【资产】-【数据标准】-【标准管理】-【标准定义】页面，依照场景检查用例指向的标准","1. 
2. 
3. 进入成功
4. 进入[导入标准]配置页面
5. [导入标准]配置完成
6. 显示导入结果【导入总量/导入成功/导入失败/下载异常记录】
7. 场景1，重复标准覆盖更新","1. 
2. 
3. 
4. 
5. 
6. 
7.","","3","功能测试","功能测试阶段","正常","0","1","7","通过","听筠","2026-01-08","","0000-00-00","1","",""
"173908","数据资产_STD(#23)","/版本迭代测试用例/v6.4.6/【数据标准】支持dbc标准落标检查(#9918)","【数据标准】支持dbc标准落标检查(#15127)","数据标准导入标准功能调整 验证【导入标准】-【重复处理规则】-【重复则覆盖更新】逻辑调整后导入功能（正常导入）","无","1. 打开下载的导入模板文件，按规则填写内容（与现有标准没有重复现象）
2. 进入【资产】-【数据标准】-【标准管理】-【标准定义】页面
3. 点击【导入标准】按钮
4. 导入标准配置如下：
[重复处理规则] 重复则覆盖更新
[上传文件] *上传填写后的文件*
5. 点击【确认】按钮","1. 
2. 进入成功
3. 进入[导入标准]配置页面
4. [导入标准]配置完成
5. 显示导入结果【导入总量/导入成功/导入失败/下载异常记录】","1. 
2. 
3. 
4. 
5.","","3","功能测试","功能测试阶段","正常","0","1","5","通过","听筠","2026-01-08","","0000-00-00","1","",""
"173907","数据资产_STD(#23)","/版本迭代测试用例/v6.4.6/【数据标准】支持dbc标准落标检查(#9918)","【数据标准】支持dbc标准落标检查(#15127)","数据标准导入标准功能调整 验证【导入标准】-【重复则覆盖更新】提示按钮“？“的内容","无","1. 进入【资产】-【数据标准】-【标准管理】-【标准定义】页面
2. 点击【导入标准】按钮
3. 鼠标悬浮在【重复处理规则】-【重复则覆盖更新】后的“？“上","1. 进入成功
2. 进入[导入标准]配置页面
3. 显示““标准英文名称”重复则覆盖更新，若存在车型信息，会将“英文名称+车型”联合判断，重复则覆盖更新”","1. 
2. 
3. 信息未更改","","2","功能测试","功能测试阶段","正常","1","1","3","失败","听筠","2026-01-08","","0000-00-00","1","",""
"173906","数据资产_STD(#23)","/版本迭代测试用例/v6.4.6/【数据标准】支持dbc标准落标检查(#9918)","【数据标准】支持dbc标准落标检查(#15127)","数据标准导入标准功能调整 验证【导入模板】其他格式文件导入失败","无","1. 打开下载的导入模板文件，按规则填写内容，保存为PDF，PSD类型两份文件
2. 进入【资产】-【数据标准】-【标准管理】-【标准定义】页面
3. 点击【导入标准】按钮
4. 点击【上传文件】按钮，提交导入文件（PDF文件）
5. 点击【确认】按钮
6. 点击【上传文件】按钮，提交导入文件（PSD文件）
7. 点击【确认】按钮","1. 
2. 进入成功
3. 进入[导入标准]配置页面
4. 成功提交
5. 导入失败，提示“导入表格未按照模版要求导入，请检查后重新导入！”
6. 成功提交
7. 导入失败，提示“导入表格未按照模版要求导入，请检查后重新导入！”","1. 
2. 
3. 
4. 
5. 
6. 
7.","","3","功能测试","功能测试阶段","正常","0","1","7","通过","听筠","2026-01-08","","0000-00-00","1","",""
"173905","数据资产_STD(#23)","/版本迭代测试用例/v6.4.6/【数据标准】支持dbc标准落标检查(#9918)","【数据标准】支持dbc标准落标检查(#15127)","数据标准导入标准功能调整 验证【导入模板】xls、xlsx格式导入流程正常运转","无","1. 打开下载的导入模板文件，按规则填写内容，保存为XLSX，XLS类型两份文件
2. 进入【资产】-【数据标准】-【标准管理】-【标准定义】页面
3. 点击【导入标准】按钮
4. 点击【上传文件】按钮，提交导入文件（XLSX文件）
5. 点击【确认】按钮
6. 点击【上传文件】按钮，提交导入文件（XLS文件）
7. 点击【确认】按钮","1. 
2. 进入成功
3. 进入[导入标准]配置页面
4. 成功提交
5. 成功导入，显示导入结果【导入总量/导入成功/导入失败/下载异常记录】
6. 成功提交
7. 显示导入结果【导入总量/导入成功/导入失败/下载异常记录】","1. 
2. 
3. 
4. 
5. 导入失败
6. 
7.","","1","功能测试","功能测试阶段","正常","0","2","7","失败","听筠","2026-01-08","","0000-00-00","1","",""
"173904","数据资产_STD(#23)","/版本迭代测试用例/v6.4.6/【数据标准】支持dbc标准落标检查(#9918)","【数据标准】支持dbc标准落标检查(#15127)","数据标准导入标准功能调整 验证【导入标准】文件类型支持提示","无","1. 打开下载的导入模板文件，按规则填写内容，保存为XLSX，XLS类型两份文件
2. 进入【资产】-【数据标准】-【标准管理】-【标准定义】页面
3. 点击【导入标准】按钮
4. 查看文件类型支持提示","1. 
2. 进入成功
3. 进入[导入标准]配置页面
4. 显示“支持XLS、XLSX文件类型”","1. 
2. 
3. 
4. xls格式不支持","","2","功能测试","功能测试阶段","正常","1","1","4","失败","听筠","2026-01-08","","0000-00-00","1","",""
"173903","数据资产_STD(#23)","/版本迭代测试用例/v6.4.6/【数据标准】支持dbc标准落标检查(#9918)","【数据标准】支持dbc标准落标检查(#15127)","【数据标准】-【标准定义】字段调整 验证【标准管理】-【标准定义】-【技术属性】-【车型/车系】的数据复制功能（未填写覆盖完全填写/部分填写）","无","1. 进入【资产】-【数据标准】-【标准管理】-【标准定义】页面
2. 点击【新建标准】按钮
3. 技术配置配置如下：
[是否复制属性] 勾选
4. 点击【车型】选择框，将【车型】属性改为车型2
5. 技术配置配置如下：
[车系] 车系1
[车型] 车型1
[是否复制属性] 勾选
[数据长度] <=5
[数据精度] 1/1
[数据类型] 数值型
[是否允许空值] 是
[是否允许重复] 否
[默认值] 20
[取值范围] >10
[枚举列表] 不作调整
6. 点击【是否将 车型1 属性粘贴到 车型2 ？】框的确认按钮","1. 进入成功
2. 进入[新建标准]配置页面
3. 【新建标准】-[技术配置]配置完成
4. 数据更改成功，【技术属性】版块更新，【是否复制属性】变更为【是否将 车型1 属性粘贴到 车型2 ？】且后置确认按钮，其他内容清空
5. 【新建标准】-[技术配置]配置完成
6. 不作覆盖","1. 
2. 
3. 
4. 
5. 
6. 部分属性值被覆盖","","3","功能测试","功能测试阶段","正常","0","1","6","失败","听筠","2026-01-08","","0000-00-00","1","",""
"173902","数据资产_STD(#23)","/版本迭代测试用例/v6.4.6/【数据标准】支持dbc标准落标检查(#9918)","【数据标准】支持dbc标准落标检查(#15127)","【数据标准】-【标准定义】字段调整 验证【标准管理】-【标准定义】-【技术属性】-【车型/车系】的数据复制功能（部分填写覆盖完全填写/部分填写）","无","1. 进入【资产】-【数据标准】-【标准管理】-【标准定义】页面
2. 点击【新建标准】按钮
3. 技术配置配置如下：
[车系] 车系1
[车型] 车型1
[是否复制属性] 勾选
[数据类型] 数值型
[是否允许空值] 是
[是否允许重复] 是
[默认值] 1
[取值范围] >1
[枚举列表] 不作调整
4. 点击【车型】选择框，将【车型】属性改为车型2
5. 技术配置配置如下：
[车系] 车系1
[车型] 车型1
[是否复制属性] 勾选
[数据长度] <=5
[数据精度] 1/1
[数据类型] 数值型
[是否允许空值] 是
[是否允许重复] 否
[默认值] 20
[取值范围] >10
[枚举列表] 不作调整
6. 点击【是否将 车型1 属性粘贴到 车型2 ？】框的确认按钮","1. 进入成功
2. 进入[新建标准]配置页面
3. 【新建标准】-[技术配置]配置完成
4. 数据更改成功，【技术属性】版块更新，【是否复制属性】变更为【是否将 车型1 属性粘贴到 车型2 ？】且后置确认按钮，其他内容清空
5. 【新建标准】-[技术配置]配置完成
6. 原车型1填写内容填充到了现车型2的配置中，覆盖逻辑如下：
重复填写内容，车型1覆盖车型2
车型1未填写车型2填写，不作覆盖
车型1填写车型2未填写，填充车型1内容","1. 
2. 
3. 
4. 
5. 
6. 车型1未填写车型2填写时，部分值被覆盖","","3","功能测试","功能测试阶段","正常","0","1","6","失败","听筠","2026-01-08","","0000-00-00","1","",""
"173901","数据资产_STD(#23)","/版本迭代测试用例/v6.4.6/【数据标准】支持dbc标准落标检查(#9918)","【数据标准】支持dbc标准落标检查(#15127)","【数据标准】-【标准定义】字段调整 验证【标准管理】-【标准定义】-【技术属性】-【车型/车系】的数据复制功能（完全填写覆盖部分填写）","无","1. 进入【资产】-【数据标准】-【标准管理】-【标准定义】页面
2. 点击【新建标准】按钮
3. 技术配置配置如下：
[车系] 车系1
[车型] 车型1
[是否复制属性] 勾选
[数据类型] 数值型
[数据长度] <=5
[数据精度] 1/1
[是否允许空值] 是
[是否允许重复] 是
[默认值] 1
[取值范围] >1
[枚举列表] 不作调整
4. 点击【车型】选择框，将【车型】属性改为车型2
5. 技术配置配置如下：
[车系] 车系1
[车型] 车型1
[是否复制属性] 勾选
[数据类型] 数值型
[是否允许空值] 是
[是否允许重复] 否
[默认值] 20
[取值范围] >10
[枚举列表] 不作调整
6. 点击【是否将 车型1 属性粘贴到 车型2 ？】框的确认按钮","1. 进入成功
2. 进入[新建标准]配置页面
3. 【新建标准】-[技术配置]配置完成
4. 数据更改成功，【技术属性】版块更新，【是否复制属性】变更为【是否将 车型1 属性粘贴到 车型2 ？】且后置确认按钮，其他内容清空
5. 【新建标准】-[技术配置]配置完成
6. 原车型1填写内容填充到了现车型2的配置中，车型2的填写内容被车型1填写内容覆盖","1. 
2. 
3. 
4. 
5. 
6.","","3","功能测试","功能测试阶段","正常","0","1","6","通过","听筠","2026-01-08","","0000-00-00","1","",""
"173900","数据资产_STD(#23)","/版本迭代测试用例/v6.4.6/【数据标准】支持dbc标准落标检查(#9918)","【数据标准】支持dbc标准落标检查(#15127)","【数据标准】-【标准定义】字段调整 验证【标准管理】-【标准定义】-【技术属性】-【车型/车系】的数据复制功能（完全填写覆盖完全填写）","无","1. 进入【资产】-【数据标准】-【标准管理】-【标准定义】页面
2. 点击【新建标准】按钮
3. 技术配置配置如下：
[车系] 车系1
[车型] 车型1
[是否复制属性] 勾选
[数据类型] 数值型
[数据长度] <=5
[数据精度] 1/1
[是否允许空值] 是
[是否允许重复] 是
[默认值] 1
[取值范围] >1
[枚举列表] 不作调整
4. 点击【车型】选择框，将【车型】属性改为车型2
5. 技术配置配置如下：
[车系] 车系1
[车型] 车型1
[是否复制属性] 勾选
[数据类型] 数值型
[数据长度] <=10
[数据精度] 3/5
[是否允许空值] 是
[是否允许重复] 否
[默认值] 20
[取值范围] >10
[枚举列表] 不作调整
6. 点击【是否将 车型1 属性粘贴到 车型2 ？】框的确认按钮","1. 进入成功
2. 进入[新建标准]配置页面
3. 【新建标准】-[技术配置]配置完成
4. 数据更改成功，【技术属性】版块更新，【是否复制属性】变更为【是否将 车型1 属性粘贴到 车型2 ？】且后置确认按钮，其他内容清空
5. 【新建标准】-[技术配置]配置完成
6. 原车型1填写内容填充到了现车型2的配置中，车型2的填写内容被覆盖","1. 
2. 
3. 
4. 
5. 
6.","","3","功能测试","功能测试阶段","正常","0","1","6","通过","听筠","2026-01-08","","0000-00-00","1","",""
"173899","数据资产_STD(#23)","/版本迭代测试用例/v6.4.6/【数据标准】支持dbc标准落标检查(#9918)","【数据标准】支持dbc标准落标检查(#15127)","【数据标准】-【标准定义】字段调整 验证【标准管理】-【标准定义】-【技术属性】-【车型/车系】的数据复制功能（完全填写覆盖未填写）","无","1. 进入【资产】-【数据标准】-【标准管理】-【标准定义】页面
2. 点击【新建标准】按钮
3. 技术配置配置如下：
[车系] 车系1
[车型] 车型1
[是否复制属性] 勾选
[数据类型] 数值型
[数据长度] <=5
[数据精度] 1/1
[是否允许空值] 是
[是否允许重复] 是
[默认值] 1
[取值范围] >1
[枚举列表] 不作调整
4. 点击【车型】选择框，将【车型】属性改为车型2
5. 点击【是否将 车型1 属性粘贴到 车型2 ？】框的确认按钮","1. 进入成功
2. 进入[新建标准]配置页面
3. 【新建标准】-[技术配置]配置完成
4. 数据更改成功，【技术属性】版块更新，【是否复制属性】变更为【是否将 车型1 属性粘贴到 车型2 ？】且后置确认按钮，其他内容清空
5. 原车型1填写内容填充到了现车型2的配置中","1. 
2. 
3. 
4. 
5.","","3","功能测试","功能测试阶段","正常","0","1","5","通过","听筠","2026-01-08","","0000-00-00","1","",""
"173898","数据资产_STD(#23)","/版本迭代测试用例/v6.4.6/【数据标准】支持dbc标准落标检查(#9918)","【数据标准】支持dbc标准落标检查(#15127)","【数据标准】-【标准定义】字段调整 验证【标准管理】-【标准定义】-【技术属性】-【车型/车系】使用数据复制功能复制数据后，流程可正常运转","无","1. 进入【资产】-【数据标准】-【标准管理】-【标准定义】页面
2. 点击【新建标准】按钮
3. 业务属性配置如下：
[中文名称] 最大功率
[英文名称] Maximum power
[英文缩写] MaxP
[标准目录] tst
[车系/车型]宝马x型/x5；宝马x型/x3；宝马x型/x1M35Li
4. 技术属性配置如下：
[数据类型] 数值型
[数据长度] <=5
[数据精度] 4/3
[是否允许空值] 否
[是否允许重复] 是
[默认值] 不作填写
[初始值] 不作填写
[无效值] 500
[精度倍数] 1.1
[偏移量] 20
5. 点击【车型】选择框，将【车型】属性改为车型2
6. 点击【是否将 车型1 属性粘贴到 车型2 ？】框的确认按钮
7. 点击【保存】按钮
8. 找到【测试】标准，点击编辑
9. 点击【上线】按钮
10. 点击【下线】按钮","1. 进入成功
2. 进入[新建标准]配置页面
3. 【技术属性】配置完成
4. 【技术属性】配置完成
5. 数据更改成功，【技术属性】版块更新，【是否复制属性】变更为【是否将 车型1 属性粘贴到 车型2 ？】且后置确认按钮，其他内容清空
6. 原车型1填写内容填充到了现车型2的配置中
7. 弹出提示“数据标准保存成功”，返回【标准定义】页面
8. 进入【编辑标准】配置页面
9. 弹出提示“数据标准发布成功”，返回【标准定义】页面
10. 弹出确认框“该数据标准已被引用至0张数据表，下线数据标准数据表中将不再展示字段的标准标签信息，且会同步删除标准映射结果“，点击确认框[下线]按钮，标准状态改为[待上线]","1. 
2. 
3. 
4. 
5. 
6. 
7. 
8. 
9. 
10.","","1","功能测试","功能测试阶段","正常","0","3","10","通过","听筠","2026-01-08","听筠","2026-01-09","1","",""
"173897","数据资产_STD(#23)","/版本迭代测试用例/v6.4.6/【数据标准】支持dbc标准落标检查(#9918)","【数据标准】支持dbc标准落标检查(#15127)","【数据标准】-【标准定义】字段调整 验证【标准管理】-【标准定义】-【新建标准】，【技术属性】-【车系/车系】切换后，复制的【技术属性】中的数据联动切换","无","1. 进入【资产】-【数据标准】-【标准管理】-【标准定义】页面
2. 点击【新建标准】按钮
3. 业务属性配置如下：
[中文名称] 最大功率
[英文名称] Maximum power
[英文缩写] MaxP
[标准目录] tst
[车系/车型]宝马x型/x5；宝马x型/x3；宝马x型/x1M35Li
4. 技术属性配置如下：
[数据类型] 数值型
[数据长度] <=5
[数据精度] 4/3
[是否允许空值] 否
[是否允许重复] 是
[默认值] 不作填写
[初始值] 不作填写
[无效值] 500
[精度倍数] 1.1
[偏移量] 20
5. 点击【车型】选择框，将【车型】属性改为车型2
6. 点击【是否将 车型1 属性粘贴到 车型2 ？】框的确认按钮
7. 点击【保存】按钮
8. 找到【测试】标准，点击编辑
9. 点击【技术属性】下的【车系/车型】进行切换，确认配置属性是否成功复制并保存","1. 进入成功
2. 进入[新建标准]配置页面
3. 【技术属性】配置完成
4. 【技术属性】配置完成
5. 数据更改成功，【技术属性】版块更新，【是否复制属性】变更为【是否将 车型1 属性粘贴到 车型2 ？】且后置确认按钮，其他内容清空
6. 原车型1填写内容填充到了现车型2的配置中
7. 弹出提示“数据标准保存成功”，返回【标准定义】页面
8. 进入【编辑标准】配置页面
9. 成功复制，根据【车型/车系】存在两条配置属性，与复制结果无误","1. 
2. 
3. 
4. 
5. 
6. 
7. 
8. 
9.","","2","功能测试","功能测试阶段","正常","0","1","9","通过","听筠","2026-01-08","听筠","2026-01-09","1","",""
"173896","数据资产_STD(#23)","/版本迭代测试用例/v6.4.6/【数据标准】支持dbc标准落标检查(#9918)","【数据标准】支持dbc标准落标检查(#15127)","【数据标准】-【标准定义】字段调整 验证【标准管理】-【标准定义】-【技术属性】-【车型/车系】的数据复制功能页面","无","1. 进入【资产】-【数据标准】-【标准管理】-【标准定义】页面
2. 点击【新建标准】按钮
3. 确认【技术属性】页面
4. 技术配置配置如下：
[车系] 车系1
[车型] 车型1
[是否复制属性] 勾选
[数据类型] 数值型
[数据长度] <=5
[数据精度] 1/1
[是否允许空值] 是
[是否允许重复] 是
[默认值] 1
[取值范围] >1
[枚举列表] 不作调整
5. 点击【车型】选择框，将【车型】属性改为车型2
6. 确认【技术属性】页面","1. 进入成功
2. 进入[新建标准]配置页面
3. 在【车型/车系】下【数据类型】上，存在【[勾选框]+“复制车型x数据”】，“车型x”显示为当前配置车型，点击勾选框可进行勾选
4. 【新建标准】-[技术配置]配置完成
5. 数据更改成功，【技术属性】版块更新，【是否复制属性】变更为【是否将 车型1 属性粘贴到 车型2 ？】且后置确认按钮，其他内容清空
6. 原【[勾选框]+“复制车型x数据”】变更为【“是否将 车型1 属性粘贴到 车型2 ？”+[确认按钮]】，点击确认按钮可实现数据复制功能","1. 
2. 
3. 
4. 
5. 
6.","","2","功能测试","功能测试阶段","正常","0","1","6","通过","听筠","2026-01-08","","0000-00-00","1","",""
"173895","数据资产_STD(#23)","/版本迭代测试用例/v6.4.6/【数据标准】支持dbc标准落标检查(#9918)","【数据标准】支持dbc标准落标检查(#15127)","【数据标准】-【标准定义】字段调整 验证【标准管理】-【标准定义】-【导出标准】一条标准根据【车型/车系】存在多条【技术属性】配置时，【导出标准】能正确进行导出","无","1. 进入【资产】-【数据标准】-【标准管理】-【标准定义】页面
2. 点击【导出标准】按钮
3. 勾选导出标准（包含一条标准根据【车型/车系】存在多条【技术属性】的情况），点击【确定】按钮
4. 打开下载文件
5. 检查导出记录表是否根据【车型/车系】存在多条【技术属性】","1. 进入成功
2. 进入[导出标准]配置页面
3. 自动下载导入模板
4. 
5. 存在多条记录，且记录内容正确","1. 
2. 
3. 
4. 
5.","","2","功能测试","功能测试阶段","正常","0","1","5","通过","听筠","2026-01-08","","0000-00-00","1","",""
"173894","数据资产_STD(#23)","/版本迭代测试用例/v6.4.6/【数据标准】支持dbc标准落标检查(#9918)","【数据标准】支持dbc标准落标检查(#15127)","【数据标准】-【标准定义】字段调整 验证【标准管理】-【标准定义】-【新建标准】，【技术属性】-【车型/车系】切换后，【技术属性】中的数据对应切换","无","1. 进入【资产】-【数据标准】-【标准管理】-【标准定义】页面
2. 点击【新建标准】按钮
3. 业务属性配置如下：
[中文名称] 最大功率
[英文名称] Maximum power
[英文缩写] MaxP
[标准目录] tst
[车系/车型]宝马x型/x5；宝马x型/x3；宝马x型/x1M35Li
4. 技术属性配置如下：
[数据类型] 数值型
[数据长度] <=5
[数据精度] 4/3
[是否允许空值] 否
[是否允许重复] 是
[默认值] 不作填写
[初始值] 不作填写
[无效值] 500
[精度倍数] 1.1
[偏移量] 20
5. 点击【车型】选择框，将【车型】属性改为车型2
6. 填写部分内容后，将【车型】属性改为车型1
7. 点击【保存】按钮
8. 找到【测试】标准，点击编辑
9. 点击【技术属性】下的【车系/车型】进行切换","1. 进入成功
2. 进入[新建标准]配置页面
3. 【技术属性】配置完成
4. 【技术属性】配置完成
5. 数据更改成功，【技术属性】版块更新，【是否复制属性】变更为【是否将 车型1 属性粘贴到 车型2 ？】且后置确认按钮，其他内容清空
6. 【技术属性】中的数据对应切换
7. 弹出提示“数据标准保存成功”，返回【标准定义】页面
8. 进入【编辑标准】配置页面
9. 可根据车型车系查看不同技术属性","1. 
2. 
3. 
4. 
5. 
6. 
7. 
8. 
9.","","2","功能测试","功能测试阶段","正常","0","1","9","通过","听筠","2026-01-08","","0000-00-00","1","",""
"173893","数据资产_STD(#23)","/版本迭代测试用例/v6.4.6/【数据标准】支持dbc标准落标检查(#9918)","【数据标准】支持dbc标准落标检查(#15127)","【数据标准】-【标准定义】字段调整 验证【标准管理】-【标准定义】扩充配置数据类型及输入限制","无","1. 进入【资产】-【数据标准】-【标准管理】-【标准定义】页面
2. 点击【新建标准】按钮
3. 业务属性配置如下：
[中文名称] 测试
[英文名称] test
[标准目录] tst
4. 技术属性配置如下：
[初始值] 1
[无效值] 123456789
[精度倍数] 1.11
[偏移量] 11111111.11111111
5. 尝试修改技术属性配置如下：
[初始值] a
[无效值] @
[精度倍数] 啊
[偏移量] K","1. 进入成功
2. 进入[新建标准]配置页面
3. 【技术属性】配置完成
4. 【技术属性】配置完成
5. 无法输入","1. 
2. 
3. 
4. 
5.","","2","功能测试","功能测试阶段","正常","0","1","5","通过","听筠","2026-01-08","","0000-00-00","1","",""
"173892","数据资产_STD(#23)","/版本迭代测试用例/v6.4.6/【数据标准】支持dbc标准落标检查(#9918)","【数据标准】支持dbc标准落标检查(#15127)","【数据标准】-【标准定义】字段调整 验证【标准管理】-【标准定义】-【导出标准】配置扩充","无","1. 进入【资产】-【数据标准】-【标准管理】-【标准定义】页面
2. 点击【导出标准】按钮
3. 勾选导出标准，点击【确定】按钮
4. 打开下载文件
5. 检查表头是否新增【车型】、【车系】、【初始值】、【无效值】、【精度倍数】、【偏移量】","1. 进入成功
2. 进入[导出标准]配置页面
3. 自动下载导入模板
4. 
5. 确认导入模板新增【车型】、【车系】、【初始值】、【无效值】、【精度倍数】、【偏移量】","1. 
2. 
3. 
4. 
5.","","2","功能测试","功能测试阶段","正常","0","1","5","通过","听筠","2026-01-08","","0000-00-00","1","",""
"173891","数据资产_STD(#23)","/版本迭代测试用例/v6.4.6/【数据标准】支持dbc标准落标检查(#9918)","【数据标准】支持dbc标准落标检查(#15127)","【数据标准】-【标准定义】字段调整 验证【标准管理】-【标准定义】-【导入模板】配置扩充","无","1. 进入【资产】-【数据标准】-【标准管理】-【标准定义】页面
2. 点击【导入标准】按钮
3. 点击【下载模板】按钮
4. 打开下载文件
5. 检查表头【英文缩写（不支持大写字母）】是否取消必填显示
6. 检查表头是否新增【车型】、【车系】、【初始值】、【无效值】、【精度倍数】、【偏移量】","1. 进入成功
2. 进入[导入标准]配置页面
3. 自动下载导入模板
4. 
5. 必填显示已取消
6. 确认导入模板新增【车型】、【车系】、【初始值】、【无效值】、【精度倍数】、【偏移量】","1. 
2. 
3. 
4. 
5. 
6.","","2","功能测试","功能测试阶段","正常","0","1","6","通过","听筠","2026-01-08","","0000-00-00","1","",""
"173890","数据资产_STD(#23)","/版本迭代测试用例/v6.4.6/【数据标准】支持dbc标准落标检查(#9918)","【数据标准】支持dbc标准落标检查(#15127)","【数据标准】-【标准定义】字段调整 验证【标准管理】-【标准定义】-【编辑标准】配置扩充","无","1. 进入【资产】-【数据标准】-【标准管理】-【标准定义】页面
2. 找到列表中的【test】标准，点击【编辑】按钮
3. UI Check","1. 进入成功
2. 进入[编辑标准]配置页面
3. 【业务属性】
新增了【车型/车系】树形目录，最大支持配置20个
【技术属性】下新增了【车系/车型】选择栏，可切换车型/车系查看每个车型下的技术属性配置，新增了【初始值】、【无效值】、【精度倍数】、【偏移量】在【取值范围】后【枚举范围】前","1. 
2. 
3.","","2","功能测试","功能测试阶段","正常","0","1","3","通过","听筠","2026-01-08","","0000-00-00","1","",""
"173889","数据资产_STD(#23)","/版本迭代测试用例/v6.4.6/【数据标准】支持dbc标准落标检查(#9918)","【数据标准】支持dbc标准落标检查(#15127)","【数据标准】-【标准定义】字段调整 验证【标准管理】-【标准定义】-【标准详情】配置扩充","无","1. 进入【资产】-【数据标准】-【标准管理】-【标准定义】页面
2. 点击列表中的【test】标准
3. UI Check","1. 进入成功
2. 进入[标准详情]页面
3. 【业务属性】
新增了【车型/车系】树形目录，最大支持配置20个
【技术属性】下新增了【车系/车型】选择栏，可切换车型/车系查看每个车型下的技术属性配置，新增了【初始值】、【无效值】、【精度倍数】、【偏移量】在【取值范围】后【枚举范围】前","1. 
2. 
3.","","2","功能测试","功能测试阶段","正常","0","1","3","通过","听筠","2026-01-08","","0000-00-00","1","",""
"173888","数据资产_STD(#23)","/版本迭代测试用例/v6.4.6/【数据标准】支持dbc标准落标检查(#9918)","【数据标准】支持dbc标准落标检查(#15127)","【数据标准】-【标准定义】字段调整 验证【标准管理】-【标准定义】中新增字段填写后流程正常运转（多条车系/车型相关技术属性）","无","1. 进入【资产】-【数据标准】-【标准管理】-【标准定义】页面
2. 点击【新建标准】按钮
3. 业务属性配置如下：
[中文名称] 最大功率
[英文名称] Maximum power
[英文缩写] MaxP
[标准目录] tst
[车系/车型]宝马x型/x5；宝马x型/x3；宝马x型/x1M35Li
4. 技术属性配置如下：
[数据类型] 数值型
[数据长度] <=5
[数据精度] 4/3
[是否允许空值] 否
[是否允许重复] 是
[默认值] 不作填写
[初始值] 不作填写
[无效值] 500
[精度倍数] 1.1
[偏移量] 20
5. 点击【技术属性】-【车系/车型】切换车型
6. 业务属性配置如下：
[中文名称] 最大功率
[英文名称] Maximum power
[英文缩写] MaxP
[标准目录] tst
[车系/车型] 奔驰E级/2026_L_4MATIC；奔驰E级/2025_L_4MATIC；奔驰E级/2024_L_4MATIC
7. 技术属性配置如下：
[数据类型] 数值型
[数据长度] <=5
[数据精度] 4/3
[是否允许空值] 否
[是否允许重复] 是
[默认值] 不作填写
[初始值] 不作填写
[无效值] 500
[精度倍数] 1.1
[偏移量] 20
8. 点击【保存】按钮
9. 找到【测试】标准，点击编辑
10. 确认根据【车型/车系】存在多条记录
11. 点击【上线】按钮
12. 点击【下线】按钮","1. 进入成功
2. 进入[新建标准]配置页面
3. 【技术属性】配置完成
4. 【技术属性】配置完成
5. 由车型1切换车型2，技术属性表单更新
6. 【技术属性】配置完成
7. 【技术属性】配置完成
8. 弹出提示“数据标准保存成功”，返回【标准定义】页面
9. 进入【编辑标准】配置页面
10. 存在编写的两条记录
11. 弹出提示“数据标准发布成功”，返回【标准定义】页面
12. 弹出确认框“该数据标准已被引用至0张数据表，下线数据标准数据表中将不再展示字段的标准标签信息，且会同步删除标准映射结果“，点击确认框[下线]按钮，标准状态改为[待上线]","1. 
2. 
3. 
4. 
5. 
6. 
7. 
8. 
9. 
10. 
11. 
12.","","1","功能测试","功能测试阶段","正常","0","2","12","通过","听筠","2026-01-08","听筠","2026-01-09","1","",""
"173887","数据资产_STD(#23)","/版本迭代测试用例/v6.4.6/【数据标准】支持dbc标准落标检查(#9918)","【数据标准】支持dbc标准落标检查(#15127)","【数据标准】-【标准定义】字段调整 验证【标准管理】-【标准定义】中新增字段填写后流程正常运转","无","1. 进入【资产】-【数据标准】-【标准管理】-【标准定义】页面
2. 点击【新建标准】按钮
3. 业务属性配置如下：
[中文名称] 最大功率
[英文名称] Maximum power
[英文缩写] MaxP
[标准目录] tst
[车系/车型]宝马x型/x5；宝马x型/x3；宝马x型/x1M35Li
4. 技术属性配置如下：
[数据类型] 数值型
[数据长度] <=5
[数据精度] 4/3
[是否允许空值] 否
[是否允许重复] 是
[默认值] 不作填写
[初始值] 不作填写
[无效值] 500
[精度倍数] 1.1
[偏移量] 20
5. 点击【保存】按钮
6. 找到【测试】标准，点击编辑
7. 点击【上线】按钮
8. 点击【下线】按钮","1. 进入成功
2. 进入[新建标准]配置页面
3. 【技术属性】配置完成
4. 【技术属性】配置完成
5. 弹出提示“数据标准保存成功”，返回【标准定义】页面
6. 进入【编辑标准】配置页面
7. 弹出提示“数据标准发布成功”，返回【标准定义】页面
8. 弹出确认框“该数据标准已被引用至0张数据表，下线数据标准数据表中将不再展示字段的标准标签信息，且会同步删除标准映射结果“，点击确认框[下线]按钮，标准状态改为[待上线]","1. 
2. 
3. 
4. 
5. 
6. 
7. 
8.","","1","功能测试","功能测试阶段","正常","0","2","8","通过","听筠","2026-01-08","听筠","2026-01-09","1","",""
"173886","数据资产_STD(#23)","/版本迭代测试用例/v6.4.6/【数据标准】支持dbc标准落标检查(#9918)","【数据标准】支持dbc标准落标检查(#15127)","【数据标准】-【标准定义】字段调整 验证【标准管理】-【标准定义】-【新建标准】配置扩充","无","1. 进入【资产】-【数据标准】-【标准管理】-【标准定义】页面
2. 点击【新建标准】按钮
3. UI Check","1. 进入成功
2. 进入[新建标准]配置页面
3. 【业务属性】
新增了【车型/车系】树形目录，最大支持配置20个（超出提示“车型最大支持配置20个！”）
【技术属性】
新增了【车型/车系】选择栏，点击出现下拉框，对车型或车系进行选择；在【取值范围】后出现【初始值】、【无效值】、【精度倍数】、【偏移量】，四项属性皆为输入框","1. 
2. 
3.","","2","功能测试","功能测试阶段","正常","0","1","3","通过","听筠","2026-01-08","","0000-00-00","1","",""
"173885","数据资产_STD(#23)","/版本迭代测试用例/v6.4.6/【数据标准】支持dbc标准落标检查(#9918)","【数据标准】支持dbc标准落标检查(#15127)","【数据标准】-【标准定义】字段调整 验证【标准管理】-【标准定义】-【导出标准】必填项标识修改","无","1. 进入【资产】-【数据标准】-【标准管理】-【标准定义】页面
2. 点击【导出标准】按钮
3. 勾选导出标准，点击【确定】按钮
4. 点击【下载模板】按钮
5. 打开下载文件
6. 检查表头【英文缩写（不支持大写字母）】是否取消必填显示","1. 进入成功
2. 进入[导出标准]配置页面
3. 自动下载导入模板
4. 自动下载导入模板
5. 
6. 必填显示已取消","1. 
2. 
3. 
4. 
5. 
6.","","3","功能测试","功能测试阶段","正常","0","1","6","通过","听筠","2026-01-08","","0000-00-00","1","",""
"173884","数据资产_STD(#23)","/版本迭代测试用例/v6.4.6/【数据标准】支持dbc标准落标检查(#9918)","【数据标准】支持dbc标准落标检查(#15127)","【数据标准】-【标准定义】字段调整 验证【标准管理】-【标准定义】-【导入模板】-【英文缩写】不填写正常导入","无","1. 进入【资产】-【数据标准】-【标准管理】-【标准定义】页面
2. 点击【导入标准】按钮
3. 点击【下载模板】按钮
4. 打开下载文件，按规则填写内容
5. 进入【资产】-【数据标准】-【标准管理】-【标准定义】页面
6. 点击【导入标准】按钮
7. 点击【上传文件】按钮，提交导入文件
8. 点击【确认】按钮
9. 找到导入的标准（未填写英文缩写），确认标准导入成功","1. 进入成功
2. 进入[导入标准]配置页面
3. 自动下载导入模板
4. 
5. 进入成功
6. 进入[导入标准]配置页面
7. 成功提交
8. 成功导入，显示导入结果【导入总量/导入成功/导入失败/下载异常记录】
9. 导入成功","1. 
2. 
3. 
4. 
5. 
6. 
7. 
8. 导入失败
9.","","3","功能测试","功能测试阶段","正常","0","1","9","失败","听筠","2026-01-08","","0000-00-00","1","",""
"173883","数据资产_STD(#23)","/版本迭代测试用例/v6.4.6/【数据标准】支持dbc标准落标检查(#9918)","【数据标准】支持dbc标准落标检查(#15127)","【数据标准】-【标准定义】字段调整 验证【标准管理】-【标准定义】-【导入模板】必填项标识修改","无","1. 进入【资产】-【数据标准】-【标准管理】-【标准定义】页面
2. 点击【导入标准】按钮
3. 点击【下载模板】按钮
4. 打开下载文件
5. 检查表头【英文缩写（不支持大写字母）】是否取消必填显示","1. 进入成功
2. 进入[导入标准]配置页面
3. 自动下载导入模板
4. 
5. 必填显示已取消","1. 
2. 
3. 
4. 
5.","","2","功能测试","功能测试阶段","正常","0","1","5","通过","听筠","2026-01-08","","0000-00-00","1","",""
"173882","数据资产_STD(#23)","/版本迭代测试用例/v6.4.6/【数据标准】支持dbc标准落标检查(#9918)","【数据标准】支持dbc标准落标检查(#15127)","【数据标准】-【标准定义】字段调整 验证【标准定义】-【新增/编辑标准】-【英文缩写】必填项标识修改及不作必填项提示","无","1. 进入【资产】-【数据标准】-【标准管理】-【标准定义】页面
2. 点击【新建标准】按钮
3. 业务属性配置如下：
[中文名称] 测试
[英文名称] Test_&Box
[英文缩写] 不作填写
[标准目录] tst
（非必填项不作填写）","1. 进入成功
2. 进入[新建标准]配置页面
3. [新建标准]配置完成，[英文缩写]字段前无红色“*“（必填项标识），不作填写的情况下焦点离开输入框未提示“请输入名称”","1. 
2. 
3.","","2","功能测试","功能测试阶段","正常","0","1","3","通过","听筠","2026-01-08","","0000-00-00","1","",""
"173881","数据资产_STD(#23)","/版本迭代测试用例/v6.4.6/【数据标准】支持dbc标准落标检查(#9918)","【数据标准】支持dbc标准落标检查(#15127)","【数据标准】-【标准定义】字段调整 验证【英文缩写】不填写的情况下流程能正常运转","无","1. 进入【资产】-【数据标准】-【标准管理】-【标准定义】页面
2. 点击【新建标准】按钮
3. 业务属性配置如下：
[中文名称] 测试
[英文名称] Test_&Box
[英文缩写] 不作填写
[标准目录] tst
（非必填项不作填写）
4. 点击【保存】按钮
5. 找到【测试】标准，点击编辑
6. 点击【上线】按钮
7. 点击【下线】按钮","1. 进入成功
2. 进入[新建标准]配置页面
3. [新建标准]配置完成
4. 弹出提示“数据标准保存成功”，返回【标准定义】页面
5. 进入【编辑标准】配置页面
6. 弹出提示“数据标准发布成功”，返回【标准定义】页面
7. 弹出确认框“该数据标准已被引用至0张数据表，下线数据标准数据表中将不再展示字段的标准标签信息，且会同步删除标准映射结果“，点击确认框[下线]按钮，标准状态改为[待上线]","1. 
2. 
3. 
4. 
5. 
6. 
7.","","1","功能测试","功能测试阶段","正常","0","4","7","通过","听筠","2026-01-08","听筠","2026-01-09","1","",""
"173880","数据资产_STD(#23)","/版本迭代测试用例/v6.4.6/【数据标准】支持dbc标准落标检查(#9918)","【数据标准】支持dbc标准落标检查(#15127)","【数据标准】-【标准定义】字段调整 验证相似名称可通过重复性校验","无","1. 进入【资产】-【数据标准】-【标准管理】-【标准定义】页面
2. 点击【新建标准】按钮
3. 业务属性配置如下：
[中文名称] 测试
[英文名称] Test_&Box
[英文缩写] t_b
[标准目录] tst
（非必填项不作填写）
4. 点击【保存】按钮
5. 点击【新建标准】按钮
6. 业务属性配置如下：
[中文名称] 测试
[英文名称]
Test &Box
Test_&box
[英文缩写]
t b
T_b
t_B
[标准目录] tst
（非必填项不作填写）
7. 点击【保存】按钮","1. 进入成功
2. 进入[新建标准]配置页面
3. [新建标准]配置完成
4. 弹出提示“数据标准保存成功”，返回【标准定义】页面
5. 进入[新建标准]配置页面
6. [新建标准]配置完成
7. 弹出提示“数据标准保存成功”，返回【标准定义】页面","1. 
2. 
3. 
4. 
5. 
6. 
7.","","3","功能测试","功能测试阶段","正常","0","1","7","通过","听筠","2026-01-08","","0000-00-00","1","",""
"173879","数据资产_STD(#23)","/版本迭代测试用例/v6.4.6/【数据标准】支持dbc标准落标检查(#9918)","【数据标准】支持dbc标准落标检查(#15127)","【数据标准】-【标准定义】字段调整 验证【英文名称】进行重复性校验，存在重复提示“已存在相同标准”","无","1. 进入【资产】-【数据标准】-【标准管理】-【标准定义】页面
2. 点击【新建标准】按钮
3. 业务属性配置如下：
[中文名称] 测试
[英文名称] Test_&Box
[英文缩写] t_b
[标准目录] tst
（非必填项不作填写）
4. 点击【保存】按钮
5. 相同内容重复创建
6. 点击【保存】按钮","1. 进入成功
2. 进入[新建标准]配置页面
3. [新建标准]配置完成
4. 弹出提示“数据标准保存成功”，返回【标准定义】页面
5. 在配置内容脱离焦点后提示“与已有标准“测试“/“Test_&Box”/“t_&b“冲突“
6. 弹出提示“与已有标准“测试“/“Test_&Box”/“t_&b“冲突“，不作保存操作","1. 
2. 
3. 
4. 
5. 
6.","","1","功能测试","功能测试阶段","正常","0","2","6","通过","听筠","2026-01-08","听筠","2026-01-09","1","",""
"172927","数据资产_STD(#23)","/版本迭代测试用例/v6.4.6/【gate二期】支持跨源做行数对比(#9776)","","数据质量/多表对比 验证跨源-多表交叉测试","<br />","1. 新建「多表比对-跨源比对」，【主表】-  【数据源】 选择&{datasource}  【数据库】选择&{database}   【选择左侧表】自定义sql：select * from table2 where age >=15【输入分区】 无  【全局参数】无  【过滤条件】 无【对照表】-  【数据源】 选择pgsql数据源【数据库】选择pgsql数据库【选择左侧表】自定义sql：select * from table1 where age >=12 【输入分区】 无  【全局参数】无  【过滤条件】 id <= 5不勾选对比规则
2. 点击下一步，输入必填信息，保存
3. 立即运行，查看实例运行结果
4. 编辑规则
5. 【比对规则】 勾选【记录数百分比差异】，设置为“100%”
6. 立即运行，查看实例运行结果
7. 编辑规则
8. 【记录数百分比差异】，修改设置为“10%”，点击下一步，保存
9. 立即运行，查看实例运行结果
10. 编辑规则
11. 【比对规则】 只勾选【记录数数量差异】，设置为“2”
12. 点击下一步，输入必填信息，保存
13. 立即运行，查看实例运行结果
14. 编辑规则
15. 【记录数数量差异】，设置为“1”，点击下一步，保存
16. 立即运行，查看实例运行结果","1. 配置成功
2. 保存成功
3. 校验不通过，脏数据表生成成功，脏数据记录正确
4. 成功进入编辑页面
5. 保存成功
6. 校验通过
7. 成功进入编辑页面
8. 保存成功
9. 校验不通过，脏数据表生成成功，脏数据记录正确
10. 成功进入编辑页面
11. 规则配置正确
12. 保存成功
13. 校验通过
14. 成功进入编辑页面
15. 保存成功
16. 校验不通过，脏数据表生成成功，脏数据记录正确","1. 
2. 
3. 
4. 
5. 
6. 
7. 
8. 
9. 
10. 
11. 
12. 
13. 
14. 
15. 
16.","","2","功能测试","功能测试阶段","正常","0","1","16","通过","旺仔","2025-12-27","旺仔","2025-12-27","1","",""
"170858","数据资产_STD(#23)","/版本迭代测试用例/v6.4.6/【岚图】优化需求(#9784)","","有效性校验，日期格式增加“YYYY-MM-DD hh:mm:ss”格式 验证【有效性验证】中使用日期格式“YYYY-MM-DD hh:mm:ss”格式后，相似日期格式不能通过验证（如YYYY-MM-DD+hh:mm:ss）","<p><br /></p>","1. 前提：使用数据中存在对应数据
2. 进入【资产】-【数据质量】-【规则任务配置】页面
3. 找到【test】规则，点击【编辑】按钮
4. 监控对象配置如下：[规则名称]输入「test_rule」[选择数据源]选择「${DATASOURCE}」[选择数据库]选择「${DATABASE}」[选择数据表]选择「${TABLE}」[选择分区] 
5. 点击【下一步】按钮
6. 点击【添加规则】按钮-选择[有效性校验]
7. 有效性校验配置如下：[字段] registration_date[统计规则]    格式-日期格式-date-time      YYYY-MM-DD hh:mm:ss
8. 点击【下一步】按钮
9. 调度配置配置如下：[调度周期] 天[生效日期] 2025-12-08→2125-12-08[具体时间] 00：00[规则拼接包] 1
10. 点击【新建】按钮
11. 找到【test】规则，点击【test】进入详情页面
12. 点击【立即执行】按钮
13. 进入【任务实例查询】，确认相关实例","1. 
2. 进入成功
3. 进入[监控对象]配置页面
4. [监控对象]配置完成
5. 进入[监控规则]配置页面
6. 页面新增[完整性验证]配置栏
7. 【有效性校验】配置完毕
8. 进入[调度属性]配置页面
9. [调度属性]配置完毕
10. 新建成功，返回【资产】-【数据质量】-【规则任务配置】页面
11. 进入【test】规则详情页面
12. 弹出提示“执行成功，稍后可在任务实例中查看”
13. 相似日期格式数据不符合校验规则，在明细表中查找到了对应记录","1. 
2. 
3. 
4. 
5. 
6. 
7. 
8. 
9. 
10. 
11. 
12. 
13.","","3","功能测试","","正常","0","1","13","通过","旺仔","2025-12-15","张巍","2025-12-23","2","",""
"170857","数据资产_STD(#23)","/版本迭代测试用例/v6.4.6/【岚图】优化需求(#9784)","","有效性校验，日期格式增加“YYYY-MM-DD hh:mm:ss”格式 验证【有效性验证】中使用日期格式“YYYY-MM-DD hh:mm:ss”格式时，【数据质量】-【质量报告】-【详情】中【详情说明】内容","无","1. 进入【资产】-【数据质量】-【规则任务配置】页面
2. 点击【新建监控规则】按钮
3. 监控对象配置如下：[规则名称]输入「test_rule」[选择数据源]选择「${DATASOURCE}」[选择数据库]选择「${DATABASE}」[选择数据表]选择「${TABLE}」[选择分区] 手动输入分区 - “id=1”
4. 点击【下一步】按钮
5. 点击【添加规则】按钮-选择[有效性验证]
6. 有效性校验配置如下：[字段] registration_date[统计规则]    格式-日期格式-date-time      YYYY-MM-DD hh:mm:ss
7. 点击【下一步】按钮
8. 调度配置配置如下：[调度周期] 天[生效日期] 2025-12-08→2125-12-08[具体时间] 00：00[规则拼接包] 1
9. 点击【新建】按钮
10. 进入【质量报告】，找到【test】规则相关报告，进入详情页面
11. 确认【详情说明】栏内容","1. 进入成功
2. 进入[监控对象]配置页面
3. [监控对象]配置完成
4. 进入[监控规则]配置页面
5. 页面新增[唯一性验证]配置栏
6. 统计规则-日期格式下有“YYYY-MM-DD hh:mm:ss”格式，且校验结果符合设计逻辑
7. 进入[调度属性]配置页面
8. [调度属性]配置完毕
9. 新建成功，返回【资产】-【数据质量】-【规则任务配置】页面
10. 进入详情页面
11. 其中描述与规则任务设定一致","1. 
2. 
3. 
4. 
5. 
6. 
7. 
8. 
9. 
10. 
11.","","3","功能测试","","正常","0","1","11","通过","旺仔","2025-12-15","张巍","2025-12-23","1","",""
"170856","数据资产_STD(#23)","/版本迭代测试用例/v6.4.6/【岚图】优化需求(#9784)","","有效性校验，日期格式增加“YYYY-MM-DD hh:mm:ss”格式 验证【有效性验证】中使用日期格式“YYYY-MM-DD hh:mm:ss”格式时，【数据质量】-【任务实例查询】-【详情】中【校验类型】内容","无","1. 进入【资产】-【数据质量】-【规则任务配置】页面
2. 点击【新建监控规则】按钮
3. 监控对象配置如下：[规则名称]输入「test_rule」[选择数据源]选择「${DATASOURCE}」[选择数据库]选择「${DATABASE}」[选择数据表]选择「${TABLE}」[选择分区] 手动输入分区 - “id=1”
4. 点击【下一步】按钮
5. 点击【添加规则】按钮-选择[有效性验证]
6. 有效性校验配置如下：[字段] registration_date[统计规则]    格式-日期格式-date-time      YYYY-MM-DD hh:mm:ss
7. 点击【下一步】按钮
8. 调度配置配置如下：[调度周期] 天[生效日期] 2025-12-08→2125-12-08[具体时间] 00：00[规则拼接包] 1
9. 点击【新建】按钮
10. 进入【任务实例查询】，找到【test】规则相关实例，进入详情页面
11. 确认【校验类型】栏内容","1. 进入成功
2. 进入[监控对象]配置页面
3. [监控对象]配置完成
4. 进入[监控规则]配置页面
5. 页面新增[唯一性验证]配置栏
6. 统计规则-日期格式下有“YYYY-MM-DD hh:mm:ss”格式，且校验结果符合设计逻辑
7. 进入[调度属性]配置页面
8. [调度属性]配置完毕
9. 新建成功，返回【资产】-【数据质量】-【规则任务配置】页面
10. 进入详情页面
11. 符合规则任务设定","1. 
2. 
3. 
4. 
5. 
6. 
7. 
8. 
9. 
10. 
11.","","3","功能测试","","正常","0","1","11","通过","旺仔","2025-12-15","听筠","2025-12-26","1","",""
"170855","数据资产_STD(#23)","/版本迭代测试用例/v6.4.6/【岚图】优化需求(#9784)","","有效性校验，日期格式增加“YYYY-MM-DD hh:mm:ss”格式 验证【有效性验证】中使用日期格式“YYYY-MM-DD hh:mm:ss”格式时，【规则任务配置】-【详情】相关的显示内容","无","1. 进入【资产】-【数据质量】-【规则任务配置】页面
2. 点击【新建监控规则】按钮
3. 监控对象配置如下：[规则名称]输入「test_rule」[选择数据源]选择「${DATASOURCE}」[选择数据库]选择「${DATABASE}」[选择数据表]选择「${TABLE}」[选择分区] 手动输入分区 - “id=1”
4. 点击【下一步】按钮
5. 点击【添加规则】按钮-选择[有效性验证]
6. 有效性校验配置如下：[字段] registration_date[统计规则]    格式-日期格式-date-time      YYYY-MM-DD hh:mm:ss
7. 点击【下一步】按钮
8. 调度配置配置如下：[调度周期] 天[生效日期] 2025-12-08→2125-12-08[具体时间] 00：00[规则拼接包] 1
9. 点击【新建】按钮
10. 找到【test】规则，点击【test】进入详情页面
11. 查看【详情】-【监控规则】-“分区”（复数）","1. 进入成功
2. 进入[监控对象]配置页面
3. [监控对象]配置完成
4. 进入[监控规则]配置页面
5. 页面新增[唯一性验证]配置栏
6. 统计规则-日期格式下有“YYYY-MM-DD hh:mm:ss”格式，且校验结果符合设计逻辑
7. 进入[调度属性]配置页面
8. [调度属性]配置完毕
9. 新建成功，返回【资产】-【数据质量】-【规则任务配置】页面
10. 进入【test】规则详情页面
11. “分区”中的配置与新建项目时选择的分区规则一致","1. 
2. 
3. 
4. 
5. 
6. 
7. 
8. 
9. 
10. 
11.","","1","功能测试","","正常","0","2","11","通过","旺仔","2025-12-15","听筠","2025-12-26","1","",""
"170854","数据资产_STD(#23)","/版本迭代测试用例/v6.4.6/【岚图】优化需求(#9784)","","有效性校验，日期格式增加“YYYY-MM-DD hh:mm:ss”格式 验证【有效性验证】中使用日期格式“YYYY-MM-DD hh:mm:ss”格式流程正常运转","无","1. 进入【资产】-【数据质量】-【规则任务配置】页面
2. 找到【test】规则，点击【编辑】按钮
3. 监控对象配置如下：[规则名称]输入「test_rule」[选择数据源]选择「${DATASOURCE}」[选择数据库]选择「${DATABASE}」[选择数据表]选择「${TABLE}」[选择分区] 手动输入分区 - “id=1”
4. 点击【下一步】按钮
5. 点击【添加规则】按钮-选择[有效性校验]
6. 有效性校验配置如下：[字段] registration_date[统计规则]    格式-日期格式-date-time      YYYY-MM-DD hh:mm:ss
7. 点击【下一步】按钮
8. 调度配置配置如下：[调度周期] 天[生效日期] 2025-12-08→2125-12-08[具体时间] 00：00[规则拼接包] 1
9. 点击【新建】按钮
10. 找到【test】规则，点击【test】进入详情页面
11. 点击【立即执行】按钮
12. 进入【任务实例查询】，确认相关实例","1. 进入成功
2. 进入[监控对象]配置页面
3. [监控对象]配置完成
4. 进入[监控规则]配置页面
5. 页面新增[完整性验证]配置栏
6. 【有效性校验】配置完毕
7. 进入[调度属性]配置页面
8. [调度属性]配置完毕
9. 新建成功，返回【资产】-【数据质量】-【规则任务配置】页面
10. 进入【test】规则详情页面
11. 弹出提示“执行成功，稍后可在任务实例中查看”
12. 根据测试数据及设定规则输出正确实例","1. 
2. 
3. 
4. 
5. 
6. 
7. 
8. 
9. 
10. 
11. 
12.","","1","功能测试","","正常","0","2","12","通过","旺仔","2025-12-15","听筠","2025-12-26","1","",""
"170853","数据资产_STD(#23)","/版本迭代测试用例/v6.4.6/【岚图】优化需求(#9784)","","有效性校验，日期格式增加“YYYY-MM-DD hh:mm:ss”格式 验证日期格式增加“YYYY-MM-DD hh:mm:ss”格式（编辑监控规则-新增/编辑有效性验证）","无","1. 进入【资产】-【数据质量】-【规则任务配置】页面
2. 找到【test】规则，点击【编辑】按钮
3. 监控对象配置如下：[规则名称]输入「test_rule」[选择数据源]选择「${DATASOURCE}」[选择数据库]选择「${DATABASE}」[选择数据表]选择「${TABLE}」[选择分区] 手动输入分区 - “id=1”
4. 点击【下一步】按钮
5. 找到已有的有效性验证，点击【编辑】按钮
6. 有效性校验配置调整如下：[字段] registration_date[统计规则]    格式-日期格式-date-time      YYYY-MM-DD hh:mm:ss    期望值 占比>=10%
7. 点击【添加规则】按钮-选择[有效性验证]
8. 有效性校验配置如下：[字段] registration_date[统计规则]    格式-日期格式-date-time      YYYY-MM-DD hh:mm:ss    期望值 固定值>= 2025-12-10 10:26:33","1. 进入成功
2. 进入[监控对象]配置页面
3. [监控对象]配置完成
4. 进入[监控规则]配置页面
5. 进入[监控对象]配置页面
6. 统计规则-日期格式下有“YYYY-MM-DD hh:mm:ss”格式，且校验结果符合设计逻辑
7. 页面新增[唯一性验证]配置栏
8. 统计规则-日期格式下有“YYYY-MM-DD hh:mm:ss”格式，且校验结果符合设计逻辑","1. 
2. 
3. 
4. 
5. 
6. 
7. 
8.","","2","功能测试","","正常","0","1","8","通过","旺仔","2025-12-15","张巍","2025-12-23","1","",""
"170852","数据资产_STD(#23)","/版本迭代测试用例/v6.4.6/【岚图】优化需求(#9784)","","有效性校验，日期格式增加“YYYY-MM-DD hh:mm:ss”格式 验证日期格式增加“YYYY-MM-DD hh:mm:ss”格式（新建监控规则）","无","1. 进入【资产】-【数据质量】-【规则任务配置】页面
2. 点击【新建监控规则】按钮
3. 监控对象配置如下：[规则名称]输入「test_rule」[选择数据源]选择「${DATASOURCE}」[选择数据库]选择「${DATABASE}」[选择数据表]选择「${TABLE}」[选择分区] 手动输入分区 - “id=1”
4. 点击【下一步】按钮
5. 点击【添加规则】按钮-选择[有效性验证]
6. 有效性校验配置如下：[字段] registration_date[统计规则]    格式-日期格式-date-time      YYYY-MM-DD hh:mm:ss","1. 进入成功
2. 进入[监控对象]配置页面
3. [监控对象]配置完成
4. 进入[监控规则]配置页面
5. 页面新增[唯一性验证]配置栏
6. 统计规则-日期格式下有“YYYY-MM-DD hh:mm:ss”格式，且校验结果符合设计逻辑","1. 
2. 
3. 
4. 
5. 
6.","","2","功能测试","","正常","0","1","6","通过","旺仔","2025-12-15","听筠","2025-12-26","1","",""
"170851","数据资产_STD(#23)","/版本迭代测试用例/v6.4.6/【岚图】优化需求(#9784)","","正则逻辑无需转义 验证转义校验格式进行正则通过/不通过（规则任务配置-有效性验证-新增自定义规则）","无","1. 进入【资产】-【数据质量】-【规则任务配置】页面
2. 点击【新建监控规则】按钮
3. 监控对象配置如下：[规则名称]输入「test_rule」[选择数据源]选择「${DATASOURCE}」[选择数据库]选择「${DATABASE}」[选择数据表]选择「${TABLE}」[选择分区] 手动输入分区 - “id=1”
4. 点击【下一步】按钮
5. 点击【统计规则】-【新增自定义规则】按钮
6. 新增自定义规则配置如下：[规则名称] test[规则模式] 正则[规则类型] 有效性[关联范围] 字段级[规则描述] 邮箱验证[正则] 测试数据组[正则] 测试数据组    ^\\.+$（不通过，针对项“特殊字符.”）    ^\\n+$（不通过，针对项“特殊字符\n”）    ^\\\\+$ （不通过，针对项“\”）    ^[\\u4e00-\\u9fa5]+$（不通过，针对项“中文”）[测试数据] 根据针对项填写","1. 进入成功
2. 进入[监控对象]配置页面
3. [监控对象]配置完成
4. 进入[监控规则]配置页面
5. 进入[新增自定义规则]配置页面
6. 【新增自定义规则】配置完成，根据测试数据组及测试数据判断数据库标准正则的页面通过情况","1. 
2. 
3. 
4. 
5. 
6.","","3","","","正常","0","1","6","通过","旺仔","2025-12-15","","0000-00-00","1","",""
"170850","数据资产_STD(#23)","/版本迭代测试用例/v6.4.6/【岚图】优化需求(#9784)","","正则逻辑无需转义 验证转义校验格式进行正则不通过（规则库配置-自定义规则）","无","1. 进入【资产】-【数据质量】-【规则库配置】-【自定义规则】页面
2. 点击【新增自定义规则】按钮
3. 新增自定义规则配置如下：[规则名称] test[规则模式] 正则[规则类型] 有效性[关联范围] 字段级[规则描述] 邮箱验证[正则] 测试数据组    ^\\.+$（不通过，针对项“特殊字符.”）    ^\\n+$（不通过，针对项“特殊字符\n”）    ^\\\\+$ （不通过，针对项“\”）    ^[\\u4e00-\\u9fa5]+$（不通过，针对项“中文”）[测试数据] 根据针对项填写","1. 进入成功
2. 弹出【新增自定义规则】页面
3. 【新增自定义规则】配置完成，根据测试数据组及测试数据判断数据库标准正则的页面通过情况","1. 
2. 
3.","","3","","","正常","0","1","3","通过","旺仔","2025-12-15","","0000-00-00","1","",""
"170849","数据资产_STD(#23)","/版本迭代测试用例/v6.4.6/【岚图】优化需求(#9784)","","正则逻辑无需转义 验证【有效性验证】-【统计规则】-【格式校验-自定义正则】使用“新增自定义规则”流程正常运行","无","1. 进入【资产】-【数据质量】-【规则任务配置】页面
2. 点击【新建监控规则】按钮
3. 监控对象配置如下：[规则名称]输入「test_rule」[选择数据源]选择「${DATASOURCE}」[选择数据库]选择「${DATABASE}」[选择数据表]选择「${TABLE}」[选择分区] 手动输入分区 - “id=1”
4. 点击【下一步】按钮
5. 点击【添加规则】按钮-选择[有效性验证]
6. 点击【新增自定义规则】按钮
7. 新增自定义规则配置如下：[规则名称] test[规则模式] 正则[规则类型] 有效性[关联范围] 字段级[规则描述] 邮箱验证[正则] 测试数据组    ^\n+$（通过，针对项“特殊字符\n”）    ^.+$（通过，针对项“特殊字符.”）    ^\\+$ （通过，针对项“\”）    ^[\u4e00-\u9fa5]+$（通过，针对项“中文”）[测试数据] 根据针对项填写
8. 有效性验证配置如下：[字段] id[统计规则]-    格式校验-自定义正则    test    [期望值] 占比>1%[强弱规则] 弱规则[规则描述] 不作填写
9. 点击【下一步】按钮
10. 调度配置配置如下：[调度周期] 天[生效日期] 2025-12-08→2125-12-08[具体时间] 00：00[规则拼接包] 1
11. 点击【新建】按钮
12. 找到【test】规则，点击【test】进入详情页面
13. 点击【立即执行】按钮
14. 进入【任务实例查询】，确认相关实例","1. 进入成功
2. 进入[监控对象]配置页面
3. [监控对象]配置完成
4. 进入[监控规则]配置页面
5. 页面新增[有效性验证]配置栏
6. 弹出【新增自定义规则】页面
7. 【新增自定义规则】配置完成，根据测试数据组及测试数据判断数据库标准正则的页面通过情况
8. [有效性验证]配置完毕
9. 进入[调度属性]配置页面
10. [调度属性]配置完毕
11. 新建成功，返回【资产】-【数据质量】-【规则任务配置】页面
12. 进入【test】规则详情页面
13. 弹出提示“执行成功，稍后可在任务实例中查看”
14. 校验通过","1. 
2. 
3. 
4. 
5. 
6. 
7. 
8. 
9. 
10. 
11. 
12. 
13. 
14.","","1","功能测试","","正常","0","2","14","通过","旺仔","2025-12-15","听筠","2025-12-26","1","",""
"170848","数据资产_STD(#23)","/版本迭代测试用例/v6.4.6/【岚图】优化需求(#9784)","","正则逻辑无需转义 验证【有效性验证】-【统计规则】-【格式校验-自定义正则】使用规则库已配置正则流程正常运行","无","1. 进入【资产】-【数据质量】-【规则任务配置】页面
2. 点击【新建监控规则】按钮
3. 监控对象配置如下：[规则名称]输入「test_rule」[选择数据源]选择「${DATASOURCE}」[选择数据库]选择「${DATABASE}」[选择数据表]选择「${TABLE}」[选择分区] 手动输入分区 - “id=1”
4. 点击【下一步】按钮
5. 点击【添加规则】按钮-选择[有效性验证]
6. 有效性验证配置如下：[字段] id[统计规则]-    格式校验-自定义正则    test    [期望值] 占比>1%[强弱规则] 弱规则[规则描述] 不作填写
7. 点击【下一步】按钮
8. 调度配置配置如下：[调度周期] 天[生效日期] 2025-12-08→2125-12-08[具体时间] 00：00[规则拼接包] 1
9. 点击【新建】按钮
10. 找到【test】规则，点击【test】进入详情页面
11. 点击【立即执行】按钮
12. 进入【任务实例查询】，确认相关实例","1. 进入成功
2. 进入[监控对象]配置页面
3. [监控对象]配置完成
4. 进入[监控规则]配置页面
5. 页面新增[有效性验证]配置栏
6. [有效性验证]配置完毕
7. 进入[调度属性]配置页面
8. [调度属性]配置完毕
9. 新建成功，返回【资产】-【数据质量】-【规则任务配置】页面
10. 进入【test】规则详情页面
11. 弹出提示“执行成功，稍后可在任务实例中查看”
12. 校验通过","1. 
2. 
3. 
4. 
5. 
6. 
7. 
8. 
9. 
10. 
11. 
12.","","1","功能测试","","正常","0","2","12","通过","旺仔","2025-12-15","听筠","2025-12-26","1","",""
"170847","数据资产_STD(#23)","/版本迭代测试用例/v6.4.6/【岚图】优化需求(#9784)","","正则逻辑无需转义 验证校验格式进行正则通过（规则任务配置-有效性验证-新增自定义规则）","无","1. 进入【资产】-【数据质量】-【规则任务配置】页面
2. 点击【新建监控规则】按钮
3. 监控对象配置如下：[规则名称]输入「test_rule」[选择数据源]选择「${DATASOURCE}」[选择数据库]选择「${DATABASE}」[选择数据表]选择「${TABLE}」[选择分区] 手动输入分区 - “id=1”
4. 点击【下一步】按钮
5. 点击【统计规则】-【新增自定义规则】按钮
6. 新增自定义规则配置如下：[规则名称] test[规则模式] 正则[规则类型] 有效性[关联范围] 字段级[规则描述] 邮箱验证[正则] 测试数据组[正则] 测试数据组    ^\n+$（通过，针对项“特殊字符\n”）    ^.+$（通过，针对项“特殊字符.”）    ^\\+$ （通过，针对项“\”）    ^[\u4e00-\u9fa5]+$（通过，针对项“中文”）[测试数据] 根据针对项填写","1. 进入成功
2. 进入[监控对象]配置页面
3. [监控对象]配置完成
4. 进入[监控规则]配置页面
5. 进入[新增自定义规则]配置页面
6. 【新增自定义规则】配置完成，根据测试数据组及测试数据判断数据库标准正则的页面通过情况","1. 
2. 
3. 
4. 
5. 
6.","","2","功能测试","","正常","0","1","6","通过","旺仔","2025-12-15","听筠","2025-12-26","1","",""
"170846","数据资产_STD(#23)","/版本迭代测试用例/v6.4.6/【岚图】优化需求(#9784)","","正则逻辑无需转义 验证校验格式进行正则通过（规则库配置-自定义规则）","无","1. 进入【资产】-【数据质量】-【规则库配置】-【自定义规则】页面
2. 点击【新增自定义规则】按钮
3. 新增自定义规则配置如下：[规则名称] test[规则模式] 正则[规则类型] 有效性[关联范围] 字段级[规则描述] 邮箱验证[正则] 测试数据组    ^\n+$（通过，针对项“特殊字符\n”）    ^.+$（通过，针对项“特殊字符.”）    ^\\+$ （通过，针对项“\”）    ^[\u4e00-\u9fa5]+$（通过，针对项“中文”）[测试数据] 根据针对项填写","1. 进入成功
2. 弹出【新增自定义规则】页面
3. 【新增自定义规则】配置完成，根据测试数据组及测试数据判断数据库标准正则的页面通过情况","1. 
2. 
3.","","2","功能测试","","正常","0","1","3","通过","旺仔","2025-12-15","听筠","2025-12-25","1","",""
"170845","数据资产_STD(#23)","/版本迭代测试用例/v6.4.6/【岚图】优化需求(#9784)","","所有支持配置分区的地方支持“选择动态分区”，选择后配置内容和选表时保持一致 验证【唯一性校验】-【多表唯一性判断】-【选择对比表】-【输入分区】-“选择动态分区”，【规则任务配置】-【详情】-【监控规则】相关的显示内容","无","1. 进入【资产】-【数据质量】-【规则任务配置】页面
2. 点击【新建监控规则】按钮
3. 监控对象配置如下：[规则名称]输入「test_rule」[选择数据源]选择「${DATASOURCE}」[选择数据库]选择「${DATABASE}」[选择数据表]选择「${TABLE}」[选择分区] 手动输入分区 - “id=1”
4. 点击【下一步】按钮
5. 点击【添加规则】按钮-选择[唯一性验证]
6. 唯一性验证配置如下：[规则类型] 多表唯一性判断[选择对比表]-    [对比表所属库] DataQuery_Doris    [对比表] user_profile_4023    [输入分区] 选择动态分区[强弱规则] 弱规则[规则描述] 不作填写","1. 进入成功
2. 进入[监控对象]配置页面
3. [监控对象]配置完成
4. 进入[监控规则]配置页面
5. 页面新增[唯一性验证]配置栏
6. [唯一性验证]配置完毕，“选择动态分区”选择后提示“监控对象未选择分区”","1. 
2. 
3. 
4. 
5. 
6.","","3","","","正常","0","0","6","","旺仔","2025-12-15","","0000-00-00","1","",""
"170844","数据资产_STD(#23)","/版本迭代测试用例/v6.4.6/【岚图】优化需求(#9784)","","所有支持配置分区的地方支持“选择动态分区”，选择后配置内容和选表时保持一致 验证【新增监控规则】-【选择分区】-未选择动态分区时，【监控规则】-【完整性校验】-【多表数据行数对比/多表数据内容对比】-【选择对比表】-【输入分区】-“选择动态分区”选择后提示“监控对象未选择分区”","无","1. 进入【资产】-【数据质量】-【规则任务配置】页面
2. 点击【新建监控规则】按钮
3. 监控对象配置如下：[规则名称]输入「test_rule」[选择数据源]选择「${DATASOURCE}」[选择数据库]选择「${DATABASE}」[选择数据表]选择「${TABLE}」[选择分区] 手动输入分区 - “id=1”
4. 点击【下一步】按钮
5. 点击【添加规则】按钮-选择[完整性验证]
6. 完整性验证配置如下：[规则类型] 多表数据行数对比[选择对比表]-    [对比表所属库] DataQuery_Doris    [对比表] user_profile_4023    [输入分区] 选择动态分区[强弱规则] 弱规则[规则描述] 不作填写
7. 完整性验证配置调整如下：[规则类型] 多表数据内容对比[字段] name[期望值] name(people) 包含 张[选择对比表]-    [对比表] user_profile_4023    [输入分区] 选择动态分区[强弱规则] 弱规则[规则描述] 不作填写","1. 进入成功
2. 进入[监控对象]配置页面
3. [监控对象]配置完成
4. 进入[监控规则]配置页面
5. 页面新增[完整性验证]配置栏
6. [完整性验证]配置完毕，“选择动态分区”选择后提示“监控对象未选择分区”
7. [完整性验证]配置完毕，“选择动态分区”选择后提示“监控对象未选择分区”","1. 
2. 
3. 
4. 
5. 
6. 
7.","","3","","","正常","0","0","7","","旺仔","2025-12-15","","0000-00-00","1","",""
"170843","数据资产_STD(#23)","/版本迭代测试用例/v6.4.6/【岚图】优化需求(#9784)","","所有支持配置分区的地方支持“选择动态分区”，选择后配置内容和选表时保持一致 验证【唯一性校验】-【多表唯一性判断】-【选择对比表】-【输入分区】-“选择动态分区”，【规则任务配置】-【详情】-【监控规则】相关的显示内容","无","1. 进入【资产】-【数据质量】-【规则任务配置】页面
2. 点击【新建监控规则】按钮
3. 监控对象配置如下：[规则名称]输入「test_rule」[选择数据源]选择「${DATASOURCE}」[选择数据库]选择「${DATABASE}」[选择数据表]选择「${TABLE}」[选择分区] 手动输入分区 - “id=1”
4. 点击【下一步】按钮
5. 点击【添加规则】按钮-选择[唯一性验证]
6. 唯一性验证配置如下：[规则类型] 多表唯一性判断[选择对比表]-    [对比表所属库] DataQuery_Doris    [对比表] user_profile_4023    [输入分区] 选择动态分区[强弱规则] 弱规则[规则描述] 不作填写
7. 点击【下一步】按钮
8. 调度配置配置如下：[调度周期] 天[生效日期] 2025-12-08→2125-12-08[具体时间] 00：00[规则拼接包] 1
9. 点击【新建】按钮
10. 找到【test】规则，点击【test】进入详情页面
11. 查看【详情】-【监控规则】-“分区”（复数）","1. 进入成功
2. 进入[监控对象]配置页面
3. [监控对象]配置完成
4. 进入[监控规则]配置页面
5. 页面新增[唯一性验证]配置栏
6. [监控规则]配置完毕
7. 进入[调度属性]配置页面
8. [调度属性]配置完毕
9. 新建成功，返回【资产】-【数据质量】-【规则任务配置】页面
10. 进入【test】规则详情页面
11. “分区”中的配置与新建项目时选择的分区规则一致","1. 
2. 
3. 
4. 
5. 
6. 
7. 
8. 
9. 
10. 
11.","","3","功能测试","","正常","0","1","11","通过","旺仔","2025-12-15","听筠","2025-12-25","1","",""
"170842","数据资产_STD(#23)","/版本迭代测试用例/v6.4.6/【岚图】优化需求(#9784)","","所有支持配置分区的地方支持“选择动态分区”，选择后配置内容和选表时保持一致 验证【完整性校验】-【多表数据行数对比/多表数据内容对比】-【选择对比表】-【输入分区】-“选择动态分区”，【规则任务配置】-【详情】-【监控规则】相关的显示内容","无","1. 进入【资产】-【数据质量】-【规则任务配置】页面
2. 点击【新建监控规则】按钮
3. 监控对象配置如下：[规则名称]输入「test_rule」[选择数据源]选择「${DATASOURCE}」[选择数据库]选择「${DATABASE}」[选择数据表]选择「${TABLE}」[选择分区] 手动输入分区 - “id=1”
4. 点击【下一步】按钮
5. 点击【添加规则】按钮-选择[完整性验证]
6. 完整性验证配置如下：[规则类型] 多表数据行数对比[选择对比表]-    [对比表所属库] DataQuery_Doris    [对比表] user_profile_4023    [输入分区] 选择动态分区[强弱规则] 弱规则[规则描述] 不作填写
7. 点击【下一步】按钮
8. 调度配置配置如下：[调度周期] 天[生效日期] 2025-12-08→2125-12-08[具体时间] 00：00[规则拼接包] 1
9. 点击【新建】按钮
10. 找到【test】规则，点击【test】进入详情页面
11. 查看【详情】-【监控规则】-“分区”（复数）","1. 进入成功
2. 进入[监控对象]配置页面
3. [监控对象]配置完成
4. 进入[监控规则]配置页面
5. 页面新增[完整性验证]配置栏
6. [监控规则]配置完毕
7. 进入[调度属性]配置页面
8. [调度属性]配置完毕
9. 新建成功，返回【资产】-【数据质量】-【规则任务配置】页面
10. 进入【test】规则详情页面
11. “分区”中的配置与新建项目时选择的分区规则一致","1. 
2. 
3. 
4. 
5. 
6. 
7. 
8. 
9. 
10. 
11.","","3","功能测试","","正常","0","1","11","通过","旺仔","2025-12-15","听筠","2025-12-25","1","",""
"170841","数据资产_STD(#23)","/版本迭代测试用例/v6.4.6/【岚图】优化需求(#9784)","","所有支持配置分区的地方支持“选择动态分区”，选择后配置内容和选表时保持一致 验证【新增监控规则】-【选择分区】-“选择动态分区”时，【规则任务配置】-【详情】相关的显示内容","无","1. 进入【资产】-【数据质量】-【规则任务配置】页面
2. 点击【新建监控规则】按钮
3. 监控对象配置如下：[规则名称]输入「test_rule」[选择数据源]选择「${DATASOURCE}」[选择数据库]选择「${DATABASE}」[选择数据表]选择「${TABLE}」[选择分区] 手动输入分区 - “id=1”
4. 点击【下一步】按钮
5. 点击【添加规则】按钮-选择[唯一性验证]
6. 唯一性验证配置如下：[规则类型] 多表唯一性判断[选择对比表]-    [对比表所属库] DataQuery_Doris    [对比表] user_profile_4023    [输入分区] 选择动态分区[强弱规则] 弱规则[规则描述] 不作填写
7. 点击【下一步】按钮
8. 调度配置配置如下：[调度周期] 天[生效日期] 2025-12-08→2125-12-08[具体时间] 00：00[规则拼接包] 1
9. 点击【新建】按钮
10. 找到【test】规则，点击【test】进入详情页面
11. 查看【详情】-【分区】","1. 进入成功
2. 进入[监控对象]配置页面
3. [监控对象]配置完成
4. 进入[调度属性]配置页面
5. 页面新增[唯一性验证]配置栏
6. [监控规则]配置完毕
7. 进入[调度属性]配置页面
8. [调度属性]配置完毕
9. 新建成功，返回【资产】-【数据质量】-【规则任务配置】页面
10. 进入【test】规则详情页面
11. 【分区】中的配置与新建项目时选择的分区规则一致","1. 
2. 
3. 
4. 
5. 
6. 
7. 
8. 
9. 
10. 
11.","","3","功能测试","","正常","0","1","11","通过","旺仔","2025-12-15","听筠","2025-12-25","1","",""
"170840","数据资产_STD(#23)","/版本迭代测试用例/v6.4.6/【岚图】优化需求(#9784)","","所有支持配置分区的地方支持“选择动态分区”，选择后配置内容和选表时保持一致 验证【编辑监控规则】-【唯一性校验】-【多表唯一性判断】-【选择对比表】-【输入分区】“选择动态分区”，流程正常运转","无","1. 进入【资产】-【数据质量】-【规则任务配置】页面
2. 找到【test】规则，点击【编辑】按钮
3. 监控对象配置如下：[规则名称]输入「test_rule」[选择数据源]选择「${DATASOURCE}」[选择数据库]选择「${DATABASE}」[选择数据表]选择「${TABLE}」[选择分区] 手动输入分区 - “id=1”
4. 点击【下一步】按钮
5. 点击【添加规则】按钮-选择[唯一性校验]
6. 唯一性校验配置如下：[规则类型]多表唯一性判断[选择对比表]-    [对比表所属库] DataQuery_Doris    [对比表] user_profile_4023    [输入分区] 选择动态分区[强弱规则] 弱规则[规则描述] 不作填写
7. 点击【下一步】按钮
8. 调度配置配置如下：[调度周期] 天[生效日期] 2025-12-08→2125-12-08[具体时间] 00：00[规则拼接包] 1
9. 点击【新建】按钮
10. 找到【test】规则，点击【test】进入详情页面
11. 点击【立即执行】按钮
12. 进入【任务实例查询】，确认相关实例","1. 进入成功
2. 进入[监控对象]配置页面
3. [监控对象]配置完成
4. 进入[监控规则]配置页面
5. 页面新增[完整性验证]配置栏
6. [完整性验证]配置完毕，支持“选择动态分区”，按照选择的分区值进行过滤后展示数据预览内容，支持横向滚动条滚动配置
7. 进入[调度属性]配置页面
8. [调度属性]配置完毕
9. 新建成功，返回【资产】-【数据质量】-【规则任务配置】页面
10. 进入【test】规则详情页面
11. 弹出提示“执行成功，稍后可在任务实例中查看”
12. 校验通过","1. 
2. 
3. 
4. 
5. 
6. 
7. 
8. 
9. 
10. 
11. 
12.","","2","功能测试","","正常","0","2","12","通过","旺仔","2025-12-15","听筠","2025-12-26","1","",""
"170839","数据资产_STD(#23)","/版本迭代测试用例/v6.4.6/【岚图】优化需求(#9784)","","所有支持配置分区的地方支持“选择动态分区”，选择后配置内容和选表时保持一致 验证【编辑监控规则】-【完整性校验】-【多表数据行数对比/多表数据内容对比】-【选择对比表】-【输入分区】“选择动态分区”，流程正常运转","无","1. 进入【资产】-【数据质量】-【规则任务配置】页面
2. 找到【test】规则，点击【编辑】按钮
3. 监控对象配置如下：[规则名称]输入「test_rule」[选择数据源]选择「${DATASOURCE}」[选择数据库]选择「${DATABASE}」[选择数据表]选择「${TABLE}」[选择分区] 手动输入分区 - “id=1”
4. 点击【下一步】按钮
5. 点击【添加规则】按钮-选择[完整性验证]
6. 完整性验证配置如下：[规则类型] 多表数据行数对比[选择对比表]-    [对比表所属库] DataQuery_Doris    [对比表] user_profile_4023    [输入分区] 选择动态分区[强弱规则] 弱规则[规则描述] 不作填写
7. 完整性验证配置调整如下：[规则类型] 多表数据内容对比[字段] name[期望值] name(people) 包含 张[选择对比表]-    [对比表] user_profile_4023    [输入分区] 选择动态分区[强弱规则] 弱规则[规则描述] 不作填写
8. 点击【下一步】按钮
9. 调度配置配置如下：[调度周期] 天[生效日期] 2025-12-08→2125-12-08[具体时间] 00：00[规则拼接包] 1
10. 点击【新建】按钮
11. 找到【test】规则，点击【test】进入详情页面
12. 点击【立即执行】按钮
13. 进入【任务实例查询】，确认相关实例","1. 进入成功
2. 进入[监控对象]配置页面
3. [监控对象]配置完成
4. 进入[监控规则]配置页面
5. 页面新增[完整性验证]配置栏
6. [完整性验证]配置完毕，支持“选择动态分区”，按照选择的分区值进行过滤后展示数据预览内容，支持横向滚动条滚动配置
7. [完整性验证]配置完毕
8. 进入[调度属性]配置页面
9. [调度属性]配置完毕
10. 新建成功，返回【资产】-【数据质量】-【规则任务配置】页面
11. 进入【test】规则详情页面
12. 弹出提示“执行成功，稍后可在任务实例中查看”
13. 校验通过","1. 
2. 
3. 
4. 
5. 
6. 
7. 
8. 
9. 
10. 
11. 
12. 
13.","","1","功能测试","","正常","0","3","13","通过","旺仔","2025-12-15","听筠","2025-12-26","1","",""
"170838","数据资产_STD(#23)","/版本迭代测试用例/v6.4.6/【岚图】优化需求(#9784)","","所有支持配置分区的地方支持“选择动态分区”，选择后配置内容和选表时保持一致 验证【新建监控规则】-【唯一性校验】-【多表唯一性判断】-【选择对比表】-【输入分区】“选择动态分区”，流程正常运转","无","1. 进入【资产】-【数据质量】-【规则任务配置】页面
2. 点击【新建监控规则】按钮
3. 监控对象配置如下：[规则名称]输入「test_rule」[选择数据源]选择「${DATASOURCE}」[选择数据库]选择「${DATABASE}」[选择数据表]选择「${TABLE}」[选择分区] 手动输入分区 - “id=1”
4. 点击【下一步】按钮
5. 点击【添加规则】按钮-选择[唯一性校验]
6. 唯一性校验配置如下：[规则类型]多表唯一性判断[选择对比表]-    [对比表所属库] DataQuery_Doris    [对比表] user_profile_4023    [输入分区] 选择动态分区[强弱规则] 弱规则[规则描述] 不作填写
7. 点击【下一步】按钮
8. 调度配置配置如下：[调度周期] 天[生效日期] 2025-12-08→2125-12-08[具体时间] 00：00[规则拼接包] 1
9. 点击【新建】按钮
10. 找到【test】规则，点击【test】进入详情页面
11. 点击【立即执行】按钮
12. 进入【任务实例查询】，确认相关实例","1. 进入成功
2. 进入[监控对象]配置页面
3. [监控对象]配置完成
4. 进入[监控规则]配置页面
5. 页面新增[完整性验证]配置栏
6. [完整性验证]配置完毕，支持“选择动态分区”，按照选择的分区值进行过滤后展示数据预览内容，支持横向滚动条滚动配置
7. 进入[调度属性]配置页面
8. [调度属性]配置完毕
9. 新建成功，返回【资产】-【数据质量】-【规则任务配置】页面
10. 进入【test】规则详情页面
11. 弹出提示“执行成功，稍后可在任务实例中查看”
12. 校验通过","1. 
2. 
3. 
4. 
5. 
6. 
7. 
8. 
9. 
10. 
11. 
12. 动态分区未生效","","2","","","正常","0","1","12","失败","旺仔","2025-12-15","","0000-00-00","1","",""
"170837","数据资产_STD(#23)","/版本迭代测试用例/v6.4.6/【岚图】优化需求(#9784)","","所有支持配置分区的地方支持“选择动态分区”，选择后配置内容和选表时保持一致 验证【新建监控规则】-【完整性校验】-【多表数据行数对比/多表数据内容对比】-【选择对比表】-【输入分区】“选择动态分区”，流程正常运转","无","1. 进入【资产】-【数据质量】-【规则任务配置】页面
2. 点击【新建监控规则】按钮
3. 监控对象配置如下：[规则名称]输入「test_rule」[选择数据源]选择「${DATASOURCE}」[选择数据库]选择「${DATABASE}」[选择数据表]选择「${TABLE}」[选择分区] 手动输入分区 - “id=1”
4. 点击【下一步】按钮
5. 点击【添加规则】按钮-选择[完整性验证]
6. 完整性验证配置如下：[规则类型] 多表数据行数对比[选择对比表]-    [对比表所属库] DataQuery_Doris    [对比表] user_profile_4023    [输入分区] 选择动态分区[强弱规则] 弱规则[规则描述] 不作填写
7. 完整性验证配置调整如下：[规则类型] 多表数据内容对比[字段] name[期望值] name(people) 包含 张[选择对比表]-    [对比表] user_profile_4023    [输入分区] 选择动态分区[强弱规则] 弱规则[规则描述] 不作填写
8. 点击【下一步】按钮
9. 调度配置配置如下：[调度周期] 天[生效日期] 2025-12-08→2125-12-08[具体时间] 00：00[规则拼接包] 1
10. 点击【新建】按钮
11. 找到【test】规则，点击【test】进入详情页面
12. 点击【立即执行】按钮
13. 进入【任务实例查询】，确认相关实例","1. 进入成功
2. 进入[监控对象]配置页面
3. [监控对象]配置完成
4. 进入[监控规则]配置页面
5. 页面新增[完整性验证]配置栏
6. [完整性验证]配置完毕，支持“选择动态分区”，按照选择的分区值进行过滤后展示数据预览内容，支持横向滚动条滚动配置
7. [完整性验证]配置完毕，支持“选择动态分区”，按照选择的分区值进行过滤后展示数据预览内容，支持横向滚动条滚动配置
8. 进入[调度属性]配置页面
9. [调度属性]配置完毕
10. 新建成功，返回【资产】-【数据质量】-【规则任务配置】页面
11. 进入【test】规则详情页面
12. 弹出提示“执行成功，稍后可在任务实例中查看”
13. 校验通过","1. 
2. 
3. 
4. 
5. 
6. 
7. 
8. 
9. 
10. 
11. 
12. 
13. 动态分区未生效","","1","","","正常","0","2","13","失败","旺仔","2025-12-15","","0000-00-00","1","",""
"170836","数据资产_STD(#23)","/版本迭代测试用例/v6.4.6/【岚图】优化需求(#9784)","","所有支持配置分区的地方支持“选择动态分区”，选择后配置内容和选表时保持一致 验证【监控对象】-【选择分区】“选择动态分区”，流程正常运转","无","1. 进入【资产】-【数据质量】-【规则任务配置】页面
2. 点击【新建监控规则】按钮
3. 监控对象配置如下：[规则名称]输入「test_rule」[选择数据源]选择「${DATASOURCE}」[选择数据库]选择「${DATABASE}」[选择数据表]选择「${TABLE}」[选择分区] 手动输入分区 - “id=1”
4. 点击【下一步】按钮
5. 点击【添加规则】按钮-选择[完整性验证]
6. 完整性验证配置如下：[规则类型] 多表数据行数对比[选择对比表]-    [对比表所属库] DataQuery_Doris    [对比表] user_profile_4023    [输入分区] 选择动态分区[强弱规则] 弱规则[规则描述] 不作填写
7. 完整性验证配置调整如下：[规则类型] 多表数据内容对比[字段] name[期望值] name(people) 包含 张[选择对比表]-    [对比表] user_profile_4023    [输入分区] 选择动态分区[强弱规则] 弱规则[规则描述] 不作填写
8. 点击【下一步】按钮
9. 调度配置配置如下：[调度周期] 天[生效日期] 2025-12-08→2125-12-08[具体时间] 00：00[规则拼接包] 1
10. 点击【新建】按钮
11. 找到【test】规则，点击【test】进入详情页面
12. 点击【立即执行】按钮
13. 进入【任务实例查询】，确认相关实例","1. 进入成功
2. 进入[监控对象]配置页面
3. [监控对象]配置完成
4. 进入[监控规则]配置页面
5. 页面新增[完整性验证]配置栏
6. [完整性验证]配置完毕，支持“选择动态分区”，按照选择的分区值进行过滤后展示数据预览内容，支持横向滚动条滚动配置
7. [完整性验证]配置完毕
8. 进入[调度属性]配置页面
9. [调度属性]配置完毕
10. 新建成功，返回【资产】-【数据质量】-【规则任务配置】页面
11. 进入【test】规则详情页面
12. 弹出提示“执行成功，稍后可在任务实例中查看”
13. 校验通过","1. 
2. 
3. 
4. 
5. 
6. 
7. 
8. 
9. 
10. 
11. 
12. 
13.","","1","","","正常","0","4","13","通过","旺仔","2025-12-15","","0000-00-00","1","",""
"170835","数据资产_STD(#23)","/版本迭代测试用例/v6.4.6/【岚图】优化需求(#9784)","","所有支持配置分区的地方支持“选择动态分区”，选择后配置内容和选表时保持一致 验证【监控规则】-【唯一性校验】-【多表唯一性判断】-【选择对比表】-【输入分区】-“选择动态分区”选择后数据正确","无","1. 进入【资产】-【数据质量】-【规则任务配置】页面
2. 点击【新建监控规则】按钮
3. 监控对象配置如下：[规则名称]输入「test_rule」[选择数据源]选择「${DATASOURCE}」[选择数据库]选择「${DATABASE}」[选择数据表]选择「${TABLE}」[选择分区] 手动输入分区 - “id=1”
4. 点击【下一步】按钮
5. 点击【添加规则】按钮-选择[唯一性验证]
6. 完整性验证配置如下：[规则类型] 多表唯一性判断[选择对比表]-    [对比表所属库] DataQuery_Doris    [对比表] user_profile_4023    [输入分区] 选择动态分区[强弱规则] 弱规则[规则描述] 不作填写
7. 完整性验证配置调整如下：[规则类型] 多表数据内容对比[字段] name[期望值] name(people) 包含 张[选择对比表]-    [对比表] user_profile_4023    [输入分区] 选择动态分区[强弱规则] 弱规则[规则描述] 不作填写","1. 进入成功
2. 进入[监控对象]配置页面
3. [监控对象]配置完成
4. 进入[监控规则]配置页面
5. 页面新增[唯一性验证]配置栏
6. 唯一性验证]配置完毕
7. [完整性验证]配置完毕，“选择动态分区”选择后数据正确","1. 
2. 
3. 
4. 
5. 
6. 
7.","","2","功能测试","","正常","0","1","7","通过","旺仔","2025-12-15","听筠","2025-12-25","2","",""
"170834","数据资产_STD(#23)","/版本迭代测试用例/v6.4.6/【岚图】优化需求(#9784)","","所有支持配置分区的地方支持“选择动态分区”，选择后配置内容和选表时保持一致 验证【监控规则】-【完整性校验】-【多表数据行数对比/多表数据内容对比】-【选择对比表】-【输入分区】-“选择动态分区”选择后数据正确","无","1. 进入【资产】-【数据质量】-【规则任务配置】页面
2. 点击【新建监控规则】按钮
3. 监控对象配置如下：[规则名称]输入「test_rule」[选择数据源]选择「${DATASOURCE}」[选择数据库]选择「${DATABASE}」[选择数据表]选择「${TABLE}」[选择分区] 手动输入分区 - “id=1”
4. 点击【下一步】按钮
5. 点击【添加规则】按钮-选择[完整性验证]
6. 完整性验证配置如下：[规则类型] 多表数据行数对比[选择对比表]-    [对比表所属库] DataQuery_Doris    [对比表] user_profile_4023    [输入分区] 选择动态分区[强弱规则] 弱规则[规则描述] 不作填写
7. 完整性验证配置调整如下：[规则类型] 多表数据内容对比[字段] name[期望值] name(people) 包含 张[选择对比表]-    [对比表] user_profile_4023    [输入分区] 选择动态分区[强弱规则] 弱规则[规则描述] 不作填写","1. 进入成功
2. 进入[监控对象]配置页面
3. [监控对象]配置完成
4. 进入[监控规则]配置页面
5. 页面新增[完整性验证]配置栏
6. [完整性验证]配置完毕
7. [完整性验证]配置完毕，“选择动态分区”选择后数据正确","1. 
2. 
3. 
4. 
5. 
6. 
7.","","2","功能测试","","正常","0","1","7","通过","旺仔","2025-12-15","听筠","2025-12-25","2","",""
"170833","数据资产_STD(#23)","/版本迭代测试用例/v6.4.6/【岚图】优化需求(#9784)","","所有支持配置分区的地方支持“选择动态分区”，选择后配置内容和选表时保持一致 验证【唯一性校验】-【多表唯一性判断】-【选择对比表】-【输入分区】支持“选择动态分区”（编辑监控规则）","无","1. 进入【资产】-【数据质量】-【规则任务配置】页面
2. 找到【test】规则，点击【编辑】按钮
3. 监控对象配置如下：[规则名称]输入「test_rule」[选择数据源]选择「${DATASOURCE}」[选择数据库]选择「${DATABASE}」[选择数据表]选择「${TABLE}」[选择分区] 手动输入分区 - “id=1”
4. 点击【下一步】按钮
5. 点击【添加规则】按钮-选择[唯一性验证]
6. 唯一性验证配置如下：[字段] id[统计函数] 多表唯一性判断[过滤条件] 不作调整[校验字段逻辑] 唯一[和其他表的校验关系] 且[选择对比表]-    [对比表] user_profile_4023    [输入分区] 选择动态分区    [对比表字段] id    [校验字段逻辑] 唯一[强弱规则] 弱规则[规则描述] 不作填写","1. 进入成功
2. 进入[监控对象]配置页面
3. [监控对象]配置完成
4. 进入[监控规则]配置页面
5. 页面新增[唯一性验证]配置栏
6. [唯一性验证]配置完毕，支持“选择动态分区”","1. 
2. 
3. 
4. 
5. 
6.","","3","功能测试","","正常","0","1","6","通过","旺仔","2025-12-15","听筠","2025-12-25","1","",""
"170832","数据资产_STD(#23)","/版本迭代测试用例/v6.4.6/【岚图】优化需求(#9784)","","所有支持配置分区的地方支持“选择动态分区”，选择后配置内容和选表时保持一致 验证【完整性校验】-【多表数据行数对比/多表数据内容对比】-【选择对比表】-【输入分区】支持“选择动态分区”（编辑监控规则）","无","1. 进入【资产】-【数据质量】-【规则任务配置】页面
2. 找到【test】规则，点击【编辑】按钮
3. 监控对象配置如下：[规则名称]输入「test_rule」[选择数据源]选择「${DATASOURCE}」[选择数据库]选择「${DATABASE}」[选择数据表]选择「${TABLE}」[选择分区] 手动输入分区 - “id=1”
4. 点击【下一步】按钮
5. 点击【添加规则】按钮-选择[完整性验证]
6. 完整性验证配置如下：[规则类型] 多表数据行数对比[选择对比表]-    [对比表所属库] DataQuery_Doris    [对比表] user_profile_4023    [输入分区] 选择动态分区[强弱规则] 弱规则[规则描述] 不作填写","1. 进入成功
2. 进入[监控对象]配置页面
3. [监控对象]配置完成
4. 进入[监控规则]配置页面
5. 页面新增[完整性验证]配置栏
6. [完整性验证]配置完毕，支持“选择动态分区”","1. 
2. 
3. 
4. 
5. 
6.","","3","功能测试","","正常","0","2","6","通过","旺仔","2025-12-15","听筠","2025-12-25","1","",""
"170831","数据资产_STD(#23)","/版本迭代测试用例/v6.4.6/【岚图】优化需求(#9784)","","所有支持配置分区的地方支持“选择动态分区”，选择后配置内容和选表时保持一致 验证【唯一性校验】-【多表唯一性判断】-【选择对比表】-【输入分区】支持“选择动态分区”（新建监控规则）","无","1. 进入【资产】-【数据质量】-【规则任务配置】页面
2. 点击【新建监控规则】按钮
3. 监控对象配置如下：[规则名称]输入「test_rule」[选择数据源]选择「${DATASOURCE}」[选择数据库]选择「${DATABASE}」[选择数据表]选择「${TABLE}」[选择分区] 手动输入分区 - “id=1”
4. 点击【下一步】按钮
5. 点击【添加规则】按钮-选择[唯一性验证]
6. 唯一性验证配置如下：[字段] id[统计函数] 多表唯一性判断[过滤条件] 不作调整[校验字段逻辑] 唯一[和其他表的校验关系] 且[选择对比表]-    [对比表] user_profile_4023    [输入分区] 选择动态分区    [对比表字段] id    [校验字段逻辑] 唯一[强弱规则] 弱规则[规则描述] 不作填写","1. 进入成功
2. 进入[监控对象]配置页面
3. [监控对象]配置完成
4. 进入[监控规则]配置页面
5. 页面新增[唯一性验证]配置栏
6. [唯一性验证]配置完毕，支持“选择动态分区”","1. 
2. 
3. 
4. 
5. 
6.","","3","功能测试","","正常","0","1","6","通过","旺仔","2025-12-15","听筠","2025-12-25","1","",""
"170830","数据资产_STD(#23)","/版本迭代测试用例/v6.4.6/【岚图】优化需求(#9784)","","所有支持配置分区的地方支持“选择动态分区”，选择后配置内容和选表时保持一致 验证【完整性校验】-【多表数据行数对比/多表数据内容对比】-【选择对比表】-【输入分区】支持“选择动态分区”（新建监控规则）","无","1. 进入【资产】-【数据质量】-【规则任务配置】页面
2. 点击【新建监控规则】按钮
3. 监控对象配置如下：[规则名称]输入「test_rule」[选择数据源]选择「${DATASOURCE}」[选择数据库]选择「${DATABASE}」[选择数据表]选择「${TABLE}」[选择分区] 手动输入分区 - “id=1”
4. 点击【下一步】按钮
5. 点击【添加规则】按钮-选择[完整性验证]
6. 完整性验证配置如下：[规则类型] 多表数据行数对比[选择对比表]-    [对比表所属库] DataQuery_Doris    [对比表] user_profile_4023    [输入分区] 选择动态分区[强弱规则] 弱规则[规则描述] 不作填写","1. 进入成功
2. 进入[监控对象]配置页面
3. [监控对象]配置完成
4. 进入[监控规则]配置页面
5. 页面新增[完整性验证]配置栏
6. [完整性验证]配置完毕，支持“选择动态分区”","1. 
2. 
3. 
4. 
5. 
6.","","3","功能测试","","正常","0","1","6","通过","旺仔","2025-12-15","听筠","2025-12-25","1","",""
"170829","数据资产_STD(#23)","/版本迭代测试用例/v6.4.6/【岚图】优化需求(#9784)","","所有支持配置分区的地方支持“选择动态分区”，选择后配置内容和选表时保持一致 验证【监控对象】-【选择分区】支持“选择动态分区”（新建监控规则-监控对象）","无","1. 进入【资产】-【数据质量】-【规则任务配置】页面
2. 点击【新建监控规则】按钮
3. 监控对象配置如下：[规则名称]输入「test_rule」[选择数据源]选择「${DATASOURCE}」[选择数据库]选择「${DATABASE}」[选择数据表]选择「${TABLE}」[选择分区] 手动输入分区 - “id=1”","1. 进入成功
2. 进入[监控对象]配置页面
3. [监控对象]配置完成，支持“选择动态分区”","1. 
2. 
3.","","3","功能测试","","正常","0","1","3","通过","旺仔","2025-12-15","听筠","2025-12-25","1","",""
"170828","数据资产_STD(#23)","/版本迭代测试用例/v6.4.6/【岚图】优化需求(#9784)","","支持按照选择的分区信息进行数据预览（监控对象/监控规则） 验证新建监控规则时，监控对象仅选择数据源、数据库（数据表未选择）的情况下数据预览无反应","无","1. 进入【资产】-【数据质量】-【规则任务配置】页面
2. 点击【新建监控规则】按钮
3. 监控对象配置如下：[规则名称] test[选择数据源] doris2x_test(Doris2.x)[选择数据库]  DataQuery_Doris[选择数据表] 不作选择[选择分区] 不作编辑
4. 点击【数据预览】按钮","1. 进入成功
2. 进入[监控对象]配置页面
3. [监控对象]配置完成
4. 无反应","1. 
2. 
3. 
4.","","3","","","正常","0","1","4","通过","旺仔","2025-12-15","","0000-00-00","1","",""
"170827","数据资产_STD(#23)","/版本迭代测试用例/v6.4.6/【岚图】优化需求(#9784)","","支持按照选择的分区信息进行数据预览（监控对象/监控规则） 验证新建监控规则时，监控对象仅选择数据源（数据库、数据表未选择）的情况下数据预览无反应","无","1. 进入【资产】-【数据质量】-【规则任务配置】页面
2. 点击【新建监控规则】按钮
3. 监控对象配置如下：[规则名称] test[选择数据源] doris2x_test(Doris2.x)[选择数据库] 不作选择[选择数据表] 不作选择[选择分区] 不作编辑
4. 点击【数据预览】按钮","1. 进入成功
2. 进入[监控对象]配置页面
3. [监控对象]配置完成
4. 无反应","1. 
2. 
3. 
4.","","3","","","正常","0","1","4","通过","旺仔","2025-12-15","","0000-00-00","1","",""
"170826","数据资产_STD(#23)","/版本迭代测试用例/v6.4.6/【岚图】优化需求(#9784)","","支持按照选择的分区信息进行数据预览（监控对象/监控规则） 验证数据预览按照分区进行显示（编辑监控规则-监控规则处-完整性验证）","无","1. 进入【资产】-【数据质量】-【规则任务配置】页面
2. 找到【test】规则，点击【编辑】按钮
3. 监控对象配置如下：[规则名称]输入「test_rule」[选择数据源]选择「${DATASOURCE}」[选择数据库]选择「${DATABASE}」[选择数据表]选择「${TABLE}」[选择分区] 手动输入分区 - “id=1”
4. 点击【下一步】按钮
5. 点击【添加规则】按钮-选择[完整性验证]
6. 完整性验证配置如下：[规则类型] 多表数据行数对比[选择对比表]-    [对比表所属库] DataQuery_Doris    [对比表] user_profile_4023    [输入分区] 手动输入分区 - “id=1”[强弱规则] 弱规则[规则描述] 不作填写
7. 点击【完整性校验】-【选择对比表】-【输入分区】-【数据预览】按钮","1. 进入成功
2. 进入[监控对象]配置页面
3. [监控对象]配置完成
4. 进入[监控规则]配置页面
5. 页面新增[完整性验证]/[唯一性验证]配置栏
6. [完整性验证]配置完毕
7. 弹出【数据预览】列表，按照选择的分区值进行过滤后展示数据预览内容，支持横向滚动条滚动配置","1. 
2. 
3. 
4. 
5. 
6. 
7.","","2","功能测试","","正常","0","1","7","通过","旺仔","2025-12-15","听筠","2025-12-25","1","",""
"170825","数据资产_STD(#23)","/版本迭代测试用例/v6.4.6/【岚图】优化需求(#9784)","","支持按照选择的分区信息进行数据预览（监控对象/监控规则） 验证数据预览按照分区进行显示（编辑监控规则-监控规则处-唯一性验证）","无","1. 进入【资产】-【数据质量】-【规则任务配置】页面
2. 找到【test】规则，点击【编辑】按钮
3. 监控对象配置如下：[规则名称]输入「test_rule」[选择数据源]选择「${DATASOURCE}」[选择数据库]选择「${DATABASE}」[选择数据表]选择「${TABLE}」[选择分区] 手动输入分区 - “id=1”
4. 点击【下一步】按钮
5. 点击【唯一性校验】-【选择对比表】-【输入分区】-【数据预览】按钮
6. 唯一性验证配置如下：[字段] id[统计函数] 多表唯一性判断[过滤条件] 不作调整[校验字段逻辑] 唯一[和其他表的校验关系] 且[选择对比表]-    [对比表] user_profile_4023    [输入分区] 手动输入分区 - “id=1”    [对比表字段] id    [校验字段逻辑] 唯一[强弱规则] 弱规则[规则描述] 不作填写
7. 点击【唯一性校验】-【选择对比表】-【输入分区】-【数据预览】按钮","1. 进入成功
2. 进入[监控对象]配置页面
3. [监控对象]配置完成
4. 进入[监控规则]配置页面
5. 弹出【数据预览】列表，且仅显示id为1的数据
6. [唯一性验证]配置完毕
7. 弹出【数据预览】列表，按照选择的分区值进行过滤后展示数据预览内容，支持横向滚动条滚动配置","1. 
2. 
3. 
4. 
5. 
6. 
7.","","2","功能测试","","正常","0","1","7","通过","旺仔","2025-12-15","听筠","2025-12-25","1","",""
"170824","数据资产_STD(#23)","/版本迭代测试用例/v6.4.6/【岚图】优化需求(#9784)","","支持按照选择的分区信息进行数据预览（监控对象/监控规则） 验证数据预览按照分区进行显示（编辑监控规则-监控对象处）","无","1. 进入【资产】-【数据质量】-【规则任务配置】页面
2. 找到【test】规则，点击【编辑】按钮
3. 监控对象配置如下：[规则名称]输入「test_rule」[选择数据源]选择「${DATASOURCE}」[选择数据库]选择「${DATABASE}」[选择数据表]选择「${TABLE}」[选择分区] 手动输入分区 - “id=1”
4. 点击【数据预览】按钮","1. 进入成功
2. 进入[监控对象]配置页面
3. [监控对象]配置完成
4. 弹出【数据预览】列表，按照选择的分区值进行过滤后展示数据预览内容，支持横向滚动条滚动配置","1. 
2. 
3. 
4.","","1","功能测试","","正常","0","2","4","通过","旺仔","2025-12-15","听筠","2025-12-25","1","",""
"170823","数据资产_STD(#23)","/版本迭代测试用例/v6.4.6/【岚图】优化需求(#9784)","","支持按照选择的分区信息进行数据预览（监控对象/监控规则） 验证数据预览按照分区进行显示（新建监控规则-监控规则-完整性验证）","无","1. 进入【资产】-【数据质量】-【规则任务配置】页面
2. 点击【新建监控规则】按钮
3. 监控对象配置如下：[规则名称]输入「test_rule」[选择数据源]选择「${DATASOURCE}」[选择数据库]选择「${DATABASE}」[选择数据表]选择「${TABLE}」[选择分区] 手动输入分区 - “id=1”
4. 点击【下一步】按钮
5. 点击【添加规则】按钮-选择[完整性验证]
6. 完整性验证配置如下：[规则类型] 多表数据行数对比[选择对比表]-    [对比表所属库] DataQuery_Doris    [对比表] user_profile_4023    [输入分区] 手动输入分区 - “id=1”[强弱规则] 弱规则[规则描述] 不作填写
7. 点击【完整性校验】-【选择对比表】-【输入分区】-【数据预览】按钮","1. 进入成功
2. 进入[监控对象]配置页面
3. [监控对象]配置完成
4. 进入[监控规则]配置页面
5. 页面新增[完整性验证]/[唯一性验证]配置栏
6. [完整性验证]配置完毕
7. 弹出【数据预览】列表，按照选择的分区值进行过滤后展示数据预览内容，支持横向滚动条滚动配置","1. 
2. 
3. 
4. 
5. 
6. 
7.","","2","功能测试","","正常","0","1","7","通过","旺仔","2025-12-15","听筠","2025-12-25","1","",""
"170822","数据资产_STD(#23)","/版本迭代测试用例/v6.4.6/【岚图】优化需求(#9784)","","支持按照选择的分区信息进行数据预览（监控对象/监控规则） 验证数据预览按照分区进行显示（新建监控规则-监控规则-唯一性验证）","无","1. 进入【资产】-【数据质量】-【规则任务配置】页面
2. 点击【新建监控规则】按钮
3. 监控对象配置如下：[规则名称]输入「test_rule」[选择数据源]选择「${DATASOURCE}」[选择数据库]选择「${DATABASE}」[选择数据表]选择「${TABLE}」[选择分区] 手动输入分区 - “id=1”
4. 点击【下一步】按钮
5. 点击【添加规则】按钮-选择[唯一性验证]
6. 唯一性验证配置如下：[字段] id[统计函数] 多表唯一性判断[过滤条件] 不作调整[校验字段逻辑] 唯一[和其他表的校验关系] 且[选择对比表]-    [对比表] user_profile_4023    [输入分区] 手动输入分区 - “id=1”    [对比表字段] id    [校验字段逻辑] 唯一[强弱规则] 弱规则[规则描述] 不作填写
7. 点击【唯一性校验】-【选择对比表】-【输入分区】-【数据预览】按钮","1. 进入成功
2. 进入[监控对象]配置页面
3. [监控对象]配置完成
4. 进入[监控规则]配置页面
5. 页面新增[完整性验证]/[唯一性验证]配置栏
6. [唯一性验证]配置完毕
7. 弹出【数据预览】列表，按照选择的分区值进行过滤后展示数据预览内容，支持横向滚动条滚动配置","1. 
2. 
3. 
4. 
5. 
6. 
7.","","2","功能测试","","正常","0","1","7","通过","旺仔","2025-12-15","听筠","2025-12-25","1","",""
"170821","数据资产_STD(#23)","/版本迭代测试用例/v6.4.6/【岚图】优化需求(#9784)","","支持按照选择的分区信息进行数据预览（监控对象/监控规则） 验证数据预览按照分区进行显示（新建监控规则-监控对象处）","无","1. 进入【资产】-【数据质量】-【规则任务配置】页面
2. 点击【新建监控规则】按钮
3. 监控对象配置如下：[规则名称]输入「test_rule」[选择数据源]选择「${DATASOURCE}」[选择数据库]选择「${DATABASE}」[选择数据表]选择「${TABLE}」[选择分区] 手动输入分区 - “id=1”
4. 点击【数据预览】按钮","1. 进入成功
2. 进入[监控对象]配置页面
3. [监控对象]配置完成
4. 弹出【数据预览】列表，按照选择的分区值进行过滤后展示数据预览内容，支持横向滚动条滚动配置","1. 
2. 
3. 
4.","","1","功能测试","","正常","0","2","4","通过","旺仔","2025-12-15","听筠","2025-12-25","1","",""
"170820","数据资产_STD(#23)","/版本迭代测试用例/v6.4.6/【岚图】优化需求(#9784)","","点击临时保存规则后，留存在当前页面不进行跳转，并提示“规则已临时保存” 验证无规则时不能临时保存（监控规则处保存）","无","1. 进入【资产】-【数据质量】-【规则任务配置】页面
2. 点击【新建监控规则】按钮
3. 监控对象配置如下：[规则名称] test[选择数据源] doris2x_test(Doris2.x)[选择数据库] DataQuery_Doris[选择数据表] user_profile_0919[选择分区] 默认
4. 点击【下一步】按钮
5. 点击临时保存","1. 进入成功
2. 进入[监控对象]配置页面
3. [监控对象]配置完成
4. 进入[监控规则]配置页面
5. 弹出提示“请添加规则”，不执行临时保存","1. 
2. 
3. 
4. 
5.","","3","功能测试","","正常","0","1","5","通过","旺仔","2025-12-15","听筠","2025-12-25","1","",""
"170819","数据资产_STD(#23)","/版本迭代测试用例/v6.4.6/【岚图】优化需求(#9784)","","点击临时保存规则后，留存在当前页面不进行跳转，并提示“规则已临时保存” 验证未填写必填项内容时不能临时保存（调度属性处保存）","无","1. 进入【资产】-【数据质量】-【规则任务配置】页面
2. 点击【新建监控规则】按钮
3. 监控对象配置如下：[规则名称] test[选择数据源] doris2x_test(Doris2.x)[选择数据库] DataQuery_Doris[选择数据表] user_profile_0919[选择分区] 默认
4. 点击【下一步】按钮
5. 点击【添加规则】按钮-选择[完整性验证]
6. 完整性验证配置如下：[规则类型] 多表数据行数对比[选择对比表]-    [对比表所属库] DataQuery_Doris    [对比表] user_profile_4023    [输入分区] 默认[强弱规则] 弱规则[规则描述] 不作填写
7. 点击【下一步】按钮
8. 调度配置配置如下：[调度周期] 天[生效日期] 2025-12-08→2125-12-08[具体时间] 00：00[规则拼接包] 1
9. 告警配置配置如下：默认 不作调整
10. 报告配置配置如下：默认不作修改（【数据周期】为必填项且无默认值）
11. 点击临时保存","1. 进入成功
2. 进入[监控对象]配置页面
3. [监控对象]配置完成
4. 进入[监控规则]配置页面
5. 页面新增[完整性验证]配置栏
6. [完整性验证]配置完毕
7. 进入[调度属性]配置页面
8. 
9. 
10. 
11. 无反应，不执行临时保存","1. 
2. 
3. 
4. 
5. 
6. 
7. 
8. 
9. 
10. 
11.","","2","功能测试","","正常","0","1","11","通过","旺仔","2025-12-15","听筠","2025-12-25","1","",""
"170818","数据资产_STD(#23)","/版本迭代测试用例/v6.4.6/【岚图】优化需求(#9784)","","点击临时保存规则后，留存在当前页面不进行跳转，并提示“规则已临时保存” 验证未填写必填项内容时不能临时保存（监控规则处保存）","无","1. 进入【资产】-【数据质量】-【规则任务配置】页面
2. 点击【新建监控规则】按钮
3. 监控对象配置如下：[规则名称] test[选择数据源] doris2x_test(Doris2.x)[选择数据库] DataQuery_Doris[选择数据表] user_profile_0919[选择分区] 默认
4. 点击【下一步】按钮
5. 点击【添加规则】按钮-选择[完整性验证]
6. 完整性验证配置如下：[规则类型] 多表数据行数对比[选择对比表]-    [对比表所属库] DataQuery_Doris    [对比表] 不作填写    [输入分区] 默认[强弱规则] 弱规则[规则描述] 不作填写
7. 点击临时保存","1. 进入成功
2. 进入[监控对象]配置页面
3. [监控对象]配置完成
4. 进入[监控规则]配置页面
5. 页面新增[完整性验证]配置栏
6. [完整性验证]配置完毕
7. 无反应，不执行临时保存","1. 
2. 
3. 
4. 
5. 
6. 
7.","","2","功能测试","","正常","0","1","7","通过","旺仔","2025-12-15","听筠","2025-12-25","1","",""
"170817","数据资产_STD(#23)","/版本迭代测试用例/v6.4.6/【岚图】优化需求(#9784)","","点击临时保存规则后，留存在当前页面不进行跳转，并提示“规则已临时保存” 验证规则配置中间态保存不进行页面跳转（调度属性处保存）","无","1. 进入【资产】-【数据质量】-【规则任务配置】页面
2. 点击【新建监控规则】按钮
3. 监控对象配置如下：[规则名称] test[选择数据源] doris2x_test(Doris2.x)[选择数据库] DataQuery_Doris[选择数据表] user_profile_0919[选择分区] 默认
4. 点击【下一步】按钮
5. 点击【添加规则】按钮-选择[完整性验证]
6. 完整性验证配置如下：[规则类型] 多表数据行数对比[选择对比表]-    [对比表所属库] DataQuery_Doris    [对比表] user_profile_4023    [输入分区] 默认[强弱规则] 弱规则[规则描述] 不作填写
7. 点击【下一步】按钮
8. 调度属性配置如下：[调度周期] 天[生效日期] 2025-12-08→2125-12-08[具体时间] 00：00[规则拼接包] 1
9. 点击临时保存
10. 返回【规则任务配置】列表中找到【test】规则，点击编辑
11. 查看【监控对象】内容验证临时保存效果
12. 点击【下一步】按钮
13. 查看【监控规则】内容验证临时保存效果
14. 点击【下一步】按钮
15. 查看【调度属性】内容验证临时保存效果
16. 点击【保存】按钮
17. 在【规则任务配置】列表中找到【test】规则，点击【test】进入详情页面，点击【立即执行】按钮
18. 在【任务实例查询】/【质量报告】中查询【test】任务产生的实例及报告","1. 进入成功
2. 进入[监控对象]配置页面
3. [监控对象]配置完成
4. 进入[监控规则]配置页面
5. 页面新增[完整性验证]配置栏
6. [监控规则]配置完毕
7. 进入[调度属性]配置页面
8. [调度属性]配置完成
9. 弹出提示框”规则已临时保存“，不会自动返回至【规则任务配置】列表页面
10. 列表中【test】规则勾选框无法编辑，无法点击【test】规则弹出详情页面，[执行周期]、[规则状态]、[是否关联任务]为“--“；点击[编辑]按钮后跳转至[监控对象]配置页面
11. 【test】规则内容成功保存
12. 跳转至[监控规则]配置页面
13. 【test】规则内容成功保存
14. 跳转至[调度属性]配置页面
15. 【test】规则内容成功保存
16. 成功保存，返回至【规则任务配置】列表
17. 成功运行规则
18. 成功生成对应内容","1. 
2. 
3. 
4. 
5. 
6. 
7. 
8. 
9. 
10. 
11. 
12. 
13. 
14. 
15. 
16. 
17. 
18.","","2","功能测试","","正常","0","2","18","通过","旺仔","2025-12-15","听筠","2025-12-24","1","",""
"170816","数据资产_STD(#23)","/版本迭代测试用例/v6.4.6/【岚图】优化需求(#9784)","","点击临时保存规则后，留存在当前页面不进行跳转，并提示“规则已临时保存” 验证规则配置中间态保存不进行页面跳转（监控规则处保存）","无","1. 进入【资产】-【数据质量】-【规则任务配置】页面
2. 点击【新建监控规则】按钮
3. 前提条件标示
4. 监控对象配置如下：[规则名称] test[选择数据源] doris2x_test(Doris2.x)[选择数据库] DataQuery_Doris[选择数据表] user_profile_0919[选择分区] 默认
5. 点击【下一步】按钮
6. 点击【添加规则】按钮-选择[完整性验证]
7. 完整性验证配置如下：[规则类型] 多表数据行数对比[选择对比表]-    [对比表所属库] DataQuery_Doris    [对比表] user_profile_4023    [输入分区] 默认[强弱规则] 弱规则[规则描述] 不作填写
8. 点击临时保存
9. 返回【规则任务配置】列表中找到【test】规则，点击编辑
10. 查看【监控对象】内容验证临时保存效果
11. 点击【下一步】按钮
12. 查看【监控规则】内容验证临时保存效果
13. 点击【下一步】按钮
14. 调度配置配置如下：[调度周期] 天[生效日期] 2025-12-08→2125-12-08[具体时间] 00：00[规则拼接包] 1
15. 点击【保存】按钮
16. 在【规则任务配置】列表中找到【test】规则，点击【test】进入详情页面，点击【立即执行】按钮
17. 在【任务实例查询】/【质量报告】中查询【test】任务产生的实例及报告","1. 进入成功
2. 进入[监控对象]配置页面
3. 
4. [监控对象]配置完成
5. 进入[监控规则]配置页面
6. 页面新增[完整性验证]配置栏
7. [完整性验证]配置完毕
8. 弹出提示框”规则已临时保存“，不会自动返回至【规则任务配置】列表页面
9. 列表中【test】规则勾选框无法编辑，无法点击【test】规则弹出详情页面，[执行周期]、[规则状态]、[是否关联任务]为“--“；点击[编辑]按钮后跳转至[监控对象]配置页面
10. 【test】规则内容成功保存
11. 跳转至[监控规则]配置页面
12. 【test】规则内容成功保存
13. 跳转至[调度属性]配置页面
14. [调度属性]配置完成
15. 成功保存，返回至【规则任务配置】列表
16. 成功运行规则
17. 成功生成对应内容","1. 
2. 
3. 
4. 
5. 
6. 
7. 
8. 
9. 
10. 
11. 
12. 
13. 
14. 
15. 
16. 
17.","","1","功能测试","","正常","0","2","17","通过","旺仔","2025-12-15","听筠","2025-12-24","1","",""
"170815","数据资产_STD(#23)","/版本迭代测试用例/v6.4.6/【数据建模】建表语句解析模式优化(#9787)","【数据建模】建表语句解析模式优化(#15331)","验证未匹配数据标准时，解析正确","已进入【数据模型-建表-表结构-建表语句】tab页","1. 输入建表语句：
CREATE TABLE order_table (
order_id BIGINT NOT NULL PRIMARY KEY COMMENT '订单ID',
order_amount DECIMAL(18,2) NOT NULL CHECK (order_amount >= 0) COMMENT '订单金额',
order_count INT COMMENT '订单数量'
);
2. 点击【解析】按钮
3. 点击【生成建表语句】按钮
4. 点击【建表】按钮
5. 切换至【元数据-数据地图】页面，查找该数据表
6. 查看该表有关字段的数据类型","1. 输入成功
2. 解析成功，右边显示：
1）中文名：订单ID；
字段名：order_id；
数据类型：BIGINT；
所属标准：订单ID；
数值长度：--；
字段精度：--
2）中文名：订单金额；
字段名：order_amount；
数据类型：DECIMAL；
所属标准：订单金额；
数值长度：18；
字段精度：2
3）中文名：订单数量；
字段名：order_count；
数据类型：INT；
所属标准：订单数量；
数值长度：--；
字段精度：--
3. 弹出【建表语句】弹窗
4. 建表成功
5. 成功查询，进入表详情-表结构
6. 内容与解析一致","1. 
2. 
3. 
4. 
5. 
6.","","3","功能测试","功能测试阶段","正常","0","1","6","通过","听筠","2025-12-15","听筠","2025-12-31","2","",""
"170814","数据资产_STD(#23)","/版本迭代测试用例/v6.4.6/【数据建模】建表语句解析模式优化(#9787)","【数据建模】建表语句解析模式优化(#15331)","验证sql语法无效，解析正确","1.已进入【数据模型-建表-表结构-建表语句】tab页","1. 输入建表语句：
CREATE TABLE test (
count COMMENT '计数'
;
2. 点击【解析】按钮
3. 修改语句后点击【解析】按钮","1. 输入成功
2. 解析失败，提示失败原因
3. 解析成功，内容正确","1. 
2. 
3.","","3","功能测试","功能测试阶段","正常","0","1","3","通过","听筠","2025-12-15","","0000-00-00","1","",""
"170813","数据资产_STD(#23)","/版本迭代测试用例/v6.4.6/【数据建模】建表语句解析模式优化(#9787)","【数据建模】建表语句解析模式优化(#15331)","验证sql建表语句含约束，字段解析正确","1.已进入【数据模型-建表-表结构-建表语句】tab页
2.【数据标准-标准映射】里已有字段映射：
1）中文名称：用户ID；英文名称：user_id；英文缩写：user_id；数据类型：数值型
2）中文名称：订单金额；英文名称：order_amount；英文缩写：order_amount；数据类型：字符型；数据精度：10/2","1. 输入建表语句：
CREATE TABLE test14 (
user_id BIGINT NOT NULL PRIMARY KEY COMMENT '用户ID',
order_amount DECIMAL(18,2) NOT NULL CHECK (order_amount >= 0) COMMENT '订单金额'
);
2. 点击【解析】按钮
3. 点击【生成建表语句】按钮
4. 点击【建表】按钮
5. 切换至【元数据-数据地图】页面，查找该数据表
6. 查看该表有关字段的数据类型","1. 输入成功
2. 解析成功，右边显示：
1）中文名：用户ID；
字段名：user_id；
数据类型：BIGINT；
所属标准：用户ID；
数值长度：--；
字段精度：--
2）中文名：订单金额；
字段名：order_amount；
数据类型：DECIMAL；
所属标准：订单金额；
数值长度：18；
字段精度：2
3. 弹出【建表语句】弹窗
4. 建表成功
5. 成功查询，进入表详情-表结构
6. 内容与解析一致","1. 
2. 
3. 
4. 
5. 
6.","","3","功能测试","功能测试阶段","正常","0","1","6","通过","听筠","2025-12-15","听筠","2025-12-31","2","",""
"170812","数据资产_STD(#23)","/版本迭代测试用例/v6.4.6/【数据建模】建表语句解析模式优化(#9787)","【数据建模】建表语句解析模式优化(#15331)","验证sql中精度&长度限制，字段解析正确","【数据标准-标准映射】里已有字段映射：
1）中文名称：超长文本内容；英文名称：full_text_content；英文缩写：full_text_content；数据类型：字符型；数据长度：&lt;=255
2）中文名称：科学计算值；英文名称：scientific_value；英文缩写：scientific_value；数据类型：字符型；数据精度：30/30
3）中文名称：商品SKU；英文名称：product_sku；英文缩写：product_sku；数据类型：字符型；数据精度：3/2
4）中文名称：空标记；英文名称：is_empty_flag；英文缩写：is_empty_flag；数据类型：字符型；数据长度：&lt;=20","1. 进入【数据模型-建表】页面
2. 点击【新建表】按钮
3. 正确配置基础信息，配置表名：test13，表中文名：测试13
点击【下一步】按钮
4. 输入建表sql语句：
CREATE TABLE test13 (
--最大长度字符串
full_text_content VARCHAR(65535) COMMENT '超长文本内容',
--超高精度小数
scientific_value DECIMAL(38,30) COMMENT '科学计算值',
--零精度
product_sku DECIMAL(10,0) COMMENT '商品SKU',
--零长度
is_empty_flag CHAR(0) COMMENT '空标记'
);
5. 点击【解析】按钮
6. 点击【生成建表语句】按钮
7. 点击【建表】按钮
8. 切换至【元数据-数据地图】页面，查找该数据表test13，中文名：测试13
9. 查看该表有关字段的数据类型
10. 修改建表sql语句：
CREATE TABLE test13 (
--最大长度字符串
full_text_content VARCHAR(65536) COMMENT '超长文本内容',
--超高精度小数
scientific_value DECIMAL(39,30) COMMENT '科学计算值',
--零精度
product_sku DECIMAL(10,0) COMMENT '商品SKU',
--零长度
is_empty_flag CHAR(0) COMMENT '空标记'
);
11. 点击【解析】按钮
12. 点击建表","1. 页面正常打开
2. 进入【基础信息】配置页面
3. 进入【表结构】页面
4. 输入成功
5. 成功解析，右边显示：
1）中文名：超长文本内容；
字段名：full_text_content；
数据类型：VARCHAR；
所属标准：超长文本内容；
字符长度：65535；
数值长度：--；
字段精度：--
2）中文名：科学计算值；
字段名：scientific_value；
数据类型：DECIMAL；
所属标准：科学计算值；
字符长度：--；
数值长度：38；
字段精度：30
3）中文名：商品SKU；
字段名：product_sku；
数据类型：DECIMAL；
所属标准：商品SKU；
字符长度：--；
数值长度：10；
字段精度：0
4）中文名：空标记；
字段名：is_empty_flag；
数据类型：CHAR；
所属标准：空标记；
字符长度：--；
数值长度：--；
字段精度：--
6. 弹出【建表语句】弹窗
7. 建表成功
8. 成功查询，进入表详情-表结构
9. 内容与解析一致
10. 输入成功
11. 成功解析，右边显示：
1）中文名：超长文本内容；
字段名：full_text_content；
数据类型：VARCHAR；
所属标准：超长文本内容；
字符长度：65536（标红）；
数值长度：--；
字段精度：--
2）中文名：科学计算值；
字段名：scientific_value；
数据类型：DECIMAL；
所属标准：科学计算值；
字符长度：--；
数值长度：39（标红）；
字段精度：30
3）中文名：商品SKU；
字段名：product_sku；
数据类型：DECIMAL；
所属标准：商品SKU；
字符长度：--；
数值长度：10；
字段精度：0
4）中文名：空标记；
字段名：is_empty_flag；
数据类型：CHAR；
所属标准：空标记；
字符长度：--；
数值长度：--；
字段精度：--
12. 建表失败，提示的错误原因正确","1. 
2. 
3. 
4. 
5. 
6. 
7. 
8. 
9. 
10. 
11. 
12.","","3","功能测试","功能测试阶段","正常","0","1","12","通过","听筠","2025-12-15","听筠","2025-12-31","2","",""
"170811","数据资产_STD(#23)","/版本迭代测试用例/v6.4.6/【数据建模】建表语句解析模式优化(#9787)","【数据建模】建表语句解析模式优化(#15331)","验证sql字段类型解析准确性","【数据标准-标准映射】里已有字段映射：
1）中文名称：用户状态；英文名称：user_status；英文缩写：user_status；数据类型：数值型
2）中文名称：商品库存；英文名称：goods_stock；英文缩写：goods_stock；数据类型：数值型
3）中文名称：订单ID；英文名称：order_id；英文缩写：order_id；数据类型：数值型
4）中文名称：用户ID；英文名称：user_id；英文缩写：user_id；数据类型：数值型
5）中文名称：订单金额；英文名称：order_amount；英文缩写：order_amount；数据类型：字符型；数据精度：10/3
6）中文名称：环境温度；英文名称：temperature；英文缩写：temperature；数据类型：字符型
7）中文名称：行驶距离；英文名称：distance；英文缩写：distance；数据类型：字符型
8）中文名称：身份证号；英文名称：id_card；英文缩写：id_card；数据类型：字符型；数据长度：&lt;=20
9）中文名称：邮箱地址；英文名称：email；英文缩写：email；数据类型：字符型；数据长度：&lt;=200
10）中文名称：订单备注；英文名称：order_remark；英文缩写：order_remark；数据类型：字符型
11）中文名称：文章信息；英文名称：article_content；英文缩写：article_content；数据类型：字符型
12）中文名称：扩展信息；英文名称：ext_info；英文缩写：ext_info；数据类型：字符型
13）中文名称：生日；英文名称：birthday；英文缩写：birthday；数据类型：日期型
14）中文名称：订单创建时间；英文名称：order_create_time；英文缩写：order_create_time；数据类型：日期时间型
15）中文名称：登录时间；英文名称：login_time；英文缩写：login_time；数据类型：时间型
16）中文名称：是否有效；英文名称：is_valid；英文缩写：is_valid；数据类型：布尔型
17）中文名称：数据MD5哈希值；英文名称：md5_hash；英文缩写：md5_hash；数据类型：字符型
18）中文名称：计数；英文名称：count；英文缩写：count；数据类型：数值型
19）中文名称：地址；英文名称：address；英文缩写：address；数据类型：字符型；数据长度：&lt;=255","1. 进入【数据模型-建表】页面
2. 点击【新建表】按钮
3. 正确配置基础信息，配置表名：test5，表中文名：测试5
点击【下一步】按钮
4. 输入建表sql语句：
CREATE TABLE test5 (
--整数类型（INT/BIGINT/TINYINT/SMALLINT）
user_status TINYINT COMMENT '用户状态',
goods_stock SMALLINT COMMENT '商品库存',
order_id INT COMMENT '订单ID',
user_id BIGINT COMMENT '用户ID',
--小数类型（DECIMAL/FLOAT/DOUBLE）
order_amount DECIMAL(10,2) COMMENT '订单金额',
temperature FLOAT COMMENT '环境温度',
distance DOUBLE COMMENT '行驶距离',
--字符串类型（STRING/CHAR/VARCHAR/TEXT/LONGTEXT）
id_card CHAR(18) COMMENT '身份证号',
email VARCHAR(255) COMMENT '邮箱地址',
order_remark TEXT COMMENT '订单备注',
article_content LONGTEXT COMMENT '文章正文',
ext_info STRING COMMENT '扩展信息',
--日期类型（DATE/DATETIME/TIMESTAMP）
birthday DATE COMMENT '生日',
order_create_time DATETIME COMMENT '订单创建时间',
login_time TIMESTAMP DEFAULT CURRENT_TIMESTAMP ON UPDATE CURRENT_TIMESTAMP COMMENT '登录时间',
--布尔类型（BOOLEAN）
is_valid BOOLEAN COMMENT '是否有效',
--二进制类型（BINARY）
md5_hash BINARY COMMENT '数据MD5哈希值',
--无符号数值
count INT UNSIGNED COMMENT '计数',
--字符集指定
address VARCHAR(200) CHARACTER SET utf8mb4 COMMENT '地址'
);
5. 点击【解析】按钮
6. 删除“登录时间”字段的语句，点击【解析】按钮
7. 删除“计数”字段的语句，点击【解析】按钮
8. 查看右边显示
9. 点击【生成建表语句】按钮
10. 点击【建表】按钮
11. 切换至【元数据-数据地图】页面，查找该数据表test5，中文名：测试5
12. 查看该表有关字段的数据类型","1. 页面正常打开
2. 进入【基础信息】配置页面
3. 进入【表结构】页面
4. 输入成功
5. 解析失败，提示错误原因：不兼容TIMESTAMP
6. 解析失败，提示错误原因：不支持UNSIGNED关键字
7. 解析成功
8. 共17个字段：
1）中文名：用户状态；字段名：user_status；数据类型：TINYINT；所属标准：用户状态；字符长度：--；数值长度：--；字段精度：--
2）中文名：商品库存；字段名：goods_stock；数据类型：SMALLINT；所属标准：商品库存；字符长度：--；数值长度：--；字段精度：--
3）中文名：订单ID；字段名：order_id；数据类型：INT；所属标准：订单ID；字符长度：--；数值长度：--；字段精度：--
4）中文名：用户ID；字段名：user_id；数据类型：BIGINT；所属标准：用户ID；字符长度：--；数值长度：--；字段精度：--
5）中文名：订单金额；字段名：order_amount；数据类型：DECIMAL；所属标准：订单金额；字符长度：--；数值长度：10；字段精度：2
6）中文名：环境温度；字段名：temperature；数据类型：FLOAT；所属标准：环境温度；字符长度：--；数值长度：--；字段精度：--
7）中文名：行驶距离；字段名：distance；数据类型：DOUBLE；所属标准：行驶距离；字符长度：--；数值长度：--；字段精度：--
8）中文名：身份证号；字段名：id_card；数据类型：CHAR；所属标准：身份证号；字符长度：--；数值长度：--；字段精度：--
9）中文名：邮箱地址；字段名：email；数据类型：VARCHAR；所属标准：邮箱地址；字符长度：255；数值长度：--；字段精度：--
10）中文名：订单备注；字段名：order_remark；数据类型：TEXT；所属标准：订单备注；字符长度：--；数值长度：--；字段精度：--
11）中文名：文章正文；字段名：article_content；数据类型：LONGTEXT；所属标准：文章正文；字符长度：--；数值长度：--；字段精度：--
12）中文名：扩展信息；字段名：ext_info；数据类型：STRING；所属标准：扩展信息；字符长度：--；数值长度：--；字段精度：--
13）中文名：生日；字段名：birthday；数据类型：DATE；所属标准：生日；字符长度：--；数值长度：--；字段精度：--
14）中文名：订单创建时间；字段名：order_create_time；数据类型：DATETIME；所属标准：订单创建时间；字符长度：--；数值长度：--；字段精度：--
15）中文名：是否有效；字段名：is_valid；数据类型：BOOLEAN；所属标准：是否有效；字符长度：--；数值长度：--；字段精度：--
16）中文名：数据MD5哈希值；字段名：md5_hash；数据类型：BINARY；所属标准：数据MD5哈希值；字符长度：--；数值长度：--；字段精度：--
17）中文名：地址；字段名：address；数据类型：VARCHAR；所属标准：地址；字符长度：200；数值长度：--；字段精度：--
9. 弹出【建表语句】弹窗
10. 建表成功
11. 成功查询，进入表详情-表结构
12. 内容与解析一致","1. 
2. 
3. 
4. 
5. 
6. 
7. 
8. 
9. 
10. 
11. 
12.","","2","功能测试","功能测试阶段","正常","0","1","12","通过","听筠","2025-12-15","听筠","2025-12-30","4","",""
"170810","数据资产_STD(#23)","/版本迭代测试用例/v6.4.6/【数据建模】建表语句解析模式优化(#9787)","【数据建模】建表语句解析模式优化(#15331)","验证sql中精度 & 长度 信息为空时，字段解析正确","【数据标准-标准映射】里已有字段映射：
中文名称：年龄；英文名称：age；英文缩写：age；数据类型：数值型；数据长度：=2；数据精度：2/0","1. 进入【数据模型-建表】页面
2. 点击【新建表】按钮
3. 正确配置基础信息，配置表名：test4，表中文名：测试4
点击【下一步】按钮
4. 输入建表sql语句：
CREATE TABLE test4(
age INT COMMENT '学生年龄'
);
5. 点击【解析】按钮
6. 点击【生成建表语句】按钮
7. 点击【建表】按钮
8. 切换至【元数据-数据地图】页面，查找该数据表test4，中文名：测试4
9. 查看该表字段age的精度&长度信息","1. 页面正常打开
2. 进入【基础信息】配置页面
3. 进入【表结构】页面
4. 输入成功
5. 成功解析，右边显示：
中文名：年龄；
字段名：age；
数据类型：INT；
所属标准：年龄
6. 弹出【建表语句】弹窗
7. 建表成功
8. 成功查询，进入表详情-表结构
9. 显示字段无精度&长度信息","1. 
2. 
3. 
4. 
5. 
6. 
7. 
8. 
9.","","2","功能测试","功能测试阶段","正常","0","1","9","通过","听筠","2025-12-15","听筠","2025-12-29","2","",""
"170809","数据资产_STD(#23)","/版本迭代测试用例/v6.4.6/【数据建模】建表语句解析模式优化(#9787)","【数据建模】建表语句解析模式优化(#15331)","验证数据标准和sql的长度信息不一致时，字段解析正确","【数据标准-标准映射】里已有字段映射：
中文名称：地址；英文名称：address；英文缩写：address；数据类型：字符型；数据长度：&lt;=200","1. 进入【数据模型-建表】页面
2. 点击【新建表】按钮
3. 正确配置基础信息，配置表名：test3，表中文名：测试3
点击【下一步】按钮
4. 输入建表sql语句：
CREATE TABLE test3(
address VARCHAR (256) COMMENT '学生住址'
);
5. 点击【解析】按钮
6. 点击【生成建表语句】按钮
7. 点击【建表】按钮
8. 切换至【元数据-数据地图】页面，查找该数据表test3，中文名：测试3
9. 查看该表字段address的长度信息","1. 页面正常打开
2. 进入【基础信息】配置页面
3. 进入【表结构】页面
4. 输入成功
5. 成功解析，右边显示：
中文名：学生地址；
字段名：address；
数据类型：VARCHAR；
所属标准：地址；
字符长度：256
6. 弹出【建表语句】弹窗
7. 建表成功
8. 成功查询，进入表详情-表结构
9. 显示字段最大长度：256","1. 
2. 
3. 
4. 
5. 
6. 
7. 
8. 
9.","","1","功能测试","功能测试阶段","正常","0","2","9","通过","听筠","2025-12-15","听筠","2025-12-29","2","",""
"170808","数据资产_STD(#23)","/版本迭代测试用例/v6.4.6/【数据建模】建表语句解析模式优化(#9787)","【数据建模】建表语句解析模式优化(#15331)","验证数据标准和sql的精度信息不一致时，字段解析正确","【数据标准-标准映射】里已有字段映射：
中文名称：数量；英文名称：amount；英文缩写：amount；数据类型：字符型；数据精度：18/2","1. 进入【数据模型-建表】页面
2. 点击【新建表】按钮
3. 正确配置基础信息，配置表名：test2，表中文名：测试2
点击【下一步】按钮
4. 输入建表sql语句：
CREATE TABLE test2(
amount DECIMAL (20,2) COMMENT '学生数量'
);
5. 点击【解析】按钮
6. 点击【生成建表语句】按钮
7. 点击【建表】按钮
8. 切换至【元数据-数据地图】页面，查找该数据表test2，中文名：测试2
9. 查看该表字段amount的精度信息","1. 页面正常打开
2. 进入【基础信息】配置页面
3. 进入【表结构】页面
4. 输入成功
5. 成功解析，右边显示：
中文名：学生数量；
字段名：amount；
数据类型：DECIMAL；
所属标准：数量；
数值长度：20；
字段精度：2
6. 弹出【建表语句】弹窗
7. 建表成功
8. 成功查询，进入表详情-表结构
9. 显示字段数据精度：20/2","1. 
2. 
3. 
4. 
5. 
6. 
7. 
8. 
9.","","1","功能测试","功能测试阶段","正常","0","2","9","通过","听筠","2025-12-15","听筠","2025-12-29","2","",""
"170807","数据资产_STD(#23)","/版本迭代测试用例/v6.4.6/【数据建模】建表语句解析模式优化(#9787)","【数据建模】建表语句解析模式优化(#15331)","验证数据标准和sql的数据类型不一致时，字段解析正确","【数据标准-标准映射】里已有字段映射：
中文名称：姓名；英文名称：name；英文缩写：name；数据类型：字符型","1. 进入【数据模型-建表】页面
2. 点击【新建表】按钮
3. 正确配置基础信息，配置表名：test1，表中文名：测试1
点击【下一步】按钮
4. 点击【建表语句模式】tab按钮
5. 输入建表sql语句：
CREATE TABLE test1(
name INT  COMMENT '学生姓名'
);
6. 点击【解析】按钮
7. 点击【生成建表语句】按钮
8. 点击【建表】按钮
9. 切换至【元数据-数据地图】页面，查找该数据表test1，中文名：测试1
10. 查看该表字段name的数据类型","1. 页面正常打开
2. 进入【基础信息】配置页面
3. 进入【表结构】页面
4. 显示建表语句页面；
左边为【建表语句输入】区域、【解析】按钮；
右边为语句解析结果展示列表，包含：中文名、字段名、数据类型、所属标准、分区字段、操作
5. 输入成功
6. 成功解析，右边显示：
中文名：学生姓名；
字段名：name；
数据类型：INT；
所属标准：姓名
7. 弹出【建表语句】弹窗
8. 建表成功
9. 成功查询，进入表详情-表结构
10. 显示字段数据类型：INT","1. 
2. 
3. 
4. 
5. 
6. 
7. 
8. 
9. 
10.","","1","功能测试","功能测试阶段","正常","0","2","10","通过","听筠","2025-12-15","听筠","2025-12-29","2","",""
"170806","数据资产_STD(#23)","/版本迭代测试用例/v6.4.6/【元数据】sparkthrift元数据同步优化(#9786)","【元数据】sparkthrift元数据同步优化(#15332)","验证编辑同步功能正确","1.【元数据-元数据同步-周期同步】tab页已打开
2.列表已有sparkthrift数据源 test，该数据源下有多张数据库、数据表，某个数据库下有20W+ 张数据表，其中数据库test1-->数据表test11已进行了周期同步，调度周期为“天”；
3.数据库test2-->数据表test21已进行了临时同步","1. 查看临时同步的数据源test-->数据库test2-->数据表test21 对应操作列
2. 查看周期同步的数据源test-->数据库test1-->数据表test11 对应操作列
3. 点击【编辑】按钮
4. 点击【临时同步】按钮
5. 等待同步完成，点击该数据源查看同步内容
6. 重新点击该周期同步的数据源test的【编辑】按钮
7. 点击【下一步】按钮
8. 修改调度周期为“周”，选择时间为“星期一”，具体时间为“00时00分”，点击【保存并立即执行】
9. 等待同步完成，点击该数据源查看同步内容
10. 每周查看该数据源同步情况","1. 【编辑】按钮置灰
2. 【编辑】按钮支持点击
3. 弹出【编辑周期同步任务】弹窗，数据回填正确；
【同步内容】页“选择数据”区域不支持更改
4. 1）提示：临时同步成功；
2）列表新增该数据源的同步内容；
3）调度周期显示为“--”；
4）同步状态显示为“同步中”；
5）最近一次实例状态显示为“同步中”
5. 同步内容正确
6. 弹出【编辑周期同步任务】弹窗，数据回填正确；
【同步内容】页“选择数据”区域不支持更改
7. 进入【调度配置】页面，数据回填正确
8. 1）提示：编辑周期同步任务成功；
2）列表新增该数据源的同步内容；
3）调度周期显示为“周”；
4）同步状态显示为“同步中”；
5）最近一次实例状态显示为“同步中”
9. 同步内容正确
10. 每周一00时00分后自动同步，同步内容正确","1. 
2. 
3. 
4. 
5. 
6. 
7. 
8. 
9. 
10.","","2","功能测试","功能测试阶段","正常","0","0","10","","听筠","2025-12-15","","0000-00-00","1","",""
"170805","数据资产_STD(#23)","/版本迭代测试用例/v6.4.6/【元数据】sparkthrift元数据同步优化(#9786)","【元数据】sparkthrift元数据同步优化(#15332)","验证周期同步数据正确","1.【元数据-元数据同步-周期同步】tab页已打开
2.已有sparkthrift数据源 test，该数据源下有多张数据库、数据表，某个数据库下有20W+ 张数据表，其中数据库test1-->数据表test11已进行了周期同步，调度周期为“天”","1. 查看列表数据源为test对应的调度周期、同步状态和最近一次实例状态
2. 点击数据源 test名称
3. 查看元数据同步内容","1. 调度周期为“天”，同步状态和最近一次实例状态显示为“同步完成”
2. 抽屉式展开数据源 test对应的详情，包括数据源名称、元数据同步范围、元数据同步内容
3. 同步内容正确","1. 
2. 
3.","","2","功能测试","功能测试阶段","正常","0","0","3","","听筠","2025-12-15","","0000-00-00","1","",""
"170804","数据资产_STD(#23)","/版本迭代测试用例/v6.4.6/【元数据】sparkthrift元数据同步优化(#9786)","【元数据】sparkthrift元数据同步优化(#15332)","验证临时同步数据正确","1.【元数据-元数据同步-周期同步】tab页已打开
2.已有sparkthrift数据源 test，该数据源下有多张数据库、数据表，某个数据库下有20W+ 张数据表，其中数据库test1-->数据表test11已进行了临时同步","1. 查看列表数据源为test对应的同步状态和最近一次实例状态
2. 点击数据源 test名称
3. 查看元数据临时同步内容","1. 都显示为“同步完成”
2. 抽屉式展开数据源 test对应的详情，包括数据源名称、元数据同步范围、元数据临时同步内容
3. 同步内容正确","1. 
2. 
3.","","2","功能测试","功能测试阶段","正常","0","0","3","","听筠","2025-12-15","","0000-00-00","1","",""
"170803","数据资产_STD(#23)","/版本迭代测试用例/v6.4.6/【元数据】sparkthrift元数据同步优化(#9786)","【元数据】sparkthrift元数据同步优化(#15332)","验证元数据周期同步功能","已有sparkthrift数据源 test，该数据源下有多张数据库、数据表，某个数据库下有20W+ 张数据表","1. 进入【元数据-元数据同步-周期同步】tab页
2. 点击【新增周期同步任务】按钮
3. 正确配置内容：
选择已有的sparkthrift数据源 test；
配置多条数据库、数据表；
选择【元数据同步内容】：全部内容
4. 点击【下一步】按钮
5. 正确配置调度属性，调度周期为“天”，具体时间为“00时00分”，点击【新增并立即执行】按钮
6. 等待同步完成，进入数据地图查看该数据表同步内容
7. 查看该数据源周期同步情况","1. 页面正常打开
2. 弹出【同步内容配置页面】
3. 配置成功
4. 进入【调度配置】页面
5. 1）提示：新增周期同步任务成功；
2）列表新增该数据源的同步内容；
3）调度周期显示为“天”；
4）同步状态显示为“同步中”；
5）最近一次实例状态显示为“同步中”
6. 同步成功，内容正确
7. 每天00时00分自动同步，内容正确","1. 
2. 
3. 
4. 
5. 
6. 
7.","","1","功能测试","功能测试阶段","正常","0","1","7","通过","听筠","2025-12-15","听筠","2025-12-16","2","",""
"170802","数据资产_STD(#23)","/版本迭代测试用例/v6.4.6/【元数据】sparkthrift元数据同步优化(#9786)","【元数据】sparkthrift元数据同步优化(#15332)","验证元数据临时同步功能","已有sparkthrift数据源 test，该数据源下有多张数据库、数据表，某个数据库下有20W+ 张数据表","1. 进入【元数据-元数据同步-周期同步】tab页
2. 点击【新增周期同步任务】按钮
3. 正确配置内容：
选择已有的sparkthrift数据源 test；
配置多条数据库、数据表；
选择【元数据同步内容】：全部内容
4. 点击【临时同步】按钮
5. 等待同步完成，进入数据地图查看该数据表同步内容","1. 页面正常打开
2. 弹出【同步内容配置页面】
3. 配置成功
4. 1）提示：临时同步成功；
2）列表新增该数据源的同步内容；
3）调度周期显示为“--”；
4）同步状态显示为“同步中”；
5）最近一次实例状态显示为“同步中”
5. 同步成功，内容正确","1. 
2. 
3. 
4. 
5.","","1","功能测试","功能测试阶段","正常","0","1","5","通过","听筠","2025-12-15","听筠","2025-12-16","2","",""
"170801","数据资产_STD(#23)","/版本迭代测试用例/v6.4.6/【元数据】sparkthrift元数据同步优化(#9786)","【元数据】sparkthrift元数据同步优化(#15332)","验证【元数据-元数据同步-周期同步】tab页详情","无","1. 进入【元数据-元数据同步】页面
2. 查看页面详情
3. 查看列表
4. 点击【新增周期同步任务】按钮
5. 点击【下一步】按钮","1. 页面正常打开，默认打开【周期同步】tab页
2. 1）显示【周期同步】、【实时同步】、【自动同步】tab；
2）数据源名称搜索框；
3）【新增周期同步任务】按钮；
4）数据源列表；
5）分页插件
3. 表头：数据源、数据库、数据表、调度周期、同步状态、最近一次实例状态、最近同步时间、操作
4. 1）弹出内容配置页面，显示需要同步的内容；
2）包含【取消】、【临时同步】、【下一步】按钮
5. 1）进入【调度配置】页面，支持设置调度周期
2）包含【取消】、【上一步】、【新增】、【新增并立即执行】按钮","1. 
2. 
3. 
4. 
5.","","3","功能测试","功能测试阶段","正常","0","1","5","通过","听筠","2025-12-15","","0000-00-00","1","",""
"170800","数据资产_STD(#23)","/版本迭代测试用例/v6.4.6/【数据质量】支持cron表达式设置调度周期(#9785)","【数据质量】调度支持设置cron表达式(#15201)","规则集 验证历史规则集实例生成调度周期正确","1.已进入【数据质量-规则任务配置】页面
2.存在历史数据","1. 选择某一历史规则集，点击【…-编辑】
2. 查看页面
3. 点击【调度周期】下拉框
4. 不改变内容，在配置时间后查看实例生成状态","1. 进入该数据的调度属性页面
2. 显示已配置的信息
3. 包含：小时、天、周、月、自定义调度日期、手动触发、自动关联离线任务周期、cron表达式；
已选项高亮显示
4. 成功在配置时间后生成并运行，校验详情正确","1. 
2. 
3. 
4.","","3","功能测试","功能测试阶段","正常","0","1","4","通过","听筠","2025-12-15","","0000-00-00","1","",""
"170799","数据资产_STD(#23)","/版本迭代测试用例/v6.4.6/【数据质量】支持cron表达式设置调度周期(#9785)","【数据质量】调度支持设置cron表达式(#15201)","规则集 验证编辑规则集调度周期设置为cron表达式功能正确","1.数据质量-规则任务配置页面已打开
2.页面存在规则集调度周期为 cron表达式","1. 点击某一规则集名称
2. 点击该规则集右上角【…】图标
3. 点击【编辑】按钮
4. 点击【下一步】按钮
5. 点击【调度周期】下拉框
6. 选择调度周期为 cron表达式
7. 输入5个表达式：（若当前时间为2025-12-05 09:00:00）
2025-12-05 09:10:00
2025-12-05 09:20:00
2025-12-05 09:30:00
2025-12-05 09:40:00
2025-12-05 09:50:00
点击【预览】按钮
8. 生效日期默认为2025-12-05-2125-12-05，正确配置其他属性
9. 点击【完成】按钮
10. 立即查看该规则集生成实例状态
11. 第二天09:10:00后查看实例生成和运行状态
12. 第二天09:20:00后查看实例生成和运行状态
13. 第二天09:30:00后查看实例生成和运行状态
14. 第二天09:40:00后查看实例生成和运行状态
15. 第二天09:50:00后查看实例生成和运行状态","1. 展开该规则集的详情，内容正确
2. 展示【立即执行】、【编辑】、【删除】按钮
3. 进入【编辑规则集-规则内容】页面，正确展示已导入的规则
4. 进入【编辑规则集-调度配置】页面
5. 新增cron表达式下拉项；
包含：小时、天、周、月、自定义调度日期、手动触发、自动关联离线任务周期、cron表达式；
已选项高亮显示
6. 下方弹出表达式填写框
7. 输入成功，预览正确
8. 成功配置
9. 修改监控规则集成功
10. 未立即生成
11. 1）实例成功生成并运行
2）校验结果符合预期
3）质量报告生成成功,内容正确
12. 1）实例成功生成并运行
2）校验结果符合预期
3）质量报告生成成功,内容正确
13. 1）实例成功生成并运行
2）校验结果符合预期
3）质量报告生成成功,内容正确
14. 1）实例成功生成并运行
2）校验结果符合预期
3）质量报告生成成功,内容正确
15. 1）实例成功生成并运行
2）校验结果符合预期
3）质量报告生成成功,内容正确","1. 
2. 
3. 
4. 
5. 
6. 
7. 
8. 
9. 
10. 
11. 
12. 
13. 
14. 
15.","","2","功能测试","功能测试阶段","正常","0","0","15","","听筠","2025-12-15","","0000-00-00","1","",""
"170798","数据资产_STD(#23)","/版本迭代测试用例/v6.4.6/【数据质量】支持cron表达式设置调度周期(#9785)","【数据质量】调度支持设置cron表达式(#15201)","规则集 验证设置cron表达式后编辑回填正确","1.已进入【数据质量-规则任务配置】页面
2.页面存在规则集调度周期为 cron表达式","1. 点击某一规则集名称
2. 点击该规则集右上角【…】图标
3. 点击【编辑】按钮
4. 点击【下一步】按钮
5. 查看页面详情
6. 查看【调度周期】处内容
7. 点击【预览】按钮","1. 展开该规则集的详情，内容正确
2. 展示【立即执行】、【编辑】、【删除】按钮
3. 进入【编辑规则集-规则内容】页面，正确展示已导入的规则
4. 进入【编辑规则集-调度配置】页面
5. 已配置的信息回填正确
6. 显示为 cron表达式，下方显示Cron表达式输入框；
尾部显示【预览】按钮
7. 弹出预览弹窗，正确显示已设置的日期","1. 
2. 
3. 
4. 
5. 
6. 
7.","","3","功能测试","功能测试阶段","正常","0","1","7","通过","听筠","2025-12-15","","0000-00-00","1","",""
"170797","数据资产_STD(#23)","/版本迭代测试用例/v6.4.6/【数据质量】支持cron表达式设置调度周期(#9785)","【数据质量】调度支持设置cron表达式(#15201)","规则集 验证新建规则集调度周期设置为cron表达式功能正确","1.数据质量-规则任务配置页面已打开
2.本地已存在内容正确的规则集可导入文件","1. 1）点击新建规则集，进入新建规则集-基础信息配置页面
2）正确配置基础信息，点击下一步，进入规则内容配置页面
3）正确导入规则文件，显示规则内容，点击下一步进入调度配置页面
2. 点击【调度周期】下拉框
3. 选择 cron表达式
4. 输入表达式：（若当前时间为2025-12-04）
0 0 10,14,16 * * ? 
点击【预览】按钮
5. 生效日期默认为2025-12-04-2125-12-04，正确配置其他属性
6. 点击【完成】按钮
7. 立即查看该规则集生成实例状态
8. 第二天10:00:00后查看实例生成和运行状态
9. 第二天14:00:00后查看实例生成和运行状态
10. 第二天16:00:00后查看实例生成和运行状态
11. 第二天17:00:00后查看实例生成和运行状态","1. 配置完成，调度配置页面正常打开
2. 包含选项 cron表达式
3. 下方弹出填写框
4. 输入成功，预览正确；
数据展示第二天开始每天10点、14点、16点执行
5. 成功配置
6. 新建监控规则集成功
7. 未立即生成
8. 1）实例成功生成并运行
2）校验结果符合预期
3）质量报告生成成功,内容正确
9. 1）实例成功生成并运行
2）校验结果符合预期
3）质量报告生成成功,内容正确
10. 1）实例成功生成并运行
2）校验结果符合预期
3）质量报告生成成功,内容正确
11. 未重新生成实例","1. 
2. 
3. 
4. 
5. 
6. 
7. 
8. 未按时生成实例
9. 
10. 
11.","","2","功能测试","功能测试阶段","正常","1","1","11","失败","听筠","2025-12-15","听筠","2025-12-23","2","",""
"170796","数据资产_STD(#23)","/版本迭代测试用例/v6.4.6/【数据质量】支持cron表达式设置调度周期(#9785)","【数据质量】调度支持设置cron表达式(#15201)","多表校验 验证历史多表校验实例生成调度周期正确","1.已进入【数据质量-规则任务配置】页面
2.存在历史数据","1. 选择某一历史多表对比，点击【编辑调度属性】
2. 查看页面
3. 点击【调度周期】下拉框
4. 不改变内容，在配置时间后查看实例生成状态","1. 进入该数据的调度属性页面
2. 显示已配置的信息
3. 包含：小时、天、周、月、自定义调度日期、手动触发、自动关联离线任务周期、cron表达式；
已选项高亮显示
4. 成功在配置时间后生成并运行，校验详情正确","1. 
2. 
3. 
4.","","3","功能测试","功能测试阶段","正常","0","1","4","通过","听筠","2025-12-15","","0000-00-00","1","",""
"170795","数据资产_STD(#23)","/版本迭代测试用例/v6.4.6/【数据质量】支持cron表达式设置调度周期(#9785)","【数据质量】调度支持设置cron表达式(#15201)","多表校验 验证编辑多表校验调度周期设置为cron表达式功能正确","1.已进入【数据质量-规则任务配置】页面
2.页面存在多表比对规则","1. 点击某一多表比对规则名称
2. 点击【编辑调度属性】按钮
3. 点击【调度周期】下拉框
4. 选择调度周期为 cron表达式
5. 	
输入表达式：（若当前时间为2025-12-05）
0 15 08 * * ? 
点击【预览】按钮
6. 生效日期默认为2025-12-05-2125-12-05，正确配置其他属性
7. 点击【保存】按钮
8. 立即查看该规则生成实例状态
9. 第二天08:15:00后查看实例生成和运行状态
10. 第二天12:00:00查看实例生成和运行状态
11. 第三天08:15:00后查看实例生成和运行状态","1. 展开该规则的详情
2. 弹出【编辑调度属性】弹窗
3. 新增cron表达式下拉项；
包含：小时、天、周、月、自定义调度日期、手动触发、自动关联离线任务周期、cron表达式；
已选项高亮显示
4. 下方弹出表达式填写框
5. 输入成功；
预览结果为从第二天开始每天08:15:00执行，共10条数据
6. 成功配置
7. 修改监控规则成功
8. 未立即生成
9. 1）实例成功生成并运行
2）校验结果符合预期
3）质量报告生成成功,内容正确
10. 只在08:15:00生成一条实例，未重新生成
11. 1）实例成功生成并运行
2）校验结果符合预期
3）质量报告生成成功,内容正确","1. 
2. 
3. 
4. 
5. 
6. 
7. 
8. 
9. 
10. 
11.","","1","功能测试","功能测试阶段","正常","0","2","11","通过","听筠","2025-12-15","听筠","2025-12-22","2","",""
"170794","数据资产_STD(#23)","/版本迭代测试用例/v6.4.6/【数据质量】支持cron表达式设置调度周期(#9785)","【数据质量】调度支持设置cron表达式(#15201)","多表校验 验证设置cron表达式后编辑回填正确","1.已进入【数据质量-规则任务配置】页面
2.页面存在多表比对规则调度周期为 cron表达式","1. 点击某一多表比对规则名称
2. 点击【编辑调度属性】按钮
3. 查看弹窗详情
4. 查看【调度周期】处内容
5. 点击【预览】按钮","1. 展开该规则的详情，内容正确
2. 弹出【编辑调度属性】弹窗
3. 已配置的信息回填正确
4. 显示为 cron表达式，下方显示Cron表达式输入框；
尾部显示【预览】按钮
5. 弹出预览弹窗，正确显示已设置的日期","1. 
2. 
3. 
4. 
5.","","3","功能测试","功能测试阶段","正常","0","1","5","通过","听筠","2025-12-15","","0000-00-00","1","",""
"170793","数据资产_STD(#23)","/版本迭代测试用例/v6.4.6/【数据质量】支持cron表达式设置调度周期(#9785)","【数据质量】调度支持设置cron表达式(#15201)","多表校验 验证新建多表校验调度周期设置为cron表达式功能正确","已进入【数据质量-规则任务配置】页面","1. 1）点击新建监控规则，选择多表比对规则，进入新建多表比对规则-选择对比表页面；
2）正确配置对比表信息，点击下一步，进入选择字段页面；
3）正确选择字段，配置对比规则；
4）点击下一步进入执行配置页面
2. 点击【调度周期】下拉框
3. 选择 cron表达式
4. 输入表达式：（若当前时间为2025-12-04）
0 0/10 * * * ?
点击【预览】按钮
5. 生效日期默认为2025-12-04-2125-12-04，正确配置其他属性
6. 点击【新建】按钮
7. 立即查看该规则生成实例状态
8. 第二天10:10:00后查看实例生成和运行状态
9. 第二天10:20:00后查看实例生成和运行状态
10. 第二天10:30:00后查看实例生成和运行状态
11. 第二天10:40:00后查看实例生成和运行状态
12. 第二天10:50:00后查看实例生成和运行状态
13. 第二天11:00:00后查看实例生成和运行状态","1. 配置完成，执行配置页面正常打开
2. 包含选项 cron表达式
3. 下方弹出填写框
4. 输入成功
预览显示从第二天开始每天十点钟内间隔十分钟执行一次，共10条数据
5. 成功配置
6. 新建监控规则成功
7. 未立即生成
8. 1）实例成功生成并运行
2）校验结果符合预期
3）质量报告生成成功,内容正确
9. 1）实例成功生成并运行
2）校验结果符合预期
3）质量报告生成成功,内容正确
10. 1）实例成功生成并运行
2）校验结果符合预期
3）质量报告生成成功,内容正确
11. 1）实例成功生成并运行
2）校验结果符合预期
3）质量报告生成成功,内容正确
12. 1）实例成功生成并运行
2）校验结果符合预期
3）质量报告生成成功,内容正确
13. 未生成实例","1. 
2. 
3. 
4. 
5. 
6. 
7. 
8. 
9. 
10. 
11. 
12. 
13.","","1","功能测试","功能测试阶段","正常","0","3","13","通过","听筠","2025-12-15","听筠","2025-12-23","2","",""
"170792","数据资产_STD(#23)","/版本迭代测试用例/v6.4.6/【数据质量】支持cron表达式设置调度周期(#9785)","【数据质量】调度支持设置cron表达式(#15201)","单表校验 验证历史单表校验实例生成调度周期正确","1.已进入【数据质量-规则任务配置】页面
2.存在历史数据","1. 选择某一历史单表校验，点击【编辑调度属性】
2. 查看页面
3. 点击【调度周期】下拉框
4. 不改变内容，在配置时间后查看实例生成状态","1. 进入该数据的调度属性页面
2. 显示已配置的信息
3. 包含：小时、天、周、月、自定义调度日期、手动触发、自动关联离线任务周期、cron表达式；
已选项高亮显示
4. 成功在配置时间后生成并运行，校验详情正确","1. 
2. 
3. 
4.","","3","功能测试","功能测试阶段","正常","0","1","4","通过","听筠","2025-12-15","","0000-00-00","1","",""
"170791","数据资产_STD(#23)","/版本迭代测试用例/v6.4.6/【数据质量】支持cron表达式设置调度周期(#9785)","【数据质量】调度支持设置cron表达式(#15201)","单表校验 验证编辑单表校验调度周期设置为cron表达式功能正确","1.已进入【数据质量-规则任务配置】页面
2.页面存在单表校验规则","1. 点击某一单表校验规则名称
2. 点击【编辑调度属性】按钮
3. 点击【调度周期】下拉框
4. 选择调度周期为 cron表达式
5. 输入表达式：（若当前时间为2025-12-05）
0 15 08 * * ? 
点击【预览】按钮
6. 生效日期默认为2025-12-05-2125-12-05，正确配置其他属性
7. 点击【保存】按钮
8. 立即查看该规则生成实例状态
9. 第二天08:15:00后查看实例生成和运行状态
10. 第二天12:00:00查看实例生成和运行状态
11. 第三天08:15:00后查看实例生成和运行状态","1. 展开该规则的详情
2. 弹出【编辑调度属性】弹窗
3. 新增cron表达式下拉项；
包含：小时、天、周、月、自定义调度日期、手动触发、自动关联离线任务周期、cron表达式；
已选项高亮显示
4. 下方弹出表达式填写框
5. 输入成功；
预览结果为从第二天开始每天08:15:00执行，共10条数据
6. 成功配置
7. 修改监控规则成功
8. 未立即生成
9. 1）实例成功生成并运行
2）校验结果符合预期
3）质量报告生成成功,内容正确
10. 只在08:15:00生成一条实例，未重新生成
11. 1）实例成功生成并运行
2）校验结果符合预期
3）质量报告生成成功,内容正确","1. 
2. 
3. 
4. 
5. 
6. 
7. 
8. 
9. 
10. 
11.","","1","功能测试","功能测试阶段","正常","1","4","11","通过","听筠","2025-12-15","听筠","2025-12-22","2","",""
"170790","数据资产_STD(#23)","/版本迭代测试用例/v6.4.6/【数据质量】支持cron表达式设置调度周期(#9785)","【数据质量】调度支持设置cron表达式(#15201)","单表校验 验证设置cron表达式后编辑回填正确","1.已进入【数据质量-规则任务配置】页面
2.页面存在单表校验规则调度周期为 cron表达式","1. 点击某一单表校验规则名称
2. 点击【编辑调度属性】按钮
3. 查看弹窗详情
4. 查看【调度周期】处内容
5. 点击【预览】按钮","1. 展开该规则的详情，内容正确
2. 弹出【编辑调度属性】弹窗
3. 已配置的信息回填正确
4. 显示为 cron表达式，下方显示Cron表达式输入框；
尾部显示【预览】按钮
5. 弹出预览弹窗，正确显示已设置的日期","1. 
2. 
3. 
4. 
5.","","3","功能测试","功能测试阶段","正常","0","1","5","通过","听筠","2025-12-15","","0000-00-00","1","",""
"170789","数据资产_STD(#23)","/版本迭代测试用例/v6.4.6/【数据质量】支持cron表达式设置调度周期(#9785)","【数据质量】调度支持设置cron表达式(#15201)","单表校验 验证新建单表校验调度周期设置为cron表达式功能正确","已进入【数据质量-规则任务配置】页面","1. 1）点击新建监控规则，选择单表校验规则，进入新建监控规则-监控对象配置页面；
2）正确配置监控对象信息，点击下一步，进入监控规则配置页面；
3）正确配置监控规则：完整性、唯一性、有效性、准确性校验；
4）点击下一步进入调度属性配置页面
2. 点击【调度周期】下拉框
3. 选择cron表达式
4. 输入表达式：（若当前时间为2025-12-04）
0 0/10 * * * ?
点击【预览】按钮
5. 生效日期默认为2025-12-04-2125-12-04，正确配置其他属性
6. 点击【新建】按钮
7. 立即查看该规则生成实例状态
8. 第二天10:10:00后查看实例生成和运行状态
9. 第二天10:20:00后查看实例生成和运行状态
10. 第二天10:30:00后查看实例生成和运行状态
11. 第二天10:40:00后查看实例生成和运行状态
12. 第二天10:50:00后查看实例生成和运行状态
13. 第二天11:00:00后查看实例生成和运行状态","1. 配置完成，调度属性配置页面正常打开
2. 包含选项 cron表达式
3. 下方弹出填写框
4. 输入成功
预览显示从第二天开始每天十点钟内间隔十分钟执行一次，共10条数据
5. 成功配置
6. 新建监控规则成功
7. 未立即生成
8. 1）实例成功生成并运行
2）校验结果符合预期
3）质量报告生成成功,内容正确
9. 1）实例成功生成并运行
2）校验结果符合预期
3）质量报告生成成功,内容正确
10. 1）实例成功生成并运行
2）校验结果符合预期
3）质量报告生成成功,内容正确
11. 1）实例成功生成并运行
2）校验结果符合预期
3）质量报告生成成功,内容正确
12. 1）实例成功生成并运行
2）校验结果符合预期
3）质量报告生成成功,内容正确
13. 未生成实例","1. 
2. 
3. 
4. 
5. 
6. 
7. 
8. 
9. 
10. 
11. 
12. 
13.","","1","功能测试","功能测试阶段","正常","0","5","13","通过","听筠","2025-12-15","听筠","2026-02-06","2","",""
"170788","数据资产_STD(#23)","/版本迭代测试用例/v6.4.6/【数据质量】支持cron表达式设置调度周期(#9785)","【数据质量】调度支持设置cron表达式(#15201)","验证 生效日期正确","已进入【数据质量-规则任务配置-调度属性配置】页面","1. 点击【调度周期】下拉框，选择cron表达式
2. 输入表达式：（当前时间为2025-12-04）
0 0/30 * * * ? 
3. 回车或失焦
4. 查看生效日期
5. 点击日历图标","1. 下方弹出填写框
2. 输入成功
3. 成功选择cron表达式，内容保存成功
4. 默认当前日期-100年后的当前日期：
2025-12-04——2125-12-04
5. 支持更改日期","1. 
2. 
3. 
4. 
5.","","3","功能测试","功能测试阶段","正常","0","1","5","通过","听筠","2025-12-15","听筠","2025-12-23","2","",""
"170787","数据资产_STD(#23)","/版本迭代测试用例/v6.4.6/【数据质量】支持cron表达式设置调度周期(#9785)","【数据质量】调度支持设置cron表达式(#15201)","验证弹窗展示表达式个数限制","已进入【数据质量-规则任务配置-调度属性配置】页面","1. 点击【调度周期】下拉框，选择cron表达式
2. 输入表达式：
0 0 10,14,16 * * ? 
3. 点击【预览】按钮
4. 输入2个表达式：
0 0 10,14,16 * * ? ;0 0/30 9-17 * * ?
5. 点击【预览】按钮
6. 点击【新建】按钮","1. 下方弹出填写框
2. 输入成功
3. 弹出预览弹窗，展示10条数据
4. 输入成功
5. 弹出预览弹窗，无内容
6. 提示表达式不合法","1. 
2. 
3. 
4. 
5. 
6.","","3","功能测试","功能测试阶段","正常","0","1","6","通过","听筠","2025-12-15","听筠","2025-12-23","2","",""
"170786","数据资产_STD(#23)","/版本迭代测试用例/v6.4.6/【数据质量】支持cron表达式设置调度周期(#9785)","【数据质量】调度支持设置cron表达式(#15201)","验证预览 cron表达式正确","已进入【数据质量-规则任务配置-调度属性配置】页面","1. 点击【调度周期】下拉框，选择cron表达式
2. 输入两个非法表达式：2025-12-04
点击【预览】
3. 点击【新建】按钮
4. 输入合法表达式：0 0 10,14,16 * * ? 
5. 点击【预览】按钮
6. 查看预览弹窗详情
7. 鼠标hover“？”
8. 点击【知道了】按钮","1. 下方弹出填写框
2. 没有内容
3. 提示cron表达式不合法
4. 输入成功
5. 弹出预览弹窗
6. 包含：
提示：！接下来的计划日期？；
内容：从第二天开始每天10点、14点、16点执行，共10行数据
【知道了】按钮
7. 提示：最多10个
8. 弹窗关闭，表达式内容正确保存","1. 
2. 
3. 
4. 
5. 
6. 
7. 
8.","","2","功能测试","功能测试阶段","正常","0","1","8","通过","听筠","2025-12-15","听筠","2025-12-23","2","",""
"170785","数据资产_STD(#23)","/版本迭代测试用例/v6.4.6/【数据质量】支持cron表达式设置调度周期(#9785)","【数据质量】调度支持设置cron表达式(#15201)","验证【cron表达式】详情","无","1. 进入【数据质量-规则任务配置-调度属性配置】页面
2. 点击【调度周期】下拉框
3. 选择cron表达式","1. 调度属性配置页面正常打开
2. 新增cron表达式下拉项；
包含：小时、天、周、月、自定义调度日期、手动触发、自动关联离线任务周期、cron表达式；
已选项高亮显示
3. 下方弹出表达式填写框，占位符：请输入Cron表达式；
尾部显示【预览】按钮","1. 
2. 
3.","","1","功能测试","功能测试阶段","正常","0","5","3","通过","听筠","2025-12-15","听筠","2026-02-06","1","",""
"170784","数据资产_STD(#23)","/版本迭代测试用例/v6.4.6/【数据质量】支持cron表达式设置调度周期(#9785)","【数据质量】调度支持设置cron表达式(#15201)","验证【调度属性配置】页面详情","无","1. 进入【数据质量-规则任务配置-调度属性配置】页面
2. 查看页面展示
3. 查看[调度配置]、[告警配置]区域详情
4. 查看字段录入域默认值","1. 调度属性配置页面正常打开
2. 包含[调度配置]、[告警配置]区域；
【上一步】、【新建】按钮
3. [调度配置]区域：调度周期、生效日期、具体时间、规则拼接包 信息录入域
[告警配置]区域：告警方式、任务关联 信息录入域
4. 调度周期：天；
生效日期：当前日期-100年后的当前日期；
具体时间：00时00分；
规则拼接包：1","1. 
2. 
3. 
4.","","3","功能测试","功能测试阶段","正常","0","1","4","通过","听筠","2025-12-15","","0000-00-00","1","",""
"170783","数据资产_STD(#23)","/版本迭代测试用例/v6.4.6/【gate二期】支持跨源做行数对比(#9776)","","数据质量/多表对比 验证跨源-分区表对比正确","1. 已存在Doris/hive数据源 分别为Doris/Hjve
2. 公共配置全局参数${year} = ’2025‘
3. 数据源下分别存在分区表如下：
doris:
CREATE TABLE IF NOT EXISTS example_db.composite_partitioned_table (
id            BIGINT,
name          VARCHAR(50),
age           INT,
salary        DOUBLE,
hire_date     DATE,
department_id INT
)
-- 只使用一级分区：按时间分区
PARTITION BY RANGE (hire_date) (
PARTITION p2024 VALUES LESS THAN (“2025-01-01“),
PARTITION p2025 VALUES LESS THAN (“2026-01-01“)
)
DISTRIBUTED BY HASH (id) BUCKETS 10
PROPERTIES (
“replication_num“ = “3“
);

INSERT INTO composite_partitioned_table VALUES
(1, &#039;张三&#039;, 25, 15000.00, &#039;2024-06-15&#039;, 101),  -- p2024
(2, &#039;李四&#039;, 28, 18000.00, &#039;2025-03-20&#039;, 102);  --p2025


hive:
CREATE TABLE employees_partitioned ( id INT, name STRING, age INT ) PARTITIONED BY (year STRING);

# 插入3条数据 INSERT INTO employees_partitioned PARTITION(year=&#039;2023&#039;) VALUES(1,&#039;test1&#039;,11); INSERT INTO employees_partitioned PARTITION(year=&#039;2024&#039;) VALUES(2,&#039;test2&#039;,12); INSERT INTO employees_partitioned PARTITION(year=&#039;2025&#039;) VALUES(3,&#039;test3&#039;,13);","1. 新建「多表比对-跨源」，【主表】-  【数据源】 选择Doris  【数据库】选择database_doris  【选择左侧表】 table  【输入分区】 -SELECT * FROM example_db.composite_partitioned_tablePARTITION (p2024); 【全局参数】无  【过滤条件】 无【对照表】-  【数据源】 选择Hive  【数据库】选择database_hive  【选择左侧表】 table  【输入分区】 -手动分区(partition = ${year})  【全局参数】无  【过滤条件】 age < 20【比对规则】 勾选【记录数数量差异】，设置为“2”
2. 点击下一步，输入必填信息，保存
3. 立即运行，查看实例运行结果","1. 配置成功
2. 保存成功
3. 校验通过，主表记录数1，右表记录数3，差值百分比为200%","1. 
2. 
3.","","1","功能测试","功能测试阶段","正常","0","2","3","通过","可颂","2025-12-15","可颂","2025-12-15","1","",""
"170782","数据资产_STD(#23)","/版本迭代测试用例/v6.4.6/【gate二期】支持跨源做行数对比(#9776)","","数据质量/多表对比 验证跨源-其他类型数据源/PostgreSQL-自定义sql功能","数据源类型：Doris、mysql、oracle、starroks、hive、clickhouse、oceanbase、PostgreSQL


建表语句
CREATE TABLE  table1 (
id INT COMMENT ,
name VARCHAR(50) ,
age int
);
-- 向 table1 表插入3 条数据
INSERT INTO table1 VALUES
(1, &#039;张三&#039;, 11),
(2, &#039;张三2&#039;, 12),
(3, &#039;张三3&#039;, 13),
(4, &#039;张三4&#039;, 14),
(5, &#039;张三5&#039;, 15)


${datasource}的table2有id、name、age三个字段，有数据：
(1, &#039;张三&#039;, 11),
(2, &#039;张三2&#039;, 12),
(3, &#039;张三3&#039;, 13),
(4, &#039;张三4&#039;, 14),
(5, &#039;张三5&#039;, 15),
(6, &#039;张三6&#039;, 16),
(7, &#039;张三7&#039;, 17),
(8, &#039;张三8&#039;, 18),
(9, &#039;张三9&#039;, 19),
(10, &#039;张三10&#039;, 20);","1. 新建「多表比对-跨源比对」，【主表】-  【数据源】 选择&{datasource}  【数据库】选择&{database}   【选择左侧表】自定义sql：select * from table2 where age >=15【输入分区】 无  【全局参数】无  【过滤条件】 无【对照表】-  【数据源】 选择pgsql数据源【数据库】选择pgsql数据库【选择左侧表】自定义sql：select * from table1 where age >=12 【输入分区】 无  【全局参数】无  【过滤条件】 id <= 5不勾选对比规则
2. 点击下一步，输入必填信息，保存
3. 立即运行，查看实例运行结果
4. 编辑规则
5. 【比对规则】 勾选【记录数百分比差异】，设置为“100%”
6. 立即运行，查看实例运行结果
7. 编辑规则
8. 【记录数百分比差异】，修改设置为“10%”，点击下一步，保存
9. 立即运行，查看实例运行结果
10. 编辑规则
11. 【比对规则】 只勾选【记录数数量差异】，设置为“2”
12. 点击下一步，输入必填信息，保存
13. 立即运行，查看实例运行结果
14. 编辑规则
15. 【记录数数量差异】，设置为“1”，点击下一步，保存
16. 立即运行，查看实例运行结果","1. 配置成功
2. 保存成功
3. 校验不通过，脏数据表生成成功，脏数据记录正确
4. 成功进入编辑页面
5. 保存成功
6. 校验通过
7. 成功进入编辑页面
8. 保存成功
9. 校验不通过，脏数据表生成成功，脏数据记录正确
10. 成功进入编辑页面
11. 规则配置正确
12. 保存成功
13. 校验通过
14. 成功进入编辑页面
15. 保存成功
16. 校验不通过，脏数据表生成成功，脏数据记录正确","1. 
2. 
3. 
4. 
5. 
6. 
7. 
8. 
9. 
10. 
11. 
12. 
13. 
14. 
15. 
16.","","2","功能测试","功能测试阶段","正常","0","1","16","通过","可颂","2025-12-15","","0000-00-00","1","",""
"170781","数据资产_STD(#23)","/版本迭代测试用例/v6.4.6/【gate二期】支持跨源做行数对比(#9776)","","数据质量/多表对比 验证跨源-其他类型数据源/oceanbase-自定义sql功能","数据源类型：Doris、mysql、oracle、starroks、hive、clickhouse、oceanbase、PostgreSQL
建表语句
CREATE TABLE  table1 (
id INT COMMENT ,
name VARCHAR(50) ,
age int
);
-- 向 table1 表插入3 条数据
INSERT INTO table1 VALUES
(1, &#039;张三&#039;, 11),
(2, &#039;张三2&#039;, 12),
(3, &#039;张三3&#039;, 13),
(4, &#039;张三4&#039;, 14),
(5, &#039;张三5&#039;, 15)
${datasource}的table2有id、name、age三个字段，有数据：
(1, &#039;张三&#039;, 11),
(2, &#039;张三2&#039;, 12),
(3, &#039;张三3&#039;, 13),
(4, &#039;张三4&#039;, 14),
(5, &#039;张三5&#039;, 15),
(6, &#039;张三6&#039;, 16),
(7, &#039;张三7&#039;, 17),
(8, &#039;张三8&#039;, 18),
(9, &#039;张三9&#039;, 19),
(10, &#039;张三10&#039;, 20);","1. 新建「多表比对-跨源比对」，【主表】-  【数据源】 选择&{datasource}  【数据库】选择&{database}   【选择左侧表】自定义sql：select * from table2 where age >=15【输入分区】 无  【全局参数】无  【过滤条件】 无【对照表】-  【数据源】 选择oceanbase数据源【数据库】选择oceanbase数据库【选择左侧表】自定义sql：select * from table1 where age >=12 【输入分区】 无  【全局参数】无  【过滤条件】 id <= 5不勾选对比规则
2. 点击下一步，输入必填信息，保存
3. 立即运行，查看实例运行结果
4. 编辑规则
5. 【比对规则】 勾选【记录数百分比差异】，设置为“100%”
6. 立即运行，查看实例运行结果
7. 编辑规则
8. 【记录数百分比差异】，修改设置为“10%”，点击下一步，保存
9. 立即运行，查看实例运行结果
10. 编辑规则
11. 【比对规则】 只勾选【记录数数量差异】，设置为“2”
12. 点击下一步，输入必填信息，保存
13. 立即运行，查看实例运行结果
14. 编辑规则
15. 【记录数数量差异】，设置为“1”，点击下一步，保存
16. 立即运行，查看实例运行结果","1. 配置成功
2. 保存成功
3. 校验不通过，脏数据表生成成功，脏数据记录正确
4. 成功进入编辑页面
5. 保存成功
6. 校验通过
7. 成功进入编辑页面
8. 保存成功
9. 校验不通过，脏数据表生成成功，脏数据记录正确
10. 成功进入编辑页面
11. 规则配置正确
12. 保存成功
13. 校验通过
14. 成功进入编辑页面
15. 保存成功
16. 校验不通过，脏数据表生成成功，脏数据记录正确","1. 
2. 
3. 
4. 
5. 
6. 
7. 
8. 
9. 
10. 
11. 
12. 
13. 
14. 
15. 
16.","","2","功能测试","功能测试阶段","正常","0","1","16","失败","可颂","2025-12-15","旺仔","2025-12-27","1","",""
"170780","数据资产_STD(#23)","/版本迭代测试用例/v6.4.6/【gate二期】支持跨源做行数对比(#9776)","","数据质量/多表对比 验证跨源-其他类型数据源/clickhouse-自定义sql功能","数据源类型：Doris、mysql、oracle、starroks、hive、clickhouse、oceanbase、PostgreSQL


建表语句
CREATE TABLE  table1 (
id INT COMMENT ,
name VARCHAR(50) ,
age int
);
-- 向 table1 表插入3 条数据
INSERT INTO table1 VALUES
(1, &#039;张三&#039;, 11),
(2, &#039;张三2&#039;, 12),
(3, &#039;张三3&#039;, 13),
(4, &#039;张三4&#039;, 14),
(5, &#039;张三5&#039;, 15)


${datasource}的table2有id、name、age三个字段，有数据：
(1, &#039;张三&#039;, 11),
(2, &#039;张三2&#039;, 12),
(3, &#039;张三3&#039;, 13),
(4, &#039;张三4&#039;, 14),
(5, &#039;张三5&#039;, 15),
(6, &#039;张三6&#039;, 16),
(7, &#039;张三7&#039;, 17),
(8, &#039;张三8&#039;, 18),
(9, &#039;张三9&#039;, 19),
(10, &#039;张三10&#039;, 20);","1. 新建「多表比对-跨源比对」，【主表】-  【数据源】 选择&{datasource}  【数据库】选择&{database}   【选择左侧表】自定义sql：select * from table2 where age >=15【输入分区】 无  【全局参数】无  【过滤条件】 无【对照表】-  【数据源】 选择clickhouse数据源【数据库】选择clickhouse数据库【选择左侧表】自定义sql：select * from table1 where age >=12 【输入分区】 无  【全局参数】无  【过滤条件】 id <= 5不勾选对比规则
2. 点击下一步，输入必填信息，保存
3. 立即运行，查看实例运行结果
4. 编辑规则
5. 【比对规则】 勾选【记录数百分比差异】，设置为“100%”
6. 立即运行，查看实例运行结果
7. 编辑规则
8. 【记录数百分比差异】，修改设置为“10%”，点击下一步，保存
9. 立即运行，查看实例运行结果
10. 编辑规则
11. 【比对规则】 只勾选【记录数数量差异】，设置为“2”
12. 点击下一步，输入必填信息，保存
13. 立即运行，查看实例运行结果
14. 编辑规则
15. 【记录数数量差异】，设置为“1”，点击下一步，保存
16. 立即运行，查看实例运行结果","1. 配置成功
2. 保存成功
3. 校验不通过，脏数据表生成成功，脏数据记录正确
4. 成功进入编辑页面
5. 保存成功
6. 校验通过
7. 成功进入编辑页面
8. 保存成功
9. 校验不通过，脏数据表生成成功，脏数据记录正确
10. 成功进入编辑页面
11. 规则配置正确
12. 保存成功
13. 校验通过
14. 成功进入编辑页面
15. 保存成功
16. 校验不通过，脏数据表生成成功，脏数据记录正确","1. 
2. 
3. 
4. 
5. 
6. 
7. 
8. 
9. 
10. 
11. 
12. 
13. 
14. 
15. 
16.","","2","功能测试","功能测试阶段","正常","0","1","16","通过","可颂","2025-12-15","","0000-00-00","1","",""
"170779","数据资产_STD(#23)","/版本迭代测试用例/v6.4.6/【gate二期】支持跨源做行数对比(#9776)","","数据质量/多表对比 验证跨源-其他类型数据源/starroks-自定义sql功能","数据源类型：Doris、mysql、oracle、starroks、hive、clickhouse、oceanbase、PostgreSQL


建表语句
CREATE TABLE  table1 (
id INT COMMENT ,
name VARCHAR(50) ,
age int
);
-- 向 table1 表插入3 条数据
INSERT INTO table1 VALUES
(1, &#039;张三&#039;, 11),
(2, &#039;张三2&#039;, 12),
(3, &#039;张三3&#039;, 13),
(4, &#039;张三4&#039;, 14),
(5, &#039;张三5&#039;, 15)


${datasource}的table2有id、name、age三个字段，有数据：
(1, &#039;张三&#039;, 11),
(2, &#039;张三2&#039;, 12),
(3, &#039;张三3&#039;, 13),
(4, &#039;张三4&#039;, 14),
(5, &#039;张三5&#039;, 15),
(6, &#039;张三6&#039;, 16),
(7, &#039;张三7&#039;, 17),
(8, &#039;张三8&#039;, 18),
(9, &#039;张三9&#039;, 19),
(10, &#039;张三10&#039;, 20);","1. 新建「多表比对-跨源比对」，【主表】-  【数据源】 选择&{datasource}  【数据库】选择&{database}   【选择左侧表】自定义sql：select * from table2 where age >=15【输入分区】 无  【全局参数】无  【过滤条件】 无【对照表】-  【数据源】 选择starrocks数据源【数据库】选择starrocks数据库【选择左侧表】自定义sql：select * from table1 where age >=12 【输入分区】 无  【全局参数】无  【过滤条件】 id <= 5不勾选对比规则
2. 点击下一步，输入必填信息，保存
3. 立即运行，查看实例运行结果
4. 编辑规则
5. 【比对规则】 勾选【记录数百分比差异】，设置为“100%”
6. 立即运行，查看实例运行结果
7. 编辑规则
8. 【记录数百分比差异】，修改设置为“10%”，点击下一步，保存
9. 立即运行，查看实例运行结果
10. 编辑规则
11. 【比对规则】 只勾选【记录数数量差异】，设置为“2”
12. 点击下一步，输入必填信息，保存
13. 立即运行，查看实例运行结果
14. 编辑规则
15. 【记录数数量差异】，设置为“1”，点击下一步，保存
16. 立即运行，查看实例运行结果","1. 配置成功
2. 保存成功
3. 校验不通过，脏数据表生成成功，脏数据记录正确
4. 成功进入编辑页面
5. 保存成功
6. 校验通过
7. 成功进入编辑页面
8. 保存成功
9. 校验不通过，脏数据表生成成功，脏数据记录正确
10. 成功进入编辑页面
11. 规则配置正确
12. 保存成功
13. 校验通过
14. 成功进入编辑页面
15. 保存成功
16. 校验不通过，脏数据表生成成功，脏数据记录正确","1. 
2. 
3. 
4. 
5. 
6. 
7. 
8. 
9. 
10. 
11. 
12. 
13. 
14. 
15. 
16.","","2","功能测试","功能测试阶段","正常","0","1","16","通过","可颂","2025-12-15","","0000-00-00","1","",""
"170778","数据资产_STD(#23)","/版本迭代测试用例/v6.4.6/【gate二期】支持跨源做行数对比(#9776)","","数据质量/多表对比 验证跨源-其他类型数据源/oracle-自定义sql功能","数据源类型：Doris、mysql、oracle、starroks、hive、clickhouse、oceanbase、PostgreSQL
建表语句
CREATE TABLE  table1 (
id INT COMMENT ,
name VARCHAR(50) ,
age int
);
-- 向 table1 表插入3 条数据
INSERT INTO table1 VALUES
(1, &#039;张三&#039;, 11),
(2, &#039;张三2&#039;, 12),
(3, &#039;张三3&#039;, 13),
(4, &#039;张三4&#039;, 14),
(5, &#039;张三5&#039;, 15)
${datasource}的table2有id、name、age三个字段，有数据：
(1, &#039;张三&#039;, 11),
(2, &#039;张三2&#039;, 12),
(3, &#039;张三3&#039;, 13),
(4, &#039;张三4&#039;, 14),
(5, &#039;张三5&#039;, 15),
(6, &#039;张三6&#039;, 16),
(7, &#039;张三7&#039;, 17),
(8, &#039;张三8&#039;, 18),
(9, &#039;张三9&#039;, 19),
(10, &#039;张三10&#039;, 20);","1. 新建「多表比对-跨源比对」，【主表】-  【数据源】 选择&{datasource}  【数据库】选择&{database}   【选择左侧表】自定义sql：select * from table2 where age >=15【输入分区】 无  【全局参数】无  【过滤条件】 无【对照表】-  【数据源】 选择oracle数据源【数据库】选择oracle数据库【选择左侧表】自定义sql：select * from table1 where age >=12 【输入分区】 无  【全局参数】无  【过滤条件】 id <= 5不勾选对比规则
2. 点击下一步，输入必填信息，保存
3. 立即运行，查看实例运行结果
4. 编辑规则
5. 【比对规则】 勾选【记录数百分比差异】，设置为“100%”
6. 立即运行，查看实例运行结果
7. 编辑规则
8. 【记录数百分比差异】，修改设置为“10%”，点击下一步，保存
9. 立即运行，查看实例运行结果
10. 编辑规则
11. 【比对规则】 只勾选【记录数数量差异】，设置为“2”
12. 点击下一步，输入必填信息，保存
13. 立即运行，查看实例运行结果
14. 编辑规则
15. 【记录数数量差异】，设置为“1”，点击下一步，保存
16. 立即运行，查看实例运行结果","1. 配置成功
2. 保存成功
3. 校验不通过，脏数据表生成成功，脏数据记录正确
4. 成功进入编辑页面
5. 保存成功
6. 校验通过
7. 成功进入编辑页面
8. 保存成功
9. 校验不通过，脏数据表生成成功，脏数据记录正确
10. 成功进入编辑页面
11. 规则配置正确
12. 保存成功
13. 校验通过
14. 成功进入编辑页面
15. 保存成功
16. 校验不通过，脏数据表生成成功，脏数据记录正确","1. 
2. 
3. 
4. 
5. 
6. 
7. 
8. 
9. 
10. 
11. 
12. 
13. 
14. 
15. 
16.","","2","功能测试","功能测试阶段","正常","0","1","16","通过","可颂","2025-12-15","旺仔","2025-12-27","1","",""
"170777","数据资产_STD(#23)","/版本迭代测试用例/v6.4.6/【gate二期】支持跨源做行数对比(#9776)","","数据质量/多表对比 验证跨源-其他类型数据源/hive-自定义sql功能","数据源类型：Doris、mysql、oracle、starroks、hive、clickhouse、oceanbase、PostgreSQL


建表语句
CREATE TABLE  table1 (
id INT COMMENT ,
name VARCHAR(50) ,
age int
);
-- 向 table1 表插入3 条数据
INSERT INTO table1 VALUES
(1, &#039;张三&#039;, 11),
(2, &#039;张三2&#039;, 12),
(3, &#039;张三3&#039;, 13),
(4, &#039;张三4&#039;, 14),
(5, &#039;张三5&#039;, 15)


${datasource}的table2有id、name、age三个字段，有数据：
(1, &#039;张三&#039;, 11),
(2, &#039;张三2&#039;, 12),
(3, &#039;张三3&#039;, 13),
(4, &#039;张三4&#039;, 14),
(5, &#039;张三5&#039;, 15),
(6, &#039;张三6&#039;, 16),
(7, &#039;张三7&#039;, 17),
(8, &#039;张三8&#039;, 18),
(9, &#039;张三9&#039;, 19),
(10, &#039;张三10&#039;, 20);","1. 新建「多表比对-跨源比对」，【主表】-  【数据源】 选择&{datasource}  【数据库】选择&{database}   【选择左侧表】自定义sql：select * from table2 where age >=15【输入分区】 无  【全局参数】无  【过滤条件】 无【对照表】-  【数据源】 选择hive数据源【数据库】选择hive数据库【选择左侧表】自定义sql：select * from table1 where age >=12 【输入分区】 无  【全局参数】无  【过滤条件】 id <= 5不勾选对比规则
2. 点击下一步，输入必填信息，保存
3. 立即运行，查看实例运行结果
4. 编辑规则
5. 【比对规则】 勾选【记录数百分比差异】，设置为“100%”
6. 立即运行，查看实例运行结果
7. 编辑规则
8. 【记录数百分比差异】，修改设置为“10%”，点击下一步，保存
9. 立即运行，查看实例运行结果
10. 编辑规则
11. 【比对规则】 只勾选【记录数数量差异】，设置为“2”
12. 点击下一步，输入必填信息，保存
13. 立即运行，查看实例运行结果
14. 编辑规则
15. 【记录数数量差异】，设置为“1”，点击下一步，保存
16. 立即运行，查看实例运行结果","1. 配置成功
2. 保存成功
3. 校验不通过，脏数据表生成成功，脏数据记录正确
4. 成功进入编辑页面
5. 保存成功
6. 校验通过
7. 成功进入编辑页面
8. 保存成功
9. 校验不通过，脏数据表生成成功，脏数据记录正确
10. 成功进入编辑页面
11. 规则配置正确
12. 保存成功
13. 校验通过
14. 成功进入编辑页面
15. 保存成功
16. 校验不通过，脏数据表生成成功，脏数据记录正确","1. 
2. 
3. 
4. 
5. 
6. 
7. 
8. 
9. 
10. 
11. 
12. 
13. 
14. 
15. 
16.","","2","功能测试","功能测试阶段","正常","0","1","16","通过","可颂","2025-12-15","","0000-00-00","1","",""
"170776","数据资产_STD(#23)","/版本迭代测试用例/v6.4.6/【gate二期】支持跨源做行数对比(#9776)","","数据质量/多表对比 验证跨源-其他类型数据源/mysql-自定义sql功能","数据源类型：Doris、mysql、oracle、starroks、hive、clickhouse、oceanbase、PostgreSQL


建表语句
CREATE TABLE  table1 (
id INT COMMENT ,
name VARCHAR(50) ,
age int
);
-- 向 table1 表插入3 条数据
INSERT INTO table1 VALUES
(1, &#039;张三&#039;, 11),
(2, &#039;张三2&#039;, 12),
(3, &#039;张三3&#039;, 13),
(4, &#039;张三4&#039;, 14),
(5, &#039;张三5&#039;, 15)


${datasource}的table2有id、name、age三个字段，有数据：
(1, &#039;张三&#039;, 11),
(2, &#039;张三2&#039;, 12),
(3, &#039;张三3&#039;, 13),
(4, &#039;张三4&#039;, 14),
(5, &#039;张三5&#039;, 15),
(6, &#039;张三6&#039;, 16),
(7, &#039;张三7&#039;, 17),
(8, &#039;张三8&#039;, 18),
(9, &#039;张三9&#039;, 19),
(10, &#039;张三10&#039;, 20);","1. 新建「多表比对-跨源比对」，【主表】-  【数据源】 选择&{datasource}  【数据库】选择&{database}   【选择左侧表】自定义sql：select * from table2 where age >=15【输入分区】 无  【全局参数】无  【过滤条件】 无【对照表】-  【数据源】 选择mysql数据源【数据库】选择mysql数据库【选择左侧表】自定义sql：select * from table1 where age >=12 【输入分区】 无  【全局参数】无  【过滤条件】 id <= 5不勾选对比规则
2. 点击下一步，输入必填信息，保存
3. 立即运行，查看实例运行结果
4. 编辑规则
5. 【比对规则】 勾选【记录数百分比差异】，设置为“100%”
6. 立即运行，查看实例运行结果
7. 编辑规则
8. 【记录数百分比差异】，修改设置为“10%”，点击下一步，保存
9. 立即运行，查看实例运行结果
10. 编辑规则
11. 【比对规则】 只勾选【记录数数量差异】，设置为“2”
12. 点击下一步，输入必填信息，保存
13. 立即运行，查看实例运行结果
14. 编辑规则
15. 【记录数数量差异】，设置为“1”，点击下一步，保存
16. 立即运行，查看实例运行结果","1. 配置成功
2. 保存成功
3. 校验不通过，脏数据表生成成功，脏数据记录正确
4. 成功进入编辑页面
5. 保存成功
6. 校验通过
7. 成功进入编辑页面
8. 保存成功
9. 校验不通过，脏数据表生成成功，脏数据记录正确
10. 成功进入编辑页面
11. 规则配置正确
12. 保存成功
13. 校验通过
14. 成功进入编辑页面
15. 保存成功
16. 校验不通过，脏数据表生成成功，脏数据记录正确","1. 
2. 
3. 
4. 
5. 
6. 
7. 
8. 
9. 
10. 
11. 
12. 
13. 
14. 
15. 
16.","","2","功能测试","功能测试阶段","正常","0","1","16","通过","可颂","2025-12-15","","0000-00-00","1","",""
"170775","数据资产_STD(#23)","/版本迭代测试用例/v6.4.6/【gate二期】支持跨源做行数对比(#9776)","","数据质量/多表对比 验证跨源-其他类型数据源/doris-自定义sql功能","数据源类型：Doris、mysql、oracle、starroks、hive、clickhouse、oceanbase、PostgreSQL


建表语句
CREATE TABLE  table1 (
id INT COMMENT ,
name VARCHAR(50) ,
age int
);
-- 向 table1 表插入3 条数据
INSERT INTO table1 VALUES
(1, &#039;张三&#039;, 11),
(2, &#039;张三2&#039;, 12),
(3, &#039;张三3&#039;, 13),
(4, &#039;张三4&#039;, 14),
(5, &#039;张三5&#039;, 15)


${datasource}的table2有id、name、age三个字段，有数据：
(1, &#039;张三&#039;, 11),
(2, &#039;张三2&#039;, 12),
(3, &#039;张三3&#039;, 13),
(4, &#039;张三4&#039;, 14),
(5, &#039;张三5&#039;, 15),
(6, &#039;张三6&#039;, 16),
(7, &#039;张三7&#039;, 17),
(8, &#039;张三8&#039;, 18),
(9, &#039;张三9&#039;, 19),
(10, &#039;张三10&#039;, 20);","1. 新建「多表比对-跨源比对」，【主表】-  【数据源】 选择&{datasource}  【数据库】选择&{database}   【选择左侧表】自定义sql：select * from table2 where age >=15【输入分区】 无  【全局参数】无  【过滤条件】 无【对照表】-  【数据源】 选择doris数据源【数据库】选择doris数据库【选择左侧表】自定义sql：select * from table1 where age >=12 【输入分区】 无  【全局参数】无  【过滤条件】 id <= 5不勾选对比规则
2. 点击下一步，输入必填信息，保存
3. 立即运行，查看实例运行结果
4. 编辑规则
5. 【比对规则】 勾选【记录数百分比差异】，设置为“100%”
6. 立即运行，查看实例运行结果
7. 编辑规则
8. 【记录数百分比差异】，修改设置为“10%”，点击下一步，保存
9. 立即运行，查看实例运行结果
10. 编辑规则
11. 【比对规则】 只勾选【记录数数量差异】，设置为“2”
12. 点击下一步，输入必填信息，保存
13. 立即运行，查看实例运行结果
14. 编辑规则
15. 【记录数数量差异】，设置为“1”，点击下一步，保存
16. 立即运行，查看实例运行结果","1. 配置成功
2. 保存成功
3. 校验不通过，脏数据表生成成功，脏数据记录正确
4. 成功进入编辑页面
5. 保存成功
6. 校验通过
7. 成功进入编辑页面
8. 保存成功
9. 校验不通过，脏数据表生成成功，脏数据记录正确
10. 成功进入编辑页面
11. 规则配置正确
12. 保存成功
13. 校验通过
14. 成功进入编辑页面
15. 保存成功
16. 校验不通过，脏数据表生成成功，脏数据记录正确","1. 
2. 
3. 
4. 
5. 
6. 
7. 
8. 
9. 
10. 
11. 
12. 
13. 
14. 
15. 
16.","","1","功能测试","功能测试阶段","正常","0","2","16","通过","可颂","2025-12-15","可颂","2025-12-15","1","",""
"170774","数据资产_STD(#23)","/版本迭代测试用例/v6.4.6/【gate二期】支持跨源做行数对比(#9776)","","数据质量/多表对比 验证跨源-PostgreSQL/其他类型数据源-自定义sql功能","数据源类型：Doris、mysql、oracle、starroks、hive、clickhouse、oceanbase、PostgreSQL
建表语句
CREATE TABLE  table1 (
id INT COMMENT ,
name VARCHAR(50) ,
age int
);
-- 向 table1 表插入3 条数据
INSERT INTO table1 VALUES
(1, &#039;张三&#039;, 11),
(2, &#039;张三2&#039;, 12),
(3, &#039;张三3&#039;, 13),
(4, &#039;张三4&#039;, 14),
(5, &#039;张三5&#039;, 15)
${datasource}的table2有id、name、age三个字段，有数据：
(1, &#039;张三&#039;, 11),
(2, &#039;张三2&#039;, 12),
(3, &#039;张三3&#039;, 13),
(4, &#039;张三4&#039;, 14),
(5, &#039;张三5&#039;, 15),
(6, &#039;张三6&#039;, 16),
(7, &#039;张三7&#039;, 17),
(8, &#039;张三8&#039;, 18),
(9, &#039;张三9&#039;, 19),
(10, &#039;张三10&#039;, 20);","1. 新建「多表比对-跨源比对」，【主表】-  【数据源】 选择pgsql数据源【数据库】选择pgsql数据库【选择左侧表】自定义sql：select * from table1 where age >=12 【输入分区】 无  【全局参数】无  【过滤条件】 id <= 5【对照表】-  【数据源】 选择&{datasource}  【数据库】选择&{database}   【选择左侧表】自定义sql：select * from table2 where age >=15【输入分区】 无  【全局参数】无  【过滤条件】 无不勾选对比规则
2. 点击下一步，输入必填信息，保存
3. 立即运行，查看实例运行结果
4. 编辑规则
5. 【比对规则】 勾选【记录数百分比差异】，设置为“100%”
6. 立即运行，查看实例运行结果
7. 编辑规则
8. 【记录数百分比差异】，修改设置为“10%”，点击下一步，保存
9. 立即运行，查看实例运行结果
10. 编辑规则
11. 【比对规则】 只勾选【记录数数量差异】，设置为“2”
12. 点击下一步，输入必填信息，保存
13. 立即运行，查看实例运行结果
14. 编辑规则
15. 【记录数数量差异】，设置为“1”，点击下一步，保存
16. 立即运行，查看实例运行结果","1. 配置成功
2. 保存成功
3. 校验不通过，脏数据表生成成功，脏数据记录正确
4. 成功进入编辑页面
5. 保存成功
6. 校验通过
7. 成功进入编辑页面
8. 保存成功
9. 校验不通过，脏数据表生成成功，脏数据记录正确
10. 成功进入编辑页面
11. 规则配置正确
12. 保存成功
13. 校验通过
14. 成功进入编辑页面
15. 保存成功
16. 校验不通过，脏数据表生成成功，脏数据记录正确","1. 
2. 
3. 
4. 
5. 
6. 
7. 
8. 
9. 
10. 
11. 
12. 
13. 
14. 
15. 
16.","","2","功能测试","功能测试阶段","正常","0","1","16","通过","可颂","2025-12-15","旺仔","2025-12-27","1","",""
"170773","数据资产_STD(#23)","/版本迭代测试用例/v6.4.6/【gate二期】支持跨源做行数对比(#9776)","","数据质量/多表对比 验证跨源-oceanbase/其他类型数据源-自定义sql功能","数据源类型：Doris、mysql、oracle、starroks、hive、clickhouse、oceanbase、PostgreSQL


建表语句
CREATE TABLE  table1 (
id INT COMMENT ,
name VARCHAR(50) ,
age int
);
-- 向 table1 表插入3 条数据
INSERT INTO table1 VALUES
(1, &#039;张三&#039;, 11),
(2, &#039;张三2&#039;, 12),
(3, &#039;张三3&#039;, 13),
(4, &#039;张三4&#039;, 14),
(5, &#039;张三5&#039;, 15)


${datasource}的table2有id、name、age三个字段，有数据：
(1, &#039;张三&#039;, 11),
(2, &#039;张三2&#039;, 12),
(3, &#039;张三3&#039;, 13),
(4, &#039;张三4&#039;, 14),
(5, &#039;张三5&#039;, 15),
(6, &#039;张三6&#039;, 16),
(7, &#039;张三7&#039;, 17),
(8, &#039;张三8&#039;, 18),
(9, &#039;张三9&#039;, 19),
(10, &#039;张三10&#039;, 20);","1. 新建「多表比对-跨源比对」，【主表】-  【数据源】 选择oceanbase数据源【数据库】选择oceanbase数据库【选择左侧表】自定义sql：select * from table1 where age >=12 【输入分区】 无  【全局参数】无  【过滤条件】 id <= 5【对照表】-  【数据源】 选择&{datasource}  【数据库】选择&{database}   【选择左侧表】自定义sql：select * from table2 where age >=15【输入分区】 无  【全局参数】无  【过滤条件】 无不勾选对比规则
2. 点击下一步，输入必填信息，保存
3. 立即运行，查看实例运行结果
4. 编辑规则
5. 【比对规则】 勾选【记录数百分比差异】，设置为“100%”
6. 立即运行，查看实例运行结果
7. 编辑规则
8. 【记录数百分比差异】，修改设置为“10%”，点击下一步，保存
9. 立即运行，查看实例运行结果
10. 编辑规则
11. 【比对规则】 只勾选【记录数数量差异】，设置为“2”
12. 点击下一步，输入必填信息，保存
13. 立即运行，查看实例运行结果
14. 编辑规则
15. 【记录数数量差异】，设置为“1”，点击下一步，保存
16. 立即运行，查看实例运行结果","1. 配置成功
2. 保存成功
3. 校验不通过，脏数据表生成成功，脏数据记录正确
4. 成功进入编辑页面
5. 保存成功
6. 校验通过
7. 成功进入编辑页面
8. 保存成功
9. 校验不通过，脏数据表生成成功，脏数据记录正确
10. 成功进入编辑页面
11. 规则配置正确
12. 保存成功
13. 校验通过
14. 成功进入编辑页面
15. 保存成功
16. 校验不通过，脏数据表生成成功，脏数据记录正确","1. 
2. 
3. 
4. 
5. 
6. 
7. 
8. 
9. 
10. 
11. 
12. 
13. 
14. 
15. 
16.","","2","功能测试","功能测试阶段","正常","0","1","16","失败","可颂","2025-12-15","","0000-00-00","1","",""
"170772","数据资产_STD(#23)","/版本迭代测试用例/v6.4.6/【gate二期】支持跨源做行数对比(#9776)","","数据质量/多表对比 验证跨源-clickhouse/其他类型数据源-自定义sql功能","数据源类型：Doris、mysql、oracle、starroks、hive、clickhouse、oceanbase、PostgreSQL
建表语句
CREATE TABLE  table1 (
id INT COMMENT ,
name VARCHAR(50) ,
age int
);
-- 向 table1 表插入3 条数据
INSERT INTO table1 VALUES
(1, &#039;张三&#039;, 11),
(2, &#039;张三2&#039;, 12),
(3, &#039;张三3&#039;, 13),
(4, &#039;张三4&#039;, 14),
(5, &#039;张三5&#039;, 15)
${datasource}的table2有id、name、age三个字段，有数据：
(1, &#039;张三&#039;, 11),
(2, &#039;张三2&#039;, 12),
(3, &#039;张三3&#039;, 13),
(4, &#039;张三4&#039;, 14),
(5, &#039;张三5&#039;, 15),
(6, &#039;张三6&#039;, 16),
(7, &#039;张三7&#039;, 17),
(8, &#039;张三8&#039;, 18),
(9, &#039;张三9&#039;, 19),
(10, &#039;张三10&#039;, 20);","1. 新建「多表比对-跨源比对」，【主表】-  【数据源】 选择clickhouse数据源【数据库】选择clickhouse数据库【选择左侧表】自定义sql：select * from table1 where age >=12 【输入分区】 无  【全局参数】无  【过滤条件】 id <= 5【对照表】-  【数据源】 选择&{datasource}  【数据库】选择&{database}   【选择左侧表】自定义sql：select * from table2 where age >=15【输入分区】 无  【全局参数】无  【过滤条件】 无不勾选对比规则
2. 点击下一步，输入必填信息，保存
3. 立即运行，查看实例运行结果
4. 编辑规则
5. 【比对规则】 勾选【记录数百分比差异】，设置为“100%”
6. 立即运行，查看实例运行结果
7. 编辑规则
8. 【记录数百分比差异】，修改设置为“10%”，点击下一步，保存
9. 立即运行，查看实例运行结果
10. 编辑规则
11. 【比对规则】 只勾选【记录数数量差异】，设置为“2”
12. 点击下一步，输入必填信息，保存
13. 立即运行，查看实例运行结果
14. 编辑规则
15. 【记录数数量差异】，设置为“1”，点击下一步，保存
16. 立即运行，查看实例运行结果","1. 配置成功
2. 保存成功
3. 校验不通过，脏数据表生成成功，脏数据记录正确
4. 成功进入编辑页面
5. 保存成功
6. 校验通过
7. 成功进入编辑页面
8. 保存成功
9. 校验不通过，脏数据表生成成功，脏数据记录正确
10. 成功进入编辑页面
11. 规则配置正确
12. 保存成功
13. 校验通过
14. 成功进入编辑页面
15. 保存成功
16. 校验不通过，脏数据表生成成功，脏数据记录正确","1. 
2. 
3. 
4. 
5. 
6. 
7. 
8. 
9. 
10. 
11. 
12. 
13. 
14. 
15. 
16.","","2","功能测试","功能测试阶段","正常","0","1","16","通过","可颂","2025-12-15","旺仔","2025-12-26","1","",""
"170771","数据资产_STD(#23)","/版本迭代测试用例/v6.4.6/【gate二期】支持跨源做行数对比(#9776)","","数据质量/多表对比 验证跨源-starroks/其他类型数据源-自定义sql功能","数据源类型：Doris、mysql、oracle、starroks、hive、clickhouse、oceanbase、PostgreSQL
建表语句
CREATE TABLE  table1 (
id INT COMMENT ,
name VARCHAR(50) ,
age int
);
-- 向 table1 表插入3 条数据
INSERT INTO table1 VALUES
(1, &#039;张三&#039;, 11),
(2, &#039;张三2&#039;, 12),
(3, &#039;张三3&#039;, 13),
(4, &#039;张三4&#039;, 14),
(5, &#039;张三5&#039;, 15)
${datasource}的table2有id、name、age三个字段，有数据：
(1, &#039;张三&#039;, 11),
(2, &#039;张三2&#039;, 12),
(3, &#039;张三3&#039;, 13),
(4, &#039;张三4&#039;, 14),
(5, &#039;张三5&#039;, 15),
(6, &#039;张三6&#039;, 16),
(7, &#039;张三7&#039;, 17),
(8, &#039;张三8&#039;, 18),
(9, &#039;张三9&#039;, 19),
(10, &#039;张三10&#039;, 20);","1. 新建「多表比对-跨源比对」，【主表】-  【数据源】 选择starrocks数据源【数据库】选择starrocks数据库【选择左侧表】自定义sql：select * from table1 where age >=12 【输入分区】 无  【全局参数】无  【过滤条件】 id <= 5【对照表】-  【数据源】 选择&{datasource}  【数据库】选择&{database}   【选择左侧表】自定义sql：select * from table2 where age >=15【输入分区】 无  【全局参数】无  【过滤条件】 无不勾选对比规则
2. 点击下一步，输入必填信息，保存
3. 立即运行，查看实例运行结果
4. 编辑规则
5. 【比对规则】 勾选【记录数百分比差异】，设置为“100%”
6. 立即运行，查看实例运行结果
7. 编辑规则
8. 【记录数百分比差异】，修改设置为“10%”，点击下一步，保存
9. 立即运行，查看实例运行结果
10. 编辑规则
11. 【比对规则】 只勾选【记录数数量差异】，设置为“2”
12. 点击下一步，输入必填信息，保存
13. 立即运行，查看实例运行结果
14. 编辑规则
15. 【记录数数量差异】，设置为“1”，点击下一步，保存
16. 立即运行，查看实例运行结果","1. 配置成功
2. 保存成功
3. 校验不通过，脏数据表生成成功，脏数据记录正确
4. 成功进入编辑页面
5. 保存成功
6. 校验通过
7. 成功进入编辑页面
8. 保存成功
9. 校验不通过，脏数据表生成成功，脏数据记录正确
10. 成功进入编辑页面
11. 规则配置正确
12. 保存成功
13. 校验通过
14. 成功进入编辑页面
15. 保存成功
16. 校验不通过，脏数据表生成成功，脏数据记录正确","1. 
2. 
3. 
4. 
5. 
6. 
7. 
8. 
9. 
10. 
11. 
12. 
13. 
14. 
15. 
16.","","2","功能测试","功能测试阶段","正常","0","1","16","通过","可颂","2025-12-15","旺仔","2025-12-26","1","",""
"170770","数据资产_STD(#23)","/版本迭代测试用例/v6.4.6/【gate二期】支持跨源做行数对比(#9776)","","数据质量/多表对比 验证跨源-oracle/其他类型数据源-自定义sql功能","数据源类型：Doris、mysql、oracle、starroks、hive、clickhouse、oceanbase、PostgreSQL


建表语句
CREATE TABLE  table1 (
id INT COMMENT ,
name VARCHAR(50) ,
age int
);
-- 向 table1 表插入3 条数据
INSERT INTO table1 VALUES
(1, &#039;张三&#039;, 11),
(2, &#039;张三2&#039;, 12),
(3, &#039;张三3&#039;, 13),
(4, &#039;张三4&#039;, 14),
(5, &#039;张三5&#039;, 15)


${datasource}的table2有id、name、age三个字段，有数据：
(1, &#039;张三&#039;, 11),
(2, &#039;张三2&#039;, 12),
(3, &#039;张三3&#039;, 13),
(4, &#039;张三4&#039;, 14),
(5, &#039;张三5&#039;, 15),
(6, &#039;张三6&#039;, 16),
(7, &#039;张三7&#039;, 17),
(8, &#039;张三8&#039;, 18),
(9, &#039;张三9&#039;, 19),
(10, &#039;张三10&#039;, 20);","1. 【主表】-  【数据源】 选择oracle数据源【数据库】选择oracle数据库【选择左侧表】自定义sql：select * from table1 where age >=12 【输入分区】 无  【全局参数】无  【过滤条件】 id <= 5【对照表】-  【数据源】 选择&{datasource}  【数据库】选择&{database}   【选择左侧表】自定义sql：select * from table2 where age >=15【输入分区】 无  【全局参数】无  【过滤条件】 无不勾选对比规则
2. 点击下一步，输入必填信息，保存
3. 立即运行，查看实例运行结果
4. 编辑规则
5. 【比对规则】 勾选【记录数百分比差异】，设置为“100%”
6. 立即运行，查看实例运行结果
7. 编辑规则
8. 【记录数百分比差异】，修改设置为“10%”，点击下一步，保存
9. 立即运行，查看实例运行结果
10. 编辑规则
11. 【比对规则】 只勾选【记录数数量差异】，设置为“2”
12. 点击下一步，输入必填信息，保存
13. 立即运行，查看实例运行结果
14. 编辑规则
15. 【记录数数量差异】，设置为“1”，点击下一步，保存
16. 立即运行，查看实例运行结果","1. 配置成功
2. 保存成功
3. 校验不通过，脏数据表生成成功，脏数据记录正确
4. 成功进入编辑页面
5. 保存成功
6. 校验通过
7. 成功进入编辑页面
8. 保存成功
9. 校验不通过，脏数据表生成成功，脏数据记录正确
10. 成功进入编辑页面
11. 规则配置正确
12. 保存成功
13. 校验通过
14. 成功进入编辑页面
15. 保存成功
16. 校验不通过，脏数据表生成成功，脏数据记录正确","1. 
2. 
3. 
4. 
5. 
6. 
7. 
8. 
9. 
10. 
11. 
12. 
13. 
14. 
15. 
16.","","2","功能测试","功能测试阶段","正常","0","1","16","失败","可颂","2025-12-15","","0000-00-00","1","",""
"170769","数据资产_STD(#23)","/版本迭代测试用例/v6.4.6/【gate二期】支持跨源做行数对比(#9776)","","数据质量/多表对比 验证跨源-hive/其他类型数据源-自定义sql功能","数据源类型：Doris、mysql、oracle、starroks、hive、clickhouse、oceanbase、PostgreSQL
建表语句
CREATE TABLE  table1 (
id INT COMMENT ,
name VARCHAR(50) ,
age int
);
-- 向 table1 表插入3 条数据
INSERT INTO table1 VALUES
(1, &#039;张三&#039;, 11),
(2, &#039;张三2&#039;, 12),
(3, &#039;张三3&#039;, 13),
(4, &#039;张三4&#039;, 14),
(5, &#039;张三5&#039;, 15)
${datasource}的table2有id、name、age三个字段，有数据：
(1, &#039;张三&#039;, 11),
(2, &#039;张三2&#039;, 12),
(3, &#039;张三3&#039;, 13),
(4, &#039;张三4&#039;, 14),
(5, &#039;张三5&#039;, 15),
(6, &#039;张三6&#039;, 16),
(7, &#039;张三7&#039;, 17),
(8, &#039;张三8&#039;, 18),
(9, &#039;张三9&#039;, 19),
(10, &#039;张三10&#039;, 20);","1. 新建「多表比对-跨源比对」，【主表】-  【数据源】 选择hive数据源【数据库】选择hive数据库【选择左侧表】自定义sql：select * from table1 where age >=12 【输入分区】 无  【全局参数】无  【过滤条件】 id <= 5【对照表】-  【数据源】 选择&{datasource}  【数据库】选择&{database}   【选择左侧表】自定义sql：select * from table2 where age >=15【输入分区】 无  【全局参数】无  【过滤条件】 无不勾选对比规则
2. 点击下一步，输入必填信息，保存
3. 立即运行，查看实例运行结果
4. 编辑规则
5. 【比对规则】 勾选【记录数百分比差异】，设置为“100%”
6. 立即运行，查看实例运行结果
7. 编辑规则
8. 【记录数百分比差异】，修改设置为“10%”，点击下一步，保存
9. 立即运行，查看实例运行结果
10. 编辑规则
11. 【比对规则】 只勾选【记录数数量差异】，设置为“2”
12. 点击下一步，输入必填信息，保存
13. 立即运行，查看实例运行结果
14. 编辑规则
15. 【记录数数量差异】，设置为“1”，点击下一步，保存
16. 立即运行，查看实例运行结果","1. 配置成功
2. 保存成功
3. 校验不通过，脏数据表生成成功，脏数据记录正确
4. 成功进入编辑页面
5. 保存成功
6. 校验通过
7. 成功进入编辑页面
8. 保存成功
9. 校验不通过，脏数据表生成成功，脏数据记录正确
10. 成功进入编辑页面
11. 规则配置正确
12. 保存成功
13. 校验通过
14. 成功进入编辑页面
15. 保存成功
16. 校验不通过，脏数据表生成成功，脏数据记录正确","1. 
2. 
3. 
4. 
5. 
6. 
7. 
8. 
9. 
10. 
11. 
12. 
13. 
14. 
15. 
16.","","1","功能测试","功能测试阶段","正常","0","2","16","通过","可颂","2025-12-15","旺仔","2025-12-26","1","",""
"170768","数据资产_STD(#23)","/版本迭代测试用例/v6.4.6/【gate二期】支持跨源做行数对比(#9776)","","数据质量/多表对比 验证跨源-mysql/其他类型数据源-自定义sql功能","数据源类型：Doris、mysql、oracle、starroks、hive、clickhouse、oceanbase、PostgreSQL
建表语句
CREATE TABLE  table1 (
id INT COMMENT ,
name VARCHAR(50) ,
age int
);
-- 向 table1 表插入3 条数据
INSERT INTO table1 VALUES
(1, &#039;张三&#039;, 11),
(2, &#039;张三2&#039;, 12),
(3, &#039;张三3&#039;, 13),
(4, &#039;张三4&#039;, 14),
(5, &#039;张三5&#039;, 15)
${datasource}的table2有id、name、age三个字段，有数据：
(1, &#039;张三&#039;, 11),
(2, &#039;张三2&#039;, 12),
(3, &#039;张三3&#039;, 13),
(4, &#039;张三4&#039;, 14),
(5, &#039;张三5&#039;, 15),
(6, &#039;张三6&#039;, 16),
(7, &#039;张三7&#039;, 17),
(8, &#039;张三8&#039;, 18),
(9, &#039;张三9&#039;, 19),
(10, &#039;张三10&#039;, 20);","1. 【主表】-  【数据源】 选择doris数据源【数据库】选择doris数据库【选择左侧表】自定义sql：select * from table1 where age >=12 【输入分区】 无  【全局参数】无  【过滤条件】 id <= 5【对照表】-  【数据源】 选择&{datasource}  【数据库】选择&{database}   【选择左侧表】自定义sql：select * from table2 where age >=15【输入分区】 无  【全局参数】无  【过滤条件】 无不勾选对比规则
2. 点击下一步，输入必填信息，保存
3. 立即运行，查看实例运行结果
4. 编辑规则
5. 【比对规则】 勾选【记录数百分比差异】，设置为“100%”
6. 立即运行，查看实例运行结果
7. 编辑规则
8. 【记录数百分比差异】，修改设置为“10%”，点击下一步，保存
9. 立即运行，查看实例运行结果
10. 编辑规则
11. 【比对规则】 只勾选【记录数数量差异】，设置为“2”
12. 点击下一步，输入必填信息，保存
13. 立即运行，查看实例运行结果
14. 编辑规则
15. 【记录数数量差异】，设置为“1”，点击下一步，保存
16. 立即运行，查看实例运行结果","1. 配置成功
2. 保存成功
3. 校验不通过，脏数据表生成成功，脏数据记录正确
4. 成功进入编辑页面
5. 保存成功
6. 校验通过
7. 成功进入编辑页面
8. 保存成功
9. 校验不通过，脏数据表生成成功，脏数据记录正确
10. 成功进入编辑页面
11. 规则配置正确
12. 保存成功
13. 校验通过
14. 成功进入编辑页面
15. 保存成功
16. 校验不通过，脏数据表生成成功，脏数据记录正确","1. 
2. 
3. 
4. 
5. 
6. 
7. 
8. 
9. 
10. 
11. 
12. 
13. 
14. 
15. 
16.","","2","功能测试","功能测试阶段","正常","0","1","16","通过","可颂","2025-12-15","旺仔","2025-12-26","1","",""
"170767","数据资产_STD(#23)","/版本迭代测试用例/v6.4.6/【gate二期】支持跨源做行数对比(#9776)","","数据质量/多表对比 验证跨源-doris/其他类型数据源-自定义sql功能","数据源类型：Doris、mysql、oracle、starroks、hive、clickhouse、oceanbase、PostgreSQL
建表语句
CREATE TABLE  table1 (
id INT COMMENT ,
name VARCHAR(50) ,
age int
)
DISTRIBUTED BY HASH(id) BUCKETS 10
PROPERTIES (
“replication_num“ = “1“
);
-- 向 table1 表插入3 条数据
INSERT INTO table1 VALUES
(1, &#039;张三&#039;, 11),
(2, &#039;张三2&#039;, 12),
(3, &#039;张三3&#039;, 13),
(4, &#039;张三4&#039;, 14),
(5, &#039;张三5&#039;, 15)
${datasource}的table2有id、name、age三个字段，有数据：
(1, &#039;张三&#039;, 11),
(2, &#039;张三2&#039;, 12),
(3, &#039;张三3&#039;, 13),
(4, &#039;张三4&#039;, 14),
(5, &#039;张三5&#039;, 15),
(6, &#039;张三6&#039;, 16),
(7, &#039;张三7&#039;, 17),
(8, &#039;张三8&#039;, 18),
(9, &#039;张三9&#039;, 19),
(10, &#039;张三10&#039;, 20);","1. 新建「多表比对-跨源比对」，【主表】-  【数据源】 选择doris数据源【数据库】选择doris数据库【选择左侧表】自定义sql：select * from table1 where age >=12 【输入分区】 无  【全局参数】无  【过滤条件】 id <= 5【对照表】-  【数据源】 选择&{datasource}  【数据库】选择&{database}   【选择左侧表】自定义sql：select * from table2 where age >=15【输入分区】 无  【全局参数】无  【过滤条件】 无不勾选对比规则
2. 点击下一步，输入必填信息，保存
3. 立即运行，查看实例运行结果
4. 编辑规则
5. 【比对规则】 勾选【记录数百分比差异】，设置为“100%”
6. 立即运行，查看实例运行结果
7. 编辑规则
8. 【记录数百分比差异】，修改设置为“10%”，点击下一步，保存
9. 立即运行，查看实例运行结果
10. 编辑规则
11. 【比对规则】 只勾选【记录数数量差异】，设置为“2”
12. 点击下一步，输入必填信息，保存
13. 立即运行，查看实例运行结果
14. 编辑规则
15. 【记录数数量差异】，设置为“1”，点击下一步，保存
16. 立即运行，查看实例运行结果","1. 配置成功
2. 保存成功
3. 校验不通过，脏数据表生成成功，脏数据记录正确
4. 成功进入编辑页面
5. 保存成功
6. 校验通过
7. 成功进入编辑页面
8. 保存成功
9. 校验不通过，脏数据表生成成功，脏数据记录正确
10. 成功进入编辑页面
11. 规则配置正确
12. 保存成功
13. 校验通过
14. 成功进入编辑页面
15. 保存成功
16. 校验不通过，脏数据表生成成功，脏数据记录正确","1. 
2. 
3. 
4. 
5. 
6. 
7. 
8. 
9. 
10. 
11. 
12. 
13. 
14. 
15. 
16.","","1","功能测试","功能测试阶段","正常","0","2","16","通过","可颂","2025-12-15","旺仔","2025-12-26","1","",""
"170766","数据资产_STD(#23)","/版本迭代测试用例/v6.4.6/【gate二期】支持跨源做行数对比(#9776)","","数据质量/多表对比 验证跨源-自定义sql-左侧表/右侧表改名","数据源类型：Doris、mysql、oracle、starroks、hive、clickhouse、oceanbase、PostgreSQL


建表语句
CREATE TABLE IF NOT EXISTS table1
(
id   Int32,
name String,
age  Int32
)；
-- 向 table1 表插入3 条数据
INSERT INTO table1 VALUES
(1, &#039;张三&#039;, 11),
(2, &#039;张三2&#039;, 12),
(3, &#039;张三3&#039;, 13),
(4, &#039;张三4&#039;, 14),
(5, &#039;张三5&#039;, 15)


${datasource}的table2有id、name、age三个字段，有数据：
(1, &#039;张三&#039;, 11),
(2, &#039;张三2&#039;, 12),
(3, &#039;张三3&#039;, 13),
(4, &#039;张三4&#039;, 14),
(5, &#039;张三5&#039;, 15),
(6, &#039;张三6&#039;, 16),
(7, &#039;张三7&#039;, 17),
(8, &#039;张三8&#039;, 18),
(9, &#039;张三9&#039;, 19),
(10, &#039;张三10&#039;, 20);","1. 新建「多表比对-跨源比对」，【主表】-  【数据源】 选择&{datasource}  【数据库】选择&{database}    【选择左侧表】自定义sql：select * from table1 where age >=12 【输入分区】 无  【全局参数】无  【过滤条件】 id <= 5【对照表】-  【数据源】 选择&{datasource}  【数据库】选择&{database}   【选择左侧表】自定义sql：select * from table2 where age >=15【输入分区】 无  【全局参数】无  【过滤条件】 无【比对规则】 勾选【记录数百分比差异】，设置为“100%”
2. 点击下一步，输入必填信息，保存
3. 底层修改表名
4. 查看规则列表展示
5. 点击表名，查看规则详情
6. 立即运行，查看实例运行结果
7. 点击表名查看实例详情","1. 配置成功
2. 保存成功
3. 修改成功
4. 表名更新
5. 规则详情中表名更新
6. 校验通过
7. 表名更新","1. 
2. 
3. 
4. 
5. 
6. 
7.","","3","功能测试","功能测试阶段","正常","0","1","7","通过","可颂","2025-12-15","可颂","2025-12-15","1","",""
"170765","数据资产_STD(#23)","/版本迭代测试用例/v6.4.6/【gate二期】支持跨源做行数对比(#9776)","","数据质量/多表对比 验证跨源-自定义sql-实例详情页展示正确","数据源类型：Doris、mysql、oracle、starroks、hive、clickhouse、oceanbase、PostgreSQL
建表语句
CREATE TABLE IF NOT EXISTS table1
(
id   Int32,
name String,
age  Int32
)；
-- 向 table1 表插入3 条数据
INSERT INTO table1 VALUES
(1, &#039;张三&#039;, 11),
(2, &#039;张三2&#039;, 12),
(3, &#039;张三3&#039;, 13),
(4, &#039;张三4&#039;, 14),
(5, &#039;张三5&#039;, 15)
${datasource}的table2有id、name、age三个字段，有数据：
(1, &#039;张三&#039;, 11),
(2, &#039;张三2&#039;, 12),
(3, &#039;张三3&#039;, 13),
(4, &#039;张三4&#039;, 14),
(5, &#039;张三5&#039;, 15),
(6, &#039;张三6&#039;, 16),
(7, &#039;张三7&#039;, 17),
(8, &#039;张三8&#039;, 18),
(9, &#039;张三9&#039;, 19),
(10, &#039;张三10&#039;, 20);","1. 【主表】-  【数据源】 选择&{datasource}  【数据库】选择&{database}    【选择左侧表】自定义sql：select * from table1 where age >=12 【输入分区】 无  【全局参数】无  【过滤条件】 id <= 5【对照表】-  【数据源】 选择&{datasource}  【数据库】选择&{database}   【选择左侧表】自定义sql：select * from table2 where age >=15【输入分区】 无  【全局参数】无  【过滤条件】 无【比对规则】 勾选【记录数百分比差异】，设置为“100%”
2. 点击下一步，输入必填信息，保存
3. 点击表名，查看规则详情
4. 立即运行，查看实例运行结果
5. 点击表名查看实例详情","1. 配置成功
2. 保存成功
3. 规则详情展示正确
4. 校验通过
5. 详情中自定sql展示正确；主表、对照表的记录数展示正确，行数差值百分比计算正确，其他信息页正确","1. 
2. 
3. 
4. 
5.","","2","功能测试","功能测试阶段","正常","0","1","5","通过","可颂","2025-12-15","旺仔","2025-12-26","1","",""
"170764","数据资产_STD(#23)","/版本迭代测试用例/v6.4.6/【gate二期】支持跨源做行数对比(#9776)","","数据质量/多表对比 验证跨源-自定义sql-规则详情页展示正确","数据源类型：Doris、mysql、oracle、starroks、hive、clickhouse、oceanbase、PostgreSQL
建表语句
CREATE TABLE IF NOT EXISTS table1
(
id   Int32,
name String,
age  Int32
)；
-- 向 table1 表插入3 条数据
INSERT INTO table1 VALUES
(1, &#039;张三&#039;, 11),
(2, &#039;张三2&#039;, 12),
(3, &#039;张三3&#039;, 13),
(4, &#039;张三4&#039;, 14),
(5, &#039;张三5&#039;, 15)
${datasource}的table2有id、name、age三个字段，有数据：
(1, &#039;张三&#039;, 11),
(2, &#039;张三2&#039;, 12),
(3, &#039;张三3&#039;, 13),
(4, &#039;张三4&#039;, 14),
(5, &#039;张三5&#039;, 15),
(6, &#039;张三6&#039;, 16),
(7, &#039;张三7&#039;, 17),
(8, &#039;张三8&#039;, 18),
(9, &#039;张三9&#039;, 19),
(10, &#039;张三10&#039;, 20);","1. 新建「多表比对-跨源比对」，【主表】-  【数据源】 选择&{datasource}  【数据库】选择&{database}    【选择左侧表】自定义sql：select * from table1 where age >=12 【输入分区】 无  【全局参数】无  【过滤条件】 id <= 5【对照表】-  【数据源】 选择&{datasource}  【数据库】选择&{database}   【选择左侧表】自定义sql：select * from table2 where age >=15【输入分区】 无  【全局参数】无  【过滤条件】 无【比对规则】 勾选【记录数百分比差异】，设置为“100%”
2. 点击下一步，输入必填信息，保存
3. 点击表名，查看规则详情
4. 立即运行，查看实例运行结果","1. 配置成功
2. 保存成功
3. 规则详情展示正确，自定义sql展示正确
4. 校验通过","1. 
2. 
3. 
4.","","2","功能测试","功能测试阶段","正常","0","1","4","通过","可颂","2025-12-15","旺仔","2025-12-26","1","",""
"170763","数据资产_STD(#23)","/版本迭代测试用例/v6.4.6/【gate二期】支持跨源做行数对比(#9776)","","数据质量/多表对比 验证跨源-自定义sql-新增规则正确","数据源类型：Doris、mysql、oracle、starroks、hive、clickhouse、oceanbase、PostgreSQL


建表语句
CREATE TABLE IF NOT EXISTS table1
(
id   Int32,
name String,
age  Int32
)；
-- 向 table1 表插入3 条数据
INSERT INTO table1 VALUES
(1, &#039;张三&#039;, 11),
(2, &#039;张三2&#039;, 12),
(3, &#039;张三3&#039;, 13),
(4, &#039;张三4&#039;, 14),
(5, &#039;张三5&#039;, 15)


${datasource}的table2有id、name、age三个字段，有数据：
(1, &#039;张三&#039;, 11),
(2, &#039;张三2&#039;, 12),
(3, &#039;张三3&#039;, 13),
(4, &#039;张三4&#039;, 14),
(5, &#039;张三5&#039;, 15),
(6, &#039;张三6&#039;, 16),
(7, &#039;张三7&#039;, 17),
(8, &#039;张三8&#039;, 18),
(9, &#039;张三9&#039;, 19),
(10, &#039;张三10&#039;, 20);","1. 新建「多表比对-跨源比对」，【主表】-  【数据源】 选择&{datasource}  【数据库】选择&{database}    【选择左侧表】自定义sql：select * from table1 where age >=12 【输入分区】 无  【全局参数】无  【过滤条件】 id <= 5【对照表】-  【数据源】 选择&{datasource}  【数据库】选择&{database}   【选择左侧表】自定义sql：select * from table2 where age >=15【输入分区】 无  【全局参数】无  【过滤条件】 无【比对规则】 勾选【记录数百分比差异】，设置为“100%”
2. 点击下一步，输入必填信息，保存
3. 立即运行，查看实例运行结果","1. 配置成功
2. 保存成功
3. 校验通过","1. 
2. 
3.","","2","功能测试","功能测试阶段","正常","0","1","3","通过","可颂","2025-12-15","","0000-00-00","1","",""
"170762","数据资产_STD(#23)","/版本迭代测试用例/v6.4.6/【gate二期】支持跨源做行数对比(#9776)","","数据质量/多表对比 验证跨源-自定义sql-交互","数据源类型：Doris、mysql、oracle、starroks、hive、clickhouse、oceanbase、PostgreSQL","1. 新建「多表比对-跨源」，查看选择数据表后展示
2. 点击“自定义sql”
3. 查看输入框提示文本","1. 展示“自定义sql”
2. 数据表选择框变为输入框
3. XXX","1. 
2. 
3.","","2","功能测试","功能测试阶段","正常","0","1","3","通过","可颂","2025-12-15","","0000-00-00","1","",""
"170761","数据资产_STD(#23)","/版本迭代测试用例/v6.4.6/【gate二期】支持跨源做行数对比(#9776)","","数据质量/多表对比 验证跨源-数据表-左侧表/右侧表改名","数据源类型：Doris、clickhouse、oceanbase、PostgreSQL



建表语句
CREATE TABLE IF NOT EXISTS table1
(
id   Int32,
name String,
age  Int32
)；
-- 向 table1 表插入3 条数据
INSERT INTO table1 VALUES
(1, &#039;张三&#039;, 11),
(2, &#039;张三2&#039;, 12),
(3, &#039;张三3&#039;, 13);



${datasource}的table2有id、name、age三个字段，有数据：
(1, &#039;张三&#039;, 11),
(2, &#039;张三2&#039;, 12),
(3, &#039;张三3&#039;, 13),
(4, &#039;张三4&#039;, 14),
(5, &#039;张三5&#039;, 15),
(6, &#039;张三6&#039;, 16),
(7, &#039;张三7&#039;, 17),
(8, &#039;张三8&#039;, 18),
(9, &#039;张三9&#039;, 19),
(10, &#039;张三10&#039;, 20);","1. 进入数据资产-数据质量-规则任务配置页面
2. 点击【新建监控规则】-【多表比对规则】
3. 规则配置-【对比规则】： 跨源数据对比【主表】-  【数据源】 选择&{datasource}  【数据库】选择&{database}    【选择左侧表】 table2 【输入分区】 无  【全局参数】无  【过滤条件】 id <= 5【对照表】-  【数据源】 选择postgre  【数据库】选择database_postgre 【选择左侧表】 table1  【输入分区】 无  【全局参数】无  【过滤条件】 id <= 5【比对规则】 勾选【记录数百分比差异】，设置为“100%”
4. 底层修改表名称，再次查看规则
5. 立即运行，查看实例运行结果
6. 切换数据源类型，执行上述步骤","1. 进入页面成功
2. 进入【多表比对规则配置】页面
3. 规则配置正确
4. 回填名称更新
5. 校验通过
6.","1. 
2. 
3. 
4. 
5. 
6.","","3","功能测试","功能测试阶段","正常","0","1","6","通过","可颂","2025-12-15","可颂","2025-12-15","1","",""
"170760","数据资产_STD(#23)","/版本迭代测试用例/v6.4.6/【gate二期】支持跨源做行数对比(#9776)","","数据质量/多表对比 验证跨源-其他类型/pgsql数据源-数据表，比对结果正确","数据源类型：Doris、mysql、oracle、starroks、hive、clickhouse、oceanbase、PostgreSQL



建表语句
CREATE TABLE IF NOT EXISTS table1
(
id   Int32,
name String,
age  Int32
)；
-- 向 table1 表插入3 条数据
INSERT INTO table1 VALUES
(1, &#039;张三&#039;, 11),
(2, &#039;张三2&#039;, 12),
(3, &#039;张三3&#039;, 13);



${datasource}的table2有id、name、age三个字段，有数据：
(1, &#039;张三&#039;, 11),
(2, &#039;张三2&#039;, 12),
(3, &#039;张三3&#039;, 13),
(4, &#039;张三4&#039;, 14),
(5, &#039;张三5&#039;, 15),
(6, &#039;张三6&#039;, 16),
(7, &#039;张三7&#039;, 17),
(8, &#039;张三8&#039;, 18),
(9, &#039;张三9&#039;, 19),
(10, &#039;张三10&#039;, 20);","1. 进入数据资产-数据质量-规则任务配置页面
2. 点击【新建监控规则】-【多表比对规则】
3. 规则配置-【对比规则】： 跨源数据对比【主表】-  【数据源】 选择&{datasource}  【数据库】选择&{database}    【选择左侧表】 table2   【输入分区】 无  【全局参数】无  【过滤条件】 id <= 5【对照表】-  【数据源】 选择postgre  【数据库】选择database_postgre 【选择左侧表】 table1  【输入分区】 无  【全局参数】无  【过滤条件】 id <= 5【比对规则】 勾选【记录数百分比差异】，设置为“100%”
4. 点击下一步，输入必填信息，保存
5. 立即运行，查看实例运行结果
6. 编辑规则
7. 【记录数百分比差异】，修改设置为“10%”，点击下一步，保存
8. 立即运行，查看实例运行结果
9. 规则配置-【对比规则】： 跨源数据对比【主表】-  【数据源】 选择&{datasource}  【数据库】选择&{database}    【选择左侧表】 table2 【输入分区】 无  【全局参数】无  【过滤条件】 id <= 5【对照表】-  【数据源】 选择postgre  【数据库】选择database_postgre 【选择左侧表】 table1  【输入分区】 无  【全局参数】无  【过滤条件】 id <= 5【比对规则】 勾选【记录数数量差异】，设置为“2”
10. 点击下一步，输入必填信息，保存
11. 立即运行，查看实例运行结果
12. 编辑规则
13. 【记录数数量差异】，设置为“1”，点击下一步，保存
14. 立即运行，查看实例运行结果
15. 切换数据源类型，执行上述步骤","1. 进入页面成功
2. 进入【多表比对规则配置】页面
3. 规则配置正确
4. 保存成功
5. 校验通过
6. 成功进入编辑页面
7. 保存成功
8. 校验不通过，脏数据表生成成功，脏数据记录正确
9. 规则配置正确
10. 保存成功
11. 校验通过
12. 成功进入编辑页面
13. 保存成功
14. 校验不通过，脏数据表生成成功，脏数据记录正确
15.","1. 
2. 
3. 
4. 
5. 
6. 
7. 
8. 
9. 
10. 
11. 
12. 
13. 
14. 
15.","","2","功能测试","功能测试阶段","正常","0","1","15","失败","可颂","2025-12-15","","0000-00-00","1","",""
"170759","数据资产_STD(#23)","/版本迭代测试用例/v6.4.6/【gate二期】支持跨源做行数对比(#9776)","","数据质量/多表对比 验证跨源-其他类型/oceanbase数据源-数据表，比对结果正确","数据源类型：Doris、mysql、oracle、starroks、hive、clickhouse、oceanbase、

oceanbase建表语句：
CREATE TABLE IF NOT EXISTS table1
(
id   Int32,
name String,
age  Int32
)；
-- 向 table1 表插入3 条数据
INSERT INTO table1 VALUES
(1, &#039;张三&#039;, 11),
(2, &#039;张三2&#039;, 12),
(3, &#039;张三3&#039;, 13);



${datasource}的table2有id、name、age三个字段，有数据：
(1, &#039;张三&#039;, 11),
(2, &#039;张三2&#039;, 12),
(3, &#039;张三3&#039;, 13),
(4, &#039;张三4&#039;, 14),
(5, &#039;张三5&#039;, 15),
(6, &#039;张三6&#039;, 16),
(7, &#039;张三7&#039;, 17),
(8, &#039;张三8&#039;, 18),
(9, &#039;张三9&#039;, 19),
(10, &#039;张三10&#039;, 20);","1. 进入数据资产-数据质量-规则任务配置页面
2. 点击【新建监控规则】-【多表比对规则】
3. 规则配置-【对比规则】： 跨源数据对比【主表】-  【数据源】 选择&{datasource}  【数据库】选择&{database}    【选择左侧表】table2 【输入分区】 无  【全局参数】无  【过滤条件】 id <= 5【对照表】-  【数据源】 选择oceanbase  【数据库】选择database_oceanbase【选择左侧表】 table1  【输入分区】 无  【全局参数】无  【过滤条件】 id <= 5【比对规则】 勾选【记录数百分比差异】，设置为“100%”
4. 点击下一步，输入必填信息，保存
5. 立即运行，查看实例运行结果
6. 编辑规则
7. 【记录数百分比差异】，修改设置为“10%”，点击下一步，保存
8. 立即运行，查看实例运行结果
9. 规则配置-【对比规则】： 跨源数据对比【主表】-  【数据源】 选择&{datasource}  【数据库】选择&{database}    【选择左侧表】table2  【输入分区】 无  【全局参数】无  【过滤条件】 id <= 5【对照表】-  【数据源】 选择oceanbase  【数据库】选择database_oceanbase【选择左侧表】 table1  【输入分区】 无  【全局参数】无  【过滤条件】 id <= 5【比对规则】 勾选【记录数数量差异】，设置为“2”
10. 点击下一步，输入必填信息，保存
11. 立即运行，查看实例运行结果
12. 编辑规则
13. 【记录数数量差异】，设置为“1”，点击下一步，保存
14. 立即运行，查看实例运行结果
15. 切换数据源类型，执行上述步骤","1. 进入页面成功
2. 进入【多表比对规则配置】页面
3. 规则配置正确
4. 保存成功
5. 校验通过
6. 成功进入编辑页面
7. 保存成功
8. 校验不通过，脏数据表生成成功，脏数据记录正确
9. 规则配置正确
10. 保存成功
11. 校验通过
12. 成功进入编辑页面
13. 保存成功
14. 校验不通过，脏数据表生成成功，脏数据记录正确
15.","1. 
2. 
3. 
4. 
5. 
6. 
7. 
8. 
9. 
10. 
11. 
12. 
13. 
14. 
15.","","2","功能测试","功能测试阶段","正常","0","1","15","失败","可颂","2025-12-15","","0000-00-00","1","",""
"170758","数据资产_STD(#23)","/版本迭代测试用例/v6.4.6/【gate二期】支持跨源做行数对比(#9776)","","数据质量/多表对比 验证跨源-其他类型/clickhouse数据源-数据表，比对结果正确","数据源类型：Doris、mysql、oracle、starroks、hive、clickhouse、oceanbase、PostgreSQL
每个clickhouse数据源下存在两张表
建表语句：
CREATE DATABASE IF NOT EXISTS database_clickhouse;
CREATE TABLE IF NOT EXISTS table1
(
id   Int32,
name String,
age  Int32
)
ENGINE = MergeTree()
ORDER BY id
PRIMARY KEY id;
CREATE TABLE IF NOT EXISTS table2
(
id   Int32,
name String,
age  Int32
)
ENGINE = MergeTree()
ORDER BY id
PRIMARY KEY id;
-- 向 table1 表插入3 条数据
INSERT INTO database_clickhouse.table VALUES
(1, &#039;张三&#039;, 11),
(2, &#039;张三2&#039;, 12),
(3, &#039;张三3&#039;, 13);
${datasource}的table2有id、name、age三个字段，有数据：
(1, &#039;张三&#039;, 11),
(2, &#039;张三2&#039;, 12),
(3, &#039;张三3&#039;, 13),
(4, &#039;张三4&#039;, 14),
(5, &#039;张三5&#039;, 15),
(6, &#039;张三6&#039;, 16),
(7, &#039;张三7&#039;, 17),
(8, &#039;张三8&#039;, 18),
(9, &#039;张三9&#039;, 19),
(10, &#039;张三10&#039;, 20);","1. 进入数据资产-数据质量-规则任务配置页面
2. 点击【新建监控规则】-【多表比对规则】
3. 规则配置-【对比规则】： 跨源数据对比【主表】-  【数据源】 选择&{datasource}  【数据库】选择&{database}    【选择左侧表】table2 【输入分区】 无  【全局参数】无  【过滤条件】 id <= 5【对照表】-  【数据源】 选择clickhouse1  【数据库】选择database_clickhouse  【选择左侧表】 table1  【输入分区】 无  【全局参数】无  【过滤条件】 id <= 5【比对规则】 勾选【记录数百分比差异】，设置为“100%”
4. 点击下一步，输入必填信息，保存
5. 立即运行，查看实例运行结果
6. 编辑规则
7. 【记录数百分比差异】，修改设置为“10%”，点击下一步，保存
8. 立即运行，查看实例运行结果
9. 规则配置-【对比规则】： 跨源数据对比【主表】-  【数据源】 选择&{datasource}  【数据库】选择&{database}    【选择左侧表】table2 【输入分区】 无  【全局参数】无  【过滤条件】 id <= 5【对照表】-  【数据源】 选择clickhouse1  【数据库】选择database_clickhouse  【选择左侧表】 table1  【输入分区】 无  【全局参数】无  【过滤条件】 id <= 5【比对规则】 勾选【记录数数量差异】，设置为“2”
10. 点击下一步，输入必填信息，保存
11. 立即运行，查看实例运行结果
12. 编辑规则
13. 【记录数数量差异】，设置为“1”，点击下一步，保存
14. 立即运行，查看实例运行结果
15. 切换数据源类型，执行上述步骤","1. 进入页面成功
2. 进入【多表比对规则配置】页面
3. 规则配置正确
4. 保存成功
5. 校验通过
6. 成功进入编辑页面
7. 保存成功
8. 校验不通过，脏数据表生成成功，脏数据记录正确
9. 规则配置正确
10. 保存成功
11. 校验通过
12. 成功进入编辑页面
13. 保存成功
14. 校验不通过，脏数据表生成成功，脏数据记录正确
15.","1. 
2. 
3. 
4. 
5. 
6. 
7. 
8. 
9. 
10. 
11. 
12. 
13. 
14. 
15.","","2","功能测试","功能测试阶段","正常","0","1","15","通过","可颂","2025-12-15","旺仔","2025-12-25","1","",""
"170757","数据资产_STD(#23)","/版本迭代测试用例/v6.4.6/【gate二期】支持跨源做行数对比(#9776)","","数据质量/多表对比 验证跨源-pgsql/其他类型数据源-数据表，比对结果正确","数据源类型：Doris、mysql、oracle、starroks、hive、clickhouse、oceanbase、PostgreSQL
pgsql建表语句
CREATE TABLE IF NOT EXISTS table1
(
id   Int32,
name String,
age  Int32
)；
-- 向 table1 表插入3 条数据
INSERT INTO table1 VALUES
(1, &#039;张三&#039;, 11),
(2, &#039;张三2&#039;, 12),
(3, &#039;张三3&#039;, 13);
${datasource}的table2有id、name、age三个字段，有数据：
(1, &#039;张三&#039;, 11),
(2, &#039;张三2&#039;, 12),
(3, &#039;张三3&#039;, 13),
(4, &#039;张三4&#039;, 14),
(5, &#039;张三5&#039;, 15),
(6, &#039;张三6&#039;, 16),
(7, &#039;张三7&#039;, 17),
(8, &#039;张三8&#039;, 18),
(9, &#039;张三9&#039;, 19),
(10, &#039;张三10&#039;, 20);","1. 进入数据资产-数据质量-规则任务配置页面
2. 点击【新建监控规则】-【多表比对规则】
3. 规则配置-【对比规则】： 跨源数据对比【主表】-  【数据源】 选择postgre  【数据库】选择database_postgre 【选择左侧表】 table1  【输入分区】 无  【全局参数】无  【过滤条件】 id <= 5【对照表】-  【数据源】 选择&{datasource}  【数据库】选择&{database}    【选择左侧表】 table2 【输入分区】 无  【全局参数】无  【过滤条件】 id <= 5【比对规则】 勾选【记录数百分比差异】，设置为“100%”
4. 点击下一步，输入必填信息，保存
5. 立即运行，查看实例运行结果
6. 编辑规则
7. 【记录数百分比差异】，修改设置为“10%”，点击下一步，保存
8. 立即运行，查看实例运行结果
9. 规则配置-【对比规则】： 跨源数据对比【主表】-  【数据源】 选择postgre  【数据库】选择database_postgre 【选择左侧表】 table1  【输入分区】 无  【全局参数】无  【过滤条件】 id <= 5【对照表】-  【数据源】 选择&{datasource}  【数据库】选择&{database}    【选择左侧表】 table2 【输入分区】 无  【全局参数】无  【过滤条件】 id <= 5【比对规则】 勾选【记录数数量差异】，设置为“2”
10. 点击下一步，输入必填信息，保存
11. 立即运行，查看实例运行结果
12. 编辑规则
13. 【记录数数量差异】，设置为“1”，点击下一步，保存
14. 立即运行，查看实例运行结果
15. 切换数据源类型，执行上述步骤","1. 进入页面成功
2. 进入【多表比对规则配置】页面
3. 规则配置正确
4. 保存成功
5. 校验通过
6. 成功进入编辑页面
7. 保存成功
8. 校验不通过，脏数据表生成成功，脏数据记录正确
9. 规则配置正确
10. 保存成功
11. 校验通过
12. 成功进入编辑页面
13. 保存成功
14. 校验不通过，脏数据表生成成功，脏数据记录正确
15.","1. 
2. 
3. 
4. 
5. 
6. 
7. 
8. 
9. 
10. 
11. 
12. 
13. 
14. 
15.","","2","功能测试","功能测试阶段","正常","0","1","15","通过","可颂","2025-12-15","旺仔","2025-12-25","1","",""
"170756","数据资产_STD(#23)","/版本迭代测试用例/v6.4.6/【gate二期】支持跨源做行数对比(#9776)","","数据质量/多表对比 验证跨源-oceanbase/其他类型数据源-数据表，比对结果正确","数据源类型：Doris、mysql、oracle、starroks、hive、clickhouse、oceanbase、
oceanbase建表语句：
CREATE TABLE IF NOT EXISTS table1
(
id   Int32,
name String,
age  Int32
)；
-- 向 table1 表插入3 条数据
INSERT INTO table1 VALUES
(1, &#039;张三&#039;, 11),
(2, &#039;张三2&#039;, 12),
(3, &#039;张三3&#039;, 13);
${datasource}的table2有id、name、age三个字段，有数据：
(1, &#039;张三&#039;, 11),
(2, &#039;张三2&#039;, 12),
(3, &#039;张三3&#039;, 13),
(4, &#039;张三4&#039;, 14),
(5, &#039;张三5&#039;, 15),
(6, &#039;张三6&#039;, 16),
(7, &#039;张三7&#039;, 17),
(8, &#039;张三8&#039;, 18),
(9, &#039;张三9&#039;, 19),
(10, &#039;张三10&#039;, 20);","1. 进入数据资产-数据质量-规则任务配置页面
2. 点击【新建监控规则】-【多表比对规则】
3. 规则配置-【对比规则】： 跨源数据对比【主表】-  【数据源】 选择oceanbase  【数据库】选择database_oceanbase【选择左侧表】 table1  【输入分区】 无  【全局参数】无  【过滤条件】 id <= 5【对照表】-  【数据源】 选择&{datasource}  【数据库】选择&{database}    【选择左侧表】table2 【输入分区】 无  【全局参数】无  【过滤条件】 id <= 5【比对规则】 勾选【记录数百分比差异】，设置为“100%”
4. 点击下一步，输入必填信息，保存
5. 立即运行，查看实例运行结果
6. 编辑规则
7. 【记录数百分比差异】，修改设置为“10%”，点击下一步，保存
8. 立即运行，查看实例运行结果
9. 规则配置-【对比规则】： 跨源数据对比【主表】-  【数据源】 选择oceanbase  【数据库】选择database_oceanbase【选择左侧表】 table1  【输入分区】 无  【全局参数】无  【过滤条件】 id <= 5【对照表】-  【数据源】 选择&{datasource}  【数据库】选择&{database}    【选择左侧表】 table2 【输入分区】 无  【全局参数】无  【过滤条件】 id <= 5【比对规则】 勾选【记录数数量差异】，设置为“2”
10. 点击下一步，输入必填信息，保存
11. 立即运行，查看实例运行结果
12. 编辑规则
13. 【记录数数量差异】，设置为“1”，点击下一步，保存
14. 立即运行，查看实例运行结果
15. 切换数据源类型，执行上述步骤","1. 进入页面成功
2. 进入【多表比对规则配置】页面
3. 规则配置正确
4. 保存成功
5. 校验通过
6. 成功进入编辑页面
7. 保存成功
8. 校验不通过，脏数据表生成成功，脏数据记录正确
9. 规则配置正确
10. 保存成功
11. 校验通过
12. 成功进入编辑页面
13. 保存成功
14. 校验不通过，脏数据表生成成功，脏数据记录正确
15.","1. 
2. 
3. 
4. 
5. 
6. 
7. 
8. 
9. 
10. 
11. 
12. 
13. 
14. 
15.","","2","功能测试","功能测试阶段","正常","0","1","15","通过","可颂","2025-12-15","旺仔","2025-12-25","1","",""
"170755","数据资产_STD(#23)","/版本迭代测试用例/v6.4.6/【gate二期】支持跨源做行数对比(#9776)","","数据质量/多表对比 验证跨源-clickhouse/其他类型数据源-数据表，比对结果正确","数据源类型：Doris、mysql、oracle、starroks、hive、clickhouse、oceanbase、PostgreSQL
每个clickhouse数据源下存在两张表
建表语句：
CREATE DATABASE IF NOT EXISTS database_clickhouse;
CREATE TABLE IF NOT EXISTS table1
(
id   Int32,
name String,
age  Int32
)
ENGINE = MergeTree()
ORDER BY id
PRIMARY KEY id;
CREATE TABLE IF NOT EXISTS table2
(
id   Int32,
name String,
age  Int32
)
ENGINE = MergeTree()
ORDER BY id
PRIMARY KEY id;
-- 向 table1 表插入3 条数据
INSERT INTO database_clickhouse.table VALUES
(1, &#039;张三&#039;, 11),
(2, &#039;张三2&#039;, 12),
(3, &#039;张三3&#039;, 13);
${datasource}的table2有id、name、age三个字段，有数据：
(1, &#039;张三&#039;, 11),
(2, &#039;张三2&#039;, 12),
(3, &#039;张三3&#039;, 13),
(4, &#039;张三4&#039;, 14),
(5, &#039;张三5&#039;, 15),
(6, &#039;张三6&#039;, 16),
(7, &#039;张三7&#039;, 17),
(8, &#039;张三8&#039;, 18),
(9, &#039;张三9&#039;, 19),
(10, &#039;张三10&#039;, 20);","1. 进入数据资产-数据质量-规则任务配置页面
2. 点击【新建监控规则】-【多表比对规则】
3. 规则配置-【对比规则】： 跨源数据对比【主表】-  【数据源】 选择clickhouse1  【数据库】选择database_clickhouse  【选择左侧表】 table1  【输入分区】 无  【全局参数】无  【过滤条件】 id <= 5【对照表】-  【数据源】 选择&{datasource}  【数据库】选择&{database}    【选择左侧表】 table2  【输入分区】 无  【全局参数】无  【过滤条件】 id <= 5【比对规则】 勾选【记录数百分比差异】，设置为“100%”
4. 点击下一步，输入必填信息，保存
5. 立即运行，查看实例运行结果
6. 编辑规则
7. 【记录数百分比差异】，修改设置为“10%”，点击下一步，保存
8. 立即运行，查看实例运行结果
9. 规则配置-【对比规则】： 跨源数据对比【主表】-  【数据源】 选择clickhouse1【数据库】选择database_clickhouse1【选择左侧表】 table1【输入分区】 无  【全局参数】无  【过滤条件】id <= 5【对照表】-  【数据源】 选择&{datasource}  【数据库】选择&{database}    【选择左侧表】 table2 【输入分区】 无  【全局参数】无  【过滤条件】 id <= 5【比对规则】 勾选【记录数数量差异】，设置为“2”
10. 点击下一步，输入必填信息，保存
11. 立即运行，查看实例运行结果
12. 编辑规则
13. 【记录数数量差异】，设置为“1”，点击下一步，保存
14. 立即运行，查看实例运行结果
15. 切换数据源类型，执行上述步骤","1. 进入页面成功
2. 进入【多表比对规则配置】页面
3. 规则配置正确
4. 保存成功
5. 校验通过
6. 成功进入编辑页面
7. 保存成功
8. 校验不通过，脏数据表生成成功，脏数据记录正确
9. 规则配置正确
10. 保存成功
11. 校验通过
12. 成功进入编辑页面
13. 保存成功
14. 校验不通过，脏数据表生成成功，脏数据记录正确
15.","1. 
2. 
3. 
4. 
5. 
6. 
7. 
8. 
9. 
10. 
11. 
12. 
13. 
14. 
15.","","1","功能测试","功能测试阶段","正常","0","3","15","通过","可颂","2025-12-15","旺仔","2025-12-25","1","",""
"170754","数据资产_STD(#23)","/版本迭代测试用例/v6.4.6/【gate二期】支持跨源做行数对比(#9776)","","数据质量/多表对比 验证跨源-相同类型数据源-数据表，比对结果正确","数据源类型：clickhouse、oceanbase、pgsql
1. 已存在两个不同的clickhouse可用数据源(已开启脏数据管理)
每个clickhouse数据源下存在两张表
建表语句：
CREATE DATABASE IF NOT EXISTS database_clickhouse;
CREATE TABLE IF NOT EXISTS table1
(
id   Int32,
name String,
age  Int32
)
ENGINE = MergeTree()
ORDER BY id
PRIMARY KEY id;
CREATE TABLE IF NOT EXISTS table2
(
id   Int32,
name String,
age  Int32
)
ENGINE = MergeTree()
ORDER BY id
PRIMARY KEY id;
-- 向 table1 表插入3 条数据
INSERT INTO database_clickhouse.table VALUES
(1, &#039;张三&#039;, 11),
(2, &#039;张三2&#039;, 12),
(3, &#039;张三3&#039;, 13);
-- 向 table2 表插入 10 条数据
INSERT INTO database_clickhouse.table2 VALUES
(1, &#039;张三&#039;, 11),
(2, &#039;张三2&#039;, 12),
(3, &#039;张三3&#039;, 13),
(4, &#039;张三4&#039;, 14),
(5, &#039;张三5&#039;, 15),
(6, &#039;张三6&#039;, 16),
(7, &#039;张三7&#039;, 17),
(8, &#039;张三8&#039;, 18),
(9, &#039;张三9&#039;, 19),
(10, &#039;张三10&#039;, 20);","1. 进入数据资产-数据质量-规则任务配置页面
2. 点击【新建监控规则】-【多表比对规则】
3. 规则配置-【对比规则】： 跨源数据对比【主表】-  【数据源】 选择clickhouse1  【数据库】选择database_clickhouse  【选择左侧表】 table1  【输入分区】 无  【全局参数】无  【过滤条件】 id <= 5【对照表】-  【数据源】 选择clickhouse2  【数据库】选择database_clickhouse2  【选择左侧表】 table1 【输入分区】 无  【全局参数】无  【过滤条件】 id <= 5【比对规则】 勾选【记录数百分比差异】，设置为“100%”
4. 点击下一步，输入必填信息，保存
5. 立即运行，查看实例运行结果
6. 编辑规则
7. 【记录数百分比差异】，修改设置为“10%”，点击下一步，保存
8. 立即运行，查看实例运行结果
9. 规则配置-【对比规则】： 跨源数据对比【主表】-  【数据源】 选择clickhouse1【数据库】选择database_clickhouse1【选择左侧表】 table1【输入分区】 无  【全局参数】无  【过滤条件】id <= 5【对照表】-  【数据源】 选择clickhouse  【数据库】选择database_clickhouse【选择左侧表】 table2  【输入分区】 无  【全局参数】无  【过滤条件】 id <= 5【比对规则】 勾选【记录数数量差异】，设置为“2”
10. 点击下一步，输入必填信息，保存
11. 立即运行，查看实例运行结果
12. 编辑规则
13. 【记录数数量差异】，设置为“1”，点击下一步，保存
14. 立即运行，查看实例运行结果
15. 切换数据源类型，执行上述步骤","1. 进入页面成功
2. 进入【多表比对规则配置】页面
3. 规则配置正确
4. 保存成功
5. 校验通过
6. 成功进入编辑页面
7. 保存成功
8. 校验不通过，脏数据表生成成功，脏数据记录正确
9. 规则配置正确
10. 保存成功
11. 校验通过
12. 成功进入编辑页面
13. 保存成功
14. 校验不通过，脏数据表生成成功，脏数据记录正确
15.","1. 
2. 
3. 
4. 
5. 
6. 
7. 
8. 
9. 
10. 
11. 
12. 
13. 
14. 
15.","","2","功能测试","功能测试阶段","正常","0","1","15","通过","可颂","2025-12-15","旺仔","2025-12-25","1","",""
"170753","数据资产_STD(#23)","/版本迭代测试用例/v6.4.6/【gate二期】支持跨源做行数对比(#9776)","","数据质量/多表对比 验证跨源-数据表-实例详情页展示正确","数据源类型：doris、clickhouse、oceanbase、pgsql
左右表建表语句参考：
CREATE TABLE IF NOT EXISTS table1
(
id   Int32,
name String,
age  Int32
)
CREATE TABLE IF NOT EXISTS table2
(
id   Int32,
name String,
age  Int32
)
-- 向 table1 表插入3 条数据
INSERT INTO database_clickhouse.table VALUES
(1, &#039;张三&#039;, 11),
(2, &#039;张三2&#039;, 12),
(3, &#039;张三3&#039;, 13);
${datasource}的table2有id、name、age三个字段，有数据：
(1, &#039;张三&#039;, 11),
(2, &#039;张三2&#039;, 12),
(3, &#039;张三3&#039;, 13),
(4, &#039;张三4&#039;, 14),
(5, &#039;张三5&#039;, 15),
(6, &#039;张三6&#039;, 16),
(7, &#039;张三7&#039;, 17),
(8, &#039;张三8&#039;, 18),
(9, &#039;张三9&#039;, 19),
(10, &#039;张三10&#039;, 20);","1. 进入数据资产-数据质量-规则任务配置页面
2. 点击【新建监控规则】-【多表比对规则】
3. 规则配置-【对比规则】： 跨源数据对比【主表】-  选择前置表1【过滤条件】 id <= 5【对照表】-  选择前置表2 【过滤条件】 id <= 5【比对规则】 勾选【记录数百分比差异】，设置为“100%”
4. 点击下一步，输入必填信息，保存
5. 立即运行，查看实例详情
6. 运行结束后查看结果","1. 进入页面成功
2. 进入【多表比对规则配置】页面
3. 规则配置正确
4. 保存成功
5. 运行状态正确。表名、库名、分区名、数据源名称、过滤条件展示正确
6. 运行结果正确，总记录数统计正确，行数差值百分比计算正确","1. 
2. 
3. 
4. 
5. 
6.","","2","功能测试","功能测试阶段","正常","0","1","6","通过","可颂","2025-12-15","旺仔","2025-12-25","1","",""
"170752","数据资产_STD(#23)","/版本迭代测试用例/v6.4.6/【gate二期】支持跨源做行数对比(#9776)","","数据质量/多表对比 验证跨源-数据表-规则详情页展示正确","数据源类型：doris、clickhouse、oceanbase、pgsql
左右表建表语句参考：
CREATE TABLE IF NOT EXISTS table1
(
id   Int32,
name String,
age  Int32
)
CREATE TABLE IF NOT EXISTS table2
(
id   Int32,
name String,
age  Int32
)
-- 向 table1 表插入3 条数据
INSERT INTO database_clickhouse.table VALUES
(1, &#039;张三&#039;, 11),
(2, &#039;张三2&#039;, 12),
(3, &#039;张三3&#039;, 13);
${datasource}的table2有id、name、age三个字段，有数据：
(1, &#039;张三&#039;, 11),
(2, &#039;张三2&#039;, 12),
(3, &#039;张三3&#039;, 13),
(4, &#039;张三4&#039;, 14),
(5, &#039;张三5&#039;, 15),
(6, &#039;张三6&#039;, 16),
(7, &#039;张三7&#039;, 17),
(8, &#039;张三8&#039;, 18),
(9, &#039;张三9&#039;, 19),
(10, &#039;张三10&#039;, 20);","1. 进入数据资产-数据质量-规则任务配置页面
2. 点击【新建监控规则】-【多表比对规则】
3. 规则配置-【对比规则】： 跨源数据对比【主表】-  选择前置表1【过滤条件】 id <= 5【对照表】-  选择前置表2 【过滤条件】 id <= 5【比对规则】 勾选【记录数百分比差异】，设置为“100%”
4. 点击下一步，输入必填信息，保存
5. 进入「规则配置页面」，查看规则详情","1. 进入页面成功
2. 进入【多表比对规则配置】页面
3. 规则配置正确
4. 保存成功
5. 详情展示正确","1. 
2. 
3. 
4. 
5.","","2","功能测试","功能测试阶段","正常","0","1","5","通过","可颂","2025-12-15","旺仔","2025-12-25","1","",""
"170751","数据资产_STD(#23)","/版本迭代测试用例/v6.4.6/【gate二期】支持跨源做行数对比(#9776)","","数据质量/多表对比 验证跨源-数据表-新增规则正确","数据源类型：doris、clickhouse、oceanbase、pgsql


左右表建表语句参考：

CREATE TABLE IF NOT EXISTS table1
(
id   Int32,
name String,
age  Int32
)


CREATE TABLE IF NOT EXISTS table2
(
id   Int32,
name String,
age  Int32
)

-- 向 table1 表插入3 条数据
INSERT INTO database_clickhouse.table VALUES
(1, &#039;张三&#039;, 11),
(2, &#039;张三2&#039;, 12),
(3, &#039;张三3&#039;, 13);



${datasource}的table2有id、name、age三个字段，有数据：
(1, &#039;张三&#039;, 11),
(2, &#039;张三2&#039;, 12),
(3, &#039;张三3&#039;, 13),
(4, &#039;张三4&#039;, 14),
(5, &#039;张三5&#039;, 15),
(6, &#039;张三6&#039;, 16),
(7, &#039;张三7&#039;, 17),
(8, &#039;张三8&#039;, 18),
(9, &#039;张三9&#039;, 19),
(10, &#039;张三10&#039;, 20);","1. 进入数据资产-数据质量-规则任务配置页面
2. 点击【新建监控规则】-【多表比对规则】
3. 规则配置-【对比规则】： 跨源数据对比【主表】-  选择前置表1【过滤条件】 id <= 5【对照表】-  选择前置表2 【过滤条件】 id <= 5【比对规则】 勾选【记录数百分比差异】，设置为“100%”
4. 点击下一步，输入必填信息，保存
5. 查看「规则配置页面」","1. 进入页面成功
2. 进入【多表比对规则配置】页面
3. 规则配置正确
4. 保存成功
5. 新增一条多表比对记录","1. 
2. 
3. 
4. 
5.","","1","功能测试","功能测试阶段","正常","0","2","5","失败","可颂","2025-12-15","可颂","2025-12-15","1","",""
"170750","数据资产_STD(#23)","/版本迭代测试用例/v6.4.6/【gate二期】支持跨源做行数对比(#9776)","","数据质量/多表对比 验证跨源数据对比问号提示","无","1. 进入「数据质量-新建多表检验」，查看跨源数据对比后的问号提示","1. 提示：“支持Doris、mysql、oracle、starroks、hive、clickhouse、oceanbase、PostgreSQL之间的跨源数据比对，比对内容仅支持行数差异比对”","1.","","2","功能测试","功能测试阶段","正常","0","1","1","通过","可颂","2025-12-15","旺仔","2025-12-24","1","",""
"170749","数据资产_STD(#23)","/版本迭代测试用例/v6.4.6/【gate二期】支持跨源做行数对比(#9776)","","数据质量/多表对比 验证同源-不支持clickhouse/oceanbase/pgsql数据源","已存在clickhouse/oceanbase/pgsql授权给数据质量项目","1. 新建多表比对-同源，查看数据源下拉框","1. 不存在clickhouse/oceanbase/pgsql的数据源","1.","","2","功能测试","功能测试阶段","正常","0","1","1","通过","可颂","2025-12-15","旺仔","2025-12-24","1","",""
"170748","数据资产_STD(#23)","/版本迭代测试用例/v6.4.6/【gate二期】支持跨源做行数对比(#9776)","","数据质量/多表对比 验证规则集-不支持clickhouse/oceanbase/pgsql数据源","已存在clickhouse/oceanbase/pgsql授权给数据质量项目","1. 新建规则集，查看数据源下拉框","1. 不存在clickhouse/oceanbase/pgsql的数据源","1.","","2","功能测试","功能测试阶段","正常","0","1","1","通过","可颂","2025-12-15","旺仔","2025-12-24","1","",""
"170747","数据资产_STD(#23)","/版本迭代测试用例/v6.4.6/【gate二期】支持跨源做行数对比(#9776)","","数据质量/多表对比 验证单表规则-不支持clickhouse/oceanbase/pgsql数据源","已存在clickhouse/oceanbase/pgsql授权给数据质量项目","1. 新建单表校验，查看数据源下拉框","1. 不存在clickhouse/oceanbase/pgsql的数据源","1.","","2","功能测试","功能测试阶段","正常","0","1","1","通过","可颂","2025-12-15","旺仔","2025-12-24","1","",""
"170746","数据资产_STD(#23)","/版本迭代测试用例/v6.4.6/【gate二期】支持跨源做行数对比(#9776)","","平台管理/数据源管理 验证质量支持pgsql数据源功能正常","资产已引入pgsql数据源","1. 查看「数据源列表」中，前置pgsql数据源的“支持模块“展示
2. 查看“质量项目授权”按钮
3. 点击“质量项目授权”按钮
4. 选择项目test，点击确定
5. 进入「数据质量-项目test」，新建多表规则，查看数据源","1. 展示：元数据、数据质量
2. 允许点击
3. 弹出“质量项目授权弹窗”
4. 授权成功
5. 允许选择pgsql数据源","1. 
2. 
3. 
4. 
5.","","2","功能测试","功能测试阶段","正常","0","1","5","通过","可颂","2025-12-15","旺仔","2025-12-24","2","",""
"170745","数据资产_STD(#23)","/版本迭代测试用例/v6.4.6/【gate二期】支持跨源做行数对比(#9776)","","平台管理/数据源管理 验证质量支持oceanbase数据源功能正常","资产已引入oceanbase数据源","1. 查看「数据源列表」中，前置oceanbase数据源的“支持模块“展示
2. 查看“质量项目授权”按钮
3. 点击“质量项目授权”按钮
4. 选择项目test，点击确定
5. 进入「数据质量-项目test」，新建多表规则，查看数据源","1. 展示：元数据、数据质量
2. 允许点击
3. 弹出“质量项目授权弹窗”
4. 授权成功
5. 允许选择oceanbase数据源","1. 
2. 
3. 
4. 
5.","","2","功能测试","功能测试阶段","正常","0","1","5","通过","可颂","2025-12-15","旺仔","2025-12-24","1","",""
"170744","数据资产_STD(#23)","/版本迭代测试用例/v6.4.6/【gate二期】支持跨源做行数对比(#9776)","","平台管理/数据源管理 验证质量支持clickhouse数据源功能正常","资产已引入clickhouse数据源","1. 查看「数据源列表」中，前置clickhouse数据源的“支持模块“展示
2. 查看“质量项目授权”按钮
3. 点击“质量项目授权”按钮
4. 选择项目test，点击确定
5. 进入「数据质量-项目test」，新建多表规则，查看数据源","1. 展示：数据质量
2. 允许点击
3. 弹出“质量项目授权弹窗”
4. 授权成功
5. 允许选择clickhouse数据源","1. 
2. 
3. 
4. 
5.","","2","功能测试","功能测试阶段","正常","0","2","5","通过","可颂","2025-12-15","旺仔","2025-12-24","1","",""
"170743","数据资产_STD(#23)","/版本迭代测试用例/v6.4.6/【gate二期】支持跨源做行数对比(#9776)","","平台管理/数据源管理 验证【引入clickhouse数据源】功能","数据源中心已存在clickhouse数据源，授权给资产","1. 点击「引入数据源」
2. 查看「引入数据源弹窗」
3. 勾选前置中的clickhouse数据源，点击确定","1. 弹出「引入数据源弹窗」
2. 展示前置中的clickhouse数据源
3. 引入成功","1. 
2. 
3.","","2","功能测试","功能测试阶段","正常","0","2","3","通过","可颂","2025-12-15","旺仔","2025-12-24","1","",""
"170742","数据资产_STD(#23)","/版本迭代测试用例/v6.4.6/【gate二期】支持跨源做行数对比(#9776)","","公共管理 验证clickhouse【数据源授权】给资产功能","无","1. 新建数据源，选择clickhouse数据源
2. 查看页面展示","1. 进入产品授权页面
2. 授权产品新增“数据资产”","1. 
2.","","2","功能测试","功能测试阶段","正常","0","1","2","通过","可颂","2025-12-15","旺仔","2025-12-24","1","",""
"170741","数据资产_STD(#23)","/版本迭代测试用例/v6.4.6/【gate二期】引入表支持doris(#9775)","","数据模型/规范建表 验证引入表-表负责人更新功能","1）ods_bu_corp_test_df_prod，没有表负责人

2）ods_bu_corp_test_df_prod，已存在表负责人test，","1. 用户user，点击引入表，选择前置中的数据表，点击下一步
2. 点击确定
3. 引入完成后，查看两张表的负责人","1. 进入「数据表引入」弹窗
2. 提示“已开始进行数据表引入，若需要查看引入进度请前往 引入记录 模块查看”。
3. 负责人均为user","1. 
2. 
3.","","2","功能测试","功能测试阶段","正常","1","2","3","通过","可颂","2025-12-15","","0000-00-00","1","",""
"170740","数据资产_STD(#23)","/版本迭代测试用例/v6.4.6/【gate二期】引入表支持doris(#9775)","","数据模型/规范建表 验证引入表-标准映射-字段绑定正确","1）规范匹配，字段全匹配：
ods_bu_corp_test_df_prod，编号-id-id，姓名name-name

2）规范匹配，字段部分匹配：
ods_bu_corp_test_df_prod，编号-id1-id1，姓名name-name

3）规范匹配，字段不匹配：ods_bu_corp_test1_df_prod，编号-id1-id1，姓名-name1-name1


三张表均已引入至数据模型","1. 进入「数据标准-标准映射」，查看字段id、name的字段绑定记录","1. 1）id绑定表ods_bu_corp_test_df_prod字段id2）name绑定表ods_bu_corp_test_df_prod的字段name、ods_bu_corp_test_df_prod的字段name","1.","","2","功能测试","功能测试阶段","正常","0","2","1","通过","可颂","2025-12-15","","0000-00-00","1","",""
"170739","数据资产_STD(#23)","/版本迭代测试用例/v6.4.6/【gate二期】引入表支持doris(#9775)","","数据模型/规范建表 验证引入表-标准匹配-查看表详情功能正确","1）规范匹配，字段全匹配：
ods_bu_corp_test_df_prod，编号-id-id，姓名name-name

2）规范匹配，字段部分匹配：
ods_bu_corp_test_df_prod，编号-id1-id1，姓名name-name

3）规范匹配，字段不匹配：ods_bu_corp_test1_df_prod，编号-id1-id1，姓名-name1-name1


三张表均已引入至数据模型","1. 点击表1的名称，进入详情页，查看展示
2. 点击表2的名称，进入详情页，查看展示
3. 点击表3的名称，进入详情页，查看展示","1. 表1字段id、name都有标准标识
2. 字段name有标准标识
3. 字段id、name没有标准标识","1. 
2. 
3.","","2","功能测试","功能测试阶段","正常","0","2","3","通过","可颂","2025-12-15","","0000-00-00","1","",""
"170738","数据资产_STD(#23)","/版本迭代测试用例/v6.4.6/【gate二期】引入表支持doris(#9775)","","数据模型/规范建表 验证引入表-编辑-字段匹配功能","<p>
  <p style=“font-size:14px;background-color:#FFFFFF;“>1）规范匹配，字段全匹配： ods_bu_corp_test_df_prod，编号-id-id，姓名name-name&nbsp;</p>
  <p style=“font-size:14px;background-color:#FFFFFF;“>2）规范匹配，字段部分匹配： ods_bu_corp_test_df_prod，编号1-id-id，姓名-name-name&nbsp;</p>
  <p style=“font-size:14px;background-color:#FFFFFF;“>3）规范匹配，字段不匹配：ods_bu_corp_test1_df_prod，编号1-id-id，姓名1-name-name&nbsp;</p>
  <p style=“font-size:14px;background-color:#FFFFFF;“><br /></p>
<span></span></p>
<p>三张表均已引入至数据模型</p>
<p><br /></p>
<p>
  <p style=“font-size:14px;background-color:#FFFFFF;“><br /></p>
</p>","1. 点击表1模型的编辑按钮，查看「表结构」页面
2. 点击表2模型的编辑按钮，查看「表结构」页面
3. 点击表3模型的编辑按钮，查看「表结构」页面","1. 字段id绑定标准“编号”；字段name绑定标准“姓名”
2. 字段name已绑定标准“姓名”
3. 没有字段绑定标准","1. 
2. 
3.","","1","功能测试","功能测试阶段","正常","0","3","3","通过","可颂","2025-12-15","可颂","2025-12-18","1","",""
"170737","数据资产_STD(#23)","/版本迭代测试用例/v6.4.6/【gate二期】引入表支持doris(#9775)","","数据模型/规范建表 验证引入表-明细表-编辑功能","已存在明细表被引入","1. 编辑前置表
2. 查看「基础信息」
3. 查看「表结构」
4. 添加字段test
5. 修改表中文名、生命周期
6. 点击“建表”
7. 点击“确定”
8. 查看表详情","1. 进入编辑模型页面
2. 1）数仓层级回填正确，不可修改2）表名正确，不可修改3）数据模型类型：明细表，不可修改4）表中名和生命周期回填正确，允许修改
3. 字段展示正确，标准绑定正确，是否主键、非null、默认值展示正确。不能对原有字段进行编辑。
4. 只支持设置中文名、字段名、数据类型、非null；不支持设置排序键、分桶信息
5. 修改成功
6. 建表sql正确
7. 编辑成功
8. 表详情正确","1. 
2. 
3. 
4. 
5. 
6. 
7. 
8.","","2","功能测试","功能测试阶段","正常","0","1","8","通过","可颂","2025-12-15","","0000-00-00","1","",""
"170736","数据资产_STD(#23)","/版本迭代测试用例/v6.4.6/【gate二期】引入表支持doris(#9775)","","数据模型/规范建表 验证引入表-聚合表-编辑功能","已存在聚合表被引入","1. 编辑前置表
2. 查看「基础信息」
3. 查看「表结构」
4. 添加字段test
5. 修改表中文名、生命周期
6. 点击“建表”
7. 点击“确定”
8. 查看表详情","1. 进入编辑模型页面
2. 1）数仓层级回填正确，不可修改2）表名正确，不可修改3）数据模型类型：聚合表，不可修改4）表中名和生命周期回填正确，允许修改
3. 字段展示正确，标准绑定正确，是否主键、非null、默认值展示正确。不能对原有字段进行编辑。
4. 只支持设置中文名、字段名、数据类型、指标列、聚合函数、非null；不支持设置排序键、分桶信息。
5. 修改成功
6. 建表sql正确
7. 编辑成功
8. 表详情正确","1. 
2. 
3. 
4. 指标列不对http://zenpms.dtstack.cn/zentao/bug-view-142727.html
5. 
6. 
7. 
8.","","2","功能测试","功能测试阶段","正常","0","1","8","失败","可颂","2025-12-15","","0000-00-00","1","",""
"170735","数据资产_STD(#23)","/版本迭代测试用例/v6.4.6/【gate二期】引入表支持doris(#9775)","","数据模型/规范建表 验证引入表-主键表-编辑功能","已存在主键表被引入","1. 编辑前置表
2. 查看「基础信息」
3. 查看「表结构」
4. 添加字段test
5. 修改表中文名、生命周期、动态分区的PROPERTIES设置属性
6. 点击“建表”
7. 点击“确定”
8. 查看表详情","1. 进入编辑模型页面
2. 1）数仓层级回填正确，不可修改2）表名正确，不可修改3）数据模型类型：主键表，不可修改4）表中名和生命周期回填正确，允许修改
3. 字段展示正确，标准绑定正确，是否主键、非null、默认值展示正确。不能对原有字段进行编辑。
4. 只支持设置中文名、字段名、数据类型、动态分区的PROPERTIES设置属性、非null；不支持设置主键、分桶信息。
5. 修改成功
6. 建表sql正确
7. 编辑成功
8. 表详情正确","1. 
2. 
3. 
4. 未返回
5. 
6. 
7. 
8.","","2","功能测试","功能测试阶段","正常","0","1","8","失败","可颂","2025-12-15","","0000-00-00","1","",""
"170734","数据资产_STD(#23)","/版本迭代测试用例/v6.4.6/【gate二期】引入表支持doris(#9775)","","数据模型/数据表引入记录 验证引入失败-查看日志功能","1）规范匹配，字段全匹配：
ods_bu_corp_test_df_prod，编号-id-id，姓名name-name","1. 点击引入表，选择前置中的数据表，点击下一步
2. 新开页面，进入ods_bu_corp_test_df_prod详情页，删除源表
3. 返回引入表，点击确定
4. 进入「引入记录」，点击“查看引入表”
5. 点击“查看日志”","1. 进入「数据表引入」弹窗
2. 删除成功
3. 提示“已开始进行数据表引入，若需要查看引入进度请前往 引入记录 模块查看”。
4. 引入失败
5. 报错表不存在","1. 
2. 
3. 
4. 
5.","","2","功能测试","功能测试阶段","正常","0","1","5","通过","可颂","2025-12-15","","0000-00-00","1","",""
"170733","数据资产_STD(#23)","/版本迭代测试用例/v6.4.6/【gate二期】引入表支持doris(#9775)","","数据模型/数据表引入记录 验证【标准匹配情况】正确","<p>1）规范匹配，字段全匹配：
ods_bu_corp_test_df_prod，编号-id-id，姓名name-name&nbsp;</p>
<p>2）规范匹配，字段部分匹配：
ods_bu_corp_test_df_prod，编号1-id-id，姓名-name-name&nbsp;</p>
<p>3）规范匹配，字段不匹配：ods_bu_corp_test1_df_prod，编号1-id-id，姓名1-name-name&nbsp;</p>
<p>4）规范不匹配，字段全匹配：
ods_bu_test_df_prod，编号-id-id，姓名-name-name&nbsp;</p>
<p>5）规范不匹配，字段全匹配：
ods_bu_test_df_prod，编号1-id-id，姓名-name-name&nbsp;</p>
<p>6）规范不匹配，字段不匹配：
ods_bu_test1_df_prod，编号1-id1-id1，姓名1-<span>name-name</span></p>","1. 点击引入表，选择前置中的数据表，点击下一步
2. 点击确定
3. 进入「引入记录」页面查看
4. 点击“查看引入表”
5. 查看表1-3的表详情","1. 进入「数据表引入」弹窗
2. 提示“已开始进行数据表引入，若需要查看引入进度请前往 引入记录 模块查看”。
3. 新增一条记录
4. 1）表 1:引入成功-字段均匹配标准2）表2:引入成功-字段存在未匹配标准3）表3:引入成功-字段存在未匹配标准4）表4:匹配失败-字段均匹配标准5）表5:匹配失败-字段存在未匹配标准6）表6:匹配失败-字段存在未匹配标准
5. 1）表1字段id、name都有标准标识2）表2字段name有标准标识3）表3字段id、name没有标准标识","1. 
2. 
3. 
4. 全匹配提示存在字段未匹配
5.","","1","功能测试","功能测试阶段","正常","2","2","5","失败","可颂","2025-12-15","可颂","2025-12-18","1","",""
"170732","数据资产_STD(#23)","/版本迭代测试用例/v6.4.6/【gate二期】引入表支持doris(#9775)","","数据模型/数据表引入记录 验证【查看引入表】数据正确","1、规范设计ODS-业务系统-自定义内容-更新方式-主题域
2、数据源S_doris-数据库B_doris已存在表，且已同步到资产：
符合规范：ods_bu_corp_test_df_prod
不符合业务系统：ods_bu_hhh_df_prod
不符合数仓层级：bu_hhh_prod
不符合更新方式：ods_bu_corp_hhh_prod
不符合主题域：ods_bu_corp_test_hhh_df_pro
不符合自定义：ods_bu_corp","1. 点击引入表，选择前置中的数据表，点击下一步
2. 点击确定
3. 进入「引入记录」页面查看
4. 点击“查看引入表”
5. 运行完成后，查看结果","1. 进入「数据表引入」弹窗
2. 提示“已开始进行数据表引入，若需要查看引入进度请前往 引入记录 模块查看”。
3. 新增一条记录
4. 展开「任务名称XXX-引入表」侧边栏：1）有搜索框和列表（数据库、数据表、引入结果、失败原因、标准匹配情况、操作）2）有6条数据，数据正确
5. 引入结果正确","1. 
2. 
3. 
4. 
5.","","2","功能测试","功能测试阶段","正常","0","1","5","通过","可颂","2025-12-15","","0000-00-00","1","",""
"170731","数据资产_STD(#23)","/版本迭代测试用例/v6.4.6/【gate二期】引入表支持doris(#9775)","","数据模型/数据表引入记录 验证数据表【引入记录】数据正确","1、规范设计ODS-业务系统-自定义内容-更新方式-主题域
2、数据源S_doris-数据库B_doris已存在表，且已同步到资产：
符合规范：ods_bu_corp_test_df_prod
不符合业务系统：ods_bu_hhh_df_prod
不符合数仓层级：bu_hhh_prod
不符合更新方式：ods_bu_corp_hhh_prod
不符合主题域：ods_bu_corp_test_hhh_df_pro
不符合自定义：ods_bu_corp","1. 点击引入表，选择前置中的数据表，点击下一步
2. 点击确定
3. 进入「引入记录」页面查看","1. 进入「数据表引入」弹窗
2. 提示“已开始进行数据表引入，若需要查看引入进度请前往 引入记录 模块查看”。
3. 新增一条记录：任务名称为：“B_doris_时间戳”引入表数量为：6数据源：S_doris数据库：B_doris操作用户：XXX其他数据展示正确，状态为：执行中","1. 
2. 
3.","","2","功能测试","功能测试阶段","正常","0","1","3","通过","可颂","2025-12-15","","0000-00-00","1","",""
"170730","数据资产_STD(#23)","/版本迭代测试用例/v6.4.6/【gate二期】引入表支持doris(#9775)","","数据模型/引入表 验证自定义内容在最后-不符合自定义内容","1、规范设计ODS-业务系统-更新方式-主题域-自定义内容
2、doris已存在表，且已同步到资产：
符合规范：ods_bu_corp_df_prod_test、ods_bu_corp_df_prod_test_test

不符合业务系统：ods_bu_df_prod_test
不符合数仓层级：bu_corp_df_prod_test
不符合更新方式：ods_bu_corp_prod_test
不符合主题域：ods_bu_corp_df_pro_test
不符合自定义：ods_bu_corp_df_prod","1. 点击引入表
2. 选择数据源、数据库，选择前置中的表7
3. 点击下一步
4. 查看「引入表弹窗」
5. 点击“确定”","1. 弹出「引入表弹窗」
2. 选择成功，回填正确
3. 弹出「引入表弹窗」
4. 1）上方展示：经匹配，符合规范设计的数据表共0个，不符合规范设计的表共1个，以下是不符合规范设计的数据表列表：2）下方展示表7，备注：自定义内容无法匹配
5. 提示：无可引入的数据表","1. 
2. 
3. 
4. 
5.","","2","功能测试","功能测试阶段","正常","0","1","5","通过","可颂","2025-12-15","","0000-00-00","1","",""
"170729","数据资产_STD(#23)","/版本迭代测试用例/v6.4.6/【gate二期】引入表支持doris(#9775)","","数据模型/引入表 验证自定义内容在最后-不符合主题域","1、规范设计ODS-业务系统-更新方式-主题域-自定义内容
2、doris已存在表，且已同步到资产：
符合规范：ods_bu_corp_df_prod_test、ods_bu_corp_df_prod_test_test

不符合业务系统：ods_bu_df_prod_test
不符合数仓层级：bu_corp_df_prod_test
不符合更新方式：ods_bu_corp_prod_test
不符合主题域：ods_bu_corp_df_pro_test
不符合自定义：ods_bu_corp_df_prod","1. 点击引入表
2. 选择数据源、数据库，选择前置中的表6
3. 点击下一步
4. 查看「引入表弹窗」
5. 点击“确定”","1. 弹出「引入表弹窗」
2. 选择成功，回填正确
3. 弹出「引入表弹窗」
4. 1）上方展示：经匹配，符合规范设计的数据表共0个，不符合规范设计的表共1个，以下是不符合规范设计的数据表列表：2）下方展示表6，备注：主题域无法匹配
5. 提示：无可引入的数据表","1. 
2. 
3. 
4. 
5.","","2","功能测试","功能测试阶段","正常","0","1","5","通过","可颂","2025-12-15","","0000-00-00","1","",""
"170728","数据资产_STD(#23)","/版本迭代测试用例/v6.4.6/【gate二期】引入表支持doris(#9775)","","数据模型/引入表 验证自定义内容在最后-不符合更新方式","1、规范设计ODS-业务系统-更新方式-主题域-自定义内容
2、doris已存在表，且已同步到资产：
符合规范：ods_bu_corp_df_prod_test、ods_bu_corp_df_prod_test_test

不符合业务系统：ods_bu_df_prod_test
不符合数仓层级：bu_corp_df_prod_test
不符合更新方式：ods_bu_corp_prod_test
不符合主题域：ods_bu_corp_df_pro_test
不符合自定义：ods_bu_corp_df_prod","1. 点击引入表
2. 选择数据源、数据库，选择前置中的表5
3. 点击下一步
4. 查看「引入表弹窗」
5. 点击“确定”","1. 弹出「引入表弹窗」
2. 选择成功，回填正确
3. 弹出「引入表弹窗」
4. 1）上方展示：经匹配，符合规范设计的数据表共0个，不符合规范设计的表共1个，以下是不符合规范设计的数据表列表：2）下方展示表5，备注：更新方式无法匹配
5. 提示：无可引入的数据表","1. 
2. 
3. 
4. 
5.","","2","功能测试","功能测试阶段","正常","0","1","5","通过","可颂","2025-12-15","","0000-00-00","1","",""
"170727","数据资产_STD(#23)","/版本迭代测试用例/v6.4.6/【gate二期】引入表支持doris(#9775)","","数据模型/引入表 验证自定义内容在最后-不符合数仓层级","1、规范设计ODS-业务系统-更新方式-主题域-自定义内容
2、doris已存在表，且已同步到资产：
符合规范：ods_bu_corp_df_prod_test、ods_bu_corp_df_prod_test_test

不符合业务系统：ods_bu_df_prod_test
不符合数仓层级：bu_corp_df_prod_test
不符合更新方式：ods_bu_corp_prod_test
不符合主题域：ods_bu_corp_df_pro_test
不符合自定义：ods_bu_corp_df_prod","1. 点击引入表
2. 选择数据源、数据库，选择前置中的表4
3. 点击下一步
4. 查看「引入表弹窗」
5. 点击“确定”","1. 弹出「引入表弹窗」
2. 选择成功，回填正确
3. 弹出「引入表弹窗」
4. 1）上方展示：经匹配，符合规范设计的数据表共0个，不符合规范设计的表共1个，以下是不符合规范设计的数据表列表：2）下方展示表4，备注：数仓层级无法匹配
5. 提示：无可引入的数据表","1. 
2. 
3. 
4. 
5.","","2","功能测试","功能测试阶段","正常","0","1","5","通过","可颂","2025-12-15","","0000-00-00","1","",""
"170726","数据资产_STD(#23)","/版本迭代测试用例/v6.4.6/【gate二期】引入表支持doris(#9775)","","数据模型/引入表 验证自定义内容在最后-不符合业务系统","1、规范设计ODS-业务系统-更新方式-主题域-自定义内容
2、doris已存在表，且已同步到资产：
符合规范：ods_bu_corp_df_prod_test、ods_bu_corp_df_prod_test_test

不符合业务系统：ods_bu_df_prod_test
不符合数仓层级：bu_corp_df_prod_test
不符合更新方式：ods_bu_corp_prod_test
不符合主题域：ods_bu_corp_df_pro_test
不符合自定义：ods_bu_corp_df_prod","1. 点击引入表
2. 选择数据源、数据库，选择前置中的表3
3. 点击下一步
4. 查看「引入表弹窗」
5. 点击“确定”","1. 弹出「引入表弹窗」
2. 选择成功，回填正确
3. 弹出「引入表弹窗」
4. 1）上方展示：经匹配，符合规范设计的数据表共0个，不符合规范设计的表共1个，以下是不符合规范设计的数据表列表：2）下方展示表3，备注：业务系统无法匹配
5. 提示：无可引入的数据表","1. 
2. 
3. 
4. 
5.","","2","功能测试","功能测试阶段","正常","0","1","5","通过","可颂","2025-12-15","","0000-00-00","1","",""
"170725","数据资产_STD(#23)","/版本迭代测试用例/v6.4.6/【gate二期】引入表支持doris(#9775)","","数据模型/引入表 验证自定义内容在最后-符合规范设计匹配","1、规范设计ODS-业务系统-更新方式-主题域-自定义内容
2、doris已存在表，且已同步到资产：
符合规范：ods_bu_corp_df_prod_test、ods_bu_corp_df_prod_test_test
不符合业务系统：ods_bu_df_prod_test
不符合数仓层级：bu_corp_df_prod_test
不符合更新方式：ods_bu_corp_prod_test
不符合主题域：ods_bu_corp_df_pro_test
不符合自定义：ods_bu_corp_df_prod","1. 点击引入表
2. 选择数据源、数据库，选择前置中的表1、2
3. 点击下一步
4. 引入完成后查看结果","1. 弹出「引入表弹窗」
2. 选择成功，回填正确
3. 提示“已开始进行数据表引入，若需要查看引入进度请前往 引入记录 模块查看”。
4. 引入成功，新增两个模型","1. 
2. 
3. 
4.","","1","功能测试","功能测试阶段","正常","0","3","4","通过","可颂","2025-12-15","可颂","2025-12-22","1","",""
"170724","数据资产_STD(#23)","/版本迭代测试用例/v6.4.6/【gate二期】引入表支持doris(#9775)","","数据模型/引入表 验证自定义内容在中间-特殊场景","1、规范设计ODS-业务系统-自定义内容-更新方式-主题域
2、doris已存在表，且已同步到资产：
ods_bu_corp_df_df_prod（自定义df和更新方式df同名）
ods_bu_corp_test_df_df_prod（自定义test_df,包含更新方式）","1. 点击引入表
2. 选择数据源、数据库，选择前置中的表6
3. 点击下一步
4. 查看「引入表弹窗」
5. 点击“确定”","1. 弹出「引入表弹窗」
2. 选择成功，回填正确
3. 弹出「引入表弹窗」
4. 1）上方展示：经匹配，符合规范设计的数据表共0个，不符合规范设计的表共1个，以下是不符合规范设计的数据表列表：2）下方展示表6，备注：业务系统无法匹配
5. 提示：无可引入的数据表","1. 
2. 
3. 
4. 
5.","","3","功能测试","功能测试阶段","正常","1","2","5","通过","可颂","2025-12-15","可颂","2025-12-15","1","",""
"170723","数据资产_STD(#23)","/版本迭代测试用例/v6.4.6/【gate二期】引入表支持doris(#9775)","","数据模型/引入表 验证自定义内容在中间-不符合自定义内容","1、规范设计ODS-业务系统-自定义内容-更新方式-主题域
2、doris已存在表，且已同步到资产：
符合规范：ods_bu_corp_test_df_prod
不符合业务系统：ods_bu_hhh_df_prod
不符合数仓层级：bu_hhh_prod
不符合更新方式：ods_bu_corp_hhh_prod
不符合主题域：ods_bu_corp_test_hhh_df_pro
不符合自定义：ods_bu_corp","1. 点击引入表
2. 选择数据源、数据库，选择前置中的表6
3. 点击下一步
4. 查看「引入表弹窗」
5. 点击“确定”","1. 弹出「引入表弹窗」
2. 选择成功，回填正确
3. 弹出「引入表弹窗」
4. 1）上方展示：经匹配，符合规范设计的数据表共0个，不符合规范设计的表共1个，以下是不符合规范设计的数据表列表：2）下方展示表6，备注：业务系统无法匹配
5. 提示：无可引入的数据表","1. 
2. 
3. 
4. 
5.","","2","功能测试","功能测试阶段","正常","0","1","5","通过","可颂","2025-12-15","","0000-00-00","1","",""
"170722","数据资产_STD(#23)","/版本迭代测试用例/v6.4.6/【gate二期】引入表支持doris(#9775)","","数据模型/引入表 验证自定义内容在中间-不符合主题域","1、规范设计ODS-业务系统-自定义内容-更新方式-主题域
2、doris已存在表，且已同步到资产：
符合规范：ods_bu_corp_test_df_prod
不符合业务系统：ods_bu_hhh_df_prod
不符合数仓层级：bu_hhh_prod
不符合更新方式：ods_bu_corp_hhh_prod
不符合主题域：ods_bu_corp_test_hhh_df_pro
不符合自定义：ods_bu_corp","1. 点击引入表
2. 选择数据源、数据库，选择前置中的表5
3. 点击下一步
4. 查看「引入表弹窗」
5. 点击“确定”","1. 弹出「引入表弹窗」
2. 选择成功，回填正确
3. 弹出「引入表弹窗」
4. 1）上方展示：经匹配，符合规范设计的数据表共0个，不符合规范设计的表共1个，以下是不符合规范设计的数据表列表：2）下方展示表5，备注：主题域无法匹配
5. 提示：无可引入的数据表","1. 
2. 
3. 
4. 
5.","","2","功能测试","功能测试阶段","正常","0","1","5","通过","可颂","2025-12-15","","0000-00-00","1","",""
"170721","数据资产_STD(#23)","/版本迭代测试用例/v6.4.6/【gate二期】引入表支持doris(#9775)","","数据模型/引入表 验证自定义内容在中间-不符合更新方式","1、规范设计ODS-业务系统-自定义内容-更新方式-主题域
2、doris已存在表，且已同步到资产：
符合规范：ods_bu_corp_test_df_prod
不符合业务系统：ods_bu_hhh_df_prod
不符合数仓层级：bu_hhh_prod
不符合更新方式：ods_bu_corp_hhh_prod
不符合主题域：ods_bu_corp_test_hhh_df_pro
不符合自定义：ods_bu_corp","1. 点击引入表
2. 选择数据源、数据库，选择前置中的表4
3. 点击下一步
4. 查看「引入表弹窗」
5. 点击“确定”","1. 弹出「引入表弹窗」
2. 选择成功，回填正确
3. 弹出「引入表弹窗」
4. 1）上方展示：经匹配，符合规范设计的数据表共0个，不符合规范设计的表共1个，以下是不符合规范设计的数据表列表：2）下方展示表4，备注：更新方式无法匹配
5. 提示：无可引入的数据表","1. 
2. 
3. 
4. 
5.","","2","功能测试","功能测试阶段","正常","0","1","5","通过","可颂","2025-12-15","","0000-00-00","1","",""
"170720","数据资产_STD(#23)","/版本迭代测试用例/v6.4.6/【gate二期】引入表支持doris(#9775)","","数据模型/引入表 验证自定义内容在中间-不符合数仓层级","1、规范设计ODS-业务系统-自定义内容-更新方式-主题域
2、doris已存在表，且已同步到资产：
符合规范：ods_bu_corp_test_df_prod
不符合业务系统：ods_bu_hhh_df_prod
不符合数仓层级：bu_hhh_prod
不符合更新方式：ods_bu_corp_hhh_prod
不符合主题域：ods_bu_corp_test_hhh_df_pro
不符合自定义：ods_bu_corp","1. 点击引入表
2. 选择数据源、数据库，选择前置中的表3
3. 点击下一步
4. 查看「引入表弹窗」
5. 点击“确定”","1. 弹出「引入表弹窗」
2. 选择成功，回填正确
3. 弹出「引入表弹窗」
4. 1）上方展示：经匹配，符合规范设计的数据表共0个，不符合规范设计的表共1个，以下是不符合规范设计的数据表列表：2）下方展示表3，备注：数仓层级无法匹配
5. 提示：无可引入的数据表","1. 
2. 
3. 
4. 
5.","","2","功能测试","功能测试阶段","正常","0","1","5","通过","可颂","2025-12-15","","0000-00-00","1","",""
"170719","数据资产_STD(#23)","/版本迭代测试用例/v6.4.6/【gate二期】引入表支持doris(#9775)","","数据模型/引入表 验证自定义内容在中间-不符合业务系统","1、规范设计ODS-业务系统-自定义内容-更新方式-主题域
2、doris已存在表，且已同步到资产：
符合规范：ods_bu_corp_test_df_prod
不符合业务系统：ods_bu_hhh_df_prod
不符合数仓层级：bu_hhh_prod
不符合更新方式：ods_bu_corp_hhh_prod
不符合主题域：ods_bu_corp_test_hhh_df_pro
不符合自定义：ods_bu_corp","1. 点击引入表
2. 选择数据源、数据库，选择前置中的表2
3. 点击下一步
4. 查看「引入表弹窗」
5. 点击“确定”","1. 弹出「引入表弹窗」
2. 选择成功，回填正确
3. 弹出「引入表弹窗」
4. 1）上方展示：经匹配，符合规范设计的数据表共0个，不符合规范设计的表共1个，以下是不符合规范设计的数据表列表：2）下方展示表2，备注：业务系统无法匹配
5. 提示：无可引入的数据表","1. 
2. 
3. 
4. 
5.","","2","功能测试","功能测试阶段","正常","0","1","5","通过","可颂","2025-12-15","可颂","2025-12-20","1","",""
"170718","数据资产_STD(#23)","/版本迭代测试用例/v6.4.6/【gate二期】引入表支持doris(#9775)","","数据模型/引入表 验证自定义内容在中间-符合规范设计匹配","1、规范设计ODS-业务系统-自定义内容-更新方式-主题域
2、doris已存在表，且已同步到资产：
符合规范：ods_bu_corp_test_df_prod
不符合业务系统：ods_bu_hhh_df_prod
不符合数仓层级：bu_hhh_prod
不符合更新方式：ods_bu_corp_hhh_prod
不符合主题域：ods_bu_corp_test_hhh_df_pro
不符合自定义：ods_bu_corp","1. 点击引入表
2. 选择数据源、数据库，选择前置中的表1
3. 点击下一步
4. 引入完成后查看结果","1. 弹出「引入表弹窗」
2. 选择成功，回填正确
3. 提示“已开始进行数据表引入，若需要查看引入进度请前往 引入记录 模块查看”。
4. 引入成功，新增一个模型","1. 
2. 
3. 
4.","","1","功能测试","功能测试阶段","正常","0","3","4","通过","可颂","2025-12-15","可颂","2025-12-19","1","",""
"170717","数据资产_STD(#23)","/版本迭代测试用例/v6.4.6/【gate二期】引入表支持doris(#9775)","","数据模型/引入表 验证不同数据源-相同数据库-相同数据表引入功能","1、规范设计ODS-业务系统-自定义内容-更新方式-主题域
2、相似数据源s_doris1、s_doris2
数据库B_doris下已存在表ods_bu_corp_test_df_prod，且已同步到资产","1. 点击引入表，选择s_doris1-B_doris-ods_bu_corp_test_df_prod，点击确定
2. 引入完成后查看结果
3. 再次点击引入表，选择s_doris2-B_doris-ods_bu_corp_test_df_prod，点击确定
4. 引入完成后查看结果","1. 直接提示“已开始进行数据表引入，若需要查看引入进度请前往 引入记录 模块查看”；
2. 引入成功，新增一条模型记录，所属数据源为s_doris1
3. 直接提示“已开始进行数据表引入，若需要查看引入进度请前往 引入记录 模块查看”；
4. 引入成功，新增一条模型记录，所属数据源为s_doris2","1. 
2. 
3. 
4.","","2","功能测试","功能测试阶段","正常","0","1","4","通过","可颂","2025-12-15","可颂","2025-12-20","1","",""
"170716","数据资产_STD(#23)","/版本迭代测试用例/v6.4.6/【gate二期】引入表支持doris(#9775)","","数据模型/引入表 验证不存在符合规范的表，引入提示功能","1、规范设计ODS-业务系统-自定义内容-更新方式-主题域
2、doris已存在表，且已同步到资产：
符合规范：ods_bu_corp_test_df_prod
ods_crm_test1_df_prod
不符合业务系统：ods_bu_hhh_df_prod
不符合数仓层级：bu_hhh_prod
不符合更新方式：ods_bu_corp_hhh_prod
不符合主题域：ods_bu_corp_test_hhh_df_pro
不符合自定义：ods_bu_corp","1. 点击引入表
2. 选择数据源、数据库，选择前置中的表2-6
3. 点击下一步","1. 弹出「引入表弹窗」
2. 选择成功，回填正确
3. 提示：无可引入的数据表","1. 
2. 
3.","","2","功能测试","功能测试阶段","正常","0","1","3","通过","可颂","2025-12-15","可颂","2025-12-20","1","",""
"170715","数据资产_STD(#23)","/版本迭代测试用例/v6.4.6/【gate二期】引入表支持doris(#9775)","","数据模型/引入表 验证引入表-全部符合规范，引入功能","1、规范设计ODS-业务系统-自定义内容-更新方式-主题域
2、doris已存在表，且已同步到资产：
符合规范：ods_bu_corp_test_df_prod
ods_crm_test1_df_prod
不符合业务系统：ods_bu_hhh_df_prod
不符合数仓层级：bu_hhh_prod
不符合更新方式：ods_bu_corp_hhh_prod
不符合主题域：ods_bu_corp_test_hhh_df_pro
不符合自定义：ods_bu_corp","1. 点击引入表
2. 选择数据源、数据库，选择表：ods_bu_corp_test_df_prod、ods_crm_test1_df_prod
3. 点击下一步
4. 进入「引入记录」页面查看
5. 点击“查看引入表”","1. 弹出「引入表弹窗」
2. 选择成功，回填正确
3. 直接提示“已开始进行数据表引入，若需要查看引入进度请前往 引入记录 模块查看”；
4. 新增一条记录：任务名称为：“第一个数据库名称_操作时间戳”，例如testDB1_202410181536；引入表数量为：2其他数据展示正确，状态为：执行中
5. 展开「任务名称XXX-引入表」侧边栏有两条数据，运行完成后，引入结果为：引入成功","1. 
2. 
3. 
4. 
5.","","2","功能测试","功能测试阶段","正常","0","1","5","通过","可颂","2025-12-15","可颂","2025-12-20","1","",""
"170714","数据资产_STD(#23)","/版本迭代测试用例/v6.4.6/【gate二期】引入表支持doris(#9775)","","数据模型/引入表 验证引入表功能-部分符合规范，引入功能","1、规范设计ODS-业务系统-自定义内容-更新方式-主题域
2、doris已存在表，且已同步到资产：
符合规范：ods_bu_corp_test_df_prod
不符合业务系统：ods_bu_hhh_df_prod
不符合数仓层级：bu_hhh_prod
不符合更新方式：ods_bu_corp_hhh_prod
不符合主题域：ods_bu_corp_test_hhh_df_pro
不符合自定义：ods_bu_corp","1. 点击引入表
2. 选择数据源、数据库，选择前置中的表
3. 点击下一步
4. 查看「数据表引入」弹窗
5. 点击确定
6. 进入「引入记录-查看引入表」
7. 引入完成后查看结果
8. 查看「规范建表」页面","1. 弹出「引入表弹窗」
2. 选择成功，回填正确
3. 进入「数据表引入」弹窗
4. 1）上方展示：经匹配，符合规范设计的数据表共1个，不符合规范设计的表共5个，以下是不符合规范设计的数据表列表：2）下方展示前置的2-6张表，备注提示不符合规范设计的原因，原因与前置一致
5. 提示“已开始进行数据表引入，若需要查看引入进度请前往 引入记录 模块查看”。
6. 展开任务侧边栏，有6条数据，数据正确
7. 1条引入成功，其他的为匹配失败
8. 新增1条记录，表名为ods_bu_corp_test_df_prod，表来源为引入表","1. 
2. 
3. 
4. 
5. 
6. 
7. 
8.","","1","功能测试","功能测试阶段","正常","0","4","8","通过","可颂","2025-12-15","听筠","2025-12-30","1","",""
"170713","数据资产_STD(#23)","/版本迭代测试用例/v6.4.6/【gate二期】引入表支持doris(#9775)","","数据模型/引入表 验证引入表弹窗，选择doris数据源-交互","资产已引入doris数据源：source_doris","1. 点击引入表，选择doris数据源
2. 选择数据库
3. 查看数据表","1. 展示数据库与元数据管理-source_doris下的数据库一致
2. 展示数据表，与元数据管理-所选数据源-所选数据库下的数据表一致
3. 已经存在模型的表置灰","1. 
2. 
3.","","2","功能测试","功能测试阶段","正常","0","2","3","通过","可颂","2025-12-15","听筠","2025-12-30","1","",""
"170712","数据资产_STD(#23)","/版本迭代测试用例/v6.4.6/【gate二期】引入表支持doris(#9775)","","数据模型/引入表 验证引入表支持doris数据源","资产已引入doris数据源","1. 点击引入表，查看数据源","1. 存在doris数据源（doris2.x）","1.","","2","功能测试","功能测试阶段","正常","0","3","1","通过","可颂","2025-12-15","可颂","2025-12-20","1","",""
