"用例编号","所属产品","所属模块","相关需求","用例标题","前置条件","步骤","预期","实际情况","关键词","优先级","用例类型","适用阶段","用例状态","B","R","S","结果","由谁创建","创建日期","最后修改者","修改日期","用例版本","相关用例"
"179486","数据资产_STD(#23)","/版本迭代测试用例/v6.4.8/【规则调度设置】任务时长限制(#10220)","【岚图】【规则调度设置】任务时长限制(#15533)","验证编辑历史规则，配置「超时时间」功能正确","存在历史规则任务B","1. 进入「资产-数据质量」页面
2. 选择「规则B」，点击编辑，进入「调度属性」页
3. 查看「超时时间」区域
4. 编辑「超时时间」选择「自定义」
5. 配置为：00时05分，保存规则，且「调度属性」中配置「规则报告」为最新结果
6. 临时运行规则，查看实例详情及质量报告
7. 查看任务状态","1. 页面正常打开
2. 页面正常打开
3. 默认选择为「不限制」
4. 弹出时间配置框，可配置小时、分钟
5. 规则保存成功
6. 运行时间超过5分钟，该任务被自动杀掉，不再运行，未生成质量报告
7. 显示为“中途停止”","1. 
2. 
3. 
4. 
5. 
6. 
7.","","3","功能测试","功能测试阶段","正常","0","0","7","","听筠","2026-02-28","","0000-00-00","1","",""
"179485","数据资产_STD(#23)","/版本迭代测试用例/v6.4.8/【规则调度设置】任务时长限制(#10220)","【岚图】【规则调度设置】任务时长限制(#15533)","验证编辑不限制「超时时间」为自定义，功能正确","存在规则A为不限制「超时时间」","1. 进入「资产-数据质量」页面
2. 选择「规则A」，点击编辑，进入「调度属性」页
3. 查看「超时时间」区域
4. 编辑「超时时间」选择「自定义」
5. 配置为：00时05分，保存规则，且「调度属性」中配置「规则报告」为最新结果
6. 临时运行规则，查看实例详情及质量报告
7. 查看任务状态","1. 页面正常打开
2. 页面正常打开
3. 显示为「不限制」
4. 弹出时间配置框，可配置小时、分钟
5. 规则保存成功
6. 运行时间超过5分钟，该任务被自动杀掉，不再运行，未生成质量报告
7. 显示为“中途停止”","1. 
2. 
3. 
4. 
5. 
6. 
7.","","2","功能测试","功能测试阶段","正常","0","0","7","","听筠","2026-02-28","","0000-00-00","1","",""
"179484","数据资产_STD(#23)","/版本迭代测试用例/v6.4.8/【规则调度设置】任务时长限制(#10220)","【岚图】【规则调度设置】任务时长限制(#15533)","验证不限制「超时时间」功能正确","无","1. 进入「资产-数据质量-规则任务配置-监控对象」页面
2. 「规则名称」输入「test_rule」
「选择数据源」选择「${DATASOURCE}」
「选择数据库」选择「${DATABASE}」
「选择数据表」选择「${TABLE}」
3. 正确配置「监控规则」，进入「调度属性」配置页
4. 正确配置「调度属性」，「超时时间」选择「不限制」，保存规则，且「调度属性」中配置「规则报告」为最新结果
5. 临时运行规则，查看实例详情及质量报告","1. 页面正常打开
2. 监控对象配置成功；
进入「监控规则」配置页
3. 页面正常打开
4. 规则保存成功
5. 生成正确实例详情，质量报告展示正确","1. 
2. 
3. 
4. 
5.","","1","功能测试","功能测试阶段","正常","0","1","5","通过","听筠","2026-02-28","","0000-00-00","1","",""
"179483","数据资产_STD(#23)","/版本迭代测试用例/v6.4.8/【规则调度设置】任务时长限制(#10220)","【岚图】【规则调度设置】任务时长限制(#15533)","验证运行时长小于「超时时间」功能正确","无","1. 进入「资产-数据质量-规则任务配置-监控对象」页面
2. 「规则名称」输入「test_rule」
「选择数据源」选择「${DATASOURCE}」
「选择数据库」选择「${DATABASE}」
「选择数据表」选择「${TABLE}」
3. 正确配置「监控规则」，进入「调度属性」配置页
4. 正确配置「调度属性」，「超时时间」选择「自定义」
5. 配置为：10时00分，保存规则，且「调度属性」中配置「规则报告」为最新结果
6. 临时运行规则，查看实例详情及质量报告","1. 页面正常打开
2. 监控对象配置成功；
进入「监控规则」配置页
3. 页面正常打开
4. 弹出时间配置框，可配置小时、分钟
5. 规则保存成功
6. 运行时间小于10小时，生成正确实例详情，质量报告展示正确","1. 
2. 
3. 
4. 
5. 
6.","","2","功能测试","功能测试阶段","正常","0","0","6","","听筠","2026-02-28","","0000-00-00","1","",""
"179482","数据资产_STD(#23)","/版本迭代测试用例/v6.4.8/【规则调度设置】任务时长限制(#10220)","【岚图】【规则调度设置】任务时长限制(#15533)","验证运行时长大于「超时时间」功能正确","无","1. 进入「资产-数据质量-规则任务配置-监控对象」页面
2. 「规则名称」输入「test_rule」
「选择数据源」选择「${DATASOURCE}」
「选择数据库」选择「${DATABASE}」
「选择数据表」选择「${TABLE}」
3. 正确配置「监控规则」，进入「调度属性」配置页
4. 正确配置「调度属性」，「超时时间」选择「自定义」
5. 配置为：00时05分，保存规则，且「调度属性」中配置「规则报告」为最新结果
6. 临时运行规则，查看实例详情及质量报告
7. 查看任务状态","1. 页面正常打开
2. 监控对象配置成功；
进入「监控规则」配置页
3. 页面正常打开
4. 弹出时间配置框，可配置小时、分钟
5. 规则保存成功
6. 运行时间超过5分钟，该任务被自动杀掉，不再运行，未生成质量报告
7. 显示为“中途停止”","1. 
2. 
3. 
4. 
5. 
6. 
7.","","1","功能测试","功能测试阶段","正常","0","1","7","通过","听筠","2026-02-28","","0000-00-00","1","",""
"179481","数据资产_STD(#23)","/版本迭代测试用例/v6.4.8/【规则调度设置】任务时长限制(#10220)","【岚图】【规则调度设置】任务时长限制(#15533)","验证「超时时间」配置内容交互","无","1. 进入「资产-数据质量-规则任务管理-调度属性」页面
2. 查看区域配置内容
3. 鼠标悬浮“？”
4. 选择「自定义」
5. 点击小时下拉框
6. 点击分钟下拉框","1. 页面正常打开
2. 默认选择「不限制」
3. 悬浮提示：“任务运行时长大于超时时间时平台将对其强制杀死。”
4. 弹出时间配置框，可配置小时、分钟
5. 可选择“00～23”
6. 可选择“00～59”","1. 
2. 
3. 
4. 
5. 
6.","","2","功能测试","功能测试阶段","正常","0","0","6","","听筠","2026-02-28","","0000-00-00","1","",""
"179480","数据资产_STD(#23)","/版本迭代测试用例/v6.4.8/【规则调度设置】任务时长限制(#10220)","【岚图】【规则调度设置】任务时长限制(#15533)","验证「调度属性」页面新增「超时时间」","无","1. 进入「资产-数据质量-规则任务管理-调度属性」页面
2. 查看页面","1. 页面正常打开
2. 1）「调度配置」区域新增「超时时间」
2）可选择「不限制」和「自定义」","1. 
2.","","3","功能测试","功能测试阶段","正常","0","0","2","","听筠","2026-02-28","","0000-00-00","1","",""
"179479","数据资产_STD(#23)","/版本迭代测试用例/v6.4.8/【数据质量】菜单名称修改(#10221)","【岚图】【数据质量】菜单名称修改(#15520)","验证新建项目菜单名称正确修改","无","1. 进入「资产-数据质量」页面
2. 新建项目信息，并切换对应项目
3. 查看页面菜单","1. 页面正常打开
2. 项目新建成功，切换对应项目的页面
3. 1）「概览」名称改为「总览」
2）「规则任务配置」名称改为「规则任务管理」
3）「任务实例查询」名称改为「校验结果查询」
4）「质量报告」名称改为「数据质量报告」
5）新增一级菜单「规则集管理」","1. 
2. 
3.","","2","功能测试","功能测试阶段","正常","0","0","3","","听筠","2026-02-28","","0000-00-00","1","",""
"179478","数据资产_STD(#23)","/版本迭代测试用例/v6.4.8/【数据质量】菜单名称修改(#10221)","【岚图】【数据质量】菜单名称修改(#15520)","验证历史项目菜单名称正确修改","无","1. 进入「资产-数据质量」页面
2. 查看历史项目下的页面菜单","1. 页面正常打开
2. 1）「概览」名称改为「总览」
2）「规则任务配置」名称改为「规则任务管理」
3）「任务实例查询」名称改为「校验结果查询」
4）「质量报告」名称改为「数据质量报告」
5）新增一级菜单「规则集管理」","1. 
2.","","1","功能测试","功能测试阶段","正常","0","0","2","","听筠","2026-02-28","","0000-00-00","1","",""
"179477","数据资产_STD(#23)","/版本迭代测试用例/v6.4.8/【内置规则丰富】一致性，多表数据一致性校验(#10183)","【岚图】【内置规则丰富】一致性，多表数据一致性校验(#15525)","验证「监控规则」-「一致性校验」-「多表数据一致性比对」任务不通过质量报告正确","已存在spark表A
CREATE TABLE IF NOT EXISTS
tableA (
create_date DATE COMMENT &#039;日期类型&#039;,
update_datetime TIMESTAMP COMMENT &#039;日期时间类型（替代原DATETIME）&#039;,
work_time STRING COMMENT &#039;时间类型（Spark无TIME类型，用STRING存储HH:mm:ss）&#039;,
sync_timestamp TIMESTAMP COMMENT &#039;时间戳类型&#039;,
date_str_ymd STRING COMMENT &#039;字符串日期(yyyy-MM-dd)，强转DATE&#039;,
date_str_ymd_hms STRING COMMENT &#039;字符串日期时间(yyyy-MM-dd HH:mm:ss)，强转TIMESTAMP&#039;,
date_str_mdy STRING COMMENT &#039;字符串时间(HH:mm:ss)，强转STRING（Spark无TIME类型）&#039;,
date_str_ymd_hms_ms STRING COMMENT &#039;字符串日期时间(yyyy-MM-dd HH:mm:ss.SSS)，强转TIMESTAMP&#039;,
date_str_irregular STRING COMMENT &#039;字符串日期(非标准格式，如20260204)，强转DATE&#039;,
id INT COMMENT &#039;主键ID&#039;,
user_name STRING COMMENT &#039;用户名（Spark中VARCHAR等价于STRING）&#039;,
age TINYINT COMMENT &#039;年龄&#039;,
phone BIGINT COMMENT &#039;手机号&#039;,
email STRING COMMENT &#039;邮箱&#039;,
salary DECIMAL(10, 2) COMMENT &#039;薪资&#039;,
is_active BOOLEAN COMMENT &#039;是否激活&#039;,
address STRING COMMENT &#039;地址&#039;,
score FLOAT COMMENT &#039;评分&#039;,
total_amount DOUBLE COMMENT &#039;总金额&#039;
) COMMENT &#039;时效性校验表&#039;;

INSERT INTO tableA (
create_date,
update_datetime,
work_time,
sync_timestamp,
date_str_ymd,
date_str_ymd_hms,
date_str_mdy,
date_str_ymd_hms_ms,
date_str_irregular,
id,
user_name,
age,
phone,
email,
salary,
is_active,
address,
score,
total_amount
)
VALUES
(
DATE &#039;2026-02-26&#039;,
TIMESTAMP &#039;2026-02-26 09:45:17&#039;,
&#039;08:30:00&#039;,
CURRENT_TIMESTAMP(),
&#039;2026-02-26&#039;,
&#039;2026-02-26 09:45:17&#039;,
&#039;18:20:30&#039;,
&#039;2026-02-26 09:45:17.123&#039;,
&#039;20260226&#039;,
1,
&#039;zhangsan&#039;,
25,
13800138000,
&#039;zhangsan@example.com&#039;,
15000.50,
TRUE,
&#039;北京市海淀区中关村&#039;,
95.5,
123456.789
),
(
DATE &#039;2026-01-01&#039;,
TIMESTAMP &#039;2026-12-31 23:59:59&#039;,
&#039;23:59:59&#039;,
TIMESTAMP &#039;2026-02-26 12:00:00&#039;,
&#039;2026-01-01&#039;,
&#039;2026-12-31 23:59:59&#039;,
&#039;00:00:00&#039;,
&#039;2026-02-26 12:34:56.789&#039;,
&#039;20260101&#039;,
2,
&#039;lisi&#039;,
30,
13900139000,
&#039;lisi@example.com&#039;,
20000.00,
FALSE,
&#039;上海市浦东新区陆家嘴&#039;,
88.8,
987654.321
),
(
DATE &#039;1970-01-01&#039;,
TIMESTAMP &#039;1970-01-01 00:00:00&#039;,
&#039;&#039;,
NULL,
&#039;&#039;,
&#039;&#039;,
&#039;&#039;,
&#039;&#039;,
&#039;20260204&#039;,
3,
&#039;&#039;,
0,
0,
&#039;&#039;,
0.00,
NULL,
&#039;&#039;,
0.0,
0.0
);","1. 进入「资产-数据质量-规则任务配置-监控对象」页面
2. 「规则名称」输入「test_rule」
「选择数据源」选择「${DATASOURCE}」
「选择数据库」选择「${DATABASE}」
「选择数据表」选择「${TABLE}」
3. 「监控规则」配置如下：
「监控规则」新增「一致性校验」
「校验类型」选择为「多表数据一致性比对」
「选择校验字段」选择为「user_name；age」
「选择校验表主键」选择为「id」
「选择对比表」为「${TABLE}」
「选择对比表主键」为「id」
「比对字段设置」配置为「校验表-user_name-->对比表-age；校验表-age-->对比表-user_name」
「强弱规则」选择「弱规则」
「规则描述」输入「测试规则」
不配置「对比细节设置」
4. 配置「调度属性」，保存规则，且「调度属性」中配置「规则报告」为最新结果
5. 临时运行规则，查看质量报告
6. 查看「质量评估汇总」区域
7. 查看「规则校验明细」区域
8. 点击「查看详情」按钮","1. 页面正常打开
2. 监控对象配置成功；
进入「监控规则」配置页
3. 监控规则配置完成；
进入「调度属性」页面
4. 规则保存成功
5. 页面包含：
1）报告进入目录
2）质量评估汇总区域
3）规则校验明细区域
6. 显示为：
1）规则名：「test_rule」
2）数据源：「${DATASOURCE}」
3）数据库：「${DATABASE}」
4）检测数据范围：--
5）表行数：「${表行数}」
6）抽样行数：--
7）字段数：「${字段数}」
8）车辆数：「${车辆数}」
9）校验规则数：2
10）校验通过率：50%
7. 显示为：
1）规则类型：一致性校验
2）规则名称：多表数据一致性校验
3）字段名称：user_name;age
4）字段类型：STRING;TINYINT
5）质验结果：校验未通过
6）未通过原因：多表数据一致性校验未通过
7）详情说明：对比表为「${TABLE}」，逻辑主键未匹配的共0条数据，逻辑主键匹配，但数据不匹配的共2条数据
8）最近一次校验结束时间：「${校验结束时间}」
9）操作：查看详情
8. 显示不通过的明细数据","1. 
2. 
3. 
4. 
5. 
6. 
7. 
8.","","1","功能测试","功能测试阶段","正常","0","3","8","通过","听筠","2026-02-28","","0000-00-00","1","",""
"179476","数据资产_STD(#23)","/版本迭代测试用例/v6.4.8/【内置规则丰富】一致性，多表数据一致性校验(#10183)","【岚图】【内置规则丰富】一致性，多表数据一致性校验(#15525)","验证「监控规则」-「一致性校验」-「多表数据一致性比对」任务通过质量报告正确","已存在spark表A
CREATE TABLE IF NOT EXISTS
tableA (
create_date DATE COMMENT &#039;日期类型&#039;,
update_datetime TIMESTAMP COMMENT &#039;日期时间类型（替代原DATETIME）&#039;,
work_time STRING COMMENT &#039;时间类型（Spark无TIME类型，用STRING存储HH:mm:ss）&#039;,
sync_timestamp TIMESTAMP COMMENT &#039;时间戳类型&#039;,
date_str_ymd STRING COMMENT &#039;字符串日期(yyyy-MM-dd)，强转DATE&#039;,
date_str_ymd_hms STRING COMMENT &#039;字符串日期时间(yyyy-MM-dd HH:mm:ss)，强转TIMESTAMP&#039;,
date_str_mdy STRING COMMENT &#039;字符串时间(HH:mm:ss)，强转STRING（Spark无TIME类型）&#039;,
date_str_ymd_hms_ms STRING COMMENT &#039;字符串日期时间(yyyy-MM-dd HH:mm:ss.SSS)，强转TIMESTAMP&#039;,
date_str_irregular STRING COMMENT &#039;字符串日期(非标准格式，如20260204)，强转DATE&#039;,
id INT COMMENT &#039;主键ID&#039;,
user_name STRING COMMENT &#039;用户名（Spark中VARCHAR等价于STRING）&#039;,
age TINYINT COMMENT &#039;年龄&#039;,
phone BIGINT COMMENT &#039;手机号&#039;,
email STRING COMMENT &#039;邮箱&#039;,
salary DECIMAL(10, 2) COMMENT &#039;薪资&#039;,
is_active BOOLEAN COMMENT &#039;是否激活&#039;,
address STRING COMMENT &#039;地址&#039;,
score FLOAT COMMENT &#039;评分&#039;,
total_amount DOUBLE COMMENT &#039;总金额&#039;
) COMMENT &#039;时效性校验表&#039;;

INSERT INTO tableA (
create_date,
update_datetime,
work_time,
sync_timestamp,
date_str_ymd,
date_str_ymd_hms,
date_str_mdy,
date_str_ymd_hms_ms,
date_str_irregular,
id,
user_name,
age,
phone,
email,
salary,
is_active,
address,
score,
total_amount
)
VALUES
(
DATE &#039;2026-02-26&#039;,
TIMESTAMP &#039;2026-02-26 09:45:17&#039;,
&#039;08:30:00&#039;,
CURRENT_TIMESTAMP(),
&#039;2026-02-26&#039;,
&#039;2026-02-26 09:45:17&#039;,
&#039;18:20:30&#039;,
&#039;2026-02-26 09:45:17.123&#039;,
&#039;20260226&#039;,
1,
&#039;zhangsan&#039;,
25,
13800138000,
&#039;zhangsan@example.com&#039;,
15000.50,
TRUE,
&#039;北京市海淀区中关村&#039;,
95.5,
123456.789
),
(
DATE &#039;2026-01-01&#039;,
TIMESTAMP &#039;2026-12-31 23:59:59&#039;,
&#039;23:59:59&#039;,
TIMESTAMP &#039;2026-02-26 12:00:00&#039;,
&#039;2026-01-01&#039;,
&#039;2026-12-31 23:59:59&#039;,
&#039;00:00:00&#039;,
&#039;2026-02-26 12:34:56.789&#039;,
&#039;20260101&#039;,
2,
&#039;lisi&#039;,
30,
13900139000,
&#039;lisi@example.com&#039;,
20000.00,
FALSE,
&#039;上海市浦东新区陆家嘴&#039;,
88.8,
987654.321
),
(
DATE &#039;1970-01-01&#039;,
TIMESTAMP &#039;1970-01-01 00:00:00&#039;,
&#039;&#039;,
NULL,
&#039;&#039;,
&#039;&#039;,
&#039;&#039;,
&#039;&#039;,
&#039;20260204&#039;,
3,
&#039;&#039;,
0,
0,
&#039;&#039;,
0.00,
NULL,
&#039;&#039;,
0.0,
0.0
);","1. 进入「资产-数据质量-规则任务配置-监控对象」页面
2. 「规则名称」输入「test_rule」
「选择数据源」选择「${DATASOURCE}」
「选择数据库」选择「${DATABASE}」
「选择数据表」选择「${TABLE}」
3. 「监控规则」配置如下：
「监控规则」新增「一致性校验」
「校验类型」选择为「多表数据一致性比对」
「选择校验字段」选择为「user_name；age」
「选择校验表主键」选择为「id」
「选择对比表」为「${TABLE}」
「选择对比表主键」为「id」
「比对字段设置」配置为「校验表-user_name-->对比表-user_name；校验表-age-->对比表-age」
「强弱规则」选择「弱规则」
「规则描述」输入「测试规则」
不配置「对比细节设置」
4. 配置「调度属性」，保存规则，且「调度属性」中配置「规则报告」为最新结果
5. 临时运行规则，查看质量报告
6. 查看「质量评估汇总」区域
7. 查看「规则校验明细」区域","1. 页面正常打开
2. 监控对象配置成功；
进入「监控规则」配置页
3. 监控规则配置完成；
进入「调度属性」页面
4. 规则保存成功
5. 页面包含：
1）报告进入目录
2）质量评估汇总区域
3）规则校验明细区域
6. 显示为：
1）规则名：「test_rule」
2）数据源：「${DATASOURCE}」
3）数据库：「${DATABASE}」
4）检测数据范围：--
5）表行数：「${表行数}」
6）抽样行数：--
7）字段数：「${字段数}」
8）车辆数：「${车辆数}」
9）校验规则数：1
10）校验通过率：100%
7. 显示为：
1）规则类型：一致性校验
2）规则名称：多表数据一致性校验
3）字段名称：user_name;age
4）字段类型：STRING;TINYINT
5）质验结果：校验通过
6）未通过原因：--
7）详情说明：对比表为「${TABLE}」，校验字段的数据一致性符合规则
8）最近一次校验结束时间：「${校验结束时间}」
9）操作：--","1. 
2. 
3. 
4. 
5. 
6. 
7.","","1","功能测试","功能测试阶段","正常","0","3","7","通过","听筠","2026-02-28","","0000-00-00","1","",""
"179475","数据资产_STD(#23)","/版本迭代测试用例/v6.4.8/【内置规则丰富】一致性，多表数据一致性校验(#10183)","【岚图】【内置规则丰富】一致性，多表数据一致性校验(#15525)","验证「监控规则」-「一致性校验」-「多表数据一致性比对」不通过任务查看明细正确","已存在spark表A
CREATE TABLE IF NOT EXISTS
tableA (
create_date DATE COMMENT &#039;日期类型&#039;,
update_datetime TIMESTAMP COMMENT &#039;日期时间类型（替代原DATETIME）&#039;,
work_time STRING COMMENT &#039;时间类型（Spark无TIME类型，用STRING存储HH:mm:ss）&#039;,
sync_timestamp TIMESTAMP COMMENT &#039;时间戳类型&#039;,
date_str_ymd STRING COMMENT &#039;字符串日期(yyyy-MM-dd)，强转DATE&#039;,
date_str_ymd_hms STRING COMMENT &#039;字符串日期时间(yyyy-MM-dd HH:mm:ss)，强转TIMESTAMP&#039;,
date_str_mdy STRING COMMENT &#039;字符串时间(HH:mm:ss)，强转STRING（Spark无TIME类型）&#039;,
date_str_ymd_hms_ms STRING COMMENT &#039;字符串日期时间(yyyy-MM-dd HH:mm:ss.SSS)，强转TIMESTAMP&#039;,
date_str_irregular STRING COMMENT &#039;字符串日期(非标准格式，如20260204)，强转DATE&#039;,
id INT COMMENT &#039;主键ID&#039;,
user_name STRING COMMENT &#039;用户名（Spark中VARCHAR等价于STRING）&#039;,
age TINYINT COMMENT &#039;年龄&#039;,
phone BIGINT COMMENT &#039;手机号&#039;,
email STRING COMMENT &#039;邮箱&#039;,
salary DECIMAL(10, 2) COMMENT &#039;薪资&#039;,
is_active BOOLEAN COMMENT &#039;是否激活&#039;,
address STRING COMMENT &#039;地址&#039;,
score FLOAT COMMENT &#039;评分&#039;,
total_amount DOUBLE COMMENT &#039;总金额&#039;
) COMMENT &#039;时效性校验表&#039;;

INSERT INTO tableA (
create_date,
update_datetime,
work_time,
sync_timestamp,
date_str_ymd,
date_str_ymd_hms,
date_str_mdy,
date_str_ymd_hms_ms,
date_str_irregular,
id,
user_name,
age,
phone,
email,
salary,
is_active,
address,
score,
total_amount
)
VALUES
(
DATE &#039;2026-02-26&#039;,
TIMESTAMP &#039;2026-02-26 09:45:17&#039;,
&#039;08:30:00&#039;,
CURRENT_TIMESTAMP(),
&#039;2026-02-26&#039;,
&#039;2026-02-26 09:45:17&#039;,
&#039;18:20:30&#039;,
&#039;2026-02-26 09:45:17.123&#039;,
&#039;20260226&#039;,
1,
&#039;zhangsan&#039;,
25,
13800138000,
&#039;zhangsan@example.com&#039;,
15000.50,
TRUE,
&#039;北京市海淀区中关村&#039;,
95.5,
123456.789
),
(
DATE &#039;2026-01-01&#039;,
TIMESTAMP &#039;2026-12-31 23:59:59&#039;,
&#039;23:59:59&#039;,
TIMESTAMP &#039;2026-02-26 12:00:00&#039;,
&#039;2026-01-01&#039;,
&#039;2026-12-31 23:59:59&#039;,
&#039;00:00:00&#039;,
&#039;2026-02-26 12:34:56.789&#039;,
&#039;20260101&#039;,
2,
&#039;lisi&#039;,
30,
13900139000,
&#039;lisi@example.com&#039;,
20000.00,
FALSE,
&#039;上海市浦东新区陆家嘴&#039;,
88.8,
987654.321
),
(
DATE &#039;1970-01-01&#039;,
TIMESTAMP &#039;1970-01-01 00:00:00&#039;,
&#039;&#039;,
NULL,
&#039;&#039;,
&#039;&#039;,
&#039;&#039;,
&#039;&#039;,
&#039;20260204&#039;,
3,
&#039;&#039;,
0,
0,
&#039;&#039;,
0.00,
NULL,
&#039;&#039;,
0.0,
0.0
);","1. 进入「资产-数据质量-规则任务配置-监控对象」页面
2. 「规则名称」输入「test_rule」
「选择数据源」选择「${DATASOURCE}」
「选择数据库」选择「${DATABASE}」
「选择数据表」选择「${TABLE}」
3. 「监控规则」配置如下：
1）（选择校验字段且不配置对比细节：）
「监控规则1」新增「一致性校验」
「校验类型」选择为「多表数据一致性比对」
「选择校验字段」选择为「user_name；age」
「选择校验表主键」选择为「id」
「选择对比表」为「${TABLE}」
「选择对比表主键」为「id」
「比对字段设置」配置为
「校验表-user_name-->对比表-age；校验表-age-->对比表-user_name」
「强弱规则」选择「弱规则」
「规则描述」输入「测试规则」
不配置「对比细节设置」
2）（选择校验字段且配置对比细节：）
「监控规则2」新增「一致性校验」
「校验类型」选择为「多表数据一致性比对」
「选择校验字段」选择为「phone 」
「选择校验表主键」选择为「id」
「选择对比表」为「${TABLE}」
「选择对比表主键」为「id」
「比对字段设置」配置为
「校验表-phone -->对比表-age」
「强弱规则」选择「弱规则」
「规则描述」输入「测试规则」
配置「对比细节设置」为「数值差异百分比-小于等于0%」
3）（不选择校验字段：）
「监控规则3」新增「一致性校验」
「校验类型」选择为「多表数据一致性比对」
不配置「选择校验字段」
「选择校验表主键」选择为「id」
「选择对比表」为「${TABLE}」
「选择对比表主键」为「id」
「强弱规则」选择「弱规则」
「规则描述」输入「测试规则」
不配置「对比细节设置」
4. 配置「调度属性」，保存规则，且「调度属性」中配置「规则报告」为最新结果
5. 临时运行规则
6. 点击查看不通过明细
7. 点击【下载明细】按钮","1. 页面正常打开
2. 监控对象配置成功；
进入「监控规则」配置页
3. 监控规则配置完成；
进入「调度属性」页面
4. 规则保存成功
5. 实例运行结果不通过
6. 1）标题显示为“查看“一致性校验-多表数据一致性比对”明细”
2）记录所有不符合规则的数据
3）列表显示，表头为规则校验的「表.主键」、「表.字段」
4）不做标红处理
7. 支持下载明细，内容正确","1. 
2. 
3. 
4. 
5. 
6. 
7.","","2","功能测试","功能测试阶段","正常","0","1","7","通过","听筠","2026-02-28","","0000-00-00","1","",""
"179474","数据资产_STD(#23)","/版本迭代测试用例/v6.4.8/【内置规则丰富】一致性，多表数据一致性校验(#10183)","【岚图】【内置规则丰富】一致性，多表数据一致性校验(#15525)","验证「监控规则」-「一致性校验」-「多表数据一致性比对」任务不通过/失败 结果详情正确","已存在spark表A
CREATE TABLE IF NOT EXISTS
tableA (
create_date DATE COMMENT &#039;日期类型&#039;,
update_datetime TIMESTAMP COMMENT &#039;日期时间类型（替代原DATETIME）&#039;,
work_time STRING COMMENT &#039;时间类型（Spark无TIME类型，用STRING存储HH:mm:ss）&#039;,
sync_timestamp TIMESTAMP COMMENT &#039;时间戳类型&#039;,
date_str_ymd STRING COMMENT &#039;字符串日期(yyyy-MM-dd)，强转DATE&#039;,
date_str_ymd_hms STRING COMMENT &#039;字符串日期时间(yyyy-MM-dd HH:mm:ss)，强转TIMESTAMP&#039;,
date_str_mdy STRING COMMENT &#039;字符串时间(HH:mm:ss)，强转STRING（Spark无TIME类型）&#039;,
date_str_ymd_hms_ms STRING COMMENT &#039;字符串日期时间(yyyy-MM-dd HH:mm:ss.SSS)，强转TIMESTAMP&#039;,
date_str_irregular STRING COMMENT &#039;字符串日期(非标准格式，如20260204)，强转DATE&#039;,
id INT COMMENT &#039;主键ID&#039;,
user_name STRING COMMENT &#039;用户名（Spark中VARCHAR等价于STRING）&#039;,
age TINYINT COMMENT &#039;年龄&#039;,
phone BIGINT COMMENT &#039;手机号&#039;,
email STRING COMMENT &#039;邮箱&#039;,
salary DECIMAL(10, 2) COMMENT &#039;薪资&#039;,
is_active BOOLEAN COMMENT &#039;是否激活&#039;,
address STRING COMMENT &#039;地址&#039;,
score FLOAT COMMENT &#039;评分&#039;,
total_amount DOUBLE COMMENT &#039;总金额&#039;
) COMMENT &#039;时效性校验表&#039;;

INSERT INTO tableA (
create_date,
update_datetime,
work_time,
sync_timestamp,
date_str_ymd,
date_str_ymd_hms,
date_str_mdy,
date_str_ymd_hms_ms,
date_str_irregular,
id,
user_name,
age,
phone,
email,
salary,
is_active,
address,
score,
total_amount
)
VALUES
(
DATE &#039;2026-02-26&#039;,
TIMESTAMP &#039;2026-02-26 09:45:17&#039;,
&#039;08:30:00&#039;,
CURRENT_TIMESTAMP(),
&#039;2026-02-26&#039;,
&#039;2026-02-26 09:45:17&#039;,
&#039;18:20:30&#039;,
&#039;2026-02-26 09:45:17.123&#039;,
&#039;20260226&#039;,
1,
&#039;zhangsan&#039;,
25,
13800138000,
&#039;zhangsan@example.com&#039;,
15000.50,
TRUE,
&#039;北京市海淀区中关村&#039;,
95.5,
123456.789
),
(
DATE &#039;2026-01-01&#039;,
TIMESTAMP &#039;2026-12-31 23:59:59&#039;,
&#039;23:59:59&#039;,
TIMESTAMP &#039;2026-02-26 12:00:00&#039;,
&#039;2026-01-01&#039;,
&#039;2026-12-31 23:59:59&#039;,
&#039;00:00:00&#039;,
&#039;2026-02-26 12:34:56.789&#039;,
&#039;20260101&#039;,
2,
&#039;lisi&#039;,
30,
13900139000,
&#039;lisi@example.com&#039;,
20000.00,
FALSE,
&#039;上海市浦东新区陆家嘴&#039;,
88.8,
987654.321
),
(
DATE &#039;1970-01-01&#039;,
TIMESTAMP &#039;1970-01-01 00:00:00&#039;,
&#039;&#039;,
NULL,
&#039;&#039;,
&#039;&#039;,
&#039;&#039;,
&#039;&#039;,
&#039;20260204&#039;,
3,
&#039;&#039;,
0,
0,
&#039;&#039;,
0.00,
NULL,
&#039;&#039;,
0.0,
0.0
);","1. 进入「资产-数据质量-规则任务配置-监控对象」页面
2. 「规则名称」输入「test_rule」
「选择数据源」选择「${DATASOURCE}」
「选择数据库」选择「${DATABASE}」
「选择数据表」选择「${TABLE}」
3. 「监控规则」配置如下：
「监控规则」新增「一致性校验」
「校验类型」选择为「多表数据一致性比对」
「选择校验字段」选择为「user_name；age」
「选择校验表主键」选择为「id」
「选择对比表」为「${TABLE}」
「选择对比表主键」为「id」
「比对字段设置」配置为「校验表-user_name-->对比表-age；校验表-age-->对比表-name」
「强弱规则」选择「弱规则」
「规则描述」输入「测试规则」
不配置「对比细节设置」
4. 配置「调度属性」，保存规则，且「调度属性」中配置「规则报告」为最新结果
5. 临时运行规则
6. 查看不通过的实例详情
7. 点击【监控报告】tab
8. 点击【表级报告】tab
9. 查看运行失败的示例详情","1. 页面正常打开
2. 监控对象配置成功；
进入「监控规则」配置页
3. 监控规则配置完成；
进入「调度属性」页面
4. 规则保存成功
5. 实例运行结果符合预期
6. 抽屉式展开详情，页面包含：
任务名称、监控报告tab、表级报告tab
7. 1）都展示「一致性校验」-「多表数据一致性比对」配置的详情；
2）校验未通过的规则支持查看明细
8. 包含：
1）数据表信息汇总（表名、总分区数量、数据源、数据源类型、数据库），空白时显示“--”；
2）表级统计（记录数、报警数），空白时显示“--”；
3）最近30次综合报告（记录数平均波动率、平均记录数、日平均告警数、平均告警数）；
4）最近30次表级统计；
5）最近30次表数据波动图
9. 1）展示「一致性校验」-「多表数据一致性比对」配置的详情；
2）运行失败的规则支持查看日志","1. 
2. 
3. 
4. 
5. 
6. 
7. 
8. 
9.","","2","功能测试","功能测试阶段","正常","0","1","9","通过","听筠","2026-02-28","","0000-00-00","1","",""
"179473","数据资产_STD(#23)","/版本迭代测试用例/v6.4.8/【内置规则丰富】一致性，多表数据一致性校验(#10183)","【岚图】【内置规则丰富】一致性，多表数据一致性校验(#15525)","验证「监控规则」-「一致性校验」-「多表数据一致性比对」任务通过结果详情正确","已存在spark表A
CREATE TABLE IF NOT EXISTS
tableA (
create_date DATE COMMENT &#039;日期类型&#039;,
update_datetime TIMESTAMP COMMENT &#039;日期时间类型（替代原DATETIME）&#039;,
work_time STRING COMMENT &#039;时间类型（Spark无TIME类型，用STRING存储HH:mm:ss）&#039;,
sync_timestamp TIMESTAMP COMMENT &#039;时间戳类型&#039;,
date_str_ymd STRING COMMENT &#039;字符串日期(yyyy-MM-dd)，强转DATE&#039;,
date_str_ymd_hms STRING COMMENT &#039;字符串日期时间(yyyy-MM-dd HH:mm:ss)，强转TIMESTAMP&#039;,
date_str_mdy STRING COMMENT &#039;字符串时间(HH:mm:ss)，强转STRING（Spark无TIME类型）&#039;,
date_str_ymd_hms_ms STRING COMMENT &#039;字符串日期时间(yyyy-MM-dd HH:mm:ss.SSS)，强转TIMESTAMP&#039;,
date_str_irregular STRING COMMENT &#039;字符串日期(非标准格式，如20260204)，强转DATE&#039;,
id INT COMMENT &#039;主键ID&#039;,
user_name STRING COMMENT &#039;用户名（Spark中VARCHAR等价于STRING）&#039;,
age TINYINT COMMENT &#039;年龄&#039;,
phone BIGINT COMMENT &#039;手机号&#039;,
email STRING COMMENT &#039;邮箱&#039;,
salary DECIMAL(10, 2) COMMENT &#039;薪资&#039;,
is_active BOOLEAN COMMENT &#039;是否激活&#039;,
address STRING COMMENT &#039;地址&#039;,
score FLOAT COMMENT &#039;评分&#039;,
total_amount DOUBLE COMMENT &#039;总金额&#039;
) COMMENT &#039;时效性校验表&#039;;

INSERT INTO tableA (
create_date,
update_datetime,
work_time,
sync_timestamp,
date_str_ymd,
date_str_ymd_hms,
date_str_mdy,
date_str_ymd_hms_ms,
date_str_irregular,
id,
user_name,
age,
phone,
email,
salary,
is_active,
address,
score,
total_amount
)
VALUES
(
DATE &#039;2026-02-26&#039;,
TIMESTAMP &#039;2026-02-26 09:45:17&#039;,
&#039;08:30:00&#039;,
CURRENT_TIMESTAMP(),
&#039;2026-02-26&#039;,
&#039;2026-02-26 09:45:17&#039;,
&#039;18:20:30&#039;,
&#039;2026-02-26 09:45:17.123&#039;,
&#039;20260226&#039;,
1,
&#039;zhangsan&#039;,
25,
13800138000,
&#039;zhangsan@example.com&#039;,
15000.50,
TRUE,
&#039;北京市海淀区中关村&#039;,
95.5,
123456.789
),
(
DATE &#039;2026-01-01&#039;,
TIMESTAMP &#039;2026-12-31 23:59:59&#039;,
&#039;23:59:59&#039;,
TIMESTAMP &#039;2026-02-26 12:00:00&#039;,
&#039;2026-01-01&#039;,
&#039;2026-12-31 23:59:59&#039;,
&#039;00:00:00&#039;,
&#039;2026-02-26 12:34:56.789&#039;,
&#039;20260101&#039;,
2,
&#039;lisi&#039;,
30,
13900139000,
&#039;lisi@example.com&#039;,
20000.00,
FALSE,
&#039;上海市浦东新区陆家嘴&#039;,
88.8,
987654.321
),
(
DATE &#039;1970-01-01&#039;,
TIMESTAMP &#039;1970-01-01 00:00:00&#039;,
&#039;&#039;,
NULL,
&#039;&#039;,
&#039;&#039;,
&#039;&#039;,
&#039;&#039;,
&#039;20260204&#039;,
3,
&#039;&#039;,
0,
0,
&#039;&#039;,
0.00,
NULL,
&#039;&#039;,
0.0,
0.0
);","1. 进入「资产-数据质量-规则任务配置-监控对象」页面
2. 「规则名称」输入「test_rule」
「选择数据源」选择「${DATASOURCE}」
「选择数据库」选择「${DATABASE}」
「选择数据表」选择「${TABLE}」
3. 「监控规则」配置如下：
「监控规则」新增「一致性校验」
「校验类型」选择为「多表数据一致性比对」
「选择校验字段」选择为「user_name；age」
「选择校验表主键」选择为「id」
「选择对比表」为「${TABLE}」
「选择对比表主键」为「id」
「比对字段设置」配置为「校验表-user_name-->对比表-user_name；校验表-age-->对比表-age」
「强弱规则」选择「弱规则」
「规则描述」输入「测试规则」
不配置「对比细节设置」
4. 配置「调度属性」，保存规则，且「调度属性」中配置「规则报告」为最新结果
5. 临时运行规则
6. 查看实例详情
7. 点击【监控报告】tab
8. 点击【表级报告】tab","1. 页面正常打开
2. 监控对象配置成功；
进入「监控规则」配置页
3. 监控规则配置完成；
进入「调度属性」页面
4. 规则保存成功
5. 实例运行结果符合预期
6. 抽屉式展开详情，页面包含：
任务名称、监控报告tab、表级报告tab
7. 包含「一致性校验」-「多表数据一致性比对」配置的详情、比对字段设置详情、比对规则详情（仅展示勾选的）
8. 包含
1）数据表信息汇总（表名、总分区数量、数据源、数据源类型、数据库），空白时显示“--”；
2）表级统计（记录数、报警数），空白时显示“--”；
3）最近30次综合报告（记录数平均波动率、平均记录数、日平均告警数、平均告警数）；
4）最近30次表级统计；
5）最近30次表数据波动图","1. 
2. 
3. 
4. 
5. 
6. 
7. 
8.","","2","功能测试","功能测试阶段","正常","0","1","8","通过","听筠","2026-02-28","","0000-00-00","1","",""
"179472","数据资产_STD(#23)","/版本迭代测试用例/v6.4.8/【内置规则丰富】一致性，多表数据一致性校验(#10183)","【岚图】【内置规则丰富】一致性，多表数据一致性校验(#15525)","验证「监控规则」-「一致性校验」-「多表数据一致性比对」-「选择对比表」限制个数正确","已存在spark表A
CREATE TABLE IF NOT EXISTS
tableA (
create_date DATE COMMENT &#039;日期类型&#039;,
update_datetime TIMESTAMP COMMENT &#039;日期时间类型（替代原DATETIME）&#039;,
work_time STRING COMMENT &#039;时间类型（Spark无TIME类型，用STRING存储HH:mm:ss）&#039;,
sync_timestamp TIMESTAMP COMMENT &#039;时间戳类型&#039;,
date_str_ymd STRING COMMENT &#039;字符串日期(yyyy-MM-dd)，强转DATE&#039;,
date_str_ymd_hms STRING COMMENT &#039;字符串日期时间(yyyy-MM-dd HH:mm:ss)，强转TIMESTAMP&#039;,
date_str_mdy STRING COMMENT &#039;字符串时间(HH:mm:ss)，强转STRING（Spark无TIME类型）&#039;,
date_str_ymd_hms_ms STRING COMMENT &#039;字符串日期时间(yyyy-MM-dd HH:mm:ss.SSS)，强转TIMESTAMP&#039;,
date_str_irregular STRING COMMENT &#039;字符串日期(非标准格式，如20260204)，强转DATE&#039;,
id INT COMMENT &#039;主键ID&#039;,
user_name STRING COMMENT &#039;用户名（Spark中VARCHAR等价于STRING）&#039;,
age TINYINT COMMENT &#039;年龄&#039;,
phone BIGINT COMMENT &#039;手机号&#039;,
email STRING COMMENT &#039;邮箱&#039;,
salary DECIMAL(10, 2) COMMENT &#039;薪资&#039;,
is_active BOOLEAN COMMENT &#039;是否激活&#039;,
address STRING COMMENT &#039;地址&#039;,
score FLOAT COMMENT &#039;评分&#039;,
total_amount DOUBLE COMMENT &#039;总金额&#039;
) COMMENT &#039;时效性校验表&#039;;

INSERT INTO tableA (
create_date,
update_datetime,
work_time,
sync_timestamp,
date_str_ymd,
date_str_ymd_hms,
date_str_mdy,
date_str_ymd_hms_ms,
date_str_irregular,
id,
user_name,
age,
phone,
email,
salary,
is_active,
address,
score,
total_amount
)
VALUES
(
DATE &#039;2026-02-26&#039;,
TIMESTAMP &#039;2026-02-26 09:45:17&#039;,
&#039;08:30:00&#039;,
CURRENT_TIMESTAMP(),
&#039;2026-02-26&#039;,
&#039;2026-02-26 09:45:17&#039;,
&#039;18:20:30&#039;,
&#039;2026-02-26 09:45:17.123&#039;,
&#039;20260226&#039;,
1,
&#039;zhangsan&#039;,
25,
13800138000,
&#039;zhangsan@example.com&#039;,
15000.50,
TRUE,
&#039;北京市海淀区中关村&#039;,
95.5,
123456.789
),
(
DATE &#039;2026-01-01&#039;,
TIMESTAMP &#039;2026-12-31 23:59:59&#039;,
&#039;23:59:59&#039;,
TIMESTAMP &#039;2026-02-26 12:00:00&#039;,
&#039;2026-01-01&#039;,
&#039;2026-12-31 23:59:59&#039;,
&#039;00:00:00&#039;,
&#039;2026-02-26 12:34:56.789&#039;,
&#039;20260101&#039;,
2,
&#039;lisi&#039;,
30,
13900139000,
&#039;lisi@example.com&#039;,
20000.00,
FALSE,
&#039;上海市浦东新区陆家嘴&#039;,
88.8,
987654.321
),
(
DATE &#039;1970-01-01&#039;,
TIMESTAMP &#039;1970-01-01 00:00:00&#039;,
&#039;&#039;,
NULL,
&#039;&#039;,
&#039;&#039;,
&#039;&#039;,
&#039;&#039;,
&#039;20260204&#039;,
3,
&#039;&#039;,
0,
0,
&#039;&#039;,
0.00,
NULL,
&#039;&#039;,
0.0,
0.0
);","1. 进入「资产-数据质量-规则任务配置-监控对象」页面
2. 「规则名称」输入「test_rule」
「选择数据源」选择「${DATASOURCE}」
「选择数据库」选择「${DATABASE}」
「选择数据表」选择「${TABLE}」
3. 点击【添加规则】按钮，选择「一致性校验」规则
4. 配置10个「对比表」
5. 配置11个「对比表」","1. 页面正常打开
2. 监控对象配置成功；
进入「监控规则」配置页
3. 选择成功，页面显示「一致性校验」规则配置区域
4. 配置成功
5. 提示最多配置10个对比表","1. 
2. 
3. 
4. 
5.","","3","功能测试","功能测试阶段","正常","0","1","5","通过","听筠","2026-02-28","","0000-00-00","1","",""
"179471","数据资产_STD(#23)","/版本迭代测试用例/v6.4.8/【内置规则丰富】一致性，多表数据一致性校验(#10183)","【岚图】【内置规则丰富】一致性，多表数据一致性校验(#15525)","验证「监控规则」-「一致性校验」-「多表数据一致性比对」-「选择校验字段」限制个数正确","已存在spark表A
CREATE TABLE IF NOT EXISTS
tableA (
create_date DATE COMMENT &#039;日期类型&#039;,
update_datetime TIMESTAMP COMMENT &#039;日期时间类型（替代原DATETIME）&#039;,
work_time STRING COMMENT &#039;时间类型（Spark无TIME类型，用STRING存储HH:mm:ss）&#039;,
sync_timestamp TIMESTAMP COMMENT &#039;时间戳类型&#039;,
date_str_ymd STRING COMMENT &#039;字符串日期(yyyy-MM-dd)，强转DATE&#039;,
date_str_ymd_hms STRING COMMENT &#039;字符串日期时间(yyyy-MM-dd HH:mm:ss)，强转TIMESTAMP&#039;,
date_str_mdy STRING COMMENT &#039;字符串时间(HH:mm:ss)，强转STRING（Spark无TIME类型）&#039;,
date_str_ymd_hms_ms STRING COMMENT &#039;字符串日期时间(yyyy-MM-dd HH:mm:ss.SSS)，强转TIMESTAMP&#039;,
date_str_irregular STRING COMMENT &#039;字符串日期(非标准格式，如20260204)，强转DATE&#039;,
id INT COMMENT &#039;主键ID&#039;,
user_name STRING COMMENT &#039;用户名（Spark中VARCHAR等价于STRING）&#039;,
age TINYINT COMMENT &#039;年龄&#039;,
phone BIGINT COMMENT &#039;手机号&#039;,
email STRING COMMENT &#039;邮箱&#039;,
salary DECIMAL(10, 2) COMMENT &#039;薪资&#039;,
is_active BOOLEAN COMMENT &#039;是否激活&#039;,
address STRING COMMENT &#039;地址&#039;,
score FLOAT COMMENT &#039;评分&#039;,
total_amount DOUBLE COMMENT &#039;总金额&#039;
) COMMENT &#039;时效性校验表&#039;;

INSERT INTO tableA (
create_date,
update_datetime,
work_time,
sync_timestamp,
date_str_ymd,
date_str_ymd_hms,
date_str_mdy,
date_str_ymd_hms_ms,
date_str_irregular,
id,
user_name,
age,
phone,
email,
salary,
is_active,
address,
score,
total_amount
)
VALUES
(
DATE &#039;2026-02-26&#039;,
TIMESTAMP &#039;2026-02-26 09:45:17&#039;,
&#039;08:30:00&#039;,
CURRENT_TIMESTAMP(),
&#039;2026-02-26&#039;,
&#039;2026-02-26 09:45:17&#039;,
&#039;18:20:30&#039;,
&#039;2026-02-26 09:45:17.123&#039;,
&#039;20260226&#039;,
1,
&#039;zhangsan&#039;,
25,
13800138000,
&#039;zhangsan@example.com&#039;,
15000.50,
TRUE,
&#039;北京市海淀区中关村&#039;,
95.5,
123456.789
),
(
DATE &#039;2026-01-01&#039;,
TIMESTAMP &#039;2026-12-31 23:59:59&#039;,
&#039;23:59:59&#039;,
TIMESTAMP &#039;2026-02-26 12:00:00&#039;,
&#039;2026-01-01&#039;,
&#039;2026-12-31 23:59:59&#039;,
&#039;00:00:00&#039;,
&#039;2026-02-26 12:34:56.789&#039;,
&#039;20260101&#039;,
2,
&#039;lisi&#039;,
30,
13900139000,
&#039;lisi@example.com&#039;,
20000.00,
FALSE,
&#039;上海市浦东新区陆家嘴&#039;,
88.8,
987654.321
),
(
DATE &#039;1970-01-01&#039;,
TIMESTAMP &#039;1970-01-01 00:00:00&#039;,
&#039;&#039;,
NULL,
&#039;&#039;,
&#039;&#039;,
&#039;&#039;,
&#039;&#039;,
&#039;20260204&#039;,
3,
&#039;&#039;,
0,
0,
&#039;&#039;,
0.00,
NULL,
&#039;&#039;,
0.0,
0.0
);","1. 进入「资产-数据质量-规则任务配置-监控对象」页面
2. 「规则名称」输入「test_rule」
「选择数据源」选择「${DATASOURCE}」
「选择数据库」选择「${DATABASE}」
「选择数据表」选择「${TABLE}」
3. 点击【添加规则】按钮，选择「一致性校验」规则
4. 配置10个「选择校验字段」
5. 配置11个「选择校验字段」","1. 页面正常打开
2. 监控对象配置成功；
进入「监控规则」配置页
3. 选择成功，页面显示「一致性校验」规则配置区域
4. 配置成功
5. 提示最多配置10个校验字段","1. 
2. 
3. 
4. 配置失败
5.","","3","功能测试","功能测试阶段","正常","0","1","5","失败","听筠","2026-02-28","","0000-00-00","1","",""
"179470","数据资产_STD(#23)","/版本迭代测试用例/v6.4.8/【内置规则丰富】一致性，多表数据一致性校验(#10183)","【岚图】【内置规则丰富】一致性，多表数据一致性校验(#15525)","验证「监控规则」-「一致性校验」-「多表数据一致性比对」区域配置交互正确","已存在spark表A
CREATE TABLE IF NOT EXISTS
tableA (
create_date DATE COMMENT &#039;日期类型&#039;,
update_datetime TIMESTAMP COMMENT &#039;日期时间类型（替代原DATETIME）&#039;,
work_time STRING COMMENT &#039;时间类型（Spark无TIME类型，用STRING存储HH:mm:ss）&#039;,
sync_timestamp TIMESTAMP COMMENT &#039;时间戳类型&#039;,
date_str_ymd STRING COMMENT &#039;字符串日期(yyyy-MM-dd)，强转DATE&#039;,
date_str_ymd_hms STRING COMMENT &#039;字符串日期时间(yyyy-MM-dd HH:mm:ss)，强转TIMESTAMP&#039;,
date_str_mdy STRING COMMENT &#039;字符串时间(HH:mm:ss)，强转STRING（Spark无TIME类型）&#039;,
date_str_ymd_hms_ms STRING COMMENT &#039;字符串日期时间(yyyy-MM-dd HH:mm:ss.SSS)，强转TIMESTAMP&#039;,
date_str_irregular STRING COMMENT &#039;字符串日期(非标准格式，如20260204)，强转DATE&#039;,
id INT COMMENT &#039;主键ID&#039;,
user_name STRING COMMENT &#039;用户名（Spark中VARCHAR等价于STRING）&#039;,
age TINYINT COMMENT &#039;年龄&#039;,
phone BIGINT COMMENT &#039;手机号&#039;,
email STRING COMMENT &#039;邮箱&#039;,
salary DECIMAL(10, 2) COMMENT &#039;薪资&#039;,
is_active BOOLEAN COMMENT &#039;是否激活&#039;,
address STRING COMMENT &#039;地址&#039;,
score FLOAT COMMENT &#039;评分&#039;,
total_amount DOUBLE COMMENT &#039;总金额&#039;
) COMMENT &#039;时效性校验表&#039;;

INSERT INTO tableA (
create_date,
update_datetime,
work_time,
sync_timestamp,
date_str_ymd,
date_str_ymd_hms,
date_str_mdy,
date_str_ymd_hms_ms,
date_str_irregular,
id,
user_name,
age,
phone,
email,
salary,
is_active,
address,
score,
total_amount
)
VALUES
(
DATE &#039;2026-02-26&#039;,
TIMESTAMP &#039;2026-02-26 09:45:17&#039;,
&#039;08:30:00&#039;,
CURRENT_TIMESTAMP(),
&#039;2026-02-26&#039;,
&#039;2026-02-26 09:45:17&#039;,
&#039;18:20:30&#039;,
&#039;2026-02-26 09:45:17.123&#039;,
&#039;20260226&#039;,
1,
&#039;zhangsan&#039;,
25,
13800138000,
&#039;zhangsan@example.com&#039;,
15000.50,
TRUE,
&#039;北京市海淀区中关村&#039;,
95.5,
123456.789
),
(
DATE &#039;2026-01-01&#039;,
TIMESTAMP &#039;2026-12-31 23:59:59&#039;,
&#039;23:59:59&#039;,
TIMESTAMP &#039;2026-02-26 12:00:00&#039;,
&#039;2026-01-01&#039;,
&#039;2026-12-31 23:59:59&#039;,
&#039;00:00:00&#039;,
&#039;2026-02-26 12:34:56.789&#039;,
&#039;20260101&#039;,
2,
&#039;lisi&#039;,
30,
13900139000,
&#039;lisi@example.com&#039;,
20000.00,
FALSE,
&#039;上海市浦东新区陆家嘴&#039;,
88.8,
987654.321
),
(
DATE &#039;1970-01-01&#039;,
TIMESTAMP &#039;1970-01-01 00:00:00&#039;,
&#039;&#039;,
NULL,
&#039;&#039;,
&#039;&#039;,
&#039;&#039;,
&#039;&#039;,
&#039;20260204&#039;,
3,
&#039;&#039;,
0,
0,
&#039;&#039;,
0.00,
NULL,
&#039;&#039;,
0.0,
0.0
);","1. 进入「资产-数据质量-规则任务配置-监控对象」页面
2. 「规则名称」输入「test_rule」
「选择数据源」选择「${DATASOURCE}」
「选择数据库」选择「${DATABASE}」
「选择数据表」选择「${TABLE}」
3. 点击【添加规则】按钮，选择「一致性校验」规则
4. 查看「选择校验字段」的“？”
5. 查看「选择校验字段」
6. 查看「选择校验表主键」
7. 查看「选择对比表主键」
8. 不配置「选择校验字段」","1. 页面正常打开
2. 监控对象配置成功；
进入「监控规则」配置页
3. 选择成功，页面显示「一致性校验」规则配置区域
4. 悬浮提示“若不选择校验字段则只判断主键的一致性”
5. 非必填，可多选
6. 必填，可多选
7. 必填，可多选
8. 下方不显示「比对字段设置」列表","1. 
2. 
3. 
4. 
5. 
6. 
7. 
8.","","3","功能测试","功能测试阶段","正常","0","1","8","通过","听筠","2026-02-28","","0000-00-00","1","",""
"179469","数据资产_STD(#23)","/版本迭代测试用例/v6.4.8/【内置规则丰富】一致性，多表数据一致性校验(#10183)","【岚图】【内置规则丰富】一致性，多表数据一致性校验(#15525)","验证「内置规则」-「一致性校验」-「多表数据一致性比对」-「设置比对细节」校验不通过功能","已存在spark表A
CREATE TABLE IF NOT EXISTS
tableA (
create_date DATE COMMENT &#039;日期类型&#039;,
update_datetime TIMESTAMP COMMENT &#039;日期时间类型（替代原DATETIME）&#039;,
work_time STRING COMMENT &#039;时间类型（Spark无TIME类型，用STRING存储HH:mm:ss）&#039;,
sync_timestamp TIMESTAMP COMMENT &#039;时间戳类型&#039;,
date_str_ymd STRING COMMENT &#039;字符串日期(yyyy-MM-dd)，强转DATE&#039;,
date_str_ymd_hms STRING COMMENT &#039;字符串日期时间(yyyy-MM-dd HH:mm:ss)，强转TIMESTAMP&#039;,
date_str_mdy STRING COMMENT &#039;字符串时间(HH:mm:ss)，强转STRING（Spark无TIME类型）&#039;,
date_str_ymd_hms_ms STRING COMMENT &#039;字符串日期时间(yyyy-MM-dd HH:mm:ss.SSS)，强转TIMESTAMP&#039;,
date_str_irregular STRING COMMENT &#039;字符串日期(非标准格式，如20260204)，强转DATE&#039;,
id INT COMMENT &#039;主键ID&#039;,
user_name STRING COMMENT &#039;用户名（Spark中VARCHAR等价于STRING）&#039;,
age TINYINT COMMENT &#039;年龄&#039;,
phone BIGINT COMMENT &#039;手机号&#039;,
email STRING COMMENT &#039;邮箱&#039;,
salary DECIMAL(10, 2) COMMENT &#039;薪资&#039;,
is_active BOOLEAN COMMENT &#039;是否激活&#039;,
address STRING COMMENT &#039;地址&#039;,
score FLOAT COMMENT &#039;评分&#039;,
total_amount DOUBLE COMMENT &#039;总金额&#039;
) COMMENT &#039;时效性校验表&#039;;
INSERT INTO tableA (
create_date,
update_datetime,
work_time,
sync_timestamp,
date_str_ymd,
date_str_ymd_hms,
date_str_mdy,
date_str_ymd_hms_ms,
date_str_irregular,
id,
user_name,
age,
phone,
email,
salary,
is_active,
address,
score,
total_amount
)
VALUES
(
DATE &#039;2026-02-26&#039;,
TIMESTAMP &#039;2026-02-26 09:45:17&#039;,
&#039;08:30:00&#039;,
CURRENT_TIMESTAMP(),
&#039;2026-02-26&#039;,
&#039;2026-02-26 09:45:17&#039;,
&#039;18:20:30&#039;,
&#039;2026-02-26 09:45:17.123&#039;,
&#039;20260226&#039;,
1,
&#039;zhangsan&#039;,
25,
13800138000,
&#039;zhangsan@example.com&#039;,
15000.50,
TRUE,
&#039;北京市海淀区中关村&#039;,
95.5,
123456.789
),
(
DATE &#039;2026-01-01&#039;,
TIMESTAMP &#039;2026-12-31 23:59:59&#039;,
&#039;23:59:59&#039;,
TIMESTAMP &#039;2026-02-26 12:00:00&#039;,
&#039;2026-01-01&#039;,
&#039;2026-12-31 23:59:59&#039;,
&#039;00:00:00&#039;,
&#039;2026-02-26 12:34:56.789&#039;,
&#039;20260101&#039;,
2,
&#039;lisi&#039;,
30,
13900139000,
&#039;lisi@example.com&#039;,
20000.00,
FALSE,
&#039;上海市浦东新区陆家嘴&#039;,
88.8,
987654.321
),
(
DATE &#039;1970-01-01&#039;,
TIMESTAMP &#039;1970-01-01 00:00:00&#039;,
&#039;&#039;,
NULL,
&#039;&#039;,
&#039;&#039;,
&#039;&#039;,
&#039;&#039;,
&#039;20260204&#039;,
3,
&#039;&#039;,
0,
0,
&#039;&#039;,
0.00,
NULL,
&#039;&#039;,
0.0,
0.0
);","1. 进入「资产-数据质量-规则任务配置-监控对象」页面
2. 「规则名称」输入「test_rule」
「选择数据源」选择「${DATASOURCE}」
「选择数据库」选择「${DATABASE}」
「选择数据表」选择「${TABLE}」
3. 「监控规则」配置如下：
「监控规则」新增「一致性校验」
「校验类型」选择为「多表数据一致性比对」
「选择校验字段」选择为「user_name；age」
「选择校验表主键」选择为「id」
「选择对比表」为「${TABLE}」
「选择对比表主键」为「id」
「比对字段设置」配置为「校验表-user_name-->对比表-user_name；校验表-age-->对比表-age」
「强弱规则」选择「弱规则」
「规则描述」输入「测试规则」
配置「对比细节设置」为「数值差异百分比-小于等于0%」、「数值差异绝对值-小于等于0」、「数值对比忽略小数点-忽略小数点后2位」、「字符不区分大小写」、「空值与NULL等价」
4. 配置「调度属性」，保存规则，且「调度属性」中配置「规则报告」为最新结果
5. 临时运行规则，查看实例详情及质量报告","1. 页面正常打开
2. 监控对象配置成功；
进入「监控规则」配置页
3. 监控规则配置完成；
进入「调度属性」页面
4. 规则保存成功
5. 实例运行结果不通过，且实例详情展示正确，质量报告展示正确","1. 
2. 
3. 
4. 
5.","","2","功能测试","功能测试阶段","正常","0","1","5","通过","听筠","2026-02-28","听筠","2026-04-07","1","",""
"179468","数据资产_STD(#23)","/版本迭代测试用例/v6.4.8/【内置规则丰富】一致性，多表数据一致性校验(#10183)","【岚图】【内置规则丰富】一致性，多表数据一致性校验(#15525)","验证「内置规则」-「一致性校验」-「多表数据一致性比对」-「设置比对细节」校验通过功能","已存在spark表A
CREATE TABLE IF NOT EXISTS
tableA (
create_date DATE COMMENT &#039;日期类型&#039;,
update_datetime TIMESTAMP COMMENT &#039;日期时间类型（替代原DATETIME）&#039;,
work_time STRING COMMENT &#039;时间类型（Spark无TIME类型，用STRING存储HH:mm:ss）&#039;,
sync_timestamp TIMESTAMP COMMENT &#039;时间戳类型&#039;,
date_str_ymd STRING COMMENT &#039;字符串日期(yyyy-MM-dd)，强转DATE&#039;,
date_str_ymd_hms STRING COMMENT &#039;字符串日期时间(yyyy-MM-dd HH:mm:ss)，强转TIMESTAMP&#039;,
date_str_mdy STRING COMMENT &#039;字符串时间(HH:mm:ss)，强转STRING（Spark无TIME类型）&#039;,
date_str_ymd_hms_ms STRING COMMENT &#039;字符串日期时间(yyyy-MM-dd HH:mm:ss.SSS)，强转TIMESTAMP&#039;,
date_str_irregular STRING COMMENT &#039;字符串日期(非标准格式，如20260204)，强转DATE&#039;,
id INT COMMENT &#039;主键ID&#039;,
user_name STRING COMMENT &#039;用户名（Spark中VARCHAR等价于STRING）&#039;,
age TINYINT COMMENT &#039;年龄&#039;,
phone BIGINT COMMENT &#039;手机号&#039;,
email STRING COMMENT &#039;邮箱&#039;,
salary DECIMAL(10, 2) COMMENT &#039;薪资&#039;,
is_active BOOLEAN COMMENT &#039;是否激活&#039;,
address STRING COMMENT &#039;地址&#039;,
score FLOAT COMMENT &#039;评分&#039;,
total_amount DOUBLE COMMENT &#039;总金额&#039;
) COMMENT &#039;时效性校验表&#039;;
INSERT INTO tableA (
create_date,
update_datetime,
work_time,
sync_timestamp,
date_str_ymd,
date_str_ymd_hms,
date_str_mdy,
date_str_ymd_hms_ms,
date_str_irregular,
id,
user_name,
age,
phone,
email,
salary,
is_active,
address,
score,
total_amount
)
VALUES
(
DATE &#039;2026-02-26&#039;,
TIMESTAMP &#039;2026-02-26 09:45:17&#039;,
&#039;08:30:00&#039;,
CURRENT_TIMESTAMP(),
&#039;2026-02-26&#039;,
&#039;2026-02-26 09:45:17&#039;,
&#039;18:20:30&#039;,
&#039;2026-02-26 09:45:17.123&#039;,
&#039;20260226&#039;,
1,
&#039;zhangsan&#039;,
25,
13800138000,
&#039;zhangsan@example.com&#039;,
15000.50,
TRUE,
&#039;北京市海淀区中关村&#039;,
95.5,
123456.789
),
(
DATE &#039;2026-01-01&#039;,
TIMESTAMP &#039;2026-12-31 23:59:59&#039;,
&#039;23:59:59&#039;,
TIMESTAMP &#039;2026-02-26 12:00:00&#039;,
&#039;2026-01-01&#039;,
&#039;2026-12-31 23:59:59&#039;,
&#039;00:00:00&#039;,
&#039;2026-02-26 12:34:56.789&#039;,
&#039;20260101&#039;,
2,
&#039;lisi&#039;,
30,
13900139000,
&#039;lisi@example.com&#039;,
20000.00,
FALSE,
&#039;上海市浦东新区陆家嘴&#039;,
88.8,
987654.321
),
(
DATE &#039;1970-01-01&#039;,
TIMESTAMP &#039;1970-01-01 00:00:00&#039;,
&#039;&#039;,
NULL,
&#039;&#039;,
&#039;&#039;,
&#039;&#039;,
&#039;&#039;,
&#039;20260204&#039;,
3,
&#039;&#039;,
0,
0,
&#039;&#039;,
0.00,
NULL,
&#039;&#039;,
0.0,
0.0
);","1. 进入「资产-数据质量-规则任务配置-监控对象」页面
2. 「规则名称」输入「test_rule」
「选择数据源」选择「${DATASOURCE}」
「选择数据库」选择「${DATABASE}」
「选择数据表」选择「${TABLE}」
3. 「监控规则」配置如下：
「监控规则」新增「一致性校验」
「校验类型」选择为「多表数据一致性比对」
「选择校验字段」选择为「user_name；age」
「选择校验表主键」选择为「id」
「选择对比表」为「${TABLE}」
「选择对比表主键」为「id」
「比对字段设置」配置为「校验表-user_name-->对比表-user_name；校验表-age-->对比表-age」
「强弱规则」选择「弱规则」
「规则描述」输入「测试规则」
配置「对比细节设置」为「数值差异百分比-小于等于80%」、「数值差异绝对值-小于等于80」、「数值对比忽略小数点-忽略小数点后2位」、「字符不区分大小写」、「空值与NULL等价」
4. 配置「调度属性」，保存规则，且「调度属性」中配置「规则报告」为最新结果
5. 临时运行规则，查看实例详情及质量报告","1. 页面正常打开
2. 监控对象配置成功；
进入「监控规则」配置页
3. 监控规则配置完成；
进入「调度属性」页面
4. 规则保存成功
5. 实例运行结果通过，且实例详情展示正确，质量报告展示正确","1. 
2. 
3. 
4. 
5.","","2","功能测试","功能测试阶段","正常","0","1","5","通过","听筠","2026-02-28","听筠","2026-04-07","1","",""
"179467","数据资产_STD(#23)","/版本迭代测试用例/v6.4.8/【内置规则丰富】一致性，多表数据一致性校验(#10183)","【岚图】【内置规则丰富】一致性，多表数据一致性校验(#15525)","验证「内置规则」-「一致性校验」-「多表数据一致性比对」-「比对规则」内容正确","无","1. 进入「资产-数据质量-规则任务配置-监控对象」页面
2. 「规则名称」输入「test_rule」
「选择数据源」选择「${DATASOURCE}」
「选择数据库」选择「${DATABASE}」
「选择数据表」选择「${TABLE}」
3. 正确配置「监控规则」，点击「比对细节设置」按钮
4. 查看「比对规则」内容
5. 鼠标hover“？”","1. 页面正常打开
2. 监控对象配置成功；
进入「监控规则」配置页
3. 弹出「比对规则」内容配置
4. 可勾选：
1）数值差异百分比，对比表之间的数值型数据时，差距百分比小于等于xx%时候，计为成功匹配
2）数值差异绝对值，对比表之间的数值型数据时，差距绝对值小于等于xx时候，计为成功匹配
3）数值对比忽略小数点，忽略小数点后xx位
4）字符不区分大小写，对比左右表的字符串型数据时，不区分大小写
5）空值与NULL等价，对比左右表的数据时，认为空值与NULL值是相等的
5. 悬浮提示：“若不勾选配置具体规则细节，则正常按照主键校验数据是否存在差异，只要存在差异判断校验不通过。”","1. 
2. 
3. 
4. 
5. 提示有误","","3","功能测试","功能测试阶段","正常","0","1","5","失败","听筠","2026-02-28","","0000-00-00","1","",""
"179466","数据资产_STD(#23)","/版本迭代测试用例/v6.4.8/【内置规则丰富】一致性，多表数据一致性校验(#10183)","【岚图】【内置规则丰富】一致性，多表数据一致性校验(#15525)","验证「内置规则」-「一致性校验」-「多表数据一致性比对」-「未选择校验字段」校验不通过功能","已存在spark表A
CREATE TABLE IF NOT EXISTS
tableA (
create_date DATE COMMENT &#039;日期类型&#039;,
update_datetime TIMESTAMP COMMENT &#039;日期时间类型（替代原DATETIME）&#039;,
work_time STRING COMMENT &#039;时间类型（Spark无TIME类型，用STRING存储HH:mm:ss）&#039;,
sync_timestamp TIMESTAMP COMMENT &#039;时间戳类型&#039;,
date_str_ymd STRING COMMENT &#039;字符串日期(yyyy-MM-dd)，强转DATE&#039;,
date_str_ymd_hms STRING COMMENT &#039;字符串日期时间(yyyy-MM-dd HH:mm:ss)，强转TIMESTAMP&#039;,
date_str_mdy STRING COMMENT &#039;字符串时间(HH:mm:ss)，强转STRING（Spark无TIME类型）&#039;,
date_str_ymd_hms_ms STRING COMMENT &#039;字符串日期时间(yyyy-MM-dd HH:mm:ss.SSS)，强转TIMESTAMP&#039;,
date_str_irregular STRING COMMENT &#039;字符串日期(非标准格式，如20260204)，强转DATE&#039;,
id INT COMMENT &#039;主键ID&#039;,
user_name STRING COMMENT &#039;用户名（Spark中VARCHAR等价于STRING）&#039;,
age TINYINT COMMENT &#039;年龄&#039;,
phone BIGINT COMMENT &#039;手机号&#039;,
email STRING COMMENT &#039;邮箱&#039;,
salary DECIMAL(10, 2) COMMENT &#039;薪资&#039;,
is_active BOOLEAN COMMENT &#039;是否激活&#039;,
address STRING COMMENT &#039;地址&#039;,
score FLOAT COMMENT &#039;评分&#039;,
total_amount DOUBLE COMMENT &#039;总金额&#039;
) COMMENT &#039;时效性校验表&#039;;

INSERT INTO tableA (
create_date,
update_datetime,
work_time,
sync_timestamp,
date_str_ymd,
date_str_ymd_hms,
date_str_mdy,
date_str_ymd_hms_ms,
date_str_irregular,
id,
user_name,
age,
phone,
email,
salary,
is_active,
address,
score,
total_amount
)
VALUES
(
DATE &#039;2026-02-26&#039;,
TIMESTAMP &#039;2026-02-26 09:45:17&#039;,
&#039;08:30:00&#039;,
CURRENT_TIMESTAMP(),
&#039;2026-02-26&#039;,
&#039;2026-02-26 09:45:17&#039;,
&#039;18:20:30&#039;,
&#039;2026-02-26 09:45:17.123&#039;,
&#039;20260226&#039;,
1,
&#039;zhangsan&#039;,
25,
13800138000,
&#039;zhangsan@example.com&#039;,
15000.50,
TRUE,
&#039;北京市海淀区中关村&#039;,
95.5,
123456.789
),
(
DATE &#039;2026-01-01&#039;,
TIMESTAMP &#039;2026-12-31 23:59:59&#039;,
&#039;23:59:59&#039;,
TIMESTAMP &#039;2026-02-26 12:00:00&#039;,
&#039;2026-01-01&#039;,
&#039;2026-12-31 23:59:59&#039;,
&#039;00:00:00&#039;,
&#039;2026-02-26 12:34:56.789&#039;,
&#039;20260101&#039;,
2,
&#039;lisi&#039;,
30,
13900139000,
&#039;lisi@example.com&#039;,
20000.00,
FALSE,
&#039;上海市浦东新区陆家嘴&#039;,
88.8,
987654.321
),
(
DATE &#039;1970-01-01&#039;,
TIMESTAMP &#039;1970-01-01 00:00:00&#039;,
&#039;&#039;,
NULL,
&#039;&#039;,
&#039;&#039;,
&#039;&#039;,
&#039;&#039;,
&#039;20260204&#039;,
3,
&#039;&#039;,
0,
0,
&#039;&#039;,
0.00,
NULL,
&#039;&#039;,
0.0,
0.0
);","1. 进入「资产-数据质量-规则任务配置-监控对象」页面
2. 「规则名称」输入「test_rule」
「选择数据源」选择「${DATASOURCE}」
「选择数据库」选择「${DATABASE}」
「选择数据表」选择「${TABLE}」
3. 「监控规则」配置如下：
「监控规则」新增「一致性校验」
「校验类型」选择为「多表数据一致性比对」
不配置「选择校验字段」
「选择校验表主键」选择为「id，name」
「选择对比表」为「${TABLE}」
配置「输入分区-动态输入分区」
「选择对比表主键」为「age，id」
「强弱规则」选择「弱规则」
「规则描述」输入「测试规则」
不配置「对比细节设置」
4. 配置「调度属性」，保存规则，且「调度属性」中配置「规则报告」为最新结果
5. 临时运行规则，查看实例详情及质量报告","1. 页面正常打开
2. 监控对象配置成功；
进入「监控规则」配置页
3. 监控规则配置完成；
进入「调度属性」页面
4. 规则保存成功
5. 实例运行结果不通过，且实例详情展示正确，质量报告展示正确","1. 
2. 
3. 
4. 
5.","","2","功能测试","功能测试阶段","正常","0","1","5","通过","听筠","2026-02-28","","0000-00-00","1","",""
"179465","数据资产_STD(#23)","/版本迭代测试用例/v6.4.8/【内置规则丰富】一致性，多表数据一致性校验(#10183)","【岚图】【内置规则丰富】一致性，多表数据一致性校验(#15525)","验证「内置规则」-「一致性校验」-「多表数据一致性比对」-「未选择校验字段」校验通过功能","已存在spark表A
CREATE TABLE IF NOT EXISTS
tableA (
create_date DATE COMMENT &#039;日期类型&#039;,
update_datetime TIMESTAMP COMMENT &#039;日期时间类型（替代原DATETIME）&#039;,
work_time STRING COMMENT &#039;时间类型（Spark无TIME类型，用STRING存储HH:mm:ss）&#039;,
sync_timestamp TIMESTAMP COMMENT &#039;时间戳类型&#039;,
date_str_ymd STRING COMMENT &#039;字符串日期(yyyy-MM-dd)，强转DATE&#039;,
date_str_ymd_hms STRING COMMENT &#039;字符串日期时间(yyyy-MM-dd HH:mm:ss)，强转TIMESTAMP&#039;,
date_str_mdy STRING COMMENT &#039;字符串时间(HH:mm:ss)，强转STRING（Spark无TIME类型）&#039;,
date_str_ymd_hms_ms STRING COMMENT &#039;字符串日期时间(yyyy-MM-dd HH:mm:ss.SSS)，强转TIMESTAMP&#039;,
date_str_irregular STRING COMMENT &#039;字符串日期(非标准格式，如20260204)，强转DATE&#039;,
id INT COMMENT &#039;主键ID&#039;,
user_name STRING COMMENT &#039;用户名（Spark中VARCHAR等价于STRING）&#039;,
age TINYINT COMMENT &#039;年龄&#039;,
phone BIGINT COMMENT &#039;手机号&#039;,
email STRING COMMENT &#039;邮箱&#039;,
salary DECIMAL(10, 2) COMMENT &#039;薪资&#039;,
is_active BOOLEAN COMMENT &#039;是否激活&#039;,
address STRING COMMENT &#039;地址&#039;,
score FLOAT COMMENT &#039;评分&#039;,
total_amount DOUBLE COMMENT &#039;总金额&#039;
) COMMENT &#039;时效性校验表&#039;;

INSERT INTO tableA (
create_date,
update_datetime,
work_time,
sync_timestamp,
date_str_ymd,
date_str_ymd_hms,
date_str_mdy,
date_str_ymd_hms_ms,
date_str_irregular,
id,
user_name,
age,
phone,
email,
salary,
is_active,
address,
score,
total_amount
)
VALUES
(
DATE &#039;2026-02-26&#039;,
TIMESTAMP &#039;2026-02-26 09:45:17&#039;,
&#039;08:30:00&#039;,
CURRENT_TIMESTAMP(),
&#039;2026-02-26&#039;,
&#039;2026-02-26 09:45:17&#039;,
&#039;18:20:30&#039;,
&#039;2026-02-26 09:45:17.123&#039;,
&#039;20260226&#039;,
1,
&#039;zhangsan&#039;,
25,
13800138000,
&#039;zhangsan@example.com&#039;,
15000.50,
TRUE,
&#039;北京市海淀区中关村&#039;,
95.5,
123456.789
),
(
DATE &#039;2026-01-01&#039;,
TIMESTAMP &#039;2026-12-31 23:59:59&#039;,
&#039;23:59:59&#039;,
TIMESTAMP &#039;2026-02-26 12:00:00&#039;,
&#039;2026-01-01&#039;,
&#039;2026-12-31 23:59:59&#039;,
&#039;00:00:00&#039;,
&#039;2026-02-26 12:34:56.789&#039;,
&#039;20260101&#039;,
2,
&#039;lisi&#039;,
30,
13900139000,
&#039;lisi@example.com&#039;,
20000.00,
FALSE,
&#039;上海市浦东新区陆家嘴&#039;,
88.8,
987654.321
),
(
DATE &#039;1970-01-01&#039;,
TIMESTAMP &#039;1970-01-01 00:00:00&#039;,
&#039;&#039;,
NULL,
&#039;&#039;,
&#039;&#039;,
&#039;&#039;,
&#039;&#039;,
&#039;20260204&#039;,
3,
&#039;&#039;,
0,
0,
&#039;&#039;,
0.00,
NULL,
&#039;&#039;,
0.0,
0.0
);","1. 进入「资产-数据质量-规则任务配置-监控对象」页面
2. 「规则名称」输入「test_rule」
「选择数据源」选择「${DATASOURCE}」
「选择数据库」选择「${DATABASE}」
「选择数据表」选择「${TABLE}」
3. 「监控规则」配置如下：
「监控规则」新增「一致性校验」
「校验类型」选择为「多表数据一致性比对」
不配置「选择校验字段」
「选择校验表主键」选择为「id，name」
「选择对比表」为「${TABLE}」
配置「输入分区-选择已有分区」
「选择对比表主键」为「id，name」
「强弱规则」选择「弱规则」
「规则描述」输入「测试规则」
不配置「对比细节设置」
4. 配置「调度属性」，保存规则，且「调度属性」中配置「规则报告」为最新结果
5. 临时运行规则，查看实例详情及质量报告","1. 页面正常打开
2. 监控对象配置成功；
进入「监控规则」配置页
3. 监控规则配置完成；
进入「调度属性」页面
4. 规则保存成功
5. 实例运行结果通过，且实例详情展示正确，质量报告展示正确","1. 
2. 
3. 
4. 
5.","","2","功能测试","功能测试阶段","正常","0","1","5","通过","听筠","2026-02-28","","0000-00-00","1","",""
"179464","数据资产_STD(#23)","/版本迭代测试用例/v6.4.8/【内置规则丰富】一致性，多表数据一致性校验(#10183)","【岚图】【内置规则丰富】一致性，多表数据一致性校验(#15525)","验证「内置规则」-「一致性校验」-「多表数据一致性比对」-「多个对比表」校验不通过功能","已存在spark表A
CREATE TABLE IF NOT EXISTS
tableA (
create_date DATE COMMENT &#039;日期类型&#039;,
update_datetime TIMESTAMP COMMENT &#039;日期时间类型（替代原DATETIME）&#039;,
work_time STRING COMMENT &#039;时间类型（Spark无TIME类型，用STRING存储HH:mm:ss）&#039;,
sync_timestamp TIMESTAMP COMMENT &#039;时间戳类型&#039;,
date_str_ymd STRING COMMENT &#039;字符串日期(yyyy-MM-dd)，强转DATE&#039;,
date_str_ymd_hms STRING COMMENT &#039;字符串日期时间(yyyy-MM-dd HH:mm:ss)，强转TIMESTAMP&#039;,
date_str_mdy STRING COMMENT &#039;字符串时间(HH:mm:ss)，强转STRING（Spark无TIME类型）&#039;,
date_str_ymd_hms_ms STRING COMMENT &#039;字符串日期时间(yyyy-MM-dd HH:mm:ss.SSS)，强转TIMESTAMP&#039;,
date_str_irregular STRING COMMENT &#039;字符串日期(非标准格式，如20260204)，强转DATE&#039;,
id INT COMMENT &#039;主键ID&#039;,
user_name STRING COMMENT &#039;用户名（Spark中VARCHAR等价于STRING）&#039;,
age TINYINT COMMENT &#039;年龄&#039;,
phone BIGINT COMMENT &#039;手机号&#039;,
email STRING COMMENT &#039;邮箱&#039;,
salary DECIMAL(10, 2) COMMENT &#039;薪资&#039;,
is_active BOOLEAN COMMENT &#039;是否激活&#039;,
address STRING COMMENT &#039;地址&#039;,
score FLOAT COMMENT &#039;评分&#039;,
total_amount DOUBLE COMMENT &#039;总金额&#039;
) COMMENT &#039;时效性校验表&#039;;

INSERT INTO tableA (
create_date,
update_datetime,
work_time,
sync_timestamp,
date_str_ymd,
date_str_ymd_hms,
date_str_mdy,
date_str_ymd_hms_ms,
date_str_irregular,
id,
user_name,
age,
phone,
email,
salary,
is_active,
address,
score,
total_amount
)
VALUES
(
DATE &#039;2026-02-26&#039;,
TIMESTAMP &#039;2026-02-26 09:45:17&#039;,
&#039;08:30:00&#039;,
CURRENT_TIMESTAMP(),
&#039;2026-02-26&#039;,
&#039;2026-02-26 09:45:17&#039;,
&#039;18:20:30&#039;,
&#039;2026-02-26 09:45:17.123&#039;,
&#039;20260226&#039;,
1,
&#039;zhangsan&#039;,
25,
13800138000,
&#039;zhangsan@example.com&#039;,
15000.50,
TRUE,
&#039;北京市海淀区中关村&#039;,
95.5,
123456.789
),
(
DATE &#039;2026-01-01&#039;,
TIMESTAMP &#039;2026-12-31 23:59:59&#039;,
&#039;23:59:59&#039;,
TIMESTAMP &#039;2026-02-26 12:00:00&#039;,
&#039;2026-01-01&#039;,
&#039;2026-12-31 23:59:59&#039;,
&#039;00:00:00&#039;,
&#039;2026-02-26 12:34:56.789&#039;,
&#039;20260101&#039;,
2,
&#039;lisi&#039;,
30,
13900139000,
&#039;lisi@example.com&#039;,
20000.00,
FALSE,
&#039;上海市浦东新区陆家嘴&#039;,
88.8,
987654.321
),
(
DATE &#039;1970-01-01&#039;,
TIMESTAMP &#039;1970-01-01 00:00:00&#039;,
&#039;&#039;,
NULL,
&#039;&#039;,
&#039;&#039;,
&#039;&#039;,
&#039;&#039;,
&#039;20260204&#039;,
3,
&#039;&#039;,
0,
0,
&#039;&#039;,
0.00,
NULL,
&#039;&#039;,
0.0,
0.0
);","1. 进入「资产-数据质量-规则任务配置-监控对象」页面
2. 「规则名称」输入「test_rule」
「选择数据源」选择「${DATASOURCE}」
「选择数据库」选择「${DATABASE}」
「选择数据表」选择「${TABLE}」
3. 「监控规则」配置如下：
「监控规则」新增「一致性校验」
「校验类型」选择为「多表数据一致性比对」
「选择校验字段」选择为「user_name；age」
「选择校验表主键」选择为「id」
「选择对比表1」为「${TABLE}」
「选择对比表1主键」为「id1」
「选择对比表2」为「${TABLE}」
「选择对比表2主键」为「id2」
「比对字段设置」配置为
「校验表-user_name-->对比表1-age，对比表2-user_name；校验表-age-->对比表1-user_name，对比表2-age」
「强弱规则」选择「弱规则」
「规则描述」输入「测试规则」
不配置「对比细节设置」
4. 配置「调度属性」，保存规则，且「调度属性」中配置「规则报告」为最新结果
5. 临时运行规则，查看实例详情及质量报告","1. 页面正常打开
2. 监控对象配置成功；
进入「监控规则」配置页
3. 监控规则配置完成；
进入「调度属性」页面
4. 规则保存成功
5. 实例运行结果不通过，且实例详情展示正确，质量报告展示正确","1. 
2. 
3. 
4. 
5.","","1","功能测试","功能测试阶段","正常","0","3","5","通过","听筠","2026-02-28","","0000-00-00","1","",""
"179463","数据资产_STD(#23)","/版本迭代测试用例/v6.4.8/【内置规则丰富】一致性，多表数据一致性校验(#10183)","【岚图】【内置规则丰富】一致性，多表数据一致性校验(#15525)","验证「内置规则」-「一致性校验」-「多表数据一致性比对」-「多个对比表」校验通过功能","已存在spark表A
CREATE TABLE IF NOT EXISTS
tableA (
create_date DATE COMMENT &#039;日期类型&#039;,
update_datetime TIMESTAMP COMMENT &#039;日期时间类型（替代原DATETIME）&#039;,
work_time STRING COMMENT &#039;时间类型（Spark无TIME类型，用STRING存储HH:mm:ss）&#039;,
sync_timestamp TIMESTAMP COMMENT &#039;时间戳类型&#039;,
date_str_ymd STRING COMMENT &#039;字符串日期(yyyy-MM-dd)，强转DATE&#039;,
date_str_ymd_hms STRING COMMENT &#039;字符串日期时间(yyyy-MM-dd HH:mm:ss)，强转TIMESTAMP&#039;,
date_str_mdy STRING COMMENT &#039;字符串时间(HH:mm:ss)，强转STRING（Spark无TIME类型）&#039;,
date_str_ymd_hms_ms STRING COMMENT &#039;字符串日期时间(yyyy-MM-dd HH:mm:ss.SSS)，强转TIMESTAMP&#039;,
date_str_irregular STRING COMMENT &#039;字符串日期(非标准格式，如20260204)，强转DATE&#039;,
id INT COMMENT &#039;主键ID&#039;,
user_name STRING COMMENT &#039;用户名（Spark中VARCHAR等价于STRING）&#039;,
age TINYINT COMMENT &#039;年龄&#039;,
phone BIGINT COMMENT &#039;手机号&#039;,
email STRING COMMENT &#039;邮箱&#039;,
salary DECIMAL(10, 2) COMMENT &#039;薪资&#039;,
is_active BOOLEAN COMMENT &#039;是否激活&#039;,
address STRING COMMENT &#039;地址&#039;,
score FLOAT COMMENT &#039;评分&#039;,
total_amount DOUBLE COMMENT &#039;总金额&#039;
) COMMENT &#039;时效性校验表&#039;;

INSERT INTO tableA (
create_date,
update_datetime,
work_time,
sync_timestamp,
date_str_ymd,
date_str_ymd_hms,
date_str_mdy,
date_str_ymd_hms_ms,
date_str_irregular,
id,
user_name,
age,
phone,
email,
salary,
is_active,
address,
score,
total_amount
)
VALUES
(
DATE &#039;2026-02-26&#039;,
TIMESTAMP &#039;2026-02-26 09:45:17&#039;,
&#039;08:30:00&#039;,
CURRENT_TIMESTAMP(),
&#039;2026-02-26&#039;,
&#039;2026-02-26 09:45:17&#039;,
&#039;18:20:30&#039;,
&#039;2026-02-26 09:45:17.123&#039;,
&#039;20260226&#039;,
1,
&#039;zhangsan&#039;,
25,
13800138000,
&#039;zhangsan@example.com&#039;,
15000.50,
TRUE,
&#039;北京市海淀区中关村&#039;,
95.5,
123456.789
),
(
DATE &#039;2026-01-01&#039;,
TIMESTAMP &#039;2026-12-31 23:59:59&#039;,
&#039;23:59:59&#039;,
TIMESTAMP &#039;2026-02-26 12:00:00&#039;,
&#039;2026-01-01&#039;,
&#039;2026-12-31 23:59:59&#039;,
&#039;00:00:00&#039;,
&#039;2026-02-26 12:34:56.789&#039;,
&#039;20260101&#039;,
2,
&#039;lisi&#039;,
30,
13900139000,
&#039;lisi@example.com&#039;,
20000.00,
FALSE,
&#039;上海市浦东新区陆家嘴&#039;,
88.8,
987654.321
),
(
DATE &#039;1970-01-01&#039;,
TIMESTAMP &#039;1970-01-01 00:00:00&#039;,
&#039;&#039;,
NULL,
&#039;&#039;,
&#039;&#039;,
&#039;&#039;,
&#039;&#039;,
&#039;20260204&#039;,
3,
&#039;&#039;,
0,
0,
&#039;&#039;,
0.00,
NULL,
&#039;&#039;,
0.0,
0.0
);","1. 进入「资产-数据质量-规则任务配置-监控对象」页面
2. 「规则名称」输入「test_rule」
「选择数据源」选择「${DATASOURCE}」
「选择数据库」选择「${DATABASE}」
「选择数据表」选择「${TABLE}」
3. 「监控规则」配置如下：
「监控规则」新增「一致性校验」
「校验类型」选择为「多表数据一致性比对」
「选择校验字段」选择为「user_name；age」
「选择校验表主键」选择为「id」
「选择对比表1」为「${TABLE}」
「选择对比表1主键」为「id1」
「选择对比表2」为「${TABLE}」
「选择对比表2主键」为「id2」
「比对字段设置」配置为
「校验表-user_name-->对比表1-user_name，对比表2-user_name；校验表-age-->对比表1-age，对比表2-age」
「强弱规则」选择「弱规则」
「规则描述」输入「测试规则」
不配置「对比细节设置」
4. 配置「调度属性」，保存规则，且「调度属性」中配置「规则报告」为最新结果
5. 临时运行规则，查看实例详情及质量报告","1. 页面正常打开
2. 监控对象配置成功；
进入「监控规则」配置页
3. 监控规则配置完成；
进入「调度属性」页面
4. 规则保存成功
5. 实例运行结果通过，且实例详情展示正确，质量报告展示正确","1. 
2. 
3. 
4. 
5.","","2","功能测试","功能测试阶段","正常","0","1","5","通过","听筠","2026-02-28","","0000-00-00","1","",""
"179462","数据资产_STD(#23)","/版本迭代测试用例/v6.4.8/【内置规则丰富】一致性，多表数据一致性校验(#10183)","【岚图】【内置规则丰富】一致性，多表数据一致性校验(#15525)","验证「内置规则」-「一致性校验」-「多表数据一致性比对」-「一个对比表」校验不通过功能","已存在spark表A
CREATE TABLE IF NOT EXISTS
tableA (
create_date DATE COMMENT &#039;日期类型&#039;,
update_datetime TIMESTAMP COMMENT &#039;日期时间类型（替代原DATETIME）&#039;,
work_time STRING COMMENT &#039;时间类型（Spark无TIME类型，用STRING存储HH:mm:ss）&#039;,
sync_timestamp TIMESTAMP COMMENT &#039;时间戳类型&#039;,
date_str_ymd STRING COMMENT &#039;字符串日期(yyyy-MM-dd)，强转DATE&#039;,
date_str_ymd_hms STRING COMMENT &#039;字符串日期时间(yyyy-MM-dd HH:mm:ss)，强转TIMESTAMP&#039;,
date_str_mdy STRING COMMENT &#039;字符串时间(HH:mm:ss)，强转STRING（Spark无TIME类型）&#039;,
date_str_ymd_hms_ms STRING COMMENT &#039;字符串日期时间(yyyy-MM-dd HH:mm:ss.SSS)，强转TIMESTAMP&#039;,
date_str_irregular STRING COMMENT &#039;字符串日期(非标准格式，如20260204)，强转DATE&#039;,
id INT COMMENT &#039;主键ID&#039;,
user_name STRING COMMENT &#039;用户名（Spark中VARCHAR等价于STRING）&#039;,
age TINYINT COMMENT &#039;年龄&#039;,
phone BIGINT COMMENT &#039;手机号&#039;,
email STRING COMMENT &#039;邮箱&#039;,
salary DECIMAL(10, 2) COMMENT &#039;薪资&#039;,
is_active BOOLEAN COMMENT &#039;是否激活&#039;,
address STRING COMMENT &#039;地址&#039;,
score FLOAT COMMENT &#039;评分&#039;,
total_amount DOUBLE COMMENT &#039;总金额&#039;
) COMMENT &#039;时效性校验表&#039;;

INSERT INTO tableA (
create_date,
update_datetime,
work_time,
sync_timestamp,
date_str_ymd,
date_str_ymd_hms,
date_str_mdy,
date_str_ymd_hms_ms,
date_str_irregular,
id,
user_name,
age,
phone,
email,
salary,
is_active,
address,
score,
total_amount
)
VALUES
(
DATE &#039;2026-02-26&#039;,
TIMESTAMP &#039;2026-02-26 09:45:17&#039;,
&#039;08:30:00&#039;,
CURRENT_TIMESTAMP(),
&#039;2026-02-26&#039;,
&#039;2026-02-26 09:45:17&#039;,
&#039;18:20:30&#039;,
&#039;2026-02-26 09:45:17.123&#039;,
&#039;20260226&#039;,
1,
&#039;zhangsan&#039;,
25,
13800138000,
&#039;zhangsan@example.com&#039;,
15000.50,
TRUE,
&#039;北京市海淀区中关村&#039;,
95.5,
123456.789
),
(
DATE &#039;2026-01-01&#039;,
TIMESTAMP &#039;2026-12-31 23:59:59&#039;,
&#039;23:59:59&#039;,
TIMESTAMP &#039;2026-02-26 12:00:00&#039;,
&#039;2026-01-01&#039;,
&#039;2026-12-31 23:59:59&#039;,
&#039;00:00:00&#039;,
&#039;2026-02-26 12:34:56.789&#039;,
&#039;20260101&#039;,
2,
&#039;lisi&#039;,
30,
13900139000,
&#039;lisi@example.com&#039;,
20000.00,
FALSE,
&#039;上海市浦东新区陆家嘴&#039;,
88.8,
987654.321
),
(
DATE &#039;1970-01-01&#039;,
TIMESTAMP &#039;1970-01-01 00:00:00&#039;,
&#039;&#039;,
NULL,
&#039;&#039;,
&#039;&#039;,
&#039;&#039;,
&#039;&#039;,
&#039;20260204&#039;,
3,
&#039;&#039;,
0,
0,
&#039;&#039;,
0.00,
NULL,
&#039;&#039;,
0.0,
0.0
);","1. 进入「资产-数据质量-规则任务配置-监控对象」页面
2. 「规则名称」输入「test_rule」
「选择数据源」选择「${DATASOURCE}」
「选择数据库」选择「${DATABASE}」
「选择数据表」选择「${TABLE}」
3. 「监控规则」配置如下：
「监控规则」新增「一致性校验」
「校验类型」选择为「多表数据一致性比对」
「选择校验字段」选择为「user_name；age」
「选择校验表主键」选择为「id」
「选择对比表」为「${TABLE}」
「选择对比表主键」为「id」
「比对字段设置」配置为「校验表-user_name-->对比表-age；校验表-age-->对比表-name」
「强弱规则」选择「弱规则」
「规则描述」输入「测试规则」
不配置「对比细节设置」
4. 配置「调度属性」，保存规则，且「调度属性」中配置「规则报告」为最新结果
5. 临时运行规则，查看实例详情及质量报告","1. 页面正常打开
2. 监控对象配置成功；
进入「监控规则」配置页
3. 监控规则配置完成；
进入「调度属性」页面
4. 规则保存成功
5. 实例运行结果不通过，且实例详情展示正确，质量报告展示正确","1. 
2. 
3. 
4. 
5.","","1","功能测试","功能测试阶段","正常","1","3","5","通过","听筠","2026-02-28","","0000-00-00","1","",""
"179461","数据资产_STD(#23)","/版本迭代测试用例/v6.4.8/【内置规则丰富】一致性，多表数据一致性校验(#10183)","【岚图】【内置规则丰富】一致性，多表数据一致性校验(#15525)","验证「内置规则」-「一致性校验」-「多表数据一致性比对」-「一个对比表」校验通过功能","已存在spark表A
CREATE TABLE IF NOT EXISTS
tableA (
create_date DATE COMMENT &#039;日期类型&#039;,
update_datetime TIMESTAMP COMMENT &#039;日期时间类型（替代原DATETIME）&#039;,
work_time STRING COMMENT &#039;时间类型（Spark无TIME类型，用STRING存储HH:mm:ss）&#039;,
sync_timestamp TIMESTAMP COMMENT &#039;时间戳类型&#039;,
date_str_ymd STRING COMMENT &#039;字符串日期(yyyy-MM-dd)，强转DATE&#039;,
date_str_ymd_hms STRING COMMENT &#039;字符串日期时间(yyyy-MM-dd HH:mm:ss)，强转TIMESTAMP&#039;,
date_str_mdy STRING COMMENT &#039;字符串时间(HH:mm:ss)，强转STRING（Spark无TIME类型）&#039;,
date_str_ymd_hms_ms STRING COMMENT &#039;字符串日期时间(yyyy-MM-dd HH:mm:ss.SSS)，强转TIMESTAMP&#039;,
date_str_irregular STRING COMMENT &#039;字符串日期(非标准格式，如20260204)，强转DATE&#039;,
id INT COMMENT &#039;主键ID&#039;,
user_name STRING COMMENT &#039;用户名（Spark中VARCHAR等价于STRING）&#039;,
age TINYINT COMMENT &#039;年龄&#039;,
phone BIGINT COMMENT &#039;手机号&#039;,
email STRING COMMENT &#039;邮箱&#039;,
salary DECIMAL(10, 2) COMMENT &#039;薪资&#039;,
is_active BOOLEAN COMMENT &#039;是否激活&#039;,
address STRING COMMENT &#039;地址&#039;,
score FLOAT COMMENT &#039;评分&#039;,
total_amount DOUBLE COMMENT &#039;总金额&#039;
) COMMENT &#039;时效性校验表&#039;;
INSERT INTO tableA (
create_date,
update_datetime,
work_time,
sync_timestamp,
date_str_ymd,
date_str_ymd_hms,
date_str_mdy,
date_str_ymd_hms_ms,
date_str_irregular,
id,
user_name,
age,
phone,
email,
salary,
is_active,
address,
score,
total_amount
)
VALUES
(
DATE &#039;2026-02-26&#039;,
TIMESTAMP &#039;2026-02-26 09:45:17&#039;,
&#039;08:30:00&#039;,
CURRENT_TIMESTAMP(),
&#039;2026-02-26&#039;,
&#039;2026-02-26 09:45:17&#039;,
&#039;18:20:30&#039;,
&#039;2026-02-26 09:45:17.123&#039;,
&#039;20260226&#039;,
1,
&#039;zhangsan&#039;,
25,
13800138000,
&#039;zhangsan@example.com&#039;,
15000.50,
TRUE,
&#039;北京市海淀区中关村&#039;,
95.5,
123456.789
),
(
DATE &#039;2026-01-01&#039;,
TIMESTAMP &#039;2026-12-31 23:59:59&#039;,
&#039;23:59:59&#039;,
TIMESTAMP &#039;2026-02-26 12:00:00&#039;,
&#039;2026-01-01&#039;,
&#039;2026-12-31 23:59:59&#039;,
&#039;00:00:00&#039;,
&#039;2026-02-26 12:34:56.789&#039;,
&#039;20260101&#039;,
2,
&#039;lisi&#039;,
30,
13900139000,
&#039;lisi@example.com&#039;,
20000.00,
FALSE,
&#039;上海市浦东新区陆家嘴&#039;,
88.8,
987654.321
),
(
DATE &#039;1970-01-01&#039;,
TIMESTAMP &#039;1970-01-01 00:00:00&#039;,
&#039;&#039;,
NULL,
&#039;&#039;,
&#039;&#039;,
&#039;&#039;,
&#039;&#039;,
&#039;20260204&#039;,
3,
&#039;&#039;,
0,
0,
&#039;&#039;,
0.00,
NULL,
&#039;&#039;,
0.0,
0.0
);","1. 进入「资产-数据质量-规则任务配置-监控对象」页面
2. 「规则名称」输入「test_rule」
「选择数据源」选择「${DATASOURCE}」
「选择数据库」选择「${DATABASE}」
「选择数据表」选择「${TABLE}」
3. 「监控规则」配置如下：
「监控规则」新增「一致性校验」
「校验类型」选择为「多表数据一致性比对」
「选择校验字段」选择为「user_name；age」
「选择校验表主键」选择为「id」
「选择对比表」为「${TABLE}」
「选择对比表主键」为「id」
「比对字段设置」配置为「校验表-user_name-->对比表-user_name；校验表-age-->对比表-age」
「强弱规则」选择「弱规则」
「规则描述」输入「测试规则」
不配置「对比细节设置」
4. 配置「调度属性」，保存规则，且「调度属性」中配置「规则报告」为最新结果
5. 临时运行规则，查看实例详情及质量报告","1. 页面正常打开
2. 监控对象配置成功；
进入「监控规则」配置页
3. 监控规则配置完成；
进入「调度属性」页面
4. 规则保存成功
5. 实例运行结果通过，且实例详情展示正确，质量报告展示正确","1. 
2. 
3. 
4. 
5.","","1","功能测试","功能测试阶段","正常","0","3","5","通过","听筠","2026-02-28","听筠","2026-04-07","1","",""
"179460","数据资产_STD(#23)","/版本迭代测试用例/v6.4.8/【内置规则丰富】一致性，多表数据一致性校验(#10183)","【岚图】【内置规则丰富】一致性，多表数据一致性校验(#15525)","验证「监控规则」-「一致性校验」-「多表数据一致性比对」区域详情正确","已存在spark表A
CREATE TABLE IF NOT EXISTS
tableA (
create_date DATE COMMENT &#039;日期类型&#039;,
update_datetime TIMESTAMP COMMENT &#039;日期时间类型（替代原DATETIME）&#039;,
work_time STRING COMMENT &#039;时间类型（Spark无TIME类型，用STRING存储HH:mm:ss）&#039;,
sync_timestamp TIMESTAMP COMMENT &#039;时间戳类型&#039;,
date_str_ymd STRING COMMENT &#039;字符串日期(yyyy-MM-dd)，强转DATE&#039;,
date_str_ymd_hms STRING COMMENT &#039;字符串日期时间(yyyy-MM-dd HH:mm:ss)，强转TIMESTAMP&#039;,
date_str_mdy STRING COMMENT &#039;字符串时间(HH:mm:ss)，强转STRING（Spark无TIME类型）&#039;,
date_str_ymd_hms_ms STRING COMMENT &#039;字符串日期时间(yyyy-MM-dd HH:mm:ss.SSS)，强转TIMESTAMP&#039;,
date_str_irregular STRING COMMENT &#039;字符串日期(非标准格式，如20260204)，强转DATE&#039;,
id INT COMMENT &#039;主键ID&#039;,
user_name STRING COMMENT &#039;用户名（Spark中VARCHAR等价于STRING）&#039;,
age TINYINT COMMENT &#039;年龄&#039;,
phone BIGINT COMMENT &#039;手机号&#039;,
email STRING COMMENT &#039;邮箱&#039;,
salary DECIMAL(10, 2) COMMENT &#039;薪资&#039;,
is_active BOOLEAN COMMENT &#039;是否激活&#039;,
address STRING COMMENT &#039;地址&#039;,
score FLOAT COMMENT &#039;评分&#039;,
total_amount DOUBLE COMMENT &#039;总金额&#039;
) COMMENT &#039;时效性校验表&#039;;

INSERT INTO tableA (
create_date,
update_datetime,
work_time,
sync_timestamp,
date_str_ymd,
date_str_ymd_hms,
date_str_mdy,
date_str_ymd_hms_ms,
date_str_irregular,
id,
user_name,
age,
phone,
email,
salary,
is_active,
address,
score,
total_amount
)
VALUES
(
DATE &#039;2026-02-26&#039;,
TIMESTAMP &#039;2026-02-26 09:45:17&#039;,
&#039;08:30:00&#039;,
CURRENT_TIMESTAMP(),
&#039;2026-02-26&#039;,
&#039;2026-02-26 09:45:17&#039;,
&#039;18:20:30&#039;,
&#039;2026-02-26 09:45:17.123&#039;,
&#039;20260226&#039;,
1,
&#039;zhangsan&#039;,
25,
13800138000,
&#039;zhangsan@example.com&#039;,
15000.50,
TRUE,
&#039;北京市海淀区中关村&#039;,
95.5,
123456.789
),
(
DATE &#039;2026-01-01&#039;,
TIMESTAMP &#039;2026-12-31 23:59:59&#039;,
&#039;23:59:59&#039;,
TIMESTAMP &#039;2026-02-26 12:00:00&#039;,
&#039;2026-01-01&#039;,
&#039;2026-12-31 23:59:59&#039;,
&#039;00:00:00&#039;,
&#039;2026-02-26 12:34:56.789&#039;,
&#039;20260101&#039;,
2,
&#039;lisi&#039;,
30,
13900139000,
&#039;lisi@example.com&#039;,
20000.00,
FALSE,
&#039;上海市浦东新区陆家嘴&#039;,
88.8,
987654.321
),
(
DATE &#039;1970-01-01&#039;,
TIMESTAMP &#039;1970-01-01 00:00:00&#039;,
&#039;&#039;,
NULL,
&#039;&#039;,
&#039;&#039;,
&#039;&#039;,
&#039;&#039;,
&#039;20260204&#039;,
3,
&#039;&#039;,
0,
0,
&#039;&#039;,
0.00,
NULL,
&#039;&#039;,
0.0,
0.0
);","1. 进入「资产-数据质量-规则任务配置-监控对象」页面
2. 「规则名称」输入「test_rule」
「选择数据源」选择「${DATASOURCE}」
「选择数据库」选择「${DATABASE}」
「选择数据表」选择「${TABLE}」
3. 点击【添加规则】按钮，选择「一致性校验」规则
4. 查看配置区域详情","1. 页面正常打开
2. 监控对象配置成功；
进入「监控规则」配置页
3. 选择成功，页面显示「一致性校验」规则配置区域
4. 包含：
1）「校验类型」，可选择多表数据一致性比对
2）「选择校验字段」，可选择数据表下所有字段
3）「选择校验表主键」，可选择数据表下所有字段
4）「选择对比表」，选择数据库下所有表，可配置多个对比表
5）「输入分区」，可配置「选择已有分区/动态分区/手动输入分区」
6）「数据预览」，可预览全表数据及分区数据
7）「选择对比表主键」，可选择对比表下所有字段
8）「比对字段设置」，展示「选择校验字段」
9）「强弱规则」，可选择「强/弱规则」
10）「规则描述」，可输入内容
11）「保存」、「取消」、「对比细节设置」按钮","1. 
2. 
3. 
4.","","2","功能测试","功能测试阶段","正常","0","1","4","通过","听筠","2026-02-28","","0000-00-00","1","",""
"179459","数据资产_STD(#23)","/版本迭代测试用例/v6.4.8/【内置规则丰富】一致性，多表数据一致性校验(#10183)","【岚图】【内置规则丰富】一致性，多表数据一致性校验(#15525)","验证「监控规则」新增「一致性校验」规则类型","已存在spark表A
CREATE TABLE IF NOT EXISTS
tableA (
create_date DATE COMMENT &#039;日期类型&#039;,
update_datetime TIMESTAMP COMMENT &#039;日期时间类型（替代原DATETIME）&#039;,
work_time STRING COMMENT &#039;时间类型（Spark无TIME类型，用STRING存储HH:mm:ss）&#039;,
sync_timestamp TIMESTAMP COMMENT &#039;时间戳类型&#039;,
date_str_ymd STRING COMMENT &#039;字符串日期(yyyy-MM-dd)，强转DATE&#039;,
date_str_ymd_hms STRING COMMENT &#039;字符串日期时间(yyyy-MM-dd HH:mm:ss)，强转TIMESTAMP&#039;,
date_str_mdy STRING COMMENT &#039;字符串时间(HH:mm:ss)，强转STRING（Spark无TIME类型）&#039;,
date_str_ymd_hms_ms STRING COMMENT &#039;字符串日期时间(yyyy-MM-dd HH:mm:ss.SSS)，强转TIMESTAMP&#039;,
date_str_irregular STRING COMMENT &#039;字符串日期(非标准格式，如20260204)，强转DATE&#039;,
id INT COMMENT &#039;主键ID&#039;,
user_name STRING COMMENT &#039;用户名（Spark中VARCHAR等价于STRING）&#039;,
age TINYINT COMMENT &#039;年龄&#039;,
phone BIGINT COMMENT &#039;手机号&#039;,
email STRING COMMENT &#039;邮箱&#039;,
salary DECIMAL(10, 2) COMMENT &#039;薪资&#039;,
is_active BOOLEAN COMMENT &#039;是否激活&#039;,
address STRING COMMENT &#039;地址&#039;,
score FLOAT COMMENT &#039;评分&#039;,
total_amount DOUBLE COMMENT &#039;总金额&#039;
) COMMENT &#039;时效性校验表&#039;;
INSERT INTO tableA (
create_date,
update_datetime,
work_time,
sync_timestamp,
date_str_ymd,
date_str_ymd_hms,
date_str_mdy,
date_str_ymd_hms_ms,
date_str_irregular,
id,
user_name,
age,
phone,
email,
salary,
is_active,
address,
score,
total_amount
)
VALUES
(
DATE &#039;2026-02-26&#039;,
TIMESTAMP &#039;2026-02-26 09:45:17&#039;,
&#039;08:30:00&#039;,
CURRENT_TIMESTAMP(),
&#039;2026-02-26&#039;,
&#039;2026-02-26 09:45:17&#039;,
&#039;18:20:30&#039;,
&#039;2026-02-26 09:45:17.123&#039;,
&#039;20260226&#039;,
1,
&#039;zhangsan&#039;,
25,
13800138000,
&#039;zhangsan@example.com&#039;,
15000.50,
TRUE,
&#039;北京市海淀区中关村&#039;,
95.5,
123456.789
),
(
DATE &#039;2026-01-01&#039;,
TIMESTAMP &#039;2026-12-31 23:59:59&#039;,
&#039;23:59:59&#039;,
TIMESTAMP &#039;2026-02-26 12:00:00&#039;,
&#039;2026-01-01&#039;,
&#039;2026-12-31 23:59:59&#039;,
&#039;00:00:00&#039;,
&#039;2026-02-26 12:34:56.789&#039;,
&#039;20260101&#039;,
2,
&#039;lisi&#039;,
30,
13900139000,
&#039;lisi@example.com&#039;,
20000.00,
FALSE,
&#039;上海市浦东新区陆家嘴&#039;,
88.8,
987654.321
),
(
DATE &#039;1970-01-01&#039;,
TIMESTAMP &#039;1970-01-01 00:00:00&#039;,
&#039;&#039;,
NULL,
&#039;&#039;,
&#039;&#039;,
&#039;&#039;,
&#039;&#039;,
&#039;20260204&#039;,
3,
&#039;&#039;,
0,
0,
&#039;&#039;,
0.00,
NULL,
&#039;&#039;,
0.0,
0.0
);","1. 进入「资产-数据质量-规则任务配置-监控对象」页面
2. 「规则名称」输入「test_rule」
「选择数据源」选择「${DATASOURCE}」
「选择数据库」选择「${DATABASE}」
「选择数据表」选择「${TABLE}」
3. 点击【添加规则】按钮
4. 选择「一致性校验」规则","1. 页面正常打开
2. 监控对象配置成功；
进入「监控规则」配置页
3. 新增「一致性校验」规则
4. 选择成功，页面显示「一致性校验」规则配置区域","1. 
2. 
3. 
4.","","1","功能测试","功能测试阶段","正常","0","3","4","通过","听筠","2026-02-28","听筠","2026-04-07","1","",""
"179373","数据资产_STD(#23)","/版本迭代测试用例/v6.4.8/【规则库管理】支持自定义sql模版(#10205)","","数据质量-规则库管理 自定义正则 验证文案调整","无","1. 查看原先的“自定义规则”tab名称
2. 查看原先“新增自定义规则”按钮名称","1. 已成功修改为“自定义正则”
2. 已成功修改为“新增自定义正则”","1. 
2.","","3","功能测试","功能测试阶段","正常","0","1","2","通过","昭君","2026-02-25","旺仔","2026-03-06","1","",""
"179372","数据资产_STD(#23)","/版本迭代测试用例/v6.4.8/【规则库管理】支持自定义sql模版(#10205)","","数据质量-规则库管理 自定义正则 验证规则模式字段删除","无","1. 查看自定义正则列表
2. 点击「新增自定义正则」按钮，新增页面「规则模式」字段已删除不显示
3. 点击「编辑」按钮，编辑页面「规则模式」字段已删除不显示
4. 点击编辑历史规则信息，编辑页面「规则模式」字段已删除不显示","1. 「规则模式」字段已删除，不显示
2. 新增自定义正则保存成功
3. 编辑自定义正则保存成功
4. 编辑历史自定义正则保存成功","1. 
2. 
3. 
4.","","1","功能测试","功能测试阶段","正常","0","2","4","通过","昭君","2026-02-25","旺仔","2026-03-06","1","",""
"179371","数据资产_STD(#23)","/版本迭代测试用例/v6.4.8/【规则库管理】支持自定义sql模版(#10205)","","数据质量-规则库管理 自定义SQL模版 验证新增「自定义SQL模版」tab","无","1. “自定义正则”tab右侧，已新增tab“自定义sql模版”
2. 点击“自定义sql模版”tab","1. 名称正确
2. 显示“自定义sql模版”列表","1. 
2.","","3","功能测试","功能测试阶段","正常","0","1","2","通过","昭君","2026-02-25","旺仔","2026-03-06","1","",""
"179370","数据资产_STD(#23)","/版本迭代测试用例/v6.4.8/【规则库管理】支持自定义sql模版(#10205)","","数据质量-规则库管理 自定义SQL模版 验证搜索","无","1. 提示词：请输入规则名称进行搜索
2. 支持规则名称搜索输入模糊搜索","1. 提示词正确
2. 搜索结果正确","1. 
2.","","3","功能测试","功能测试阶段","正常","0","1","2","通过","昭君","2026-02-25","旺仔","2026-03-06","1","",""
"179369","数据资产_STD(#23)","/版本迭代测试用例/v6.4.8/【规则库管理】支持自定义sql模版(#10205)","","数据质量-规则库管理 自定义SQL模版 验证列表展示","无","1. 列表展示规则名称、规则分类、关联范围、关联规则数、规则描述、操作
2. 支持规则分类筛选，点击漏斗，枚举内容支持多选
3. 支持规则范围筛选，点击漏斗，枚举内容支持多选
4. 查看关联规则数","1. 列表字段显示正确
2. 筛选结果正确
3. 筛选结果正确
4. 数量正确","1. 
2. 
3. 
4.","","2","功能测试","功能测试阶段","正常","0","1","4","通过","昭君","2026-02-25","旺仔","2026-03-06","1","",""
"179368","数据资产_STD(#23)","/版本迭代测试用例/v6.4.8/【规则库管理】支持自定义sql模版(#10205)","","数据质量-规则库管理 自定义SQL模版 验证列表排序","无","1. 按照修改时间倒排","1. 排序正确","1.","","2","功能测试","功能测试阶段","正常","0","1","1","失败","昭君","2026-02-25","","0000-00-00","1","",""
"179367","数据资产_STD(#23)","/版本迭代测试用例/v6.4.8/【规则库管理】支持自定义sql模版(#10205)","","数据质量-规则库管理 自定义SQL模版 新增 验证新增自定义sql模版","无","1. 点击「新增自定义sql模版」
2. 基本信息：输入合法的规则名称、规则分类、关联范围、规则描述
3. 自定义配置输入sql包含6个参数
4. 参数类型选择：6个参数分别选择数值、数组、逻辑关系、当前校验表、当前校验表字段、自定义参数
5. 参数名称：6个参数名称正常填写
6. 参数输入：6个参数说明正常填写
7. 必填字段均正确填写，点击保存按钮
8. 点击取消","1. 成功进入新增页面，自定义sql模版  >  新建自定义sql模版
2. 
3. 输入成功
4. 选择成功
5. 填写成功
6. 填写成功
7. 新增成功，列表数量+1
8. 返回上一页，且已填写内容不保存","1. 
2. 
3. 
4. 
5. 
6. 
7. 
8.","","1","功能测试","功能测试阶段","正常","0","2","8","失败","昭君","2026-02-25","","0000-00-00","1","",""
"179366","数据资产_STD(#23)","/版本迭代测试用例/v6.4.8/【规则库管理】支持自定义sql模版(#10205)","","数据质量-规则库管理 自定义SQL模版 新增 基本信息 验证规则名称","无","1. 提示词：请输入
2. 必填
3. 最大支持输入100
4. 不支持重复","1. 提示词正确
2. 为空提示
3. 超长无法输入
4. 若重复，提示校验","1. 
2. 
3. 
4.","","2","功能测试","功能测试阶段","正常","0","1","4","通过","昭君","2026-02-25","旺仔","2026-03-06","1","",""
"179365","数据资产_STD(#23)","/版本迭代测试用例/v6.4.8/【规则库管理】支持自定义sql模版(#10205)","","数据质量-规则库管理 自定义SQL模版 新增 基本信息 验证规则分类","无","1. 提示词：请选择
2. 选择枚举
3. 必选
4. 仅支持单选","1. 提示词正确
2. 完整性/唯一性/有效性/统计性/时效性/合理性
3. 为空提示
4. 选择成功","1. 
2. 
3. 
4.","","2","功能测试","功能测试阶段","正常","0","1","4","通过","昭君","2026-02-25","旺仔","2026-03-09","2","",""
"179364","数据资产_STD(#23)","/版本迭代测试用例/v6.4.8/【规则库管理】支持自定义sql模版(#10205)","","数据质量-规则库管理 自定义SQL模版 新增 基本信息 验证关联范围 提示词：请选择 提示词正确","无","","","","","2","功能测试","功能测试阶段","正常","0","1","0","通过","昭君","2026-02-25","旺仔","2026-03-09","1","",""
"179363","数据资产_STD(#23)","/版本迭代测试用例/v6.4.8/【规则库管理】支持自定义sql模版(#10205)","","数据质量-规则库管理 自定义SQL模版 新增 基本信息 验证关联范围 选择枚举 字段级/表级/多表","无","","","","","2","功能测试","功能测试阶段","正常","0","1","0","通过","昭君","2026-02-25","旺仔","2026-03-09","1","",""
"179362","数据资产_STD(#23)","/版本迭代测试用例/v6.4.8/【规则库管理】支持自定义sql模版(#10205)","","数据质量-规则库管理 自定义SQL模版 新增 基本信息 验证关联范围 必选 为空提示","无","","","","","2","功能测试","功能测试阶段","正常","0","1","0","通过","昭君","2026-02-25","旺仔","2026-03-09","1","",""
"179361","数据资产_STD(#23)","/版本迭代测试用例/v6.4.8/【规则库管理】支持自定义sql模版(#10205)","","数据质量-规则库管理 自定义SQL模版 新增 基本信息 验证关联范围 仅支持单选 选择成功","无","","","","","2","功能测试","功能测试阶段","正常","0","1","0","通过","昭君","2026-02-25","旺仔","2026-03-09","1","",""
"179360","数据资产_STD(#23)","/版本迭代测试用例/v6.4.8/【规则库管理】支持自定义sql模版(#10205)","","数据质量-规则库管理 自定义SQL模版 新增 基本信息 验证规则描述","无","1. 提示词：请输入
2. 必填
3. 最大支持输入255","1. 提示词正确
2. 为空提示
3. 超长无法输入","1. 
2. 
3.","","2","功能测试","功能测试阶段","正常","0","2","3","通过","昭君","2026-02-25","旺仔","2026-03-09","1","",""
"179359","数据资产_STD(#23)","/版本迭代测试用例/v6.4.8/【规则库管理】支持自定义sql模版(#10205)","","数据质量-规则库管理 自定义SQL模版 新增 自定义配置 验证全局参数","无","1. 点击全局参数
2. 查看内容","1. 成功出现全局参数弹框
2. 内容正正确","1. 
2.","","2","功能测试","功能测试阶段","正常","0","1","2","通过","昭君","2026-02-25","旺仔","2026-03-09","1","",""
"179358","数据资产_STD(#23)","/版本迭代测试用例/v6.4.8/【规则库管理】支持自定义sql模版(#10205)","","数据质量-规则库管理 自定义SQL模版 新增 自定义配置 验证Sql面板","无","1. 输入sql
2. sql支持参数化","1. 输入成功
2. 使用${xxxx}表示","1. 
2.","","2","功能测试","功能测试阶段","正常","0","1","2","通过","昭君","2026-02-25","旺仔","2026-03-09","2","",""
"179357","数据资产_STD(#23)","/版本迭代测试用例/v6.4.8/【规则库管理】支持自定义sql模版(#10205)","","数据质量-规则库管理 自定义SQL模版 新增 自定义配置 验证参数列表","无","1. 若输入sql无参数化
2. 输入sql包含3个参数化字段
3. 修改输入sql的3个参数化字段改为2个参数化字段
4. 修改输入sql的2个参数化字段改为5个参数化字段
5. 全局参数不显示在参数列表","1. 参数列表显示暂无数据
2. 3个参数化字段成功显示在参数列表
3. 参数列表同步更新，仅展示2条
4. 参数列表同步更新，展示5条
5.","1. 
2. 
3. 
4. 
5.","","1","功能测试","功能测试阶段","正常","0","2","5","通过","昭君","2026-02-25","旺仔","2026-03-09","1","",""
"179356","数据资产_STD(#23)","/版本迭代测试用例/v6.4.8/【规则库管理】支持自定义sql模版(#10205)","","数据质量-规则库管理 自定义SQL模版 新增 自定义配置 参数列表 验证参数列表","无","1. 参数来源sql输入的参数${xxxx}
2. 排序","1. 保存一致
2. 顺序，去重","1. 
2.","","3","功能测试","功能测试阶段","正常","0","1","2","通过","昭君","2026-02-25","旺仔","2026-03-09","1","",""
"179355","数据资产_STD(#23)","/版本迭代测试用例/v6.4.8/【规则库管理】支持自定义sql模版(#10205)","","数据质量-规则库管理 自定义SQL模版 新增 自定义配置 参数列表 验证类型选择","无","1. 必选
2. 选择枚举包含
3. 类型选择数值型，参数值只允许输入数值（bigint类型），适用于配置时间差值、计算差值等场景
4. 类型选择数组，参数值为数组配置框，适用于配置枚举范围
5. 类型选择逻辑关系，参数值支持选择支持配置>、=、<、>=、<=、!=
6. 类型选择当前校验表，不可编辑，系统会自动填充当前校验表名拼接到sql中
7. 类型选择校验表字段，支持选择当前校验表下的字段名称，只支持单选
8. 类型选择自定义类，支持输入","1. 为空提示
2. 支持选择数值、数组、逻辑关系、当前校验表、当前校验表字段、自定义参数
3. 配置自定义规则时，该参数值只能填写数值型增加校验
4. 配置自定义规则时，该参数值支持选择，支持多选，输入选择框
5. 配置自定义规则时，该参数值支持支持按照逻辑关系配置
6. 配置自定义规则时，该参数值显示--
7. 配置自定义规则时，该参数值支持选择表下所有字段，且仅支持单选；
若表字段变更，此处选择内容同步变更 下一步校验
8. 配置自定义规则时，该参数值支持输入","1. 
2. 
3. 
4. 
5. 
6. 
7. 
8.","","1","功能测试","功能测试阶段","正常","0","2","8","通过","昭君","2026-02-25","旺仔","2026-03-09","1","",""
"179354","数据资产_STD(#23)","/版本迭代测试用例/v6.4.8/【规则库管理】支持自定义sql模版(#10205)","","数据质量-规则库管理 自定义SQL模版 新增 自定义配置 参数列表 验证参数名称","无","1. 当类型选择当前校验表
2. 当类型选择其他类型
3. 必填
4. 最大支持输入50","1. 参数名称置灰无需配置
2. 支持输入
3. 为空提示
4. 超长无法输入","1. 
2. 
3. 
4.","","2","功能测试","功能测试阶段","正常","0","1","4","通过","昭君","2026-02-25","旺仔","2026-03-09","1","",""
"179353","数据资产_STD(#23)","/版本迭代测试用例/v6.4.8/【规则库管理】支持自定义sql模版(#10205)","","数据质量-规则库管理 自定义SQL模版 新增 自定义配置 参数列表 验证参数说明","无","1. 非必填
2. 最大支持输入255
3. 支持在规则配置页面“?”悬浮查看","1. 支持为空
2. 超长无法输入
3. 内容和配置一致","1. 
2. 
3.","","2","功能测试","功能测试阶段","正常","0","1","3","通过","昭君","2026-02-25","旺仔","2026-03-09","1","",""
"179352","数据资产_STD(#23)","/版本迭代测试用例/v6.4.8/【规则库管理】支持自定义sql模版(#10205)","","数据质量-规则库管理 自定义SQL模版 验证详情","无","1. 点击列表自定义sql模版名称
2. 查看详情字段及值","1. 成功出现详情页面
2. 详情内容正确，和新增、编辑保存成功的内容一致","1. 
2.","","1","功能测试","功能测试阶段","正常","0","2","2","通过","昭君","2026-02-25","旺仔","2026-03-09","1","",""
"179351","数据资产_STD(#23)","/版本迭代测试用例/v6.4.8/【规则库管理】支持自定义sql模版(#10205)","","数据质量-规则库管理 自定义SQL模版 验证编辑","无","1. 点击编辑按钮
2. 编辑规则和新增校验规则一致，必填信息正确修改，点击保存
3. 查看修改成功的内容
4. 再次点击编辑
5. 点击取消","1. 成功进入编辑页面，面包屑正确：自定义sql模版  >  编辑自定义sql模版
2. 修改成功
3. 在自定义sql模版列表、详情同步更新、引用的地方同步更新
4. 正确回显上次填写的内容
5. 返回上一页，且已填写内容不保存","1. 
2. 
3. 
4. 
5.","","1","功能测试","功能测试阶段","正常","0","2","5","失败","昭君","2026-02-25","旺仔","2026-03-09","1","",""
"179350","数据资产_STD(#23)","/版本迭代测试用例/v6.4.8/【规则库管理】支持自定义sql模版(#10205)","","数据质量-规则库管理 自定义SQL模版 验证删除","无","1. 未被自定义sql引用的模版，点击删除按钮，二次确认是否可以删除，点击确定
2. 已被被自定义sql引用的模版，点击删除按钮，二次确认是否可以删除，点击确定","1. 删除成功
2. 删除失败，提示校验？","1. 
2.","","1","功能测试","功能测试阶段","正常","0","2","2","通过","昭君","2026-02-25","旺仔","2026-03-09","1","",""
"179348","数据资产_STD(#23)","/版本迭代测试用例/v6.4.8/【规则库管理】支持自定义sql模版(#10205)","","数据质量-规则任务配置 验证新建监控配置-自定义sql","无","1. 点击新建监控配置，「监控对象」配置页面正确填写，点击下一步
2. 点击添加规则，选择自定义SQL，规则类型选择：完整性，引用规则选择：自定义SQL模版xx
3. 查看sql面板
4. 查看参数列表
5. 选择校验字段，校验方法、期望值、强弱规则、规则描述
6. 「监控规则」配置页面所有信息正确填写，点击下一步
7. 「调度属性」配置页面所有信息均正确填写，点击新建","1. 成功进入「监控规则」配置页面
2. 填写正确
3. sql回显正确
4. 参数列表回显正确
5. 输入正确
6. 成功进入「调度属性」配置页面
7. 新增监控配置成功","1. 
2. 
3. 
4. 
5. 
6. 
7.","","1","功能测试","功能测试阶段","正常","0","3","7","通过","昭君","2026-02-25","旺仔","2026-03-09","1","",""
"179347","数据资产_STD(#23)","/版本迭代测试用例/v6.4.8/【规则库管理】支持自定义sql模版(#10205)","","数据质量-规则任务配置 验证自定义sql-规则类型","无","1. 提示词：选择规则类型
2. 选择枚举
3. 必选
4. 仅支持单选","1. 提示词正确
2. 规则类型支持选择完整性/唯一性/准确性/及时性/一致性/规范性
3. 为空提示
4. 选择成功","1. 
2. 
3. 
4.","","2","功能测试","功能测试阶段","正常","0","1","4","通过","昭君","2026-02-25","旺仔","2026-03-09","1","",""
"179346","数据资产_STD(#23)","/版本迭代测试用例/v6.4.8/【规则库管理】支持自定义sql模版(#10205)","","数据质量-规则任务配置 验证自定义sql-引用规则","无","1. 提示词：选择引用规则
2. 选择枚举
3. 必选
4. 仅支持单选
5. 选择自定义模版
6. 切换选择自定义模版","1. 提示词正确
2. 引用规则支持选择规则库配置-自定义规则模块创建的规则名称
3. 为空提示
4. 选择成功
5. 成功可关联出定义的sql模版自动填入到sql框中，参数列表同步更新，显示正确
6. sql模版更新，参数列表同步更新，显示正确","1. 
2. 
3. 
4. 
5. 
6.","","1","功能测试","功能测试阶段","正常","0","2","6","通过","昭君","2026-02-25","旺仔","2026-03-09","1","",""
"179345","数据资产_STD(#23)","/版本迭代测试用例/v6.4.8/【规则库管理】支持自定义sql模版(#10205)","","数据质量-规则任务配置 验证自定义sql-sql面板","无","1. 引用规则选择「自定义模版」","1. sql面板正常回显sql模版填写的sql，且不支持编辑；若引用的sql模版填写SQL发生变更，规则编辑更新","1.","","2","功能测试","功能测试阶段","正常","0","1","1","通过","昭君","2026-02-25","旺仔","2026-03-09","1","",""
"179344","数据资产_STD(#23)","/版本迭代测试用例/v6.4.8/【规则库管理】支持自定义sql模版(#10205)","","数据质量-规则任务配置 验证自定义sql：引用规则选择「自定义模版」-参数列表","无","1. 引用规则选择「自定义模版」
2. 参数、参数类型、参数名称，和模版配置的一样
3. 鼠标覆盖到问号标识上
4. 参数值","1. 参数列表根据模版展示；若模版发生变更，此处同步更新
2. 回显正确，不支持编辑
3. 正常回显参数说明
4. 根据所属类型配置","1. 
2. 
3. 
4.","","1","功能测试","功能测试阶段","正常","0","2","4","通过","昭君","2026-02-25","旺仔","2026-03-09","1","",""
"179343","数据资产_STD(#23)","/版本迭代测试用例/v6.4.8/【规则库管理】支持自定义sql模版(#10205)","","数据质量-规则任务配置 验证校验字段","无","1. 引入的自定义sql模版约定了“关联范围”为“字段级，多表”
2. 单表
3. 校验字段
4. 枚举内容
5. 选择校验字段后若存在不符合规则的明细数据","1. 支持选择校验字段，反之不支持选择？
2. 不支持
3. 支持多选，非必填支持为空
4. 表字段
5. 选择的字段进行标红展示","1. 
2. 
3. 
4. 
5.","","2","功能测试","功能测试阶段","正常","0","1","5","通过","昭君","2026-02-25","旺仔","2026-03-10","1","",""
"179342","数据资产_STD(#23)","/版本迭代测试用例/v6.4.8/【规则库管理】支持自定义sql模版(#10205)","","数据质量-任务实例查询 验证自定义sql任务运行结果查看","1、配置自定义sql模版，${自定义sql模版名称}
配置规则分类：完整性
配置sql如下：select count(*) from ${test_table} where
((unix_timestamp(${end_time1}) - unix_timestamp(${start_time1})) &gt; ${d_value1} )
参数列表显示：
参数：${test_table}   类型：当前校验表   参数名称：当前校验表   参数说明：表名
参数：${end_time1}   类型：当前校验表字段   参数名称：校验字段   参数说明：结束时间
参数：${start_time1}   类型：当前校验表字段   参数名称：校验字段   参数说明：开始时间
参数：${d_value1}   类型：数值  参数名称：校验字段   参数说明：开始时间
2、配置自定义sql规则，引用规则${自定义sql模版名称} ，参数值列表参数值填写
参数：${test_table}   类型：当前校验表   参数名称：当前校验表   参数值：--
参数：${end_time1}   类型：当前校验表字段   参数名称：校验字段   参数值：字段end_time1
参数：${start_time1}   类型：当前校验表字段   参数名称：校验字段   参数值：字段start_time1
参数：${d_value1}   类型：数值  参数名称：校验字段   参数说明：参数值：60
校验字段：end_time1、start_time1
校验方法：固定值
期望值：&lt;=0
强弱规则：弱规则
3、源表数据，一共有6条数据4条符合，2条不符合
4、周期任务运行成功","1. 查看监控报告
2. 选中校验未通过「数量」tab
3. 查看sql显示替换了参数信息之后的完整sql内容
4. 点击查看明细
5. 支持通过运行时间筛选
6. 若配置规则时选择“校验字段”：end_time1、start_time1
7. 点击下载明细","1. 支持校验未通过（数量）、校验通过（数量）tab切换
2. 根据自定义配置时的分类展示，正确显示：完整性（自定义sql)，显示正确
3. SQl展示完整正确；SELECT COUNT(*)
FROM car_order
WHERE (
UNIX_TIMESTAMP(end_time1) - UNIX_TIMESTAMP(start_time1)
) > 60;
4. 成功打开明细弹框，明细内容正确，明细列表展示不符合要求的2条数据，展示数据表内的全部字段
5. 筛选结果正确
6. 明细表end_time1、start_time1标红展示，显示正确
7. 受筛选条件影响，下载成功，下载结果正确，校验字段标红","1. 
2. 
3. 
4. 
5. 
6. 
7.","","1","功能测试","功能测试阶段","正常","0","2","7","通过","昭君","2026-02-25","旺仔","2026-03-09","1","",""
"179341","数据资产_STD(#23)","/版本迭代测试用例/v6.4.8/【规则库管理】支持自定义sql模版(#10205)","","数据质量-质量报告 验证验证自定义sql质量报告-规则校验明细","1、配置自定义sql模版，${自定义sql模版名称}
配置规则分类：完整性
配置sql如下：select count(*) from ${test_table} where
((unix_timestamp(${end_time1}) - unix_timestamp(${start_time1})) &gt; ${d_value1} )
参数列表显示：
参数：${test_table}   类型：当前校验表   参数名称：当前校验表   参数说明：表名
参数：${end_time1}   类型：当前校验表字段   参数名称：校验字段   参数说明：结束时间
参数：${start_time1}   类型：当前校验表字段   参数名称：校验字段   参数说明：开始时间
参数：${d_value1}   类型：数值  参数名称：校验字段   参数说明：开始时间
2、配置自定义sql规则，引用规则${自定义sql模版名称} ，参数值列表参数值填写
参数：${test_table}   类型：当前校验表   参数名称：当前校验表   参数值：--
参数：${end_time1}   类型：当前校验表字段   参数名称：校验字段   参数值：字段end_time1
参数：${start_time1}   类型：当前校验表字段   参数名称：校验字段   参数值：字段start_time1
参数：${d_value1}   类型：数值  参数名称：校验字段   参数说明：参数值：60
校验字段：end_time1、start_time1
校验方法：固定值
期望值：&lt;=0
强弱规则：弱规则
3、源表数据，一共有6条数据4条符合，2条不符合
4、周期任务运行成功
5、生成质量报告","1. 查看质量报告-规则校验明细
2. 查看规则类型
3. 查看规则名称悬浮内容，鼠标覆盖
4. 查看字段名称，若配置规则时选择校验字段信息：end_time1、start_time1
5. 查看字段名称，若配置规则时选择校验字段信息”：为空
6. 查看字段类型
7. 查看未通过原因，质量结果为校验通过
8. 查看未通过原因，质量结果为校验失败
9. 查看详情说明，质量结果为校验通过
10. 查看详情说明，质量结果为校验失败","1. 列表显示：规则类型	规则名称	字段名称	字段类型	质检结果	未通过原因	详情说明	操作
2. 根据自定义配置时的分类展示，正确显示：完整性（自定义sql)，显示正确
3. 正确显示规则描述；规则描述同步变更
4. 显示字段end_time1、start_time1，显示正确
5. 展位符--，显示正确
6. 根据字段类型展示，显示正确
7. 未通过原因为空展示--
8. 未通过原因显示“规则名称+未通过”
9. 详情说明显示：查询结果的数据量为0，符合规则“期望值：<=0”
10. 详情说明显示：查询结果的数据量为2（根据完整SQl查询来），不符合规则“期望值：<=0”","1. 
2. 
3. 
4. 
5. 
6. 
7. 
8. 
9. 
10.","","1","功能测试","功能测试阶段","正常","0","2","10","失败","昭君","2026-02-25","旺仔","2026-03-09","1","",""
"179170","数据资产_STD(#23)","/版本迭代测试用例/v6.4.8/【内置规则丰富】时效性，及时性，两个字段之间的时间差校验(#10182)","【岚图】【内置规则丰富】时效性，及时性，两个字段之间的时间差校验(#15526)","验证「监控规则」-「时效性校验」-「多字段时间差校验」任务质量报告正确","已存在spark表A
CREATE TABLE IF NOT EXISTS tableA (
create_date DATE COMMENT &#039;日期类型&#039;,
update_datetime DATETIME COMMENT &#039;日期时间类型&#039;,
work_time TIME COMMENT &#039;时间类型&#039;,
sync_timestamp TIMESTAMP COMMENT &#039;时间戳类型&#039;,
date_str_ymd STRING COMMENT &#039;字符串日期(yyyy-MM-dd)，强转DATE&#039;,
date_str_ymd_hms STRING COMMENT &#039;字符串日期时间(yyyy-MM-dd HH:mm:ss)，强转DATETIME&#039;,
date_str_mdy STRING COMMENT &#039;字符串时间(HH:MM:SS)，强转TIME&#039;,
date_str_ymd_hms_ms STRING COMMENT &#039;字符串日期时间(yyyy-MM-dd HH:mm:ss.SSS)，强转TIMESTAMP&#039;,
date_str_irregular STRING COMMENT &#039;字符串日期(非标准格式，如20260204)，强转DATE&#039;,
id INT COMMENT &#039;主键ID&#039;,
user_name VARCHAR(50) COMMENT &#039;用户名&#039;,
age TINYINT COMMENT &#039;年龄&#039;,
phone BIGINT COMMENT &#039;手机号&#039;,
email STRING COMMENT &#039;邮箱&#039;,
salary DECIMAL(10,2) COMMENT &#039;薪资&#039;,
is_active BOOLEAN COMMENT &#039;是否激活&#039;,
address STRING COMMENT &#039;地址&#039;,
score FLOAT COMMENT &#039;评分&#039;,
total_amount DOUBLE COMMENT &#039;总金额&#039;
)
COMMENT &#039;时效性校验表&#039;;","1. 进入「资产-数据质量-规则任务配置-监控对象」页面
2. 「规则名称」输入「test_rule」
「选择数据源」选择「${DATASOURCE}」
「选择数据库」选择「${DATABASE}」
「选择数据表」选择「${TABLE}」
3. 「监控规则」配置如下：
「监控规则」新增「时效性校验」
「字段」选择为「id」
「统计函数」选择「及时性校验（多字段时间差校验）」
「过滤条件」设置为「id<100」
「选择对比字段组」为「order_date1；order_date2」
「时间差」选择为「<=1秒」
「大小关系」配置为「order_date1>order_date2」
「强弱规则」选择「弱规则」
「规则描述」输入「测试规则」
4. 配置「调度属性」，保存规则，且「调度属性」中配置「规则报告」为最新结果
5. 临时运行规则，查看质量报告","1. 页面正常打开
2. 监控对象配置成功；
进入「监控规则」配置页
3. 监控规则配置完成；
进入「调度属性」页面
4. 规则保存成功
5. 页面包含：
1）报告进入目录
2）质量评估汇总（任务名）区域，（数据源、数据库、检测数据范围、表行数、抽样行数、字段数、校验规则数、校验通过率）
3）规则校验明细，（规则类型-时效性校验、规则名称、字段名称、字段类型、质验结果、未通过原因、详情说明-鼠标悬浮展示全部、操作）","1. 
2. 
3. 
4. 
5. 未按周期生成质量报告","","2","功能测试","功能测试阶段","正常","0","1","5","失败","听筠","2026-02-09","","0000-00-00","1","",""
"179169","数据资产_STD(#23)","/版本迭代测试用例/v6.4.8/【内置规则丰富】时效性，及时性，两个字段之间的时间差校验(#10182)","【岚图】【内置规则丰富】时效性，及时性，两个字段之间的时间差校验(#15526)","验证「监控规则」-「时效性校验」-「多字段时间差校验」任务不通过/失败结果详情正确","已存在spark表A
CREATE TABLE IF NOT EXISTS tableA (
create_date DATE COMMENT &#039;日期类型&#039;,
update_datetime DATETIME COMMENT &#039;日期时间类型&#039;,
work_time TIME COMMENT &#039;时间类型&#039;,
sync_timestamp TIMESTAMP COMMENT &#039;时间戳类型&#039;,
date_str_ymd STRING COMMENT &#039;字符串日期(yyyy-MM-dd)，强转DATE&#039;,
date_str_ymd_hms STRING COMMENT &#039;字符串日期时间(yyyy-MM-dd HH:mm:ss)，强转DATETIME&#039;,
date_str_mdy STRING COMMENT &#039;字符串时间(HH:MM:SS)，强转TIME&#039;,
date_str_ymd_hms_ms STRING COMMENT &#039;字符串日期时间(yyyy-MM-dd HH:mm:ss.SSS)，强转TIMESTAMP&#039;,
date_str_irregular STRING COMMENT &#039;字符串日期(非标准格式，如20260204)，强转DATE&#039;,
id INT COMMENT &#039;主键ID&#039;,
user_name VARCHAR(50) COMMENT &#039;用户名&#039;,
age TINYINT COMMENT &#039;年龄&#039;,
phone BIGINT COMMENT &#039;手机号&#039;,
email STRING COMMENT &#039;邮箱&#039;,
salary DECIMAL(10,2) COMMENT &#039;薪资&#039;,
is_active BOOLEAN COMMENT &#039;是否激活&#039;,
address STRING COMMENT &#039;地址&#039;,
score FLOAT COMMENT &#039;评分&#039;,
total_amount DOUBLE COMMENT &#039;总金额&#039;
)
COMMENT &#039;时效性校验表&#039;;","1. 进入「资产-数据质量-规则任务配置-监控对象」页面
2. 「规则名称」输入「test_rule」
「选择数据源」选择「${DATASOURCE}」
「选择数据库」选择「${DATABASE}」
「选择数据表」选择「${TABLE}」
3. 「监控规则」配置如下：
「监控规则」新增「时效性校验」
「字段」选择为「id」
「统计函数」选择「及时性校验（多字段时间差校验）」
「过滤条件」设置为「id<100」
「选择对比字段组」为「order_date1；order_date2」
「时间差」选择为「<=1秒」
「大小关系」配置为「order_date1>order_date2」
「强弱规则」选择「弱规则」
「规则描述」输入「测试规则」
4. 配置「调度属性」，保存规则，且「调度属性」中配置「规则报告」为最新结果
5. 临时运行规则
6. 查看不通过的实例详情
7. 点击【监控报告】tab
8. 点击查看明细
9. 点击【下载明细】按钮
10. 点击【表级报告】tab
11. 查看运行失败的示例详情","1. 页面正常打开
2. 监控对象配置成功；
进入「监控规则」配置页
3. 监控规则配置完成；
进入「调度属性」页面
4. 规则保存成功
5. 实例运行结果符合预期
6. 抽屉式展开详情，页面包含：
任务名称、监控报告tab、表级报告tab
7. 1）都展示「时效性校验」-「多字段时间差校验」配置的详情；
2）校验未通过的规则支持查看明细
8. 1）标题显示为“查看“及时性校验-多字段时间差校验”明细”
2）记录不符合时间差内的数据，列表为全部列数据，配置的校验字段标红展示
9. 支持下载明细，内容正确
10. 包含：
1）数据表信息汇总（表名、总分区数量、数据源、数据源类型、数据库），空白时显示“--”；
2）表级统计（记录数、报警数），空白时显示“--”；
3）最近30次综合报告（记录数平均波动率、平均记录数、日平均告警数、平均告警数）；
4）最近30次表级统计；
5）最近30次表数据波动图
11. 1）展示「时效性校验」-「多字段时间差校验」配置的详情；
2）运行失败的规则支持查看日志","1. 
2. 
3. 
4. 
5. 
6. 
7. 
8. 
9. 
10. 
11.","","2","功能测试","功能测试阶段","正常","0","1","11","通过","听筠","2026-02-09","","0000-00-00","1","",""
"179168","数据资产_STD(#23)","/版本迭代测试用例/v6.4.8/【内置规则丰富】时效性，及时性，两个字段之间的时间差校验(#10182)","【岚图】【内置规则丰富】时效性，及时性，两个字段之间的时间差校验(#15526)","验证「监控规则」-「时效性校验」-「多字段时间差校验」任务通过结果详情正确","已存在spark表A
CREATE TABLE IF NOT EXISTS tableA (
create_date DATE COMMENT &#039;日期类型&#039;,
update_datetime DATETIME COMMENT &#039;日期时间类型&#039;,
work_time TIME COMMENT &#039;时间类型&#039;,
sync_timestamp TIMESTAMP COMMENT &#039;时间戳类型&#039;,
date_str_ymd STRING COMMENT &#039;字符串日期(yyyy-MM-dd)，强转DATE&#039;,
date_str_ymd_hms STRING COMMENT &#039;字符串日期时间(yyyy-MM-dd HH:mm:ss)，强转DATETIME&#039;,
date_str_mdy STRING COMMENT &#039;字符串时间(HH:MM:SS)，强转TIME&#039;,
date_str_ymd_hms_ms STRING COMMENT &#039;字符串日期时间(yyyy-MM-dd HH:mm:ss.SSS)，强转TIMESTAMP&#039;,
date_str_irregular STRING COMMENT &#039;字符串日期(非标准格式，如20260204)，强转DATE&#039;,
id INT COMMENT &#039;主键ID&#039;,
user_name VARCHAR(50) COMMENT &#039;用户名&#039;,
age TINYINT COMMENT &#039;年龄&#039;,
phone BIGINT COMMENT &#039;手机号&#039;,
email STRING COMMENT &#039;邮箱&#039;,
salary DECIMAL(10,2) COMMENT &#039;薪资&#039;,
is_active BOOLEAN COMMENT &#039;是否激活&#039;,
address STRING COMMENT &#039;地址&#039;,
score FLOAT COMMENT &#039;评分&#039;,
total_amount DOUBLE COMMENT &#039;总金额&#039;
)
COMMENT &#039;时效性校验表&#039;;","1. 进入「资产-数据质量-规则任务配置-监控对象」页面
2. 「规则名称」输入「test_rule」
「选择数据源」选择「${DATASOURCE}」
「选择数据库」选择「${DATABASE}」
「选择数据表」选择「${TABLE}」
3. 「监控规则」配置如下：
「监控规则」新增「时效性校验」
「字段」选择为「id」
「统计函数」选择「及时性校验（多字段时间差校验）」
「过滤条件」设置为「id<100」
「选择对比字段组」为「order_date1；order_date2」
「时间差」选择为「<=1秒」
「大小关系」配置为「order_date1>order_date2」
「强弱规则」选择「弱规则」
「规则描述」输入「测试规则」
4. 配置「调度属性」，保存规则，且「调度属性」中配置「规则报告」为最新结果
5. 临时运行规则
6. 查看实例详情
7. 点击【监控报告】tab
8. 点击【表级报告】tab","1. 页面正常打开
2. 监控对象配置成功；
进入「监控规则」配置页
3. 监控规则配置完成；
进入「调度属性」页面
4. 规则保存成功
5. 实例运行结果符合预期
6. 抽屉式展开详情，页面包含：
任务名称、监控报告tab、表级报告tab
7. 包含「时效性校验」-「多字段时间差校验」配置的详情
8. 包含
1）数据表信息汇总（表名、总分区数量、数据源、数据源类型、数据库），空白时显示“--”；
2）表级统计（记录数、报警数），空白时显示“--”；
3）最近30次综合报告（记录数平均波动率、平均记录数、日平均告警数、平均告警数）；
4）最近30次表级统计；
5）最近30次表数据波动图","1. 
2. 
3. 
4. 
5. 
6. 
7. 
8.","","2","功能测试","功能测试阶段","正常","0","1","8","通过","听筠","2026-02-09","","0000-00-00","1","",""
"179167","数据资产_STD(#23)","/版本迭代测试用例/v6.4.8/【内置规则丰富】时效性，及时性，两个字段之间的时间差校验(#10182)","【岚图】【内置规则丰富】时效性，及时性，两个字段之间的时间差校验(#15526)","验证「监控规则」-「时效性校验」-「多字段时间差校验」字段组限制个数正确","已存在spark表A
CREATE TABLE IF NOT EXISTS tableA (
create_date DATE COMMENT &#039;日期类型&#039;,
update_datetime DATETIME COMMENT &#039;日期时间类型&#039;,
work_time TIME COMMENT &#039;时间类型&#039;,
sync_timestamp TIMESTAMP COMMENT &#039;时间戳类型&#039;,
date_str_ymd STRING COMMENT &#039;字符串日期(yyyy-MM-dd)，强转DATE&#039;,
date_str_ymd_hms STRING COMMENT &#039;字符串日期时间(yyyy-MM-dd HH:mm:ss)，强转DATETIME&#039;,
date_str_mdy STRING COMMENT &#039;字符串时间(HH:MM:SS)，强转TIME&#039;,
date_str_ymd_hms_ms STRING COMMENT &#039;字符串日期时间(yyyy-MM-dd HH:mm:ss.SSS)，强转TIMESTAMP&#039;,
date_str_irregular STRING COMMENT &#039;字符串日期(非标准格式，如20260204)，强转DATE&#039;,
id INT COMMENT &#039;主键ID&#039;,
user_name VARCHAR(50) COMMENT &#039;用户名&#039;,
age TINYINT COMMENT &#039;年龄&#039;,
phone BIGINT COMMENT &#039;手机号&#039;,
email STRING COMMENT &#039;邮箱&#039;,
salary DECIMAL(10,2) COMMENT &#039;薪资&#039;,
is_active BOOLEAN COMMENT &#039;是否激活&#039;,
address STRING COMMENT &#039;地址&#039;,
score FLOAT COMMENT &#039;评分&#039;,
total_amount DOUBLE COMMENT &#039;总金额&#039;
)
COMMENT &#039;时效性校验表&#039;;","1. 进入「资产-数据质量-规则任务配置-监控对象」页面
2. 「规则名称」输入「test_rule」
「选择数据源」选择「${DATASOURCE}」
「选择数据库」选择「${DATABASE}」
「选择数据表」选择「${TABLE}」
3. 点击【添加规则】按钮，选择「时效性校验」规则
4. 配置10个「对比字段组」
5. 配置11个「对比字段组」","1. 页面正常打开
2. 监控对象配置成功；
进入「监控规则」配置页
3. 选择成功，页面显示「时效性校验」规则配置区域
4. 配置成功
5. 提示最多配置10个对比字段组","1. 
2. 
3. 
4. 
5. 可以配置11个","","3","功能测试","功能测试阶段","正常","1","1","5","失败","听筠","2026-02-09","","0000-00-00","1","",""
"179166","数据资产_STD(#23)","/版本迭代测试用例/v6.4.8/【内置规则丰富】时效性，及时性，两个字段之间的时间差校验(#10182)","【岚图】【内置规则丰富】时效性，及时性，两个字段之间的时间差校验(#15526)","验证「监控规则」-「时效性校验」-「多字段时间差校验」区域配置交互正确","已存在spark表A
CREATE TABLE IF NOT EXISTS tableA (
create_date DATE COMMENT &#039;日期类型&#039;,
update_datetime DATETIME COMMENT &#039;日期时间类型&#039;,
work_time TIME COMMENT &#039;时间类型&#039;,
sync_timestamp TIMESTAMP COMMENT &#039;时间戳类型&#039;,
date_str_ymd STRING COMMENT &#039;字符串日期(yyyy-MM-dd)，强转DATE&#039;,
date_str_ymd_hms STRING COMMENT &#039;字符串日期时间(yyyy-MM-dd HH:mm:ss)，强转DATETIME&#039;,
date_str_mdy STRING COMMENT &#039;字符串时间(HH:MM:SS)，强转TIME&#039;,
date_str_ymd_hms_ms STRING COMMENT &#039;字符串日期时间(yyyy-MM-dd HH:mm:ss.SSS)，强转TIMESTAMP&#039;,
date_str_irregular STRING COMMENT &#039;字符串日期(非标准格式，如20260204)，强转DATE&#039;,
id INT COMMENT &#039;主键ID&#039;,
user_name VARCHAR(50) COMMENT &#039;用户名&#039;,
age TINYINT COMMENT &#039;年龄&#039;,
phone BIGINT COMMENT &#039;手机号&#039;,
email STRING COMMENT &#039;邮箱&#039;,
salary DECIMAL(10,2) COMMENT &#039;薪资&#039;,
is_active BOOLEAN COMMENT &#039;是否激活&#039;,
address STRING COMMENT &#039;地址&#039;,
score FLOAT COMMENT &#039;评分&#039;,
total_amount DOUBLE COMMENT &#039;总金额&#039;
)
COMMENT &#039;时效性校验表&#039;;","1. 进入「资产-数据质量-规则任务配置-监控对象」页面
2. 「规则名称」输入「test_rule」
「选择数据源」选择「${DATASOURCE}」
「选择数据库」选择「${DATABASE}」
「选择数据表」选择「${TABLE}」
3. 点击【添加规则】按钮，选择「时效性校验」规则
4. 查看「字段」
5. 查看「选择对比字段组」
6. 在「时间差」配置「>/</>=/<=/=/!= xx 毫秒/秒/分钟/小时/天」中的xx输入正小数、负整数、负小数、零、正整数","1. 页面正常打开
2. 监控对象配置成功；
进入「监控规则」配置页
3. 选择成功，页面显示「时效性校验」规则配置区域
4. 仅支持单选
5. 仅支持选择两个字段，不可单选和三个以上
6. 仅支持输入正整数","1. 
2. 
3. 
4. 
5. 
6.","","3","功能测试","功能测试阶段","正常","0","1","6","通过","听筠","2026-02-09","","0000-00-00","1","",""
"179165","数据资产_STD(#23)","/版本迭代测试用例/v6.4.8/【内置规则丰富】时效性，及时性，两个字段之间的时间差校验(#10182)","【岚图】【内置规则丰富】时效性，及时性，两个字段之间的时间差校验(#15526)","验证「内置规则」-「时效性」-「多字段时间差校验」-「字段类型异常」校验功能","已存在spark表A
CREATE TABLE IF NOT EXISTS tableA (
create_date DATE COMMENT &#039;日期类型&#039;,
update_datetime DATETIME COMMENT &#039;日期时间类型&#039;,
work_time TIME COMMENT &#039;时间类型&#039;,
sync_timestamp TIMESTAMP COMMENT &#039;时间戳类型&#039;,
date_str_ymd STRING COMMENT &#039;字符串日期(yyyy-MM-dd)，强转DATE&#039;,
date_str_ymd_hms STRING COMMENT &#039;字符串日期时间(yyyy-MM-dd HH:mm:ss)，强转DATETIME&#039;,
date_str_mdy STRING COMMENT &#039;字符串时间(HH:MM:SS)，强转TIME&#039;,
date_str_ymd_hms_ms STRING COMMENT &#039;字符串日期时间(yyyy-MM-dd HH:mm:ss.SSS)，强转TIMESTAMP&#039;,
date_str_irregular STRING COMMENT &#039;字符串日期(非标准格式，如20260204)，强转DATE&#039;,
id INT COMMENT &#039;主键ID&#039;,
user_name VARCHAR(50) COMMENT &#039;用户名&#039;,
age TINYINT COMMENT &#039;年龄&#039;,
phone BIGINT COMMENT &#039;手机号&#039;,
email STRING COMMENT &#039;邮箱&#039;,
salary DECIMAL(10,2) COMMENT &#039;薪资&#039;,
is_active BOOLEAN COMMENT &#039;是否激活&#039;,
address STRING COMMENT &#039;地址&#039;,
score FLOAT COMMENT &#039;评分&#039;,
total_amount DOUBLE COMMENT &#039;总金额&#039;
) COMMENT &#039;时效性校验表&#039;;
INSERT INTO tableA (
create_date,
update_datetime,
work_time,
sync_timestamp,
date_str_ymd,
date_str_ymd_hms,
date_str_mdy,
date_str_ymd_hms_ms,
date_str_irregular,
id,
user_name,
age,
phone,
email,
salary,
is_active,
address,
score,
total_amount
)
VALUES
-- 第一行数据
(
&#039;2026-02-04&#039;,                     -- DATE 类型
&#039;2026-02-04 09:30:15&#039;,            -- DATETIME 类型
&#039;08:00:00&#039;,                       -- TIME 类型
&#039;2026-02-04 09:30:15&#039;,            -- TIMESTAMP 类型
&#039;2026-02-04&#039;,                     -- 字符串日期
&#039;2026-02-04 09:30:15&#039;,            -- 字符串日期时间
&#039;08:00:00&#039;,                       -- 字符串时间
&#039;2026-02-04 09:30:15.123&#039;,        -- 带毫秒的字符串
&#039;20260204&#039;,                       -- 非标准字符串
1,                                -- INT 类型
&#039;张三&#039;,                           -- VARCHAR/STRING 类型
25,                               -- TINYINT 类型
13800138000,                      -- BIGINT 类型
&#039;zhangsan@example.com&#039;,           -- STRING 类型
8500.50,                          -- DECIMAL 类型
TRUE,                             -- BOOLEAN 类型
&#039;北京市朝阳区XX路88号&#039;,           -- STRING 类型
95.5,                             -- FLOAT 类型
125000.75                         -- DOUBLE 类型
),
-- 第二行数据
(
&#039;2026-02-05&#039;,
&#039;2026-02-05 14:20:30&#039;,
&#039;09:15:00&#039;,
&#039;2026-02-05 14:20:30&#039;,
&#039;2026-02-05&#039;,
&#039;2026-02-05 14:20:30&#039;,
&#039;09:15:00&#039;,
&#039;2026-02-05 14:20:30.456&#039;,
&#039;20260205&#039;,
2,
&#039;李四&#039;,
30,
13900139000,
&#039;lisi@example.com&#039;,
9800.00,
FALSE,
&#039;上海市浦东新区XX街66号&#039;,
88.8,
189000.99
),
-- 第三行数据
(
&#039;2026-02-06&#039;,
&#039;2026-02-06 18:45:20&#039;,
&#039;10:30:00&#039;,
&#039;2026-02-06 18:45:20&#039;,
&#039;2026-02-06&#039;,
&#039;2026-02-06 18:45:20&#039;,
&#039;10:30:00&#039;,
&#039;2026-02-06 18:45:20.789&#039;,
&#039;20260206&#039;,
3,
&#039;王五&#039;,
28,
13700137000,
&#039;wangwu@example.com&#039;,
7999.99,
TRUE,
&#039;广州市天河区XX大道99号&#039;,
92.0,
98500.50
);","1. 进入「资产-数据质量-规则任务配置-监控对象」页面
2. 「规则名称」输入「test_rule」
「选择数据源」选择「${DATASOURCE}」
「选择数据库」选择「${DATABASE}」
「选择数据表」选择「${TABLE}」
3. 「监控规则」配置如下：（6个字段组分别为int/varchar/string/decimal/boolean/double类型）
「监控规则」新增「时效性校验」
「字段」选择为「id」
「统计函数」选择「及时性校验（多字段时间差校验）」
「过滤条件」设置为「id<100」
1）「选择对比字段组1」为「id1；id2」。「时间差」选择为「<1天」。「大小关系」配置为「id1<id2」
2）「选择对比字段组2」为「user_name1；user_name2」。「时间差」选择为「>=1秒」。「大小关系」配置为「user_name1<user_name2」
3）「选择对比字段组3」为「address1；address2」。「时间差」选择为「>=1秒」。「大小关系」配置为「address1<address2」
4）「选择对比字段组4」为「salary1；salary2」。「时间差」选择为「>=1秒」。「大小关系」配置为「salary1<salary2」
5）「选择对比字段组4」为「is_active1；is_active2」。「时间差」选择为「>=1秒」。「大小关系」配置为「is_active1<is_active2」
6）「选择对比字段组4」为「total_amount1；total_amount2」。「时间差」选择为「>=1秒」。「大小关系」配置为「total_amount1<total_amount2」
「强弱规则」选择「弱规则」
「规则描述」输入「测试规则」
4. 配置「调度属性」，保存规则，且「调度属性」中配置「规则报告」为最新结果
5. 立即执行规则","1. 页面正常打开
2. 监控对象配置成功；
进入「监控规则」配置页
3. 仅支持配置时间日期型、string字段，监控规则配置完成；
进入「调度属性」页面
4. 规则保存成功
5. 运行失败，日志显示正确失败详情","1. 
2. 
3. 
4. 
5.","","2","功能测试","功能测试阶段","正常","0","1","5","通过","听筠","2026-02-09","听筠","2026-03-05","2","",""
"179164","数据资产_STD(#23)","/版本迭代测试用例/v6.4.8/【内置规则丰富】时效性，及时性，两个字段之间的时间差校验(#10182)","【岚图】【内置规则丰富】时效性，及时性，两个字段之间的时间差校验(#15526)","验证「内置规则」-「时效性」-「多字段时间差校验」-「string转long」校验不通过功能","已存在spark表A
CREATE TABLE IF NOT EXISTS tableA (
create_date DATE COMMENT &#039;日期类型&#039;,
update_datetime DATETIME COMMENT &#039;日期时间类型&#039;,
work_time TIME COMMENT &#039;时间类型&#039;,
sync_timestamp TIMESTAMP COMMENT &#039;时间戳类型&#039;,
date_str_ymd STRING COMMENT &#039;字符串日期(yyyy-MM-dd)，强转DATE&#039;,
date_str_ymd_hms STRING COMMENT &#039;字符串日期时间(yyyy-MM-dd HH:mm:ss)，强转DATETIME&#039;,
date_str_mdy STRING COMMENT &#039;字符串时间(HH:MM:SS)，强转TIME&#039;,
date_str_ymd_hms_ms STRING COMMENT &#039;字符串日期时间(yyyy-MM-dd HH:mm:ss.SSS)，强转TIMESTAMP&#039;,
date_str_irregular STRING COMMENT &#039;字符串日期(非标准格式，如20260204)，强转DATE&#039;,
id INT COMMENT &#039;主键ID&#039;,
user_name VARCHAR(50) COMMENT &#039;用户名&#039;,
age TINYINT COMMENT &#039;年龄&#039;,
phone BIGINT COMMENT &#039;手机号&#039;,
email STRING COMMENT &#039;邮箱&#039;,
salary DECIMAL(10,2) COMMENT &#039;薪资&#039;,
is_active BOOLEAN COMMENT &#039;是否激活&#039;,
address STRING COMMENT &#039;地址&#039;,
score FLOAT COMMENT &#039;评分&#039;,
total_amount DOUBLE COMMENT &#039;总金额&#039;
) COMMENT &#039;时效性校验表&#039;;
INSERT INTO tableA (
create_date,
update_datetime,
work_time,
sync_timestamp,
date_str_ymd,
date_str_ymd_hms,
date_str_mdy,
date_str_ymd_hms_ms,
date_str_irregular,
id,
user_name,
age,
phone,
email,
salary,
is_active,
address,
score,
total_amount
)
VALUES
-- 第一行数据
(
&#039;2026-02-04&#039;,                     -- DATE 类型
&#039;2026-02-04 09:30:15&#039;,            -- DATETIME 类型
&#039;08:00:00&#039;,                       -- TIME 类型
&#039;2026-02-04 09:30:15&#039;,            -- TIMESTAMP 类型
&#039;2026-02-04&#039;,                     -- 字符串日期
&#039;2026-02-04 09:30:15&#039;,            -- 字符串日期时间
&#039;08:00:00&#039;,                       -- 字符串时间
&#039;2026-02-04 09:30:15.123&#039;,        -- 带毫秒的字符串
&#039;20260204&#039;,                       -- 非标准字符串
1,                                -- INT 类型
&#039;张三&#039;,                           -- VARCHAR/STRING 类型
25,                               -- TINYINT 类型
13800138000,                      -- BIGINT 类型
&#039;zhangsan@example.com&#039;,           -- STRING 类型
8500.50,                          -- DECIMAL 类型
TRUE,                             -- BOOLEAN 类型
&#039;北京市朝阳区XX路88号&#039;,           -- STRING 类型
95.5,                             -- FLOAT 类型
125000.75                         -- DOUBLE 类型
),
-- 第二行数据
(
&#039;2026-02-05&#039;,
&#039;2026-02-05 14:20:30&#039;,
&#039;09:15:00&#039;,
&#039;2026-02-05 14:20:30&#039;,
&#039;2026-02-05&#039;,
&#039;2026-02-05 14:20:30&#039;,
&#039;09:15:00&#039;,
&#039;2026-02-05 14:20:30.456&#039;,
&#039;20260205&#039;,
2,
&#039;李四&#039;,
30,
13900139000,
&#039;lisi@example.com&#039;,
9800.00,
FALSE,
&#039;上海市浦东新区XX街66号&#039;,
88.8,
189000.99
),
-- 第三行数据
(
&#039;2026-02-06&#039;,
&#039;2026-02-06 18:45:20&#039;,
&#039;10:30:00&#039;,
&#039;2026-02-06 18:45:20&#039;,
&#039;2026-02-06&#039;,
&#039;2026-02-06 18:45:20&#039;,
&#039;10:30:00&#039;,
&#039;2026-02-06 18:45:20.789&#039;,
&#039;20260206&#039;,
3,
&#039;王五&#039;,
28,
13700137000,
&#039;wangwu@example.com&#039;,
7999.99,
TRUE,
&#039;广州市天河区XX大道99号&#039;,
92.0,
98500.50
);","1. 进入「资产-数据质量-规则任务配置-监控对象」页面
2. 「规则名称」输入「test_rule」
「选择数据源」选择「${DATASOURCE}」
「选择数据库」选择「${DATABASE}」
「选择数据表」选择「${TABLE}」
3. 「监控规则」配置如下：
「监控规则」新增「时效性校验」
「字段」选择为「id」
「统计函数」选择「及时性校验（多字段时间差校验）」
「过滤条件」设置为「id<100」
「选择对比字段组」为「date_str_ymd_hms_ms1；date_str_ymd_hms_ms2」。「时间差」选择为「<1天」。「大小关系」配置为「date_str_ymd_hms_ms1<date_str_ymd_hms_ms2」
「强弱规则」选择「弱规则」
「规则描述」输入「测试规则」
4. 配置「调度属性」，保存规则，且「调度属性」中配置「规则报告」为最新结果
5. 临时运行规则，查看实例详情及质量报告","1. 页面正常打开
2. 监控对象配置成功；
进入「监控规则」配置页
3. 监控规则配置完成；
进入「调度属性」页面
4. 规则保存成功
5. 实例运行结果不通过，且实例详情展示正确，质量报告展示正确","1. 
2. 
3. 
4. 
5.","","2","功能测试","功能测试阶段","正常","0","1","5","通过","听筠","2026-02-09","","0000-00-00","1","",""
"179163","数据资产_STD(#23)","/版本迭代测试用例/v6.4.8/【内置规则丰富】时效性，及时性，两个字段之间的时间差校验(#10182)","【岚图】【内置规则丰富】时效性，及时性，两个字段之间的时间差校验(#15526)","验证「内置规则」-「时效性」-「多字段时间差校验」-「string转long」校验通过功能","<p>已存在spark表A<br /><br />CREATE TABLE IF NOT EXISTS<br />tableA (<br />create_date DATE COMMENT &#039;日期类型&#039;,<br />update_datetime TIMESTAMP COMMENT &#039;日期时间类型（替代原DATETIME）&#039;,<br />work_time STRING COMMENT &#039;时间类型（Spark无TIME类型，用STRING存储HH:mm:ss）&#039;,<br />sync_timestamp TIMESTAMP COMMENT &#039;时间戳类型&#039;,<br />date_str_ymd STRING COMMENT &#039;字符串日期(yyyy-MM-dd)，强转DATE&#039;,<br />date_str_ymd_hms STRING COMMENT &#039;字符串日期时间(yyyy-MM-dd HH:mm:ss)，强转TIMESTAMP&#039;,<br />date_str_mdy STRING COMMENT &#039;字符串时间(HH:mm:ss)，强转STRING（Spark无TIME类型）&#039;,<br />date_str_ymd_hms_ms STRING COMMENT &#039;字符串日期时间(yyyy-MM-dd HH:mm:ss.SSS)，强转TIMESTAMP&#039;,<br />date_str_irregular STRING COMMENT &#039;字符串日期(非标准格式，如20260204)，强转DATE&#039;,<br />id INT COMMENT &#039;主键ID&#039;,<br />user_name STRING COMMENT &#039;用户名（Spark中VARCHAR等价于STRING）&#039;,<br />age TINYINT COMMENT &#039;年龄&#039;,<br />phone BIGINT COMMENT &#039;手机号&#039;,<br />email STRING COMMENT &#039;邮箱&#039;,<br />salary DECIMAL(10, 2) COMMENT &#039;薪资&#039;,<br />is_active BOOLEAN COMMENT &#039;是否激活&#039;,<br />address STRING COMMENT &#039;地址&#039;,<br />score FLOAT COMMENT &#039;评分&#039;,<br />total_amount DOUBLE COMMENT &#039;总金额&#039;<br />) COMMENT &#039;时效性校验表&#039;;<br /><br />INSERT INTO tableA (<br /> create_date,<br /> update_datetime,<br /> work_time,<br /> sync_timestamp,<br /> date_str_ymd,<br /> date_str_ymd_hms,<br /> date_str_mdy,<br /> date_str_ymd_hms_ms,<br /> date_str_irregular,<br /> id,<br /> user_name,<br /> age,<br /> phone,<br /> email,<br /> salary,<br /> is_active,<br /> address,<br /> score,<br /> total_amount<br />)<br />VALUES<br /> (<br /> DATE &#039;2026-02-26&#039;,<br /> TIMESTAMP &#039;2026-02-26 09:45:17&#039;,<br /> &#039;08:30:00&#039;,<br /> CURRENT_TIMESTAMP(),<br /> &#039;2026-02-26&#039;,<br /> &#039;2026-02-26 09:45:17&#039;,<br /> &#039;18:20:30&#039;,<br /> &#039;2026-02-26 09:45:17.123&#039;,<br /> &#039;20260226&#039;,<br /> 1,<br /> &#039;zhangsan&#039;,<br /> 25,<br /> 13800138000,<br /> &#039;zhangsan@example.com&#039;,<br /> 15000.50,<br /> TRUE,<br /> &#039;北京市海淀区中关村&#039;,<br /> 95.5,<br /> 123456.789<br /> ),<br /> (<br /> DATE &#039;2026-01-01&#039;,<br /> TIMESTAMP &#039;2026-12-31 23:59:59&#039;,<br /> &#039;23:59:59&#039;,<br /> TIMESTAMP &#039;2026-02-26 12:00:00&#039;,<br /> &#039;2026-01-01&#039;,<br /> &#039;2026-12-31 23:59:59&#039;,<br /> &#039;00:00:00&#039;,<br /> &#039;2026-02-26 12:34:56.789&#039;,<br /> &#039;20260101&#039;,<br /> 2,<br /> &#039;lisi&#039;,<br /> 30,<br /> 13900139000,<br /> &#039;lisi@example.com&#039;,<br /> 20000.00,<br /> FALSE,<br /> &#039;上海市浦东新区陆家嘴&#039;,<br /> 88.8,<br /> 987654.321<br /> ),<br /> (<br /> DATE &#039;1970-01-01&#039;,<br /> TIMESTAMP &#039;1970-01-01 00:00:00&#039;,<br /> &#039;&#039;,<br /> NULL,<br /> &#039;&#039;,<br /> &#039;&#039;,<br /> &#039;&#039;,<br /> &#039;&#039;,<br /> &#039;20260204&#039;,<br /> 3,<br /> &#039;&#039;,<br /> 0,<br /> 0,<br /> &#039;&#039;,<br /> 0.00,<br /> NULL,<br /> &#039;&#039;,<br /> 0.0,<br /> 0.0<br /> );</p>
<br />","1. 进入「资产-数据质量-规则任务配置-监控对象」页面
2. 「规则名称」输入「test_rule」
「选择数据源」选择「${DATASOURCE}」
「选择数据库」选择「${DATABASE}」
「选择数据表」选择「${TABLE}」
3. 「监控规则」配置如下：
「监控规则」新增「时效性校验」
「字段」选择为「id」
「统计函数」选择「及时性校验（多字段时间差校验）」
「过滤条件」设置为「id<100」
「选择对比字段组」为「date_str_ymd_hms1；date_str_ymd_hms2」。「时间差」选择为「>=1天」。「大小关系」配置为「date_str_ymd_hms1<date_str_ymd_hms2」
「强弱规则」选择「弱规则」
「规则描述」输入「测试规则」
4. 配置「调度属性」，保存规则，且「调度属性」中配置「规则报告」为最新结果
5. 临时运行规则，查看实例详情及质量报告","1. 页面正常打开
2. 监控对象配置成功；
进入「监控规则」配置页
3. 监控规则配置完成；
进入「调度属性」页面
4. 规则保存成功
5. 实例运行结果通过，且实例详情展示正确，质量报告展示正确","1. 
2. 
3. 
4. 
5.","","1","功能测试","功能测试阶段","正常","0","3","5","通过","听筠","2026-02-09","听筠","2026-03-02","2","",""
"179162","数据资产_STD(#23)","/版本迭代测试用例/v6.4.8/【内置规则丰富】时效性，及时性，两个字段之间的时间差校验(#10182)","【岚图】【内置规则丰富】时效性，及时性，两个字段之间的时间差校验(#15526)","验证「内置规则」-「时效性」-「多字段时间差校验」-「多个对比字段组」-「date/datetime/time/timestamp类型」校验不通过功能","<p>已存在spark表A<br /><br />CREATE TABLE IF NOT EXISTS<br />tableA (<br />create_date DATE COMMENT &#039;日期类型&#039;,<br />update_datetime TIMESTAMP COMMENT &#039;日期时间类型（替代原DATETIME）&#039;,<br />work_time STRING COMMENT &#039;时间类型（Spark无TIME类型，用STRING存储HH:mm:ss）&#039;,<br />sync_timestamp TIMESTAMP COMMENT &#039;时间戳类型&#039;,<br />date_str_ymd STRING COMMENT &#039;字符串日期(yyyy-MM-dd)，强转DATE&#039;,<br />date_str_ymd_hms STRING COMMENT &#039;字符串日期时间(yyyy-MM-dd HH:mm:ss)，强转TIMESTAMP&#039;,<br />date_str_mdy STRING COMMENT &#039;字符串时间(HH:mm:ss)，强转STRING（Spark无TIME类型）&#039;,<br />date_str_ymd_hms_ms STRING COMMENT &#039;字符串日期时间(yyyy-MM-dd HH:mm:ss.SSS)，强转TIMESTAMP&#039;,<br />date_str_irregular STRING COMMENT &#039;字符串日期(非标准格式，如20260204)，强转DATE&#039;,<br />id INT COMMENT &#039;主键ID&#039;,<br />user_name STRING COMMENT &#039;用户名（Spark中VARCHAR等价于STRING）&#039;,<br />age TINYINT COMMENT &#039;年龄&#039;,<br />phone BIGINT COMMENT &#039;手机号&#039;,<br />email STRING COMMENT &#039;邮箱&#039;,<br />salary DECIMAL(10, 2) COMMENT &#039;薪资&#039;,<br />is_active BOOLEAN COMMENT &#039;是否激活&#039;,<br />address STRING COMMENT &#039;地址&#039;,<br />score FLOAT COMMENT &#039;评分&#039;,<br />total_amount DOUBLE COMMENT &#039;总金额&#039;<br />) COMMENT &#039;时效性校验表&#039;;<br /><br />INSERT INTO tableA (<br />&nbsp; &nbsp; create_date,<br />&nbsp; &nbsp; update_datetime,<br />&nbsp; &nbsp; work_time,<br />&nbsp; &nbsp; sync_timestamp,<br />&nbsp; &nbsp; date_str_ymd,<br />&nbsp; &nbsp; date_str_ymd_hms,<br />&nbsp; &nbsp; date_str_mdy,<br />&nbsp; &nbsp; date_str_ymd_hms_ms,<br />&nbsp; &nbsp; date_str_irregular,<br />&nbsp; &nbsp; id,<br />&nbsp; &nbsp; user_name,<br />&nbsp; &nbsp; age,<br />&nbsp; &nbsp; phone,<br />&nbsp; &nbsp; email,<br />&nbsp; &nbsp; salary,<br />&nbsp; &nbsp; is_active,<br />&nbsp; &nbsp; address,<br />&nbsp; &nbsp; score,<br />&nbsp; &nbsp; total_amount<br />)<br />VALUES<br />&nbsp; &nbsp; (<br />&nbsp; &nbsp; &nbsp; &nbsp; DATE &#039;2026-02-26&#039;,<br />&nbsp; &nbsp; &nbsp; &nbsp; TIMESTAMP &#039;2026-02-26 09:45:17&#039;,<br />&nbsp; &nbsp; &nbsp; &nbsp; &#039;08:30:00&#039;,<br />&nbsp; &nbsp; &nbsp; &nbsp; CURRENT_TIMESTAMP(),<br />&nbsp; &nbsp; &nbsp; &nbsp; &#039;2026-02-26&#039;,<br />&nbsp; &nbsp; &nbsp; &nbsp; &#039;2026-02-26 09:45:17&#039;,<br />&nbsp; &nbsp; &nbsp; &nbsp; &#039;18:20:30&#039;,<br />&nbsp; &nbsp; &nbsp; &nbsp; &#039;2026-02-26 09:45:17.123&#039;,<br />&nbsp; &nbsp; &nbsp; &nbsp; &#039;20260226&#039;,<br />&nbsp; &nbsp; &nbsp; &nbsp; 1,<br />&nbsp; &nbsp; &nbsp; &nbsp; &#039;zhangsan&#039;,<br />&nbsp; &nbsp; &nbsp; &nbsp; 25,<br />&nbsp; &nbsp; &nbsp; &nbsp; 13800138000,<br />&nbsp; &nbsp; &nbsp; &nbsp; &#039;zhangsan@example.com&#039;,<br />&nbsp; &nbsp; &nbsp; &nbsp; 15000.50,<br />&nbsp; &nbsp; &nbsp; &nbsp; TRUE,<br />&nbsp; &nbsp; &nbsp; &nbsp; &#039;北京市海淀区中关村&#039;,<br />&nbsp; &nbsp; &nbsp; &nbsp; 95.5,<br />&nbsp; &nbsp; &nbsp; &nbsp; 123456.789<br />&nbsp; &nbsp; ),<br />&nbsp; &nbsp; (<br />&nbsp; &nbsp; &nbsp; &nbsp; DATE &#039;2026-01-01&#039;,<br />&nbsp; &nbsp; &nbsp; &nbsp; TIMESTAMP &#039;2026-12-31 23:59:59&#039;,<br />&nbsp; &nbsp; &nbsp; &nbsp; &#039;23:59:59&#039;,<br />&nbsp; &nbsp; &nbsp; &nbsp; TIMESTAMP &#039;2026-02-26 12:00:00&#039;,<br />&nbsp; &nbsp; &nbsp; &nbsp; &#039;2026-01-01&#039;,<br />&nbsp; &nbsp; &nbsp; &nbsp; &#039;2026-12-31 23:59:59&#039;,<br />&nbsp; &nbsp; &nbsp; &nbsp; &#039;00:00:00&#039;,<br />&nbsp; &nbsp; &nbsp; &nbsp; &#039;2026-02-26 12:34:56.789&#039;,<br />&nbsp; &nbsp; &nbsp; &nbsp; &#039;20260101&#039;,<br />&nbsp; &nbsp; &nbsp; &nbsp; 2,<br />&nbsp; &nbsp; &nbsp; &nbsp; &#039;lisi&#039;,<br />&nbsp; &nbsp; &nbsp; &nbsp; 30,<br />&nbsp; &nbsp; &nbsp; &nbsp; 13900139000,<br />&nbsp; &nbsp; &nbsp; &nbsp; &#039;lisi@example.com&#039;,<br />&nbsp; &nbsp; &nbsp; &nbsp; 20000.00,<br />&nbsp; &nbsp; &nbsp; &nbsp; FALSE,<br />&nbsp; &nbsp; &nbsp; &nbsp; &#039;上海市浦东新区陆家嘴&#039;,<br />&nbsp; &nbsp; &nbsp; &nbsp; 88.8,<br />&nbsp; &nbsp; &nbsp; &nbsp; 987654.321<br />&nbsp; &nbsp; ),<br />&nbsp; &nbsp; (<br />&nbsp; &nbsp; &nbsp; &nbsp; DATE &#039;1970-01-01&#039;,<br />&nbsp; &nbsp; &nbsp; &nbsp; TIMESTAMP &#039;1970-01-01 00:00:00&#039;,<br />&nbsp; &nbsp; &nbsp; &nbsp; &#039;&#039;,<br />&nbsp; &nbsp; &nbsp; &nbsp; NULL,<br />&nbsp; &nbsp; &nbsp; &nbsp; &#039;&#039;,<br />&nbsp; &nbsp; &nbsp; &nbsp; &#039;&#039;,<br />&nbsp; &nbsp; &nbsp; &nbsp; &#039;&#039;,<br />&nbsp; &nbsp; &nbsp; &nbsp; &#039;&#039;,<br />&nbsp; &nbsp; &nbsp; &nbsp; &#039;20260204&#039;,<br />&nbsp; &nbsp; &nbsp; &nbsp; 3,<br />&nbsp; &nbsp; &nbsp; &nbsp; &#039;&#039;,<br />&nbsp; &nbsp; &nbsp; &nbsp; 0,<br />&nbsp; &nbsp; &nbsp; &nbsp; 0,<br />&nbsp; &nbsp; &nbsp; &nbsp; &#039;&#039;,<br />&nbsp; &nbsp; &nbsp; &nbsp; 0.00,<br />&nbsp; &nbsp; &nbsp; &nbsp; NULL,<br />&nbsp; &nbsp; &nbsp; &nbsp; &#039;&#039;,<br />&nbsp; &nbsp; &nbsp; &nbsp; 0.0,<br />&nbsp; &nbsp; &nbsp; &nbsp; 0.0<br />&nbsp; &nbsp; );</p>","1. 进入「资产-数据质量-规则任务配置-监控对象」页面
2. 「规则名称」输入「test_rule」
「选择数据源」选择「${DATASOURCE}」
「选择数据库」选择「${DATABASE}」
「选择数据表」选择「${TABLE}」
3. 「监控规则」配置如下：（4个字段组不全通过）
「监控规则」新增「时效性校验」
「字段」选择为「id」
「统计函数」选择「及时性校验（多字段时间差校验）」
「过滤条件」设置为「id<100」
1）「选择对比字段组1」为「create_date 1；create_date 2」。「时间差」选择为「<1天」。「大小关系」配置为「create_date 1<create_date 2」
2）「选择对比字段组2」为「update_datetime 1；update_datetime 2」。「时间差」选择为「>=1秒」。「大小关系」配置为「update_datetime 1<update_datetime 2」
3）「选择对比字段组3」为「work_time 1；work_time 2」。「时间差」选择为「>=1秒」。「大小关系」配置为「work_time 1<work_time 2」
4）「选择对比字段组4」为「sync_timestamp 1；sync_timestamp 2」。「时间差」选择为「>=1秒」。「大小关系」配置为「sync_timestamp 1<sync_timestamp 2」
「强弱规则」选择「弱规则」
「规则描述」输入「测试规则」
4. 配置「调度属性」，保存规则，且「调度属性」中配置「规则报告」为最新结果
5. 临时运行规则，查看实例详情及质量报告","1. 页面正常打开
2. 监控对象配置成功；
进入「监控规则」配置页
3. 监控规则配置完成；
进入「调度属性」页面
4. 规则保存成功
5. 实例运行结果为不通过，且实例详情展示正确，质量报告展示正确","1. 
2. 
3. 
4. 
5.","","1","功能测试","功能测试阶段","正常","0","2","5","通过","听筠","2026-02-09","听筠","2026-02-26","1","",""
"179161","数据资产_STD(#23)","/版本迭代测试用例/v6.4.8/【内置规则丰富】时效性，及时性，两个字段之间的时间差校验(#10182)","【岚图】【内置规则丰富】时效性，及时性，两个字段之间的时间差校验(#15526)","验证「内置规则」-「时效性」-「多字段时间差校验」-「多个对比字段组」-「date/datetime/time/timestamp类型」校验通过功能","已存在spark表A
CREATE TABLE IF NOT EXISTS tableA (
create_date DATE COMMENT &#039;日期类型&#039;,
update_datetime DATETIME COMMENT &#039;日期时间类型&#039;,
work_time TIME COMMENT &#039;时间类型&#039;,
sync_timestamp TIMESTAMP COMMENT &#039;时间戳类型&#039;,
date_str_ymd STRING COMMENT &#039;字符串日期(yyyy-MM-dd)，强转DATE&#039;,
date_str_ymd_hms STRING COMMENT &#039;字符串日期时间(yyyy-MM-dd HH:mm:ss)，强转DATETIME&#039;,
date_str_mdy STRING COMMENT &#039;字符串时间(HH:MM:SS)，强转TIME&#039;,
date_str_ymd_hms_ms STRING COMMENT &#039;字符串日期时间(yyyy-MM-dd HH:mm:ss.SSS)，强转TIMESTAMP&#039;,
date_str_irregular STRING COMMENT &#039;字符串日期(非标准格式，如20260204)，强转DATE&#039;,
id INT COMMENT &#039;主键ID&#039;,
user_name VARCHAR(50) COMMENT &#039;用户名&#039;,
age TINYINT COMMENT &#039;年龄&#039;,
phone BIGINT COMMENT &#039;手机号&#039;,
email STRING COMMENT &#039;邮箱&#039;,
salary DECIMAL(10,2) COMMENT &#039;薪资&#039;,
is_active BOOLEAN COMMENT &#039;是否激活&#039;,
address STRING COMMENT &#039;地址&#039;,
score FLOAT COMMENT &#039;评分&#039;,
total_amount DOUBLE COMMENT &#039;总金额&#039;
)
COMMENT &#039;时效性校验表&#039;;","1. 进入「资产-数据质量-规则任务配置-监控对象」页面
2. 「规则名称」输入「test_rule」
「选择数据源」选择「${DATASOURCE}」
「选择数据库」选择「${DATABASE}」
「选择数据表」选择「${TABLE}」
3. 「监控规则」配置如下：（4个字段组全通过）
「监控规则」新增「时效性校验」
「字段」选择为「id」
「统计函数」选择「及时性校验（多字段时间差校验）」
「过滤条件」设置为「id<100」
1）「选择对比字段组1」为「create_date 1；create_date 2」。「时间差」选择为「>=1天」。「大小关系」配置为「create_date 1<create_date 2」
2）「选择对比字段组2」为「update_datetime 1；update_datetime 2」。「时间差」选择为「>=1秒」。「大小关系」配置为「update_datetime 1<update_datetime 2」
3）「选择对比字段组3」为「work_time 1；work_time 2」。「时间差」选择为「>=1秒」。「大小关系」配置为「work_time 1<work_time 2」
4）「选择对比字段组4」为「sync_timestamp 1；sync_timestamp 2」。「时间差」选择为「>=1秒」。「大小关系」配置为「sync_timestamp 1<sync_timestamp 2」
「强弱规则」选择「弱规则」
「规则描述」输入「测试规则」
4. 配置「调度属性」，保存规则，且「调度属性」中配置「规则报告」为最新结果
5. 临时运行规则，查看实例详情及质量报告","1. 页面正常打开
2. 监控对象配置成功；
进入「监控规则」配置页
3. 监控规则配置完成；
进入「调度属性」页面
4. 规则保存成功
5. 实例运行结果为通过，且实例详情展示正确，质量报告展示正确","1. 
2. 
3. 
4. 
5.","","2","功能测试","功能测试阶段","正常","0","1","5","通过","听筠","2026-02-09","","0000-00-00","1","",""
"179160","数据资产_STD(#23)","/版本迭代测试用例/v6.4.8/【内置规则丰富】时效性，及时性，两个字段之间的时间差校验(#10182)","【岚图】【内置规则丰富】时效性，及时性，两个字段之间的时间差校验(#15526)","验证「内置规则」-「时效性」-「多字段时间差校验」-「一个对比字段组」-「date类型」校验不通过功能","<p>已存在spark表A<br /><br />CREATE TABLE IF NOT EXISTS<br />tableA (<br />create_date DATE COMMENT &#039;日期类型&#039;,<br />update_datetime TIMESTAMP COMMENT &#039;日期时间类型（替代原DATETIME）&#039;,<br />work_time STRING COMMENT &#039;时间类型（Spark无TIME类型，用STRING存储HH:mm:ss）&#039;,<br />sync_timestamp TIMESTAMP COMMENT &#039;时间戳类型&#039;,<br />date_str_ymd STRING COMMENT &#039;字符串日期(yyyy-MM-dd)，强转DATE&#039;,<br />date_str_ymd_hms STRING COMMENT &#039;字符串日期时间(yyyy-MM-dd HH:mm:ss)，强转TIMESTAMP&#039;,<br />date_str_mdy STRING COMMENT &#039;字符串时间(HH:mm:ss)，强转STRING（Spark无TIME类型）&#039;,<br />date_str_ymd_hms_ms STRING COMMENT &#039;字符串日期时间(yyyy-MM-dd HH:mm:ss.SSS)，强转TIMESTAMP&#039;,<br />date_str_irregular STRING COMMENT &#039;字符串日期(非标准格式，如20260204)，强转DATE&#039;,<br />id INT COMMENT &#039;主键ID&#039;,<br />user_name STRING COMMENT &#039;用户名（Spark中VARCHAR等价于STRING）&#039;,<br />age TINYINT COMMENT &#039;年龄&#039;,<br />phone BIGINT COMMENT &#039;手机号&#039;,<br />email STRING COMMENT &#039;邮箱&#039;,<br />salary DECIMAL(10, 2) COMMENT &#039;薪资&#039;,<br />is_active BOOLEAN COMMENT &#039;是否激活&#039;,<br />address STRING COMMENT &#039;地址&#039;,<br />score FLOAT COMMENT &#039;评分&#039;,<br />total_amount DOUBLE COMMENT &#039;总金额&#039;<br />) COMMENT &#039;时效性校验表&#039;;<br /><br />INSERT INTO tableA (<br /> create_date,<br /> update_datetime,<br /> work_time,<br /> sync_timestamp,<br /> date_str_ymd,<br /> date_str_ymd_hms,<br /> date_str_mdy,<br /> date_str_ymd_hms_ms,<br /> date_str_irregular,<br /> id,<br /> user_name,<br /> age,<br /> phone,<br /> email,<br /> salary,<br /> is_active,<br /> address,<br /> score,<br /> total_amount<br />)<br />VALUES<br /> (<br /> DATE &#039;2026-02-26&#039;,<br /> TIMESTAMP &#039;2026-02-26 09:45:17&#039;,<br /> &#039;08:30:00&#039;,<br /> CURRENT_TIMESTAMP(),<br /> &#039;2026-02-26&#039;,<br /> &#039;2026-02-26 09:45:17&#039;,<br /> &#039;18:20:30&#039;,<br /> &#039;2026-02-26 09:45:17.123&#039;,<br /> &#039;20260226&#039;,<br /> 1,<br /> &#039;zhangsan&#039;,<br /> 25,<br /> 13800138000,<br /> &#039;zhangsan@example.com&#039;,<br /> 15000.50,<br /> TRUE,<br /> &#039;北京市海淀区中关村&#039;,<br /> 95.5,<br /> 123456.789<br /> ),<br /> (<br /> DATE &#039;2026-01-01&#039;,<br /> TIMESTAMP &#039;2026-12-31 23:59:59&#039;,<br /> &#039;23:59:59&#039;,<br /> TIMESTAMP &#039;2026-02-26 12:00:00&#039;,<br /> &#039;2026-01-01&#039;,<br /> &#039;2026-12-31 23:59:59&#039;,<br /> &#039;00:00:00&#039;,<br /> &#039;2026-02-26 12:34:56.789&#039;,<br /> &#039;20260101&#039;,<br /> 2,<br /> &#039;lisi&#039;,<br /> 30,<br /> 13900139000,<br /> &#039;lisi@example.com&#039;,<br /> 20000.00,<br /> FALSE,<br /> &#039;上海市浦东新区陆家嘴&#039;,<br /> 88.8,<br /> 987654.321<br /> ),<br /> (<br /> DATE &#039;1970-01-01&#039;,<br /> TIMESTAMP &#039;1970-01-01 00:00:00&#039;,<br /> &#039;&#039;,<br /> NULL,<br /> &#039;&#039;,<br /> &#039;&#039;,<br /> &#039;&#039;,<br /> &#039;&#039;,<br /> &#039;20260204&#039;,<br /> 3,<br /> &#039;&#039;,<br /> 0,<br /> 0,<br /> &#039;&#039;,<br /> 0.00,<br /> NULL,<br /> &#039;&#039;,<br /> 0.0,<br /> 0.0<br /> );</p>","1. 进入「资产-数据质量-规则任务配置-监控对象」页面
2. 「规则名称」输入「test_rule」
「选择数据源」选择「${DATASOURCE}」
「选择数据库」选择「${DATABASE}」
「选择数据表」选择「${TABLE}」
3. 「监控规则」配置如下：
「监控规则」新增「时效性校验」
「字段」选择为「id」
「统计函数」选择「及时性校验（多字段时间差校验）」
「过滤条件」设置为「id<100」
「选择对比字段组」为「create_date 1；create_date 2」
「时间差」选择为「<1天」
「大小关系」配置为「create_date 1<create_date 2」
「强弱规则」选择「弱规则」
「规则描述」输入「测试规则」
4. 配置「调度属性」，保存规则，且「调度属性」中配置「规则报告」为最新结果
5. 临时运行规则，查看实例详情及质量报告","1. 页面正常打开
2. 监控对象配置成功；
进入「监控规则」配置页
3. 监控规则配置完成；
进入「调度属性」页面
4. 规则保存成功
5. 实例运行结果符合预期，且实例详情展示正确，质量报告展示正确","1. 
2. 
3. 
4. 
5.","","1","功能测试","功能测试阶段","正常","0","2","5","通过","听筠","2026-02-09","听筠","2026-02-26","1","",""
"179159","数据资产_STD(#23)","/版本迭代测试用例/v6.4.8/【内置规则丰富】时效性，及时性，两个字段之间的时间差校验(#10182)","【岚图】【内置规则丰富】时效性，及时性，两个字段之间的时间差校验(#15526)","验证「内置规则」-「时效性」-「多字段时间差校验」-「一个对比字段组」-「date类型」校验通过功能","<p>已存在spark表A<br /><br />CREATE TABLE IF NOT EXISTS<br />tableA (<br />create_date DATE COMMENT &#039;日期类型&#039;,<br />update_datetime TIMESTAMP COMMENT &#039;日期时间类型（替代原DATETIME）&#039;,<br />work_time STRING COMMENT &#039;时间类型（Spark无TIME类型，用STRING存储HH:mm:ss）&#039;,<br />sync_timestamp TIMESTAMP COMMENT &#039;时间戳类型&#039;,<br />date_str_ymd STRING COMMENT &#039;字符串日期(yyyy-MM-dd)，强转DATE&#039;,<br />date_str_ymd_hms STRING COMMENT &#039;字符串日期时间(yyyy-MM-dd HH:mm:ss)，强转TIMESTAMP&#039;,<br />date_str_mdy STRING COMMENT &#039;字符串时间(HH:mm:ss)，强转STRING（Spark无TIME类型）&#039;,<br />date_str_ymd_hms_ms STRING COMMENT &#039;字符串日期时间(yyyy-MM-dd HH:mm:ss.SSS)，强转TIMESTAMP&#039;,<br />date_str_irregular STRING COMMENT &#039;字符串日期(非标准格式，如20260204)，强转DATE&#039;,<br />id INT COMMENT &#039;主键ID&#039;,<br />user_name STRING COMMENT &#039;用户名（Spark中VARCHAR等价于STRING）&#039;,<br />age TINYINT COMMENT &#039;年龄&#039;,<br />phone BIGINT COMMENT &#039;手机号&#039;,<br />email STRING COMMENT &#039;邮箱&#039;,<br />salary DECIMAL(10, 2) COMMENT &#039;薪资&#039;,<br />is_active BOOLEAN COMMENT &#039;是否激活&#039;,<br />address STRING COMMENT &#039;地址&#039;,<br />score FLOAT COMMENT &#039;评分&#039;,<br />total_amount DOUBLE COMMENT &#039;总金额&#039;<br />) COMMENT &#039;时效性校验表&#039;;<br /><br />INSERT INTO tableA (<br /> create_date,<br /> update_datetime,<br /> work_time,<br /> sync_timestamp,<br /> date_str_ymd,<br /> date_str_ymd_hms,<br /> date_str_mdy,<br /> date_str_ymd_hms_ms,<br /> date_str_irregular,<br /> id,<br /> user_name,<br /> age,<br /> phone,<br /> email,<br /> salary,<br /> is_active,<br /> address,<br /> score,<br /> total_amount<br />)<br />VALUES<br /> (<br /> DATE &#039;2026-02-26&#039;,<br /> TIMESTAMP &#039;2026-02-26 09:45:17&#039;,<br /> &#039;08:30:00&#039;,<br /> CURRENT_TIMESTAMP(),<br /> &#039;2026-02-26&#039;,<br /> &#039;2026-02-26 09:45:17&#039;,<br /> &#039;18:20:30&#039;,<br /> &#039;2026-02-26 09:45:17.123&#039;,<br /> &#039;20260226&#039;,<br /> 1,<br /> &#039;zhangsan&#039;,<br /> 25,<br /> 13800138000,<br /> &#039;zhangsan@example.com&#039;,<br /> 15000.50,<br /> TRUE,<br /> &#039;北京市海淀区中关村&#039;,<br /> 95.5,<br /> 123456.789<br /> ),<br /> (<br /> DATE &#039;2026-01-01&#039;,<br /> TIMESTAMP &#039;2026-12-31 23:59:59&#039;,<br /> &#039;23:59:59&#039;,<br /> TIMESTAMP &#039;2026-02-26 12:00:00&#039;,<br /> &#039;2026-01-01&#039;,<br /> &#039;2026-12-31 23:59:59&#039;,<br /> &#039;00:00:00&#039;,<br /> &#039;2026-02-26 12:34:56.789&#039;,<br /> &#039;20260101&#039;,<br /> 2,<br /> &#039;lisi&#039;,<br /> 30,<br /> 13900139000,<br /> &#039;lisi@example.com&#039;,<br /> 20000.00,<br /> FALSE,<br /> &#039;上海市浦东新区陆家嘴&#039;,<br /> 88.8,<br /> 987654.321<br /> ),<br /> (<br /> DATE &#039;1970-01-01&#039;,<br /> TIMESTAMP &#039;1970-01-01 00:00:00&#039;,<br /> &#039;&#039;,<br /> NULL,<br /> &#039;&#039;,<br /> &#039;&#039;,<br /> &#039;&#039;,<br /> &#039;&#039;,<br /> &#039;20260204&#039;,<br /> 3,<br /> &#039;&#039;,<br /> 0,<br /> 0,<br /> &#039;&#039;,<br /> 0.00,<br /> NULL,<br /> &#039;&#039;,<br /> 0.0,<br /> 0.0<br /> );</p>","1. 进入「资产-数据质量-规则任务配置-监控对象」页面
2. 「规则名称」输入「test_rule」
「选择数据源」选择「${DATASOURCE}」
「选择数据库」选择「${DATABASE}」
「选择数据表」选择「${TABLE}」
3. 「监控规则」配置如下：
「监控规则」新增「时效性校验」
「字段」选择为「id」
「统计函数」选择「及时性校验（多字段时间差校验）」
「过滤条件」设置为「id<100」
「选择对比字段组」为「create_date 1；create_date 2」
「时间差」选择为「>=1天」
「大小关系」配置为「create_date 1<create_date 2」
「强弱规则」选择「弱规则」
「规则描述」输入「测试规则」
4. 配置「调度属性」，保存规则，且「调度属性」中配置「规则报告」为最新结果
5. 临时运行规则，查看实例详情及质量报告","1. 页面正常打开
2. 监控对象配置成功；
进入「监控规则」配置页
3. 监控规则配置完成；
进入「调度属性」页面
4. 规则保存成功
5. 实例运行结果符合预期，且实例详情展示正确，质量报告展示正确","1. 
2. 
3. 
4. 
5.","","1","功能测试","功能测试阶段","正常","0","2","5","通过","听筠","2026-02-09","听筠","2026-02-26","1","",""
"179158","数据资产_STD(#23)","/版本迭代测试用例/v6.4.8/【内置规则丰富】时效性，及时性，两个字段之间的时间差校验(#10182)","【岚图】【内置规则丰富】时效性，及时性，两个字段之间的时间差校验(#15526)","验证「监控规则」-「时效性校验」-「多字段时间差校验」区域详情正确","已存在spark表A
CREATE TABLE IF NOT EXISTS tableA (
create_date DATE COMMENT &#039;日期类型&#039;,
update_datetime DATETIME COMMENT &#039;日期时间类型&#039;,
work_time TIME COMMENT &#039;时间类型&#039;,
sync_timestamp TIMESTAMP COMMENT &#039;时间戳类型&#039;,
date_str_ymd STRING COMMENT &#039;字符串日期(yyyy-MM-dd)，强转DATE&#039;,
date_str_ymd_hms STRING COMMENT &#039;字符串日期时间(yyyy-MM-dd HH:mm:ss)，强转DATETIME&#039;,
date_str_mdy STRING COMMENT &#039;字符串时间(HH:MM:SS)，强转TIME&#039;,
date_str_ymd_hms_ms STRING COMMENT &#039;字符串日期时间(yyyy-MM-dd HH:mm:ss.SSS)，强转TIMESTAMP&#039;,
date_str_irregular STRING COMMENT &#039;字符串日期(非标准格式，如20260204)，强转DATE&#039;,
id INT COMMENT &#039;主键ID&#039;,
user_name VARCHAR(50) COMMENT &#039;用户名&#039;,
age TINYINT COMMENT &#039;年龄&#039;,
phone BIGINT COMMENT &#039;手机号&#039;,
email STRING COMMENT &#039;邮箱&#039;,
salary DECIMAL(10,2) COMMENT &#039;薪资&#039;,
is_active BOOLEAN COMMENT &#039;是否激活&#039;,
address STRING COMMENT &#039;地址&#039;,
score FLOAT COMMENT &#039;评分&#039;,
total_amount DOUBLE COMMENT &#039;总金额&#039;
) COMMENT &#039;时效性校验表&#039;;
INSERT INTO tableA (
create_date,
update_datetime,
work_time,
sync_timestamp,
date_str_ymd,
date_str_ymd_hms,
date_str_mdy,
date_str_ymd_hms_ms,
date_str_irregular,
id,
user_name,
age,
phone,
email,
salary,
is_active,
address,
score,
total_amount
)
VALUES
-- 第一行数据
(
&#039;2026-02-04&#039;,                     -- DATE 类型
&#039;2026-02-04 09:30:15&#039;,            -- DATETIME 类型
&#039;08:00:00&#039;,                       -- TIME 类型
&#039;2026-02-04 09:30:15&#039;,            -- TIMESTAMP 类型
&#039;2026-02-04&#039;,                     -- 字符串日期
&#039;2026-02-04 09:30:15&#039;,            -- 字符串日期时间
&#039;08:00:00&#039;,                       -- 字符串时间
&#039;2026-02-04 09:30:15.123&#039;,        -- 带毫秒的字符串
&#039;20260204&#039;,                       -- 非标准字符串
1,                                -- INT 类型
&#039;张三&#039;,                           -- VARCHAR/STRING 类型
25,                               -- TINYINT 类型
13800138000,                      -- BIGINT 类型
&#039;zhangsan@example.com&#039;,           -- STRING 类型
8500.50,                          -- DECIMAL 类型
TRUE,                             -- BOOLEAN 类型
&#039;北京市朝阳区XX路88号&#039;,           -- STRING 类型
95.5,                             -- FLOAT 类型
125000.75                         -- DOUBLE 类型
),
-- 第二行数据
(
&#039;2026-02-05&#039;,
&#039;2026-02-05 14:20:30&#039;,
&#039;09:15:00&#039;,
&#039;2026-02-05 14:20:30&#039;,
&#039;2026-02-05&#039;,
&#039;2026-02-05 14:20:30&#039;,
&#039;09:15:00&#039;,
&#039;2026-02-05 14:20:30.456&#039;,
&#039;20260205&#039;,
2,
&#039;李四&#039;,
30,
13900139000,
&#039;lisi@example.com&#039;,
9800.00,
FALSE,
&#039;上海市浦东新区XX街66号&#039;,
88.8,
189000.99
),
-- 第三行数据
(
&#039;2026-02-06&#039;,
&#039;2026-02-06 18:45:20&#039;,
&#039;10:30:00&#039;,
&#039;2026-02-06 18:45:20&#039;,
&#039;2026-02-06&#039;,
&#039;2026-02-06 18:45:20&#039;,
&#039;10:30:00&#039;,
&#039;2026-02-06 18:45:20.789&#039;,
&#039;20260206&#039;,
3,
&#039;王五&#039;,
28,
13700137000,
&#039;wangwu@example.com&#039;,
7999.99,
TRUE,
&#039;广州市天河区XX大道99号&#039;,
92.0,
98500.50
);","1. 进入「资产-数据质量-规则任务配置-监控对象」页面
2. 「规则名称」输入「test_rule」
「选择数据源」选择「${DATASOURCE}」
「选择数据库」选择「${DATABASE}」
「选择数据表」选择「${TABLE}」
3. 点击【添加规则】按钮，选择「时效性校验」规则
4. 查看配置区域详情","1. 页面正常打开
2. 监控对象配置成功；
进入「监控规则」配置页
3. 选择成功，页面显示「时效性校验」规则配置区域
4. 包含：
1）「字段」，可选择对应数据表下的所有字段
2）「统计函数」，可选择「及时性校验（多字段时间差校验）」
3）「过滤条件」，可选择「选项配置」、「手动配置」
4）「选择对比字段组」，选择对应数据表下的所有字段，可配置多个对比字段组
5）「时间差」，可配置「>/</>=/<=/=/!= xx 毫秒/秒/分钟/小时/天」
6）「大小关系」，可配置字段1 >/< 字段2
7）可对「对比字段组」进行新增删除操作
8）「强弱规则」，可选择「强/弱规则」
9）「规则描述」，可输入内容
10）「保存」和「取消」按钮","1. 
2. 
3. 
4.","","2","功能测试","功能测试阶段","正常","0","1","4","通过","听筠","2026-02-09","","0000-00-00","1","",""
"179157","数据资产_STD(#23)","/版本迭代测试用例/v6.4.8/【内置规则丰富】时效性，周期性，同一个字段的时间差校验(#10181)","【岚图】【内置规则丰富】时效性，周期性，同一个字段的时间差校验(#15527)","验证「监控规则」-「时效性校验」-「单字段时间差校验」任务质量报告正确","已存在spark表A
CREATE TABLE IF NOT EXISTS tableA (
create_date DATE COMMENT &#039;日期类型&#039;,
update_datetime DATETIME COMMENT &#039;日期时间类型&#039;,
work_time TIME COMMENT &#039;时间类型&#039;,
sync_timestamp TIMESTAMP COMMENT &#039;时间戳类型&#039;,
date_str_ymd STRING COMMENT &#039;字符串日期(yyyy-MM-dd)，强转DATE&#039;,
date_str_ymd_hms STRING COMMENT &#039;字符串日期时间(yyyy-MM-dd HH:mm:ss)，强转DATETIME&#039;,
date_str_mdy STRING COMMENT &#039;字符串时间(HH:MM:SS)，强转TIME&#039;,
date_str_ymd_hms_ms STRING COMMENT &#039;字符串日期时间(yyyy-MM-dd HH:mm:ss.SSS)，强转TIMESTAMP&#039;,
date_str_irregular STRING COMMENT &#039;字符串日期(非标准格式，如20260204)，强转DATE&#039;,
id INT COMMENT &#039;主键ID&#039;,
user_name VARCHAR(50) COMMENT &#039;用户名&#039;,
age TINYINT COMMENT &#039;年龄&#039;,
phone BIGINT COMMENT &#039;手机号&#039;,
email STRING COMMENT &#039;邮箱&#039;,
salary DECIMAL(10,2) COMMENT &#039;薪资&#039;,
is_active BOOLEAN COMMENT &#039;是否激活&#039;,
address STRING COMMENT &#039;地址&#039;,
score FLOAT COMMENT &#039;评分&#039;,
total_amount DOUBLE COMMENT &#039;总金额&#039;
) COMMENT &#039;时效性校验表&#039;;
INSERT INTO tableA (
create_date,
update_datetime,
work_time,
sync_timestamp,
date_str_ymd,
date_str_ymd_hms,
date_str_mdy,
date_str_ymd_hms_ms,
date_str_irregular,
id,
user_name,
age,
phone,
email,
salary,
is_active,
address,
score,
total_amount
)
VALUES
-- 第一行数据
(
&#039;2026-02-04&#039;,                     -- DATE 类型
&#039;2026-02-04 09:30:15&#039;,            -- DATETIME 类型
&#039;08:00:00&#039;,                       -- TIME 类型
&#039;2026-02-04 09:30:15&#039;,            -- TIMESTAMP 类型
&#039;2026-02-04&#039;,                     -- 字符串日期
&#039;2026-02-04 09:30:15&#039;,            -- 字符串日期时间
&#039;08:00:00&#039;,                       -- 字符串时间
&#039;2026-02-04 09:30:15.123&#039;,        -- 带毫秒的字符串
&#039;20260204&#039;,                       -- 非标准字符串
1,                                -- INT 类型
&#039;张三&#039;,                           -- VARCHAR/STRING 类型
25,                               -- TINYINT 类型
13800138000,                      -- BIGINT 类型
&#039;zhangsan@example.com&#039;,           -- STRING 类型
8500.50,                          -- DECIMAL 类型
TRUE,                             -- BOOLEAN 类型
&#039;北京市朝阳区XX路88号&#039;,           -- STRING 类型
95.5,                             -- FLOAT 类型
125000.75                         -- DOUBLE 类型
),
-- 第二行数据
(
&#039;2026-02-05&#039;,
&#039;2026-02-05 14:20:30&#039;,
&#039;09:15:00&#039;,
&#039;2026-02-05 14:20:30&#039;,
&#039;2026-02-05&#039;,
&#039;2026-02-05 14:20:30&#039;,
&#039;09:15:00&#039;,
&#039;2026-02-05 14:20:30.456&#039;,
&#039;20260205&#039;,
2,
&#039;李四&#039;,
30,
13900139000,
&#039;lisi@example.com&#039;,
9800.00,
FALSE,
&#039;上海市浦东新区XX街66号&#039;,
88.8,
189000.99
),
-- 第三行数据
(
&#039;2026-02-06&#039;,
&#039;2026-02-06 18:45:20&#039;,
&#039;10:30:00&#039;,
&#039;2026-02-06 18:45:20&#039;,
&#039;2026-02-06&#039;,
&#039;2026-02-06 18:45:20&#039;,
&#039;10:30:00&#039;,
&#039;2026-02-06 18:45:20.789&#039;,
&#039;20260206&#039;,
3,
&#039;王五&#039;,
28,
13700137000,
&#039;wangwu@example.com&#039;,
7999.99,
TRUE,
&#039;广州市天河区XX大道99号&#039;,
92.0,
98500.50
);","1. 进入「资产-数据质量-规则任务配置-监控对象」页面
2. 「规则名称」输入「test_rule」
「选择数据源」选择「${DATASOURCE}」
「选择数据库」选择「${DATABASE}」
「选择数据表」选择「${TABLE}」
3. 「监控规则」配置如下：
「监控规则」新增「时效性校验」
「字段」选择为「order_date」
「统计函数」选择「周期性校验（单字段时间差校验）」
「过滤条件」设置为「id<100」
「选择排序字段」为「order_date」
「时间差」选择为「<=1秒」
「强弱规则」选择「弱规则」
「规则描述」输入「测试规则」
4. 配置「调度属性」，保存规则，且「调度属性」中配置「规则报告」为最新结果
5. 临时运行规则，查看质量报告","1. 页面正常打开
2. 监控对象配置成功；
进入「监控规则」配置页
3. 监控规则配置完成；
进入「调度属性」页面
4. 规则保存成功
5. 页面包含：
1）报告进入目录
2）质量评估汇总（任务名）区域，（数据源、数据库、检测数据范围、表行数、抽样行数、字段数、校验规则数、校验通过率）
3）规则校验明细，（规则类型-时效性校验、规则名称、字段名称、字段类型、质验结果、未通过原因、详情说明、操作）","1. 
2. 
3. 
4. 
5. 未按周期生成质量报告","","2","功能测试","功能测试阶段","正常","0","1","5","失败","听筠","2026-02-09","","0000-00-00","1","",""
"179156","数据资产_STD(#23)","/版本迭代测试用例/v6.4.8/【内置规则丰富】时效性，周期性，同一个字段的时间差校验(#10181)","【岚图】【内置规则丰富】时效性，周期性，同一个字段的时间差校验(#15527)","验证「监控规则」-「时效性校验」-「单字段时间差校验」任务不通过/失败结果详情正确","已存在spark表A
CREATE TABLE IF NOT EXISTS tableA (
create_date DATE COMMENT &#039;日期类型&#039;,
update_datetime DATETIME COMMENT &#039;日期时间类型&#039;,
work_time TIME COMMENT &#039;时间类型&#039;,
sync_timestamp TIMESTAMP COMMENT &#039;时间戳类型&#039;,
date_str_ymd STRING COMMENT &#039;字符串日期(yyyy-MM-dd)，强转DATE&#039;,
date_str_ymd_hms STRING COMMENT &#039;字符串日期时间(yyyy-MM-dd HH:mm:ss)，强转DATETIME&#039;,
date_str_mdy STRING COMMENT &#039;字符串时间(HH:MM:SS)，强转TIME&#039;,
date_str_ymd_hms_ms STRING COMMENT &#039;字符串日期时间(yyyy-MM-dd HH:mm:ss.SSS)，强转TIMESTAMP&#039;,
date_str_irregular STRING COMMENT &#039;字符串日期(非标准格式，如20260204)，强转DATE&#039;,
id INT COMMENT &#039;主键ID&#039;,
user_name VARCHAR(50) COMMENT &#039;用户名&#039;,
age TINYINT COMMENT &#039;年龄&#039;,
phone BIGINT COMMENT &#039;手机号&#039;,
email STRING COMMENT &#039;邮箱&#039;,
salary DECIMAL(10,2) COMMENT &#039;薪资&#039;,
is_active BOOLEAN COMMENT &#039;是否激活&#039;,
address STRING COMMENT &#039;地址&#039;,
score FLOAT COMMENT &#039;评分&#039;,
total_amount DOUBLE COMMENT &#039;总金额&#039;
) COMMENT &#039;时效性校验表&#039;;
INSERT INTO tableA (
create_date,
update_datetime,
work_time,
sync_timestamp,
date_str_ymd,
date_str_ymd_hms,
date_str_mdy,
date_str_ymd_hms_ms,
date_str_irregular,
id,
user_name,
age,
phone,
email,
salary,
is_active,
address,
score,
total_amount
)
VALUES
-- 第一行数据
(
&#039;2026-02-04&#039;,                     -- DATE 类型
&#039;2026-02-04 09:30:15&#039;,            -- DATETIME 类型
&#039;08:00:00&#039;,                       -- TIME 类型
&#039;2026-02-04 09:30:15&#039;,            -- TIMESTAMP 类型
&#039;2026-02-04&#039;,                     -- 字符串日期
&#039;2026-02-04 09:30:15&#039;,            -- 字符串日期时间
&#039;08:00:00&#039;,                       -- 字符串时间
&#039;2026-02-04 09:30:15.123&#039;,        -- 带毫秒的字符串
&#039;20260204&#039;,                       -- 非标准字符串
1,                                -- INT 类型
&#039;张三&#039;,                           -- VARCHAR/STRING 类型
25,                               -- TINYINT 类型
13800138000,                      -- BIGINT 类型
&#039;zhangsan@example.com&#039;,           -- STRING 类型
8500.50,                          -- DECIMAL 类型
TRUE,                             -- BOOLEAN 类型
&#039;北京市朝阳区XX路88号&#039;,           -- STRING 类型
95.5,                             -- FLOAT 类型
125000.75                         -- DOUBLE 类型
),
-- 第二行数据
(
&#039;2026-02-05&#039;,
&#039;2026-02-05 14:20:30&#039;,
&#039;09:15:00&#039;,
&#039;2026-02-05 14:20:30&#039;,
&#039;2026-02-05&#039;,
&#039;2026-02-05 14:20:30&#039;,
&#039;09:15:00&#039;,
&#039;2026-02-05 14:20:30.456&#039;,
&#039;20260205&#039;,
2,
&#039;李四&#039;,
30,
13900139000,
&#039;lisi@example.com&#039;,
9800.00,
FALSE,
&#039;上海市浦东新区XX街66号&#039;,
88.8,
189000.99
),
-- 第三行数据
(
&#039;2026-02-06&#039;,
&#039;2026-02-06 18:45:20&#039;,
&#039;10:30:00&#039;,
&#039;2026-02-06 18:45:20&#039;,
&#039;2026-02-06&#039;,
&#039;2026-02-06 18:45:20&#039;,
&#039;10:30:00&#039;,
&#039;2026-02-06 18:45:20.789&#039;,
&#039;20260206&#039;,
3,
&#039;王五&#039;,
28,
13700137000,
&#039;wangwu@example.com&#039;,
7999.99,
TRUE,
&#039;广州市天河区XX大道99号&#039;,
92.0,
98500.50
);","1. 进入「资产-数据质量-规则任务配置-监控对象」页面
2. 「规则名称」输入「test_rule」
「选择数据源」选择「${DATASOURCE}」
「选择数据库」选择「${DATABASE}」
「选择数据表」选择「${TABLE}」
3. 「监控规则」配置如下：
「监控规则」新增「时效性校验」
「字段」选择为「order_date」
「统计函数」选择「周期性校验（单字段时间差校验）」
「过滤条件」设置为「id<100」
「选择排序字段」为「order_date」
「时间差」选择为「<=1秒」
「强弱规则」选择「弱规则」
「规则描述」输入「测试规则」
4. 配置「调度属性」，保存规则，且「调度属性」中配置「规则报告」为最新结果
5. 临时运行规则
6. 查看不通过的实例详情
7. 点击【监控报告】tab
8. 点击查看明细
9. 点击【下载明细】按钮
10. 点击【表级报告】tab
11. 查看运行失败的示例详情","1. 页面正常打开
2. 监控对象配置成功；
进入「监控规则」配置页
3. 监控规则配置完成；
进入「调度属性」页面
4. 规则保存成功
5. 实例运行结果符合预期
6. 抽屉式展开详情，页面包含：
任务名称、监控报告tab、表级报告tab
7. 1）都展示「时效性校验」-「单字段时间差校验」配置的详情；
2）校验未通过的规则支持查看明细
8. 1）标题显示为“查看“周期性校验-单字段时间差校验”明细”
2）记录不符合时间差内的数据，列表为全部列数据，配置的校验字段标红展示
9. 支持下载明细，内容正确
10. 包含：
1）数据表信息汇总（表名、总分区数量、数据源、数据源类型、数据库），空白时显示“--”；
2）表级统计（记录数、报警数），空白时显示“--”；
3）最近30次综合报告（记录数平均波动率、平均记录数、日平均告警数、平均告警数）；
4）最近30次表级统计；
5）最近30次表数据波动图
11. 1）都展示「时效性校验」-「单字段时间差校验」配置的详情；
2）运行失败的规则支持查看日志","1. 
2. 
3. 
4. 
5. 
6. 
7. 
8. 
9. 
10. 
11.","","2","功能测试","功能测试阶段","正常","0","1","11","通过","听筠","2026-02-09","","0000-00-00","1","",""
"179155","数据资产_STD(#23)","/版本迭代测试用例/v6.4.8/【内置规则丰富】时效性，周期性，同一个字段的时间差校验(#10181)","【岚图】【内置规则丰富】时效性，周期性，同一个字段的时间差校验(#15527)","验证「监控规则」-「时效性校验」-「单字段时间差校验」任务通过结果详情正确","已存在spark表A
CREATE TABLE IF NOT EXISTS tableA (
create_date DATE COMMENT &#039;日期类型&#039;,
update_datetime DATETIME COMMENT &#039;日期时间类型&#039;,
work_time TIME COMMENT &#039;时间类型&#039;,
sync_timestamp TIMESTAMP COMMENT &#039;时间戳类型&#039;,
date_str_ymd STRING COMMENT &#039;字符串日期(yyyy-MM-dd)，强转DATE&#039;,
date_str_ymd_hms STRING COMMENT &#039;字符串日期时间(yyyy-MM-dd HH:mm:ss)，强转DATETIME&#039;,
date_str_mdy STRING COMMENT &#039;字符串时间(HH:MM:SS)，强转TIME&#039;,
date_str_ymd_hms_ms STRING COMMENT &#039;字符串日期时间(yyyy-MM-dd HH:mm:ss.SSS)，强转TIMESTAMP&#039;,
date_str_irregular STRING COMMENT &#039;字符串日期(非标准格式，如20260204)，强转DATE&#039;,
id INT COMMENT &#039;主键ID&#039;,
user_name VARCHAR(50) COMMENT &#039;用户名&#039;,
age TINYINT COMMENT &#039;年龄&#039;,
phone BIGINT COMMENT &#039;手机号&#039;,
email STRING COMMENT &#039;邮箱&#039;,
salary DECIMAL(10,2) COMMENT &#039;薪资&#039;,
is_active BOOLEAN COMMENT &#039;是否激活&#039;,
address STRING COMMENT &#039;地址&#039;,
score FLOAT COMMENT &#039;评分&#039;,
total_amount DOUBLE COMMENT &#039;总金额&#039;
) COMMENT &#039;时效性校验表&#039;;
INSERT INTO tableA (
create_date,
update_datetime,
work_time,
sync_timestamp,
date_str_ymd,
date_str_ymd_hms,
date_str_mdy,
date_str_ymd_hms_ms,
date_str_irregular,
id,
user_name,
age,
phone,
email,
salary,
is_active,
address,
score,
total_amount
)
VALUES
-- 第一行数据
(
&#039;2026-02-04&#039;,                     -- DATE 类型
&#039;2026-02-04 09:30:15&#039;,            -- DATETIME 类型
&#039;08:00:00&#039;,                       -- TIME 类型
&#039;2026-02-04 09:30:15&#039;,            -- TIMESTAMP 类型
&#039;2026-02-04&#039;,                     -- 字符串日期
&#039;2026-02-04 09:30:15&#039;,            -- 字符串日期时间
&#039;08:00:00&#039;,                       -- 字符串时间
&#039;2026-02-04 09:30:15.123&#039;,        -- 带毫秒的字符串
&#039;20260204&#039;,                       -- 非标准字符串
1,                                -- INT 类型
&#039;张三&#039;,                           -- VARCHAR/STRING 类型
25,                               -- TINYINT 类型
13800138000,                      -- BIGINT 类型
&#039;zhangsan@example.com&#039;,           -- STRING 类型
8500.50,                          -- DECIMAL 类型
TRUE,                             -- BOOLEAN 类型
&#039;北京市朝阳区XX路88号&#039;,           -- STRING 类型
95.5,                             -- FLOAT 类型
125000.75                         -- DOUBLE 类型
),
-- 第二行数据
(
&#039;2026-02-05&#039;,
&#039;2026-02-05 14:20:30&#039;,
&#039;09:15:00&#039;,
&#039;2026-02-05 14:20:30&#039;,
&#039;2026-02-05&#039;,
&#039;2026-02-05 14:20:30&#039;,
&#039;09:15:00&#039;,
&#039;2026-02-05 14:20:30.456&#039;,
&#039;20260205&#039;,
2,
&#039;李四&#039;,
30,
13900139000,
&#039;lisi@example.com&#039;,
9800.00,
FALSE,
&#039;上海市浦东新区XX街66号&#039;,
88.8,
189000.99
),
-- 第三行数据
(
&#039;2026-02-06&#039;,
&#039;2026-02-06 18:45:20&#039;,
&#039;10:30:00&#039;,
&#039;2026-02-06 18:45:20&#039;,
&#039;2026-02-06&#039;,
&#039;2026-02-06 18:45:20&#039;,
&#039;10:30:00&#039;,
&#039;2026-02-06 18:45:20.789&#039;,
&#039;20260206&#039;,
3,
&#039;王五&#039;,
28,
13700137000,
&#039;wangwu@example.com&#039;,
7999.99,
TRUE,
&#039;广州市天河区XX大道99号&#039;,
92.0,
98500.50
);","1. 进入「资产-数据质量-规则任务配置-监控对象」页面
2. 「规则名称」输入「test_rule」
「选择数据源」选择「${DATASOURCE}」
「选择数据库」选择「${DATABASE}」
「选择数据表」选择「${TABLE}」
3. 「监控规则」配置如下：
「监控规则」新增「时效性校验」
「字段」选择为「order_date」
「统计函数」选择「周期性校验（单字段时间差校验）」
「过滤条件」设置为「id<100」
「选择排序字段」为「order_date」
「时间差」选择为「<=1秒」
「强弱规则」选择「弱规则」
「规则描述」输入「测试规则」
4. 配置「调度属性」，保存规则，且「调度属性」中配置「规则报告」为最新结果
5. 临时运行规则
6. 查看实例详情
7. 点击【监控报告】tab
8. 点击【表级报告】tab","1. 页面正常打开
2. 监控对象配置成功；
进入「监控规则」配置页
3. 监控规则配置完成；
进入「调度属性」页面
4. 规则保存成功
5. 实例运行结果符合预期
6. 抽屉式展开详情，页面包含：
任务名称、监控报告tab、表级报告tab
7. 包含「时效性校验」-「单字段时间差校验」配置的详情
8. 包含
1）数据表信息汇总（表名、总分区数量、数据源、数据源类型、数据库），空白时显示“--”；
2）表级统计（记录数、报警数），空白时显示“--”；
3）最近30次综合报告（记录数平均波动率、平均记录数、日平均告警数、平均告警数）；
4）最近30次表级统计；
5）最近30次表数据波动图","1. 
2. 
3. 
4. 
5. 
6. 
7. 
8.","","2","功能测试","功能测试阶段","正常","0","1","8","通过","听筠","2026-02-09","","0000-00-00","1","",""
"179154","数据资产_STD(#23)","/版本迭代测试用例/v6.4.8/【内置规则丰富】时效性，周期性，同一个字段的时间差校验(#10181)","【岚图】【内置规则丰富】时效性，周期性，同一个字段的时间差校验(#15527)","验证「监控规则」-「时效性校验」-「单字段时间差校验」区域配置交互正确","已存在spark表A
CREATE TABLE IF NOT EXISTS tableA (
create_date DATE COMMENT &#039;日期类型&#039;,
update_datetime DATETIME COMMENT &#039;日期时间类型&#039;,
work_time TIME COMMENT &#039;时间类型&#039;,
sync_timestamp TIMESTAMP COMMENT &#039;时间戳类型&#039;,
date_str_ymd STRING COMMENT &#039;字符串日期(yyyy-MM-dd)，强转DATE&#039;,
date_str_ymd_hms STRING COMMENT &#039;字符串日期时间(yyyy-MM-dd HH:mm:ss)，强转DATETIME&#039;,
date_str_mdy STRING COMMENT &#039;字符串时间(HH:MM:SS)，强转TIME&#039;,
date_str_ymd_hms_ms STRING COMMENT &#039;字符串日期时间(yyyy-MM-dd HH:mm:ss.SSS)，强转TIMESTAMP&#039;,
date_str_irregular STRING COMMENT &#039;字符串日期(非标准格式，如20260204)，强转DATE&#039;,
id INT COMMENT &#039;主键ID&#039;,
user_name VARCHAR(50) COMMENT &#039;用户名&#039;,
age TINYINT COMMENT &#039;年龄&#039;,
phone BIGINT COMMENT &#039;手机号&#039;,
email STRING COMMENT &#039;邮箱&#039;,
salary DECIMAL(10,2) COMMENT &#039;薪资&#039;,
is_active BOOLEAN COMMENT &#039;是否激活&#039;,
address STRING COMMENT &#039;地址&#039;,
score FLOAT COMMENT &#039;评分&#039;,
total_amount DOUBLE COMMENT &#039;总金额&#039;
) COMMENT &#039;时效性校验表&#039;;
INSERT INTO tableA (
create_date,
update_datetime,
work_time,
sync_timestamp,
date_str_ymd,
date_str_ymd_hms,
date_str_mdy,
date_str_ymd_hms_ms,
date_str_irregular,
id,
user_name,
age,
phone,
email,
salary,
is_active,
address,
score,
total_amount
)
VALUES
-- 第一行数据
(
&#039;2026-02-04&#039;,                     -- DATE 类型
&#039;2026-02-04 09:30:15&#039;,            -- DATETIME 类型
&#039;08:00:00&#039;,                       -- TIME 类型
&#039;2026-02-04 09:30:15&#039;,            -- TIMESTAMP 类型
&#039;2026-02-04&#039;,                     -- 字符串日期
&#039;2026-02-04 09:30:15&#039;,            -- 字符串日期时间
&#039;08:00:00&#039;,                       -- 字符串时间
&#039;2026-02-04 09:30:15.123&#039;,        -- 带毫秒的字符串
&#039;20260204&#039;,                       -- 非标准字符串
1,                                -- INT 类型
&#039;张三&#039;,                           -- VARCHAR/STRING 类型
25,                               -- TINYINT 类型
13800138000,                      -- BIGINT 类型
&#039;zhangsan@example.com&#039;,           -- STRING 类型
8500.50,                          -- DECIMAL 类型
TRUE,                             -- BOOLEAN 类型
&#039;北京市朝阳区XX路88号&#039;,           -- STRING 类型
95.5,                             -- FLOAT 类型
125000.75                         -- DOUBLE 类型
),
-- 第二行数据
(
&#039;2026-02-05&#039;,
&#039;2026-02-05 14:20:30&#039;,
&#039;09:15:00&#039;,
&#039;2026-02-05 14:20:30&#039;,
&#039;2026-02-05&#039;,
&#039;2026-02-05 14:20:30&#039;,
&#039;09:15:00&#039;,
&#039;2026-02-05 14:20:30.456&#039;,
&#039;20260205&#039;,
2,
&#039;李四&#039;,
30,
13900139000,
&#039;lisi@example.com&#039;,
9800.00,
FALSE,
&#039;上海市浦东新区XX街66号&#039;,
88.8,
189000.99
),
-- 第三行数据
(
&#039;2026-02-06&#039;,
&#039;2026-02-06 18:45:20&#039;,
&#039;10:30:00&#039;,
&#039;2026-02-06 18:45:20&#039;,
&#039;2026-02-06&#039;,
&#039;2026-02-06 18:45:20&#039;,
&#039;10:30:00&#039;,
&#039;2026-02-06 18:45:20.789&#039;,
&#039;20260206&#039;,
3,
&#039;王五&#039;,
28,
13700137000,
&#039;wangwu@example.com&#039;,
7999.99,
TRUE,
&#039;广州市天河区XX大道99号&#039;,
92.0,
98500.50
);","1. 进入「资产-数据质量-规则任务配置-监控对象」页面
2. 「规则名称」输入「test_rule」
「选择数据源」选择「${DATASOURCE}」
「选择数据库」选择「${DATABASE}」
「选择数据表」选择「${TABLE}」
3. 点击【添加规则】按钮，选择「时效性校验」规则
4. 查看「选择排序字段」
5. 在「时间差」配置「>/</>=/<=/=/!= xx 毫秒/秒/分钟/小时/天」中的xx输入正小数、负整数、负小数、零、正整数","1. 页面正常打开
2. 监控对象配置成功；
进入「监控规则」配置页
3. 选择成功，页面显示「时效性校验」规则配置区域
4. 仅支持单选
5. 仅支持输入正整数","1. 
2. 
3. 
4. 
5.","","3","功能测试","功能测试阶段","正常","0","1","5","通过","听筠","2026-02-09","","0000-00-00","1","",""
"179153","数据资产_STD(#23)","/版本迭代测试用例/v6.4.8/【内置规则丰富】时效性，周期性，同一个字段的时间差校验(#10181)","【岚图】【内置规则丰富】时效性，周期性，同一个字段的时间差校验(#15527)","验证「内置规则」-「时效性」-「单字段时间差校验」-「字段类型异常」校验功能","已存在spark表A
CREATE TABLE IF NOT EXISTS tableA (
create_date DATE COMMENT &#039;日期类型&#039;,
update_datetime DATETIME COMMENT &#039;日期时间类型&#039;,
work_time TIME COMMENT &#039;时间类型&#039;,
sync_timestamp TIMESTAMP COMMENT &#039;时间戳类型&#039;,
date_str_ymd STRING COMMENT &#039;字符串日期(yyyy-MM-dd)，强转DATE&#039;,
date_str_ymd_hms STRING COMMENT &#039;字符串日期时间(yyyy-MM-dd HH:mm:ss)，强转DATETIME&#039;,
date_str_mdy STRING COMMENT &#039;字符串时间(HH:MM:SS)，强转TIME&#039;,
date_str_ymd_hms_ms STRING COMMENT &#039;字符串日期时间(yyyy-MM-dd HH:mm:ss.SSS)，强转TIMESTAMP&#039;,
date_str_irregular STRING COMMENT &#039;字符串日期(非标准格式，如20260204)，强转DATE&#039;,
id INT COMMENT &#039;主键ID&#039;,
user_name VARCHAR(50) COMMENT &#039;用户名&#039;,
age TINYINT COMMENT &#039;年龄&#039;,
phone BIGINT COMMENT &#039;手机号&#039;,
email STRING COMMENT &#039;邮箱&#039;,
salary DECIMAL(10,2) COMMENT &#039;薪资&#039;,
is_active BOOLEAN COMMENT &#039;是否激活&#039;,
address STRING COMMENT &#039;地址&#039;,
score FLOAT COMMENT &#039;评分&#039;,
total_amount DOUBLE COMMENT &#039;总金额&#039;
) COMMENT &#039;时效性校验表&#039;;
INSERT INTO tableA (
create_date,
update_datetime,
work_time,
sync_timestamp,
date_str_ymd,
date_str_ymd_hms,
date_str_mdy,
date_str_ymd_hms_ms,
date_str_irregular,
id,
user_name,
age,
phone,
email,
salary,
is_active,
address,
score,
total_amount
)
VALUES
-- 第一行数据
(
&#039;2026-02-04&#039;,                     -- DATE 类型
&#039;2026-02-04 09:30:15&#039;,            -- DATETIME 类型
&#039;08:00:00&#039;,                       -- TIME 类型
&#039;2026-02-04 09:30:15&#039;,            -- TIMESTAMP 类型
&#039;2026-02-04&#039;,                     -- 字符串日期
&#039;2026-02-04 09:30:15&#039;,            -- 字符串日期时间
&#039;08:00:00&#039;,                       -- 字符串时间
&#039;2026-02-04 09:30:15.123&#039;,        -- 带毫秒的字符串
&#039;20260204&#039;,                       -- 非标准字符串
1,                                -- INT 类型
&#039;张三&#039;,                           -- VARCHAR/STRING 类型
25,                               -- TINYINT 类型
13800138000,                      -- BIGINT 类型
&#039;zhangsan@example.com&#039;,           -- STRING 类型
8500.50,                          -- DECIMAL 类型
TRUE,                             -- BOOLEAN 类型
&#039;北京市朝阳区XX路88号&#039;,           -- STRING 类型
95.5,                             -- FLOAT 类型
125000.75                         -- DOUBLE 类型
),
-- 第二行数据
(
&#039;2026-02-05&#039;,
&#039;2026-02-05 14:20:30&#039;,
&#039;09:15:00&#039;,
&#039;2026-02-05 14:20:30&#039;,
&#039;2026-02-05&#039;,
&#039;2026-02-05 14:20:30&#039;,
&#039;09:15:00&#039;,
&#039;2026-02-05 14:20:30.456&#039;,
&#039;20260205&#039;,
2,
&#039;李四&#039;,
30,
13900139000,
&#039;lisi@example.com&#039;,
9800.00,
FALSE,
&#039;上海市浦东新区XX街66号&#039;,
88.8,
189000.99
),
-- 第三行数据
(
&#039;2026-02-06&#039;,
&#039;2026-02-06 18:45:20&#039;,
&#039;10:30:00&#039;,
&#039;2026-02-06 18:45:20&#039;,
&#039;2026-02-06&#039;,
&#039;2026-02-06 18:45:20&#039;,
&#039;10:30:00&#039;,
&#039;2026-02-06 18:45:20.789&#039;,
&#039;20260206&#039;,
3,
&#039;王五&#039;,
28,
13700137000,
&#039;wangwu@example.com&#039;,
7999.99,
TRUE,
&#039;广州市天河区XX大道99号&#039;,
92.0,
98500.50
);","1. 进入「资产-数据质量-规则任务配置-监控对象」页面
2. 「规则名称」输入「test_rule」
「选择数据源」选择「${DATASOURCE}」
「选择数据库」选择「${DATABASE}」
「选择数据表」选择「${TABLE}」
3. 「监控规则1」配置如下：（int类型）
「监控规则」新增「时效性校验」
「字段」选择为「 id」
「统计函数」选择「周期性校验（单字段时间差校验）」
「过滤条件」设置为「id<100」
「选择排序字段」为「id」
「时间差」选择为「=1秒」
「强弱规则」选择「弱规则」
「规则描述」输入「测试规则」
4. 「监控规则2」配置如下：（VARCHAR类型）
「监控规则」新增「时效性校验」
「字段」选择为「 user_name」
「统计函数」选择「周期性校验（单字段时间差校验）」
「过滤条件」设置为「id<100」
「选择排序字段」为「user_name」
「时间差」选择为「=1秒」
「强弱规则」选择「弱规则」
「规则描述」输入「测试规则」
5. 「监控规则3」配置如下：（string类型-不为时间戳）
「监控规则」新增「时效性校验」
「字段」选择为「  address」
「统计函数」选择「周期性校验（单字段时间差校验）」
「过滤条件」设置为「id<100」
「选择排序字段」为「 address」
「时间差」选择为「=1秒」
「强弱规则」选择「弱规则」
「规则描述」输入「测试规则」
6. 「监控规则4」配置如下：（decimal类型）
「监控规则」新增「时效性校验」
「字段」选择为「 salary」
「统计函数」选择「周期性校验（单字段时间差校验）」
「过滤条件」设置为「id<100」
「选择排序字段」为「salary」
「时间差」选择为「=1秒」
「强弱规则」选择「弱规则」
「规则描述」输入「测试规则」
7. 「监控规则5」配置如下：（boolean类型）
「监控规则」新增「时效性校验」
「字段」选择为「 is_active」
「统计函数」选择「周期性校验（单字段时间差校验）」
「过滤条件」设置为「id<100」
「选择排序字段」为「is_active」
「时间差」选择为「=1秒」
「强弱规则」选择「弱规则」
「规则描述」输入「测试规则」
8. 「监控规则6」配置如下：（double类型）
「监控规则」新增「时效性校验」
「字段」选择为「 total_amount」
「统计函数」选择「周期性校验（单字段时间差校验）」
「过滤条件」设置为「id<100」
「选择排序字段」为「total_amount」
「时间差」选择为「=1秒」
「强弱规则」选择「弱规则」
「规则描述」输入「测试规则」
9. 配置「调度属性」，保存规则，且「调度属性」中配置「规则报告」为最新结果","1. 页面正常打开
2. 监控对象配置成功；
进入「监控规则」配置页
3. 监控规则配置完成；
进入「调度属性」页面
4. 监控规则配置完成；
进入「调度属性」页面
5. 监控规则配置完成；
进入「调度属性」页面
6. 监控规则配置完成；
进入「调度属性」页面
7. 监控规则配置完成；
进入「调度属性」页面
8. 监控规则配置完成；
进入「调度属性」页面
9. 规则保存失败，提示仅支持配置时间日期型字段","1. 
2. 
3. 
4. 
5. 
6. 
7. 
8. 
9.","","2","功能测试","功能测试阶段","正常","0","1","9","通过","听筠","2026-02-09","","0000-00-00","1","",""
"179152","数据资产_STD(#23)","/版本迭代测试用例/v6.4.8/【内置规则丰富】时效性，周期性，同一个字段的时间差校验(#10181)","【岚图】【内置规则丰富】时效性，周期性，同一个字段的时间差校验(#15527)","验证「内置规则」-「时效性」-「单字段时间差校验」-「string转long」校验不通过功能","已存在spark表A
CREATE TABLE IF NOT EXISTS tableA (
create_date DATE COMMENT &#039;日期类型&#039;,
update_datetime DATETIME COMMENT &#039;日期时间类型&#039;,
work_time TIME COMMENT &#039;时间类型&#039;,
sync_timestamp TIMESTAMP COMMENT &#039;时间戳类型&#039;,
date_str_ymd STRING COMMENT &#039;字符串日期(yyyy-MM-dd)，强转DATE&#039;,
date_str_ymd_hms STRING COMMENT &#039;字符串日期时间(yyyy-MM-dd HH:mm:ss)，强转DATETIME&#039;,
date_str_mdy STRING COMMENT &#039;字符串时间(HH:MM:SS)，强转TIME&#039;,
date_str_ymd_hms_ms STRING COMMENT &#039;字符串日期时间(yyyy-MM-dd HH:mm:ss.SSS)，强转TIMESTAMP&#039;,
date_str_irregular STRING COMMENT &#039;字符串日期(非标准格式，如20260204)，强转DATE&#039;,
id INT COMMENT &#039;主键ID&#039;,
user_name VARCHAR(50) COMMENT &#039;用户名&#039;,
age TINYINT COMMENT &#039;年龄&#039;,
phone BIGINT COMMENT &#039;手机号&#039;,
email STRING COMMENT &#039;邮箱&#039;,
salary DECIMAL(10,2) COMMENT &#039;薪资&#039;,
is_active BOOLEAN COMMENT &#039;是否激活&#039;,
address STRING COMMENT &#039;地址&#039;,
score FLOAT COMMENT &#039;评分&#039;,
total_amount DOUBLE COMMENT &#039;总金额&#039;
) COMMENT &#039;时效性校验表&#039;;
INSERT INTO tableA (
create_date,
update_datetime,
work_time,
sync_timestamp,
date_str_ymd,
date_str_ymd_hms,
date_str_mdy,
date_str_ymd_hms_ms,
date_str_irregular,
id,
user_name,
age,
phone,
email,
salary,
is_active,
address,
score,
total_amount
)
VALUES
-- 第一行数据
(
&#039;2026-02-04&#039;,                     -- DATE 类型
&#039;2026-02-04 09:30:15&#039;,            -- DATETIME 类型
&#039;08:00:00&#039;,                       -- TIME 类型
&#039;2026-02-04 09:30:15&#039;,            -- TIMESTAMP 类型
&#039;2026-02-04&#039;,                     -- 字符串日期
&#039;2026-02-04 09:30:15&#039;,            -- 字符串日期时间
&#039;08:00:00&#039;,                       -- 字符串时间
&#039;2026-02-04 09:30:15.123&#039;,        -- 带毫秒的字符串
&#039;20260204&#039;,                       -- 非标准字符串
1,                                -- INT 类型
&#039;张三&#039;,                           -- VARCHAR/STRING 类型
25,                               -- TINYINT 类型
13800138000,                      -- BIGINT 类型
&#039;zhangsan@example.com&#039;,           -- STRING 类型
8500.50,                          -- DECIMAL 类型
TRUE,                             -- BOOLEAN 类型
&#039;北京市朝阳区XX路88号&#039;,           -- STRING 类型
95.5,                             -- FLOAT 类型
125000.75                         -- DOUBLE 类型
),
-- 第二行数据
(
&#039;2026-02-05&#039;,
&#039;2026-02-05 14:20:30&#039;,
&#039;09:15:00&#039;,
&#039;2026-02-05 14:20:30&#039;,
&#039;2026-02-05&#039;,
&#039;2026-02-05 14:20:30&#039;,
&#039;09:15:00&#039;,
&#039;2026-02-05 14:20:30.456&#039;,
&#039;20260205&#039;,
2,
&#039;李四&#039;,
30,
13900139000,
&#039;lisi@example.com&#039;,
9800.00,
FALSE,
&#039;上海市浦东新区XX街66号&#039;,
88.8,
189000.99
),
-- 第三行数据
(
&#039;2026-02-06&#039;,
&#039;2026-02-06 18:45:20&#039;,
&#039;10:30:00&#039;,
&#039;2026-02-06 18:45:20&#039;,
&#039;2026-02-06&#039;,
&#039;2026-02-06 18:45:20&#039;,
&#039;10:30:00&#039;,
&#039;2026-02-06 18:45:20.789&#039;,
&#039;20260206&#039;,
3,
&#039;王五&#039;,
28,
13700137000,
&#039;wangwu@example.com&#039;,
7999.99,
TRUE,
&#039;广州市天河区XX大道99号&#039;,
92.0,
98500.50
);","1. 进入「资产-数据质量-规则任务配置-监控对象」页面
2. 「规则名称」输入「test_rule」
「选择数据源」选择「${DATASOURCE}」
「选择数据库」选择「${DATABASE}」
「选择数据表」选择「${TABLE}」
3. 「监控规则」配置如下：
「监控规则」新增「时效性校验」
「字段」选择为「 date_str_ymd_hms_ms」
「统计函数」选择「周期性校验（单字段时间差校验）」
「过滤条件」设置为「id<100」
「选择排序字段」为「date_str_ymd_hms_ms」
「时间差」选择为「=1秒」
「强弱规则」选择「弱规则」
「规则描述」输入「测试规则」
4. 配置「调度属性」，保存规则，且「调度属性」中配置「规则报告」为最新结果
5. 临时运行规则，查看实例详情及质量报告","1. 页面正常打开
2. 监控对象配置成功；
进入「监控规则」配置页
3. 监控规则配置完成；
进入「调度属性」页面
4. 规则保存成功
5. 实例运行结果符合预期，且实例详情展示正确，质量报告展示正确","1. 
2. 
3. 
4. 
5.","","2","功能测试","功能测试阶段","正常","0","1","5","通过","听筠","2026-02-09","","0000-00-00","1","",""
"179151","数据资产_STD(#23)","/版本迭代测试用例/v6.4.8/【内置规则丰富】时效性，周期性，同一个字段的时间差校验(#10181)","【岚图】【内置规则丰富】时效性，周期性，同一个字段的时间差校验(#15527)","验证「内置规则」-「时效性」-「单字段时间差校验」-「string转long」校验通过功能","<p>已存在spark表A</p>
<p>CREATE TABLE IF NOT EXISTS<br /> tableA (<br /> create_date DATE COMMENT &#039;日期类型&#039;,<br /> update_datetime TIMESTAMP COMMENT &#039;日期时间类型（替代原DATETIME）&#039;,<br /> work_time STRING COMMENT &#039;时间类型（Spark无TIME类型，用STRING存储HH:mm:ss）&#039;,<br /> sync_timestamp TIMESTAMP COMMENT &#039;时间戳类型&#039;,<br /> date_str_ymd STRING COMMENT &#039;字符串日期(yyyy-MM-dd)，强转DATE&#039;,<br /> date_str_ymd_hms STRING COMMENT &#039;字符串日期时间(yyyy-MM-dd HH:mm:ss)，强转TIMESTAMP&#039;,<br /> date_str_mdy STRING COMMENT &#039;字符串时间(HH:mm:ss)，强转STRING（Spark无TIME类型）&#039;,<br /> date_str_ymd_hms_ms STRING COMMENT &#039;字符串日期时间(yyyy-MM-dd HH:mm:ss.SSS)，强转TIMESTAMP&#039;,<br /> date_str_irregular STRING COMMENT &#039;字符串日期(非标准格式，如20260204)，强转DATE&#039;,<br /> id INT COMMENT &#039;主键ID&#039;,<br /> user_name STRING COMMENT &#039;用户名（Spark中VARCHAR等价于STRING）&#039;,<br /> age TINYINT COMMENT &#039;年龄&#039;,<br /> phone BIGINT COMMENT &#039;手机号&#039;,<br /> email STRING COMMENT &#039;邮箱&#039;,<br /> salary DECIMAL(10, 2) COMMENT &#039;薪资&#039;,<br /> is_active BOOLEAN COMMENT &#039;是否激活&#039;,<br /> address STRING COMMENT &#039;地址&#039;,<br /> score FLOAT COMMENT &#039;评分&#039;,<br /> total_amount DOUBLE COMMENT &#039;总金额&#039;<br /> ) COMMENT &#039;时效性校验表&#039;;</p>
<p><br />INSERT INTO tableA (<br /> create_date,<br /> update_datetime,<br /> work_time,<br /> sync_timestamp,<br /> date_str_ymd,<br /> date_str_ymd_hms,<br /> date_str_mdy,<br /> date_str_ymd_hms_ms,<br /> date_str_irregular,<br /> id,<br /> user_name,<br /> age,<br /> phone,<br /> email,<br /> salary,<br /> is_active,<br /> address,<br /> score,<br /> total_amount<br />)<br />VALUES<br /> (<br /> DATE &#039;2026-02-26&#039;,<br /> TIMESTAMP &#039;2026-02-26 09:45:17&#039;,<br /> &#039;08:30:00&#039;,<br /> CURRENT_TIMESTAMP(),<br /> &#039;2026-02-26&#039;,<br /> &#039;2026-02-26 09:45:17&#039;,<br /> &#039;18:20:30&#039;,<br /> &#039;2026-02-26 09:45:17.123&#039;,<br /> &#039;20260226&#039;,<br /> 1,<br /> &#039;zhangsan&#039;,<br /> 25,<br /> 13800138000,<br /> &#039;zhangsan@example.com&#039;,<br /> 15000.50,<br /> TRUE,<br /> &#039;北京市海淀区中关村&#039;,<br /> 95.5,<br /> 123456.789<br /> ),<br /> (<br /> DATE &#039;2026-01-01&#039;,<br /> TIMESTAMP &#039;2026-12-31 23:59:59&#039;,<br /> &#039;23:59:59&#039;,<br /> TIMESTAMP &#039;2026-02-26 12:00:00&#039;,<br /> &#039;2026-01-01&#039;,<br /> &#039;2026-12-31 23:59:59&#039;,<br /> &#039;00:00:00&#039;,<br /> &#039;2026-02-26 12:34:56.789&#039;,<br /> &#039;20260101&#039;,<br /> 2,<br /> &#039;lisi&#039;,<br /> 30,<br /> 13900139000,<br /> &#039;lisi@example.com&#039;,<br /> 20000.00,<br /> FALSE,<br /> &#039;上海市浦东新区陆家嘴&#039;,<br /> 88.8,<br /> 987654.321<br /> ),<br /> (<br /> DATE &#039;1970-01-01&#039;,<br /> TIMESTAMP &#039;1970-01-01 00:00:00&#039;,<br /> &#039;&#039;,<br /> NULL,<br /> &#039;&#039;,<br /> &#039;&#039;,<br /> &#039;&#039;,<br /> &#039;&#039;,<br /> &#039;20260204&#039;,<br /> 3,<br /> &#039;&#039;,<br /> 0,<br /> 0,<br /> &#039;&#039;,<br /> 0.00,<br /> NULL,<br /> &#039;&#039;,<br /> 0.0,<br /> 0.0<br /> );</p>","1. 进入「资产-数据质量-规则任务配置-监控对象」页面
2. 「规则名称」输入「test_rule」
「选择数据源」选择「${DATASOURCE}」
「选择数据库」选择「${DATABASE}」
「选择数据表」选择「${TABLE}」
3. 「监控规则」配置如下：
「监控规则」新增「时效性校验」
「字段」选择为「 date_str_ymd_hms」
「统计函数」选择「周期性校验（单字段时间差校验）」
「过滤条件」设置为「id<100」
「选择排序字段」为「date_str_ymd_hms」
「时间差」选择为「>=1秒」
「强弱规则」选择「弱规则」
「规则描述」输入「测试规则」
4. 配置「调度属性」，保存规则，且「调度属性」中配置「规则报告」为最新结果
5. 临时运行规则，查看实例详情及质量报告","1. 页面正常打开
2. 监控对象配置成功；
进入「监控规则」配置页
3. 监控规则配置完成；
进入「调度属性」页面
4. 规则保存成功
5. 实例运行结果符合预期，且实例详情展示正确，质量报告展示正确","1. 
2. 
3. 
4. 
5.","","1","功能测试","功能测试阶段","正常","0","3","5","通过","听筠","2026-02-09","听筠","2026-02-27","2","",""
"179150","数据资产_STD(#23)","/版本迭代测试用例/v6.4.8/【内置规则丰富】时效性，周期性，同一个字段的时间差校验(#10181)","【岚图】【内置规则丰富】时效性，周期性，同一个字段的时间差校验(#15527)","验证「内置规则」-「时效性」-「单字段时间差校验」-「不同格式的timestamp类型」校验功能","已存在spark表A
CREATE TABLE IF NOT EXISTS<br />&nbsp; &nbsp; tableA (<br />&nbsp; &nbsp; &nbsp; &nbsp; create_date DATE COMMENT &#039;日期类型&#039;,<br />&nbsp; &nbsp; &nbsp; &nbsp; update_datetime TIMESTAMP COMMENT &#039;日期时间类型（替代原DATETIME）&#039;,<br />&nbsp; &nbsp; &nbsp; &nbsp; work_time STRING COMMENT &#039;时间类型（Spark无TIME类型，用STRING存储HH:mm:ss）&#039;,<br />&nbsp; &nbsp; &nbsp; &nbsp; sync_timestamp TIMESTAMP COMMENT &#039;时间戳类型&#039;,<br />&nbsp; &nbsp; &nbsp; &nbsp; date_str_ymd STRING COMMENT &#039;字符串日期(yyyy-MM-dd)，强转DATE&#039;,<br />&nbsp; &nbsp; &nbsp; &nbsp; date_str_ymd_hms STRING COMMENT &#039;字符串日期时间(yyyy-MM-dd HH:mm:ss)，强转TIMESTAMP&#039;,<br />&nbsp; &nbsp; &nbsp; &nbsp; date_str_mdy STRING COMMENT &#039;字符串时间(HH:mm:ss)，强转STRING（Spark无TIME类型）&#039;,<br />&nbsp; &nbsp; &nbsp; &nbsp; date_str_ymd_hms_ms STRING COMMENT &#039;字符串日期时间(yyyy-MM-dd HH:mm:ss.SSS)，强转TIMESTAMP&#039;,<br />&nbsp; &nbsp; &nbsp; &nbsp; date_str_irregular STRING COMMENT &#039;字符串日期(非标准格式，如20260204)，强转DATE&#039;,<br />&nbsp; &nbsp; &nbsp; &nbsp; -- STRING类型时间字段<br />&nbsp; &nbsp; &nbsp; &nbsp; time_hms_ms STRING COMMENT &#039;HH:mm:ss.SSS格式的STRING类型&#039;,<br />&nbsp; &nbsp; &nbsp; &nbsp; time_hm STRING COMMENT &#039;HH:mm格式的STRING类型&#039;,<br />&nbsp; &nbsp; &nbsp; &nbsp; -- STRING类型日期时间字段<br />&nbsp; &nbsp; &nbsp; &nbsp; datetime_ymdhmss STRING COMMENT &#039;yyyyMMddHHmmss格式的STRING类型&#039;,<br />&nbsp; &nbsp; &nbsp; &nbsp; datetime_ymd_slash_hms STRING COMMENT &#039;yyyy/MM/dd HH:mm:ss格式的STRING类型&#039;,<br />&nbsp; &nbsp; &nbsp; &nbsp; ts_from_ymd_hms TIMESTAMP COMMENT &#039;yyyy-MM-dd HH:mm:ss字符串转TIMESTAMP&#039;,<br />&nbsp; &nbsp; &nbsp; &nbsp; ts_from_ymd_hms_ms TIMESTAMP COMMENT &#039;yyyy-MM-dd HH:mm:ss.SSS字符串转TIMESTAMP&#039;,<br />&nbsp; &nbsp; &nbsp; &nbsp; ts_from_ymdhmss TIMESTAMP COMMENT &#039;yyyyMMddHHmmss字符串转TIMESTAMP&#039;,<br />&nbsp; &nbsp; &nbsp; &nbsp; ts_from_ymd_slash_hms TIMESTAMP COMMENT &#039;yyyy/MM/dd HH:mm:ss字符串转TIMESTAMP&#039;,<br />&nbsp; &nbsp; &nbsp; &nbsp; -- 其他字段<br />&nbsp; &nbsp; &nbsp; &nbsp; id INT COMMENT &#039;主键ID&#039;,<br />&nbsp; &nbsp; &nbsp; &nbsp; user_name STRING COMMENT &#039;用户名（Spark中VARCHAR等价于STRING）&#039;,<br />&nbsp; &nbsp; &nbsp; &nbsp; age TINYINT COMMENT &#039;年龄&#039;,<br />&nbsp; &nbsp; &nbsp; &nbsp; phone BIGINT COMMENT &#039;手机号&#039;,<br />&nbsp; &nbsp; &nbsp; &nbsp; email STRING COMMENT &#039;邮箱&#039;,<br />&nbsp; &nbsp; &nbsp; &nbsp; salary DECIMAL(10, 2) COMMENT &#039;薪资&#039;,<br />&nbsp; &nbsp; &nbsp; &nbsp; is_active BOOLEAN COMMENT &#039;是否激活&#039;,<br />&nbsp; &nbsp; &nbsp; &nbsp; address STRING COMMENT &#039;地址&#039;,<br />&nbsp; &nbsp; &nbsp; &nbsp; score FLOAT COMMENT &#039;评分&#039;,<br />&nbsp; &nbsp; &nbsp; &nbsp; total_amount DOUBLE COMMENT &#039;总金额&#039;<br />&nbsp; &nbsp; ) COMMENT &#039;时效性校验表&#039;;<br /><br />INSERT INTO tableA<br />SELECT<br />&nbsp; &nbsp; -- 第一行数据<br />&nbsp; &nbsp; DATE &#039;2026-02-26&#039;,<br />&nbsp; &nbsp; TIMESTAMP &#039;2026-02-26 09:45:17&#039;,<br />&nbsp; &nbsp; &#039;08:30:00&#039;,<br />&nbsp; &nbsp; CURRENT_TIMESTAMP(),<br />&nbsp; &nbsp; &#039;2026-02-26&#039;,<br />&nbsp; &nbsp; &#039;2026-02-26 09:45:17&#039;,<br />&nbsp; &nbsp; &#039;18:20:30&#039;,<br />&nbsp; &nbsp; &#039;2026-02-26 09:45:17.123&#039;,<br />&nbsp; &nbsp; &#039;20260226&#039;,<br />&nbsp; &nbsp; &#039;08:30:00.000&#039;,<br />&nbsp; &nbsp; &#039;08:30&#039;,<br />&nbsp; &nbsp; &#039;20260226094517&#039;,<br />&nbsp; &nbsp; &#039;2026/02/26 09:45:17&#039;,<br />&nbsp; &nbsp; -- 函数转换TIMESTAMP（这里支持计算）<br />&nbsp; &nbsp; to_timestamp(&#039;2026-02-26 09:45:17&#039;, &#039;yyyy-MM-dd HH:mm:ss&#039;),<br />&nbsp; &nbsp; to_timestamp(&#039;2026-02-26 09:45:17.123&#039;, &#039;yyyy-MM-dd HH:mm:ss.SSS&#039;),<br />&nbsp; &nbsp; to_timestamp(&#039;20260226094517&#039;, &#039;yyyyMMddHHmmss&#039;),<br />&nbsp; &nbsp; to_timestamp(&#039;2026/02/26 09:45:17&#039;, &#039;yyyy/MM/dd HH:mm:ss&#039;),<br />&nbsp; &nbsp; 1,<br />&nbsp; &nbsp; &#039;zhangsan&#039;,<br />&nbsp; &nbsp; 25,<br />&nbsp; &nbsp; 13800138000,<br />&nbsp; &nbsp; &#039;zhangsan@example.com&#039;,<br />&nbsp; &nbsp; 15000.50,<br />&nbsp; &nbsp; TRUE,<br />&nbsp; &nbsp; &#039;北京市海淀区中关村&#039;,<br />&nbsp; &nbsp; 95.5,<br />&nbsp; &nbsp; 123456.789<br />UNION ALL<br />SELECT<br />&nbsp; &nbsp; -- 第二行数据<br />&nbsp; &nbsp; DATE &#039;2026-01-01&#039;,<br />&nbsp; &nbsp; TIMESTAMP &#039;2026-12-31 23:59:59&#039;,<br />&nbsp; &nbsp; &#039;23:59:59&#039;,<br />&nbsp; &nbsp; TIMESTAMP &#039;2026-02-26 12:00:00&#039;,<br />&nbsp; &nbsp; &#039;2026-01-01&#039;,<br />&nbsp; &nbsp; &#039;2026-12-31 23:59:59&#039;,<br />&nbsp; &nbsp; &#039;00:00:00&#039;,<br />&nbsp; &nbsp; &#039;2026-02-26 12:34:56.789&#039;,<br />&nbsp; &nbsp; &#039;20260101&#039;,<br />&nbsp; &nbsp; &#039;23:59:59.999&#039;,<br />&nbsp; &nbsp; &#039;23:59&#039;,<br />&nbsp; &nbsp; &#039;20261231235959&#039;,<br />&nbsp; &nbsp; &#039;2026/12/31 23:59:59&#039;,<br />&nbsp; &nbsp; to_timestamp(&#039;2026-12-31 23:59:59&#039;, &#039;yyyy-MM-dd HH:mm:ss&#039;),<br />&nbsp; &nbsp; to_timestamp(&#039;2026-02-26 12:34:56.789&#039;, &#039;yyyy-MM-dd HH:mm:ss.SSS&#039;),<br />&nbsp; &nbsp; to_timestamp(&#039;20261231235959&#039;, &#039;yyyyMMddHHmmss&#039;),<br />&nbsp; &nbsp; to_timestamp(&#039;2026/12/31 23:59:59&#039;, &#039;yyyy/MM/dd HH:mm:ss&#039;),<br />&nbsp; &nbsp; 2,<br />&nbsp; &nbsp; &#039;lisi&#039;,<br />&nbsp; &nbsp; 30,<br />&nbsp; &nbsp; 13900139000,<br />&nbsp; &nbsp; &#039;lisi@example.com&#039;,<br />&nbsp; &nbsp; 20000.00,<br />&nbsp; &nbsp; FALSE,<br />&nbsp; &nbsp; &#039;上海市浦东新区陆家嘴&#039;,<br />&nbsp; &nbsp; 88.8,<br />&nbsp; &nbsp; 987654.321<br />UNION ALL<br />SELECT<br />&nbsp; &nbsp; -- 第三行数据<br />&nbsp; &nbsp; DATE &#039;1970-01-01&#039;,<br />&nbsp; &nbsp; TIMESTAMP &#039;1970-01-01 00:00:00&#039;,<br />&nbsp; &nbsp; &#039;&#039;,<br />&nbsp; &nbsp; NULL,<br />&nbsp; &nbsp; &#039;&#039;,<br />&nbsp; &nbsp; &#039;&#039;,<br />&nbsp; &nbsp; &#039;&#039;,<br />&nbsp; &nbsp; &#039;&#039;,<br />&nbsp; &nbsp; &#039;20260204&#039;,<br />&nbsp; &nbsp; &#039;&#039;,<br />&nbsp; &nbsp; &#039;&#039;,<br />&nbsp; &nbsp; &#039;&#039;,<br />&nbsp; &nbsp; &#039;&#039;,<br />&nbsp; &nbsp; NULL,<br />&nbsp; &nbsp; NULL,<br />&nbsp; &nbsp; NULL,<br />&nbsp; &nbsp; NULL,<br />&nbsp; &nbsp; 3,<br />&nbsp; &nbsp; &#039;&#039;,<br />&nbsp; &nbsp; 0,<br />&nbsp; &nbsp; 0,<br />&nbsp; &nbsp; &#039;&#039;,<br />&nbsp; &nbsp; 0.00,<br />&nbsp; &nbsp; NULL,<br />&nbsp; &nbsp; &#039;&#039;,<br />&nbsp; &nbsp; 0.0,<br />&nbsp; &nbsp; 0.0;<br />","1. 进入「资产-数据质量-规则任务配置-监控对象」页面
2. 「规则名称」输入「test_rule」
「选择数据源」选择「${DATASOURCE}」
「选择数据库」选择「${DATABASE}」
「选择数据表」选择「${TABLE}」
3. 「监控规则1」配置如下：（yyyy-MM-dd HH:mm:ss）
「监控规则」新增「时效性校验」
「字段」选择为「 sync_timestamp」
「统计函数」选择「周期性校验（单字段时间差校验）」
「过滤条件」设置为「id<100」
「选择排序字段」为「 sync_timestamp」
「时间差」选择为「>=1秒」
「强弱规则」选择「弱规则」
「规则描述」输入「测试规则」
4. 「监控规则2」配置如下：（yyyy-MM-dd HH:mm:ss.SSS）
「监控规则」新增「时效性校验」
「字段」选择为「 ts_from_ymd_hms_ms」
「统计函数」选择「周期性校验（单字段时间差校验）」
「过滤条件」设置为「id<100」
「选择排序字段」为「 ts_from_ymd_hms_ms」
「时间差」选择为「>=1秒」
「强弱规则」选择「弱规则」
「规则描述」输入「测试规则」
5. 「监控规则3」配置如下：（yyyyMMddHHmmss）
「监控规则」新增「时效性校验」
「字段」选择为「 ts_from_ymdhmss」
「统计函数」选择「周期性校验（单字段时间差校验）」
「过滤条件」设置为「id<100」
「选择排序字段」为「 ts_from_ymdhmss」
「时间差」选择为「>=1秒」
「强弱规则」选择「弱规则」
「规则描述」输入「测试规则」
6. 「监控规则4」配置如下：（yyyy/MM/dd HH:mm:ss）
「监控规则」新增「时效性校验」
「字段」选择为「 ts_from_ymd_slash_hms」
「统计函数」选择「周期性校验（单字段时间差校验）」
「过滤条件」设置为「id<100」
「选择排序字段」为「 ts_from_ymd_slash_hms」
「时间差」选择为「>=1秒」
「强弱规则」选择「弱规则」
「规则描述」输入「测试规则」
7. 配置「调度属性」，保存规则，且「调度属性」中配置「规则报告」为最新结果
8. 临时运行规则，查看实例详情及质量报告","1. 页面正常打开
2. 监控对象配置成功；
进入「监控规则」配置页
3. 监控规则配置完成；
进入「调度属性」页面
4. 监控规则配置完成；
进入「调度属性」页面
5. 监控规则配置完成；
进入「调度属性」页面
6. 监控规则配置完成；
进入「调度属性」页面
7. 规则保存成功
8. 实例运行结果符合预期，且实例详情展示正确，质量报告展示正确","1. 
2. 
3. 
4. 
5. 
6. 
7. 
8.","","3","功能测试","功能测试阶段","正常","0","1","8","通过","听筠","2026-02-09","听筠","2026-03-02","2","",""
"179149","数据资产_STD(#23)","/版本迭代测试用例/v6.4.8/【内置规则丰富】时效性，周期性，同一个字段的时间差校验(#10181)","【岚图】【内置规则丰富】时效性，周期性，同一个字段的时间差校验(#15527)","验证「内置规则」-「时效性」-「单字段时间差校验」-「timestamp类型」校验不通过功能","已存在spark表A
CREATE TABLE IF NOT EXISTS tableA (
create_date DATE COMMENT &#039;日期类型&#039;,
update_datetime DATETIME COMMENT &#039;日期时间类型&#039;,
work_time TIME COMMENT &#039;时间类型&#039;,
sync_timestamp TIMESTAMP COMMENT &#039;时间戳类型&#039;,
date_str_ymd STRING COMMENT &#039;字符串日期(yyyy-MM-dd)，强转DATE&#039;,
date_str_ymd_hms STRING COMMENT &#039;字符串日期时间(yyyy-MM-dd HH:mm:ss)，强转DATETIME&#039;,
date_str_mdy STRING COMMENT &#039;字符串时间(HH:MM:SS)，强转TIME&#039;,
date_str_ymd_hms_ms STRING COMMENT &#039;字符串日期时间(yyyy-MM-dd HH:mm:ss.SSS)，强转TIMESTAMP&#039;,
date_str_irregular STRING COMMENT &#039;字符串日期(非标准格式，如20260204)，强转DATE&#039;,
id INT COMMENT &#039;主键ID&#039;,
user_name VARCHAR(50) COMMENT &#039;用户名&#039;,
age TINYINT COMMENT &#039;年龄&#039;,
phone BIGINT COMMENT &#039;手机号&#039;,
email STRING COMMENT &#039;邮箱&#039;,
salary DECIMAL(10,2) COMMENT &#039;薪资&#039;,
is_active BOOLEAN COMMENT &#039;是否激活&#039;,
address STRING COMMENT &#039;地址&#039;,
score FLOAT COMMENT &#039;评分&#039;,
total_amount DOUBLE COMMENT &#039;总金额&#039;
) COMMENT &#039;时效性校验表&#039;;
INSERT INTO tableA (
create_date,
update_datetime,
work_time,
sync_timestamp,
date_str_ymd,
date_str_ymd_hms,
date_str_mdy,
date_str_ymd_hms_ms,
date_str_irregular,
id,
user_name,
age,
phone,
email,
salary,
is_active,
address,
score,
total_amount
)
VALUES
-- 第一行数据
(
&#039;2026-02-04&#039;,                     -- DATE 类型
&#039;2026-02-04 09:30:15&#039;,            -- DATETIME 类型
&#039;08:00:00&#039;,                       -- TIME 类型
&#039;2026-02-04 09:30:15&#039;,            -- TIMESTAMP 类型
&#039;2026-02-04&#039;,                     -- 字符串日期
&#039;2026-02-04 09:30:15&#039;,            -- 字符串日期时间
&#039;08:00:00&#039;,                       -- 字符串时间
&#039;2026-02-04 09:30:15.123&#039;,        -- 带毫秒的字符串
&#039;20260204&#039;,                       -- 非标准字符串
1,                                -- INT 类型
&#039;张三&#039;,                           -- VARCHAR/STRING 类型
25,                               -- TINYINT 类型
13800138000,                      -- BIGINT 类型
&#039;zhangsan@example.com&#039;,           -- STRING 类型
8500.50,                          -- DECIMAL 类型
TRUE,                             -- BOOLEAN 类型
&#039;北京市朝阳区XX路88号&#039;,           -- STRING 类型
95.5,                             -- FLOAT 类型
125000.75                         -- DOUBLE 类型
),
-- 第二行数据
(
&#039;2026-02-05&#039;,
&#039;2026-02-05 14:20:30&#039;,
&#039;09:15:00&#039;,
&#039;2026-02-05 14:20:30&#039;,
&#039;2026-02-05&#039;,
&#039;2026-02-05 14:20:30&#039;,
&#039;09:15:00&#039;,
&#039;2026-02-05 14:20:30.456&#039;,
&#039;20260205&#039;,
2,
&#039;李四&#039;,
30,
13900139000,
&#039;lisi@example.com&#039;,
9800.00,
FALSE,
&#039;上海市浦东新区XX街66号&#039;,
88.8,
189000.99
),
-- 第三行数据
(
&#039;2026-02-06&#039;,
&#039;2026-02-06 18:45:20&#039;,
&#039;10:30:00&#039;,
&#039;2026-02-06 18:45:20&#039;,
&#039;2026-02-06&#039;,
&#039;2026-02-06 18:45:20&#039;,
&#039;10:30:00&#039;,
&#039;2026-02-06 18:45:20.789&#039;,
&#039;20260206&#039;,
3,
&#039;王五&#039;,
28,
13700137000,
&#039;wangwu@example.com&#039;,
7999.99,
TRUE,
&#039;广州市天河区XX大道99号&#039;,
92.0,
98500.50
);","1. 进入「资产-数据质量-规则任务配置-监控对象」页面
2. 「规则名称」输入「test_rule」
「选择数据源」选择「${DATASOURCE}」
「选择数据库」选择「${DATABASE}」
「选择数据表」选择「${TABLE}」
3. 「监控规则」配置如下：
「监控规则」新增「时效性校验」
「字段」选择为「 sync_timestamp」
「统计函数」选择「周期性校验（单字段时间差校验）」
「过滤条件」设置为「id<100」
「选择排序字段」为「 sync_timestamp」
「时间差」选择为「=1秒」
「强弱规则」选择「弱规则」
「规则描述」输入「测试规则」
4. 配置「调度属性」，保存规则，且「调度属性」中配置「规则报告」为最新结果
5. 临时运行规则，查看实例详情及质量报告","1. 页面正常打开
2. 监控对象配置成功；
进入「监控规则」配置页
3. 监控规则配置完成；
进入「调度属性」页面
4. 规则保存成功
5. 实例运行结果符合预期，且实例详情展示正确，质量报告展示正确","1. 
2. 
3. 
4. 
5.","","2","功能测试","功能测试阶段","正常","0","1","5","通过","听筠","2026-02-09","","0000-00-00","1","",""
"179148","数据资产_STD(#23)","/版本迭代测试用例/v6.4.8/【内置规则丰富】时效性，周期性，同一个字段的时间差校验(#10181)","【岚图】【内置规则丰富】时效性，周期性，同一个字段的时间差校验(#15527)","验证「内置规则」-「时效性」-「单字段时间差校验」-「timestamp类型」校验通过功能","已存在spark表A
CREATE TABLE IF NOT EXISTS tableA (
create_date DATE COMMENT &#039;日期类型&#039;,
update_datetime DATETIME COMMENT &#039;日期时间类型&#039;,
work_time TIME COMMENT &#039;时间类型&#039;,
sync_timestamp TIMESTAMP COMMENT &#039;时间戳类型&#039;,
date_str_ymd STRING COMMENT &#039;字符串日期(yyyy-MM-dd)，强转DATE&#039;,
date_str_ymd_hms STRING COMMENT &#039;字符串日期时间(yyyy-MM-dd HH:mm:ss)，强转DATETIME&#039;,
date_str_mdy STRING COMMENT &#039;字符串时间(HH:MM:SS)，强转TIME&#039;,
date_str_ymd_hms_ms STRING COMMENT &#039;字符串日期时间(yyyy-MM-dd HH:mm:ss.SSS)，强转TIMESTAMP&#039;,
date_str_irregular STRING COMMENT &#039;字符串日期(非标准格式，如20260204)，强转DATE&#039;,
id INT COMMENT &#039;主键ID&#039;,
user_name VARCHAR(50) COMMENT &#039;用户名&#039;,
age TINYINT COMMENT &#039;年龄&#039;,
phone BIGINT COMMENT &#039;手机号&#039;,
email STRING COMMENT &#039;邮箱&#039;,
salary DECIMAL(10,2) COMMENT &#039;薪资&#039;,
is_active BOOLEAN COMMENT &#039;是否激活&#039;,
address STRING COMMENT &#039;地址&#039;,
score FLOAT COMMENT &#039;评分&#039;,
total_amount DOUBLE COMMENT &#039;总金额&#039;
) COMMENT &#039;时效性校验表&#039;;
INSERT INTO tableA (
create_date,
update_datetime,
work_time,
sync_timestamp,
date_str_ymd,
date_str_ymd_hms,
date_str_mdy,
date_str_ymd_hms_ms,
date_str_irregular,
id,
user_name,
age,
phone,
email,
salary,
is_active,
address,
score,
total_amount
)
VALUES
-- 第一行数据
(
&#039;2026-02-04&#039;,                     -- DATE 类型
&#039;2026-02-04 09:30:15&#039;,            -- DATETIME 类型
&#039;08:00:00&#039;,                       -- TIME 类型
&#039;2026-02-04 09:30:15&#039;,            -- TIMESTAMP 类型
&#039;2026-02-04&#039;,                     -- 字符串日期
&#039;2026-02-04 09:30:15&#039;,            -- 字符串日期时间
&#039;08:00:00&#039;,                       -- 字符串时间
&#039;2026-02-04 09:30:15.123&#039;,        -- 带毫秒的字符串
&#039;20260204&#039;,                       -- 非标准字符串
1,                                -- INT 类型
&#039;张三&#039;,                           -- VARCHAR/STRING 类型
25,                               -- TINYINT 类型
13800138000,                      -- BIGINT 类型
&#039;zhangsan@example.com&#039;,           -- STRING 类型
8500.50,                          -- DECIMAL 类型
TRUE,                             -- BOOLEAN 类型
&#039;北京市朝阳区XX路88号&#039;,           -- STRING 类型
95.5,                             -- FLOAT 类型
125000.75                         -- DOUBLE 类型
),
-- 第二行数据
(
&#039;2026-02-05&#039;,
&#039;2026-02-05 14:20:30&#039;,
&#039;09:15:00&#039;,
&#039;2026-02-05 14:20:30&#039;,
&#039;2026-02-05&#039;,
&#039;2026-02-05 14:20:30&#039;,
&#039;09:15:00&#039;,
&#039;2026-02-05 14:20:30.456&#039;,
&#039;20260205&#039;,
2,
&#039;李四&#039;,
30,
13900139000,
&#039;lisi@example.com&#039;,
9800.00,
FALSE,
&#039;上海市浦东新区XX街66号&#039;,
88.8,
189000.99
),
-- 第三行数据
(
&#039;2026-02-06&#039;,
&#039;2026-02-06 18:45:20&#039;,
&#039;10:30:00&#039;,
&#039;2026-02-06 18:45:20&#039;,
&#039;2026-02-06&#039;,
&#039;2026-02-06 18:45:20&#039;,
&#039;10:30:00&#039;,
&#039;2026-02-06 18:45:20.789&#039;,
&#039;20260206&#039;,
3,
&#039;王五&#039;,
28,
13700137000,
&#039;wangwu@example.com&#039;,
7999.99,
TRUE,
&#039;广州市天河区XX大道99号&#039;,
92.0,
98500.50
);","1. 进入「资产-数据质量-规则任务配置-监控对象」页面
2. 「规则名称」输入「test_rule」
「选择数据源」选择「${DATASOURCE}」
「选择数据库」选择「${DATABASE}」
「选择数据表」选择「${TABLE}」
3. 「监控规则」配置如下：
「监控规则」新增「时效性校验」
「字段」选择为「 sync_timestamp」
「统计函数」选择「周期性校验（单字段时间差校验）」
「过滤条件」设置为「id<100」
「选择排序字段」为「 sync_timestamp」
「时间差」选择为「>=1秒」
「强弱规则」选择「弱规则」
「规则描述」输入「测试规则」
4. 配置「调度属性」，保存规则，且「调度属性」中配置「规则报告」为最新结果
5. 临时运行规则，查看实例详情及质量报告","1. 页面正常打开
2. 监控对象配置成功；
进入「监控规则」配置页
3. 监控规则配置完成；
进入「调度属性」页面
4. 规则保存成功
5. 实例运行结果符合预期，且实例详情展示正确，质量报告展示正确","1. 
2. 
3. 
4. 
5.","","2","功能测试","功能测试阶段","正常","0","1","5","通过","听筠","2026-02-09","","0000-00-00","1","",""
"179147","数据资产_STD(#23)","/版本迭代测试用例/v6.4.8/【内置规则丰富】时效性，周期性，同一个字段的时间差校验(#10181)","【岚图】【内置规则丰富】时效性，周期性，同一个字段的时间差校验(#15527)","验证「内置规则」-「时效性」-「单字段时间差校验」-「不同格式的time类型」校验功能","已存在spark表A
CREATE TABLE IF NOT EXISTS<br /> tableA (<br /> create_date DATE COMMENT &#039;日期类型&#039;,<br /> update_datetime TIMESTAMP COMMENT &#039;日期时间类型（替代原DATETIME）&#039;,<br /> work_time STRING COMMENT &#039;时间类型（Spark无TIME类型，用STRING存储HH:mm:ss）&#039;,<br /> sync_timestamp TIMESTAMP COMMENT &#039;时间戳类型&#039;,<br /> date_str_ymd STRING COMMENT &#039;字符串日期(yyyy-MM-dd)，强转DATE&#039;,<br /> date_str_ymd_hms STRING COMMENT &#039;字符串日期时间(yyyy-MM-dd HH:mm:ss)，强转TIMESTAMP&#039;,<br /> date_str_mdy STRING COMMENT &#039;字符串时间(HH:mm:ss)，强转STRING（Spark无TIME类型）&#039;,<br /> date_str_ymd_hms_ms STRING COMMENT &#039;字符串日期时间(yyyy-MM-dd HH:mm:ss.SSS)，强转TIMESTAMP&#039;,<br /> date_str_irregular STRING COMMENT &#039;字符串日期(非标准格式，如20260204)，强转DATE&#039;,<br /> -- STRING类型时间字段<br /> time_hms_ms STRING COMMENT &#039;HH:mm:ss.SSS格式的STRING类型&#039;,<br /> time_hm STRING COMMENT &#039;HH:mm格式的STRING类型&#039;,<br /> -- STRING类型日期时间字段<br /> datetime_ymdhmss STRING COMMENT &#039;yyyyMMddHHmmss格式的STRING类型&#039;,<br /> datetime_ymd_slash_hms STRING COMMENT &#039;yyyy/MM/dd HH:mm:ss格式的STRING类型&#039;,<br /> -- 其他字段<br /> id INT COMMENT &#039;主键ID&#039;,<br /> user_name STRING COMMENT &#039;用户名（Spark中VARCHAR等价于STRING）&#039;,<br /> age TINYINT COMMENT &#039;年龄&#039;,<br /> phone BIGINT COMMENT &#039;手机号&#039;,<br /> email STRING COMMENT &#039;邮箱&#039;,<br /> salary DECIMAL(10, 2) COMMENT &#039;薪资&#039;,<br /> is_active BOOLEAN COMMENT &#039;是否激活&#039;,<br /> address STRING COMMENT &#039;地址&#039;,<br /> score FLOAT COMMENT &#039;评分&#039;,<br /> total_amount DOUBLE COMMENT &#039;总金额&#039;<br /> ) COMMENT &#039;时效性校验表&#039;;<br /><br />INSERT INTO tableA (<br /> create_date,<br /> update_datetime,<br /> work_time,<br /> sync_timestamp,<br /> date_str_ymd,<br /> date_str_ymd_hms,<br /> date_str_mdy,<br /> date_str_ymd_hms_ms,<br /> date_str_irregular,<br /> time_hms_ms,<br /> time_hm,<br /> datetime_ymdhmss,<br /> datetime_ymd_slash_hms,<br /> id,<br /> user_name,<br /> age,<br /> phone,<br /> email,<br /> salary,<br /> is_active,<br /> address,<br /> score,<br /> total_amount<br />)<br />VALUES<br /> (<br /> DATE &#039;2026-02-26&#039;,<br /> TIMESTAMP &#039;2026-02-26 09:45:17&#039;,<br /> &#039;08:30:00&#039;,<br /> CURRENT_TIMESTAMP(),<br /> &#039;2026-02-26&#039;,<br /> &#039;2026-02-26 09:45:17&#039;,<br /> &#039;18:20:30&#039;,<br /> &#039;2026-02-26 09:45:17.123&#039;,<br /> &#039;20260226&#039;,<br /> &#039;08:30:00.000&#039;,&nbsp; &nbsp; -- HH:mm:ss.SSS格式<br /> &#039;08:30&#039;,&nbsp; &nbsp; &nbsp; &nbsp; &nbsp; &nbsp;-- HH:mm格式<br /> &#039;20260226094517&#039;,&nbsp; -- yyyyMMddHHmmss格式<br /> &#039;2026/02/26 09:45:17&#039;, -- yyyy/MM/dd HH:mm:ss格式<br /> 1,<br /> &#039;zhangsan&#039;,<br /> 25,<br /> 13800138000,<br /> &#039;zhangsan@example.com&#039;,<br /> 15000.50,<br /> TRUE,<br /> &#039;北京市海淀区中关村&#039;,<br /> 95.5,<br /> 123456.789<br /> ),<br /> (<br /> DATE &#039;2026-01-01&#039;,<br /> TIMESTAMP &#039;2026-12-31 23:59:59&#039;,<br /> &#039;23:59:59&#039;,<br /> TIMESTAMP &#039;2026-02-26 12:00:00&#039;,<br /> &#039;2026-01-01&#039;,<br /> &#039;2026-12-31 23:59:59&#039;,<br /> &#039;00:00:00&#039;,<br /> &#039;2026-02-26 12:34:56.789&#039;,<br /> &#039;20260101&#039;,<br /> &#039;23:59:59.999&#039;,<br /> &#039;23:59&#039;,<br /> &#039;20261231235959&#039;,<br /> &#039;2026/12/31 23:59:59&#039;,<br /> 2,<br /> &#039;lisi&#039;,<br /> 30,<br /> 13900139000,<br /> &#039;lisi@example.com&#039;,<br /> 20000.00,<br /> FALSE,<br /> &#039;上海市浦东新区陆家嘴&#039;,<br /> 88.8,<br /> 987654.321<br /> ),<br /> (<br /> DATE &#039;1970-01-01&#039;,<br /> TIMESTAMP &#039;1970-01-01 00:00:00&#039;,<br /> &#039;&#039;,<br /> NULL,<br /> &#039;&#039;,<br /> &#039;&#039;,<br /> &#039;&#039;,<br /> &#039;&#039;,<br /> &#039;20260204&#039;,<br /> &#039;&#039;,<br /> &#039;&#039;,<br /> &#039;&#039;,<br /> &#039;&#039;,<br /> 3,<br /> &#039;&#039;,<br /> 0,<br /> 0,<br /> &#039;&#039;,<br /> 0.00,<br /> NULL,<br /> &#039;&#039;,<br /> 0.0,<br /> 0.0<br /> );<br />","1. 进入「资产-数据质量-规则任务配置-监控对象」页面
2. 「规则名称」输入「test_rule」
「选择数据源」选择「${DATASOURCE}」
「选择数据库」选择「${DATABASE}」
「选择数据表」选择「${TABLE}」
3. 「监控规则1」配置如下：（HH:mm:ss）
「监控规则」新增「时效性校验」
「字段」选择为「 work_time」
「统计函数」选择「周期性校验（单字段时间差校验）」
「过滤条件」设置为「id<100」
「选择排序字段」为「 work_time」
「时间差」选择为「>=1秒」
「强弱规则」选择「弱规则」
「规则描述」输入「测试规则」
4. 「监控规则2」配置如下：（HH:mm:ss.SSS）
「监控规则」新增「时效性校验」
「字段」选择为「 time_hms_ms」
「统计函数」选择「周期性校验（单字段时间差校验）」
「过滤条件」设置为「id<100」
「选择排序字段」为「 time_hms_ms」
「时间差」选择为「>=1秒」
「强弱规则」选择「弱规则」
「规则描述」输入「测试规则」
5. 「监控规则3」配置如下：（HH:mm）
「监控规则」新增「时效性校验」
「字段」选择为「 time_hm」
「统计函数」选择「周期性校验（单字段时间差校验）」
「过滤条件」设置为「id<100」
「选择排序字段」为「 time_hm」
「时间差」选择为「>=1秒」
「强弱规则」选择「弱规则」
「规则描述」输入「测试规则」
6. 配置「调度属性」，保存规则，且「调度属性」中配置「规则报告」为最新结果
7. 临时运行规则，查看实例详情及质量报告","1. 页面正常打开
2. 监控对象配置成功；
进入「监控规则」配置页
3. 监控规则配置完成；
进入「调度属性」页面
4. 监控规则配置完成；
进入「调度属性」页面
5. 监控规则配置完成；
进入「调度属性」页面
6. 规则保存成功
7. 实例运行结果符合预期，且实例详情展示正确，质量报告展示正确","1. 
2. 
3. 
4. 
5. 
6. 
7.","","3","功能测试","功能测试阶段","正常","0","1","7","通过","听筠","2026-02-09","听筠","2026-02-28","3","",""
"179146","数据资产_STD(#23)","/版本迭代测试用例/v6.4.8/【内置规则丰富】时效性，周期性，同一个字段的时间差校验(#10181)","【岚图】【内置规则丰富】时效性，周期性，同一个字段的时间差校验(#15527)","验证「内置规则」-「时效性」-「单字段时间差校验」-「time类型」校验不通过功能","已存在spark表A
CREATE TABLE IF NOT EXISTS tableA (
create_date DATE COMMENT &#039;日期类型&#039;,
update_datetime DATETIME COMMENT &#039;日期时间类型&#039;,
work_time TIME COMMENT &#039;时间类型&#039;,
sync_timestamp TIMESTAMP COMMENT &#039;时间戳类型&#039;,
date_str_ymd STRING COMMENT &#039;字符串日期(yyyy-MM-dd)，强转DATE&#039;,
date_str_ymd_hms STRING COMMENT &#039;字符串日期时间(yyyy-MM-dd HH:mm:ss)，强转DATETIME&#039;,
date_str_mdy STRING COMMENT &#039;字符串时间(HH:MM:SS)，强转TIME&#039;,
date_str_ymd_hms_ms STRING COMMENT &#039;字符串日期时间(yyyy-MM-dd HH:mm:ss.SSS)，强转TIMESTAMP&#039;,
date_str_irregular STRING COMMENT &#039;字符串日期(非标准格式，如20260204)，强转DATE&#039;,
id INT COMMENT &#039;主键ID&#039;,
user_name VARCHAR(50) COMMENT &#039;用户名&#039;,
age TINYINT COMMENT &#039;年龄&#039;,
phone BIGINT COMMENT &#039;手机号&#039;,
email STRING COMMENT &#039;邮箱&#039;,
salary DECIMAL(10,2) COMMENT &#039;薪资&#039;,
is_active BOOLEAN COMMENT &#039;是否激活&#039;,
address STRING COMMENT &#039;地址&#039;,
score FLOAT COMMENT &#039;评分&#039;,
total_amount DOUBLE COMMENT &#039;总金额&#039;
) COMMENT &#039;时效性校验表&#039;;
INSERT INTO tableA (
create_date,
update_datetime,
work_time,
sync_timestamp,
date_str_ymd,
date_str_ymd_hms,
date_str_mdy,
date_str_ymd_hms_ms,
date_str_irregular,
id,
user_name,
age,
phone,
email,
salary,
is_active,
address,
score,
total_amount
)
VALUES
-- 第一行数据
(
&#039;2026-02-04&#039;,                     -- DATE 类型
&#039;2026-02-04 09:30:15&#039;,            -- DATETIME 类型
&#039;08:00:00&#039;,                       -- TIME 类型
&#039;2026-02-04 09:30:15&#039;,            -- TIMESTAMP 类型
&#039;2026-02-04&#039;,                     -- 字符串日期
&#039;2026-02-04 09:30:15&#039;,            -- 字符串日期时间
&#039;08:00:00&#039;,                       -- 字符串时间
&#039;2026-02-04 09:30:15.123&#039;,        -- 带毫秒的字符串
&#039;20260204&#039;,                       -- 非标准字符串
1,                                -- INT 类型
&#039;张三&#039;,                           -- VARCHAR/STRING 类型
25,                               -- TINYINT 类型
13800138000,                      -- BIGINT 类型
&#039;zhangsan@example.com&#039;,           -- STRING 类型
8500.50,                          -- DECIMAL 类型
TRUE,                             -- BOOLEAN 类型
&#039;北京市朝阳区XX路88号&#039;,           -- STRING 类型
95.5,                             -- FLOAT 类型
125000.75                         -- DOUBLE 类型
),
-- 第二行数据
(
&#039;2026-02-05&#039;,
&#039;2026-02-05 14:20:30&#039;,
&#039;09:15:00&#039;,
&#039;2026-02-05 14:20:30&#039;,
&#039;2026-02-05&#039;,
&#039;2026-02-05 14:20:30&#039;,
&#039;09:15:00&#039;,
&#039;2026-02-05 14:20:30.456&#039;,
&#039;20260205&#039;,
2,
&#039;李四&#039;,
30,
13900139000,
&#039;lisi@example.com&#039;,
9800.00,
FALSE,
&#039;上海市浦东新区XX街66号&#039;,
88.8,
189000.99
),
-- 第三行数据
(
&#039;2026-02-06&#039;,
&#039;2026-02-06 18:45:20&#039;,
&#039;10:30:00&#039;,
&#039;2026-02-06 18:45:20&#039;,
&#039;2026-02-06&#039;,
&#039;2026-02-06 18:45:20&#039;,
&#039;10:30:00&#039;,
&#039;2026-02-06 18:45:20.789&#039;,
&#039;20260206&#039;,
3,
&#039;王五&#039;,
28,
13700137000,
&#039;wangwu@example.com&#039;,
7999.99,
TRUE,
&#039;广州市天河区XX大道99号&#039;,
92.0,
98500.50
);","1. 进入「资产-数据质量-规则任务配置-监控对象」页面
2. 「规则名称」输入「test_rule」
「选择数据源」选择「${DATASOURCE}」
「选择数据库」选择「${DATABASE}」
「选择数据表」选择「${TABLE}」
3. 「监控规则」配置如下：
「监控规则」新增「时效性校验」
「字段」选择为「 work_time」
「统计函数」选择「周期性校验（单字段时间差校验）」
「过滤条件」设置为「id<100」
「选择排序字段」为「 work_time」
「时间差」选择为「=1秒」
「强弱规则」选择「弱规则」
「规则描述」输入「测试规则」
4. 配置「调度属性」，保存规则，且「调度属性」中配置「规则报告」为最新结果
5. 临时运行规则，查看实例详情及质量报告","1. 页面正常打开
2. 监控对象配置成功；
进入「监控规则」配置页
3. 监控规则配置完成；
进入「调度属性」页面
4. 规则保存成功
5. 实例运行结果符合预期，且实例详情展示正确，质量报告展示正确","1. 
2. 
3. 
4. 
5.","","2","功能测试","功能测试阶段","正常","0","1","5","通过","听筠","2026-02-09","","0000-00-00","1","",""
"179145","数据资产_STD(#23)","/版本迭代测试用例/v6.4.8/【内置规则丰富】时效性，周期性，同一个字段的时间差校验(#10181)","【岚图】【内置规则丰富】时效性，周期性，同一个字段的时间差校验(#15527)","验证「内置规则」-「时效性」-「单字段时间差校验」-「time类型」校验通过功能","已存在spark表A
CREATE TABLE IF NOT EXISTS tableA (
create_date DATE COMMENT &#039;日期类型&#039;,
update_datetime DATETIME COMMENT &#039;日期时间类型&#039;,
work_time TIME COMMENT &#039;时间类型&#039;,
sync_timestamp TIMESTAMP COMMENT &#039;时间戳类型&#039;,
date_str_ymd STRING COMMENT &#039;字符串日期(yyyy-MM-dd)，强转DATE&#039;,
date_str_ymd_hms STRING COMMENT &#039;字符串日期时间(yyyy-MM-dd HH:mm:ss)，强转DATETIME&#039;,
date_str_mdy STRING COMMENT &#039;字符串时间(HH:MM:SS)，强转TIME&#039;,
date_str_ymd_hms_ms STRING COMMENT &#039;字符串日期时间(yyyy-MM-dd HH:mm:ss.SSS)，强转TIMESTAMP&#039;,
date_str_irregular STRING COMMENT &#039;字符串日期(非标准格式，如20260204)，强转DATE&#039;,
id INT COMMENT &#039;主键ID&#039;,
user_name VARCHAR(50) COMMENT &#039;用户名&#039;,
age TINYINT COMMENT &#039;年龄&#039;,
phone BIGINT COMMENT &#039;手机号&#039;,
email STRING COMMENT &#039;邮箱&#039;,
salary DECIMAL(10,2) COMMENT &#039;薪资&#039;,
is_active BOOLEAN COMMENT &#039;是否激活&#039;,
address STRING COMMENT &#039;地址&#039;,
score FLOAT COMMENT &#039;评分&#039;,
total_amount DOUBLE COMMENT &#039;总金额&#039;
) COMMENT &#039;时效性校验表&#039;;
INSERT INTO tableA (
create_date,
update_datetime,
work_time,
sync_timestamp,
date_str_ymd,
date_str_ymd_hms,
date_str_mdy,
date_str_ymd_hms_ms,
date_str_irregular,
id,
user_name,
age,
phone,
email,
salary,
is_active,
address,
score,
total_amount
)
VALUES
-- 第一行数据
(
&#039;2026-02-04&#039;,                     -- DATE 类型
&#039;2026-02-04 09:30:15&#039;,            -- DATETIME 类型
&#039;08:00:00&#039;,                       -- TIME 类型
&#039;2026-02-04 09:30:15&#039;,            -- TIMESTAMP 类型
&#039;2026-02-04&#039;,                     -- 字符串日期
&#039;2026-02-04 09:30:15&#039;,            -- 字符串日期时间
&#039;08:00:00&#039;,                       -- 字符串时间
&#039;2026-02-04 09:30:15.123&#039;,        -- 带毫秒的字符串
&#039;20260204&#039;,                       -- 非标准字符串
1,                                -- INT 类型
&#039;张三&#039;,                           -- VARCHAR/STRING 类型
25,                               -- TINYINT 类型
13800138000,                      -- BIGINT 类型
&#039;zhangsan@example.com&#039;,           -- STRING 类型
8500.50,                          -- DECIMAL 类型
TRUE,                             -- BOOLEAN 类型
&#039;北京市朝阳区XX路88号&#039;,           -- STRING 类型
95.5,                             -- FLOAT 类型
125000.75                         -- DOUBLE 类型
),
-- 第二行数据
(
&#039;2026-02-05&#039;,
&#039;2026-02-05 14:20:30&#039;,
&#039;09:15:00&#039;,
&#039;2026-02-05 14:20:30&#039;,
&#039;2026-02-05&#039;,
&#039;2026-02-05 14:20:30&#039;,
&#039;09:15:00&#039;,
&#039;2026-02-05 14:20:30.456&#039;,
&#039;20260205&#039;,
2,
&#039;李四&#039;,
30,
13900139000,
&#039;lisi@example.com&#039;,
9800.00,
FALSE,
&#039;上海市浦东新区XX街66号&#039;,
88.8,
189000.99
),
-- 第三行数据
(
&#039;2026-02-06&#039;,
&#039;2026-02-06 18:45:20&#039;,
&#039;10:30:00&#039;,
&#039;2026-02-06 18:45:20&#039;,
&#039;2026-02-06&#039;,
&#039;2026-02-06 18:45:20&#039;,
&#039;10:30:00&#039;,
&#039;2026-02-06 18:45:20.789&#039;,
&#039;20260206&#039;,
3,
&#039;王五&#039;,
28,
13700137000,
&#039;wangwu@example.com&#039;,
7999.99,
TRUE,
&#039;广州市天河区XX大道99号&#039;,
92.0,
98500.50
);","1. 进入「资产-数据质量-规则任务配置-监控对象」页面
2. 「规则名称」输入「test_rule」
「选择数据源」选择「${DATASOURCE}」
「选择数据库」选择「${DATABASE}」
「选择数据表」选择「${TABLE}」
3. 「监控规则」配置如下：
「监控规则」新增「时效性校验」
「字段」选择为「 work_time」
「统计函数」选择「周期性校验（单字段时间差校验）」
「过滤条件」设置为「id<100」
「选择排序字段」为「 work_time」
「时间差」选择为「>=1秒」
「强弱规则」选择「弱规则」
「规则描述」输入「测试规则」
4. 配置「调度属性」，保存规则，且「调度属性」中配置「规则报告」为最新结果
5. 临时运行规则，查看实例详情及质量报告","1. 页面正常打开
2. 监控对象配置成功；
进入「监控规则」配置页
3. 监控规则配置完成；
进入「调度属性」页面
4. 规则保存成功
5. 实例运行结果符合预期，且实例详情展示正确，质量报告展示正确","1. 
2. 
3. 
4. 
5.","","2","功能测试","功能测试阶段","正常","0","1","5","通过","听筠","2026-02-09","","0000-00-00","1","",""
"179144","数据资产_STD(#23)","/版本迭代测试用例/v6.4.8/【内置规则丰富】时效性，周期性，同一个字段的时间差校验(#10181)","【岚图】【内置规则丰富】时效性，周期性，同一个字段的时间差校验(#15527)","验证「内置规则」-「时效性」-「单字段时间差校验」-「datetime类型」校验不通过功能","已存在spark表A
CREATE TABLE IF NOT EXISTS tableA (
create_date DATE COMMENT &#039;日期类型&#039;,
update_datetime DATETIME COMMENT &#039;日期时间类型&#039;,
work_time TIME COMMENT &#039;时间类型&#039;,
sync_timestamp TIMESTAMP COMMENT &#039;时间戳类型&#039;,
date_str_ymd STRING COMMENT &#039;字符串日期(yyyy-MM-dd)，强转DATE&#039;,
date_str_ymd_hms STRING COMMENT &#039;字符串日期时间(yyyy-MM-dd HH:mm:ss)，强转DATETIME&#039;,
date_str_mdy STRING COMMENT &#039;字符串时间(HH:MM:SS)，强转TIME&#039;,
date_str_ymd_hms_ms STRING COMMENT &#039;字符串日期时间(yyyy-MM-dd HH:mm:ss.SSS)，强转TIMESTAMP&#039;,
date_str_irregular STRING COMMENT &#039;字符串日期(非标准格式，如20260204)，强转DATE&#039;,
id INT COMMENT &#039;主键ID&#039;,
user_name VARCHAR(50) COMMENT &#039;用户名&#039;,
age TINYINT COMMENT &#039;年龄&#039;,
phone BIGINT COMMENT &#039;手机号&#039;,
email STRING COMMENT &#039;邮箱&#039;,
salary DECIMAL(10,2) COMMENT &#039;薪资&#039;,
is_active BOOLEAN COMMENT &#039;是否激活&#039;,
address STRING COMMENT &#039;地址&#039;,
score FLOAT COMMENT &#039;评分&#039;,
total_amount DOUBLE COMMENT &#039;总金额&#039;
) COMMENT &#039;时效性校验表&#039;;
INSERT INTO tableA (
create_date,
update_datetime,
work_time,
sync_timestamp,
date_str_ymd,
date_str_ymd_hms,
date_str_mdy,
date_str_ymd_hms_ms,
date_str_irregular,
id,
user_name,
age,
phone,
email,
salary,
is_active,
address,
score,
total_amount
)
VALUES
-- 第一行数据
(
&#039;2026-02-04&#039;,                     -- DATE 类型
&#039;2026-02-04 09:30:15&#039;,            -- DATETIME 类型
&#039;08:00:00&#039;,                       -- TIME 类型
&#039;2026-02-04 09:30:15&#039;,            -- TIMESTAMP 类型
&#039;2026-02-04&#039;,                     -- 字符串日期
&#039;2026-02-04 09:30:15&#039;,            -- 字符串日期时间
&#039;08:00:00&#039;,                       -- 字符串时间
&#039;2026-02-04 09:30:15.123&#039;,        -- 带毫秒的字符串
&#039;20260204&#039;,                       -- 非标准字符串
1,                                -- INT 类型
&#039;张三&#039;,                           -- VARCHAR/STRING 类型
25,                               -- TINYINT 类型
13800138000,                      -- BIGINT 类型
&#039;zhangsan@example.com&#039;,           -- STRING 类型
8500.50,                          -- DECIMAL 类型
TRUE,                             -- BOOLEAN 类型
&#039;北京市朝阳区XX路88号&#039;,           -- STRING 类型
95.5,                             -- FLOAT 类型
125000.75                         -- DOUBLE 类型
),
-- 第二行数据
(
&#039;2026-02-05&#039;,
&#039;2026-02-05 14:20:30&#039;,
&#039;09:15:00&#039;,
&#039;2026-02-05 14:20:30&#039;,
&#039;2026-02-05&#039;,
&#039;2026-02-05 14:20:30&#039;,
&#039;09:15:00&#039;,
&#039;2026-02-05 14:20:30.456&#039;,
&#039;20260205&#039;,
2,
&#039;李四&#039;,
30,
13900139000,
&#039;lisi@example.com&#039;,
9800.00,
FALSE,
&#039;上海市浦东新区XX街66号&#039;,
88.8,
189000.99
),
-- 第三行数据
(
&#039;2026-02-06&#039;,
&#039;2026-02-06 18:45:20&#039;,
&#039;10:30:00&#039;,
&#039;2026-02-06 18:45:20&#039;,
&#039;2026-02-06&#039;,
&#039;2026-02-06 18:45:20&#039;,
&#039;10:30:00&#039;,
&#039;2026-02-06 18:45:20.789&#039;,
&#039;20260206&#039;,
3,
&#039;王五&#039;,
28,
13700137000,
&#039;wangwu@example.com&#039;,
7999.99,
TRUE,
&#039;广州市天河区XX大道99号&#039;,
92.0,
98500.50
);","1. 进入「资产-数据质量-规则任务配置-监控对象」页面
2. 「规则名称」输入「test_rule」
「选择数据源」选择「${DATASOURCE}」
「选择数据库」选择「${DATABASE}」
「选择数据表」选择「${TABLE}」
3. 「监控规则」配置如下：
「监控规则」新增「时效性校验」
「字段」选择为「 update_datetime」
「统计函数」选择「周期性校验（单字段时间差校验）」
「过滤条件」设置为「id<100」
「选择排序字段」为「 update_datetime」
「时间差」选择为「=1秒」
「强弱规则」选择「弱规则」
「规则描述」输入「测试规则」
4. 配置「调度属性」，保存规则，且「调度属性」中配置「规则报告」为最新结果
5. 临时运行规则，查看实例详情及质量报告","1. 页面正常打开
2. 监控对象配置成功；
进入「监控规则」配置页
3. 监控规则配置完成；
进入「调度属性」页面
4. 规则保存成功
5. 实例运行结果符合预期，且实例详情展示正确，质量报告展示正确","1. 
2. 
3. 
4. 
5.","","2","功能测试","功能测试阶段","正常","0","1","5","通过","听筠","2026-02-09","","0000-00-00","1","",""
"179143","数据资产_STD(#23)","/版本迭代测试用例/v6.4.8/【内置规则丰富】时效性，周期性，同一个字段的时间差校验(#10181)","【岚图】【内置规则丰富】时效性，周期性，同一个字段的时间差校验(#15527)","验证「内置规则」-「时效性」-「单字段时间差校验」-「datetime类型」校验通过功能","已存在spark表A
CREATE TABLE IF NOT EXISTS tableA (
create_date DATE COMMENT &#039;日期类型&#039;,
update_datetime DATETIME COMMENT &#039;日期时间类型&#039;,
work_time TIME COMMENT &#039;时间类型&#039;,
sync_timestamp TIMESTAMP COMMENT &#039;时间戳类型&#039;,
date_str_ymd STRING COMMENT &#039;字符串日期(yyyy-MM-dd)，强转DATE&#039;,
date_str_ymd_hms STRING COMMENT &#039;字符串日期时间(yyyy-MM-dd HH:mm:ss)，强转DATETIME&#039;,
date_str_mdy STRING COMMENT &#039;字符串时间(HH:MM:SS)，强转TIME&#039;,
date_str_ymd_hms_ms STRING COMMENT &#039;字符串日期时间(yyyy-MM-dd HH:mm:ss.SSS)，强转TIMESTAMP&#039;,
date_str_irregular STRING COMMENT &#039;字符串日期(非标准格式，如20260204)，强转DATE&#039;,
id INT COMMENT &#039;主键ID&#039;,
user_name VARCHAR(50) COMMENT &#039;用户名&#039;,
age TINYINT COMMENT &#039;年龄&#039;,
phone BIGINT COMMENT &#039;手机号&#039;,
email STRING COMMENT &#039;邮箱&#039;,
salary DECIMAL(10,2) COMMENT &#039;薪资&#039;,
is_active BOOLEAN COMMENT &#039;是否激活&#039;,
address STRING COMMENT &#039;地址&#039;,
score FLOAT COMMENT &#039;评分&#039;,
total_amount DOUBLE COMMENT &#039;总金额&#039;
) COMMENT &#039;时效性校验表&#039;;
INSERT INTO tableA (
create_date,
update_datetime,
work_time,
sync_timestamp,
date_str_ymd,
date_str_ymd_hms,
date_str_mdy,
date_str_ymd_hms_ms,
date_str_irregular,
id,
user_name,
age,
phone,
email,
salary,
is_active,
address,
score,
total_amount
)
VALUES
-- 第一行数据
(
&#039;2026-02-04&#039;,                     -- DATE 类型
&#039;2026-02-04 09:30:15&#039;,            -- DATETIME 类型
&#039;08:00:00&#039;,                       -- TIME 类型
&#039;2026-02-04 09:30:15&#039;,            -- TIMESTAMP 类型
&#039;2026-02-04&#039;,                     -- 字符串日期
&#039;2026-02-04 09:30:15&#039;,            -- 字符串日期时间
&#039;08:00:00&#039;,                       -- 字符串时间
&#039;2026-02-04 09:30:15.123&#039;,        -- 带毫秒的字符串
&#039;20260204&#039;,                       -- 非标准字符串
1,                                -- INT 类型
&#039;张三&#039;,                           -- VARCHAR/STRING 类型
25,                               -- TINYINT 类型
13800138000,                      -- BIGINT 类型
&#039;zhangsan@example.com&#039;,           -- STRING 类型
8500.50,                          -- DECIMAL 类型
TRUE,                             -- BOOLEAN 类型
&#039;北京市朝阳区XX路88号&#039;,           -- STRING 类型
95.5,                             -- FLOAT 类型
125000.75                         -- DOUBLE 类型
),
-- 第二行数据
(
&#039;2026-02-05&#039;,
&#039;2026-02-05 14:20:30&#039;,
&#039;09:15:00&#039;,
&#039;2026-02-05 14:20:30&#039;,
&#039;2026-02-05&#039;,
&#039;2026-02-05 14:20:30&#039;,
&#039;09:15:00&#039;,
&#039;2026-02-05 14:20:30.456&#039;,
&#039;20260205&#039;,
2,
&#039;李四&#039;,
30,
13900139000,
&#039;lisi@example.com&#039;,
9800.00,
FALSE,
&#039;上海市浦东新区XX街66号&#039;,
88.8,
189000.99
),
-- 第三行数据
(
&#039;2026-02-06&#039;,
&#039;2026-02-06 18:45:20&#039;,
&#039;10:30:00&#039;,
&#039;2026-02-06 18:45:20&#039;,
&#039;2026-02-06&#039;,
&#039;2026-02-06 18:45:20&#039;,
&#039;10:30:00&#039;,
&#039;2026-02-06 18:45:20.789&#039;,
&#039;20260206&#039;,
3,
&#039;王五&#039;,
28,
13700137000,
&#039;wangwu@example.com&#039;,
7999.99,
TRUE,
&#039;广州市天河区XX大道99号&#039;,
92.0,
98500.50
);","1. 进入「资产-数据质量-规则任务配置-监控对象」页面
2. 「规则名称」输入「test_rule」
「选择数据源」选择「${DATASOURCE}」
「选择数据库」选择「${DATABASE}」
「选择数据表」选择「${TABLE}」
3. 「监控规则」配置如下：
「监控规则」新增「时效性校验」
「字段」选择为「 update_datetime」
「统计函数」选择「周期性校验（单字段时间差校验）」
「过滤条件」设置为「id<100」
「选择排序字段」为「 update_datetime」
「时间差」选择为「>=1秒」
「强弱规则」选择「弱规则」
「规则描述」输入「测试规则」
4. 配置「调度属性」，保存规则，且「调度属性」中配置「规则报告」为最新结果
5. 临时运行规则，查看实例详情及质量报告","1. 页面正常打开
2. 监控对象配置成功；
进入「监控规则」配置页
3. 监控规则配置完成；
进入「调度属性」页面
4. 规则保存成功
5. 实例运行结果符合预期，且实例详情展示正确，质量报告展示正确","1. 
2. 
3. 
4. 
5.","","2","功能测试","功能测试阶段","正常","0","1","5","通过","听筠","2026-02-09","","0000-00-00","1","",""
"179142","数据资产_STD(#23)","/版本迭代测试用例/v6.4.8/【内置规则丰富】时效性，周期性，同一个字段的时间差校验(#10181)","【岚图】【内置规则丰富】时效性，周期性，同一个字段的时间差校验(#15527)","验证「内置规则」-「时效性」-「单字段时间差校验」-「不同格式的date类型」校验功能","已存在spark表A
CREATE TABLE IF NOT EXISTS tableA (
create_date DATE COMMENT &#039;日期类型&#039;,
update_datetime DATETIME COMMENT &#039;日期时间类型&#039;,
work_time TIME COMMENT &#039;时间类型&#039;,
sync_timestamp TIMESTAMP COMMENT &#039;时间戳类型&#039;,
date_str_ymd STRING COMMENT &#039;字符串日期(yyyy-MM-dd)，强转DATE&#039;,
date_str_ymd_hms STRING COMMENT &#039;字符串日期时间(yyyy-MM-dd HH:mm:ss)，强转DATETIME&#039;,
date_str_mdy STRING COMMENT &#039;字符串时间(HH:MM:SS)，强转TIME&#039;,
date_str_ymd_hms_ms STRING COMMENT &#039;字符串日期时间(yyyy-MM-dd HH:mm:ss.SSS)，强转TIMESTAMP&#039;,
date_str_irregular STRING COMMENT &#039;字符串日期(非标准格式，如20260204)，强转DATE&#039;,
id INT COMMENT &#039;主键ID&#039;,
user_name VARCHAR(50) COMMENT &#039;用户名&#039;,
age TINYINT COMMENT &#039;年龄&#039;,
phone BIGINT COMMENT &#039;手机号&#039;,
email STRING COMMENT &#039;邮箱&#039;,
salary DECIMAL(10,2) COMMENT &#039;薪资&#039;,
is_active BOOLEAN COMMENT &#039;是否激活&#039;,
address STRING COMMENT &#039;地址&#039;,
score FLOAT COMMENT &#039;评分&#039;,
total_amount DOUBLE COMMENT &#039;总金额&#039;
) COMMENT &#039;时效性校验表&#039;;
INSERT INTO tableA (
create_date,
update_datetime,
work_time,
sync_timestamp,
date_str_ymd,
date_str_ymd_hms,
date_str_mdy,
date_str_ymd_hms_ms,
date_str_irregular,
id,
user_name,
age,
phone,
email,
salary,
is_active,
address,
score,
total_amount
)
VALUES
-- 第一行数据
(
&#039;2026-02-04&#039;,                     -- DATE 类型
&#039;2026-02-04 09:30:15&#039;,            -- DATETIME 类型
&#039;08:00:00&#039;,                       -- TIME 类型
&#039;2026-02-04 09:30:15&#039;,            -- TIMESTAMP 类型
&#039;2026-02-04&#039;,                     -- 字符串日期
&#039;2026-02-04 09:30:15&#039;,            -- 字符串日期时间
&#039;08:00:00&#039;,                       -- 字符串时间
&#039;2026-02-04 09:30:15.123&#039;,        -- 带毫秒的字符串
&#039;20260204&#039;,                       -- 非标准字符串
1,                                -- INT 类型
&#039;张三&#039;,                           -- VARCHAR/STRING 类型
25,                               -- TINYINT 类型
13800138000,                      -- BIGINT 类型
&#039;zhangsan@example.com&#039;,           -- STRING 类型
8500.50,                          -- DECIMAL 类型
TRUE,                             -- BOOLEAN 类型
&#039;北京市朝阳区XX路88号&#039;,           -- STRING 类型
95.5,                             -- FLOAT 类型
125000.75                         -- DOUBLE 类型
),
-- 第二行数据
(
&#039;2026-02-05&#039;,
&#039;2026-02-05 14:20:30&#039;,
&#039;09:15:00&#039;,
&#039;2026-02-05 14:20:30&#039;,
&#039;2026-02-05&#039;,
&#039;2026-02-05 14:20:30&#039;,
&#039;09:15:00&#039;,
&#039;2026-02-05 14:20:30.456&#039;,
&#039;20260205&#039;,
2,
&#039;李四&#039;,
30,
13900139000,
&#039;lisi@example.com&#039;,
9800.00,
FALSE,
&#039;上海市浦东新区XX街66号&#039;,
88.8,
189000.99
),
-- 第三行数据
(
&#039;2026-02-06&#039;,
&#039;2026-02-06 18:45:20&#039;,
&#039;10:30:00&#039;,
&#039;2026-02-06 18:45:20&#039;,
&#039;2026-02-06&#039;,
&#039;2026-02-06 18:45:20&#039;,
&#039;10:30:00&#039;,
&#039;2026-02-06 18:45:20.789&#039;,
&#039;20260206&#039;,
3,
&#039;王五&#039;,
28,
13700137000,
&#039;wangwu@example.com&#039;,
7999.99,
TRUE,
&#039;广州市天河区XX大道99号&#039;,
92.0,
98500.50
);","1. 进入「资产-数据质量-规则任务配置-监控对象」页面
2. 「规则名称」输入「test_rule」
「选择数据源」选择「${DATASOURCE}」
「选择数据库」选择「${DATABASE}」
「选择数据表」选择「${TABLE}」
3. 「监控规则1」配置如下：（yyyy-MM-dd）
「监控规则」新增「时效性校验」
「字段」选择为「 create_date」
「统计函数」选择「周期性校验（单字段时间差校验）」
「过滤条件」设置为「id<100」
「选择排序字段」为「create_date」
「时间差」选择为「<=1天」
「强弱规则」选择「弱规则」
「规则描述」输入「测试规则」
4. 「监控规则2」配置如下：（yyyyMMdd）
「监控规则」新增「时效性校验」
「字段」选择为「 create_date」
「统计函数」选择「周期性校验（单字段时间差校验）」
「过滤条件」设置为「id<100」
「选择排序字段」为「create_date」
「时间差」选择为「<=1天」
「强弱规则」选择「弱规则」
「规则描述」输入「测试规则」
5. 「监控规则3」配置如下：（yyyy/MM/dd）
「监控规则」新增「时效性校验」
「字段」选择为「  create_date」
「统计函数」选择「周期性校验（单字段时间差校验）」
「过滤条件」设置为「id<100」
「选择排序字段」为「 create_date」
「时间差」选择为「<=1天」
「强弱规则」选择「弱规则」
「规则描述」输入「测试规则」
6. 「监控规则4」配置如下：（yy-MM-dd）
「监控规则」新增「时效性校验」
「字段」选择为「 create_date」
「统计函数」选择「周期性校验（单字段时间差校验）」
「过滤条件」设置为「id<100」
「选择排序字段」为「create_date」
「时间差」选择为「<=1天」
「强弱规则」选择「弱规则」
「规则描述」输入「测试规则」
7. 配置「调度属性」，保存规则，且「调度属性」中配置「规则报告」为最新结果
8. 临时运行规则，查看实例详情及质量报告","1. 页面正常打开
2. 监控对象配置成功；
进入「监控规则」配置页
3. 监控规则配置完成；
进入「调度属性」页面
4. 监控规则配置完成；
进入「调度属性」页面
5. 监控规则配置完成；
进入「调度属性」页面
6. 监控规则配置完成；
进入「调度属性」页面
7. 规则保存成功
8. 实例运行结果符合预期，且实例详情展示正确，质量报告展示正确","1. 
2. 
3. 
4. 
5. 
6. 
7. 
8. 除（yyyy-MM-dd）格式，其他非标准格式不支持","","3","功能测试","功能测试阶段","正常","0","1","8","通过","听筠","2026-02-09","","0000-00-00","1","",""
"179141","数据资产_STD(#23)","/版本迭代测试用例/v6.4.8/【内置规则丰富】时效性，周期性，同一个字段的时间差校验(#10181)","【岚图】【内置规则丰富】时效性，周期性，同一个字段的时间差校验(#15527)","验证「内置规则」-「时效性」-「单字段时间差校验」-「date类型」校验不通过功能","<p>已存在spark表A</p>
<p>CREATE TABLE IF NOT EXISTS<br /> tableA (<br /> create_date DATE COMMENT &#039;日期类型&#039;,<br /> update_datetime TIMESTAMP COMMENT &#039;日期时间类型（替代原DATETIME）&#039;,<br /> work_time STRING COMMENT &#039;时间类型（Spark无TIME类型，用STRING存储HH:mm:ss）&#039;,<br /> sync_timestamp TIMESTAMP COMMENT &#039;时间戳类型&#039;,<br /> date_str_ymd STRING COMMENT &#039;字符串日期(yyyy-MM-dd)，强转DATE&#039;,<br /> date_str_ymd_hms STRING COMMENT &#039;字符串日期时间(yyyy-MM-dd HH:mm:ss)，强转TIMESTAMP&#039;,<br /> date_str_mdy STRING COMMENT &#039;字符串时间(HH:mm:ss)，强转STRING（Spark无TIME类型）&#039;,<br /> date_str_ymd_hms_ms STRING COMMENT &#039;字符串日期时间(yyyy-MM-dd HH:mm:ss.SSS)，强转TIMESTAMP&#039;,<br /> date_str_irregular STRING COMMENT &#039;字符串日期(非标准格式，如20260204)，强转DATE&#039;,<br /> id INT COMMENT &#039;主键ID&#039;,<br /> user_name STRING COMMENT &#039;用户名（Spark中VARCHAR等价于STRING）&#039;,<br /> age TINYINT COMMENT &#039;年龄&#039;,<br /> phone BIGINT COMMENT &#039;手机号&#039;,<br /> email STRING COMMENT &#039;邮箱&#039;,<br /> salary DECIMAL(10, 2) COMMENT &#039;薪资&#039;,<br /> is_active BOOLEAN COMMENT &#039;是否激活&#039;,<br /> address STRING COMMENT &#039;地址&#039;,<br /> score FLOAT COMMENT &#039;评分&#039;,<br /> total_amount DOUBLE COMMENT &#039;总金额&#039;<br /> ) COMMENT &#039;时效性校验表&#039;;<br /><br />INSERT INTO tableA (<br /> create_date,<br /> update_datetime,<br /> work_time,<br /> sync_timestamp,<br /> date_str_ymd,<br /> date_str_ymd_hms,<br /> date_str_mdy,<br /> date_str_ymd_hms_ms,<br /> date_str_irregular,<br /> id,<br /> user_name,<br /> age,<br /> phone,<br /> email,<br /> salary,<br /> is_active,<br /> address,<br /> score,<br /> total_amount<br />)<br />VALUES<br /> (<br /> DATE &#039;2026-02-26&#039;,<br /> TIMESTAMP &#039;2026-02-26 09:45:17&#039;,<br /> &#039;08:30:00&#039;,<br /> CURRENT_TIMESTAMP(),<br /> &#039;2026-02-26&#039;,<br /> &#039;2026-02-26 09:45:17&#039;,<br /> &#039;18:20:30&#039;,<br /> &#039;2026-02-26 09:45:17.123&#039;,<br /> &#039;20260226&#039;,<br /> 1,<br /> &#039;zhangsan&#039;,<br /> 25,<br /> 13800138000,<br /> &#039;zhangsan@example.com&#039;,<br /> 15000.50,<br /> TRUE,<br /> &#039;北京市海淀区中关村&#039;,<br /> 95.5,<br /> 123456.789<br /> ),<br /> (<br /> DATE &#039;2026-01-01&#039;,<br /> TIMESTAMP &#039;2026-12-31 23:59:59&#039;,<br /> &#039;23:59:59&#039;,<br /> TIMESTAMP &#039;2026-02-26 12:00:00&#039;,<br /> &#039;2026-01-01&#039;,<br /> &#039;2026-12-31 23:59:59&#039;,<br /> &#039;00:00:00&#039;,<br /> &#039;2026-02-26 12:34:56.789&#039;,<br /> &#039;20260101&#039;,<br /> 2,<br /> &#039;lisi&#039;,<br /> 30,<br /> 13900139000,<br /> &#039;lisi@example.com&#039;,<br /> 20000.00,<br /> FALSE,<br /> &#039;上海市浦东新区陆家嘴&#039;,<br /> 88.8,<br /> 987654.321<br /> ),<br /> (<br /> DATE &#039;1970-01-01&#039;,<br /> TIMESTAMP &#039;1970-01-01 00:00:00&#039;,<br /> &#039;&#039;,<br /> NULL,<br /> &#039;&#039;,<br /> &#039;&#039;,<br /> &#039;&#039;,<br /> &#039;&#039;,<br /> &#039;20260204&#039;,<br /> 3,<br /> &#039;&#039;,<br /> 0,<br /> 0,<br /> &#039;&#039;,<br /> 0.00,<br /> NULL,<br /> &#039;&#039;,<br /> 0.0,<br /> 0.0<br /> );</p>","1. 进入「资产-数据质量-规则任务配置-监控对象」页面
2. 「规则名称」输入「test_rule」
「选择数据源」选择「${DATASOURCE}」
「选择数据库」选择「${DATABASE}」
「选择数据表」选择「${TABLE}」
3. 「监控规则」配置如下：
「监控规则」新增「时效性校验」
「字段」选择为「 create_date」
「统计函数」选择「周期性校验（单字段时间差校验）」
「过滤条件」设置为「id<100」
「选择排序字段」为「 create_date」
「时间差」选择为「<=1毫秒」
「强弱规则」选择「弱规则」
「规则描述」输入「测试规则」
4. 配置「调度属性」，保存规则，且「调度属性」中配置「规则报告」为最新结果
5. 临时运行规则，查看实例详情及质量报告","1. 页面正常打开
2. 监控对象配置成功；
进入「监控规则」配置页
3. 监控规则配置完成；
进入「调度属性」页面
4. 规则保存成功
5. 实例运行结果符合预期，且实例详情展示正确，质量报告展示正确","1. 
2. 
3. 
4. 
5.","","1","功能测试","功能测试阶段","正常","0","3","5","通过","听筠","2026-02-09","听筠","2026-02-26","1","",""
"179140","数据资产_STD(#23)","/版本迭代测试用例/v6.4.8/【内置规则丰富】时效性，周期性，同一个字段的时间差校验(#10181)","【岚图】【内置规则丰富】时效性，周期性，同一个字段的时间差校验(#15527)","验证「内置规则」-「时效性」-「单字段时间差校验」-「date类型」校验通过功能","<p>已存在spark表A</p>
<p>CREATE TABLE IF NOT EXISTS<br /> tableA (<br /> create_date DATE COMMENT &#039;日期类型&#039;,<br /> update_datetime TIMESTAMP COMMENT &#039;日期时间类型（替代原DATETIME）&#039;,<br /> work_time STRING COMMENT &#039;时间类型（Spark无TIME类型，用STRING存储HH:mm:ss）&#039;,<br /> sync_timestamp TIMESTAMP COMMENT &#039;时间戳类型&#039;,<br /> date_str_ymd STRING COMMENT &#039;字符串日期(yyyy-MM-dd)，强转DATE&#039;,<br /> date_str_ymd_hms STRING COMMENT &#039;字符串日期时间(yyyy-MM-dd HH:mm:ss)，强转TIMESTAMP&#039;,<br /> date_str_mdy STRING COMMENT &#039;字符串时间(HH:mm:ss)，强转STRING（Spark无TIME类型）&#039;,<br /> date_str_ymd_hms_ms STRING COMMENT &#039;字符串日期时间(yyyy-MM-dd HH:mm:ss.SSS)，强转TIMESTAMP&#039;,<br /> date_str_irregular STRING COMMENT &#039;字符串日期(非标准格式，如20260204)，强转DATE&#039;,<br /> id INT COMMENT &#039;主键ID&#039;,<br /> user_name STRING COMMENT &#039;用户名（Spark中VARCHAR等价于STRING）&#039;,<br /> age TINYINT COMMENT &#039;年龄&#039;,<br /> phone BIGINT COMMENT &#039;手机号&#039;,<br /> email STRING COMMENT &#039;邮箱&#039;,<br /> salary DECIMAL(10, 2) COMMENT &#039;薪资&#039;,<br /> is_active BOOLEAN COMMENT &#039;是否激活&#039;,<br /> address STRING COMMENT &#039;地址&#039;,<br /> score FLOAT COMMENT &#039;评分&#039;,<br /> total_amount DOUBLE COMMENT &#039;总金额&#039;<br /> ) COMMENT &#039;时效性校验表&#039;;<br /><br />INSERT INTO tableA (<br /> create_date,<br /> update_datetime,<br /> work_time,<br /> sync_timestamp,<br /> date_str_ymd,<br /> date_str_ymd_hms,<br /> date_str_mdy,<br /> date_str_ymd_hms_ms,<br /> date_str_irregular,<br /> id,<br /> user_name,<br /> age,<br /> phone,<br /> email,<br /> salary,<br /> is_active,<br /> address,<br /> score,<br /> total_amount<br />)<br />VALUES<br /> (<br /> DATE &#039;2026-02-26&#039;,<br /> TIMESTAMP &#039;2026-02-26 09:45:17&#039;,<br /> &#039;08:30:00&#039;,<br /> CURRENT_TIMESTAMP(),<br /> &#039;2026-02-26&#039;,<br /> &#039;2026-02-26 09:45:17&#039;,<br /> &#039;18:20:30&#039;,<br /> &#039;2026-02-26 09:45:17.123&#039;,<br /> &#039;20260226&#039;,<br /> 1,<br /> &#039;zhangsan&#039;,<br /> 25,<br /> 13800138000,<br /> &#039;zhangsan@example.com&#039;,<br /> 15000.50,<br /> TRUE,<br /> &#039;北京市海淀区中关村&#039;,<br /> 95.5,<br /> 123456.789<br /> ),<br /> (<br /> DATE &#039;2026-01-01&#039;,<br /> TIMESTAMP &#039;2026-12-31 23:59:59&#039;,<br /> &#039;23:59:59&#039;,<br /> TIMESTAMP &#039;2026-02-26 12:00:00&#039;,<br /> &#039;2026-01-01&#039;,<br /> &#039;2026-12-31 23:59:59&#039;,<br /> &#039;00:00:00&#039;,<br /> &#039;2026-02-26 12:34:56.789&#039;,<br /> &#039;20260101&#039;,<br /> 2,<br /> &#039;lisi&#039;,<br /> 30,<br /> 13900139000,<br /> &#039;lisi@example.com&#039;,<br /> 20000.00,<br /> FALSE,<br /> &#039;上海市浦东新区陆家嘴&#039;,<br /> 88.8,<br /> 987654.321<br /> ),<br /> (<br /> DATE &#039;1970-01-01&#039;,<br /> TIMESTAMP &#039;1970-01-01 00:00:00&#039;,<br /> &#039;&#039;,<br /> NULL,<br /> &#039;&#039;,<br /> &#039;&#039;,<br /> &#039;&#039;,<br /> &#039;&#039;,<br /> &#039;20260204&#039;,<br /> 3,<br /> &#039;&#039;,<br /> 0,<br /> 0,<br /> &#039;&#039;,<br /> 0.00,<br /> NULL,<br /> &#039;&#039;,<br /> 0.0,<br /> 0.0<br /> );</p>","1. 进入「资产-数据质量-规则任务配置-监控对象」页面
2. 「规则名称」输入「test_rule」
「选择数据源」选择「${DATASOURCE}」
「选择数据库」选择「${DATABASE}」
「选择数据表」选择「${TABLE}」
3. 「监控规则」配置如下：
「监控规则」新增「时效性校验」
「字段」选择为「 create_date」
「统计函数」选择「周期性校验（单字段时间差校验）」
「过滤条件」设置为「id<100」
「选择排序字段」为「 create_date」
「时间差」选择为「<=1天」
「强弱规则」选择「弱规则」
「规则描述」输入「测试规则」
4. 配置「调度属性」，保存规则，且「调度属性」中配置「规则报告」为最新结果
5. 临时运行规则，查看实例详情及质量报告","1. 页面正常打开
2. 监控对象配置成功；
进入「监控规则」配置页
3. 监控规则配置完成；
进入「调度属性」页面
4. 规则保存成功
5. 实例运行结果符合预期，且实例详情展示正确，质量报告展示正确","1. 
2. 
3. 
4. 
5.","","1","功能测试","功能测试阶段","正常","0","3","5","通过","听筠","2026-02-09","听筠","2026-02-26","1","",""
"179139","数据资产_STD(#23)","/版本迭代测试用例/v6.4.8/【内置规则丰富】时效性，周期性，同一个字段的时间差校验(#10181)","【岚图】【内置规则丰富】时效性，周期性，同一个字段的时间差校验(#15527)","验证「监控规则」-「时效性校验」-「单字段时间差校验」区域详情正确","已存在spark表A
CREATE TABLE IF NOT EXISTS tableA (
create_date DATE COMMENT &#039;日期类型&#039;,
update_datetime DATETIME COMMENT &#039;日期时间类型&#039;,
work_time TIME COMMENT &#039;时间类型&#039;,
sync_timestamp TIMESTAMP COMMENT &#039;时间戳类型&#039;,
date_str_ymd STRING COMMENT &#039;字符串日期(yyyy-MM-dd)，强转DATE&#039;,
date_str_ymd_hms STRING COMMENT &#039;字符串日期时间(yyyy-MM-dd HH:mm:ss)，强转DATETIME&#039;,
date_str_mdy STRING COMMENT &#039;字符串时间(HH:MM:SS)，强转TIME&#039;,
date_str_ymd_hms_ms STRING COMMENT &#039;字符串日期时间(yyyy-MM-dd HH:mm:ss.SSS)，强转TIMESTAMP&#039;,
date_str_irregular STRING COMMENT &#039;字符串日期(非标准格式，如20260204)，强转DATE&#039;,
id INT COMMENT &#039;主键ID&#039;,
user_name VARCHAR(50) COMMENT &#039;用户名&#039;,
age TINYINT COMMENT &#039;年龄&#039;,
phone BIGINT COMMENT &#039;手机号&#039;,
email STRING COMMENT &#039;邮箱&#039;,
salary DECIMAL(10,2) COMMENT &#039;薪资&#039;,
is_active BOOLEAN COMMENT &#039;是否激活&#039;,
address STRING COMMENT &#039;地址&#039;,
score FLOAT COMMENT &#039;评分&#039;,
total_amount DOUBLE COMMENT &#039;总金额&#039;
) COMMENT &#039;时效性校验表&#039;;
INSERT INTO tableA (
create_date,
update_datetime,
work_time,
sync_timestamp,
date_str_ymd,
date_str_ymd_hms,
date_str_mdy,
date_str_ymd_hms_ms,
date_str_irregular,
id,
user_name,
age,
phone,
email,
salary,
is_active,
address,
score,
total_amount
)
VALUES
-- 第一行数据
(
&#039;2026-02-04&#039;,                     -- DATE 类型
&#039;2026-02-04 09:30:15&#039;,            -- DATETIME 类型
&#039;08:00:00&#039;,                       -- TIME 类型
&#039;2026-02-04 09:30:15&#039;,            -- TIMESTAMP 类型
&#039;2026-02-04&#039;,                     -- 字符串日期
&#039;2026-02-04 09:30:15&#039;,            -- 字符串日期时间
&#039;08:00:00&#039;,                       -- 字符串时间
&#039;2026-02-04 09:30:15.123&#039;,        -- 带毫秒的字符串
&#039;20260204&#039;,                       -- 非标准字符串
1,                                -- INT 类型
&#039;张三&#039;,                           -- VARCHAR/STRING 类型
25,                               -- TINYINT 类型
13800138000,                      -- BIGINT 类型
&#039;zhangsan@example.com&#039;,           -- STRING 类型
8500.50,                          -- DECIMAL 类型
TRUE,                             -- BOOLEAN 类型
&#039;北京市朝阳区XX路88号&#039;,           -- STRING 类型
95.5,                             -- FLOAT 类型
125000.75                         -- DOUBLE 类型
),
-- 第二行数据
(
&#039;2026-02-05&#039;,
&#039;2026-02-05 14:20:30&#039;,
&#039;09:15:00&#039;,
&#039;2026-02-05 14:20:30&#039;,
&#039;2026-02-05&#039;,
&#039;2026-02-05 14:20:30&#039;,
&#039;09:15:00&#039;,
&#039;2026-02-05 14:20:30.456&#039;,
&#039;20260205&#039;,
2,
&#039;李四&#039;,
30,
13900139000,
&#039;lisi@example.com&#039;,
9800.00,
FALSE,
&#039;上海市浦东新区XX街66号&#039;,
88.8,
189000.99
),
-- 第三行数据
(
&#039;2026-02-06&#039;,
&#039;2026-02-06 18:45:20&#039;,
&#039;10:30:00&#039;,
&#039;2026-02-06 18:45:20&#039;,
&#039;2026-02-06&#039;,
&#039;2026-02-06 18:45:20&#039;,
&#039;10:30:00&#039;,
&#039;2026-02-06 18:45:20.789&#039;,
&#039;20260206&#039;,
3,
&#039;王五&#039;,
28,
13700137000,
&#039;wangwu@example.com&#039;,
7999.99,
TRUE,
&#039;广州市天河区XX大道99号&#039;,
92.0,
98500.50
);","1. 进入「资产-数据质量-规则任务配置-监控对象」页面
2. 「规则名称」输入「test_rule」
「选择数据源」选择「${DATASOURCE}」
「选择数据库」选择「${DATABASE}」
「选择数据表」选择「${TABLE}」
3. 点击【添加规则】按钮，选择「时效性校验」规则
4. 查看配置区域详情","1. 页面正常打开
2. 监控对象配置成功；
进入「监控规则」配置页
3. 选择成功，页面显示「时效性校验」规则配置区域
4. 包含：
1）「字段」，可选择对应数据表下的所有字段
2）「统计函数」，可选择「周期性校验（单字段时间差校验）」
3）「过滤条件」，可选择「选项配置」、「手动配置」
4）「选择排序字段」，可选择对应数据表下的所有字段
5）「时间差」，可配置「>/</>=/<=/=/!= xx 毫秒/秒/分钟/小时/天」
6）「强弱规则」，可选择「强/弱规则」
7）「规则描述」，可输入内容
8）「上一步」、「临时保存」和「下一步」按钮","1. 
2. 
3. 
4.","","2","功能测试","功能测试阶段","正常","0","1","4","通过","听筠","2026-02-09","听筠","2026-02-27","2","",""
"179138","数据资产_STD(#23)","/版本迭代测试用例/v6.4.8/【内置规则丰富】时效性，周期性，同一个字段的时间差校验(#10181)","【岚图】【内置规则丰富】时效性，周期性，同一个字段的时间差校验(#15527)","验证「监控规则」新增「时效性校验」规则类型","已存在spark表A<br /><br />CREATE TABLE IF NOT EXISTS<br />tableA (<br />create_date DATE COMMENT &#039;日期类型&#039;,<br />update_datetime TIMESTAMP COMMENT &#039;日期时间类型（替代原DATETIME）&#039;,<br />work_time STRING COMMENT &#039;时间类型（Spark无TIME类型，用STRING存储HH:mm:ss）&#039;,<br />sync_timestamp TIMESTAMP COMMENT &#039;时间戳类型&#039;,<br />date_str_ymd STRING COMMENT &#039;字符串日期(yyyy-MM-dd)，强转DATE&#039;,<br />date_str_ymd_hms STRING COMMENT &#039;字符串日期时间(yyyy-MM-dd HH:mm:ss)，强转TIMESTAMP&#039;,<br />date_str_mdy STRING COMMENT &#039;字符串时间(HH:mm:ss)，强转STRING（Spark无TIME类型）&#039;,<br />date_str_ymd_hms_ms STRING COMMENT &#039;字符串日期时间(yyyy-MM-dd HH:mm:ss.SSS)，强转TIMESTAMP&#039;,<br />date_str_irregular STRING COMMENT &#039;字符串日期(非标准格式，如20260204)，强转DATE&#039;,<br />id INT COMMENT &#039;主键ID&#039;,<br />user_name STRING COMMENT &#039;用户名（Spark中VARCHAR等价于STRING）&#039;,<br />age TINYINT COMMENT &#039;年龄&#039;,<br />phone BIGINT COMMENT &#039;手机号&#039;,<br />email STRING COMMENT &#039;邮箱&#039;,<br />salary DECIMAL(10, 2) COMMENT &#039;薪资&#039;,<br />is_active BOOLEAN COMMENT &#039;是否激活&#039;,<br />address STRING COMMENT &#039;地址&#039;,<br />score FLOAT COMMENT &#039;评分&#039;,<br />total_amount DOUBLE COMMENT &#039;总金额&#039;<br />) COMMENT &#039;时效性校验表&#039;;<br /><br />INSERT INTO tableA (<br /> create_date,<br /> update_datetime,<br /> work_time,<br /> sync_timestamp,<br /> date_str_ymd,<br /> date_str_ymd_hms,<br /> date_str_mdy,<br /> date_str_ymd_hms_ms,<br /> date_str_irregular,<br /> id,<br /> user_name,<br /> age,<br /> phone,<br /> email,<br /> salary,<br /> is_active,<br /> address,<br /> score,<br /> total_amount<br />)<br />VALUES<br /> (<br /> DATE &#039;2026-02-26&#039;,<br /> TIMESTAMP &#039;2026-02-26 09:45:17&#039;,<br /> &#039;08:30:00&#039;,<br /> CURRENT_TIMESTAMP(),<br /> &#039;2026-02-26&#039;,<br /> &#039;2026-02-26 09:45:17&#039;,<br /> &#039;18:20:30&#039;,<br /> &#039;2026-02-26 09:45:17.123&#039;,<br /> &#039;20260226&#039;,<br /> 1,<br /> &#039;zhangsan&#039;,<br /> 25,<br /> 13800138000,<br /> &#039;zhangsan@example.com&#039;,<br /> 15000.50,<br /> TRUE,<br /> &#039;北京市海淀区中关村&#039;,<br /> 95.5,<br /> 123456.789<br /> ),<br /> (<br /> DATE &#039;2026-01-01&#039;,<br /> TIMESTAMP &#039;2026-12-31 23:59:59&#039;,<br /> &#039;23:59:59&#039;,<br /> TIMESTAMP &#039;2026-02-26 12:00:00&#039;,<br /> &#039;2026-01-01&#039;,<br /> &#039;2026-12-31 23:59:59&#039;,<br /> &#039;00:00:00&#039;,<br /> &#039;2026-02-26 12:34:56.789&#039;,<br /> &#039;20260101&#039;,<br /> 2,<br /> &#039;lisi&#039;,<br /> 30,<br /> 13900139000,<br /> &#039;lisi@example.com&#039;,<br /> 20000.00,<br /> FALSE,<br /> &#039;上海市浦东新区陆家嘴&#039;,<br /> 88.8,<br /> 987654.321<br /> ),<br /> (<br /> DATE &#039;1970-01-01&#039;,<br /> TIMESTAMP &#039;1970-01-01 00:00:00&#039;,<br /> &#039;&#039;,<br /> NULL,<br /> &#039;&#039;,<br /> &#039;&#039;,<br /> &#039;&#039;,<br /> &#039;&#039;,<br /> &#039;20260204&#039;,<br /> 3,<br /> &#039;&#039;,<br /> 0,<br /> 0,<br /> &#039;&#039;,<br /> 0.00,<br /> NULL,<br /> &#039;&#039;,<br /> 0.0,<br /> 0.0<br /> );<br />","1. 进入「资产-数据质量-规则任务配置-监控对象」页面
2. 「规则名称」输入「test_rule」
「选择数据源」选择「${DATASOURCE}」
「选择数据库」选择「${DATABASE}」
「选择数据表」选择「${TABLE}」
3. 点击【添加规则】按钮
4. 选择「时效性校验」规则","1. 页面正常打开
2. 监控对象配置成功；
进入「监控规则」配置页
3. 新增「时效性校验」规则
4. 选择成功，页面显示「时效性校验」规则配置区域","1. 
2. 
3. 
4.","","1","功能测试","功能测试阶段","正常","0","2","4","通过","听筠","2026-02-09","听筠","2026-02-26","1","",""
"179132","数据资产_STD(#23)","/版本迭代测试用例/v6.4.8/【岚图】【规则集管理】支持每个数据表的规则集管理(#10193)","【岚图】【规则集管理】支持每个数据表的规则集管理(#15522)","校验结果查询 ❯ Hive2.x ❯ 验证删除规则集后, 对已配置过历史规则的任务不生效","建表语句如下:
=========================================================
-- 1. 建表语句 (DDL)
-- 表名: 岚图汽车销售双日期分区表
-- 分区: factory_date (出厂日期) / sale_date (出售日期)
-- =========================================================
DROP TABLE IF EXISTS dwd_voyah_vehicle_sales_dates;
CREATE TABLE IF NOT EXISTS dwd_voyah_vehicle_sales_dates (
order_id        STRING          COMMENT &#039;销售订单号&#039;,
vin             STRING          COMMENT &#039;车辆识别代码(VIN)&#039;,
car_model       STRING          COMMENT &#039;车型名称&#039;,
guide_price     DECIMAL(20,2)   COMMENT &#039;官方指导价&#039;,
final_price     DECIMAL(20,2)   COMMENT &#039;最终成交价&#039;,
dealer_name     STRING          COMMENT &#039;交付中心&#039;,
order_status    INT             COMMENT &#039;状态: 3-已交付&#039;
)
COMMENT &#039;岚图汽车销售表-用于规则配置测试&#039;
PARTITIONED BY (
factory_date    STRING          COMMENT &#039;一级分区: 出厂日期 yyyyMMdd&#039;,
sale_date       STRING          COMMENT &#039;二级分区: 出售日期 yyyyMMdd&#039;
)
STORED AS ORC
TBLPROPERTIES (&#039;orc.compress&#039;=&#039;SNAPPY&#039;);

-- =========================================================
-- 2. 数据插入语句 (DML) - 共10条数据
-- =========================================================

-- 【场景A：正常数据】 4条
-- 出厂: 20260115 -> 出售: 20260201 (产销周期约半个月，正常)
-- 用于测试：基础的分区扫描功能
INSERT INTO TABLE dwd_voyah_vehicle_sales_dates PARTITION (factory_date=&#039;20260115&#039;, sale_date=&#039;20260201&#039;)
VALUES
(&#039;ORD_20260201_001&#039;, &#039;LTV_FREE_001&#039;, &#039;岚图FREE&#039;, 266900.00, 261900.00, &#039;武汉交付中心&#039;, 3),
(&#039;ORD_20260201_002&#039;, &#039;LTV_DREAM_002&#039;, &#039;岚图梦想家&#039;, 369900.00, 365000.00, &#039;杭州交付中心&#039;, 3),
(&#039;ORD_20260201_003&#039;, &#039;LTV_PASSION_003&#039;, &#039;岚图追光&#039;, 252800.00, 252800.00, &#039;深圳交付中心&#039;, 3),
(&#039;ORD_20260201_004&#039;, &#039;LTV_FREE_004&#039;, &#039;岚图FREE&#039;, 266900.00, 260000.00, &#039;成都交付中心&#039;, 3);

-- 【场景B：库存积压】 3条
-- 出厂: 20251220 -> 出售: 20260201 (去年生产今年卖，跨年跨月)
-- 用于测试：手动输入分区范围查询 (例如 factory_date < &#039;20260101&#039;)
INSERT INTO TABLE dwd_voyah_vehicle_sales_dates PARTITION (factory_date=&#039;20251220&#039;, sale_date=&#039;20260201&#039;)
VALUES
(&#039;ORD_20260201_005&#039;, &#039;LTV_DREAM_OLD_01&#039;, &#039;岚图梦想家&#039;, 339900.00, 330000.00, &#039;武汉交付中心&#039;, 3),
(&#039;ORD_20260201_006&#039;, &#039;LTV_FREE_OLD_02&#039;, &#039;岚图FREE&#039;, 266900.00, 250000.00, &#039;上海交付中心&#039;, 3),
(&#039;ORD_20260201_007&#039;, &#039;LTV_PASSION_OLD_03&#039;, &#039;岚图追光&#039;, 252800.00, 248000.00, &#039;北京交付中心&#039;, 3);

-- 【场景C：逻辑脏数据】 2条
-- 出厂: 20260301 -> 出售: 20260201 (出厂日期晚于出售日期，逻辑错误)
-- 用于测试：质量规则校验 (WHERE factory_date > sale_date 应该触发告警)
INSERT INTO TABLE dwd_voyah_vehicle_sales_dates PARTITION (factory_date=&#039;20260301&#039;, sale_date=&#039;20260201&#039;)
VALUES
(&#039;ORD_ERR_001&#039;, &#039;LTV_FUTURE_001&#039;, &#039;岚图FREE&#039;, 266900.00, 266900.00, &#039;广州交付中心&#039;, 3),
(&#039;ORD_ERR_002&#039;, &#039;LTV_FUTURE_002&#039;, &#039;岚图梦想家&#039;, 369900.00, 369900.00, &#039;西安交付中心&#039;, 3);

-- 【场景D：极速产销】 1条
-- 出厂: 20260201 -> 出售: 20260201 (当天生产当天卖)
-- 用于测试：边界值校验
INSERT INTO TABLE dwd_voyah_vehicle_sales_dates PARTITION (factory_date=&#039;20260201&#039;, sale_date=&#039;20260201&#039;)
VALUES
(&#039;ORD_FAST_001&#039;, &#039;LTV_SPEED_001&#039;, &#039;岚图追光&#039;, 252800.00, 252800.00, &#039;武汉交付中心&#039;, 3);

-- 【场景E：字段级异常 (脏数据)】 4条
INSERT INTO TABLE dwd_voyah_vehicle_sales_dates PARTITION (factory_date=&#039;20260202&#039;, sale_date=&#039;20260202&#039;)
VALUES
-- 1. [NULL异常]: 车型名称为 NULL
(&#039;ORD_ERR_NULL&#039;, &#039;LTV_NULL_VAL&#039;, NULL, 266900.00, 260000.00, &#039;北京交付中心&#039;, 3),
-- 2. [空串异常]: 交付中心为 Empty String (&#039;&#039;)
(&#039;ORD_ERR_EMPTY&#039;, &#039;LTV_EMPTY_STR&#039;, &#039;岚图追光&#039;, 252800.00, 252800.00, &#039;&#039;, 3),
-- 3. [数值异常]: 最终成交价为负数 (-100.00)
(&#039;ORD_ERR_NEG&#039;, &#039;LTV_NEG_PRICE&#039;, &#039;岚图梦想家&#039;, 369900.00, -100.00, &#039;成都交付中心&#039;, 3),
-- 4. [空值异常]: VIN码为纯空格 (&#039;   &#039;), 且官方指导价丢失
(&#039;ORD_ERR_BLANK&#039;, &#039;   &#039;, &#039;岚图FREE&#039;, NULL, 0.00, &#039;重庆交付中心&#039;, 3);

-- 查询已创建的分区信息
SHOW PARTITIONS dwd_voyah_vehicle_sales_dates;


SELECT * FROM dwd_voyah_vehicle_sales_dates;","1. 进入【数据资产】-【数据质量】-【规则任务管理】页面
2. 新建监控规则, 配置如下:1) 监控对象: - 规则名称: rule01- 数据表: dwd_voyah_vehicle_sales_dates- 选择分区: /2) 监控规则: 引入规则包、规则类型(完整性校验)完整性校验: - 生效范围: 字段级- 字段: final_price- 统计函数: 字段取值校验- 期望值: >= 03) 调度属性:- 调度周期: 时- 生效日期: T~T+1- 间隔时间: 1小时- 其它默认- 实例生成方式: 「立即生成」
3. 新建监控规则, 配置监控对象(dwd_voyah_vehicle_sales_dates)后点击下一步
4. 引入规则包rule01中所有校验规则
5. 保存规则任务task01后, 立即执行
6. 删除规则集1
7. 重新运行历史规则任务task01, 在【校验结果查询】中查看运行状态","1. 进入成功
2. 配置成功
3. 进入【新建单表校验规则 ❯ 监控规则】配置页面
4. 引入成功, 配置参数正确
5. 任务运行成功, 校验结果正确: 校验不通过
6. 删除成功
7. 任务运行成功, 校验结果正确: 校验不通过","1. 
2. 
3. 
4. 
5. 
6. 
7.","","2","功能测试","功能测试阶段","正常","0","2","7","通过","向林","2026-02-06","向林","2026-02-06","1","",""
"179131","数据资产_STD(#23)","/版本迭代测试用例/v6.4.8/【岚图】【规则集管理】支持每个数据表的规则集管理(#10193)","【岚图】【规则集管理】支持每个数据表的规则集管理(#15522)","校验结果查询 ❯ Hive2.x ❯ 验证编辑规则集后, 对已配置过历史规则的任务不生效","建表语句如下:
=========================================================
-- 1. 建表语句 (DDL)
-- 表名: 岚图汽车销售双日期分区表
-- 分区: factory_date (出厂日期) / sale_date (出售日期)
-- =========================================================
DROP TABLE IF EXISTS dwd_voyah_vehicle_sales_dates;
CREATE TABLE IF NOT EXISTS dwd_voyah_vehicle_sales_dates (
order_id        STRING          COMMENT &#039;销售订单号&#039;,
vin             STRING          COMMENT &#039;车辆识别代码(VIN)&#039;,
car_model       STRING          COMMENT &#039;车型名称&#039;,
guide_price     DECIMAL(20,2)   COMMENT &#039;官方指导价&#039;,
final_price     DECIMAL(20,2)   COMMENT &#039;最终成交价&#039;,
dealer_name     STRING          COMMENT &#039;交付中心&#039;,
order_status    INT             COMMENT &#039;状态: 3-已交付&#039;
)
COMMENT &#039;岚图汽车销售表-用于规则配置测试&#039;
PARTITIONED BY (
factory_date    STRING          COMMENT &#039;一级分区: 出厂日期 yyyyMMdd&#039;,
sale_date       STRING          COMMENT &#039;二级分区: 出售日期 yyyyMMdd&#039;
)
STORED AS ORC
TBLPROPERTIES (&#039;orc.compress&#039;=&#039;SNAPPY&#039;);

-- =========================================================
-- 2. 数据插入语句 (DML) - 共10条数据
-- =========================================================

-- 【场景A：正常数据】 4条
-- 出厂: 20260115 -> 出售: 20260201 (产销周期约半个月，正常)
-- 用于测试：基础的分区扫描功能
INSERT INTO TABLE dwd_voyah_vehicle_sales_dates PARTITION (factory_date=&#039;20260115&#039;, sale_date=&#039;20260201&#039;)
VALUES
(&#039;ORD_20260201_001&#039;, &#039;LTV_FREE_001&#039;, &#039;岚图FREE&#039;, 266900.00, 261900.00, &#039;武汉交付中心&#039;, 3),
(&#039;ORD_20260201_002&#039;, &#039;LTV_DREAM_002&#039;, &#039;岚图梦想家&#039;, 369900.00, 365000.00, &#039;杭州交付中心&#039;, 3),
(&#039;ORD_20260201_003&#039;, &#039;LTV_PASSION_003&#039;, &#039;岚图追光&#039;, 252800.00, 252800.00, &#039;深圳交付中心&#039;, 3),
(&#039;ORD_20260201_004&#039;, &#039;LTV_FREE_004&#039;, &#039;岚图FREE&#039;, 266900.00, 260000.00, &#039;成都交付中心&#039;, 3);

-- 【场景B：库存积压】 3条
-- 出厂: 20251220 -> 出售: 20260201 (去年生产今年卖，跨年跨月)
-- 用于测试：手动输入分区范围查询 (例如 factory_date < &#039;20260101&#039;)
INSERT INTO TABLE dwd_voyah_vehicle_sales_dates PARTITION (factory_date=&#039;20251220&#039;, sale_date=&#039;20260201&#039;)
VALUES
(&#039;ORD_20260201_005&#039;, &#039;LTV_DREAM_OLD_01&#039;, &#039;岚图梦想家&#039;, 339900.00, 330000.00, &#039;武汉交付中心&#039;, 3),
(&#039;ORD_20260201_006&#039;, &#039;LTV_FREE_OLD_02&#039;, &#039;岚图FREE&#039;, 266900.00, 250000.00, &#039;上海交付中心&#039;, 3),
(&#039;ORD_20260201_007&#039;, &#039;LTV_PASSION_OLD_03&#039;, &#039;岚图追光&#039;, 252800.00, 248000.00, &#039;北京交付中心&#039;, 3);

-- 【场景C：逻辑脏数据】 2条
-- 出厂: 20260301 -> 出售: 20260201 (出厂日期晚于出售日期，逻辑错误)
-- 用于测试：质量规则校验 (WHERE factory_date > sale_date 应该触发告警)
INSERT INTO TABLE dwd_voyah_vehicle_sales_dates PARTITION (factory_date=&#039;20260301&#039;, sale_date=&#039;20260201&#039;)
VALUES
(&#039;ORD_ERR_001&#039;, &#039;LTV_FUTURE_001&#039;, &#039;岚图FREE&#039;, 266900.00, 266900.00, &#039;广州交付中心&#039;, 3),
(&#039;ORD_ERR_002&#039;, &#039;LTV_FUTURE_002&#039;, &#039;岚图梦想家&#039;, 369900.00, 369900.00, &#039;西安交付中心&#039;, 3);

-- 【场景D：极速产销】 1条
-- 出厂: 20260201 -> 出售: 20260201 (当天生产当天卖)
-- 用于测试：边界值校验
INSERT INTO TABLE dwd_voyah_vehicle_sales_dates PARTITION (factory_date=&#039;20260201&#039;, sale_date=&#039;20260201&#039;)
VALUES
(&#039;ORD_FAST_001&#039;, &#039;LTV_SPEED_001&#039;, &#039;岚图追光&#039;, 252800.00, 252800.00, &#039;武汉交付中心&#039;, 3);

-- 【场景E：字段级异常 (脏数据)】 4条
INSERT INTO TABLE dwd_voyah_vehicle_sales_dates PARTITION (factory_date=&#039;20260202&#039;, sale_date=&#039;20260202&#039;)
VALUES
-- 1. [NULL异常]: 车型名称为 NULL
(&#039;ORD_ERR_NULL&#039;, &#039;LTV_NULL_VAL&#039;, NULL, 266900.00, 260000.00, &#039;北京交付中心&#039;, 3),
-- 2. [空串异常]: 交付中心为 Empty String (&#039;&#039;)
(&#039;ORD_ERR_EMPTY&#039;, &#039;LTV_EMPTY_STR&#039;, &#039;岚图追光&#039;, 252800.00, 252800.00, &#039;&#039;, 3),
-- 3. [数值异常]: 最终成交价为负数 (-100.00)
(&#039;ORD_ERR_NEG&#039;, &#039;LTV_NEG_PRICE&#039;, &#039;岚图梦想家&#039;, 369900.00, -100.00, &#039;成都交付中心&#039;, 3),
-- 4. [空值异常]: VIN码为纯空格 (&#039;   &#039;), 且官方指导价丢失
(&#039;ORD_ERR_BLANK&#039;, &#039;   &#039;, &#039;岚图FREE&#039;, NULL, 0.00, &#039;重庆交付中心&#039;, 3);

-- 查询已创建的分区信息
SHOW PARTITIONS dwd_voyah_vehicle_sales_dates;


SELECT * FROM dwd_voyah_vehicle_sales_dates;","1. 进入【数据资产】-【数据质量】-【规则任务管理】页面
2. 新建监控规则, 配置如下:1) 监控对象: - 规则名称: rule01- 数据表: dwd_voyah_vehicle_sales_dates- 选择分区: /2) 监控规则: 引入规则包、规则类型(完整性校验)完整性校验: - 生效范围: 字段级- 字段: final_price- 统计函数: 字段取值校验- 期望值: >= 03) 调度属性:- 调度周期: 时- 生效日期: T~T+1- 间隔时间: 1小时- 其它默认- 实例生成方式: 「立即生成」
3. 新建监控规则, 配置监控对象(dwd_voyah_vehicle_sales_dates)后点击下一步
4. 引入规则包rule01中所有校验规则
5. 保存规则任务task01后, 立即执行
6. 修改【规则集-规则包rule01】中的校验规则:- 期望值: >= -200
7. 新建规则任务task02并立即执行:1) 监控对象: t2 (与dwd_voyah_vehicle_sales_dates同表结构同数据)2) 监控规则: rule01中的校验规则
8. 重新运行历史规则任务task01, 在【校验结果查询】中查看运行状态","1. 进入成功
2. 配置成功
3. 进入【新建单表校验规则 ❯ 监控规则】配置页面
4. 引入成功, 配置参数正确
5. 任务运行成功, 校验结果: 校验不通过
6. 配置成功
7. 任务运行成功, 校验结果: 校验通过
8. 任务运行成功, 校验结果: 校验不通过","1. 
2. 
3. 
4. 
5. 
6. 
7. 
8.","","2","功能测试","功能测试阶段","正常","0","1","8","通过","向林","2026-02-06","向林","2026-02-06","1","",""
"179130","数据资产_STD(#23)","/版本迭代测试用例/v6.4.8/【岚图】【规则集管理】支持每个数据表的规则集管理(#10193)","【岚图】【规则集管理】支持每个数据表的规则集管理(#15522)","校验结果查询 ❯ Hive2.x ❯ 验证规则任务配置规则包后校验正常(20规则包 * 1校验规则)","1) 已存在规则任务, 监控规则配置如下
监控对象:
- 规则名称: rule01
- 数据表: dwd_voyah_vehicle_sales_dates
- 选择已有分区: /

监控规则: 引入20规则包, 每个包含1个校验规则

1、完整性校验:
- 生效范围: 字段级
- 字段: vin
- 统计函数: 空串数
- 期望值: = 0

2、完整性校验:
- 生效范围: 字段级
- 字段: vin
- 统计函数: 空值数
- 期望值: = 0

3、完整性校验:
- 生效范围: 字段级
- 字段: order_id
- 统计函数: 空值数
- 期望值: = 0

4、完整性校验:
- 生效范围: 字段级
- 字段: car_model
- 统计函数: 空值数
- 期望值: = 0

5、完整性校验:
- 生效范围: 字段级
- 字段: guide_price
- 统计函数: 空值数
- 期望值: = 0

6、完整性校验:
- 生效范围: 字段级
- 字段: final_price
- 统计函数: 空值数
- 期望值: = 0

7、完整性校验:
- 生效范围: 字段级
- 字段: dealer_name
- 统计函数: 空值数
- 期望值: = 0

8、完整性校验:
- 生效范围: 字段级
- 字段: order_status
- 统计函数: 空值数
- 期望值: = 0

9、完整性校验:
- 生效范围: 字段级
- 字段: factory_date
- 统计函数: 空值数
- 期望值: = 0

10、完整性校验:
- 生效范围: 字段级
- 字段: sale_date
- 统计函数: 空值数
- 期望值: = 0

11、完整性校验:
- 生效范围: 字段级
- 字段: final_price
- 统计函数: 字段取值校验
- 期望值: >= 0

12、完整性校验:
- 生效范围: 单表
- 统计函数: 表行数
- 期望值: >= 0

13、完整性校验:
- 生效范围: 多表数据行数对比
- 对比表: dwd_voyah_vehicle_sales_dates
- 分区: factory_date=20260202/sale_date=20260202

14、有效性校验:
- 字段: vin
- 统计规则: 字符串长度
- 期望值> 0

15、有效性校验:
- 字段: guide_price
- 统计规则: 数值-取值范围
- 期望值: 0 <= x <= 1000000

16、有效性校验:
- 字段: car_model
- 统计规则: 数值-枚举个数
- 期望值: = 3

17、有效性校验:
- 字段: order_id
- 统计规则: 重复数
- 期望值: = 0

18、有效性校验:
- 字段: vin
- 统计规则: 重复数
- 期望值: = 0

19、唯一性校验
- 字段: order_id
- 统计函数: 重复数
- 期望值: =0

20、唯一性校验
- 字段: order_id
- 统计函数: 重复率
- 期望值: =0


调度属性:
- 调度周期: 时
- 生效日期: T~T+1
- 间隔时间: 1小时
- 其它默认

2) 建表语句如下:
=========================================================
-- 1. 建表语句 (DDL)
-- 表名: 岚图汽车销售双日期分区表
-- 分区: factory_date (出厂日期) / sale_date (出售日期)
-- =========================================================
DROP TABLE IF EXISTS dwd_voyah_vehicle_sales_dates;
CREATE TABLE IF NOT EXISTS dwd_voyah_vehicle_sales_dates (
order_id        STRING          COMMENT &#039;销售订单号&#039;,
vin             STRING          COMMENT &#039;车辆识别代码(VIN)&#039;,
car_model       STRING          COMMENT &#039;车型名称&#039;,
guide_price     DECIMAL(20,2)   COMMENT &#039;官方指导价&#039;,
final_price     DECIMAL(20,2)   COMMENT &#039;最终成交价&#039;,
dealer_name     STRING          COMMENT &#039;交付中心&#039;,
order_status    INT             COMMENT &#039;状态: 3-已交付&#039;
)
COMMENT &#039;岚图汽车销售表-用于规则配置测试&#039;
PARTITIONED BY (
factory_date    STRING          COMMENT &#039;一级分区: 出厂日期 yyyyMMdd&#039;,
sale_date       STRING          COMMENT &#039;二级分区: 出售日期 yyyyMMdd&#039;
)
STORED AS ORC
TBLPROPERTIES (&#039;orc.compress&#039;=&#039;SNAPPY&#039;);

-- =========================================================
-- 2. 数据插入语句 (DML) - 共10条数据
-- =========================================================

-- 【场景A：正常数据】 4条
-- 出厂: 20260115 -> 出售: 20260201 (产销周期约半个月，正常)
-- 用于测试：基础的分区扫描功能
INSERT INTO TABLE dwd_voyah_vehicle_sales_dates PARTITION (factory_date=&#039;20260115&#039;, sale_date=&#039;20260201&#039;)
VALUES
(&#039;ORD_20260201_001&#039;, &#039;LTV_FREE_001&#039;, &#039;岚图FREE&#039;, 266900.00, 261900.00, &#039;武汉交付中心&#039;, 3),
(&#039;ORD_20260201_002&#039;, &#039;LTV_DREAM_002&#039;, &#039;岚图梦想家&#039;, 369900.00, 365000.00, &#039;杭州交付中心&#039;, 3),
(&#039;ORD_20260201_003&#039;, &#039;LTV_PASSION_003&#039;, &#039;岚图追光&#039;, 252800.00, 252800.00, &#039;深圳交付中心&#039;, 3),
(&#039;ORD_20260201_004&#039;, &#039;LTV_FREE_004&#039;, &#039;岚图FREE&#039;, 266900.00, 260000.00, &#039;成都交付中心&#039;, 3);

-- 【场景B：库存积压】 3条
-- 出厂: 20251220 -> 出售: 20260201 (去年生产今年卖，跨年跨月)
-- 用于测试：手动输入分区范围查询 (例如 factory_date < &#039;20260101&#039;)
INSERT INTO TABLE dwd_voyah_vehicle_sales_dates PARTITION (factory_date=&#039;20251220&#039;, sale_date=&#039;20260201&#039;)
VALUES
(&#039;ORD_20260201_005&#039;, &#039;LTV_DREAM_OLD_01&#039;, &#039;岚图梦想家&#039;, 339900.00, 330000.00, &#039;武汉交付中心&#039;, 3),
(&#039;ORD_20260201_006&#039;, &#039;LTV_FREE_OLD_02&#039;, &#039;岚图FREE&#039;, 266900.00, 250000.00, &#039;上海交付中心&#039;, 3),
(&#039;ORD_20260201_007&#039;, &#039;LTV_PASSION_OLD_03&#039;, &#039;岚图追光&#039;, 252800.00, 248000.00, &#039;北京交付中心&#039;, 3);

-- 【场景C：逻辑脏数据】 2条
-- 出厂: 20260301 -> 出售: 20260201 (出厂日期晚于出售日期，逻辑错误)
-- 用于测试：质量规则校验 (WHERE factory_date > sale_date 应该触发告警)
INSERT INTO TABLE dwd_voyah_vehicle_sales_dates PARTITION (factory_date=&#039;20260301&#039;, sale_date=&#039;20260201&#039;)
VALUES
(&#039;ORD_ERR_001&#039;, &#039;LTV_FUTURE_001&#039;, &#039;岚图FREE&#039;, 266900.00, 266900.00, &#039;广州交付中心&#039;, 3),
(&#039;ORD_ERR_002&#039;, &#039;LTV_FUTURE_002&#039;, &#039;岚图梦想家&#039;, 369900.00, 369900.00, &#039;西安交付中心&#039;, 3);

-- 【场景D：极速产销】 1条
-- 出厂: 20260201 -> 出售: 20260201 (当天生产当天卖)
-- 用于测试：边界值校验
INSERT INTO TABLE dwd_voyah_vehicle_sales_dates PARTITION (factory_date=&#039;20260201&#039;, sale_date=&#039;20260201&#039;)
VALUES
(&#039;ORD_FAST_001&#039;, &#039;LTV_SPEED_001&#039;, &#039;岚图追光&#039;, 252800.00, 252800.00, &#039;武汉交付中心&#039;, 3);

-- 【场景E：字段级异常 (脏数据)】 4条
INSERT INTO TABLE dwd_voyah_vehicle_sales_dates PARTITION (factory_date=&#039;20260202&#039;, sale_date=&#039;20260202&#039;)
VALUES
-- 1. [NULL异常]: 车型名称为 NULL
(&#039;ORD_ERR_NULL&#039;, &#039;LTV_NULL_VAL&#039;, NULL, 266900.00, 260000.00, &#039;北京交付中心&#039;, 3),
-- 2. [空串异常]: 交付中心为 Empty String (&#039;&#039;)
(&#039;ORD_ERR_EMPTY&#039;, &#039;LTV_EMPTY_STR&#039;, &#039;岚图追光&#039;, 252800.00, 252800.00, &#039;&#039;, 3),
-- 3. [数值异常]: 最终成交价为负数 (-100.00)
(&#039;ORD_ERR_NEG&#039;, &#039;LTV_NEG_PRICE&#039;, &#039;岚图梦想家&#039;, 369900.00, -100.00, &#039;成都交付中心&#039;, 3),
-- 4. [空值异常]: VIN码为纯空格 (&#039;   &#039;), 且官方指导价丢失
(&#039;ORD_ERR_BLANK&#039;, &#039;   &#039;, &#039;岚图FREE&#039;, NULL, 0.00, &#039;重庆交付中心&#039;, 3);

-- 查询已创建的分区信息
SHOW PARTITIONS dwd_voyah_vehicle_sales_dates;


SELECT * FROM dwd_voyah_vehicle_sales_dates;","1. 进入【数据资产】-【数据质量】-【规则任务管理】页面
2. 选择任务rule01, 立即执行
3. 进入「校验结果查询」, 检查规则任务详情页
4. SQL验证:SELECT     *FROM (    SELECT         *,        -- [辅助计算] 针对规则 17,19,20: 计算 order_id 重复数        COUNT(1) OVER(PARTITION BY order_id) as calc_order_dup_count,        -- [辅助计算] 针对规则 18: 计算 vin 重复数        COUNT(1) OVER(PARTITION BY vin) as calc_vin_dup_count    FROM         dwd_voyah_vehicle_sales_dates) tWHERE     -- =========================================================    -- A. 完整性校验 (规则 1-10: 这里的逻辑是“找出为空或NULL的数据“)    -- =========================================================    -- 规则1: vin 空串    (trim(vin) = '') OR    -- 规则2-10: 各关键字段判空    (vin IS NULL) OR    (order_id IS NULL) OR    (car_model IS NULL) OR    (guide_price IS NULL) OR    (final_price IS NULL) OR    (dealer_name IS NULL) OR    (order_status IS NULL) OR    (factory_date IS NULL) OR    (sale_date IS NULL)    -- =========================================================    -- B. 取值范围与有效性 (规则 11, 14, 15, 16)    -- =========================================================    OR     -- 规则11: final_price < 0    (final_price < 0)        OR    -- 规则14: vin 长度 <= 0 (注: 空串/NULL已被上面捕获，此处兜底)    (length(vin) <= 0)    OR    -- 规则15: guide_price 超出 [0, 1000000] 范围    (guide_price < 0 OR guide_price > 1000000)    OR    -- 规则16: car_model 枚举校验 (假设标准值为3个: FREE, 梦想家, 追光)    -- 如果当前值不在这3个里面，且不是NULL，则视为脏数据    (car_model IS NOT NULL AND car_model NOT IN ('岚图FREE', '岚图梦想家', '岚图追光'))    -- =========================================================    -- C. 唯一性与重复性 (规则 17, 18, 19, 20)    -- =========================================================    OR    -- 规则17,19,20: order_id 出现重复 (统计数 > 1)    (calc_order_dup_count > 1)    OR    -- 规则18: vin 出现重复 (统计数 > 1)    (calc_vin_dup_count > 1);
5. 编辑规则任务rule01, 变更分区: factory_date=20260115/sale_date=20260201其它配置不变, 保存后重新执行任务","1. 进入成功
2. 执行成功, 校验结果: 校验不通过
3. 显示表数据中未通过的数据
4. 返回的数据与规则过滤出的数据一致
5. 执行成功, 校验结果: 校验通过","1. 
2. 
3. 
4. 
5.","","2","功能测试","功能测试阶段","正常","0","1","5","通过","向林","2026-02-06","向林","2026-02-06","1","",""
"179129","数据资产_STD(#23)","/版本迭代测试用例/v6.4.8/【岚图】【规则集管理】支持每个数据表的规则集管理(#10193)","【岚图】【规则集管理】支持每个数据表的规则集管理(#15522)","校验结果查询 ❯ Hive2.x ❯ 验证规则任务配置规则包后校验正常(1规则包 * 10校验规则)","1) 已存在规则任务, 监控规则配置如下
监控对象:
- 规则名称: rule01
- 数据表: dwd_voyah_vehicle_sales_dates
- 选择已有分区: /

监控规则: 引入规则包, 包含10个校验规则

完整性校验:
- 生效范围: 字段级
- 字段: vin
- 统计函数: 空串数
- 期望值: = 0

完整性校验:
- 生效范围: 字段级
- 字段: car_model
- 统计函数: 空值数
- 期望值: = 0

完整性校验:
- 生效范围: 字段级
- 字段: final_price
- 统计函数: 字段取值校验
- 期望值: >= 0

完整性校验:
- 生效范围: 单表
- 统计函数: 表行数
- 期望值: >= 0

完整性校验:
- 生效范围: 多表数据行数对比
- 对比表: dwd_voyah_vehicle_sales_dates
- 分区: factory_date=20260202/sale_date=20260202

有效性校验:
- 字段: vin
- 统计规则: 字符串长度
- 期望值> 0

有效性校验:
- 字段: guide_price
- 统计规则: 数值-取值范围
- 期望值: 0 <= x <= 1000000

有效性校验:
- 字段: car_model
- 统计规则: 数值-枚举个数
- 期望值: = 3

唯一性校验
- 字段: order_id
- 统计函数: 重复数
- 期望值: =0

唯一性校验
- 字段: order_id
- 统计函数: 重复率
- 期望值: =0



调度属性:
- 调度周期: 时
- 生效日期: T~T+1
- 间隔时间: 1小时
- 其它默认

2) 建表语句如下:
=========================================================
-- 1. 建表语句 (DDL)
-- 表名: 岚图汽车销售双日期分区表
-- 分区: factory_date (出厂日期) / sale_date (出售日期)
-- =========================================================
DROP TABLE IF EXISTS dwd_voyah_vehicle_sales_dates;
CREATE TABLE IF NOT EXISTS dwd_voyah_vehicle_sales_dates (
order_id        STRING          COMMENT &#039;销售订单号&#039;,
vin             STRING          COMMENT &#039;车辆识别代码(VIN)&#039;,
car_model       STRING          COMMENT &#039;车型名称&#039;,
guide_price     DECIMAL(20,2)   COMMENT &#039;官方指导价&#039;,
final_price     DECIMAL(20,2)   COMMENT &#039;最终成交价&#039;,
dealer_name     STRING          COMMENT &#039;交付中心&#039;,
order_status    INT             COMMENT &#039;状态: 3-已交付&#039;
)
COMMENT &#039;岚图汽车销售表-用于规则配置测试&#039;
PARTITIONED BY (
factory_date    STRING          COMMENT &#039;一级分区: 出厂日期 yyyyMMdd&#039;,
sale_date       STRING          COMMENT &#039;二级分区: 出售日期 yyyyMMdd&#039;
)
STORED AS ORC
TBLPROPERTIES (&#039;orc.compress&#039;=&#039;SNAPPY&#039;);

-- =========================================================
-- 2. 数据插入语句 (DML) - 共10条数据
-- =========================================================

-- 【场景A：正常数据】 4条
-- 出厂: 20260115 -> 出售: 20260201 (产销周期约半个月，正常)
-- 用于测试：基础的分区扫描功能
INSERT INTO TABLE dwd_voyah_vehicle_sales_dates PARTITION (factory_date=&#039;20260115&#039;, sale_date=&#039;20260201&#039;)
VALUES
(&#039;ORD_20260201_001&#039;, &#039;LTV_FREE_001&#039;, &#039;岚图FREE&#039;, 266900.00, 261900.00, &#039;武汉交付中心&#039;, 3),
(&#039;ORD_20260201_002&#039;, &#039;LTV_DREAM_002&#039;, &#039;岚图梦想家&#039;, 369900.00, 365000.00, &#039;杭州交付中心&#039;, 3),
(&#039;ORD_20260201_003&#039;, &#039;LTV_PASSION_003&#039;, &#039;岚图追光&#039;, 252800.00, 252800.00, &#039;深圳交付中心&#039;, 3),
(&#039;ORD_20260201_004&#039;, &#039;LTV_FREE_004&#039;, &#039;岚图FREE&#039;, 266900.00, 260000.00, &#039;成都交付中心&#039;, 3);

-- 【场景B：库存积压】 3条
-- 出厂: 20251220 -> 出售: 20260201 (去年生产今年卖，跨年跨月)
-- 用于测试：手动输入分区范围查询 (例如 factory_date < &#039;20260101&#039;)
INSERT INTO TABLE dwd_voyah_vehicle_sales_dates PARTITION (factory_date=&#039;20251220&#039;, sale_date=&#039;20260201&#039;)
VALUES
(&#039;ORD_20260201_005&#039;, &#039;LTV_DREAM_OLD_01&#039;, &#039;岚图梦想家&#039;, 339900.00, 330000.00, &#039;武汉交付中心&#039;, 3),
(&#039;ORD_20260201_006&#039;, &#039;LTV_FREE_OLD_02&#039;, &#039;岚图FREE&#039;, 266900.00, 250000.00, &#039;上海交付中心&#039;, 3),
(&#039;ORD_20260201_007&#039;, &#039;LTV_PASSION_OLD_03&#039;, &#039;岚图追光&#039;, 252800.00, 248000.00, &#039;北京交付中心&#039;, 3);

-- 【场景C：逻辑脏数据】 2条
-- 出厂: 20260301 -> 出售: 20260201 (出厂日期晚于出售日期，逻辑错误)
-- 用于测试：质量规则校验 (WHERE factory_date > sale_date 应该触发告警)
INSERT INTO TABLE dwd_voyah_vehicle_sales_dates PARTITION (factory_date=&#039;20260301&#039;, sale_date=&#039;20260201&#039;)
VALUES
(&#039;ORD_ERR_001&#039;, &#039;LTV_FUTURE_001&#039;, &#039;岚图FREE&#039;, 266900.00, 266900.00, &#039;广州交付中心&#039;, 3),
(&#039;ORD_ERR_002&#039;, &#039;LTV_FUTURE_002&#039;, &#039;岚图梦想家&#039;, 369900.00, 369900.00, &#039;西安交付中心&#039;, 3);

-- 【场景D：极速产销】 1条
-- 出厂: 20260201 -> 出售: 20260201 (当天生产当天卖)
-- 用于测试：边界值校验
INSERT INTO TABLE dwd_voyah_vehicle_sales_dates PARTITION (factory_date=&#039;20260201&#039;, sale_date=&#039;20260201&#039;)
VALUES
(&#039;ORD_FAST_001&#039;, &#039;LTV_SPEED_001&#039;, &#039;岚图追光&#039;, 252800.00, 252800.00, &#039;武汉交付中心&#039;, 3);

-- 【场景E：字段级异常 (脏数据)】 4条
INSERT INTO TABLE dwd_voyah_vehicle_sales_dates PARTITION (factory_date=&#039;20260202&#039;, sale_date=&#039;20260202&#039;)
VALUES
-- 1. [NULL异常]: 车型名称为 NULL
(&#039;ORD_ERR_NULL&#039;, &#039;LTV_NULL_VAL&#039;, NULL, 266900.00, 260000.00, &#039;北京交付中心&#039;, 3),
-- 2. [空串异常]: 交付中心为 Empty String (&#039;&#039;)
(&#039;ORD_ERR_EMPTY&#039;, &#039;LTV_EMPTY_STR&#039;, &#039;岚图追光&#039;, 252800.00, 252800.00, &#039;&#039;, 3),
-- 3. [数值异常]: 最终成交价为负数 (-100.00)
(&#039;ORD_ERR_NEG&#039;, &#039;LTV_NEG_PRICE&#039;, &#039;岚图梦想家&#039;, 369900.00, -100.00, &#039;成都交付中心&#039;, 3),
-- 4. [空值异常]: VIN码为纯空格 (&#039;   &#039;), 且官方指导价丢失
(&#039;ORD_ERR_BLANK&#039;, &#039;   &#039;, &#039;岚图FREE&#039;, NULL, 0.00, &#039;重庆交付中心&#039;, 3);

-- 查询已创建的分区信息
SHOW PARTITIONS dwd_voyah_vehicle_sales_dates;


SELECT * FROM dwd_voyah_vehicle_sales_dates;","1. 进入【数据资产】-【数据质量】-【规则任务管理】页面
2. 选择任务rule01, 立即执行
3. 进入「校验结果查询」, 检查规则任务详情页
4. SQL验证:SELECT     *FROM (    SELECT         *,        -- [辅助计算] 唯一性校验: 计算 order_id 的重复次数        COUNT(1) OVER(PARTITION BY order_id) as order_dup_count    FROM         dwd_voyah_vehicle_sales_dates) tWHERE     -- ---------------------------------------------------------    -- 1. 完整性校验 (字段级)    -- ---------------------------------------------------------    -- 规则: vin 空串数=0 (即: 找出 vin 为空串的数据)    (trim(vin) = '')        OR         -- 规则: car_model 空值数=0 (即: 找出 car_model 为 NULL 的数据)    (car_model IS NULL)        OR         -- 规则: final_price 期望值 >= 0 (即: 找出 < 0 的数据)    (final_price < 0)    -- ---------------------------------------------------------    -- 2. 有效性校验    -- ---------------------------------------------------------    -- 规则: vin 字符串长度 > 0 (即: 找出长度 <= 0 或 NULL 的数据)    -- 注: 此规则与上面的“空串数“、“空值数“有重叠，此处做兜底    OR (length(vin) <= 0 OR vin IS NULL)        -- 规则: guide_price 取值范围 [0, 1000000] (即: 找出在此范围之外的数据)    OR (guide_price < 0 OR guide_price > 1000000)        -- 规则: car_model 枚举个数 = 3 (即: 找出不属于这3个标准车型的数据)    -- 假设标准枚举值为: 岚图FREE, 岚图梦想家, 岚图追光    -- 注: NULL值已被前面的完整性校验捕获，此处主要校验“未知枚举值“    OR (car_model IS NOT NULL AND car_model NOT IN ('岚图FREE', '岚图梦想家', '岚图追光'))    -- ---------------------------------------------------------    -- 3. 唯一性校验    -- ---------------------------------------------------------    -- 规则: order_id 重复数/重复率期望为0 (即: 找出重复出现的订单)    OR (order_dup_count > 1);
5. 编辑规则任务rule01, 分区: factory_date=20260115/sale_date=20260201其它配置不变, 保存后重新执行任务","1. 进入成功
2. 执行成功, 校验结果: 校验不通过
3. 显示表数据中未通过的数据
4. 返回的数据与规则过滤出的数据一致
5. 执行成功, 校验结果: 校验通过","1. 
2. 
3. 
4. 
5.","","2","功能测试","功能测试阶段","正常","0","1","5","通过","向林","2026-02-06","向林","2026-02-06","1","",""
"179128","数据资产_STD(#23)","/版本迭代测试用例/v6.4.8/【岚图】【规则集管理】支持每个数据表的规则集管理(#10193)","【岚图】【规则集管理】支持每个数据表的规则集管理(#15522)","校验结果查询 ❯ Hive2.x ❯ 验证规则任务配置规则包后校验正常(2规则包 * 2校验规则)","建表语句如下:
创建两个表: dwd_voyah_sales_time_quality、dwd_voyah_sales_time_quality02
-- =========================================================
-- 1. 建表语句 (DDL)
-- 表名: dwd_voyah_sales_time_quality
-- =========================================================
DROP TABLE IF EXISTS dwd_voyah_sales_time_quality;

CREATE TABLE IF NOT EXISTS dwd_voyah_sales_time_quality (
order_id        BIGINT          COMMENT &#039;订单自增ID (用于验证单调递增)&#039;,
vin             STRING          COMMENT &#039;车辆识别码&#039;,
order_time      TIMESTAMP       COMMENT &#039;下定时间 (基准时间字段)&#039;,
payment_time    TIMESTAMP       COMMENT &#039;支付时间 (用于比较行内时间差)&#039;,
delivery_status INT             COMMENT &#039;交付状态&#039;
)
COMMENT &#039;岚图汽车销售时效校验表&#039;
PARTITIONED BY (
pt_date         STRING          COMMENT &#039;一级分区: yyyyMMdd&#039;,
data_type       STRING          COMMENT &#039;二级分区: normal(正常)/abnormal_xx(异常场景)&#039;
)
STORED AS ORC
TBLPROPERTIES (&#039;orc.compress&#039;=&#039;SNAPPY&#039;);

-- =========================================================
-- 2. 数据插入语句 (DML)
-- =========================================================

-- ---------------------------------------------------------
-- 场景A: [正常数据]
-- 分区: 20260201 / normal
-- 验证通过:
-- 1. payment_time > order_time (行内时间差合理)
-- 2. order_time 相邻行有间隔 (相邻行时间差合理)
-- 3. order_id 随时间推移严格递增 (单调性符合)
-- ---------------------------------------------------------
INSERT INTO TABLE dwd_voyah_sales_time_quality PARTITION (pt_date=&#039;20260201&#039;, data_type=&#039;normal&#039;)
VALUES
(10001, &#039;LTV001&#039;, &#039;2026-02-01 10:00:00&#039;, &#039;2026-02-01 10:05:00&#039;, 1),
(10002, &#039;LTV002&#039;, &#039;2026-02-01 10:10:00&#039;, &#039;2026-02-01 10:15:00&#039;, 1),
(10003, &#039;LTV003&#039;, &#039;2026-02-01 10:30:00&#039;, &#039;2026-02-01 10:35:00&#039;, 1),
(10004, &#039;LTV004&#039;, &#039;2026-02-01 11:00:00&#039;, &#039;2026-02-01 11:02:00&#039;, 1);

-- ---------------------------------------------------------
-- 场景B: [异常数据 - 规则1: 行内字段时间差校验]
-- 分区: 20260202 / abnormal_diff_row
-- 异常点: ID 20002 的支付时间 早于 下定时间 (逻辑错误)
-- ---------------------------------------------------------
INSERT INTO TABLE dwd_voyah_sales_time_quality PARTITION (pt_date=&#039;20260202&#039;, data_type=&#039;abnormal_diff_row&#039;)
VALUES
(20001, &#039;LTV_ERR_01&#039;, &#039;2026-02-02 09:00:00&#039;, &#039;2026-02-02 09:10:00&#039;, 1), -- 正常
(20002, &#039;LTV_ERR_02&#039;, &#039;2026-02-02 09:30:00&#039;, &#039;2026-02-02 09:29:59&#039;, 1); -- 异常: 支付比下单早1秒

-- ---------------------------------------------------------
-- 场景C: [异常数据 - 规则2: 相邻两行时间差校验]
-- 分区: 20260203 / abnormal_diff_adjacent
-- 异常点: ID 30002 和 30003 的 order_time 完全一致 (时间差为0)
-- 假设规则要求: 订单系统处理能力限制，相邻订单间隔必须 >= 1秒
-- ---------------------------------------------------------
INSERT INTO TABLE dwd_voyah_sales_time_quality PARTITION (pt_date=&#039;20260203&#039;, data_type=&#039;abnormal_diff_adjacent&#039;)
VALUES
(30001, &#039;LTV_GAP_01&#039;, &#039;2026-02-03 14:00:00&#039;, &#039;2026-02-03 14:05:00&#039;, 1),
(30002, &#039;LTV_GAP_02&#039;, &#039;2026-02-03 14:00:05&#039;, &#039;2026-02-03 14:10:00&#039;, 1),
(30003, &#039;LTV_GAP_03&#039;, &#039;2026-02-03 14:00:05&#039;, &#039;2026-02-03 14:12:00&#039;, 1); -- 异常: 与上一行时间差为0

-- ---------------------------------------------------------
-- 场景D: [异常数据 - 规则3: 字段单调性校验]
-- 分区: 20260204 / abnormal_monotonicity
-- 异常点: order_id 出现乱序 (40003 在 40002 之前出现)
-- 预期: 按照 order_time 排序后，order_id 应该也是递增的
-- ---------------------------------------------------------
INSERT INTO TABLE dwd_voyah_sales_time_quality PARTITION (pt_date=&#039;20260204&#039;, data_type=&#039;abnormal_monotonicity&#039;)
VALUES
(40001, &#039;LTV_SORT_01&#039;, &#039;2026-02-04 15:00:00&#039;, &#039;2026-02-04 15:05:00&#039;, 1),
(40003, &#039;LTV_SORT_03&#039;, &#039;2026-02-04 15:10:00&#039;, &#039;2026-02-04 15:15:00&#039;, 1), -- 异常: ID跳变
(40002, &#039;LTV_SORT_02&#039;, &#039;2026-02-04 15:20:00&#039;, &#039;2026-02-04 15:25:00&#039;, 1); -- 异常: 时间晚但ID小 (破坏单调递增)




-- =========================================================
-- 1. 建表语句 (补充对比表)
-- 表名: dwd_voyah_sales_time_quality02
-- 结构: 与原表完全一致
-- =========================================================
CREATE TABLE IF NOT EXISTS dwd_voyah_sales_time_quality02 LIKE dwd_voyah_sales_time_quality;

-- =========================================================
-- 2. 数据插入语句 (构造对比数据)
-- 分区: 对应规则配置中的 pt_date=20260203 / data_type=&#039;normal&#039;
-- 数据: 故意构造与原表(20260204分区)完全不同的数据，以确保“一致性校验“失败
-- =========================================================
INSERT INTO TABLE dwd_voyah_sales_time_quality02 PARTITION (pt_date=&#039;20260203&#039;, data_type=&#039;normal&#039;)
VALUES
-- 这里的 Order_ID (300xx) 与原表测试分区 (400xx) 完全不同，确保主键对比失败
(30001, &#039;LTV_REF_01&#039;, &#039;2026-02-03 10:00:00&#039;, &#039;2026-02-03 10:05:00&#039;, 1),
(30002, &#039;LTV_REF_02&#039;, &#039;2026-02-03 10:10:00&#039;, &#039;2026-02-03 10:15:00&#039;, 1),
(30003, &#039;LTV_REF_03&#039;, &#039;2026-02-03 10:20:00&#039;, &#039;2026-02-03 10:25:00&#039;, 1);","1. 进入【数据资产】-【数据质量】-【规则任务管理】页面
2. 新建监控规则, 配置如下:1) 监控对象: - 规则名称: rule01- 数据表: dwd_voyah_sales_time_quality- 选择分区: pt_date='20260204' / data_type='abnormal_monotonicity'2) 监控规则: 引入规则包1(一致性校验、合理性校验)、规则包2(时效性校验)一致性校验: - 校验类型: 多表数据一致性对比- 校验字段: /- 校验表主键: order_id- 对比表1: dwd_voyah_sales_time_quality02- 输入分区: pt_date=20260203/data_type='normal'- 对比表主键: order_id合理性校验:- 字段: order_id- 统计函数: 数据变化趋势- 过滤条件: /- 排序字段: order_id- 校验方法: 单调递增时效性校验- 字段: order_id- 统计函数: 周期性校验（单字段时间差校验）- 过滤条件: /- 排序字段: order_id- 时间差: <= 1 秒时效性校验- 字段: order_id- 统计函数: 及时性校验（多字段时间差校验）- 对比字段组1: order_time, payment_time- 时间差: <= 1 秒- 大小关系: order_time < payment_time3) 调度属性:- 调度周期: 时- 生效日期: T~T+1- 间隔时间: 1小时- 其它默认
3. 选择任务rule01, 立即执行
4. 进入「校验结果查询」, 检查规则任务详情页
5. 编辑规则任务rule01, 分区: pt_date='20260201' / data_type='normal'其它配置不变, 保存后重新执行任务","1. 进入成功
2. 
3. 执行成功, 校验结果: 校验不通过
4. 显示表数据中未通过的数据
5. 执行成功, 校验结果: 校验通过","1. 
2. 
3. 
4. 
5.","","2","功能测试","功能测试阶段","正常","0","1","5","通过","向林","2026-02-06","向林","2026-02-06","1","",""
"179127","数据资产_STD(#23)","/版本迭代测试用例/v6.4.8/【岚图】【规则集管理】支持每个数据表的规则集管理(#10193)","【岚图】【规则集管理】支持每个数据表的规则集管理(#15522)","校验结果查询 ❯ Hive2.x ❯ 验证规则任务配置规则包后校验正常(1规则包 * 3校验规则)","建表语句如下:
=========================================================
-- 1. 建表语句 (DDL)
-- 表名: 岚图汽车销售双日期分区表
-- 分区: factory_date (出厂日期) / sale_date (出售日期)
-- =========================================================
DROP TABLE IF EXISTS dwd_voyah_vehicle_sales_dates;
CREATE TABLE IF NOT EXISTS dwd_voyah_vehicle_sales_dates (
order_id        STRING          COMMENT &#039;销售订单号&#039;,
vin             STRING          COMMENT &#039;车辆识别代码(VIN)&#039;,
car_model       STRING          COMMENT &#039;车型名称&#039;,
guide_price     DECIMAL(20,2)   COMMENT &#039;官方指导价&#039;,
final_price     DECIMAL(20,2)   COMMENT &#039;最终成交价&#039;,
dealer_name     STRING          COMMENT &#039;交付中心&#039;,
order_status    INT             COMMENT &#039;状态: 3-已交付&#039;
)
COMMENT &#039;岚图汽车销售表-用于规则配置测试&#039;
PARTITIONED BY (
factory_date    STRING          COMMENT &#039;一级分区: 出厂日期 yyyyMMdd&#039;,
sale_date       STRING          COMMENT &#039;二级分区: 出售日期 yyyyMMdd&#039;
)
STORED AS ORC
TBLPROPERTIES (&#039;orc.compress&#039;=&#039;SNAPPY&#039;);

-- =========================================================
-- 2. 数据插入语句 (DML) - 共10条数据
-- =========================================================

-- 【场景A：正常数据】 4条
-- 出厂: 20260115 -> 出售: 20260201 (产销周期约半个月，正常)
-- 用于测试：基础的分区扫描功能
INSERT INTO TABLE dwd_voyah_vehicle_sales_dates PARTITION (factory_date=&#039;20260115&#039;, sale_date=&#039;20260201&#039;)
VALUES
(&#039;ORD_20260201_001&#039;, &#039;LTV_FREE_001&#039;, &#039;岚图FREE&#039;, 266900.00, 261900.00, &#039;武汉交付中心&#039;, 3),
(&#039;ORD_20260201_002&#039;, &#039;LTV_DREAM_002&#039;, &#039;岚图梦想家&#039;, 369900.00, 365000.00, &#039;杭州交付中心&#039;, 3),
(&#039;ORD_20260201_003&#039;, &#039;LTV_PASSION_003&#039;, &#039;岚图追光&#039;, 252800.00, 252800.00, &#039;深圳交付中心&#039;, 3),
(&#039;ORD_20260201_004&#039;, &#039;LTV_FREE_004&#039;, &#039;岚图FREE&#039;, 266900.00, 260000.00, &#039;成都交付中心&#039;, 3);

-- 【场景B：库存积压】 3条
-- 出厂: 20251220 -> 出售: 20260201 (去年生产今年卖，跨年跨月)
-- 用于测试：手动输入分区范围查询 (例如 factory_date < &#039;20260101&#039;)
INSERT INTO TABLE dwd_voyah_vehicle_sales_dates PARTITION (factory_date=&#039;20251220&#039;, sale_date=&#039;20260201&#039;)
VALUES
(&#039;ORD_20260201_005&#039;, &#039;LTV_DREAM_OLD_01&#039;, &#039;岚图梦想家&#039;, 339900.00, 330000.00, &#039;武汉交付中心&#039;, 3),
(&#039;ORD_20260201_006&#039;, &#039;LTV_FREE_OLD_02&#039;, &#039;岚图FREE&#039;, 266900.00, 250000.00, &#039;上海交付中心&#039;, 3),
(&#039;ORD_20260201_007&#039;, &#039;LTV_PASSION_OLD_03&#039;, &#039;岚图追光&#039;, 252800.00, 248000.00, &#039;北京交付中心&#039;, 3);

-- 【场景C：逻辑脏数据】 2条
-- 出厂: 20260301 -> 出售: 20260201 (出厂日期晚于出售日期，逻辑错误)
-- 用于测试：质量规则校验 (WHERE factory_date > sale_date 应该触发告警)
INSERT INTO TABLE dwd_voyah_vehicle_sales_dates PARTITION (factory_date=&#039;20260301&#039;, sale_date=&#039;20260201&#039;)
VALUES
(&#039;ORD_ERR_001&#039;, &#039;LTV_FUTURE_001&#039;, &#039;岚图FREE&#039;, 266900.00, 266900.00, &#039;广州交付中心&#039;, 3),
(&#039;ORD_ERR_002&#039;, &#039;LTV_FUTURE_002&#039;, &#039;岚图梦想家&#039;, 369900.00, 369900.00, &#039;西安交付中心&#039;, 3);

-- 【场景D：极速产销】 1条
-- 出厂: 20260201 -> 出售: 20260201 (当天生产当天卖)
-- 用于测试：边界值校验
INSERT INTO TABLE dwd_voyah_vehicle_sales_dates PARTITION (factory_date=&#039;20260201&#039;, sale_date=&#039;20260201&#039;)
VALUES
(&#039;ORD_FAST_001&#039;, &#039;LTV_SPEED_001&#039;, &#039;岚图追光&#039;, 252800.00, 252800.00, &#039;武汉交付中心&#039;, 3);

-- 【场景E：字段级异常 (脏数据)】 4条
INSERT INTO TABLE dwd_voyah_vehicle_sales_dates PARTITION (factory_date=&#039;20260202&#039;, sale_date=&#039;20260202&#039;)
VALUES
-- 1. [NULL异常]: 车型名称为 NULL
(&#039;ORD_ERR_NULL&#039;, &#039;LTV_NULL_VAL&#039;, NULL, 266900.00, 260000.00, &#039;北京交付中心&#039;, 3),
-- 2. [空串异常]: 交付中心为 Empty String (&#039;&#039;)
(&#039;ORD_ERR_EMPTY&#039;, &#039;LTV_EMPTY_STR&#039;, &#039;岚图追光&#039;, 252800.00, 252800.00, &#039;&#039;, 3),
-- 3. [数值异常]: 最终成交价为负数 (-100.00)
(&#039;ORD_ERR_NEG&#039;, &#039;LTV_NEG_PRICE&#039;, &#039;岚图梦想家&#039;, 369900.00, -100.00, &#039;成都交付中心&#039;, 3),
-- 4. [空值异常]: VIN码为纯空格 (&#039;   &#039;), 且官方指导价丢失
(&#039;ORD_ERR_BLANK&#039;, &#039;   &#039;, &#039;岚图FREE&#039;, NULL, 0.00, &#039;重庆交付中心&#039;, 3);

-- 查询已创建的分区信息
SHOW PARTITIONS dwd_voyah_vehicle_sales_dates;


SELECT * FROM dwd_voyah_vehicle_sales_dates;","1. 进入【数据资产】-【数据质量】-【规则任务管理】页面
2. 新建监控规则, 配置如下:1) 监控对象: - 规则名称: rule01- 数据表: dwd_voyah_vehicle_sales_dates- 选择分区: /2) 监控规则: 引入规则包、规则类型(完整性校验、有效性校、唯一性校验)完整性校验: - 生效范围: 字段级- 字段: final_price- 统计函数: 字段取值校验- 期望值: >= 0有效性校验:- 字段: vin- 统计规则: 字符串长度 - 校验方法: 固定制- 期望值> 0唯一性校验- 字段: order_id- 统计函数: 重复数- 校验方法: 固定值- 期望值: =03) 调度属性:- 调度周期: 时- 生效日期: T~T+1- 间隔时间: 1小时- 其它默认
3. 选择任务rule01, 立即执行
4. 进入「校验结果查询」, 检查规则任务详情页
5. SQL验证:SELECT * FROM dwd_voyah_vehicle_sales_dates WHERE     -- 1. 完整性校验异常 (final_price < 0 或为 NULL)    (final_price < 0 OR final_price IS NULL)        OR        -- 2. 有效性校验异常 (vin 长度 <= 0，包含 NULL 或 纯空格字符串)    (length(trim(vin)) = 0 OR vin IS NULL)        OR        -- 3. 唯一性校验异常 (order_id 重复)    order_id IN (        SELECT order_id         FROM dwd_voyah_vehicle_sales_dates         GROUP BY order_id         HAVING COUNT(1) > 1    );
6. 编辑规则任务rule01, 分区: factory_date=20260115/sale_date=20260201其它配置不变, 保存后重新执行任务","1. 进入成功
2. 配置成功
3. 执行成功, 校验结果: 校验不通过
4. 1) 显示表数据中未通过的数据2) 状态: 只要有一个未通过, 状态为: 校验异常
5. 返回的数据与规则过滤出的数据一致
6. 执行成功, 校验结果: 校验通过","1. 
2. 
3. 
4. 
5. 
6.","","2","功能测试","功能测试阶段","正常","0","1","6","通过","向林","2026-02-06","向林","2026-02-06","1","",""
"179126","数据资产_STD(#23)","/版本迭代测试用例/v6.4.8/【岚图】【规则集管理】支持每个数据表的规则集管理(#10193)","【岚图】【规则集管理】支持每个数据表的规则集管理(#15522)","校验结果查询 ❯ Hive2.x ❯ 验证规则任务配置规则包后校验正常(1规则包 * 1校验规则)","建表语句如下:
=========================================================
-- 1. 建表语句 (DDL)
-- 表名: 岚图汽车销售双日期分区表
-- 分区: factory_date (出厂日期) / sale_date (出售日期)
-- =========================================================
DROP TABLE IF EXISTS dwd_voyah_vehicle_sales_dates;
CREATE TABLE IF NOT EXISTS dwd_voyah_vehicle_sales_dates (
order_id        STRING          COMMENT &#039;销售订单号&#039;,
vin             STRING          COMMENT &#039;车辆识别代码(VIN)&#039;,
car_model       STRING          COMMENT &#039;车型名称&#039;,
guide_price     DECIMAL(20,2)   COMMENT &#039;官方指导价&#039;,
final_price     DECIMAL(20,2)   COMMENT &#039;最终成交价&#039;,
dealer_name     STRING          COMMENT &#039;交付中心&#039;,
order_status    INT             COMMENT &#039;状态: 3-已交付&#039;
)
COMMENT &#039;岚图汽车销售表-用于规则配置测试&#039;
PARTITIONED BY (
factory_date    STRING          COMMENT &#039;一级分区: 出厂日期 yyyyMMdd&#039;,
sale_date       STRING          COMMENT &#039;二级分区: 出售日期 yyyyMMdd&#039;
)
STORED AS ORC
TBLPROPERTIES (&#039;orc.compress&#039;=&#039;SNAPPY&#039;);

-- =========================================================
-- 2. 数据插入语句 (DML) - 共10条数据
-- =========================================================

-- 【场景A：正常数据】 4条
-- 出厂: 20260115 -> 出售: 20260201 (产销周期约半个月，正常)
-- 用于测试：基础的分区扫描功能
INSERT INTO TABLE dwd_voyah_vehicle_sales_dates PARTITION (factory_date=&#039;20260115&#039;, sale_date=&#039;20260201&#039;)
VALUES
(&#039;ORD_20260201_001&#039;, &#039;LTV_FREE_001&#039;, &#039;岚图FREE&#039;, 266900.00, 261900.00, &#039;武汉交付中心&#039;, 3),
(&#039;ORD_20260201_002&#039;, &#039;LTV_DREAM_002&#039;, &#039;岚图梦想家&#039;, 369900.00, 365000.00, &#039;杭州交付中心&#039;, 3),
(&#039;ORD_20260201_003&#039;, &#039;LTV_PASSION_003&#039;, &#039;岚图追光&#039;, 252800.00, 252800.00, &#039;深圳交付中心&#039;, 3),
(&#039;ORD_20260201_004&#039;, &#039;LTV_FREE_004&#039;, &#039;岚图FREE&#039;, 266900.00, 260000.00, &#039;成都交付中心&#039;, 3);

-- 【场景B：库存积压】 3条
-- 出厂: 20251220 -> 出售: 20260201 (去年生产今年卖，跨年跨月)
-- 用于测试：手动输入分区范围查询 (例如 factory_date < &#039;20260101&#039;)
INSERT INTO TABLE dwd_voyah_vehicle_sales_dates PARTITION (factory_date=&#039;20251220&#039;, sale_date=&#039;20260201&#039;)
VALUES
(&#039;ORD_20260201_005&#039;, &#039;LTV_DREAM_OLD_01&#039;, &#039;岚图梦想家&#039;, 339900.00, 330000.00, &#039;武汉交付中心&#039;, 3),
(&#039;ORD_20260201_006&#039;, &#039;LTV_FREE_OLD_02&#039;, &#039;岚图FREE&#039;, 266900.00, 250000.00, &#039;上海交付中心&#039;, 3),
(&#039;ORD_20260201_007&#039;, &#039;LTV_PASSION_OLD_03&#039;, &#039;岚图追光&#039;, 252800.00, 248000.00, &#039;北京交付中心&#039;, 3);

-- 【场景C：逻辑脏数据】 2条
-- 出厂: 20260301 -> 出售: 20260201 (出厂日期晚于出售日期，逻辑错误)
-- 用于测试：质量规则校验 (WHERE factory_date > sale_date 应该触发告警)
INSERT INTO TABLE dwd_voyah_vehicle_sales_dates PARTITION (factory_date=&#039;20260301&#039;, sale_date=&#039;20260201&#039;)
VALUES
(&#039;ORD_ERR_001&#039;, &#039;LTV_FUTURE_001&#039;, &#039;岚图FREE&#039;, 266900.00, 266900.00, &#039;广州交付中心&#039;, 3),
(&#039;ORD_ERR_002&#039;, &#039;LTV_FUTURE_002&#039;, &#039;岚图梦想家&#039;, 369900.00, 369900.00, &#039;西安交付中心&#039;, 3);

-- 【场景D：极速产销】 1条
-- 出厂: 20260201 -> 出售: 20260201 (当天生产当天卖)
-- 用于测试：边界值校验
INSERT INTO TABLE dwd_voyah_vehicle_sales_dates PARTITION (factory_date=&#039;20260201&#039;, sale_date=&#039;20260201&#039;)
VALUES
(&#039;ORD_FAST_001&#039;, &#039;LTV_SPEED_001&#039;, &#039;岚图追光&#039;, 252800.00, 252800.00, &#039;武汉交付中心&#039;, 3);

-- 【场景E：字段级异常 (脏数据)】 4条
INSERT INTO TABLE dwd_voyah_vehicle_sales_dates PARTITION (factory_date=&#039;20260202&#039;, sale_date=&#039;20260202&#039;)
VALUES
-- 1. [NULL异常]: 车型名称为 NULL
(&#039;ORD_ERR_NULL&#039;, &#039;LTV_NULL_VAL&#039;, NULL, 266900.00, 260000.00, &#039;北京交付中心&#039;, 3),
-- 2. [空串异常]: 交付中心为 Empty String (&#039;&#039;)
(&#039;ORD_ERR_EMPTY&#039;, &#039;LTV_EMPTY_STR&#039;, &#039;岚图追光&#039;, 252800.00, 252800.00, &#039;&#039;, 3),
-- 3. [数值异常]: 最终成交价为负数 (-100.00)
(&#039;ORD_ERR_NEG&#039;, &#039;LTV_NEG_PRICE&#039;, &#039;岚图梦想家&#039;, 369900.00, -100.00, &#039;成都交付中心&#039;, 3),
-- 4. [空值异常]: VIN码为纯空格 (&#039;   &#039;), 且官方指导价丢失
(&#039;ORD_ERR_BLANK&#039;, &#039;   &#039;, &#039;岚图FREE&#039;, NULL, 0.00, &#039;重庆交付中心&#039;, 3);

-- 查询已创建的分区信息
SHOW PARTITIONS dwd_voyah_vehicle_sales_dates;


SELECT * FROM dwd_voyah_vehicle_sales_dates;","1. 进入【数据资产】-【数据质量】-【规则任务管理】页面
2. 新建监控规则, 配置如下:1) 监控对象: - 规则名称: rule01- 数据表: dwd_voyah_vehicle_sales_dates- 选择分区: /2) 监控规则: 引入规则包、规则类型(完整性校验)完整性校验: - 生效范围: 字段级- 字段: final_price- 统计函数: 字段取值校验- 期望值: >= 03) 调度属性:- 调度周期: 时- 生效日期: T~T+1- 间隔时间: 1小时- 其它默认- 实例生成方式: 「立即生成」
3. 选择任务rule01, 立即执行
4. 进入「校验结果查询」, 检查规则任务详情页
5. SQL验证:SELECT * FROM dwd_voyah_vehicle_sales_dates WHERE final_price < 0 OR final_price IS NULL;
6. 编辑规则任务rule01, 分区: factory_date=20260115/sale_date=20260201其它配置不变, 保存后重新执行任务","1. 进入成功
2. 配置成功
3. 执行成功, 校验结果: 校验不通过
4. 显示表数据中未通过的数据
5. 返回的数据与规则过滤出的数据一致
6. 执行成功, 校验结果: 校验通过","1. 
2. 
3. 
4. 
5. 
6.","","2","功能测试","功能测试阶段","正常","0","1","6","通过","向林","2026-02-06","向林","2026-02-06","1","",""
"179125","数据资产_STD(#23)","/版本迭代测试用例/v6.4.8/【岚图】【规则集管理】支持每个数据表的规则集管理(#10193)","【岚图】【规则集管理】支持每个数据表的规则集管理(#15522)","校验结果查询 ❯ Doris3.x ❯ 验证删除规则集后, 对已配置过历史规则的任务不生效","建表语句如下:
-- =========================================================
-- 1. 建表语句 (Doris DDL)
-- Doris 建议使用 OLAP 引擎，并根据 key 进行分桶
-- =========================================================
DROP TABLE IF EXISTS dwd_voyah_vehicle_sales_dates;

CREATE TABLE IF NOT EXISTS dwd_voyah_vehicle_sales_dates (
order_id        VARCHAR(64)     COMMENT &#039;销售订单号&#039;,
vin             VARCHAR(64)     COMMENT &#039;车辆识别代码(VIN)&#039;,
car_model       VARCHAR(128)    COMMENT &#039;车型名称&#039;,
guide_price     DECIMAL(20,2)   COMMENT &#039;官方指导价&#039;,
final_price     DECIMAL(20,2)   COMMENT &#039;最终成交价&#039;,
dealer_name     VARCHAR(255)    COMMENT &#039;交付中心&#039;,
order_status    INT             COMMENT &#039;状态: 3-已交付&#039;,
factory_date    VARCHAR(8)      NOT NULL COMMENT &#039;一级分区: 出厂日期 yyyyMMdd&#039;,
sale_date       VARCHAR(8)      NOT NULL COMMENT &#039;二级分区: 出售日期 yyyyMMdd&#039;
)
ENGINE=OLAP
DUPLICATE KEY(order_id, vin)
COMMENT &#039;岚图汽车销售表-用于规则配置测试&#039;
PARTITION BY LIST (factory_date, sale_date) (
PARTITION p20260115_20260201 VALUES IN ((“20260115“, “20260201“)),
PARTITION p20251220_20260201 VALUES IN ((“20251220“, “20260201“)),
PARTITION p20260301_20260201 VALUES IN ((“20260301“, “20260201“)),
PARTITION p20260201_20260201 VALUES IN ((“20260201“, “20260201“)),
PARTITION p20260202_20260202 VALUES IN ((“20260202“, “20260202“))
)
DISTRIBUTED BY HASH(order_id) BUCKETS 10
PROPERTIES (
“replication_num“ = “1“
);

-- =========================================================
-- 2. 数据插入语句 (Doris DML)
-- Doris 会根据 factory_date 和 sale_date 的值自动进入对应分区
-- =========================================================

-- 【场景A：正常数据】 4条
INSERT INTO dwd_voyah_vehicle_sales_dates
(order_id, vin, car_model, guide_price, final_price, dealer_name, order_status, factory_date, sale_date)
VALUES
(&#039;ORD_20260201_001&#039;, &#039;LTV_FREE_001&#039;, &#039;岚图FREE&#039;, 266900.00, 261900.00, &#039;武汉交付中心&#039;, 3, &#039;20260115&#039;, &#039;20260201&#039;),
(&#039;ORD_20260201_002&#039;, &#039;LTV_DREAM_002&#039;, &#039;岚图梦想家&#039;, 369900.00, 365000.00, &#039;杭州交付中心&#039;, 3, &#039;20260115&#039;, &#039;20260201&#039;),
(&#039;ORD_20260201_003&#039;, &#039;LTV_PASSION_003&#039;, &#039;岚图追光&#039;, 252800.00, 252800.00, &#039;深圳交付中心&#039;, 3, &#039;20260115&#039;, &#039;20260201&#039;),
(&#039;ORD_20260201_004&#039;, &#039;LTV_FREE_004&#039;, &#039;岚图FREE&#039;, 266900.00, 260000.00, &#039;成都交付中心&#039;, 3, &#039;20260115&#039;, &#039;20260201&#039;);

-- 【场景B：库存积压】 3条
INSERT INTO dwd_voyah_vehicle_sales_dates
VALUES
(&#039;ORD_20260201_005&#039;, &#039;LTV_DREAM_OLD_01&#039;, &#039;岚图梦想家&#039;, 339900.00, 330000.00, &#039;武汉交付中心&#039;, 3, &#039;20251220&#039;, &#039;20260201&#039;),
(&#039;ORD_20260201_006&#039;, &#039;LTV_FREE_OLD_02&#039;, &#039;岚图FREE&#039;, 266900.00, 250000.00, &#039;上海交付中心&#039;, 3, &#039;20251220&#039;, &#039;20260201&#039;),
(&#039;ORD_20260201_007&#039;, &#039;LTV_PASSION_OLD_03&#039;, &#039;岚图追光&#039;, 252800.00, 248000.00, &#039;北京交付中心&#039;, 3, &#039;20251220&#039;, &#039;20260201&#039;);

-- 【场景C：逻辑脏数据】 2条
INSERT INTO dwd_voyah_vehicle_sales_dates
VALUES
(&#039;ORD_ERR_001&#039;, &#039;LTV_FUTURE_001&#039;, &#039;岚图FREE&#039;, 266900.00, 266900.00, &#039;广州交付中心&#039;, 3, &#039;20260301&#039;, &#039;20260201&#039;),
(&#039;ORD_ERR_002&#039;, &#039;LTV_FUTURE_002&#039;, &#039;岚图梦想家&#039;, 369900.00, 369900.00, &#039;西安交付中心&#039;, 3, &#039;20260301&#039;, &#039;20260201&#039;);

-- 【场景D：极速产销】 1条
INSERT INTO dwd_voyah_vehicle_sales_dates
VALUES
(&#039;ORD_FAST_001&#039;, &#039;LTV_SPEED_001&#039;, &#039;岚图追光&#039;, 252800.00, 252800.00, &#039;武汉交付中心&#039;, 3, &#039;20260201&#039;, &#039;20260201&#039;);

-- 【场景E：字段级异常 (脏数据)】 4条
INSERT INTO dwd_voyah_vehicle_sales_dates
VALUES
(&#039;ORD_ERR_NULL&#039;, &#039;LTV_NULL_VAL&#039;, NULL, 266900.00, 260000.00, &#039;北京交付中心&#039;, 3, &#039;20260202&#039;, &#039;20260202&#039;),
(&#039;ORD_ERR_EMPTY&#039;, &#039;LTV_EMPTY_STR&#039;, &#039;岚图追光&#039;, 252800.00, 252800.00, &#039;&#039;, 3, &#039;20260202&#039;, &#039;20260202&#039;),
(&#039;ORD_ERR_NEG&#039;, &#039;LTV_NEG_PRICE&#039;, &#039;岚图梦想家&#039;, 369900.00, -100.00, &#039;成都交付中心&#039;, 3, &#039;20260202&#039;, &#039;20260202&#039;),
(&#039;ORD_ERR_BLANK&#039;, &#039;    &#039;, &#039;岚图FREE&#039;, NULL, 0.00, &#039;重庆交付中心&#039;, 3, &#039;20260202&#039;, &#039;20260202&#039;);

-- 查询分区信息（Doris 语法）
SHOW PARTITIONS FROM dwd_voyah_vehicle_sales_dates;

-- 全表查询
SELECT * FROM dwd_voyah_vehicle_sales_dates;","1. 进入【数据资产】-【数据质量】-【规则任务管理】页面
2. 新建监控规则, 配置如下:1) 监控对象: - 规则名称: rule01- 数据表: dwd_voyah_vehicle_sales_dates- 选择分区: /2) 监控规则: 引入规则包、规则类型(完整性校验)完整性校验: - 生效范围: 字段级- 字段: final_price- 统计函数: 字段取值校验- 期望值: >= 03) 调度属性:- 调度周期: 时- 生效日期: T~T+1- 间隔时间: 1小时- 其它默认- 实例生成方式: 「立即生成」
3. 新建监控规则, 配置监控对象(dwd_voyah_vehicle_sales_dates)后点击下一步
4. 引入规则包rule01中所有校验规则
5. 保存规则任务task01后, 立即执行
6. 删除规则集1
7. 重新运行历史规则任务task01, 在【校验结果查询】中查看运行状态","1. 进入成功
2. 配置成功
3. 进入【新建单表校验规则 ❯ 监控规则】配置页面
4. 引入成功, 配置参数正确
5. 任务运行成功, 校验结果正确: 校验不通过
6. 删除成功
7. 任务运行成功, 校验结果正确: 校验不通过","1. 
2. 
3. 
4. 
5. 
6. 
7.","","2","功能测试","功能测试阶段","正常","0","2","7","通过","向林","2026-02-06","向林","2026-02-06","1","",""
"179124","数据资产_STD(#23)","/版本迭代测试用例/v6.4.8/【岚图】【规则集管理】支持每个数据表的规则集管理(#10193)","【岚图】【规则集管理】支持每个数据表的规则集管理(#15522)","校验结果查询 ❯ Doris3.x ❯ 验证编辑规则集后, 对已配置过历史规则的任务不生效","建表语句如下:
-- =========================================================
-- 1. 建表语句 (Doris DDL)
-- Doris 建议使用 OLAP 引擎，并根据 key 进行分桶
-- =========================================================
DROP TABLE IF EXISTS dwd_voyah_vehicle_sales_dates;

CREATE TABLE IF NOT EXISTS dwd_voyah_vehicle_sales_dates (
order_id        VARCHAR(64)     COMMENT &#039;销售订单号&#039;,
vin             VARCHAR(64)     COMMENT &#039;车辆识别代码(VIN)&#039;,
car_model       VARCHAR(128)    COMMENT &#039;车型名称&#039;,
guide_price     DECIMAL(20,2)   COMMENT &#039;官方指导价&#039;,
final_price     DECIMAL(20,2)   COMMENT &#039;最终成交价&#039;,
dealer_name     VARCHAR(255)    COMMENT &#039;交付中心&#039;,
order_status    INT             COMMENT &#039;状态: 3-已交付&#039;,
factory_date    VARCHAR(8)      NOT NULL COMMENT &#039;一级分区: 出厂日期 yyyyMMdd&#039;,
sale_date       VARCHAR(8)      NOT NULL COMMENT &#039;二级分区: 出售日期 yyyyMMdd&#039;
)
ENGINE=OLAP
DUPLICATE KEY(order_id, vin)
COMMENT &#039;岚图汽车销售表-用于规则配置测试&#039;
PARTITION BY LIST (factory_date, sale_date) (
PARTITION p20260115_20260201 VALUES IN ((“20260115“, “20260201“)),
PARTITION p20251220_20260201 VALUES IN ((“20251220“, “20260201“)),
PARTITION p20260301_20260201 VALUES IN ((“20260301“, “20260201“)),
PARTITION p20260201_20260201 VALUES IN ((“20260201“, “20260201“)),
PARTITION p20260202_20260202 VALUES IN ((“20260202“, “20260202“))
)
DISTRIBUTED BY HASH(order_id) BUCKETS 10
PROPERTIES (
“replication_num“ = “1“
);

-- =========================================================
-- 2. 数据插入语句 (Doris DML)
-- Doris 会根据 factory_date 和 sale_date 的值自动进入对应分区
-- =========================================================

-- 【场景A：正常数据】 4条
INSERT INTO dwd_voyah_vehicle_sales_dates
(order_id, vin, car_model, guide_price, final_price, dealer_name, order_status, factory_date, sale_date)
VALUES
(&#039;ORD_20260201_001&#039;, &#039;LTV_FREE_001&#039;, &#039;岚图FREE&#039;, 266900.00, 261900.00, &#039;武汉交付中心&#039;, 3, &#039;20260115&#039;, &#039;20260201&#039;),
(&#039;ORD_20260201_002&#039;, &#039;LTV_DREAM_002&#039;, &#039;岚图梦想家&#039;, 369900.00, 365000.00, &#039;杭州交付中心&#039;, 3, &#039;20260115&#039;, &#039;20260201&#039;),
(&#039;ORD_20260201_003&#039;, &#039;LTV_PASSION_003&#039;, &#039;岚图追光&#039;, 252800.00, 252800.00, &#039;深圳交付中心&#039;, 3, &#039;20260115&#039;, &#039;20260201&#039;),
(&#039;ORD_20260201_004&#039;, &#039;LTV_FREE_004&#039;, &#039;岚图FREE&#039;, 266900.00, 260000.00, &#039;成都交付中心&#039;, 3, &#039;20260115&#039;, &#039;20260201&#039;);

-- 【场景B：库存积压】 3条
INSERT INTO dwd_voyah_vehicle_sales_dates
VALUES
(&#039;ORD_20260201_005&#039;, &#039;LTV_DREAM_OLD_01&#039;, &#039;岚图梦想家&#039;, 339900.00, 330000.00, &#039;武汉交付中心&#039;, 3, &#039;20251220&#039;, &#039;20260201&#039;),
(&#039;ORD_20260201_006&#039;, &#039;LTV_FREE_OLD_02&#039;, &#039;岚图FREE&#039;, 266900.00, 250000.00, &#039;上海交付中心&#039;, 3, &#039;20251220&#039;, &#039;20260201&#039;),
(&#039;ORD_20260201_007&#039;, &#039;LTV_PASSION_OLD_03&#039;, &#039;岚图追光&#039;, 252800.00, 248000.00, &#039;北京交付中心&#039;, 3, &#039;20251220&#039;, &#039;20260201&#039;);

-- 【场景C：逻辑脏数据】 2条
INSERT INTO dwd_voyah_vehicle_sales_dates
VALUES
(&#039;ORD_ERR_001&#039;, &#039;LTV_FUTURE_001&#039;, &#039;岚图FREE&#039;, 266900.00, 266900.00, &#039;广州交付中心&#039;, 3, &#039;20260301&#039;, &#039;20260201&#039;),
(&#039;ORD_ERR_002&#039;, &#039;LTV_FUTURE_002&#039;, &#039;岚图梦想家&#039;, 369900.00, 369900.00, &#039;西安交付中心&#039;, 3, &#039;20260301&#039;, &#039;20260201&#039;);

-- 【场景D：极速产销】 1条
INSERT INTO dwd_voyah_vehicle_sales_dates
VALUES
(&#039;ORD_FAST_001&#039;, &#039;LTV_SPEED_001&#039;, &#039;岚图追光&#039;, 252800.00, 252800.00, &#039;武汉交付中心&#039;, 3, &#039;20260201&#039;, &#039;20260201&#039;);

-- 【场景E：字段级异常 (脏数据)】 4条
INSERT INTO dwd_voyah_vehicle_sales_dates
VALUES
(&#039;ORD_ERR_NULL&#039;, &#039;LTV_NULL_VAL&#039;, NULL, 266900.00, 260000.00, &#039;北京交付中心&#039;, 3, &#039;20260202&#039;, &#039;20260202&#039;),
(&#039;ORD_ERR_EMPTY&#039;, &#039;LTV_EMPTY_STR&#039;, &#039;岚图追光&#039;, 252800.00, 252800.00, &#039;&#039;, 3, &#039;20260202&#039;, &#039;20260202&#039;),
(&#039;ORD_ERR_NEG&#039;, &#039;LTV_NEG_PRICE&#039;, &#039;岚图梦想家&#039;, 369900.00, -100.00, &#039;成都交付中心&#039;, 3, &#039;20260202&#039;, &#039;20260202&#039;),
(&#039;ORD_ERR_BLANK&#039;, &#039;    &#039;, &#039;岚图FREE&#039;, NULL, 0.00, &#039;重庆交付中心&#039;, 3, &#039;20260202&#039;, &#039;20260202&#039;);

-- 查询分区信息（Doris 语法）
SHOW PARTITIONS FROM dwd_voyah_vehicle_sales_dates;

-- 全表查询
SELECT * FROM dwd_voyah_vehicle_sales_dates;","1. 进入【数据资产】-【数据质量】-【规则任务管理】页面
2. 新建监控规则, 配置如下:1) 监控对象: - 规则名称: rule01- 数据表: dwd_voyah_vehicle_sales_dates- 选择分区: /2) 监控规则: 引入规则包、规则类型(完整性校验)完整性校验: - 生效范围: 字段级- 字段: final_price- 统计函数: 字段取值校验- 期望值: >= 03) 调度属性:- 调度周期: 时- 生效日期: T~T+1- 间隔时间: 1小时- 其它默认- 实例生成方式: 「立即生成」
3. 新建监控规则, 配置监控对象(dwd_voyah_vehicle_sales_dates)后点击下一步
4. 引入规则包rule01中所有校验规则
5. 保存规则任务task01后, 立即执行
6. 修改【规则集-规则包rule01】中的校验规则:- 期望值: >= -200
7. 新建规则任务task02并立即执行:1) 监控对象: t2 (与dwd_voyah_vehicle_sales_dates同表结构同数据)2) 监控规则: rule01中的校验规则
8. 重新运行历史规则任务task01, 在【校验结果查询】中查看运行状态","1. 进入成功
2. 配置成功
3. 进入【新建单表校验规则 ❯ 监控规则】配置页面
4. 引入成功, 配置参数正确
5. 任务运行成功, 校验结果: 校验不通过
6. 配置成功
7. 任务运行成功, 校验结果: 校验通过
8. 任务运行成功, 校验结果: 校验不通过","1. 
2. 
3. 
4. 
5. 
6. 
7. 
8.","","2","功能测试","功能测试阶段","正常","0","1","8","通过","向林","2026-02-06","向林","2026-02-06","1","",""
"179123","数据资产_STD(#23)","/版本迭代测试用例/v6.4.8/【岚图】【规则集管理】支持每个数据表的规则集管理(#10193)","【岚图】【规则集管理】支持每个数据表的规则集管理(#15522)","校验结果查询 ❯ Doris3.x ❯ 验证规则任务配置规则包后校验正常(20规则包 * 1校验规则)","1) 已存在规则任务, 监控规则配置如下
监控对象:
- 规则名称: rule01
- 数据表: dwd_voyah_vehicle_sales_dates
- 选择已有分区: /

监控规则: 引入20规则包, 每个包含1个校验规则

1、完整性校验:
- 生效范围: 字段级
- 字段: vin
- 统计函数: 空串数
- 期望值: = 0

2、完整性校验:
- 生效范围: 字段级
- 字段: vin
- 统计函数: 空值数
- 期望值: = 0

3、完整性校验:
- 生效范围: 字段级
- 字段: order_id
- 统计函数: 空值数
- 期望值: = 0

4、完整性校验:
- 生效范围: 字段级
- 字段: car_model
- 统计函数: 空值数
- 期望值: = 0

5、完整性校验:
- 生效范围: 字段级
- 字段: guide_price
- 统计函数: 空值数
- 期望值: = 0

6、完整性校验:
- 生效范围: 字段级
- 字段: final_price
- 统计函数: 空值数
- 期望值: = 0

7、完整性校验:
- 生效范围: 字段级
- 字段: dealer_name
- 统计函数: 空值数
- 期望值: = 0

8、完整性校验:
- 生效范围: 字段级
- 字段: order_status
- 统计函数: 空值数
- 期望值: = 0

9、完整性校验:
- 生效范围: 字段级
- 字段: factory_date
- 统计函数: 空值数
- 期望值: = 0

10、完整性校验:
- 生效范围: 字段级
- 字段: sale_date
- 统计函数: 空值数
- 期望值: = 0

11、完整性校验:
- 生效范围: 字段级
- 字段: final_price
- 统计函数: 字段取值校验
- 期望值: >= 0

12、完整性校验:
- 生效范围: 单表
- 统计函数: 表行数
- 期望值: >= 0

13、完整性校验:
- 生效范围: 多表数据行数对比
- 对比表: dwd_voyah_vehicle_sales_dates
- 分区: factory_date=20260202/sale_date=20260202

14、有效性校验:
- 字段: vin
- 统计规则: 字符串长度
- 期望值> 0

15、有效性校验:
- 字段: guide_price
- 统计规则: 数值-取值范围
- 期望值: 0 <= x <= 1000000

16、有效性校验:
- 字段: car_model
- 统计规则: 数值-枚举个数
- 期望值: = 3

17、有效性校验:
- 字段: order_id
- 统计规则: 重复数
- 期望值: = 0

18、有效性校验:
- 字段: vin
- 统计规则: 重复数
- 期望值: = 0

19、唯一性校验
- 字段: order_id
- 统计函数: 重复数
- 期望值: =0

20、唯一性校验
- 字段: order_id
- 统计函数: 重复率
- 期望值: =0


调度属性:
- 调度周期: 时
- 生效日期: T~T+1
- 间隔时间: 1小时
- 其它默认

2) 建表语句如下:
-- =========================================================
-- 1. 建表语句 (Doris DDL)
-- Doris 建议使用 OLAP 引擎，并根据 key 进行分桶
-- =========================================================
DROP TABLE IF EXISTS dwd_voyah_vehicle_sales_dates;

CREATE TABLE IF NOT EXISTS dwd_voyah_vehicle_sales_dates (
order_id        VARCHAR(64)     COMMENT &#039;销售订单号&#039;,
vin             VARCHAR(64)     COMMENT &#039;车辆识别代码(VIN)&#039;,
car_model       VARCHAR(128)    COMMENT &#039;车型名称&#039;,
guide_price     DECIMAL(20,2)   COMMENT &#039;官方指导价&#039;,
final_price     DECIMAL(20,2)   COMMENT &#039;最终成交价&#039;,
dealer_name     VARCHAR(255)    COMMENT &#039;交付中心&#039;,
order_status    INT             COMMENT &#039;状态: 3-已交付&#039;,
factory_date    VARCHAR(8)      NOT NULL COMMENT &#039;一级分区: 出厂日期 yyyyMMdd&#039;,
sale_date       VARCHAR(8)      NOT NULL COMMENT &#039;二级分区: 出售日期 yyyyMMdd&#039;
)
ENGINE=OLAP
DUPLICATE KEY(order_id, vin)
COMMENT &#039;岚图汽车销售表-用于规则配置测试&#039;
PARTITION BY LIST (factory_date, sale_date) (
PARTITION p20260115_20260201 VALUES IN ((“20260115“, “20260201“)),
PARTITION p20251220_20260201 VALUES IN ((“20251220“, “20260201“)),
PARTITION p20260301_20260201 VALUES IN ((“20260301“, “20260201“)),
PARTITION p20260201_20260201 VALUES IN ((“20260201“, “20260201“)),
PARTITION p20260202_20260202 VALUES IN ((“20260202“, “20260202“))
)
DISTRIBUTED BY HASH(order_id) BUCKETS 10
PROPERTIES (
“replication_num“ = “1“
);

-- =========================================================
-- 2. 数据插入语句 (Doris DML)
-- Doris 会根据 factory_date 和 sale_date 的值自动进入对应分区
-- =========================================================

-- 【场景A：正常数据】 4条
INSERT INTO dwd_voyah_vehicle_sales_dates
(order_id, vin, car_model, guide_price, final_price, dealer_name, order_status, factory_date, sale_date)
VALUES
(&#039;ORD_20260201_001&#039;, &#039;LTV_FREE_001&#039;, &#039;岚图FREE&#039;, 266900.00, 261900.00, &#039;武汉交付中心&#039;, 3, &#039;20260115&#039;, &#039;20260201&#039;),
(&#039;ORD_20260201_002&#039;, &#039;LTV_DREAM_002&#039;, &#039;岚图梦想家&#039;, 369900.00, 365000.00, &#039;杭州交付中心&#039;, 3, &#039;20260115&#039;, &#039;20260201&#039;),
(&#039;ORD_20260201_003&#039;, &#039;LTV_PASSION_003&#039;, &#039;岚图追光&#039;, 252800.00, 252800.00, &#039;深圳交付中心&#039;, 3, &#039;20260115&#039;, &#039;20260201&#039;),
(&#039;ORD_20260201_004&#039;, &#039;LTV_FREE_004&#039;, &#039;岚图FREE&#039;, 266900.00, 260000.00, &#039;成都交付中心&#039;, 3, &#039;20260115&#039;, &#039;20260201&#039;);

-- 【场景B：库存积压】 3条
INSERT INTO dwd_voyah_vehicle_sales_dates
VALUES
(&#039;ORD_20260201_005&#039;, &#039;LTV_DREAM_OLD_01&#039;, &#039;岚图梦想家&#039;, 339900.00, 330000.00, &#039;武汉交付中心&#039;, 3, &#039;20251220&#039;, &#039;20260201&#039;),
(&#039;ORD_20260201_006&#039;, &#039;LTV_FREE_OLD_02&#039;, &#039;岚图FREE&#039;, 266900.00, 250000.00, &#039;上海交付中心&#039;, 3, &#039;20251220&#039;, &#039;20260201&#039;),
(&#039;ORD_20260201_007&#039;, &#039;LTV_PASSION_OLD_03&#039;, &#039;岚图追光&#039;, 252800.00, 248000.00, &#039;北京交付中心&#039;, 3, &#039;20251220&#039;, &#039;20260201&#039;);

-- 【场景C：逻辑脏数据】 2条
INSERT INTO dwd_voyah_vehicle_sales_dates
VALUES
(&#039;ORD_ERR_001&#039;, &#039;LTV_FUTURE_001&#039;, &#039;岚图FREE&#039;, 266900.00, 266900.00, &#039;广州交付中心&#039;, 3, &#039;20260301&#039;, &#039;20260201&#039;),
(&#039;ORD_ERR_002&#039;, &#039;LTV_FUTURE_002&#039;, &#039;岚图梦想家&#039;, 369900.00, 369900.00, &#039;西安交付中心&#039;, 3, &#039;20260301&#039;, &#039;20260201&#039;);

-- 【场景D：极速产销】 1条
INSERT INTO dwd_voyah_vehicle_sales_dates
VALUES
(&#039;ORD_FAST_001&#039;, &#039;LTV_SPEED_001&#039;, &#039;岚图追光&#039;, 252800.00, 252800.00, &#039;武汉交付中心&#039;, 3, &#039;20260201&#039;, &#039;20260201&#039;);

-- 【场景E：字段级异常 (脏数据)】 4条
INSERT INTO dwd_voyah_vehicle_sales_dates
VALUES
(&#039;ORD_ERR_NULL&#039;, &#039;LTV_NULL_VAL&#039;, NULL, 266900.00, 260000.00, &#039;北京交付中心&#039;, 3, &#039;20260202&#039;, &#039;20260202&#039;),
(&#039;ORD_ERR_EMPTY&#039;, &#039;LTV_EMPTY_STR&#039;, &#039;岚图追光&#039;, 252800.00, 252800.00, &#039;&#039;, 3, &#039;20260202&#039;, &#039;20260202&#039;),
(&#039;ORD_ERR_NEG&#039;, &#039;LTV_NEG_PRICE&#039;, &#039;岚图梦想家&#039;, 369900.00, -100.00, &#039;成都交付中心&#039;, 3, &#039;20260202&#039;, &#039;20260202&#039;),
(&#039;ORD_ERR_BLANK&#039;, &#039;    &#039;, &#039;岚图FREE&#039;, NULL, 0.00, &#039;重庆交付中心&#039;, 3, &#039;20260202&#039;, &#039;20260202&#039;);

-- 查询分区信息（Doris 语法）
SHOW PARTITIONS FROM dwd_voyah_vehicle_sales_dates;

-- 全表查询
SELECT * FROM dwd_voyah_vehicle_sales_dates;","1. 进入【数据资产】-【数据质量】-【规则任务管理】页面
2. 选择任务rule01, 立即执行
3. 进入「校验结果查询」, 检查规则任务详情页
4. SQL验证:SELECT     *FROM (    SELECT         *,        -- [辅助计算] 针对规则 17,19,20: 计算 order_id 重复数        COUNT(1) OVER(PARTITION BY order_id) as calc_order_dup_count,        -- [辅助计算] 针对规则 18: 计算 vin 重复数        COUNT(1) OVER(PARTITION BY vin) as calc_vin_dup_count    FROM         dwd_voyah_vehicle_sales_dates) tWHERE     -- =========================================================    -- A. 完整性校验    -- =========================================================    -- 规则1: vin 空串    (trim(vin) = '') OR    -- 规则2-10: 各关键字段判空    (vin IS NULL) OR    (order_id IS NULL) OR    (car_model IS NULL) OR    (guide_price IS NULL) OR    (final_price IS NULL) OR    (dealer_name IS NULL) OR    (order_status IS NULL) OR    (factory_date IS NULL) OR    (sale_date IS NULL)    -- =========================================================    -- B. 取值范围与有效性 (规则 11, 14, 15, 16)    -- =========================================================    OR     -- 规则11: final_price < 0    (final_price < 0)        OR    -- 规则14: vin 长度 <= 0 (注: 空串/NULL已被上面捕获，此处兜底)    (length(vin) <= 0)    OR    -- 规则15: guide_price 超出 [0, 1000000] 范围    (guide_price < 0 OR guide_price > 1000000)    OR    -- 规则16: car_model 枚举校验 (假设标准值为3个: FREE, 梦想家, 追光)    -- 如果当前值不在这3个里面，且不是NULL，则视为脏数据    (car_model IS NOT NULL AND car_model NOT IN ('岚图FREE', '岚图梦想家', '岚图追光'))    -- =========================================================    -- C. 唯一性与重复性 (规则 17, 18, 19, 20)    -- =========================================================    OR    -- 规则17,19,20: order_id 出现重复 (统计数 > 1)    (calc_order_dup_count > 1)    OR    -- 规则18: vin 出现重复 (统计数 > 1)    (calc_vin_dup_count > 1);
5. 编辑规则任务rule01, 分区: factory_date=20260115/sale_date=20260201其它配置不变, 保存后重新执行任务","1. 进入成功
2. 执行成功, 校验结果: 校验不通过
3. 显示表数据中未通过的数据
4. 返回的数据与规则过滤出的数据一致
5. 执行成功, 校验结果: 校验通过","1. 
2. 
3. 
4. 
5.","","2","功能测试","功能测试阶段","正常","0","1","5","通过","向林","2026-02-06","向林","2026-02-06","1","",""
"179122","数据资产_STD(#23)","/版本迭代测试用例/v6.4.8/【岚图】【规则集管理】支持每个数据表的规则集管理(#10193)","【岚图】【规则集管理】支持每个数据表的规则集管理(#15522)","校验结果查询 ❯ Doris3.x ❯ 验证规则任务配置规则包后校验正常(1规则包 * 10校验规则)","1) 已存在规则任务, 监控规则配置如下
监控对象:
- 规则名称: rule01
- 数据表: dwd_voyah_vehicle_sales_dates
- 选择已有分区: /

监控规则: 引入规则包, 包含10个校验规则

完整性校验:
- 生效范围: 字段级
- 字段: vin
- 统计函数: 空串数
- 期望值: = 0

完整性校验:
- 生效范围: 字段级
- 字段: car_model
- 统计函数: 空值数
- 期望值: = 0

完整性校验:
- 生效范围: 字段级
- 字段: final_price
- 统计函数: 字段取值校验
- 期望值: >= 0

完整性校验:
- 生效范围: 单表
- 统计函数: 表行数
- 期望值: >= 0

完整性校验:
- 生效范围: 多表数据行数对比
- 对比表: dwd_voyah_vehicle_sales_dates
- 分区: factory_date=20260202/sale_date=20260202

有效性校验:
- 字段: vin
- 统计规则: 字符串长度
- 期望值> 0

有效性校验:
- 字段: guide_price
- 统计规则: 数值-取值范围
- 期望值: 0 <= x <= 1000000

有效性校验:
- 字段: car_model
- 统计规则: 数值-枚举个数
- 期望值: = 3

唯一性校验
- 字段: order_id
- 统计函数: 重复数
- 期望值: =0

唯一性校验
- 字段: order_id
- 统计函数: 重复率
- 期望值: =0



调度属性:
- 调度周期: 时
- 生效日期: T~T+1
- 间隔时间: 1小时
- 其它默认

2) 建表语句如下:
-- =========================================================
-- 1. 建表语句 (Doris DDL)
-- Doris 建议使用 OLAP 引擎，并根据 key 进行分桶
-- =========================================================
DROP TABLE IF EXISTS dwd_voyah_vehicle_sales_dates;

CREATE TABLE IF NOT EXISTS dwd_voyah_vehicle_sales_dates (
order_id        VARCHAR(64)     COMMENT &#039;销售订单号&#039;,
vin             VARCHAR(64)     COMMENT &#039;车辆识别代码(VIN)&#039;,
car_model       VARCHAR(128)    COMMENT &#039;车型名称&#039;,
guide_price     DECIMAL(20,2)   COMMENT &#039;官方指导价&#039;,
final_price     DECIMAL(20,2)   COMMENT &#039;最终成交价&#039;,
dealer_name     VARCHAR(255)    COMMENT &#039;交付中心&#039;,
order_status    INT             COMMENT &#039;状态: 3-已交付&#039;,
factory_date    VARCHAR(8)      NOT NULL COMMENT &#039;一级分区: 出厂日期 yyyyMMdd&#039;,
sale_date       VARCHAR(8)      NOT NULL COMMENT &#039;二级分区: 出售日期 yyyyMMdd&#039;
)
ENGINE=OLAP
DUPLICATE KEY(order_id, vin)
COMMENT &#039;岚图汽车销售表-用于规则配置测试&#039;
PARTITION BY LIST (factory_date, sale_date) (
PARTITION p20260115_20260201 VALUES IN ((“20260115“, “20260201“)),
PARTITION p20251220_20260201 VALUES IN ((“20251220“, “20260201“)),
PARTITION p20260301_20260201 VALUES IN ((“20260301“, “20260201“)),
PARTITION p20260201_20260201 VALUES IN ((“20260201“, “20260201“)),
PARTITION p20260202_20260202 VALUES IN ((“20260202“, “20260202“))
)
DISTRIBUTED BY HASH(order_id) BUCKETS 10
PROPERTIES (
“replication_num“ = “1“
);

-- =========================================================
-- 2. 数据插入语句 (Doris DML)
-- Doris 会根据 factory_date 和 sale_date 的值自动进入对应分区
-- =========================================================

-- 【场景A：正常数据】 4条
INSERT INTO dwd_voyah_vehicle_sales_dates
(order_id, vin, car_model, guide_price, final_price, dealer_name, order_status, factory_date, sale_date)
VALUES
(&#039;ORD_20260201_001&#039;, &#039;LTV_FREE_001&#039;, &#039;岚图FREE&#039;, 266900.00, 261900.00, &#039;武汉交付中心&#039;, 3, &#039;20260115&#039;, &#039;20260201&#039;),
(&#039;ORD_20260201_002&#039;, &#039;LTV_DREAM_002&#039;, &#039;岚图梦想家&#039;, 369900.00, 365000.00, &#039;杭州交付中心&#039;, 3, &#039;20260115&#039;, &#039;20260201&#039;),
(&#039;ORD_20260201_003&#039;, &#039;LTV_PASSION_003&#039;, &#039;岚图追光&#039;, 252800.00, 252800.00, &#039;深圳交付中心&#039;, 3, &#039;20260115&#039;, &#039;20260201&#039;),
(&#039;ORD_20260201_004&#039;, &#039;LTV_FREE_004&#039;, &#039;岚图FREE&#039;, 266900.00, 260000.00, &#039;成都交付中心&#039;, 3, &#039;20260115&#039;, &#039;20260201&#039;);

-- 【场景B：库存积压】 3条
INSERT INTO dwd_voyah_vehicle_sales_dates
VALUES
(&#039;ORD_20260201_005&#039;, &#039;LTV_DREAM_OLD_01&#039;, &#039;岚图梦想家&#039;, 339900.00, 330000.00, &#039;武汉交付中心&#039;, 3, &#039;20251220&#039;, &#039;20260201&#039;),
(&#039;ORD_20260201_006&#039;, &#039;LTV_FREE_OLD_02&#039;, &#039;岚图FREE&#039;, 266900.00, 250000.00, &#039;上海交付中心&#039;, 3, &#039;20251220&#039;, &#039;20260201&#039;),
(&#039;ORD_20260201_007&#039;, &#039;LTV_PASSION_OLD_03&#039;, &#039;岚图追光&#039;, 252800.00, 248000.00, &#039;北京交付中心&#039;, 3, &#039;20251220&#039;, &#039;20260201&#039;);

-- 【场景C：逻辑脏数据】 2条
INSERT INTO dwd_voyah_vehicle_sales_dates
VALUES
(&#039;ORD_ERR_001&#039;, &#039;LTV_FUTURE_001&#039;, &#039;岚图FREE&#039;, 266900.00, 266900.00, &#039;广州交付中心&#039;, 3, &#039;20260301&#039;, &#039;20260201&#039;),
(&#039;ORD_ERR_002&#039;, &#039;LTV_FUTURE_002&#039;, &#039;岚图梦想家&#039;, 369900.00, 369900.00, &#039;西安交付中心&#039;, 3, &#039;20260301&#039;, &#039;20260201&#039;);

-- 【场景D：极速产销】 1条
INSERT INTO dwd_voyah_vehicle_sales_dates
VALUES
(&#039;ORD_FAST_001&#039;, &#039;LTV_SPEED_001&#039;, &#039;岚图追光&#039;, 252800.00, 252800.00, &#039;武汉交付中心&#039;, 3, &#039;20260201&#039;, &#039;20260201&#039;);

-- 【场景E：字段级异常 (脏数据)】 4条
INSERT INTO dwd_voyah_vehicle_sales_dates
VALUES
(&#039;ORD_ERR_NULL&#039;, &#039;LTV_NULL_VAL&#039;, NULL, 266900.00, 260000.00, &#039;北京交付中心&#039;, 3, &#039;20260202&#039;, &#039;20260202&#039;),
(&#039;ORD_ERR_EMPTY&#039;, &#039;LTV_EMPTY_STR&#039;, &#039;岚图追光&#039;, 252800.00, 252800.00, &#039;&#039;, 3, &#039;20260202&#039;, &#039;20260202&#039;),
(&#039;ORD_ERR_NEG&#039;, &#039;LTV_NEG_PRICE&#039;, &#039;岚图梦想家&#039;, 369900.00, -100.00, &#039;成都交付中心&#039;, 3, &#039;20260202&#039;, &#039;20260202&#039;),
(&#039;ORD_ERR_BLANK&#039;, &#039;    &#039;, &#039;岚图FREE&#039;, NULL, 0.00, &#039;重庆交付中心&#039;, 3, &#039;20260202&#039;, &#039;20260202&#039;);

-- 查询分区信息（Doris 语法）
SHOW PARTITIONS FROM dwd_voyah_vehicle_sales_dates;

-- 全表查询
SELECT * FROM dwd_voyah_vehicle_sales_dates;","1. 进入【数据资产】-【数据质量】-【规则任务管理】页面
2. 选择任务rule01, 立即执行
3. 进入「校验结果查询」, 检查规则任务详情页
4. SQL验证:SELECT     *FROM (    SELECT         *,        -- [辅助计算] 唯一性校验: 计算 order_id 的重复次数        COUNT(1) OVER(PARTITION BY order_id) as order_dup_count    FROM         dwd_voyah_vehicle_sales_dates) tWHERE     -- ---------------------------------------------------------    -- 1. 完整性校验 (字段级)    -- ---------------------------------------------------------    -- 规则: vin 空串数=0 (即: 找出 vin 为空串的数据)    (trim(vin) = '')        OR         -- 规则: car_model 空值数=0 (即: 找出 car_model 为 NULL 的数据)    (car_model IS NULL)        OR         -- 规则: final_price 期望值 >= 0 (即: 找出 < 0 的数据)    (final_price < 0)    -- ---------------------------------------------------------    -- 2. 有效性校验    -- ---------------------------------------------------------    -- 规则: vin 字符串长度 > 0 (即: 找出长度 <= 0 或 NULL 的数据)    -- 注: 此规则与上面的“空串数“、“空值数“有重叠，此处做兜底    OR (length(vin) <= 0 OR vin IS NULL)        -- 规则: guide_price 取值范围 [0, 1000000] (即: 找出在此范围之外的数据)    OR (guide_price < 0 OR guide_price > 1000000)        -- 规则: car_model 枚举个数 = 3 (即: 找出不属于这3个标准车型的数据)    -- 假设标准枚举值为: 岚图FREE, 岚图梦想家, 岚图追光    -- 注: NULL值已被前面的完整性校验捕获，此处主要校验“未知枚举值“    OR (car_model IS NOT NULL AND car_model NOT IN ('岚图FREE', '岚图梦想家', '岚图追光'))    -- ---------------------------------------------------------    -- 3. 唯一性校验    -- ---------------------------------------------------------    -- 规则: order_id 重复数/重复率期望为0 (即: 找出重复出现的订单)    OR (order_dup_count > 1);
5. 编辑规则任务rule01, 分区: factory_date=20260115/sale_date=20260201其它配置不变, 保存后重新执行任务","1. 进入成功
2. 执行成功, 校验结果: 校验不通过
3. 显示表数据中未通过的数据
4. 返回的数据与规则过滤出的数据一致
5. 执行成功, 校验结果: 校验通过","1. 
2. 
3. 
4. 
5.","","2","功能测试","功能测试阶段","正常","0","1","5","通过","向林","2026-02-06","向林","2026-02-06","1","",""
"179121","数据资产_STD(#23)","/版本迭代测试用例/v6.4.8/【岚图】【规则集管理】支持每个数据表的规则集管理(#10193)","【岚图】【规则集管理】支持每个数据表的规则集管理(#15522)","校验结果查询 ❯ Doris3.x ❯ 验证规则任务配置规则包后校验正常(2规则包 * 2校验规则)","建表语句如下:
-- =========================================================
-- 1. 建表语句 (Doris DDL)
-- Doris 建议使用 OLAP 引擎，并根据 key 进行分桶
-- =========================================================
DROP TABLE IF EXISTS dwd_voyah_vehicle_sales_dates;

CREATE TABLE IF NOT EXISTS dwd_voyah_vehicle_sales_dates (
order_id        VARCHAR(64)     COMMENT &#039;销售订单号&#039;,
vin             VARCHAR(64)     COMMENT &#039;车辆识别代码(VIN)&#039;,
car_model       VARCHAR(128)    COMMENT &#039;车型名称&#039;,
guide_price     DECIMAL(20,2)   COMMENT &#039;官方指导价&#039;,
final_price     DECIMAL(20,2)   COMMENT &#039;最终成交价&#039;,
dealer_name     VARCHAR(255)    COMMENT &#039;交付中心&#039;,
order_status    INT             COMMENT &#039;状态: 3-已交付&#039;,
factory_date    VARCHAR(8)      NOT NULL COMMENT &#039;一级分区: 出厂日期 yyyyMMdd&#039;,
sale_date       VARCHAR(8)      NOT NULL COMMENT &#039;二级分区: 出售日期 yyyyMMdd&#039;
)
ENGINE=OLAP
DUPLICATE KEY(order_id, vin)
COMMENT &#039;岚图汽车销售表-用于规则配置测试&#039;
PARTITION BY LIST (factory_date, sale_date) (
PARTITION p20260115_20260201 VALUES IN ((“20260115“, “20260201“)),
PARTITION p20251220_20260201 VALUES IN ((“20251220“, “20260201“)),
PARTITION p20260301_20260201 VALUES IN ((“20260301“, “20260201“)),
PARTITION p20260201_20260201 VALUES IN ((“20260201“, “20260201“)),
PARTITION p20260202_20260202 VALUES IN ((“20260202“, “20260202“))
)
DISTRIBUTED BY HASH(order_id) BUCKETS 10
PROPERTIES (
“replication_num“ = “1“
);

-- =========================================================
-- 2. 数据插入语句 (Doris DML)
-- Doris 会根据 factory_date 和 sale_date 的值自动进入对应分区
-- =========================================================

-- 【场景A：正常数据】 4条
INSERT INTO dwd_voyah_vehicle_sales_dates
(order_id, vin, car_model, guide_price, final_price, dealer_name, order_status, factory_date, sale_date)
VALUES
(&#039;ORD_20260201_001&#039;, &#039;LTV_FREE_001&#039;, &#039;岚图FREE&#039;, 266900.00, 261900.00, &#039;武汉交付中心&#039;, 3, &#039;20260115&#039;, &#039;20260201&#039;),
(&#039;ORD_20260201_002&#039;, &#039;LTV_DREAM_002&#039;, &#039;岚图梦想家&#039;, 369900.00, 365000.00, &#039;杭州交付中心&#039;, 3, &#039;20260115&#039;, &#039;20260201&#039;),
(&#039;ORD_20260201_003&#039;, &#039;LTV_PASSION_003&#039;, &#039;岚图追光&#039;, 252800.00, 252800.00, &#039;深圳交付中心&#039;, 3, &#039;20260115&#039;, &#039;20260201&#039;),
(&#039;ORD_20260201_004&#039;, &#039;LTV_FREE_004&#039;, &#039;岚图FREE&#039;, 266900.00, 260000.00, &#039;成都交付中心&#039;, 3, &#039;20260115&#039;, &#039;20260201&#039;);

-- 【场景B：库存积压】 3条
INSERT INTO dwd_voyah_vehicle_sales_dates
VALUES
(&#039;ORD_20260201_005&#039;, &#039;LTV_DREAM_OLD_01&#039;, &#039;岚图梦想家&#039;, 339900.00, 330000.00, &#039;武汉交付中心&#039;, 3, &#039;20251220&#039;, &#039;20260201&#039;),
(&#039;ORD_20260201_006&#039;, &#039;LTV_FREE_OLD_02&#039;, &#039;岚图FREE&#039;, 266900.00, 250000.00, &#039;上海交付中心&#039;, 3, &#039;20251220&#039;, &#039;20260201&#039;),
(&#039;ORD_20260201_007&#039;, &#039;LTV_PASSION_OLD_03&#039;, &#039;岚图追光&#039;, 252800.00, 248000.00, &#039;北京交付中心&#039;, 3, &#039;20251220&#039;, &#039;20260201&#039;);

-- 【场景C：逻辑脏数据】 2条
INSERT INTO dwd_voyah_vehicle_sales_dates
VALUES
(&#039;ORD_ERR_001&#039;, &#039;LTV_FUTURE_001&#039;, &#039;岚图FREE&#039;, 266900.00, 266900.00, &#039;广州交付中心&#039;, 3, &#039;20260301&#039;, &#039;20260201&#039;),
(&#039;ORD_ERR_002&#039;, &#039;LTV_FUTURE_002&#039;, &#039;岚图梦想家&#039;, 369900.00, 369900.00, &#039;西安交付中心&#039;, 3, &#039;20260301&#039;, &#039;20260201&#039;);

-- 【场景D：极速产销】 1条
INSERT INTO dwd_voyah_vehicle_sales_dates
VALUES
(&#039;ORD_FAST_001&#039;, &#039;LTV_SPEED_001&#039;, &#039;岚图追光&#039;, 252800.00, 252800.00, &#039;武汉交付中心&#039;, 3, &#039;20260201&#039;, &#039;20260201&#039;);

-- 【场景E：字段级异常 (脏数据)】 4条
INSERT INTO dwd_voyah_vehicle_sales_dates
VALUES
(&#039;ORD_ERR_NULL&#039;, &#039;LTV_NULL_VAL&#039;, NULL, 266900.00, 260000.00, &#039;北京交付中心&#039;, 3, &#039;20260202&#039;, &#039;20260202&#039;),
(&#039;ORD_ERR_EMPTY&#039;, &#039;LTV_EMPTY_STR&#039;, &#039;岚图追光&#039;, 252800.00, 252800.00, &#039;&#039;, 3, &#039;20260202&#039;, &#039;20260202&#039;),
(&#039;ORD_ERR_NEG&#039;, &#039;LTV_NEG_PRICE&#039;, &#039;岚图梦想家&#039;, 369900.00, -100.00, &#039;成都交付中心&#039;, 3, &#039;20260202&#039;, &#039;20260202&#039;),
(&#039;ORD_ERR_BLANK&#039;, &#039;    &#039;, &#039;岚图FREE&#039;, NULL, 0.00, &#039;重庆交付中心&#039;, 3, &#039;20260202&#039;, &#039;20260202&#039;);

-- 查询分区信息（Doris 语法）
SHOW PARTITIONS FROM dwd_voyah_vehicle_sales_dates;

-- 全表查询
SELECT * FROM dwd_voyah_vehicle_sales_dates;","1. 进入【数据资产】-【数据质量】-【规则任务管理】页面
2. 新建监控规则, 配置如下:1) 监控对象: - 规则名称: rule01- 数据表: dwd_voyah_sales_time_quality- 选择分区: pt_date='20260204' / data_type='abnormal_monotonicity'2) 监控规则: 引入规则包1(一致性校验、合理性校验)、规则包2(时效性校验)一致性校验: - 校验类型: 多表数据一致性对比- 校验字段: /- 校验表主键: order_id- 对比表1: dwd_voyah_sales_time_quality02- 输入分区: pt_date=20260203/data_type='normal'- 对比表主键: order_id合理性校验:- 字段: order_id- 统计函数: 数据变化趋势- 过滤条件: /- 排序字段: order_id- 校验方法: 单调递增时效性校验- 字段: order_id- 统计函数: 周期性校验（单字段时间差校验）- 过滤条件: /- 排序字段: order_id- 时间差: <= 1 秒时效性校验- 字段: order_id- 统计函数: 及时性校验（多字段时间差校验）- 对比字段组1: order_time, payment_time- 时间差: <= 1 秒- 大小关系: order_time < payment_time3) 调度属性:- 调度周期: 时- 生效日期: T~T+1- 间隔时间: 1小时- 其它默认
3. 选择任务rule01, 立即执行
4. 进入「校验结果查询」, 检查规则任务详情页
5. SQL验证:WITH iqr_stats AS (    -- 计算 guide_price 的四分位数和 IQR 阈值    SELECT         percentile_approx(guide_price, 0.25) as q1,        percentile_approx(guide_price, 0.75) as q3,        (percentile_approx(guide_price, 0.75) - percentile_approx(guide_price, 0.25)) * 1.5 as iqr_range    FROM dwd_voyah_vehicle_sales_dates),duplicate_orders AS (    -- 识别 order_id 重复的数据    SELECT order_id    FROM dwd_voyah_vehicle_sales_dates    GROUP BY order_id    HAVING COUNT(1) > 1)SELECT     t.*,    CASE         WHEN t.final_price < 0 OR t.final_price IS NULL THEN '完整性校验异常:成交价<0或为空'        WHEN length(trim(t.vin)) = 0 OR t.vin IS NULL THEN '有效性校验异常:VIN长度<=0'        WHEN d.order_id IS NOT NULL THEN '唯一性校验异常:订单号重复'        WHEN t.guide_price < (i.q1 - i.iqr_range) OR t.guide_price > (i.q3 + i.iqr_range) THEN '统计性校验异常:指导价IQR离群'        ELSE NULL     END AS error_reasonFROM     dwd_voyah_vehicle_sales_dates tCROSS JOIN iqr_stats iLEFT JOIN duplicate_orders d ON t.order_id = d.order_idWHERE     -- 1. 完整性校验: final_price < 0 或 NULL    (t.final_price < 0 OR t.final_price IS NULL)        -- 2. 有效性校验: vin 长度 <= 0 (含纯空格或NULL)    OR (length(trim(t.vin)) = 0 OR t.vin IS NULL)        -- 3. 唯一性校验: order_id 重复    OR (d.order_id IS NOT NULL)        -- 4. 统计性校验: guide_price 为 IQR 离群点    OR (t.guide_price < (i.q1 - i.iqr_range) OR t.guide_price > (i.q3 + i.iqr_range));
6. 编辑规则任务rule01, 分区: factory_date=20260115/sale_date=20260201其它配置不变, 保存后重新执行任务","1. 进入成功
2. 配置成功
3. 执行成功, 校验结果: 校验不通过
4. 显示表数据中未通过的数据
5. 返回的数据与规则过滤出的数据一致
6. 执行成功, 校验结果: 校验通过","1. 
2. 
3. 
4. 
5. 
6.","","2","功能测试","功能测试阶段","正常","0","1","6","通过","向林","2026-02-06","向林","2026-02-06","1","",""
"179120","数据资产_STD(#23)","/版本迭代测试用例/v6.4.8/【岚图】【规则集管理】支持每个数据表的规则集管理(#10193)","【岚图】【规则集管理】支持每个数据表的规则集管理(#15522)","校验结果查询 ❯ Doris3.x ❯ 验证规则任务配置规则包后校验正常(1规则包 * 3校验规则)","建表语句如下:
-- =========================================================
-- 1. 建表语句 (Doris DDL)
-- Doris 建议使用 OLAP 引擎，并根据 key 进行分桶
-- =========================================================
DROP TABLE IF EXISTS dwd_voyah_vehicle_sales_dates;

CREATE TABLE IF NOT EXISTS dwd_voyah_vehicle_sales_dates (
order_id        VARCHAR(64)     COMMENT &#039;销售订单号&#039;,
vin             VARCHAR(64)     COMMENT &#039;车辆识别代码(VIN)&#039;,
car_model       VARCHAR(128)    COMMENT &#039;车型名称&#039;,
guide_price     DECIMAL(20,2)   COMMENT &#039;官方指导价&#039;,
final_price     DECIMAL(20,2)   COMMENT &#039;最终成交价&#039;,
dealer_name     VARCHAR(255)    COMMENT &#039;交付中心&#039;,
order_status    INT             COMMENT &#039;状态: 3-已交付&#039;,
factory_date    VARCHAR(8)      NOT NULL COMMENT &#039;一级分区: 出厂日期 yyyyMMdd&#039;,
sale_date       VARCHAR(8)      NOT NULL COMMENT &#039;二级分区: 出售日期 yyyyMMdd&#039;
)
ENGINE=OLAP
DUPLICATE KEY(order_id, vin)
COMMENT &#039;岚图汽车销售表-用于规则配置测试&#039;
PARTITION BY LIST (factory_date, sale_date) (
PARTITION p20260115_20260201 VALUES IN ((“20260115“, “20260201“)),
PARTITION p20251220_20260201 VALUES IN ((“20251220“, “20260201“)),
PARTITION p20260301_20260201 VALUES IN ((“20260301“, “20260201“)),
PARTITION p20260201_20260201 VALUES IN ((“20260201“, “20260201“)),
PARTITION p20260202_20260202 VALUES IN ((“20260202“, “20260202“))
)
DISTRIBUTED BY HASH(order_id) BUCKETS 10
PROPERTIES (
“replication_num“ = “1“
);

-- =========================================================
-- 2. 数据插入语句 (Doris DML)
-- Doris 会根据 factory_date 和 sale_date 的值自动进入对应分区
-- =========================================================

-- 【场景A：正常数据】 4条
INSERT INTO dwd_voyah_vehicle_sales_dates
(order_id, vin, car_model, guide_price, final_price, dealer_name, order_status, factory_date, sale_date)
VALUES
(&#039;ORD_20260201_001&#039;, &#039;LTV_FREE_001&#039;, &#039;岚图FREE&#039;, 266900.00, 261900.00, &#039;武汉交付中心&#039;, 3, &#039;20260115&#039;, &#039;20260201&#039;),
(&#039;ORD_20260201_002&#039;, &#039;LTV_DREAM_002&#039;, &#039;岚图梦想家&#039;, 369900.00, 365000.00, &#039;杭州交付中心&#039;, 3, &#039;20260115&#039;, &#039;20260201&#039;),
(&#039;ORD_20260201_003&#039;, &#039;LTV_PASSION_003&#039;, &#039;岚图追光&#039;, 252800.00, 252800.00, &#039;深圳交付中心&#039;, 3, &#039;20260115&#039;, &#039;20260201&#039;),
(&#039;ORD_20260201_004&#039;, &#039;LTV_FREE_004&#039;, &#039;岚图FREE&#039;, 266900.00, 260000.00, &#039;成都交付中心&#039;, 3, &#039;20260115&#039;, &#039;20260201&#039;);

-- 【场景B：库存积压】 3条
INSERT INTO dwd_voyah_vehicle_sales_dates
VALUES
(&#039;ORD_20260201_005&#039;, &#039;LTV_DREAM_OLD_01&#039;, &#039;岚图梦想家&#039;, 339900.00, 330000.00, &#039;武汉交付中心&#039;, 3, &#039;20251220&#039;, &#039;20260201&#039;),
(&#039;ORD_20260201_006&#039;, &#039;LTV_FREE_OLD_02&#039;, &#039;岚图FREE&#039;, 266900.00, 250000.00, &#039;上海交付中心&#039;, 3, &#039;20251220&#039;, &#039;20260201&#039;),
(&#039;ORD_20260201_007&#039;, &#039;LTV_PASSION_OLD_03&#039;, &#039;岚图追光&#039;, 252800.00, 248000.00, &#039;北京交付中心&#039;, 3, &#039;20251220&#039;, &#039;20260201&#039;);

-- 【场景C：逻辑脏数据】 2条
INSERT INTO dwd_voyah_vehicle_sales_dates
VALUES
(&#039;ORD_ERR_001&#039;, &#039;LTV_FUTURE_001&#039;, &#039;岚图FREE&#039;, 266900.00, 266900.00, &#039;广州交付中心&#039;, 3, &#039;20260301&#039;, &#039;20260201&#039;),
(&#039;ORD_ERR_002&#039;, &#039;LTV_FUTURE_002&#039;, &#039;岚图梦想家&#039;, 369900.00, 369900.00, &#039;西安交付中心&#039;, 3, &#039;20260301&#039;, &#039;20260201&#039;);

-- 【场景D：极速产销】 1条
INSERT INTO dwd_voyah_vehicle_sales_dates
VALUES
(&#039;ORD_FAST_001&#039;, &#039;LTV_SPEED_001&#039;, &#039;岚图追光&#039;, 252800.00, 252800.00, &#039;武汉交付中心&#039;, 3, &#039;20260201&#039;, &#039;20260201&#039;);

-- 【场景E：字段级异常 (脏数据)】 4条
INSERT INTO dwd_voyah_vehicle_sales_dates
VALUES
(&#039;ORD_ERR_NULL&#039;, &#039;LTV_NULL_VAL&#039;, NULL, 266900.00, 260000.00, &#039;北京交付中心&#039;, 3, &#039;20260202&#039;, &#039;20260202&#039;),
(&#039;ORD_ERR_EMPTY&#039;, &#039;LTV_EMPTY_STR&#039;, &#039;岚图追光&#039;, 252800.00, 252800.00, &#039;&#039;, 3, &#039;20260202&#039;, &#039;20260202&#039;),
(&#039;ORD_ERR_NEG&#039;, &#039;LTV_NEG_PRICE&#039;, &#039;岚图梦想家&#039;, 369900.00, -100.00, &#039;成都交付中心&#039;, 3, &#039;20260202&#039;, &#039;20260202&#039;),
(&#039;ORD_ERR_BLANK&#039;, &#039;    &#039;, &#039;岚图FREE&#039;, NULL, 0.00, &#039;重庆交付中心&#039;, 3, &#039;20260202&#039;, &#039;20260202&#039;);

-- 查询分区信息（Doris 语法）
SHOW PARTITIONS FROM dwd_voyah_vehicle_sales_dates;

-- 全表查询
SELECT * FROM dwd_voyah_vehicle_sales_dates;","1. 进入【数据资产】-【数据质量】-【规则任务管理】页面
2. 新建监控规则, 配置如下:1) 监控对象: - 规则名称: rule01- 数据表: dwd_voyah_vehicle_sales_dates- 选择分区: /2) 监控规则: 引入规则包、规则类型(完整性校验)完整性校验: - 生效范围: 字段级- 字段: final_price- 统计函数: 字段取值校验- 期望值: >= 0有效性校验:- 字段: vin- 统计规则: 字符串长度 - 校验方法: 固定制- 期望值> 0唯一性校验- 字段: order_id- 统计函数: 重复数- 校验方法: 固定值- 期望值: =03) 调度属性:- 调度周期: 时- 生效日期: T~T+1- 间隔时间: 1小时- 其它默认- 实例生成方式: 「立即生成」
3. 选择任务rule01, 立即执行
4. 进入「校验结果查询」, 检查规则任务详情页
5. SQL验证:SELECT * FROM dwd_voyah_vehicle_sales_dates WHERE     -- 1. 完整性校验异常 (final_price < 0 或为 NULL)    (final_price < 0 OR final_price IS NULL)        OR        -- 2. 有效性校验异常 (vin 长度 <= 0，包含 NULL 或 纯空格字符串)    (length(trim(vin)) = 0 OR vin IS NULL)        OR        -- 3. 唯一性校验异常 (order_id 重复)    order_id IN (        SELECT order_id         FROM dwd_voyah_vehicle_sales_dates         GROUP BY order_id         HAVING COUNT(1) > 1    );
6. 编辑规则任务rule01, 分区: factory_date=20260115/sale_date=20260201其它配置不变, 保存后重新执行任务","1. 进入成功
2. 配置成功
3. 执行成功, 校验结果: 校验不通过
4. 显示表数据中未通过的数据
5. 返回的数据与规则过滤出的数据一致
6. 执行成功, 校验结果: 校验通过","1. 
2. 
3. 
4. 
5. 
6.","","2","功能测试","功能测试阶段","正常","0","1","6","通过","向林","2026-02-06","向林","2026-02-06","1","",""
"179119","数据资产_STD(#23)","/版本迭代测试用例/v6.4.8/【岚图】【规则集管理】支持每个数据表的规则集管理(#10193)","【岚图】【规则集管理】支持每个数据表的规则集管理(#15522)","校验结果查询 ❯ Doris3.x ❯ 验证规则任务配置规则包后校验正常(1规则包 * 1校验规则)","建表语句如下:
-- =========================================================
-- 1. 建表语句 (Doris DDL)
-- Doris 建议使用 OLAP 引擎，并根据 key 进行分桶
-- =========================================================
DROP TABLE IF EXISTS dwd_voyah_vehicle_sales_dates;

CREATE TABLE IF NOT EXISTS dwd_voyah_vehicle_sales_dates (
order_id        VARCHAR(64)     COMMENT &#039;销售订单号&#039;,
vin             VARCHAR(64)     COMMENT &#039;车辆识别代码(VIN)&#039;,
car_model       VARCHAR(128)    COMMENT &#039;车型名称&#039;,
guide_price     DECIMAL(20,2)   COMMENT &#039;官方指导价&#039;,
final_price     DECIMAL(20,2)   COMMENT &#039;最终成交价&#039;,
dealer_name     VARCHAR(255)    COMMENT &#039;交付中心&#039;,
order_status    INT             COMMENT &#039;状态: 3-已交付&#039;,
factory_date    VARCHAR(8)      NOT NULL COMMENT &#039;一级分区: 出厂日期 yyyyMMdd&#039;,
sale_date       VARCHAR(8)      NOT NULL COMMENT &#039;二级分区: 出售日期 yyyyMMdd&#039;
)
ENGINE=OLAP
DUPLICATE KEY(order_id, vin)
COMMENT &#039;岚图汽车销售表-用于规则配置测试&#039;
PARTITION BY LIST (factory_date, sale_date) (
PARTITION p20260115_20260201 VALUES IN ((“20260115“, “20260201“)),
PARTITION p20251220_20260201 VALUES IN ((“20251220“, “20260201“)),
PARTITION p20260301_20260201 VALUES IN ((“20260301“, “20260201“)),
PARTITION p20260201_20260201 VALUES IN ((“20260201“, “20260201“)),
PARTITION p20260202_20260202 VALUES IN ((“20260202“, “20260202“))
)
DISTRIBUTED BY HASH(order_id) BUCKETS 10
PROPERTIES (
“replication_num“ = “1“
);

-- =========================================================
-- 2. 数据插入语句 (Doris DML)
-- Doris 会根据 factory_date 和 sale_date 的值自动进入对应分区
-- =========================================================

-- 【场景A：正常数据】 4条
INSERT INTO dwd_voyah_vehicle_sales_dates
(order_id, vin, car_model, guide_price, final_price, dealer_name, order_status, factory_date, sale_date)
VALUES
(&#039;ORD_20260201_001&#039;, &#039;LTV_FREE_001&#039;, &#039;岚图FREE&#039;, 266900.00, 261900.00, &#039;武汉交付中心&#039;, 3, &#039;20260115&#039;, &#039;20260201&#039;),
(&#039;ORD_20260201_002&#039;, &#039;LTV_DREAM_002&#039;, &#039;岚图梦想家&#039;, 369900.00, 365000.00, &#039;杭州交付中心&#039;, 3, &#039;20260115&#039;, &#039;20260201&#039;),
(&#039;ORD_20260201_003&#039;, &#039;LTV_PASSION_003&#039;, &#039;岚图追光&#039;, 252800.00, 252800.00, &#039;深圳交付中心&#039;, 3, &#039;20260115&#039;, &#039;20260201&#039;),
(&#039;ORD_20260201_004&#039;, &#039;LTV_FREE_004&#039;, &#039;岚图FREE&#039;, 266900.00, 260000.00, &#039;成都交付中心&#039;, 3, &#039;20260115&#039;, &#039;20260201&#039;);

-- 【场景B：库存积压】 3条
INSERT INTO dwd_voyah_vehicle_sales_dates
VALUES
(&#039;ORD_20260201_005&#039;, &#039;LTV_DREAM_OLD_01&#039;, &#039;岚图梦想家&#039;, 339900.00, 330000.00, &#039;武汉交付中心&#039;, 3, &#039;20251220&#039;, &#039;20260201&#039;),
(&#039;ORD_20260201_006&#039;, &#039;LTV_FREE_OLD_02&#039;, &#039;岚图FREE&#039;, 266900.00, 250000.00, &#039;上海交付中心&#039;, 3, &#039;20251220&#039;, &#039;20260201&#039;),
(&#039;ORD_20260201_007&#039;, &#039;LTV_PASSION_OLD_03&#039;, &#039;岚图追光&#039;, 252800.00, 248000.00, &#039;北京交付中心&#039;, 3, &#039;20251220&#039;, &#039;20260201&#039;);

-- 【场景C：逻辑脏数据】 2条
INSERT INTO dwd_voyah_vehicle_sales_dates
VALUES
(&#039;ORD_ERR_001&#039;, &#039;LTV_FUTURE_001&#039;, &#039;岚图FREE&#039;, 266900.00, 266900.00, &#039;广州交付中心&#039;, 3, &#039;20260301&#039;, &#039;20260201&#039;),
(&#039;ORD_ERR_002&#039;, &#039;LTV_FUTURE_002&#039;, &#039;岚图梦想家&#039;, 369900.00, 369900.00, &#039;西安交付中心&#039;, 3, &#039;20260301&#039;, &#039;20260201&#039;);

-- 【场景D：极速产销】 1条
INSERT INTO dwd_voyah_vehicle_sales_dates
VALUES
(&#039;ORD_FAST_001&#039;, &#039;LTV_SPEED_001&#039;, &#039;岚图追光&#039;, 252800.00, 252800.00, &#039;武汉交付中心&#039;, 3, &#039;20260201&#039;, &#039;20260201&#039;);

-- 【场景E：字段级异常 (脏数据)】 4条
INSERT INTO dwd_voyah_vehicle_sales_dates
VALUES
(&#039;ORD_ERR_NULL&#039;, &#039;LTV_NULL_VAL&#039;, NULL, 266900.00, 260000.00, &#039;北京交付中心&#039;, 3, &#039;20260202&#039;, &#039;20260202&#039;),
(&#039;ORD_ERR_EMPTY&#039;, &#039;LTV_EMPTY_STR&#039;, &#039;岚图追光&#039;, 252800.00, 252800.00, &#039;&#039;, 3, &#039;20260202&#039;, &#039;20260202&#039;),
(&#039;ORD_ERR_NEG&#039;, &#039;LTV_NEG_PRICE&#039;, &#039;岚图梦想家&#039;, 369900.00, -100.00, &#039;成都交付中心&#039;, 3, &#039;20260202&#039;, &#039;20260202&#039;),
(&#039;ORD_ERR_BLANK&#039;, &#039;    &#039;, &#039;岚图FREE&#039;, NULL, 0.00, &#039;重庆交付中心&#039;, 3, &#039;20260202&#039;, &#039;20260202&#039;);

-- 查询分区信息（Doris 语法）
SHOW PARTITIONS FROM dwd_voyah_vehicle_sales_dates;

-- 全表查询
SELECT * FROM dwd_voyah_vehicle_sales_dates;","1. 进入【数据资产】-【数据质量】-【规则任务管理】页面
2. 新建监控规则, 配置如下:1) 监控对象: - 规则名称: rule01- 数据表: dwd_voyah_vehicle_sales_dates- 选择分区: /2) 监控规则: 引入规则包、规则类型(完整性校验)完整性校验: - 生效范围: 字段级- 字段: final_price- 统计函数: 字段取值校验- 期望值: >= 03) 调度属性:- 调度周期: 时- 生效日期: T~T+1- 间隔时间: 1小时- 其它默认- 实例生成方式: 「立即生成」
3. 选择任务rule01, 立即执行
4. 进入「校验结果查询」, 检查规则任务详情页
5. SQL验证:SELECT * FROM dwd_voyah_vehicle_sales_dates WHERE final_price < 0 OR final_price IS NULL;
6. 编辑规则任务rule01, 分区: factory_date=20260115/sale_date=20260201其它配置不变, 保存后重新执行任务","1. 进入成功
2. 配置成功
3. 执行成功, 校验结果: 校验不通过
4. 显示表数据中未通过的数据
5. 返回的数据与规则过滤出的数据一致
6. 执行成功, 校验结果: 校验通过","1. 
2. 
3. 
4. 
5. 
6.","","2","功能测试","功能测试阶段","正常","0","1","6","通过","向林","2026-02-06","向林","2026-02-06","1","",""
"179118","数据资产_STD(#23)","/版本迭代测试用例/v6.4.8/【岚图】【规则集管理】支持每个数据表的规则集管理(#10193)","【岚图】【规则集管理】支持每个数据表的规则集管理(#15522)","校验结果查询 ❯ SparkThrift2.x ❯ 验证删除规则集后, 对已配置过历史规则的任务不生效","建表语句如下:
=========================================================
-- 1. 建表语句 (DDL)
-- 表名: 岚图汽车销售双日期分区表
-- 分区: factory_date (出厂日期) / sale_date (出售日期)
-- =========================================================
DROP TABLE IF EXISTS dwd_voyah_vehicle_sales_dates;
CREATE TABLE IF NOT EXISTS dwd_voyah_vehicle_sales_dates (
order_id        STRING          COMMENT &#039;销售订单号&#039;,
vin             STRING          COMMENT &#039;车辆识别代码(VIN)&#039;,
car_model       STRING          COMMENT &#039;车型名称&#039;,
guide_price     DECIMAL(20,2)   COMMENT &#039;官方指导价&#039;,
final_price     DECIMAL(20,2)   COMMENT &#039;最终成交价&#039;,
dealer_name     STRING          COMMENT &#039;交付中心&#039;,
order_status    INT             COMMENT &#039;状态: 3-已交付&#039;
)
COMMENT &#039;岚图汽车销售表-用于规则配置测试&#039;
PARTITIONED BY (
factory_date    STRING          COMMENT &#039;一级分区: 出厂日期 yyyyMMdd&#039;,
sale_date       STRING          COMMENT &#039;二级分区: 出售日期 yyyyMMdd&#039;
)
STORED AS ORC
TBLPROPERTIES (&#039;orc.compress&#039;=&#039;SNAPPY&#039;);

-- =========================================================
-- 2. 数据插入语句 (DML) - 共10条数据
-- =========================================================

-- 【场景A：正常数据】 4条
-- 出厂: 20260115 -> 出售: 20260201 (产销周期约半个月，正常)
-- 用于测试：基础的分区扫描功能
INSERT INTO TABLE dwd_voyah_vehicle_sales_dates PARTITION (factory_date=&#039;20260115&#039;, sale_date=&#039;20260201&#039;)
VALUES
(&#039;ORD_20260201_001&#039;, &#039;LTV_FREE_001&#039;, &#039;岚图FREE&#039;, 266900.00, 261900.00, &#039;武汉交付中心&#039;, 3),
(&#039;ORD_20260201_002&#039;, &#039;LTV_DREAM_002&#039;, &#039;岚图梦想家&#039;, 369900.00, 365000.00, &#039;杭州交付中心&#039;, 3),
(&#039;ORD_20260201_003&#039;, &#039;LTV_PASSION_003&#039;, &#039;岚图追光&#039;, 252800.00, 252800.00, &#039;深圳交付中心&#039;, 3),
(&#039;ORD_20260201_004&#039;, &#039;LTV_FREE_004&#039;, &#039;岚图FREE&#039;, 266900.00, 260000.00, &#039;成都交付中心&#039;, 3);

-- 【场景B：库存积压】 3条
-- 出厂: 20251220 -> 出售: 20260201 (去年生产今年卖，跨年跨月)
-- 用于测试：手动输入分区范围查询 (例如 factory_date < &#039;20260101&#039;)
INSERT INTO TABLE dwd_voyah_vehicle_sales_dates PARTITION (factory_date=&#039;20251220&#039;, sale_date=&#039;20260201&#039;)
VALUES
(&#039;ORD_20260201_005&#039;, &#039;LTV_DREAM_OLD_01&#039;, &#039;岚图梦想家&#039;, 339900.00, 330000.00, &#039;武汉交付中心&#039;, 3),
(&#039;ORD_20260201_006&#039;, &#039;LTV_FREE_OLD_02&#039;, &#039;岚图FREE&#039;, 266900.00, 250000.00, &#039;上海交付中心&#039;, 3),
(&#039;ORD_20260201_007&#039;, &#039;LTV_PASSION_OLD_03&#039;, &#039;岚图追光&#039;, 252800.00, 248000.00, &#039;北京交付中心&#039;, 3);

-- 【场景C：逻辑脏数据】 2条
-- 出厂: 20260301 -> 出售: 20260201 (出厂日期晚于出售日期，逻辑错误)
-- 用于测试：质量规则校验 (WHERE factory_date > sale_date 应该触发告警)
INSERT INTO TABLE dwd_voyah_vehicle_sales_dates PARTITION (factory_date=&#039;20260301&#039;, sale_date=&#039;20260201&#039;)
VALUES
(&#039;ORD_ERR_001&#039;, &#039;LTV_FUTURE_001&#039;, &#039;岚图FREE&#039;, 266900.00, 266900.00, &#039;广州交付中心&#039;, 3),
(&#039;ORD_ERR_002&#039;, &#039;LTV_FUTURE_002&#039;, &#039;岚图梦想家&#039;, 369900.00, 369900.00, &#039;西安交付中心&#039;, 3);

-- 【场景D：极速产销】 1条
-- 出厂: 20260201 -> 出售: 20260201 (当天生产当天卖)
-- 用于测试：边界值校验
INSERT INTO TABLE dwd_voyah_vehicle_sales_dates PARTITION (factory_date=&#039;20260201&#039;, sale_date=&#039;20260201&#039;)
VALUES
(&#039;ORD_FAST_001&#039;, &#039;LTV_SPEED_001&#039;, &#039;岚图追光&#039;, 252800.00, 252800.00, &#039;武汉交付中心&#039;, 3);

-- 【场景E：字段级异常 (脏数据)】 4条
INSERT INTO TABLE dwd_voyah_vehicle_sales_dates PARTITION (factory_date=&#039;20260202&#039;, sale_date=&#039;20260202&#039;)
VALUES
-- 1. [NULL异常]: 车型名称为 NULL
(&#039;ORD_ERR_NULL&#039;, &#039;LTV_NULL_VAL&#039;, NULL, 266900.00, 260000.00, &#039;北京交付中心&#039;, 3),
-- 2. [空串异常]: 交付中心为 Empty String (&#039;&#039;)
(&#039;ORD_ERR_EMPTY&#039;, &#039;LTV_EMPTY_STR&#039;, &#039;岚图追光&#039;, 252800.00, 252800.00, &#039;&#039;, 3),
-- 3. [数值异常]: 最终成交价为负数 (-100.00)
(&#039;ORD_ERR_NEG&#039;, &#039;LTV_NEG_PRICE&#039;, &#039;岚图梦想家&#039;, 369900.00, -100.00, &#039;成都交付中心&#039;, 3),
-- 4. [空值异常]: VIN码为纯空格 (&#039;   &#039;), 且官方指导价丢失
(&#039;ORD_ERR_BLANK&#039;, &#039;   &#039;, &#039;岚图FREE&#039;, NULL, 0.00, &#039;重庆交付中心&#039;, 3);

-- 查询已创建的分区信息
SHOW PARTITIONS dwd_voyah_vehicle_sales_dates;


SELECT * FROM dwd_voyah_vehicle_sales_dates;","1. 进入【数据资产】-【数据质量】-【规则任务管理】页面
2. 新建监控规则, 配置如下:1) 监控对象: - 规则名称: rule01- 数据表: dwd_voyah_vehicle_sales_dates- 选择分区: /2) 监控规则: 引入规则包、规则类型(完整性校验)完整性校验: - 生效范围: 字段级- 字段: final_price- 统计函数: 字段取值校验- 期望值: >= 03) 调度属性:- 调度周期: 时- 生效日期: T~T+1- 间隔时间: 1小时- 其它默认- 实例生成方式: 「立即生成」
3. 新建监控规则, 配置监控对象(dwd_voyah_vehicle_sales_dates)后点击下一步
4. 引入规则包rule01中所有校验规则
5. 保存规则任务task01后, 立即执行
6. 删除规则集1
7. 重新运行历史规则任务task01, 在【校验结果查询】中查看运行状态","1. 进入成功
2. 配置成功
3. 进入【新建单表校验规则 ❯ 监控规则】配置页面
4. 引入成功, 配置参数正确
5. 任务运行成功, 校验结果正确: 校验不通过
6. 删除成功
7. 任务运行成功, 校验结果正确: 校验不通过","1. 
2. 
3. 
4. 
5. 
6. 
7.","","2","功能测试","功能测试阶段","正常","0","2","7","通过","向林","2026-02-06","向林","2026-02-06","1","",""
"179117","数据资产_STD(#23)","/版本迭代测试用例/v6.4.8/【岚图】【规则集管理】支持每个数据表的规则集管理(#10193)","【岚图】【规则集管理】支持每个数据表的规则集管理(#15522)","校验结果查询 ❯ SparkThrift2.x ❯ 验证编辑规则集后, 对已配置过历史规则的任务不生效","<span style=“color:#27292A;font-family:NeverMindUI, -apple-system, &quot;background-color:rgba(245, 246, 247, 0.92);“>建表语句如下:</span><br /><span style=“color:#27292A;font-family:NeverMindUI, -apple-system, &quot;background-color:rgba(245, 246, 247, 0.92);“>=========================================================</span><br /><span style=“color:#27292A;font-family:NeverMindUI, -apple-system, &quot;background-color:rgba(245, 246, 247, 0.92);“>-- 1. 建表语句 (DDL)</span><br /><span style=“color:#27292A;font-family:NeverMindUI, -apple-system, &quot;background-color:rgba(245, 246, 247, 0.92);“>-- 表名: 岚图汽车销售双日期分区表</span><br /><span style=“color:#27292A;font-family:NeverMindUI, -apple-system, &quot;background-color:rgba(245, 246, 247, 0.92);“>-- 分区: factory_date (出厂日期) / sale_date (出售日期)</span><br /><span style=“color:#27292A;font-family:NeverMindUI, -apple-system, &quot;background-color:rgba(245, 246, 247, 0.92);“>-- =========================================================</span><br /><span style=“color:#27292A;font-family:NeverMindUI, -apple-system, &quot;background-color:rgba(245, 246, 247, 0.92);“>DROP TABLE IF EXISTS dwd_voyah_vehicle_sales_dates;</span><br /><span style=“color:#27292A;font-family:NeverMindUI, -apple-system, &quot;background-color:rgba(245, 246, 247, 0.92);“>CREATE TABLE IF NOT EXISTS dwd_voyah_vehicle_sales_dates (</span><br /><span style=“color:#27292A;font-family:NeverMindUI, -apple-system, &quot;background-color:rgba(245, 246, 247, 0.92);“>&nbsp; &nbsp; order_id&nbsp; &nbsp; &nbsp; &nbsp; STRING&nbsp; &nbsp; &nbsp; &nbsp; &nbsp; COMMENT &#039;销售订单号&#039;,</span><br /><span style=“color:#27292A;font-family:NeverMindUI, -apple-system, &quot;background-color:rgba(245, 246, 247, 0.92);“>&nbsp; &nbsp; vin&nbsp; &nbsp; &nbsp; &nbsp; &nbsp; &nbsp; &nbsp;STRING&nbsp; &nbsp; &nbsp; &nbsp; &nbsp; COMMENT &#039;车辆识别代码(VIN)&#039;,</span><br /><span style=“color:#27292A;font-family:NeverMindUI, -apple-system, &quot;background-color:rgba(245, 246, 247, 0.92);“>&nbsp; &nbsp; car_model&nbsp; &nbsp; &nbsp; &nbsp;STRING&nbsp; &nbsp; &nbsp; &nbsp; &nbsp; COMMENT &#039;车型名称&#039;,</span><br /><span style=“color:#27292A;font-family:NeverMindUI, -apple-system, &quot;background-color:rgba(245, 246, 247, 0.92);“>&nbsp; &nbsp; guide_price&nbsp; &nbsp; &nbsp;DECIMAL(20,2) &nbsp; COMMENT &#039;官方指导价&#039;,</span><br /><span style=“color:#27292A;font-family:NeverMindUI, -apple-system, &quot;background-color:rgba(245, 246, 247, 0.92);“>&nbsp; &nbsp; final_price&nbsp; &nbsp; &nbsp;DECIMAL(20,2) &nbsp; COMMENT &#039;最终成交价&#039;,</span><br /><span style=“color:#27292A;font-family:NeverMindUI, -apple-system, &quot;background-color:rgba(245, 246, 247, 0.92);“>&nbsp; &nbsp; dealer_name&nbsp; &nbsp; &nbsp;STRING&nbsp; &nbsp; &nbsp; &nbsp; &nbsp; COMMENT &#039;交付中心&#039;,</span><br /><span style=“color:#27292A;font-family:NeverMindUI, -apple-system, &quot;background-color:rgba(245, 246, 247, 0.92);“>&nbsp; &nbsp; order_status&nbsp; &nbsp; INT&nbsp; &nbsp; &nbsp; &nbsp; &nbsp; &nbsp; &nbsp;COMMENT &#039;状态: 3-已交付&#039;</span><br /><span style=“color:#27292A;font-family:NeverMindUI, -apple-system, &quot;background-color:rgba(245, 246, 247, 0.92);“>)</span><br /><span style=“color:#27292A;font-family:NeverMindUI, -apple-system, &quot;background-color:rgba(245, 246, 247, 0.92);“>COMMENT &#039;岚图汽车销售表-用于规则配置测试&#039;</span><br /><span style=“color:#27292A;font-family:NeverMindUI, -apple-system, &quot;background-color:rgba(245, 246, 247, 0.92);“>PARTITIONED BY (</span><br /><span style=“color:#27292A;font-family:NeverMindUI, -apple-system, &quot;background-color:rgba(245, 246, 247, 0.92);“>&nbsp; &nbsp; factory_date&nbsp; &nbsp; STRING&nbsp; &nbsp; &nbsp; &nbsp; &nbsp; COMMENT &#039;一级分区: 出厂日期 yyyyMMdd&#039;,</span><br /><span style=“color:#27292A;font-family:NeverMindUI, -apple-system, &quot;background-color:rgba(245, 246, 247, 0.92);“>&nbsp; &nbsp; sale_date&nbsp; &nbsp; &nbsp; &nbsp;STRING&nbsp; &nbsp; &nbsp; &nbsp; &nbsp; COMMENT &#039;二级分区: 出售日期 yyyyMMdd&#039;</span><br /><span style=“color:#27292A;font-family:NeverMindUI, -apple-system, &quot;background-color:rgba(245, 246, 247, 0.92);“>)</span><br /><span style=“color:#27292A;font-family:NeverMindUI, -apple-system, &quot;background-color:rgba(245, 246, 247, 0.92);“>STORED AS ORC</span><br /><span style=“color:#27292A;font-family:NeverMindUI, -apple-system, &quot;background-color:rgba(245, 246, 247, 0.92);“>TBLPROPERTIES (&#039;orc.compress&#039;=&#039;SNAPPY&#039;);</span><br /><br /><span style=“color:#27292A;font-family:NeverMindUI, -apple-system, &quot;background-color:rgba(245, 246, 247, 0.92);“>-- =========================================================</span><br /><span style=“color:#27292A;font-family:NeverMindUI, -apple-system, &quot;background-color:rgba(245, 246, 247, 0.92);“>-- 2. 数据插入语句 (DML) - 共10条数据</span><br /><span style=“color:#27292A;font-family:NeverMindUI, -apple-system, &quot;background-color:rgba(245, 246, 247, 0.92);“>-- =========================================================</span><br /><br /><span style=“color:#27292A;font-family:NeverMindUI, -apple-system, &quot;background-color:rgba(245, 246, 247, 0.92);“>-- 【场景A：正常数据】 4条</span><br /><span style=“color:#27292A;font-family:NeverMindUI, -apple-system, &quot;background-color:rgba(245, 246, 247, 0.92);“>-- 出厂: 20260115 -&gt; 出售: 20260201 (产销周期约半个月，正常)</span><br /><span style=“color:#27292A;font-family:NeverMindUI, -apple-system, &quot;background-color:rgba(245, 246, 247, 0.92);“>-- 用于测试：基础的分区扫描功能</span><br /><span style=“color:#27292A;font-family:NeverMindUI, -apple-system, &quot;background-color:rgba(245, 246, 247, 0.92);“>INSERT INTO TABLE dwd_voyah_vehicle_sales_dates PARTITION (factory_date=&#039;20260115&#039;, sale_date=&#039;20260201&#039;)</span><br /><span style=“color:#27292A;font-family:NeverMindUI, -apple-system, &quot;background-color:rgba(245, 246, 247, 0.92);“>VALUES&nbsp;</span><br /><span style=“color:#27292A;font-family:NeverMindUI, -apple-system, &quot;background-color:rgba(245, 246, 247, 0.92);“>(&#039;ORD_20260201_001&#039;, &#039;LTV_FREE_001&#039;, &#039;岚图FREE&#039;, 266900.00, 261900.00, &#039;武汉交付中心&#039;, 3),</span><br /><span style=“color:#27292A;font-family:NeverMindUI, -apple-system, &quot;background-color:rgba(245, 246, 247, 0.92);“>(&#039;ORD_20260201_002&#039;, &#039;LTV_DREAM_002&#039;, &#039;岚图梦想家&#039;, 369900.00, 365000.00, &#039;杭州交付中心&#039;, 3),</span><br /><span style=“color:#27292A;font-family:NeverMindUI, -apple-system, &quot;background-color:rgba(245, 246, 247, 0.92);“>(&#039;ORD_20260201_003&#039;, &#039;LTV_PASSION_003&#039;, &#039;岚图追光&#039;, 252800.00, 252800.00, &#039;深圳交付中心&#039;, 3),</span><br /><span style=“color:#27292A;font-family:NeverMindUI, -apple-system, &quot;background-color:rgba(245, 246, 247, 0.92);“>(&#039;ORD_20260201_004&#039;, &#039;LTV_FREE_004&#039;, &#039;岚图FREE&#039;, 266900.00, 260000.00, &#039;成都交付中心&#039;, 3);</span><br /><br /><span style=“color:#27292A;font-family:NeverMindUI, -apple-system, &quot;background-color:rgba(245, 246, 247, 0.92);“>-- 【场景B：库存积压】 3条</span><br /><span style=“color:#27292A;font-family:NeverMindUI, -apple-system, &quot;background-color:rgba(245, 246, 247, 0.92);“>-- 出厂: 20251220 -&gt; 出售: 20260201 (去年生产今年卖，跨年跨月)</span><br /><span style=“color:#27292A;font-family:NeverMindUI, -apple-system, &quot;background-color:rgba(245, 246, 247, 0.92);“>-- 用于测试：手动输入分区范围查询 (例如 factory_date &lt; &#039;20260101&#039;)</span><br /><span style=“color:#27292A;font-family:NeverMindUI, -apple-system, &quot;background-color:rgba(245, 246, 247, 0.92);“>INSERT INTO TABLE dwd_voyah_vehicle_sales_dates PARTITION (factory_date=&#039;20251220&#039;, sale_date=&#039;20260201&#039;)</span><br /><span style=“color:#27292A;font-family:NeverMindUI, -apple-system, &quot;background-color:rgba(245, 246, 247, 0.92);“>VALUES&nbsp;</span><br /><span style=“color:#27292A;font-family:NeverMindUI, -apple-system, &quot;background-color:rgba(245, 246, 247, 0.92);“>(&#039;ORD_20260201_005&#039;, &#039;LTV_DREAM_OLD_01&#039;, &#039;岚图梦想家&#039;, 339900.00, 330000.00, &#039;武汉交付中心&#039;, 3),</span><br /><span style=“color:#27292A;font-family:NeverMindUI, -apple-system, &quot;background-color:rgba(245, 246, 247, 0.92);“>(&#039;ORD_20260201_006&#039;, &#039;LTV_FREE_OLD_02&#039;, &#039;岚图FREE&#039;, 266900.00, 250000.00, &#039;上海交付中心&#039;, 3),</span><br /><span style=“color:#27292A;font-family:NeverMindUI, -apple-system, &quot;background-color:rgba(245, 246, 247, 0.92);“>(&#039;ORD_20260201_007&#039;, &#039;LTV_PASSION_OLD_03&#039;, &#039;岚图追光&#039;, 252800.00, 248000.00, &#039;北京交付中心&#039;, 3);</span><br /><br /><span style=“color:#27292A;font-family:NeverMindUI, -apple-system, &quot;background-color:rgba(245, 246, 247, 0.92);“>-- 【场景C：逻辑脏数据】 2条</span><br /><span style=“color:#27292A;font-family:NeverMindUI, -apple-system, &quot;background-color:rgba(245, 246, 247, 0.92);“>-- 出厂: 20260301 -&gt; 出售: 20260201 (出厂日期晚于出售日期，逻辑错误)</span><br /><span style=“color:#27292A;font-family:NeverMindUI, -apple-system, &quot;background-color:rgba(245, 246, 247, 0.92);“>-- 用于测试：质量规则校验 (WHERE factory_date &gt; sale_date 应该触发告警)</span><br /><span style=“color:#27292A;font-family:NeverMindUI, -apple-system, &quot;background-color:rgba(245, 246, 247, 0.92);“>INSERT INTO TABLE dwd_voyah_vehicle_sales_dates PARTITION (factory_date=&#039;20260301&#039;, sale_date=&#039;20260201&#039;)</span><br /><span style=“color:#27292A;font-family:NeverMindUI, -apple-system, &quot;background-color:rgba(245, 246, 247, 0.92);“>VALUES&nbsp;</span><br /><span style=“color:#27292A;font-family:NeverMindUI, -apple-system, &quot;background-color:rgba(245, 246, 247, 0.92);“>(&#039;ORD_ERR_001&#039;, &#039;LTV_FUTURE_001&#039;, &#039;岚图FREE&#039;, 266900.00, 266900.00, &#039;广州交付中心&#039;, 3),</span><br /><span style=“color:#27292A;font-family:NeverMindUI, -apple-system, &quot;background-color:rgba(245, 246, 247, 0.92);“>(&#039;ORD_ERR_002&#039;, &#039;LTV_FUTURE_002&#039;, &#039;岚图梦想家&#039;, 369900.00, 369900.00, &#039;西安交付中心&#039;, 3);</span><br /><br /><span style=“color:#27292A;font-family:NeverMindUI, -apple-system, &quot;background-color:rgba(245, 246, 247, 0.92);“>-- 【场景D：极速产销】 1条</span><br /><span style=“color:#27292A;font-family:NeverMindUI, -apple-system, &quot;background-color:rgba(245, 246, 247, 0.92);“>-- 出厂: 20260201 -&gt; 出售: 20260201 (当天生产当天卖)</span><br /><span style=“color:#27292A;font-family:NeverMindUI, -apple-system, &quot;background-color:rgba(245, 246, 247, 0.92);“>-- 用于测试：边界值校验</span><br /><span style=“color:#27292A;font-family:NeverMindUI, -apple-system, &quot;background-color:rgba(245, 246, 247, 0.92);“>INSERT INTO TABLE dwd_voyah_vehicle_sales_dates PARTITION (factory_date=&#039;20260201&#039;, sale_date=&#039;20260201&#039;)</span><br /><span style=“color:#27292A;font-family:NeverMindUI, -apple-system, &quot;background-color:rgba(245, 246, 247, 0.92);“>VALUES&nbsp;</span><br /><span style=“color:#27292A;font-family:NeverMindUI, -apple-system, &quot;background-color:rgba(245, 246, 247, 0.92);“>(&#039;ORD_FAST_001&#039;, &#039;LTV_SPEED_001&#039;, &#039;岚图追光&#039;, 252800.00, 252800.00, &#039;武汉交付中心&#039;, 3);</span><br /><br /><span style=“color:#27292A;font-family:NeverMindUI, -apple-system, &quot;background-color:rgba(245, 246, 247, 0.92);“>-- 【场景E：字段级异常 (脏数据)】 4条</span><br /><span style=“color:#27292A;font-family:NeverMindUI, -apple-system, &quot;background-color:rgba(245, 246, 247, 0.92);“>INSERT INTO TABLE dwd_voyah_vehicle_sales_dates PARTITION (factory_date=&#039;20260202&#039;, sale_date=&#039;20260202&#039;)</span><br /><span style=“color:#27292A;font-family:NeverMindUI, -apple-system, &quot;background-color:rgba(245, 246, 247, 0.92);“>VALUES&nbsp;</span><br /><span style=“color:#27292A;font-family:NeverMindUI, -apple-system, &quot;background-color:rgba(245, 246, 247, 0.92);“>-- 1. [NULL异常]: 车型名称为 NULL</span><br /><span style=“color:#27292A;font-family:NeverMindUI, -apple-system, &quot;background-color:rgba(245, 246, 247, 0.92);“>(&#039;ORD_ERR_NULL&#039;, &#039;LTV_NULL_VAL&#039;, NULL, 266900.00, 260000.00, &#039;北京交付中心&#039;, 3),</span><br /><span style=“color:#27292A;font-family:NeverMindUI, -apple-system, &quot;background-color:rgba(245, 246, 247, 0.92);“>-- 2. [空串异常]: 交付中心为 Empty String (&#039;&#039;)</span><br /><span style=“color:#27292A;font-family:NeverMindUI, -apple-system, &quot;background-color:rgba(245, 246, 247, 0.92);“>(&#039;ORD_ERR_EMPTY&#039;, &#039;LTV_EMPTY_STR&#039;, &#039;岚图追光&#039;, 252800.00, 252800.00, &#039;&#039;, 3),</span><br /><span style=“color:#27292A;font-family:NeverMindUI, -apple-system, &quot;background-color:rgba(245, 246, 247, 0.92);“>-- 3. [数值异常]: 最终成交价为负数 (-100.00)</span><br /><span style=“color:#27292A;font-family:NeverMindUI, -apple-system, &quot;background-color:rgba(245, 246, 247, 0.92);“>(&#039;ORD_ERR_NEG&#039;, &#039;LTV_NEG_PRICE&#039;, &#039;岚图梦想家&#039;, 369900.00, -100.00, &#039;成都交付中心&#039;, 3),</span><br /><span style=“color:#27292A;font-family:NeverMindUI, -apple-system, &quot;background-color:rgba(245, 246, 247, 0.92);“>-- 4. [空值异常]: VIN码为纯空格 (&#039; &nbsp; &#039;), 且官方指导价丢失</span><br /><span style=“color:#27292A;font-family:NeverMindUI, -apple-system, &quot;background-color:rgba(245, 246, 247, 0.92);“>(&#039;ORD_ERR_BLANK&#039;, &#039; &nbsp; &#039;, &#039;岚图FREE&#039;, NULL, 0.00, &#039;重庆交付中心&#039;, 3);</span><br /><br /><span style=“color:#27292A;font-family:NeverMindUI, -apple-system, &quot;background-color:rgba(245, 246, 247, 0.92);“>-- 查询已创建的分区信息</span><br /><span style=“color:#27292A;font-family:NeverMindUI, -apple-system, &quot;background-color:rgba(245, 246, 247, 0.92);“>SHOW PARTITIONS dwd_voyah_vehicle_sales_dates;</span><br /><br /><br /><span style=“color:#27292A;font-family:NeverMindUI, -apple-system, &quot;background-color:rgba(245, 246, 247, 0.92);“>SELECT * FROM dwd_voyah_vehicle_sales_dates;</span><br />","1. 进入【数据资产】-【数据质量】-【规则任务管理】页面
2. 新建监控规则, 配置如下:1) 监控对象: - 规则名称: rule01- 数据表: dwd_voyah_vehicle_sales_dates- 选择分区: /2) 监控规则: 引入规则包、规则类型(完整性校验)完整性校验: - 生效范围: 字段级- 字段: final_price- 统计函数: 字段取值校验- 期望值: >= 03) 调度属性:- 调度周期: 时- 生效日期: T~T+1- 间隔时间: 1小时- 其它默认- 实例生成方式: 「立即生成」
3. 引入规则包rule01中所有校验规则
4. 保存规则任务task01后, 立即执行
5. 修改【规则集-规则包rule01】中的校验规则:- 期望值: >= -200
6. 新建规则任务task02并立即执行:1) 监控对象: t2 (与dwd_voyah_vehicle_sales_dates同表结构同数据)2) 监控规则: rule01中的校验规则
7. 重新运行历史规则任务task01, 在【校验结果查询】中查看运行状态","1. 进入成功
2. 配置成功
3. 引入成功, 配置参数正确
4. 任务运行成功, 校验结果: 校验不通过
5. 配置成功
6. 任务运行成功, 校验结果: 校验通过
7. 任务运行成功, 校验结果: 校验不通过","1. 
2. 
3. 
4. 
5. 
6. 
7.","","1","功能测试","功能测试阶段","正常","0","3","7","通过","向林","2026-02-06","向林","2026-03-03","1","",""
"179116","数据资产_STD(#23)","/版本迭代测试用例/v6.4.8/【岚图】【规则集管理】支持每个数据表的规则集管理(#10193)","【岚图】【规则集管理】支持每个数据表的规则集管理(#15522)","校验结果查询 ❯ SparkThrift2.x ❯ 验证规则任务配置规则包后校验正常(20规则包 * 1校验规则)","1) 已存在规则任务, 监控规则配置如下
监控对象:
- 规则名称: rule01
- 数据表: dwd_voyah_vehicle_sales_dates
- 选择已有分区: /

监控规则: 引入20规则包, 每个包含1个校验规则

1、完整性校验:
- 生效范围: 字段级
- 字段: vin
- 统计函数: 空串数
- 期望值: = 0

2、完整性校验:
- 生效范围: 字段级
- 字段: vin
- 统计函数: 空值数
- 期望值: = 0

3、完整性校验:
- 生效范围: 字段级
- 字段: order_id
- 统计函数: 空值数
- 期望值: = 0

4、完整性校验:
- 生效范围: 字段级
- 字段: car_model
- 统计函数: 空值数
- 期望值: = 0

5、完整性校验:
- 生效范围: 字段级
- 字段: guide_price
- 统计函数: 空值数
- 期望值: = 0

6、完整性校验:
- 生效范围: 字段级
- 字段: final_price
- 统计函数: 空值数
- 期望值: = 0

7、完整性校验:
- 生效范围: 字段级
- 字段: dealer_name
- 统计函数: 空值数
- 期望值: = 0

8、完整性校验:
- 生效范围: 字段级
- 字段: order_status
- 统计函数: 空值数
- 期望值: = 0

9、完整性校验:
- 生效范围: 字段级
- 字段: factory_date
- 统计函数: 空值数
- 期望值: = 0

10、完整性校验:
- 生效范围: 字段级
- 字段: sale_date
- 统计函数: 空值数
- 期望值: = 0

11、完整性校验:
- 生效范围: 字段级
- 字段: final_price
- 统计函数: 字段取值校验
- 期望值: >= 0

12、完整性校验:
- 生效范围: 单表
- 统计函数: 表行数
- 期望值: >= 0

13、完整性校验:
- 生效范围: 多表数据行数对比
- 对比表: dwd_voyah_vehicle_sales_dates
- 分区: factory_date=20260202/sale_date=20260202

14、有效性校验:
- 字段: vin
- 统计规则: 字符串长度
- 期望值> 0

15、有效性校验:
- 字段: guide_price
- 统计规则: 数值-取值范围
- 期望值: 0 <= x <= 1000000

16、有效性校验:
- 字段: car_model
- 统计规则: 数值-枚举个数
- 期望值: = 3

17、有效性校验:
- 字段: order_id
- 统计规则: 重复数
- 期望值: = 0

18、有效性校验:
- 字段: vin
- 统计规则: 重复数
- 期望值: = 0

19、唯一性校验
- 字段: order_id
- 统计函数: 重复数
- 期望值: =0

20、唯一性校验
- 字段: order_id
- 统计函数: 重复率
- 期望值: =0


调度属性:
- 调度周期: 时
- 生效日期: T~T+1
- 间隔时间: 1小时
- 其它默认

2) 建表语句如下:
=========================================================
-- 1. 建表语句 (DDL)
-- 表名: 岚图汽车销售双日期分区表
-- 分区: factory_date (出厂日期) / sale_date (出售日期)
-- =========================================================
DROP TABLE IF EXISTS dwd_voyah_vehicle_sales_dates;
CREATE TABLE IF NOT EXISTS dwd_voyah_vehicle_sales_dates (
order_id        STRING          COMMENT &#039;销售订单号&#039;,
vin             STRING          COMMENT &#039;车辆识别代码(VIN)&#039;,
car_model       STRING          COMMENT &#039;车型名称&#039;,
guide_price     DECIMAL(20,2)   COMMENT &#039;官方指导价&#039;,
final_price     DECIMAL(20,2)   COMMENT &#039;最终成交价&#039;,
dealer_name     STRING          COMMENT &#039;交付中心&#039;,
order_status    INT             COMMENT &#039;状态: 3-已交付&#039;
)
COMMENT &#039;岚图汽车销售表-用于规则配置测试&#039;
PARTITIONED BY (
factory_date    STRING          COMMENT &#039;一级分区: 出厂日期 yyyyMMdd&#039;,
sale_date       STRING          COMMENT &#039;二级分区: 出售日期 yyyyMMdd&#039;
)
STORED AS ORC
TBLPROPERTIES (&#039;orc.compress&#039;=&#039;SNAPPY&#039;);

-- =========================================================
-- 2. 数据插入语句 (DML) - 共10条数据
-- =========================================================

-- 【场景A：正常数据】 4条
-- 出厂: 20260115 -> 出售: 20260201 (产销周期约半个月，正常)
-- 用于测试：基础的分区扫描功能
INSERT INTO TABLE dwd_voyah_vehicle_sales_dates PARTITION (factory_date=&#039;20260115&#039;, sale_date=&#039;20260201&#039;)
VALUES
(&#039;ORD_20260201_001&#039;, &#039;LTV_FREE_001&#039;, &#039;岚图FREE&#039;, 266900.00, 261900.00, &#039;武汉交付中心&#039;, 3),
(&#039;ORD_20260201_002&#039;, &#039;LTV_DREAM_002&#039;, &#039;岚图梦想家&#039;, 369900.00, 365000.00, &#039;杭州交付中心&#039;, 3),
(&#039;ORD_20260201_003&#039;, &#039;LTV_PASSION_003&#039;, &#039;岚图追光&#039;, 252800.00, 252800.00, &#039;深圳交付中心&#039;, 3),
(&#039;ORD_20260201_004&#039;, &#039;LTV_FREE_004&#039;, &#039;岚图FREE&#039;, 266900.00, 260000.00, &#039;成都交付中心&#039;, 3);

-- 【场景B：库存积压】 3条
-- 出厂: 20251220 -> 出售: 20260201 (去年生产今年卖，跨年跨月)
-- 用于测试：手动输入分区范围查询 (例如 factory_date < &#039;20260101&#039;)
INSERT INTO TABLE dwd_voyah_vehicle_sales_dates PARTITION (factory_date=&#039;20251220&#039;, sale_date=&#039;20260201&#039;)
VALUES
(&#039;ORD_20260201_005&#039;, &#039;LTV_DREAM_OLD_01&#039;, &#039;岚图梦想家&#039;, 339900.00, 330000.00, &#039;武汉交付中心&#039;, 3),
(&#039;ORD_20260201_006&#039;, &#039;LTV_FREE_OLD_02&#039;, &#039;岚图FREE&#039;, 266900.00, 250000.00, &#039;上海交付中心&#039;, 3),
(&#039;ORD_20260201_007&#039;, &#039;LTV_PASSION_OLD_03&#039;, &#039;岚图追光&#039;, 252800.00, 248000.00, &#039;北京交付中心&#039;, 3);

-- 【场景C：逻辑脏数据】 2条
-- 出厂: 20260301 -> 出售: 20260201 (出厂日期晚于出售日期，逻辑错误)
-- 用于测试：质量规则校验 (WHERE factory_date > sale_date 应该触发告警)
INSERT INTO TABLE dwd_voyah_vehicle_sales_dates PARTITION (factory_date=&#039;20260301&#039;, sale_date=&#039;20260201&#039;)
VALUES
(&#039;ORD_ERR_001&#039;, &#039;LTV_FUTURE_001&#039;, &#039;岚图FREE&#039;, 266900.00, 266900.00, &#039;广州交付中心&#039;, 3),
(&#039;ORD_ERR_002&#039;, &#039;LTV_FUTURE_002&#039;, &#039;岚图梦想家&#039;, 369900.00, 369900.00, &#039;西安交付中心&#039;, 3);

-- 【场景D：极速产销】 1条
-- 出厂: 20260201 -> 出售: 20260201 (当天生产当天卖)
-- 用于测试：边界值校验
INSERT INTO TABLE dwd_voyah_vehicle_sales_dates PARTITION (factory_date=&#039;20260201&#039;, sale_date=&#039;20260201&#039;)
VALUES
(&#039;ORD_FAST_001&#039;, &#039;LTV_SPEED_001&#039;, &#039;岚图追光&#039;, 252800.00, 252800.00, &#039;武汉交付中心&#039;, 3);

-- 【场景E：字段级异常 (脏数据)】 4条
INSERT INTO TABLE dwd_voyah_vehicle_sales_dates PARTITION (factory_date=&#039;20260202&#039;, sale_date=&#039;20260202&#039;)
VALUES
-- 1. [NULL异常]: 车型名称为 NULL
(&#039;ORD_ERR_NULL&#039;, &#039;LTV_NULL_VAL&#039;, NULL, 266900.00, 260000.00, &#039;北京交付中心&#039;, 3),
-- 2. [空串异常]: 交付中心为 Empty String (&#039;&#039;)
(&#039;ORD_ERR_EMPTY&#039;, &#039;LTV_EMPTY_STR&#039;, &#039;岚图追光&#039;, 252800.00, 252800.00, &#039;&#039;, 3),
-- 3. [数值异常]: 最终成交价为负数 (-100.00)
(&#039;ORD_ERR_NEG&#039;, &#039;LTV_NEG_PRICE&#039;, &#039;岚图梦想家&#039;, 369900.00, -100.00, &#039;成都交付中心&#039;, 3),
-- 4. [空值异常]: VIN码为纯空格 (&#039;   &#039;), 且官方指导价丢失
(&#039;ORD_ERR_BLANK&#039;, &#039;   &#039;, &#039;岚图FREE&#039;, NULL, 0.00, &#039;重庆交付中心&#039;, 3);

-- 查询已创建的分区信息
SHOW PARTITIONS dwd_voyah_vehicle_sales_dates;


SELECT * FROM dwd_voyah_vehicle_sales_dates;","1. 进入【数据资产】-【数据质量】-【规则任务管理】页面
2. 选择任务rule01, 立即执行
3. 进入「校验结果查询」, 检查规则任务详情页
4. SQL验证:SELECT     *FROM (    SELECT         *,        -- [辅助计算] 针对规则 17,19,20: 计算 order_id 重复数        COUNT(1) OVER(PARTITION BY order_id) as calc_order_dup_count,        -- [辅助计算] 针对规则 18: 计算 vin 重复数        COUNT(1) OVER(PARTITION BY vin) as calc_vin_dup_count    FROM         dwd_voyah_vehicle_sales_dates) tWHERE     -- =========================================================    -- A. 完整性校验    -- =========================================================    -- 规则1: vin 空串    (trim(vin) = '') OR    -- 规则2-10: 各关键字段判空    (vin IS NULL) OR    (order_id IS NULL) OR    (car_model IS NULL) OR    (guide_price IS NULL) OR    (final_price IS NULL) OR    (dealer_name IS NULL) OR    (order_status IS NULL) OR    (factory_date IS NULL) OR    (sale_date IS NULL)    -- =========================================================    -- B. 取值范围与有效性    -- =========================================================    OR     -- 规则11: final_price < 0    (final_price < 0)        OR    -- 规则14: vin 长度 <= 0 (注: 空串/NULL已被上面捕获，此处兜底)    (length(vin) <= 0)    OR    -- 规则15: guide_price 超出 [0, 1000000] 范围    (guide_price < 0 OR guide_price > 1000000)    OR    -- 规则16: car_model 枚举校验 (假设标准值为3个: FREE, 梦想家, 追光)    -- 如果当前值不在这3个里面，且不是NULL，则视为脏数据    (car_model IS NOT NULL AND car_model NOT IN ('岚图FREE', '岚图梦想家', '岚图追光'))    -- =========================================================    -- C. 唯一性与重复性    -- =========================================================    OR    -- 规则17,19,20    (calc_order_dup_count > 1)    OR    -- 规则18    (calc_vin_dup_count > 1);
5. 编辑规则任务rule01, 分区: factory_date=20260115/sale_date=20260201其它配置不变, 保存后重新执行任务","1. 进入成功
2. 执行成功, 校验结果: 校验不通过
3. 显示表数据中未通过的数据
4. 返回的数据与规则过滤出的数据一致
5. 执行成功, 校验结果: 校验通过","1. 
2. 
3. 
4. 
5.","","2","功能测试","功能测试阶段","正常","0","2","5","通过","向林","2026-02-06","向林","2026-02-06","1","",""
"179115","数据资产_STD(#23)","/版本迭代测试用例/v6.4.8/【岚图】【规则集管理】支持每个数据表的规则集管理(#10193)","【岚图】【规则集管理】支持每个数据表的规则集管理(#15522)","校验结果查询 ❯ SparkThrift2.x ❯ 验证规则任务配置规则包后校验正常(1规则包 * 10校验规则)","1) 已存在规则任务, 监控规则配置如下
监控对象:
- 规则名称: rule01
- 数据表: dwd_voyah_vehicle_sales_dates
- 选择已有分区: /

监控规则: 引入规则包, 包含10个校验规则

完整性校验:
- 生效范围: 字段级
- 字段: vin
- 统计函数: 空串数
- 期望值: = 0

完整性校验:
- 生效范围: 字段级
- 字段: car_model
- 统计函数: 空值数
- 期望值: = 0

完整性校验:
- 生效范围: 字段级
- 字段: final_price
- 统计函数: 字段取值校验
- 期望值: >= 0

完整性校验:
- 生效范围: 单表
- 统计函数: 表行数
- 期望值: >= 0

完整性校验:
- 生效范围: 多表数据行数对比
- 对比表: dwd_voyah_vehicle_sales_dates
- 分区: factory_date=20260202/sale_date=20260202

有效性校验:
- 字段: vin
- 统计规则: 字符串长度
- 期望值> 0

有效性校验:
- 字段: guide_price
- 统计规则: 数值-取值范围
- 期望值: 0 <= x <= 1000000

有效性校验:
- 字段: car_model
- 统计规则: 数值-枚举个数
- 期望值: = 3

唯一性校验
- 字段: order_id
- 统计函数: 重复数
- 期望值: =0

唯一性校验
- 字段: order_id
- 统计函数: 重复率
- 期望值: =0



调度属性:
- 调度周期: 时
- 生效日期: T~T+1
- 间隔时间: 1小时
- 其它默认

2) 建表语句如下:
=========================================================
-- 1. 建表语句 (DDL)
-- 表名: 岚图汽车销售双日期分区表
-- 分区: factory_date (出厂日期) / sale_date (出售日期)
-- =========================================================
DROP TABLE IF EXISTS dwd_voyah_vehicle_sales_dates;
CREATE TABLE IF NOT EXISTS dwd_voyah_vehicle_sales_dates (
order_id        STRING          COMMENT &#039;销售订单号&#039;,
vin             STRING          COMMENT &#039;车辆识别代码(VIN)&#039;,
car_model       STRING          COMMENT &#039;车型名称&#039;,
guide_price     DECIMAL(20,2)   COMMENT &#039;官方指导价&#039;,
final_price     DECIMAL(20,2)   COMMENT &#039;最终成交价&#039;,
dealer_name     STRING          COMMENT &#039;交付中心&#039;,
order_status    INT             COMMENT &#039;状态: 3-已交付&#039;
)
COMMENT &#039;岚图汽车销售表-用于规则配置测试&#039;
PARTITIONED BY (
factory_date    STRING          COMMENT &#039;一级分区: 出厂日期 yyyyMMdd&#039;,
sale_date       STRING          COMMENT &#039;二级分区: 出售日期 yyyyMMdd&#039;
)
STORED AS ORC
TBLPROPERTIES (&#039;orc.compress&#039;=&#039;SNAPPY&#039;);

-- =========================================================
-- 2. 数据插入语句 (DML) - 共10条数据
-- =========================================================

-- 【场景A：正常数据】 4条
-- 出厂: 20260115 -> 出售: 20260201 (产销周期约半个月，正常)
-- 用于测试：基础的分区扫描功能
INSERT INTO TABLE dwd_voyah_vehicle_sales_dates PARTITION (factory_date=&#039;20260115&#039;, sale_date=&#039;20260201&#039;)
VALUES
(&#039;ORD_20260201_001&#039;, &#039;LTV_FREE_001&#039;, &#039;岚图FREE&#039;, 266900.00, 261900.00, &#039;武汉交付中心&#039;, 3),
(&#039;ORD_20260201_002&#039;, &#039;LTV_DREAM_002&#039;, &#039;岚图梦想家&#039;, 369900.00, 365000.00, &#039;杭州交付中心&#039;, 3),
(&#039;ORD_20260201_003&#039;, &#039;LTV_PASSION_003&#039;, &#039;岚图追光&#039;, 252800.00, 252800.00, &#039;深圳交付中心&#039;, 3),
(&#039;ORD_20260201_004&#039;, &#039;LTV_FREE_004&#039;, &#039;岚图FREE&#039;, 266900.00, 260000.00, &#039;成都交付中心&#039;, 3);

-- 【场景B：库存积压】 3条
-- 出厂: 20251220 -> 出售: 20260201 (去年生产今年卖，跨年跨月)
-- 用于测试：手动输入分区范围查询 (例如 factory_date < &#039;20260101&#039;)
INSERT INTO TABLE dwd_voyah_vehicle_sales_dates PARTITION (factory_date=&#039;20251220&#039;, sale_date=&#039;20260201&#039;)
VALUES
(&#039;ORD_20260201_005&#039;, &#039;LTV_DREAM_OLD_01&#039;, &#039;岚图梦想家&#039;, 339900.00, 330000.00, &#039;武汉交付中心&#039;, 3),
(&#039;ORD_20260201_006&#039;, &#039;LTV_FREE_OLD_02&#039;, &#039;岚图FREE&#039;, 266900.00, 250000.00, &#039;上海交付中心&#039;, 3),
(&#039;ORD_20260201_007&#039;, &#039;LTV_PASSION_OLD_03&#039;, &#039;岚图追光&#039;, 252800.00, 248000.00, &#039;北京交付中心&#039;, 3);

-- 【场景C：逻辑脏数据】 2条
-- 出厂: 20260301 -> 出售: 20260201 (出厂日期晚于出售日期，逻辑错误)
-- 用于测试：质量规则校验 (WHERE factory_date > sale_date 应该触发告警)
INSERT INTO TABLE dwd_voyah_vehicle_sales_dates PARTITION (factory_date=&#039;20260301&#039;, sale_date=&#039;20260201&#039;)
VALUES
(&#039;ORD_ERR_001&#039;, &#039;LTV_FUTURE_001&#039;, &#039;岚图FREE&#039;, 266900.00, 266900.00, &#039;广州交付中心&#039;, 3),
(&#039;ORD_ERR_002&#039;, &#039;LTV_FUTURE_002&#039;, &#039;岚图梦想家&#039;, 369900.00, 369900.00, &#039;西安交付中心&#039;, 3);

-- 【场景D：极速产销】 1条
-- 出厂: 20260201 -> 出售: 20260201 (当天生产当天卖)
-- 用于测试：边界值校验
INSERT INTO TABLE dwd_voyah_vehicle_sales_dates PARTITION (factory_date=&#039;20260201&#039;, sale_date=&#039;20260201&#039;)
VALUES
(&#039;ORD_FAST_001&#039;, &#039;LTV_SPEED_001&#039;, &#039;岚图追光&#039;, 252800.00, 252800.00, &#039;武汉交付中心&#039;, 3);

-- 【场景E：字段级异常 (脏数据)】 4条
INSERT INTO TABLE dwd_voyah_vehicle_sales_dates PARTITION (factory_date=&#039;20260202&#039;, sale_date=&#039;20260202&#039;)
VALUES
-- 1. [NULL异常]: 车型名称为 NULL
(&#039;ORD_ERR_NULL&#039;, &#039;LTV_NULL_VAL&#039;, NULL, 266900.00, 260000.00, &#039;北京交付中心&#039;, 3),
-- 2. [空串异常]: 交付中心为 Empty String (&#039;&#039;)
(&#039;ORD_ERR_EMPTY&#039;, &#039;LTV_EMPTY_STR&#039;, &#039;岚图追光&#039;, 252800.00, 252800.00, &#039;&#039;, 3),
-- 3. [数值异常]: 最终成交价为负数 (-100.00)
(&#039;ORD_ERR_NEG&#039;, &#039;LTV_NEG_PRICE&#039;, &#039;岚图梦想家&#039;, 369900.00, -100.00, &#039;成都交付中心&#039;, 3),
-- 4. [空值异常]: VIN码为纯空格 (&#039;   &#039;), 且官方指导价丢失
(&#039;ORD_ERR_BLANK&#039;, &#039;   &#039;, &#039;岚图FREE&#039;, NULL, 0.00, &#039;重庆交付中心&#039;, 3);

-- 查询已创建的分区信息
SHOW PARTITIONS dwd_voyah_vehicle_sales_dates;


SELECT * FROM dwd_voyah_vehicle_sales_dates;","1. 进入【数据资产】-【数据质量】-【规则任务管理】页面
2. 选择任务rule01, 立即执行
3. 进入「校验结果查询」, 检查规则任务详情页
4. SQL验证:SELECT     *FROM (    SELECT         *,        -- [辅助计算] 唯一性校验: 计算 order_id 的重复次数        COUNT(1) OVER(PARTITION BY order_id) as order_dup_count    FROM         dwd_voyah_vehicle_sales_dates) tWHERE     -- ---------------------------------------------------------    -- 1. 完整性校验 (字段级)    -- ---------------------------------------------------------    -- 规则: vin 空串数=0 (即: 找出 vin 为空串的数据)    (trim(vin) = '')        OR         -- 规则: car_model 空值数=0 (即: 找出 car_model 为 NULL 的数据)    (car_model IS NULL)        OR         -- 规则: final_price 期望值 >= 0 (即: 找出 < 0 的数据)    (final_price < 0)    -- ---------------------------------------------------------    -- 2. 有效性校验    -- ---------------------------------------------------------    -- 规则: vin 字符串长度 > 0 (即: 找出长度 <= 0 或 NULL 的数据)    -- 注: 此规则与上面的“空串数“、“空值数“有重叠，此处做兜底    OR (length(vin) <= 0 OR vin IS NULL)        -- 规则: guide_price 取值范围 [0, 1000000] (即: 找出在此范围之外的数据)    OR (guide_price < 0 OR guide_price > 1000000)        -- 规则: car_model 枚举个数 = 3 (即: 找出不属于这3个标准车型的数据)    -- 假设标准枚举值为: 岚图FREE, 岚图梦想家, 岚图追光    -- 注: NULL值已被前面的完整性校验捕获，此处主要校验“未知枚举值“    OR (car_model IS NOT NULL AND car_model NOT IN ('岚图FREE', '岚图梦想家', '岚图追光'))    -- ---------------------------------------------------------    -- 3. 唯一性校验    -- ---------------------------------------------------------    -- 规则: order_id 重复数/重复率期望为0 (即: 找出重复出现的订单)    OR (order_dup_count > 1);
5. 编辑规则任务rule01, 分区: factory_date=20260115/sale_date=20260201其它配置不变, 保存后重新执行任务","1. 进入成功
2. 执行成功, 校验结果: 校验不通过
3. 显示表数据中未通过的数据
4. 返回的数据与规则过滤出的数据一致
5. 执行成功, 校验结果: 校验通过","1. 
2. 
3. 
4. 
5.","","2","功能测试","功能测试阶段","正常","0","2","5","通过","向林","2026-02-06","向林","2026-02-06","1","",""
"179114","数据资产_STD(#23)","/版本迭代测试用例/v6.4.8/【岚图】【规则集管理】支持每个数据表的规则集管理(#10193)","【岚图】【规则集管理】支持每个数据表的规则集管理(#15522)","校验结果查询 ❯ SparkThrift2.x ❯ 验证规则任务配置规则包后校验正常(2规则包 * 2校验规则)","<span style=“color:#27292A;font-family:NeverMindUI, -apple-system, “ background-color:rgba(245,=““ 246,=““ 247,=““ 0.92);“=““>建表语句如下: </span><br /><span style=“color:#27292A;font-family:NeverMindUI, -apple-system, “ background-color:rgba(245,=““ 246,=““ 247,=““ 0.92);“=““>创建两个表: dwd_voyah_sales_time_quality、dwd_voyah_sales_time_quality02</span><br /><span style=“color:#27292A;font-family:NeverMindUI, -apple-system, “ background-color:rgba(245,=““ 246,=““ 247,=““ 0.92);“=““>-- =========================================================</span><br /><span style=“color:#27292A;font-family:NeverMindUI, -apple-system, “ background-color:rgba(245,=““ 246,=““ 247,=““ 0.92);“=““>-- 1. 建表语句 (DDL)</span><br /><span style=“color:#27292A;font-family:NeverMindUI, -apple-system, “ background-color:rgba(245,=““ 246,=““ 247,=““ 0.92);“=““>-- 表名: dwd_voyah_sales_time_quality</span><br /><span style=“color:#27292A;font-family:NeverMindUI, -apple-system, “ background-color:rgba(245,=““ 246,=““ 247,=““ 0.92);“=““>-- =========================================================</span><br /><span style=“color:#27292A;font-family:NeverMindUI, -apple-system, “ background-color:rgba(245,=““ 246,=““ 247,=““ 0.92);“=““>DROP TABLE IF EXISTS dwd_voyah_sales_time_quality;</span><br /><br /><span style=“color:#27292A;font-family:NeverMindUI, -apple-system, “ background-color:rgba(245,=““ 246,=““ 247,=““ 0.92);“=““>CREATE TABLE IF NOT EXISTS dwd_voyah_sales_time_quality (</span><br /><span style=“color:#27292A;font-family:NeverMindUI, -apple-system, “ background-color:rgba(245,=““ 246,=““ 247,=““ 0.92);“=““>&nbsp; &nbsp; order_id&nbsp; &nbsp; &nbsp; &nbsp; BIGINT&nbsp; &nbsp; &nbsp; &nbsp; &nbsp; COMMENT &#039;订单自增ID (用于验证单调递增)&#039;,</span><br /><span style=“color:#27292A;font-family:NeverMindUI, -apple-system, “ background-color:rgba(245,=““ 246,=““ 247,=““ 0.92);“=““>&nbsp; &nbsp; vin&nbsp; &nbsp; &nbsp; &nbsp; &nbsp; &nbsp; &nbsp;STRING&nbsp; &nbsp; &nbsp; &nbsp; &nbsp; COMMENT &#039;车辆识别码&#039;,</span><br /><span style=“color:#27292A;font-family:NeverMindUI, -apple-system, “ background-color:rgba(245,=““ 246,=““ 247,=““ 0.92);“=““>&nbsp; &nbsp; order_time&nbsp; &nbsp; &nbsp; TIMESTAMP&nbsp; &nbsp; &nbsp; &nbsp;COMMENT &#039;下定时间 (基准时间字段)&#039;,</span><br /><span style=“color:#27292A;font-family:NeverMindUI, -apple-system, “ background-color:rgba(245,=““ 246,=““ 247,=““ 0.92);“=““>&nbsp; &nbsp; payment_time&nbsp; &nbsp; TIMESTAMP&nbsp; &nbsp; &nbsp; &nbsp;COMMENT &#039;支付时间 (用于比较行内时间差)&#039;,</span><br /><span style=“color:#27292A;font-family:NeverMindUI, -apple-system, “ background-color:rgba(245,=““ 246,=““ 247,=““ 0.92);“=““>&nbsp; &nbsp; delivery_status INT&nbsp; &nbsp; &nbsp; &nbsp; &nbsp; &nbsp; &nbsp;COMMENT &#039;交付状态&#039;</span><br /><span style=“color:#27292A;font-family:NeverMindUI, -apple-system, “ background-color:rgba(245,=““ 246,=““ 247,=““ 0.92);“=““>)</span><br /><span style=“color:#27292A;font-family:NeverMindUI, -apple-system, “ background-color:rgba(245,=““ 246,=““ 247,=““ 0.92);“=““>COMMENT &#039;岚图汽车销售时效校验表&#039;</span><br /><span style=“color:#27292A;font-family:NeverMindUI, -apple-system, “ background-color:rgba(245,=““ 246,=““ 247,=““ 0.92);“=““>PARTITIONED BY (</span><br /><span style=“color:#27292A;font-family:NeverMindUI, -apple-system, “ background-color:rgba(245,=““ 246,=““ 247,=““ 0.92);“=““>&nbsp; &nbsp; pt_date&nbsp; &nbsp; &nbsp; &nbsp; &nbsp;STRING&nbsp; &nbsp; &nbsp; &nbsp; &nbsp; COMMENT &#039;一级分区: yyyyMMdd&#039;,</span><br /><span style=“color:#27292A;font-family:NeverMindUI, -apple-system, “ background-color:rgba(245,=““ 246,=““ 247,=““ 0.92);“=““>&nbsp; &nbsp; data_type&nbsp; &nbsp; &nbsp; &nbsp;STRING&nbsp; &nbsp; &nbsp; &nbsp; &nbsp; COMMENT &#039;二级分区: normal(正常)/abnormal_xx(异常场景)&#039;</span><br /><span style=“color:#27292A;font-family:NeverMindUI, -apple-system, “ background-color:rgba(245,=““ 246,=““ 247,=““ 0.92);“=““>)</span><br /><span style=“color:#27292A;font-family:NeverMindUI, -apple-system, “ background-color:rgba(245,=““ 246,=““ 247,=““ 0.92);“=““>STORED AS ORC</span><br /><span style=“color:#27292A;font-family:NeverMindUI, -apple-system, “ background-color:rgba(245,=““ 246,=““ 247,=““ 0.92);“=““>TBLPROPERTIES (&#039;orc.compress&#039;=&#039;SNAPPY&#039;);</span><br /><br /><span style=“color:#27292A;font-family:NeverMindUI, -apple-system, “ background-color:rgba(245,=““ 246,=““ 247,=““ 0.92);“=““>-- =========================================================</span><br /><span style=“color:#27292A;font-family:NeverMindUI, -apple-system, “ background-color:rgba(245,=““ 246,=““ 247,=““ 0.92);“=““>-- 2. 数据插入语句 (DML)</span><br /><span style=“color:#27292A;font-family:NeverMindUI, -apple-system, “ background-color:rgba(245,=““ 246,=““ 247,=““ 0.92);“=““>-- =========================================================</span><br /><br /><span style=“color:#27292A;font-family:NeverMindUI, -apple-system, “ background-color:rgba(245,=““ 246,=““ 247,=““ 0.92);“=““>-- ---------------------------------------------------------</span><br /><span style=“color:#27292A;font-family:NeverMindUI, -apple-system, “ background-color:rgba(245,=““ 246,=““ 247,=““ 0.92);“=““>-- 场景A: [正常数据]</span><br /><span style=“color:#27292A;font-family:NeverMindUI, -apple-system, “ background-color:rgba(245,=““ 246,=““ 247,=““ 0.92);“=““>-- 分区: 20260201 / normal</span><br /><span style=“color:#27292A;font-family:NeverMindUI, -apple-system, “ background-color:rgba(245,=““ 246,=““ 247,=““ 0.92);“=““>-- 验证通过:</span><br /><span style=“color:#27292A;font-family:NeverMindUI, -apple-system, “ background-color:rgba(245,=““ 246,=““ 247,=““ 0.92);“=““>-- 1. payment_time &gt; order_time (行内时间差合理)</span><br /><span style=“color:#27292A;font-family:NeverMindUI, -apple-system, “ background-color:rgba(245,=““ 246,=““ 247,=““ 0.92);“=““>-- 2. order_time 相邻行有间隔 (相邻行时间差合理)</span><br /><span style=“color:#27292A;font-family:NeverMindUI, -apple-system, “ background-color:rgba(245,=““ 246,=““ 247,=““ 0.92);“=““>-- 3. order_id 随时间推移严格递增 (单调性符合)</span><br /><span style=“color:#27292A;font-family:NeverMindUI, -apple-system, “ background-color:rgba(245,=““ 246,=““ 247,=““ 0.92);“=““>-- ---------------------------------------------------------</span><br /><span style=“color:#27292A;font-family:NeverMindUI, -apple-system, “ background-color:rgba(245,=““ 246,=““ 247,=““ 0.92);“=““>INSERT INTO TABLE dwd_voyah_sales_time_quality PARTITION (pt_date=&#039;20260201&#039;, data_type=&#039;normal&#039;)</span><br /><span style=“color:#27292A;font-family:NeverMindUI, -apple-system, “ background-color:rgba(245,=““ 246,=““ 247,=““ 0.92);“=““>VALUES </span><br /><span style=“color:#27292A;font-family:NeverMindUI, -apple-system, “ background-color:rgba(245,=““ 246,=““ 247,=““ 0.92);“=““>(10001, &#039;LTV001&#039;, &#039;2026-02-01 10:00:00&#039;, &#039;2026-02-01 10:05:00&#039;, 1),</span><br /><span style=“color:#27292A;font-family:NeverMindUI, -apple-system, “ background-color:rgba(245,=““ 246,=““ 247,=““ 0.92);“=““>(10002, &#039;LTV002&#039;, &#039;2026-02-01 10:10:00&#039;, &#039;2026-02-01 10:15:00&#039;, 1),</span><br /><span style=“color:#27292A;font-family:NeverMindUI, -apple-system, “ background-color:rgba(245,=““ 246,=““ 247,=““ 0.92);“=““>(10003, &#039;LTV003&#039;, &#039;2026-02-01 10:30:00&#039;, &#039;2026-02-01 10:35:00&#039;, 1),</span><br /><span style=“color:#27292A;font-family:NeverMindUI, -apple-system, “ background-color:rgba(245,=““ 246,=““ 247,=““ 0.92);“=““>(10004, &#039;LTV004&#039;, &#039;2026-02-01 11:00:00&#039;, &#039;2026-02-01 11:02:00&#039;, 1);</span><br /><br /><span style=“color:#27292A;font-family:NeverMindUI, -apple-system, “ background-color:rgba(245,=““ 246,=““ 247,=““ 0.92);“=““>-- ---------------------------------------------------------</span><br /><span style=“color:#27292A;font-family:NeverMindUI, -apple-system, “ background-color:rgba(245,=““ 246,=““ 247,=““ 0.92);“=““>-- 场景B: [异常数据 - 规则1: 行内字段时间差校验]</span><br /><span style=“color:#27292A;font-family:NeverMindUI, -apple-system, “ background-color:rgba(245,=““ 246,=““ 247,=““ 0.92);“=““>-- 分区: 20260202 / abnormal_diff_row</span><br /><span style=“color:#27292A;font-family:NeverMindUI, -apple-system, “ background-color:rgba(245,=““ 246,=““ 247,=““ 0.92);“=““>-- 异常点: ID 20002 的支付时间 早于 下定时间 (逻辑错误)</span><br /><span style=“color:#27292A;font-family:NeverMindUI, -apple-system, “ background-color:rgba(245,=““ 246,=““ 247,=““ 0.92);“=““>-- ---------------------------------------------------------</span><br /><span style=“color:#27292A;font-family:NeverMindUI, -apple-system, “ background-color:rgba(245,=““ 246,=““ 247,=““ 0.92);“=““>INSERT INTO TABLE dwd_voyah_sales_time_quality PARTITION (pt_date=&#039;20260202&#039;, data_type=&#039;abnormal_diff_row&#039;)</span><br /><span style=“color:#27292A;font-family:NeverMindUI, -apple-system, “ background-color:rgba(245,=““ 246,=““ 247,=““ 0.92);“=““>VALUES </span><br /><span style=“color:#27292A;font-family:NeverMindUI, -apple-system, “ background-color:rgba(245,=““ 246,=““ 247,=““ 0.92);“=““>(20001, &#039;LTV_ERR_01&#039;, &#039;2026-02-02 09:00:00&#039;, &#039;2026-02-02 09:10:00&#039;, 1), -- 正常</span><br /><span style=“color:#27292A;font-family:NeverMindUI, -apple-system, “ background-color:rgba(245,=““ 246,=““ 247,=““ 0.92);“=““>(20002, &#039;LTV_ERR_02&#039;, &#039;2026-02-02 09:30:00&#039;, &#039;2026-02-02 09:29:59&#039;, 1); -- 异常: 支付比下单早1秒</span><br /><br /><span style=“color:#27292A;font-family:NeverMindUI, -apple-system, “ background-color:rgba(245,=““ 246,=““ 247,=““ 0.92);“=““>-- ---------------------------------------------------------</span><br /><span style=“color:#27292A;font-family:NeverMindUI, -apple-system, “ background-color:rgba(245,=““ 246,=““ 247,=““ 0.92);“=““>-- 场景C: [异常数据 - 规则2: 相邻两行时间差校验]</span><br /><span style=“color:#27292A;font-family:NeverMindUI, -apple-system, “ background-color:rgba(245,=““ 246,=““ 247,=““ 0.92);“=““>-- 分区: 20260203 / abnormal_diff_adjacent</span><br /><span style=“color:#27292A;font-family:NeverMindUI, -apple-system, “ background-color:rgba(245,=““ 246,=““ 247,=““ 0.92);“=““>-- 异常点: ID 30002 和 30003 的 order_time 完全一致 (时间差为0)</span><br /><span style=“color:#27292A;font-family:NeverMindUI, -apple-system, “ background-color:rgba(245,=““ 246,=““ 247,=““ 0.92);“=““>-- 假设规则要求: 订单系统处理能力限制，相邻订单间隔必须 &gt;= 1秒</span><br /><span style=“color:#27292A;font-family:NeverMindUI, -apple-system, “ background-color:rgba(245,=““ 246,=““ 247,=““ 0.92);“=““>-- ---------------------------------------------------------</span><br /><span style=“color:#27292A;font-family:NeverMindUI, -apple-system, “ background-color:rgba(245,=““ 246,=““ 247,=““ 0.92);“=““>INSERT INTO TABLE dwd_voyah_sales_time_quality PARTITION (pt_date=&#039;20260203&#039;, data_type=&#039;abnormal_diff_adjacent&#039;)</span><br /><span style=“color:#27292A;font-family:NeverMindUI, -apple-system, “ background-color:rgba(245,=““ 246,=““ 247,=““ 0.92);“=““>VALUES </span><br /><span style=“color:#27292A;font-family:NeverMindUI, -apple-system, “ background-color:rgba(245,=““ 246,=““ 247,=““ 0.92);“=““>(30001, &#039;LTV_GAP_01&#039;, &#039;2026-02-03 14:00:00&#039;, &#039;2026-02-03 14:05:00&#039;, 1),</span><br /><span style=“color:#27292A;font-family:NeverMindUI, -apple-system, “ background-color:rgba(245,=““ 246,=““ 247,=““ 0.92);“=““>(30002, &#039;LTV_GAP_02&#039;, &#039;2026-02-03 14:00:05&#039;, &#039;2026-02-03 14:10:00&#039;, 1),</span><br /><span style=“color:#27292A;font-family:NeverMindUI, -apple-system, “ background-color:rgba(245,=““ 246,=““ 247,=““ 0.92);“=““>(30003, &#039;LTV_GAP_03&#039;, &#039;2026-02-03 14:00:05&#039;, &#039;2026-02-03 14:12:00&#039;, 1); -- 异常: 与上一行时间差为0</span><br /><br /><span style=“color:#27292A;font-family:NeverMindUI, -apple-system, “ background-color:rgba(245,=““ 246,=““ 247,=““ 0.92);“=““>-- ---------------------------------------------------------</span><br /><span style=“color:#27292A;font-family:NeverMindUI, -apple-system, “ background-color:rgba(245,=““ 246,=““ 247,=““ 0.92);“=““>-- 场景D: [异常数据 - 规则3: 字段单调性校验]</span><br /><span style=“color:#27292A;font-family:NeverMindUI, -apple-system, “ background-color:rgba(245,=““ 246,=““ 247,=““ 0.92);“=““>-- 分区: 20260204 / abnormal_monotonicity</span><br /><span style=“color:#27292A;font-family:NeverMindUI, -apple-system, “ background-color:rgba(245,=““ 246,=““ 247,=““ 0.92);“=““>-- 异常点: order_id 出现乱序 (40003 在 40002 之前出现)</span><br /><span style=“color:#27292A;font-family:NeverMindUI, -apple-system, “ background-color:rgba(245,=““ 246,=““ 247,=““ 0.92);“=““>-- 预期: 按照 order_time 排序后，order_id 应该也是递增的</span><br /><span style=“color:#27292A;font-family:NeverMindUI, -apple-system, “ background-color:rgba(245,=““ 246,=““ 247,=““ 0.92);“=““>-- ---------------------------------------------------------</span><br /><span style=“color:#27292A;font-family:NeverMindUI, -apple-system, “ background-color:rgba(245,=““ 246,=““ 247,=““ 0.92);“=““>INSERT INTO TABLE dwd_voyah_sales_time_quality PARTITION (pt_date=&#039;20260204&#039;, data_type=&#039;abnormal_monotonicity&#039;)</span><br /><span style=“color:#27292A;font-family:NeverMindUI, -apple-system, “ background-color:rgba(245,=““ 246,=““ 247,=““ 0.92);“=““>VALUES </span><br /><span style=“color:#27292A;font-family:NeverMindUI, -apple-system, “ background-color:rgba(245,=““ 246,=““ 247,=““ 0.92);“=““>(40001, &#039;LTV_SORT_01&#039;, &#039;2026-02-04 15:00:00&#039;, &#039;2026-02-04 15:05:00&#039;, 1),</span><br /><span style=“color:#27292A;font-family:NeverMindUI, -apple-system, “ background-color:rgba(245,=““ 246,=““ 247,=““ 0.92);“=““>(40003, &#039;LTV_SORT_03&#039;, &#039;2026-02-04 15:10:00&#039;, &#039;2026-02-04 15:15:00&#039;, 1), -- 异常: ID跳变</span><br /><span style=“color:#27292A;font-family:NeverMindUI, -apple-system, “ background-color:rgba(245,=““ 246,=““ 247,=““ 0.92);“=““>(40002, &#039;LTV_SORT_02&#039;, &#039;2026-02-04 15:20:00&#039;, &#039;2026-02-04 15:25:00&#039;, 1); -- 异常: 时间晚但ID小 (破坏单调递增)</span><br /><br /><br /><br /><br /><span style=“color:#27292A;font-family:NeverMindUI, -apple-system, “ background-color:rgba(245,=““ 246,=““ 247,=““ 0.92);“=““>-- =========================================================</span><br /><span style=“color:#27292A;font-family:NeverMindUI, -apple-system, “ background-color:rgba(245,=““ 246,=““ 247,=““ 0.92);“=““>-- 1. 建表语句 (补充对比表)</span><br /><span style=“color:#27292A;font-family:NeverMindUI, -apple-system, “ background-color:rgba(245,=““ 246,=““ 247,=““ 0.92);“=““>-- 表名: dwd_voyah_sales_time_quality02</span><br /><span style=“color:#27292A;font-family:NeverMindUI, -apple-system, “ background-color:rgba(245,=““ 246,=““ 247,=““ 0.92);“=““>-- 结构: 与原表完全一致</span><br /><span style=“color:#27292A;font-family:NeverMindUI, -apple-system, “ background-color:rgba(245,=““ 246,=““ 247,=““ 0.92);“=““>-- =========================================================</span><br /><span style=“color:#27292A;font-family:NeverMindUI, -apple-system, “ background-color:rgba(245,=““ 246,=““ 247,=““ 0.92);“=““>CREATE TABLE IF NOT EXISTS dwd_voyah_sales_time_quality02 LIKE dwd_voyah_sales_time_quality;</span><br /><br /><span style=“color:#27292A;font-family:NeverMindUI, -apple-system, “ background-color:rgba(245,=““ 246,=““ 247,=““ 0.92);“=““>-- =========================================================</span><br /><span style=“color:#27292A;font-family:NeverMindUI, -apple-system, “ background-color:rgba(245,=““ 246,=““ 247,=““ 0.92);“=““>-- 2. 数据插入语句 (构造对比数据)</span><br /><span style=“color:#27292A;font-family:NeverMindUI, -apple-system, “ background-color:rgba(245,=““ 246,=““ 247,=““ 0.92);“=““>-- 分区: 对应规则配置中的 pt_date=20260203 / data_type=&#039;normal&#039;</span><br /><span style=“color:#27292A;font-family:NeverMindUI, -apple-system, “ background-color:rgba(245,=““ 246,=““ 247,=““ 0.92);“=““>-- 数据: 故意构造与原表(20260204分区)完全不同的数据，以确保“一致性校验“失败</span><br /><span style=“color:#27292A;font-family:NeverMindUI, -apple-system, “ background-color:rgba(245,=““ 246,=““ 247,=““ 0.92);“=““>-- =========================================================</span><br /><span style=“color:#27292A;font-family:NeverMindUI, -apple-system, “ background-color:rgba(245,=““ 246,=““ 247,=““ 0.92);“=““>INSERT INTO TABLE dwd_voyah_sales_time_quality02 PARTITION (pt_date=&#039;20260203&#039;, data_type=&#039;normal&#039;)</span><br /><span style=“color:#27292A;font-family:NeverMindUI, -apple-system, “ background-color:rgba(245,=““ 246,=““ 247,=““ 0.92);“=““>VALUES </span><br /><span style=“color:#27292A;font-family:NeverMindUI, -apple-system, “ background-color:rgba(245,=““ 246,=““ 247,=““ 0.92);“=““>-- 这里的 Order_ID (300xx) 与原表测试分区 (400xx) 完全不同，确保主键对比失败</span><br /><span style=“color:#27292A;font-family:NeverMindUI, -apple-system, “ background-color:rgba(245,=““ 246,=““ 247,=““ 0.92);“=““>(30001, &#039;LTV_REF_01&#039;, &#039;2026-02-03 10:00:00&#039;, &#039;2026-02-03 10:05:00&#039;, 1),</span><br /><span style=“color:#27292A;font-family:NeverMindUI, -apple-system, “ background-color:rgba(245,=““ 246,=““ 247,=““ 0.92);“=““>(30002, &#039;LTV_REF_02&#039;, &#039;2026-02-03 10:10:00&#039;, &#039;2026-02-03 10:15:00&#039;, 1),</span><br /><span style=“color:#27292A;font-family:NeverMindUI, -apple-system, “ background-color:rgba(245,=““ 246,=““ 247,=““ 0.92);“=““>(30003, &#039;LTV_REF_03&#039;, &#039;2026-02-03 10:20:00&#039;, &#039;2026-02-03 10:25:00&#039;, 1);</span><br />","1. 进入【数据资产】-【数据质量】-【规则任务管理】页面
2. 新建监控规则, 配置如下:
1) 监控对象: 
- 规则名称: rule01
- 数据表: dwd_voyah_sales_time_quality
- 选择分区: pt_date='20260204' / data_type='abnormal_monotonicity'

2) 监控规则: 引入规则包1(完整性校验、合理性校验)、规则包2(时效性校验)

完整性校验: 
- 生效范围: 字段级
- 字段: order_id
- 统计函数: 字段取值校验
- 期望值: >= 0

合理性校验:
- 字段: order_id
- 统计函数: 数据变化趋势
- 过滤条件: /
- 排序字段: order_id
- 校验方法: 单调递增

有效性校验:
- 字段: vin
- 统计规则: 字符串长度 
- 校验方法: 固定制
- 期望值> 0

唯一性校验
- 字段: order_id
- 统计函数: 重复数
- 校验方法: 固定值
- 期望值: =0

3) 调度属性:
- 调度周期: 时
- 生效日期: T~T+1
- 间隔时间: 1小时
- 其它默认
3. 选择任务rule01, 立即执行
4. 进入「校验结果查询」, 检查规则任务详情页
5. 编辑规则任务rule01, 分区: pt_date='20260201' / data_type='normal'其它配置不变, 保存后重新执行任务","1. 进入成功
2. 
3. 执行成功, 校验结果: 校验不通过
4. 显示表数据中未通过的数据
5. 执行成功, 校验结果: 校验通过","1. 
2. 
3. 
4. 
5.","","1","功能测试","功能测试阶段","正常","0","3","5","通过","向林","2026-02-06","向林","2026-03-05","4","",""
"179113","数据资产_STD(#23)","/版本迭代测试用例/v6.4.8/【岚图】【规则集管理】支持每个数据表的规则集管理(#10193)","【岚图】【规则集管理】支持每个数据表的规则集管理(#15522)","校验结果查询 ❯ SparkThrift2.x ❯ 验证规则任务配置规则包后校验正常(1规则包 * 3校验规则)","1) 已存在规则任务, 监控规则配置如下
监控对象:
- 规则名称: rule01
- 数据表: dwd_voyah_vehicle_sales_dates
- 选择已有分区: /

监控规则: 引入规则包、规则类型(完整性校验、有效性校、唯一性校验)

完整性校验:
- 生效范围: 字段级
- 字段: final_price
- 统计函数: 字段取值校验
- 期望值: >= 0

有效性校验:
- 字段: vin
- 统计规则: 字符串长度
- 校验方法: 固定制
- 期望值> 0

唯一性校验
- 字段: order_id
- 统计函数: 重复数
- 校验方法: 固定值
- 期望值: =0


调度属性:
- 调度周期: 时
- 生效日期: T~T+1
- 间隔时间: 1小时
- 其它默认

2) 建表语句如下:
=========================================================
-- 1. 建表语句 (DDL)
-- 表名: 岚图汽车销售双日期分区表
-- 分区: factory_date (出厂日期) / sale_date (出售日期)
-- =========================================================
DROP TABLE IF EXISTS dwd_voyah_vehicle_sales_dates;
CREATE TABLE IF NOT EXISTS dwd_voyah_vehicle_sales_dates (
order_id        STRING          COMMENT &#039;销售订单号&#039;,
vin             STRING          COMMENT &#039;车辆识别代码(VIN)&#039;,
car_model       STRING          COMMENT &#039;车型名称&#039;,
guide_price     DECIMAL(20,2)   COMMENT &#039;官方指导价&#039;,
final_price     DECIMAL(20,2)   COMMENT &#039;最终成交价&#039;,
dealer_name     STRING          COMMENT &#039;交付中心&#039;,
order_status    INT             COMMENT &#039;状态: 3-已交付&#039;
)
COMMENT &#039;岚图汽车销售表-用于规则配置测试&#039;
PARTITIONED BY (
factory_date    STRING          COMMENT &#039;一级分区: 出厂日期 yyyyMMdd&#039;,
sale_date       STRING          COMMENT &#039;二级分区: 出售日期 yyyyMMdd&#039;
)
STORED AS ORC
TBLPROPERTIES (&#039;orc.compress&#039;=&#039;SNAPPY&#039;);

-- =========================================================
-- 2. 数据插入语句 (DML) - 共10条数据
-- =========================================================

-- 【场景A：正常数据】 4条
-- 出厂: 20260115 -> 出售: 20260201 (产销周期约半个月，正常)
-- 用于测试：基础的分区扫描功能
INSERT INTO TABLE dwd_voyah_vehicle_sales_dates PARTITION (factory_date=&#039;20260115&#039;, sale_date=&#039;20260201&#039;)
VALUES
(&#039;ORD_20260201_001&#039;, &#039;LTV_FREE_001&#039;, &#039;岚图FREE&#039;, 266900.00, 261900.00, &#039;武汉交付中心&#039;, 3),
(&#039;ORD_20260201_002&#039;, &#039;LTV_DREAM_002&#039;, &#039;岚图梦想家&#039;, 369900.00, 365000.00, &#039;杭州交付中心&#039;, 3),
(&#039;ORD_20260201_003&#039;, &#039;LTV_PASSION_003&#039;, &#039;岚图追光&#039;, 252800.00, 252800.00, &#039;深圳交付中心&#039;, 3),
(&#039;ORD_20260201_004&#039;, &#039;LTV_FREE_004&#039;, &#039;岚图FREE&#039;, 266900.00, 260000.00, &#039;成都交付中心&#039;, 3);

-- 【场景B：库存积压】 3条
-- 出厂: 20251220 -> 出售: 20260201 (去年生产今年卖，跨年跨月)
-- 用于测试：手动输入分区范围查询 (例如 factory_date < &#039;20260101&#039;)
INSERT INTO TABLE dwd_voyah_vehicle_sales_dates PARTITION (factory_date=&#039;20251220&#039;, sale_date=&#039;20260201&#039;)
VALUES
(&#039;ORD_20260201_005&#039;, &#039;LTV_DREAM_OLD_01&#039;, &#039;岚图梦想家&#039;, 339900.00, 330000.00, &#039;武汉交付中心&#039;, 3),
(&#039;ORD_20260201_006&#039;, &#039;LTV_FREE_OLD_02&#039;, &#039;岚图FREE&#039;, 266900.00, 250000.00, &#039;上海交付中心&#039;, 3),
(&#039;ORD_20260201_007&#039;, &#039;LTV_PASSION_OLD_03&#039;, &#039;岚图追光&#039;, 252800.00, 248000.00, &#039;北京交付中心&#039;, 3);

-- 【场景C：逻辑脏数据】 2条
-- 出厂: 20260301 -> 出售: 20260201 (出厂日期晚于出售日期，逻辑错误)
-- 用于测试：质量规则校验 (WHERE factory_date > sale_date 应该触发告警)
INSERT INTO TABLE dwd_voyah_vehicle_sales_dates PARTITION (factory_date=&#039;20260301&#039;, sale_date=&#039;20260201&#039;)
VALUES
(&#039;ORD_ERR_001&#039;, &#039;LTV_FUTURE_001&#039;, &#039;岚图FREE&#039;, 266900.00, 266900.00, &#039;广州交付中心&#039;, 3),
(&#039;ORD_ERR_002&#039;, &#039;LTV_FUTURE_002&#039;, &#039;岚图梦想家&#039;, 369900.00, 369900.00, &#039;西安交付中心&#039;, 3);

-- 【场景D：极速产销】 1条
-- 出厂: 20260201 -> 出售: 20260201 (当天生产当天卖)
-- 用于测试：边界值校验
INSERT INTO TABLE dwd_voyah_vehicle_sales_dates PARTITION (factory_date=&#039;20260201&#039;, sale_date=&#039;20260201&#039;)
VALUES
(&#039;ORD_FAST_001&#039;, &#039;LTV_SPEED_001&#039;, &#039;岚图追光&#039;, 252800.00, 252800.00, &#039;武汉交付中心&#039;, 3);

-- 【场景E：字段级异常 (脏数据)】 4条
INSERT INTO TABLE dwd_voyah_vehicle_sales_dates PARTITION (factory_date=&#039;20260202&#039;, sale_date=&#039;20260202&#039;)
VALUES
-- 1. [NULL异常]: 车型名称为 NULL
(&#039;ORD_ERR_NULL&#039;, &#039;LTV_NULL_VAL&#039;, NULL, 266900.00, 260000.00, &#039;北京交付中心&#039;, 3),
-- 2. [空串异常]: 交付中心为 Empty String (&#039;&#039;)
(&#039;ORD_ERR_EMPTY&#039;, &#039;LTV_EMPTY_STR&#039;, &#039;岚图追光&#039;, 252800.00, 252800.00, &#039;&#039;, 3),
-- 3. [数值异常]: 最终成交价为负数 (-100.00)
(&#039;ORD_ERR_NEG&#039;, &#039;LTV_NEG_PRICE&#039;, &#039;岚图梦想家&#039;, 369900.00, -100.00, &#039;成都交付中心&#039;, 3),
-- 4. [空值异常]: VIN码为纯空格 (&#039;   &#039;), 且官方指导价丢失
(&#039;ORD_ERR_BLANK&#039;, &#039;   &#039;, &#039;岚图FREE&#039;, NULL, 0.00, &#039;重庆交付中心&#039;, 3);

-- 查询已创建的分区信息
SHOW PARTITIONS dwd_voyah_vehicle_sales_dates;


SELECT * FROM dwd_voyah_vehicle_sales_dates;","1. 进入【数据资产】-【数据质量】-【规则任务管理】页面
2. 新建监控规则, 配置如下:1) 监控对象: - 规则名称: rule01- 数据表: dwd_voyah_vehicle_sales_dates- 选择分区: /2) 监控规则: 引入规则包、规则类型(完整性校验)完整性校验: - 生效范围: 字段级- 字段: final_price- 统计函数: 字段取值校验- 期望值: >= 0有效性校验:- 字段: vin- 统计规则: 字符串长度 - 校验方法: 固定制- 期望值> 0唯一性校验- 字段: order_id- 统计函数: 重复数- 校验方法: 固定值- 期望值: =03) 调度属性:- 调度周期: 时- 生效日期: T~T+1- 间隔时间: 1小时- 其它默认- 实例生成方式: 「立即生成」
3. 选择任务rule01, 立即执行
4. 进入「校验结果查询」, 检查规则任务详情页
5. SQL验证:SELECT * FROM dwd_voyah_vehicle_sales_dates WHERE     -- 1. 完整性校验异常 (final_price < 0 或为 NULL)    (final_price < 0 OR final_price IS NULL)        OR        -- 2. 有效性校验异常 (vin 长度 <= 0，包含 NULL 或 纯空格字符串)    (length(trim(vin)) = 0 OR vin IS NULL)        OR        -- 3. 唯一性校验异常 (order_id 重复)    order_id IN (        SELECT order_id         FROM dwd_voyah_vehicle_sales_dates         GROUP BY order_id         HAVING COUNT(1) > 1    );
6. 编辑规则任务rule01, 分区: factory_date=20260115/sale_date=20260201其它配置不变, 保存后重新执行任务","1. 进入成功
2. 配置成功
3. 执行成功, 校验结果: 校验不通过
4. 显示表数据中未通过的数据
5. 返回的数据与规则过滤出的数据一致
6. 执行成功, 校验结果: 校验通过","1. 
2. 
3. 
4. 
5. 
6.","","2","功能测试","功能测试阶段","正常","0","2","6","通过","向林","2026-02-06","向林","2026-02-06","1","",""
"179112","数据资产_STD(#23)","/版本迭代测试用例/v6.4.8/【岚图】【规则集管理】支持每个数据表的规则集管理(#10193)","【岚图】【规则集管理】支持每个数据表的规则集管理(#15522)","校验结果查询 ❯ SparkThrift2.x ❯ 验证规则任务配置规则包后校验正常(1规则包 * 1校验规则)","<span style=“color:#27292A;font-family:NeverMindUI, -apple-system, &quot;background-color:rgba(245, 246, 247, 0.92);“>建表语句如下:</span><br /><span style=“color:#27292A;font-family:NeverMindUI, -apple-system, &quot;background-color:rgba(245, 246, 247, 0.92);“>=========================================================</span><br /><span style=“color:#27292A;font-family:NeverMindUI, -apple-system, &quot;background-color:rgba(245, 246, 247, 0.92);“>-- 1. 建表语句 (DDL)</span><br /><span style=“color:#27292A;font-family:NeverMindUI, -apple-system, &quot;background-color:rgba(245, 246, 247, 0.92);“>-- 表名: 岚图汽车销售双日期分区表</span><br /><span style=“color:#27292A;font-family:NeverMindUI, -apple-system, &quot;background-color:rgba(245, 246, 247, 0.92);“>-- 分区: factory_date (出厂日期) / sale_date (出售日期)</span><br /><span style=“color:#27292A;font-family:NeverMindUI, -apple-system, &quot;background-color:rgba(245, 246, 247, 0.92);“>-- =========================================================</span><br /><span style=“color:#27292A;font-family:NeverMindUI, -apple-system, &quot;background-color:rgba(245, 246, 247, 0.92);“>DROP TABLE IF EXISTS dwd_voyah_vehicle_sales_dates;</span><br /><span style=“color:#27292A;font-family:NeverMindUI, -apple-system, &quot;background-color:rgba(245, 246, 247, 0.92);“>CREATE TABLE IF NOT EXISTS dwd_voyah_vehicle_sales_dates (</span><br /><span style=“color:#27292A;font-family:NeverMindUI, -apple-system, &quot;background-color:rgba(245, 246, 247, 0.92);“>&nbsp; &nbsp; order_id&nbsp; &nbsp; &nbsp; &nbsp; STRING&nbsp; &nbsp; &nbsp; &nbsp; &nbsp; COMMENT &#039;销售订单号&#039;,</span><br /><span style=“color:#27292A;font-family:NeverMindUI, -apple-system, &quot;background-color:rgba(245, 246, 247, 0.92);“>&nbsp; &nbsp; vin&nbsp; &nbsp; &nbsp; &nbsp; &nbsp; &nbsp; &nbsp;STRING&nbsp; &nbsp; &nbsp; &nbsp; &nbsp; COMMENT &#039;车辆识别代码(VIN)&#039;,</span><br /><span style=“color:#27292A;font-family:NeverMindUI, -apple-system, &quot;background-color:rgba(245, 246, 247, 0.92);“>&nbsp; &nbsp; car_model&nbsp; &nbsp; &nbsp; &nbsp;STRING&nbsp; &nbsp; &nbsp; &nbsp; &nbsp; COMMENT &#039;车型名称&#039;,</span><br /><span style=“color:#27292A;font-family:NeverMindUI, -apple-system, &quot;background-color:rgba(245, 246, 247, 0.92);“>&nbsp; &nbsp; guide_price&nbsp; &nbsp; &nbsp;DECIMAL(20,2) &nbsp; COMMENT &#039;官方指导价&#039;,</span><br /><span style=“color:#27292A;font-family:NeverMindUI, -apple-system, &quot;background-color:rgba(245, 246, 247, 0.92);“>&nbsp; &nbsp; final_price&nbsp; &nbsp; &nbsp;DECIMAL(20,2) &nbsp; COMMENT &#039;最终成交价&#039;,</span><br /><span style=“color:#27292A;font-family:NeverMindUI, -apple-system, &quot;background-color:rgba(245, 246, 247, 0.92);“>&nbsp; &nbsp; dealer_name&nbsp; &nbsp; &nbsp;STRING&nbsp; &nbsp; &nbsp; &nbsp; &nbsp; COMMENT &#039;交付中心&#039;,</span><br /><span style=“color:#27292A;font-family:NeverMindUI, -apple-system, &quot;background-color:rgba(245, 246, 247, 0.92);“>&nbsp; &nbsp; order_status&nbsp; &nbsp; INT&nbsp; &nbsp; &nbsp; &nbsp; &nbsp; &nbsp; &nbsp;COMMENT &#039;状态: 3-已交付&#039;</span><br /><span style=“color:#27292A;font-family:NeverMindUI, -apple-system, &quot;background-color:rgba(245, 246, 247, 0.92);“>)</span><br /><span style=“color:#27292A;font-family:NeverMindUI, -apple-system, &quot;background-color:rgba(245, 246, 247, 0.92);“>COMMENT &#039;岚图汽车销售表-用于规则配置测试&#039;</span><br /><span style=“color:#27292A;font-family:NeverMindUI, -apple-system, &quot;background-color:rgba(245, 246, 247, 0.92);“>PARTITIONED BY (</span><br /><span style=“color:#27292A;font-family:NeverMindUI, -apple-system, &quot;background-color:rgba(245, 246, 247, 0.92);“>&nbsp; &nbsp; factory_date&nbsp; &nbsp; STRING&nbsp; &nbsp; &nbsp; &nbsp; &nbsp; COMMENT &#039;一级分区: 出厂日期 yyyyMMdd&#039;,</span><br /><span style=“color:#27292A;font-family:NeverMindUI, -apple-system, &quot;background-color:rgba(245, 246, 247, 0.92);“>&nbsp; &nbsp; sale_date&nbsp; &nbsp; &nbsp; &nbsp;STRING&nbsp; &nbsp; &nbsp; &nbsp; &nbsp; COMMENT &#039;二级分区: 出售日期 yyyyMMdd&#039;</span><br /><span style=“color:#27292A;font-family:NeverMindUI, -apple-system, &quot;background-color:rgba(245, 246, 247, 0.92);“>)</span><br /><span style=“color:#27292A;font-family:NeverMindUI, -apple-system, &quot;background-color:rgba(245, 246, 247, 0.92);“>STORED AS ORC</span><br /><span style=“color:#27292A;font-family:NeverMindUI, -apple-system, &quot;background-color:rgba(245, 246, 247, 0.92);“>TBLPROPERTIES (&#039;orc.compress&#039;=&#039;SNAPPY&#039;);</span><br /><br /><span style=“color:#27292A;font-family:NeverMindUI, -apple-system, &quot;background-color:rgba(245, 246, 247, 0.92);“>-- =========================================================</span><br /><span style=“color:#27292A;font-family:NeverMindUI, -apple-system, &quot;background-color:rgba(245, 246, 247, 0.92);“>-- 2. 数据插入语句 (DML) - 共10条数据</span><br /><span style=“color:#27292A;font-family:NeverMindUI, -apple-system, &quot;background-color:rgba(245, 246, 247, 0.92);“>-- =========================================================</span><br /><br /><span style=“color:#27292A;font-family:NeverMindUI, -apple-system, &quot;background-color:rgba(245, 246, 247, 0.92);“>-- 【场景A：正常数据】 4条</span><br /><span style=“color:#27292A;font-family:NeverMindUI, -apple-system, &quot;background-color:rgba(245, 246, 247, 0.92);“>-- 出厂: 20260115 -&gt; 出售: 20260201 (产销周期约半个月，正常)</span><br /><span style=“color:#27292A;font-family:NeverMindUI, -apple-system, &quot;background-color:rgba(245, 246, 247, 0.92);“>-- 用于测试：基础的分区扫描功能</span><br /><span style=“color:#27292A;font-family:NeverMindUI, -apple-system, &quot;background-color:rgba(245, 246, 247, 0.92);“>INSERT INTO TABLE dwd_voyah_vehicle_sales_dates PARTITION (factory_date=&#039;20260115&#039;, sale_date=&#039;20260201&#039;)</span><br /><span style=“color:#27292A;font-family:NeverMindUI, -apple-system, &quot;background-color:rgba(245, 246, 247, 0.92);“>VALUES&nbsp;</span><br /><span style=“color:#27292A;font-family:NeverMindUI, -apple-system, &quot;background-color:rgba(245, 246, 247, 0.92);“>(&#039;ORD_20260201_001&#039;, &#039;LTV_FREE_001&#039;, &#039;岚图FREE&#039;, 266900.00, 261900.00, &#039;武汉交付中心&#039;, 3),</span><br /><span style=“color:#27292A;font-family:NeverMindUI, -apple-system, &quot;background-color:rgba(245, 246, 247, 0.92);“>(&#039;ORD_20260201_002&#039;, &#039;LTV_DREAM_002&#039;, &#039;岚图梦想家&#039;, 369900.00, 365000.00, &#039;杭州交付中心&#039;, 3),</span><br /><span style=“color:#27292A;font-family:NeverMindUI, -apple-system, &quot;background-color:rgba(245, 246, 247, 0.92);“>(&#039;ORD_20260201_003&#039;, &#039;LTV_PASSION_003&#039;, &#039;岚图追光&#039;, 252800.00, 252800.00, &#039;深圳交付中心&#039;, 3),</span><br /><span style=“color:#27292A;font-family:NeverMindUI, -apple-system, &quot;background-color:rgba(245, 246, 247, 0.92);“>(&#039;ORD_20260201_004&#039;, &#039;LTV_FREE_004&#039;, &#039;岚图FREE&#039;, 266900.00, 260000.00, &#039;成都交付中心&#039;, 3);</span><br /><br /><span style=“color:#27292A;font-family:NeverMindUI, -apple-system, &quot;background-color:rgba(245, 246, 247, 0.92);“>-- 【场景B：库存积压】 3条</span><br /><span style=“color:#27292A;font-family:NeverMindUI, -apple-system, &quot;background-color:rgba(245, 246, 247, 0.92);“>-- 出厂: 20251220 -&gt; 出售: 20260201 (去年生产今年卖，跨年跨月)</span><br /><span style=“color:#27292A;font-family:NeverMindUI, -apple-system, &quot;background-color:rgba(245, 246, 247, 0.92);“>-- 用于测试：手动输入分区范围查询 (例如 factory_date &lt; &#039;20260101&#039;)</span><br /><span style=“color:#27292A;font-family:NeverMindUI, -apple-system, &quot;background-color:rgba(245, 246, 247, 0.92);“>INSERT INTO TABLE dwd_voyah_vehicle_sales_dates PARTITION (factory_date=&#039;20251220&#039;, sale_date=&#039;20260201&#039;)</span><br /><span style=“color:#27292A;font-family:NeverMindUI, -apple-system, &quot;background-color:rgba(245, 246, 247, 0.92);“>VALUES&nbsp;</span><br /><span style=“color:#27292A;font-family:NeverMindUI, -apple-system, &quot;background-color:rgba(245, 246, 247, 0.92);“>(&#039;ORD_20260201_005&#039;, &#039;LTV_DREAM_OLD_01&#039;, &#039;岚图梦想家&#039;, 339900.00, 330000.00, &#039;武汉交付中心&#039;, 3),</span><br /><span style=“color:#27292A;font-family:NeverMindUI, -apple-system, &quot;background-color:rgba(245, 246, 247, 0.92);“>(&#039;ORD_20260201_006&#039;, &#039;LTV_FREE_OLD_02&#039;, &#039;岚图FREE&#039;, 266900.00, 250000.00, &#039;上海交付中心&#039;, 3),</span><br /><span style=“color:#27292A;font-family:NeverMindUI, -apple-system, &quot;background-color:rgba(245, 246, 247, 0.92);“>(&#039;ORD_20260201_007&#039;, &#039;LTV_PASSION_OLD_03&#039;, &#039;岚图追光&#039;, 252800.00, 248000.00, &#039;北京交付中心&#039;, 3);</span><br /><br /><span style=“color:#27292A;font-family:NeverMindUI, -apple-system, &quot;background-color:rgba(245, 246, 247, 0.92);“>-- 【场景C：逻辑脏数据】 2条</span><br /><span style=“color:#27292A;font-family:NeverMindUI, -apple-system, &quot;background-color:rgba(245, 246, 247, 0.92);“>-- 出厂: 20260301 -&gt; 出售: 20260201 (出厂日期晚于出售日期，逻辑错误)</span><br /><span style=“color:#27292A;font-family:NeverMindUI, -apple-system, &quot;background-color:rgba(245, 246, 247, 0.92);“>-- 用于测试：质量规则校验 (WHERE factory_date &gt; sale_date 应该触发告警)</span><br /><span style=“color:#27292A;font-family:NeverMindUI, -apple-system, &quot;background-color:rgba(245, 246, 247, 0.92);“>INSERT INTO TABLE dwd_voyah_vehicle_sales_dates PARTITION (factory_date=&#039;20260301&#039;, sale_date=&#039;20260201&#039;)</span><br /><span style=“color:#27292A;font-family:NeverMindUI, -apple-system, &quot;background-color:rgba(245, 246, 247, 0.92);“>VALUES&nbsp;</span><br /><span style=“color:#27292A;font-family:NeverMindUI, -apple-system, &quot;background-color:rgba(245, 246, 247, 0.92);“>(&#039;ORD_ERR_001&#039;, &#039;LTV_FUTURE_001&#039;, &#039;岚图FREE&#039;, 266900.00, 266900.00, &#039;广州交付中心&#039;, 3),</span><br /><span style=“color:#27292A;font-family:NeverMindUI, -apple-system, &quot;background-color:rgba(245, 246, 247, 0.92);“>(&#039;ORD_ERR_002&#039;, &#039;LTV_FUTURE_002&#039;, &#039;岚图梦想家&#039;, 369900.00, 369900.00, &#039;西安交付中心&#039;, 3);</span><br /><br /><span style=“color:#27292A;font-family:NeverMindUI, -apple-system, &quot;background-color:rgba(245, 246, 247, 0.92);“>-- 【场景D：极速产销】 1条</span><br /><span style=“color:#27292A;font-family:NeverMindUI, -apple-system, &quot;background-color:rgba(245, 246, 247, 0.92);“>-- 出厂: 20260201 -&gt; 出售: 20260201 (当天生产当天卖)</span><br /><span style=“color:#27292A;font-family:NeverMindUI, -apple-system, &quot;background-color:rgba(245, 246, 247, 0.92);“>-- 用于测试：边界值校验</span><br /><span style=“color:#27292A;font-family:NeverMindUI, -apple-system, &quot;background-color:rgba(245, 246, 247, 0.92);“>INSERT INTO TABLE dwd_voyah_vehicle_sales_dates PARTITION (factory_date=&#039;20260201&#039;, sale_date=&#039;20260201&#039;)</span><br /><span style=“color:#27292A;font-family:NeverMindUI, -apple-system, &quot;background-color:rgba(245, 246, 247, 0.92);“>VALUES&nbsp;</span><br /><span style=“color:#27292A;font-family:NeverMindUI, -apple-system, &quot;background-color:rgba(245, 246, 247, 0.92);“>(&#039;ORD_FAST_001&#039;, &#039;LTV_SPEED_001&#039;, &#039;岚图追光&#039;, 252800.00, 252800.00, &#039;武汉交付中心&#039;, 3);</span><br /><br /><span style=“color:#27292A;font-family:NeverMindUI, -apple-system, &quot;background-color:rgba(245, 246, 247, 0.92);“>-- 【场景E：字段级异常 (脏数据)】 4条</span><br /><span style=“color:#27292A;font-family:NeverMindUI, -apple-system, &quot;background-color:rgba(245, 246, 247, 0.92);“>INSERT INTO TABLE dwd_voyah_vehicle_sales_dates PARTITION (factory_date=&#039;20260202&#039;, sale_date=&#039;20260202&#039;)</span><br /><span style=“color:#27292A;font-family:NeverMindUI, -apple-system, &quot;background-color:rgba(245, 246, 247, 0.92);“>VALUES&nbsp;</span><br /><span style=“color:#27292A;font-family:NeverMindUI, -apple-system, &quot;background-color:rgba(245, 246, 247, 0.92);“>-- 1. [NULL异常]: 车型名称为 NULL</span><br /><span style=“color:#27292A;font-family:NeverMindUI, -apple-system, &quot;background-color:rgba(245, 246, 247, 0.92);“>(&#039;ORD_ERR_NULL&#039;, &#039;LTV_NULL_VAL&#039;, NULL, 266900.00, 260000.00, &#039;北京交付中心&#039;, 3),</span><br /><span style=“color:#27292A;font-family:NeverMindUI, -apple-system, &quot;background-color:rgba(245, 246, 247, 0.92);“>-- 2. [空串异常]: 交付中心为 Empty String (&#039;&#039;)</span><br /><span style=“color:#27292A;font-family:NeverMindUI, -apple-system, &quot;background-color:rgba(245, 246, 247, 0.92);“>(&#039;ORD_ERR_EMPTY&#039;, &#039;LTV_EMPTY_STR&#039;, &#039;岚图追光&#039;, 252800.00, 252800.00, &#039;&#039;, 3),</span><br /><span style=“color:#27292A;font-family:NeverMindUI, -apple-system, &quot;background-color:rgba(245, 246, 247, 0.92);“>-- 3. [数值异常]: 最终成交价为负数 (-100.00)</span><br /><span style=“color:#27292A;font-family:NeverMindUI, -apple-system, &quot;background-color:rgba(245, 246, 247, 0.92);“>(&#039;ORD_ERR_NEG&#039;, &#039;LTV_NEG_PRICE&#039;, &#039;岚图梦想家&#039;, 369900.00, -100.00, &#039;成都交付中心&#039;, 3),</span><br /><span style=“color:#27292A;font-family:NeverMindUI, -apple-system, &quot;background-color:rgba(245, 246, 247, 0.92);“>-- 4. [空值异常]: VIN码为纯空格 (&#039; &nbsp; &#039;), 且官方指导价丢失</span><br /><span style=“color:#27292A;font-family:NeverMindUI, -apple-system, &quot;background-color:rgba(245, 246, 247, 0.92);“>(&#039;ORD_ERR_BLANK&#039;, &#039; &nbsp; &#039;, &#039;岚图FREE&#039;, NULL, 0.00, &#039;重庆交付中心&#039;, 3);</span><br /><br /><span style=“color:#27292A;font-family:NeverMindUI, -apple-system, &quot;background-color:rgba(245, 246, 247, 0.92);“>-- 查询已创建的分区信息</span><br /><span style=“color:#27292A;font-family:NeverMindUI, -apple-system, &quot;background-color:rgba(245, 246, 247, 0.92);“>SHOW PARTITIONS dwd_voyah_vehicle_sales_dates;</span><br /><br /><br /><span style=“color:#27292A;font-family:NeverMindUI, -apple-system, &quot;background-color:rgba(245, 246, 247, 0.92);“>SELECT * FROM dwd_voyah_vehicle_sales_dates;</span><br />","1. 进入【数据资产】-【数据质量】-【规则任务管理】页面
2. 新建监控规则, 配置如下:1) 监控对象: - 规则名称: rule01- 数据表: dwd_voyah_vehicle_sales_dates- 选择分区: /2) 监控规则: 引入规则包、规则类型(完整性校验)完整性校验: - 生效范围: 字段级- 字段: final_price- 统计函数: 字段取值校验- 期望值: >= 03) 调度属性:- 调度周期: 时- 生效日期: T~T+1- 间隔时间: 1小时- 其它默认- 实例生成方式: 「立即生成」
3. 选择任务rule01, 立即执行
4. 进入「校验结果查询」, 检查规则任务详情页
5. SQL验证:SELECT * FROM dwd_voyah_vehicle_sales_dates WHERE final_price < 0 OR final_price IS NULL;
6. 编辑规则任务rule01, 变更分区: factory_date=20260115/sale_date=20260201其它配置不变, 保存后重新执行任务","1. 进入成功
2. 配置成功
3. 执行成功, 校验结果: 校验不通过
4. 显示表数据中未通过的数据
5. 返回的数据与规则过滤出的数据一致
6. 执行成功, 校验结果: 校验通过","1. 
2. 
3. 
4. 
5. 
6.","","1","功能测试","功能测试阶段","正常","0","2","6","通过","向林","2026-02-06","向林","2026-03-03","1","",""
"179111","数据资产_STD(#23)","/版本迭代测试用例/v6.4.8/【岚图】【规则集管理】支持每个数据表的规则集管理(#10193)","【岚图】【规则集管理】支持每个数据表的规则集管理(#15522)","规则任务管理 ❯ 验证规则集引用规则仅支持删除","规则集管理中已配置记录:
hive2.x的表hive_table, 规则包配置:

1) hive_rulePkg01: 完整性校验 * 1

2) hive_rulePkg02: 唯一性校验 * 10

3) hive_rulePkg03: (完整性校验~自定义SQL、一致性校验、时效性校验、合理性校验) * 1","1. 进入【数据资产】-【数据质量】-【规则任务管理】页面
2. 新建监控规则, 配置监控对象(hive_table)后点击下一步
3. 选择hive_rulePkg03规则包, 勾选所有校验规则, 并引入
4. 检查完整性校验规则块
5. 点击删除, 并二次确认删除
6. 依次检查后面7个校验规则块
7. 依次删除并二次确认
8. 再次引入hive_rulePkg03规则包中的所有规则类型, 保存","1. 进入成功
2. 进入【新建单表校验规则 ❯ 监控规则】配置页面
3. 引入成功
4. 规则块仅支持删除按钮, 其余编辑操作全部禁用(置灰), 包括克隆按钮
5. 删除成功
6. 仅支持删除, 其余编辑操作、克隆操作均不再支持
7. 删除成功
8. 引入、保存成功","1. 
2. 
3. 
4. 
5. 
6. 
7. 
8.","","2","功能测试","功能测试阶段","正常","0","1","8","通过","向林","2026-02-06","向林","2026-02-06","1","",""
"179110","数据资产_STD(#23)","/版本迭代测试用例/v6.4.8/【岚图】【规则集管理】支持每个数据表的规则集管理(#10193)","【岚图】【规则集管理】支持每个数据表的规则集管理(#15522)","规则任务管理 ❯ 验证更换规则包但不引入, 校验规则配置不变","监控规则-规则包中1、2已存在校验规则","1. 进入【数据资产】-【数据质量】-【规则集管理】页面, 点击新增规则集
2. 正常配置基础信息内容, 点击下一步
3. 选择已配置校验规则的规则包1并引入
4. 更换为规则包2 (不引入)
5. 保存后, 检查规则任务配置信息","1. 进入【新建规则集 ❯ 基础信息】配置页面
2. 进入监控规则配置页面
3. 规则包1中的校验规则引入成功, 配置信息正确
4. 规则包下的校验规则配置内容不变
5. 保存成功, 配置内容不变:1) 规则包: 规则包12) 校验规则: 规则包1中的校验规则","1. 
2. 
3. 
4. 
5.","","2","功能测试","功能测试阶段","正常","0","1","5","通过","向林","2026-02-06","向林","2026-02-06","1","",""
"179109","数据资产_STD(#23)","/版本迭代测试用例/v6.4.8/【岚图】【规则集管理】支持每个数据表的规则集管理(#10193)","【岚图】【规则集管理】支持每个数据表的规则集管理(#15522)","规则任务管理 ❯ 验证规则集引用功能正常(覆盖引入)","<span style=“color:#27292A;font-family:NeverMindUI, -apple-system, &quot;background-color:rgba(245, 246, 247, 0.92);“>规则集管理中已配置记录:</span><br /><span style=“color:#27292A;font-family:NeverMindUI, -apple-system, &quot;background-color:rgba(245, 246, 247, 0.92);“>hive2.x的表hive_table, 规则包配置:</span><br /><br /><span style=“color:#27292A;font-family:NeverMindUI, -apple-system, &quot;background-color:rgba(245, 246, 247, 0.92);“>1) hive_rulePkg01: 完整性校验 * 1</span><br /><br /><span style=“color:#27292A;font-family:NeverMindUI, -apple-system, &quot;background-color:rgba(245, 246, 247, 0.92);“>2) hive_rulePkg02: 唯一性校验 * 10</span><br /><br /><span style=“color:#27292A;font-family:NeverMindUI, -apple-system, &quot;background-color:rgba(245, 246, 247, 0.92);“>3) hive_rulePkg03: (完整性校验~自定义SQL、一致性校验、时效性校验、合理性校验) * 1</span><br />","1. 进入【数据资产】-【数据质量】-【规则任务管理】页面
2. 新建监控规则, 配置监控对象(hive_table)后点击下一步
3. 选择hive_rulePkg01规则包, 完整性校验, 并引入
4. 选择hive_rulePkg02规则包, 完整性校验, 并引入
5. 确认引入后, 检查校验规则配置
6. 保存规则任务后, 检查规则任务详情页","1. 进入成功
2. 进入【新建单表校验规则 ❯ 监控规则】配置页面
3. 引入成功
4. 提示: 引入后会对已有规则进行覆盖引入，请确认是否引入
5. 引入后对已有规则配置进行覆盖
6. 规则配置为: 引入后的规则","1. 
2. 
3. 
4. 
5. 
6.","","1","功能测试","功能测试阶段","正常","0","3","6","通过","向林","2026-02-06","向林","2026-03-03","1","",""
"179108","数据资产_STD(#23)","/版本迭代测试用例/v6.4.8/【岚图】【规则集管理】支持每个数据表的规则集管理(#10193)","【岚图】【规则集管理】支持每个数据表的规则集管理(#15522)","规则任务管理 ❯ 验证规则集引用功能正常(规则包选择全部)","规则集管理中已配置记录:
hive2.x的表hive_table, 规则包配置:

1) hive_rulePkg01: 完整性校验 * 1

2) hive_rulePkg02: 唯一性校验 * 10

3) hive_rulePkg03: (完整性校验~自定义SQL、一致性校验、时效性校验、合理性校验) * 1","1. 进入【数据资产】-【数据质量】-【规则任务管理】页面
2. 新建监控规则, 配置监控对象(hive_table)后点击下一步
3. 选择hive_rulePkg01、02、03规则包, 检查规则类型下拉框数据
4. 勾选所有规则类型后, 点击【引入】","1. 进入成功
2. 进入【新建单表校验规则 ❯ 监控规则】配置页面
3. 支持选择完整性校验~合理性校验共8项
4. 引入成功, 不同规则包间的相同校验规则均被引入至规则任务: 完整性校验*2 + 唯一性校验*11 + 其它6种校验*1","1. 
2. 
3. 
4.","","2","功能测试","功能测试阶段","正常","0","1","4","通过","向林","2026-02-06","向林","2026-02-06","1","",""
"179107","数据资产_STD(#23)","/版本迭代测试用例/v6.4.8/【岚图】【规则集管理】支持每个数据表的规则集管理(#10193)","【岚图】【规则集管理】支持每个数据表的规则集管理(#15522)","规则任务管理 ❯ 验证规则集引用功能正常(规则包多选)","<span style=“color:#27292A;font-family:NeverMindUI, -apple-system, &quot;background-color:rgba(245, 246, 247, 0.92);“>规则集管理中已配置记录:</span><br /><span style=“color:#27292A;font-family:NeverMindUI, -apple-system, &quot;background-color:rgba(245, 246, 247, 0.92);“>hive2.x的表hive_table, 规则包配置:</span><br /><br /><span style=“color:#27292A;font-family:NeverMindUI, -apple-system, &quot;background-color:rgba(245, 246, 247, 0.92);“>1) hive_rulePkg01: 完整性校验 * 1</span><br /><br /><span style=“color:#27292A;font-family:NeverMindUI, -apple-system, &quot;background-color:rgba(245, 246, 247, 0.92);“>2) hive_rulePkg02: 唯一性校验 * 10</span><br /><br /><span style=“color:#27292A;font-family:NeverMindUI, -apple-system, &quot;background-color:rgba(245, 246, 247, 0.92);“>3) hive_rulePkg03: (完整性校验~自定义SQL、一致性校验、时效性校验、合理性校验) * 1</span><br />","1. 进入【数据资产】-【数据质量】-【规则任务管理】页面
2. 新建监控规则, 配置监控对象(hive_table)后点击下一步
3. 选择hive_rulePkg01、02规则包, 检查规则类型下拉框数据
4. 勾选所有规则类型后, 点击【引入】","1. 进入成功
2. 进入【新建单表校验规则 ❯ 监控规则】配置页面
3. 仅支持选择: 完整性校验和唯一性校验
4. 引入完整性校验 * 1 + 唯一性校验 * 10 , 引入配置正确","1. 
2. 
3. 
4.","","1","功能测试","功能测试阶段","正常","0","3","4","通过","向林","2026-02-06","向林","2026-03-03","1","",""
"179106","数据资产_STD(#23)","/版本迭代测试用例/v6.4.8/【岚图】【规则集管理】支持每个数据表的规则集管理(#10193)","【岚图】【规则集管理】支持每个数据表的规则集管理(#15522)","规则任务管理 ❯ 验证规则集引用功能正常(规则包单选)","规则集管理中已配置记录:
hive2.x的表hive_table, 规则包配置:

1) hive_rulePkg01: 完整性校验 * 1

2) hive_rulePkg02: 唯一性校验 * 10

3) hive_rulePkg03: (完整性校验~自定义SQL、一致性校验、时效性校验、合理性校验) * 1","1. 进入【数据资产】-【数据质量】-【规则任务管理】页面
2. 新建监控规则, 配置监控对象(hive_table)后点击下一步
3. 检查规则包下拉框数据
4. 选择hive_rulePkg01规则包, 检查规则类型下拉框数据
5. 勾选【完整性校验】后, 点击【引入】
6. 正常配置调度属性后, 保存
7. 重新配置监控规则页面: 选择hive_rulePkg02规则包, 检查规则类型下拉框数据
8. 勾选【唯一性校验】后, 点击【引入】
9. 正常配置调度属性后, 保存
10. 重新配置监控规则页面: 选择hive_rulePkg03规则包, 检查规则类型下拉框数据
11. 勾选所有校验类型后, 点击【引入】
12. 正常配置调度属性后, 保存","1. 进入成功
2. 进入【新建单表校验规则 ❯ 监控规则】配置页面
3. 支持选择全部、hive_rulePkg01~04共5个选项
4. 存在级联关系, 仅筛选出该规则包下的规则类型: 完整性校验
5. 成功引入一个【完整性校验】, 配置正确
6. 配置保存成功
7. 筛选结果: 唯一性校验
8. 成功引入十个【唯一性校验】, 配置正确
9. 配置保存成功
10. 筛选结果: 完整性校验~合理性校验共8项
11. 成功引入所有校验类型, 配置正确
12. 配置保存成功","1. 
2. 
3. 
4. 
5. 
6. 
7. 
8. 
9. 
10. 
11. 
12.","","2","功能测试","功能测试阶段","正常","0","2","12","通过","向林","2026-02-06","向林","2026-02-06","1","",""
"179105","数据资产_STD(#23)","/版本迭代测试用例/v6.4.8/【岚图】【规则集管理】支持每个数据表的规则集管理(#10193)","【岚图】【规则集管理】支持每个数据表的规则集管理(#15522)","规则任务管理 ❯ 验证监控规则页面变更","无","1. 进入【数据资产】-【数据质量】-【规则任务管理】页面
2. 点击新建监控规则, 配置监控对象后点击下一步
3. 检查【监控规则】页面变更","1. 进入成功
2. 进入【新建单表校验规则 ❯ 监控规则】配置页面
3. 1) 新增规则包(必填)、规则类型(非必填)下拉框、引入按钮2) 原右上角按钮(添加规则、查看全局参数)隐藏","1. 
2. 
3.","","2","功能测试","功能测试阶段","正常","0","1","3","通过","向林","2026-02-06","向林","2026-02-06","1","",""
"179104","数据资产_STD(#23)","/版本迭代测试用例/v6.4.8/【岚图】【规则集管理】支持每个数据表的规则集管理(#10193)","【岚图】【规则集管理】支持每个数据表的规则集管理(#15522)","规则任务管理 ❯ 验证列表字段名称变更(规则名称 ❯ 任务名称)","无","1. 进入【数据资产】-【数据质量】-【规则任务管理】页面
2. 检查规则任务管理列表字段","1. 进入成功
2. 原列表字段名称(规则名称)变更为: 任务名称","1. 
2.","","3","功能测试","功能测试阶段","正常","0","1","2","通过","向林","2026-02-06","向林","2026-02-06","1","",""
"179103","数据资产_STD(#23)","/版本迭代测试用例/v6.4.8/【岚图】【规则集管理】支持每个数据表的规则集管理(#10193)","【岚图】【规则集管理】支持每个数据表的规则集管理(#15522)","规则集管理 ❯ 规则集详情 ❯ 验证规则集详情页面显示正常(20规则包 * 10校验规则)","1、规则集管理列表中已存在一条记录rule01

2、 rule01中存在20个规则包rulePkg01~20

3、 每个规则包都配置10个校验规则(完整性校验、统计性校验等...)","1. 进入【数据资产】-【数据质量】-【规则集管理】页面
2. 选择规则集rule01, 点击表名
3. 检查【规则集详情页】中的基本信息
4. 检查【规则集详情页】中的规则详情
5. 进入【规则任务管理】中, 配置规则任务引入所有规则包、规则类型并保存
6. 检查【规则任务详情页】
7. 运行规则任务后, 进入【校验结果查询】, 检查【校验结果详情页】","1. 进入成功
2. 右侧展开详情页, 包含基本信息和规则详情
3. 数据显示正确, 规则包数量、规则数量分别为20、200
4. 数据显示正确, 页面显示正常, 溢出数据通过列表下滑查看
5. 保存成功
6. 显示规则任务关联的规则包中, 所有的校验规则
7. 显示规则任务关联的规则包中, 所有的校验规则","1. 
2. 
3. 
4. 
5. 
6. 
7.","","3","功能测试","功能测试阶段","正常","0","1","7","通过","向林","2026-02-06","向林","2026-02-06","1","",""
"179102","数据资产_STD(#23)","/版本迭代测试用例/v6.4.8/【岚图】【规则集管理】支持每个数据表的规则集管理(#10193)","【岚图】【规则集管理】支持每个数据表的规则集管理(#15522)","规则集管理 ❯ 规则集详情 ❯ 验证规则集详情数据正确","规则集管理列表中已存在一条记录rule01","1. 进入【数据资产】-【数据质量】-【规则集管理】页面
2. 选择规则集rule01, 点击表名
3. 检查【规则集详情页】中的基本信息&规则详情数据
4. 进入【规则任务管理】中, 配置规则任务引入该规则包并保存
5. 检查【规则任务详情页】
6. 运行规则任务后, 进入【校验结果查询】, 检查【校验结果详情页】","1. 进入成功
2. 右侧抽屉形式展开详情页, 包含基本信息和规则详情, 具体如下:1) 标题: ${数据表名称}规则集详情2) 基本信息: 包含表名、所属数据库、所属数据源、规则包数量、规则数量、规则集描述、更新人、更新时间3) 规则详情: - 展示该规则集记录中已配置的规则包内容, 包含规则包名称及关联的校验规则- 每个规则包支持折叠, 默认展开
3. 1) 基本信息与规则集列表记录保持一致2) 规则详情与规则集记录中配置的规则包内容一致
4. 保存成功
5. 显示规则任务关联的规则包中, 所有的校验规则
6. 显示规则任务关联的规则包中, 所有的校验规则","1. 
2. 
3. 
4. 
5. 
6.","","2","功能测试","功能测试阶段","正常","0","2","6","通过","向林","2026-02-06","向林","2026-02-06","1","",""
"179101","数据资产_STD(#23)","/版本迭代测试用例/v6.4.8/【岚图】【规则集管理】支持每个数据表的规则集管理(#10193)","【岚图】【规则集管理】支持每个数据表的规则集管理(#15522)","规则集管理 ❯ 编辑规则集 ❯ 监控规则 ❯ 验证更换规则包名称后, 校验规则配置不变","监控规则-规则包中1、2已存在校验规则","1. 进入【数据资产】-【数据质量】-【规则集管理】页面,  编辑规则集rule01, 点击下一步
2. 将原规则包1更换为规则包2","1. 进入【编辑规则集 ❯ 监控规则】配置页面
2. 规则包下的校验规则配置内容不变","1. 
2.","","2","功能测试","功能测试阶段","正常","0","1","2","通过","向林","2026-02-06","向林","2026-02-06","1","",""
"179100","数据资产_STD(#23)","/版本迭代测试用例/v6.4.8/【岚图】【规则集管理】支持每个数据表的规则集管理(#10193)","【岚图】【规则集管理】支持每个数据表的规则集管理(#15522)","规则集管理 ❯ 编辑规则集 ❯ 监控规则 ❯ 验证校验规则增删改功能正常","无","1. 进入【数据资产】-【数据质量】-【规则集管理】页面,  编辑规则集rule01, 点击下一步
2. 选择规则包rule01, 点击【添加规则】按钮
3. 添加完整性校验, 正常配置后, 点击保存
4. 添加有效性校验, 正常配置后, 点击保存
5. 添加唯一性校验, 正常配置后, 点击保存
6. 添加统计性校验, 正常配置后, 点击保存
7. 添加自定义SQL, 正常配置后, 点击保存
8. 添加至10个校验规则
9. 选择校验规则A, 点击删除
10. 选择校验规则B, 编辑内容
11. 选择校验规则C, 点击克隆","1. 进入【编辑规则集 ❯ 基础信息】配置页面
2. 支持完整性校验、有效性校验、唯一性校验、统计性校验、自定义SQL
3. 配置保存成功
4. 配置保存成功
5. 配置保存成功
6. 配置保存成功
7. 配置保存成功
8. 上限10个, 无法再次添加
9. 删除成功, 可再次添加
10. 编辑成功
11. 克隆成功, 配置内容保持一致","1. 
2. 
3. 
4. 
5. 
6. 
7. 
8. 
9. 
10. 
11.","","3","功能测试","功能测试阶段","正常","0","2","11","通过","向林","2026-02-06","向林","2026-02-06","1","",""
"179099","数据资产_STD(#23)","/版本迭代测试用例/v6.4.8/【岚图】【规则集管理】支持每个数据表的规则集管理(#10193)","【岚图】【规则集管理】支持每个数据表的规则集管理(#15522)","规则集管理 ❯ 编辑规则集 ❯ 监控规则 ❯ 验证查看全局参数功能正常","无","1. 进入【数据资产】-【数据质量】-【规则集管理】页面,  编辑规则集rule01, 点击下一步
2. 在规则包配置中, 点击【查看全局参数】按钮","1. 进入【编辑规则集 ❯ 监控规则】配置页面
2. 进入全局参数弹窗, 展示全局参数名称列表","1. 
2.","","3","功能测试","功能测试阶段","正常","0","1","2","通过","向林","2026-02-06","向林","2026-02-06","1","",""
"179098","数据资产_STD(#23)","/版本迭代测试用例/v6.4.8/【岚图】【规则集管理】支持每个数据表的规则集管理(#10193)","【岚图】【规则集管理】支持每个数据表的规则集管理(#15522)","规则集管理 ❯ 编辑规则集 ❯ 监控规则 ❯ 验证规则包增删改功能","无","1. 进入【数据资产】-【数据质量】-【规则集管理】页面,  编辑规则集rule01, 点击下一步
2. 折叠/展开规则包
3. 添加至20个规则包
4. 删除任一规则包
5. 二次确认删除
6. 删除至1个规则包
7. 编辑规则包中的校验规则内容, 并保存","1. 进入【编辑规则集 ❯ 监控规则】配置页面
2. 操作成功
3. 增加按钮消失
4. 二次弹窗确认: 删除时进行二次确认提示: 删除规则包后该规则包下已经配置好的规则会同步被删除，请确认是否删除?
5. 1) Toast提示: 删除成功2) 可再次添加规则包
6. 删除按钮消失
7. 保存并配置成功","1. 
2. 
3. 
4. 
5. 
6. 
7.","","3","功能测试","功能测试阶段","正常","0","1","7","通过","向林","2026-02-06","向林","2026-02-06","1","",""
"179097","数据资产_STD(#23)","/版本迭代测试用例/v6.4.8/【岚图】【规则集管理】支持每个数据表的规则集管理(#10193)","【岚图】【规则集管理】支持每个数据表的规则集管理(#15522)","规则集管理 ❯ 编辑规则集 ❯ 监控规则 ❯ 验证规则包下拉框数据正常","无","1. 进入【数据资产】-【数据质量】-【规则集管理】页面,  编辑规则集rule01, 点击下一步
2. 展开规则包下拉框
3. 检查规则包下拉框数据","1. 进入【编辑规则集 ❯ 监控规则】配置页面
2. 下拉框数据为基础信息配置页面中添加的规则包名称
3. 已选择过的规则包(rule01)不支持再次选择","1. 
2. 
3.","","3","功能测试","功能测试阶段","正常","0","1","3","通过","向林","2026-02-06","向林","2026-02-06","1","",""
"179096","数据资产_STD(#23)","/版本迭代测试用例/v6.4.8/【岚图】【规则集管理】支持每个数据表的规则集管理(#10193)","【岚图】【规则集管理】支持每个数据表的规则集管理(#15522)","规则集管理 ❯ 编辑规则集 ❯ 基础信息 ❯ 验证规则包名称不可重复","无","1. 进入【数据资产】-【数据质量】-【规则集管理】页面,  编辑规则集rule01
2. 在规则包配置中, 点击增加按钮, 添加规则包
3. 配置内容:1) 规则包1: rule012) 规则包2: rule01","1. 进入【编辑规则集 ❯ 基础信息】配置页面
2. 添加成功, 从第二个规则包开始均提供删除按钮
3. 置红提示: 规则包名称不可重复","1. 
2. 
3.","","3","功能测试","功能测试阶段","正常","0","1","3","通过","向林","2026-02-06","向林","2026-02-06","1","",""
"179095","数据资产_STD(#23)","/版本迭代测试用例/v6.4.8/【岚图】【规则集管理】支持每个数据表的规则集管理(#10193)","【岚图】【规则集管理】支持每个数据表的规则集管理(#15522)","规则集管理 ❯ 编辑规则集 ❯ 基础信息 ❯ 验证规则包名称增删改功能","无","1. 进入【数据资产】-【数据质量】-【规则集管理】页面,  编辑规则集rule01
2. 在规则包名称配置中, 点击增加按钮, 添加规则包名称
3. 添加至20个规则包名称
4. 删除任一规则包名称
5. 删除至1个规则包名称
6. 规则包名称输入框输入51字符
7. 输入50字符, 点击下一步","1. 进入【编辑规则集 ❯ 基础信息】配置页面
2. 添加成功, 从第二个规则包名称开始均提供删除按钮
3. 增加按钮消失
4. 可再次添加
5. 删除按钮消失
6. 置红提示: 规则包名称不可重复
7. 配置成功","1. 
2. 
3. 
4. 
5. 
6. 
7.","","3","功能测试","功能测试阶段","正常","0","1","7","通过","向林","2026-02-06","向林","2026-02-06","1","",""
"179094","数据资产_STD(#23)","/版本迭代测试用例/v6.4.8/【岚图】【规则集管理】支持每个数据表的规则集管理(#10193)","【岚图】【规则集管理】支持每个数据表的规则集管理(#15522)","规则集管理 ❯ 编辑规则集 ❯ 基础信息 ❯ 验证选择数据表选项过滤已配置的表","规则集管理中已配置过hive2.x/sparkthrift2.x/doris3.x的表tableA","1. 进入【数据资产】-【数据质量】-【规则集管理】页面,  编辑规则集rule01
2. 选择已配置过规则的数据源(hive2.x)、数据库后, 查看选择数据表下拉选项
3. 选择已配置过规则的数据源(sparkthrift2.x)、数据库后, 查看选择数据表下拉选项
4. 选择已配置过规则的数据源(doris3.x)、数据库后, 查看选择数据表下拉选项","1. 进入【编辑规则集 ❯ 基础信息】配置页面
2. 过滤已配置的hive表tableA
3. 过滤已配置的sparkthrift表tableA
4. 过滤已配置的doris表tableA","1. 
2. 
3. 
4.","","2","功能测试","功能测试阶段","正常","0","1","4","通过","向林","2026-02-06","向林","2026-02-06","1","",""
"179093","数据资产_STD(#23)","/版本迭代测试用例/v6.4.8/【岚图】【规则集管理】支持每个数据表的规则集管理(#10193)","【岚图】【规则集管理】支持每个数据表的规则集管理(#15522)","规则集管理 ❯ 编辑规则集 ❯ 基础信息 ❯ 验证选择数据表配置功能正常","无","1. 进入【数据资产】-【数据质量】-【规则集管理】页面
2. 选择规则集记录rule01, 点击编辑
3. 切换选择数据源配置后, 正常配置规则集并保存
4. 切换选择数据库配置后, 正常配置规则集并保存
5. 切换选择数据表配置后, 正常配置规则集并保存
6. 切换选择规则集描述后, 正常配置规则集并保存","1. 进入成功
2. 进入【编辑规则集 ❯ 基础信息】配置页面
3. 配置成功
4. 配置成功
5. 配置成功
6. 配置成功","1. 
2. 
3. 
4. 
5. 
6.","","3","功能测试","功能测试阶段","正常","0","1","6","通过","向林","2026-02-06","向林","2026-02-06","1","",""
"179092","数据资产_STD(#23)","/版本迭代测试用例/v6.4.8/【岚图】【规则集管理】支持每个数据表的规则集管理(#10193)","【岚图】【规则集管理】支持每个数据表的规则集管理(#15522)","规则集管理 ❯ 编辑规则集 ❯ 验证编辑规则集配置页面","规则集列表已存在规则集记录rule01","1. 进入【数据资产】-【数据质量】-【规则集管理】页面
2. 选择规则集记录rule01, 点击编辑
3. 基础信息UICHECK
4. 点击下一步
5. 监控规则UICHECK","1. 进入成功
2. 进入【编辑规则集 ❯ 基础信息】配置页面, 所有字段均可编辑
3. 1) 选择数据表: ${最近一次编辑保存时的配置记录}2) 规则包: ${最近一次编辑保存时的规则包名称}3) 按钮: 取消/下一步
4. 进入【编辑规则集 ❯ 监控规则】配置页面
5. 1) 规则包&校验规则: ${最近一次编辑保存时的规则包&校验规则}2) 按钮: 下一步/保存","1. 
2. 
3. 
4. 
5.","","2","功能测试","功能测试阶段","正常","0","1","5","通过","向林","2026-02-06","向林","2026-02-06","1","",""
"179091","数据资产_STD(#23)","/版本迭代测试用例/v6.4.8/【岚图】【规则集管理】支持每个数据表的规则集管理(#10193)","【岚图】【规则集管理】支持每个数据表的规则集管理(#15522)","规则集管理 ❯ 新建规则集 ❯ 监控规则 ❯ 验证更换规则包名称后, 校验规则配置不变","监控规则-规则包中1、2已存在校验规则","1. 进入【数据资产】-【数据质量】-【规则集管理】页面, 点击新增规则集
2. 正常配置基础信息内容, 点击下一步
3. 选择规则包1, 添加并配置校验规则1
4. 切换为规则包2, 检查校验规则配置信息","1. 进入【新建规则集 ❯ 基础信息】配置页面
2. 进入「监控规则」配置页面
3. 配置成功
4. 规则配置不变: 更换选择不同的规则包名称不影响已经配置的规则","1. 
2. 
3. 
4.","","2","功能测试","功能测试阶段","正常","0","1","4","通过","向林","2026-02-06","向林","2026-02-06","1","",""
"179090","数据资产_STD(#23)","/版本迭代测试用例/v6.4.8/【岚图】【规则集管理】支持每个数据表的规则集管理(#10193)","【岚图】【规则集管理】支持每个数据表的规则集管理(#15522)","规则集管理 ❯ 新建规则集 ❯ 监控规则 ❯ 验证【完整性校验】字段变更(规则类型 ❯ 生效范围)","无","1. 进入【数据资产】-【数据质量】-【规则集管理】页面, 点击新增规则集
2. 正常配置基础信息内容, 点击下一步
3. 添加【完整性校验】, 检查配置字段","1. 进入【新建规则集 ❯ 基础信息】配置页面
2. 进入监控规则配置页面
3. 原配置字段名称(规则类型)变更为: 生效范围","1. 
2. 
3.","","3","功能测试","功能测试阶段","正常","0","1","3","通过","向林","2026-02-06","向林","2026-02-06","1","",""
"179089","数据资产_STD(#23)","/版本迭代测试用例/v6.4.8/【岚图】【规则集管理】支持每个数据表的规则集管理(#10193)","【岚图】【规则集管理】支持每个数据表的规则集管理(#15522)","规则集管理 ❯ 新建规则集 ❯ 监控规则 ❯ 验证校验规则增删改功能正常","无","1. 进入【数据资产】-【数据质量】-【规则集管理】页面, 点击新增规则集
2. 正常配置基础信息内容, 点击下一步
3. 在规则包配置中, 点击【添加规则】按钮
4. 添加完整性校验, 正常配置后, 点击保存
5. 添加有效性校验, 正常配置后, 点击保存
6. 添加唯一性校验, 正常配置后, 点击保存
7. 添加统计性校验, 正常配置后, 点击保存
8. 添加自定义SQL, 正常配置后, 点击保存
9. 添加至10个校验规则
10. 选择校验规则A, 点击删除
11. 选择校验规则B, 编辑内容
12. 选择校验规则C, 点击克隆","1. 进入【新建规则集 ❯ 基础信息】配置页面
2. 进入监控规则配置页面
3. 支持完整性校验、有效性校验、唯一性校验、统计性校验、自定义SQL
4. 配置保存成功
5. 配置保存成功
6. 配置保存成功
7. 配置保存成功
8. 配置保存成功
9. 上限10个, 无法再次添加
10. 删除成功, 可再次添加
11. 编辑成功
12. 克隆成功, 配置内容保持一致","1. 
2. 
3. 
4. 
5. 
6. 
7. 
8. 
9. 
10. 
11. 
12.","","3","功能测试","功能测试阶段","正常","0","1","12","通过","向林","2026-02-06","向林","2026-02-06","1","",""
"179088","数据资产_STD(#23)","/版本迭代测试用例/v6.4.8/【岚图】【规则集管理】支持每个数据表的规则集管理(#10193)","【岚图】【规则集管理】支持每个数据表的规则集管理(#15522)","规则集管理 ❯ 新建规则集 ❯ 监控规则 ❯ 验证查看全局参数功能正常","无","1. 进入【数据资产】-【数据质量】-【规则集管理】页面, 点击新增规则集
2. 正常配置基础信息内容, 点击下一步
3. 在规则包配置中, 点击【查看全局参数】按钮","1. 进入【新建规则集 ❯ 基础信息】配置页面
2. 进入监控规则配置页面
3. 进入全局参数弹窗, 展示全局参数名称列表","1. 
2. 
3.","","3","功能测试","功能测试阶段","正常","0","1","3","通过","向林","2026-02-06","向林","2026-02-06","1","",""
"179087","数据资产_STD(#23)","/版本迭代测试用例/v6.4.8/【岚图】【规则集管理】支持每个数据表的规则集管理(#10193)","【岚图】【规则集管理】支持每个数据表的规则集管理(#15522)","规则集管理 ❯ 新建规则集 ❯ 监控规则 ❯ 验证规则包增删改功能","无","1. 进入【数据资产】-【数据质量】-【规则集管理】页面, 点击新增规则集
2. 正常配置基础信息内容, 点击下一步
3. 在规则包配置中, 点击增加按钮, 添加规则包
4. 折叠/展开规则包
5. 添加至20个规则包
6. 删除任一规则包
7. 二次确认删除
8. 删除至1个规则包
9. 编辑规则包中的校验规则内容, 保存","1. 进入【新建规则集 ❯ 基础信息】配置页面
2. 进入监控规则配置页面
3. 1)添加成功, 从第二个规则包开始均提供删除按钮2) 每个规则包都支持查看全局参数和添加规则按钮3) 规则包支持折叠和展开, 默认展开
4. 操作成功
5. 增加按钮消失
6. 二次弹窗确认: 删除时进行二次确认提示: 删除规则包后该规则包下已经配置好的规则会同步被删除，请确认是否删除?
7. 1) Toast提示: 删除成功2) 可再次添加规则包
8. 删除按钮消失
9. 保存成功","1. 
2. 
3. 
4. 
5. 
6. 
7. 
8. 
9.","","3","功能测试","功能测试阶段","正常","0","1","9","通过","向林","2026-02-06","向林","2026-02-06","1","",""
"179086","数据资产_STD(#23)","/版本迭代测试用例/v6.4.8/【岚图】【规则集管理】支持每个数据表的规则集管理(#10193)","【岚图】【规则集管理】支持每个数据表的规则集管理(#15522)","规则集管理 ❯ 新建规则集 ❯ 监控规则 ❯ 验证规则包下拉框数据正常","无","1. 进入【数据资产】-【数据质量】-【规则集管理】页面, 点击新增规则集
2. 正常配置基础信息内容, 点击下一步
3. 展开规则包下拉框
4. 选择规则包rule01,  点击增加
5. 检查规则包下拉框数据","1. 进入【新建规则集 ❯ 基础信息】配置页面
2. 进入监控规则配置页面
3. 下拉框数据为基础信息配置页面中添加的规则包名称
4. 新增一个规则包模块
5. 已选择过的规则包(rule01)不支持再次选择","1. 
2. 
3. 
4. 
5.","","3","功能测试","功能测试阶段","正常","0","1","5","通过","向林","2026-02-06","向林","2026-02-06","1","",""
"179085","数据资产_STD(#23)","/版本迭代测试用例/v6.4.8/【岚图】【规则集管理】支持每个数据表的规则集管理(#10193)","【岚图】【规则集管理】支持每个数据表的规则集管理(#15522)","规则集管理 ❯ 新建规则集 ❯ 基础信息 ❯ 验证规则包名称不可重复","无","1. 进入【数据资产】-【数据质量】-【规则集管理】页面, 点击新增规则集
2. 正常配置选择数据表内容
3. 在规则包配置中, 点击增加按钮, 添加规则包
4. 配置内容:1) 规则包1: rule012) 规则包2: rule01","1. 进入【新建规则集 ❯ 基础信息】配置页面
2. 配置成功
3. 添加成功, 从第二个规则包开始均提供删除按钮
4. 置红提示: 规则包名称不可重复","1. 
2. 
3. 
4.","","3","功能测试","功能测试阶段","正常","0","1","4","通过","向林","2026-02-06","向林","2026-02-06","1","",""
"179084","数据资产_STD(#23)","/版本迭代测试用例/v6.4.8/【岚图】【规则集管理】支持每个数据表的规则集管理(#10193)","【岚图】【规则集管理】支持每个数据表的规则集管理(#15522)","规则集管理 ❯ 新建规则集 ❯ 基础信息 ❯ 验证规则包名称增删改功能","无","1. 进入【数据资产】-【数据质量】-【规则集管理】页面, 点击新增规则集
2. 正常配置选择数据表内容
3. 在规则包名称配置中, 点击增加按钮, 添加规则包名称
4. 添加至20个规则包名称
5. 删除任一规则包名称
6. 删除至1个规则包名称
7. 规则包名称输入框输入51字符
8. 输入50字符, 点击下一步","1. 进入【新建规则集 ❯ 基础信息】配置页面
2. 配置成功
3. 添加成功, 从第二个规则包名称开始均提供删除按钮
4. 增加按钮消失
5. 可再次添加
6. 删除按钮消失
7. 置红提示: 规则包名称最大50个字符
8. 配置成功","1. 
2. 
3. 
4. 
5. 
6. 
7. 
8.","","2","功能测试","功能测试阶段","正常","0","1","8","通过","向林","2026-02-06","向林","2026-02-06","1","",""
"179083","数据资产_STD(#23)","/版本迭代测试用例/v6.4.8/【岚图】【规则集管理】支持每个数据表的规则集管理(#10193)","【岚图】【规则集管理】支持每个数据表的规则集管理(#15522)","规则集管理 ❯ 新建规则集 ❯ 基础信息 ❯ 验证选择数据表选项过滤已配置的表","规则集管理中已配置过hive2.x/sparkthrift2.x/doris3.x的表tableA","1. 进入【数据资产】-【数据质量】-【规则集管理】页面, 点击新增规则集
2. 选择已配置过规则的数据源(hive2.x)、数据库后, 查看选择数据表下拉选项
3. 选择已配置过规则的数据源(sparkthrift2.x)、数据库后, 查看选择数据表下拉选项
4. 选择已配置过规则的数据源(doris3.x)、数据库后, 查看选择数据表下拉选项","1. 进入【新建规则集 ❯ 基础信息】配置页面
2. 过滤已配置的hive表tableA
3. 过滤已配置的sparkthrift表tableA
4. 过滤已配置的doris表tableA","1. 
2. 
3. 
4.","","1","功能测试","功能测试阶段","正常","0","3","4","通过","向林","2026-02-06","向林","2026-02-06","1","",""
"179082","数据资产_STD(#23)","/版本迭代测试用例/v6.4.8/【岚图】【规则集管理】支持每个数据表的规则集管理(#10193)","【岚图】【规则集管理】支持每个数据表的规则集管理(#15522)","规则集管理 ❯ 新建规则集 ❯ 基础信息 ❯ 验证选择数据表配置功能正常","规则集管理中已配置过hive2.x/sparkthrift2.x/doris3.x的表tableA","1. 进入【数据资产】-【数据质量】-【规则集管理】页面
2. 点击新增规则集
3. 配置选择数据源
4. 配置选择数据库
5. 配置选择数据表
6. 配置规则集描述","1. 进入成功
2. 进入【新建规则集 ❯ 基础信息】配置页面
3. 1)下拉显示在平台管理中已授权的数据源2)支持选择的数据源类型包括hive2.x/sparkthrift2.x/doris3.x
4. 下拉显示所选数据源下的数据库配置
5. 下拉显示所选数据库下的数据表配置, 已配置过规则的表被过滤
6. 规则集描述最大支持255字符, 超过会置红提示","1. 
2. 
3. 
4. 
5. 
6.","","3","功能测试","功能测试阶段","正常","0","2","6","通过","向林","2026-02-06","向林","2026-02-06","1","",""
"179081","数据资产_STD(#23)","/版本迭代测试用例/v6.4.8/【岚图】【规则集管理】支持每个数据表的规则集管理(#10193)","【岚图】【规则集管理】支持每个数据表的规则集管理(#15522)","规则集管理 ❯ 新建规则集 ❯ 验证新建规则集配置页面","无","1. 进入【数据资产】-【数据质量】-【规则集管理】页面
2. 点击新增规则集
3. 基础信息UICHECK
4. 正常配置基础信息内容, 点击下一步
5. 监控规则UICHECK","1. 进入成功
2. 进入【新建规则集 ❯ 基础信息】配置页面, 支持配置基础信息和监控规则
3. 支持配置选择数据表、规则包:1) 选择数据表: 选择数据源(必填)、选择数据库(必填)、选择数据表(必填)、规则集描述2) 规则包: 支持对规则包名称进行增删改, 必填3) 按钮: 取消/下一步
4. 进入【新建规则集 ❯ 监控规则】配置页面
5. 1)支持对每一个规则包配置不同的校验规则2)支持规则包的增删改操作3) 支持对规则包中的校验规则增删改和克隆操作4) 支持查看全局参数5) 按钮: 下一步/保存","1. 
2. 
3. 
4. 
5.","","2","功能测试","功能测试阶段","正常","0","1","5","通过","向林","2026-02-06","向林","2026-02-06","1","",""
"179080","数据资产_STD(#23)","/版本迭代测试用例/v6.4.8/【岚图】【规则集管理】支持每个数据表的规则集管理(#10193)","【岚图】【规则集管理】支持每个数据表的规则集管理(#15522)","规则集管理 ❯ 验证分页组件功能正常","无","1. 进入【数据资产】-【数据质量】-【规则集管理】页面
2. 分页组件UICHECK
3. 切换数字页码
4. 切换前后页箭头页码
5. 切换10、20、50、100页数","1. 进入成功
2. 1) 共x条数据, 每页显示xx条2) 支持数字页码切换3) 支持前/后页箭头页码切换4) 支持10、20、50、100 页数切换
3. 页码切换成功, 数据显示正常
4. 页码切换成功, 数据显示正常
5. 页数切换成功, 数据显示正常","1. 
2. 
3. 
4. 
5.","","3","功能测试","功能测试阶段","正常","0","1","5","通过","向林","2026-02-06","向林","2026-02-06","1","",""
"179079","数据资产_STD(#23)","/版本迭代测试用例/v6.4.8/【岚图】【规则集管理】支持每个数据表的规则集管理(#10193)","【岚图】【规则集管理】支持每个数据表的规则集管理(#15522)","规则集管理 ❯ 验证规则集管理删除功能","存在三条规则集
1) 规则集1: 未关联任何规则任务
2) 规则集2: 关联规则任务A, 但是关闭检测
3) 规则集3: 关联规则任务B","1. 进入【数据资产】-【数据质量】-【规则集管理】页面
2. 选择规则集1, 点击删除
3. 确认删除
4. 选择规则集2, 点击删除
5. 确认删除
6. 选择规则集3, 点击删除
7. 确认删除
8. 进入「规则任务管理」, 删除规则任务B
9. 进入「规则集管理」, 再次删除规则集3并确认","1. 进入成功
2. 二次确认弹窗, 提示: 删除规则集不会影响已经建好的规则任务，若需要删除已有规则任务，需要前往规则任务模块进行任务删除或关闭检测。请确认是否删除?
3. Toast提示: 删除成功
4. 二次确认弹窗提示
5. Toast提示: 删除成功
6. 二次确认弹窗提示
7. 删除失败, 需要先删除关联的规则任务
8. 删除成功
9. 删除成功","1. 
2. 
3. 
4. 
5. 
6. 
7. 
8. 
9.","","1","功能测试","功能测试阶段","正常","0","4","9","通过","向林","2026-02-06","向林","2026-02-06","1","",""
"179078","数据资产_STD(#23)","/版本迭代测试用例/v6.4.8/【岚图】【规则集管理】支持每个数据表的规则集管理(#10193)","【岚图】【规则集管理】支持每个数据表的规则集管理(#15522)","规则集管理 ❯ 验证规则集管理页面","无","1. 进入【数据资产】-【数据质量】-【规则集管理】页面
2. 检查页面UI
3. 检查列表数据","1. 进入成功
2. 1、支持规则集列表展示, 包含表名、所属数据库、所属数据源、规则包数量、规则数量、规则集描述、更新人、更新时间、操作2、支持对规则集的增删改查3、支持对规则集分页列表展示
3. 1) 表名: ${最后一次编辑规则集时的表名}2) 所属数据库:  ${最后一次编辑规则集时的数据库}3) 所属数据源:  ${最后一次编辑规则集时的数据源}4) 规则包数量:  ${最后一次编辑规则集时的规则包数量, 不超过20}5) 规则数量:  ${最后一次编辑规则集时的规则数量}6) 规则集描述:  ${最后一次编辑规则集时的规则集描述}7) 更新人:  ${最后一次编辑规则集时的账号}8) 更新时间:  ${最后一次编辑规则集时的时间}","1. 
2. 
3.","","2","功能测试","功能测试阶段","正常","0","1","3","通过","向林","2026-02-06","向林","2026-02-06","1","",""
"179077","数据资产_STD(#23)","/版本迭代测试用例/v6.4.8/【岚图】【规则集管理】支持每个数据表的规则集管理(#10193)","【岚图】【规则集管理】支持每个数据表的规则集管理(#15522)","规则集管理 ❯ 验证规则集管理查询功能","规则集管理列表已存在至少一条记录","1. 进入【数据资产】-【数据质量】-【规则集管理】页面
2. 检查查询框
3. 输入表部分名查询
4. 输入表全名查询","1. 进入成功
2. 1、提示: 输入表名搜索2、支持回车查询、搜索icon查询
3. 模糊查询成功
4. 查询成功","1. 
2. 
3. 
4.","","3","功能测试","功能测试阶段","正常","0","2","4","通过","向林","2026-02-06","向林","2026-02-06","1","",""
"179072","数据资产_STD(#23)","/版本迭代测试用例/v6.4.8/【规则任务配置优化】质量规则任务支持编辑分区信息(#10192)","【岚图】【规则任务配置优化】质量规则任务支持编辑分区信息(#15524)","规则任务管理❯ 二级分区 ❯ 一级分区 验证分区信息改变, 任务实例信息改变(手动输入分区 ❯ 选择动态分区)","1) 已存在规则任务, 监控规则配置如下
监控对象:
- 规则名称: rule01
- 数据表: dwd_voyah_vehicle_sales_dates
- 选择已有分区: factory_date=20260202/sale_date=20260202

监控规则: 引入规则包、规则类型(完整性校验)

完整性校验:
- 生效范围: 字段级
- 字段: final_price
- 统计函数: 字段取值校验
- 期望值: >= 0

调度属性:
- 调度周期: 时
- 生效日期: T~T+1
- 间隔时间: 1小时
- 其它默认

2) 建表语句如下:
=========================================================
-- 1. 建表语句 (DDL)
-- 表名: 岚图汽车销售双日期分区表
-- 分区: factory_date (出厂日期) / sale_date (出售日期)
-- =========================================================
DROP TABLE IF EXISTS dwd_voyah_vehicle_sales_dates;
CREATE TABLE IF NOT EXISTS dwd_voyah_vehicle_sales_dates (
order_id        STRING          COMMENT &#039;销售订单号&#039;,
vin             STRING          COMMENT &#039;车辆识别代码(VIN)&#039;,
car_model       STRING          COMMENT &#039;车型名称&#039;,
guide_price     DECIMAL(20,2)   COMMENT &#039;官方指导价&#039;,
final_price     DECIMAL(20,2)   COMMENT &#039;最终成交价&#039;,
dealer_name     STRING          COMMENT &#039;交付中心&#039;,
order_status    INT             COMMENT &#039;状态: 3-已交付&#039;
)
COMMENT &#039;岚图汽车销售表-用于规则配置测试&#039;
PARTITIONED BY (
factory_date    STRING          COMMENT &#039;一级分区: 出厂日期 yyyyMMdd&#039;,
sale_date       STRING          COMMENT &#039;二级分区: 出售日期 yyyyMMdd&#039;
)
STORED AS ORC
TBLPROPERTIES (&#039;orc.compress&#039;=&#039;SNAPPY&#039;);

-- =========================================================
-- 2. 数据插入语句 (DML) - 共10条数据
-- =========================================================

-- 【场景A：正常数据】 4条
-- 出厂: 20260115 -> 出售: 20260201 (产销周期约半个月，正常)
-- 用于测试：基础的分区扫描功能
INSERT INTO TABLE dwd_voyah_vehicle_sales_dates PARTITION (factory_date=&#039;20260115&#039;, sale_date=&#039;20260201&#039;)
VALUES
(&#039;ORD_20260201_001&#039;, &#039;LTV_FREE_001&#039;, &#039;岚图FREE&#039;, 266900.00, 261900.00, &#039;武汉交付中心&#039;, 3),
(&#039;ORD_20260201_002&#039;, &#039;LTV_DREAM_002&#039;, &#039;岚图梦想家&#039;, 369900.00, 365000.00, &#039;杭州交付中心&#039;, 3),
(&#039;ORD_20260201_003&#039;, &#039;LTV_PASSION_003&#039;, &#039;岚图追光&#039;, 252800.00, 252800.00, &#039;深圳交付中心&#039;, 3),
(&#039;ORD_20260201_004&#039;, &#039;LTV_FREE_004&#039;, &#039;岚图FREE&#039;, 266900.00, 260000.00, &#039;成都交付中心&#039;, 3);

-- 【场景B：库存积压】 3条
-- 出厂: 20251220 -> 出售: 20260201 (去年生产今年卖，跨年跨月)
-- 用于测试：手动输入分区范围查询 (例如 factory_date < &#039;20260101&#039;)
INSERT INTO TABLE dwd_voyah_vehicle_sales_dates PARTITION (factory_date=&#039;20251220&#039;, sale_date=&#039;20260201&#039;)
VALUES
(&#039;ORD_20260201_005&#039;, &#039;LTV_DREAM_OLD_01&#039;, &#039;岚图梦想家&#039;, 339900.00, 330000.00, &#039;武汉交付中心&#039;, 3),
(&#039;ORD_20260201_006&#039;, &#039;LTV_FREE_OLD_02&#039;, &#039;岚图FREE&#039;, 266900.00, 250000.00, &#039;上海交付中心&#039;, 3),
(&#039;ORD_20260201_007&#039;, &#039;LTV_PASSION_OLD_03&#039;, &#039;岚图追光&#039;, 252800.00, 248000.00, &#039;北京交付中心&#039;, 3);

-- 【场景C：逻辑脏数据】 2条
-- 出厂: 20260301 -> 出售: 20260201 (出厂日期晚于出售日期，逻辑错误)
-- 用于测试：质量规则校验 (WHERE factory_date > sale_date 应该触发告警)
INSERT INTO TABLE dwd_voyah_vehicle_sales_dates PARTITION (factory_date=&#039;20260301&#039;, sale_date=&#039;20260201&#039;)
VALUES
(&#039;ORD_ERR_001&#039;, &#039;LTV_FUTURE_001&#039;, &#039;岚图FREE&#039;, 266900.00, 266900.00, &#039;广州交付中心&#039;, 3),
(&#039;ORD_ERR_002&#039;, &#039;LTV_FUTURE_002&#039;, &#039;岚图梦想家&#039;, 369900.00, 369900.00, &#039;西安交付中心&#039;, 3);

-- 【场景D：极速产销】 1条
-- 出厂: 20260201 -> 出售: 20260201 (当天生产当天卖)
-- 用于测试：边界值校验
INSERT INTO TABLE dwd_voyah_vehicle_sales_dates PARTITION (factory_date=&#039;20260201&#039;, sale_date=&#039;20260201&#039;)
VALUES
(&#039;ORD_FAST_001&#039;, &#039;LTV_SPEED_001&#039;, &#039;岚图追光&#039;, 252800.00, 252800.00, &#039;武汉交付中心&#039;, 3);

-- 【场景E：字段级异常 (脏数据)】 4条
INSERT INTO TABLE dwd_voyah_vehicle_sales_dates PARTITION (factory_date=&#039;20260202&#039;, sale_date=&#039;20260202&#039;)
VALUES
-- 1. [NULL异常]: 车型名称为 NULL
(&#039;ORD_ERR_NULL&#039;, &#039;LTV_NULL_VAL&#039;, NULL, 266900.00, 260000.00, &#039;北京交付中心&#039;, 3),
-- 2. [空串异常]: 交付中心为 Empty String (&#039;&#039;)
(&#039;ORD_ERR_EMPTY&#039;, &#039;LTV_EMPTY_STR&#039;, &#039;岚图追光&#039;, 252800.00, 252800.00, &#039;&#039;, 3),
-- 3. [数值异常]: 最终成交价为负数 (-100.00)
(&#039;ORD_ERR_NEG&#039;, &#039;LTV_NEG_PRICE&#039;, &#039;岚图梦想家&#039;, 369900.00, -100.00, &#039;成都交付中心&#039;, 3),
-- 4. [空值异常]: VIN码为纯空格 (&#039;   &#039;), 且官方指导价丢失
(&#039;ORD_ERR_BLANK&#039;, &#039;   &#039;, &#039;岚图FREE&#039;, NULL, 0.00, &#039;重庆交付中心&#039;, 3);

-- 查询已创建的分区信息
SHOW PARTITIONS dwd_voyah_vehicle_sales_dates;


SELECT * FROM dwd_voyah_vehicle_sales_dates;","1. 进入【数据资产】-【数据质量】-【规则任务管理】页面
2. 新建监控规则, 配置如下:1)监控对象: - 规则名称: rule01- 数据表: dwd_voyah_vehicle_sales_dates- 手动输入分区: factory_date=20260202/sale_date=202602022) 监控规则: 完整性校验: - 生效范围: 字段级- 字段: final_price- 统计函数: 字段取值校验- 期望值: >= 03) 调度属性:- 调度周期: 时- 生效日期: T~T+1- 间隔时间: 1小时- 其它默认- 实例生成方式: 「立即生成」
3. 运行规则任务rule01, 立即执行
4. 进入【校验结果查询】, 检查实例详情页面
5. 进入【规则任务管理】, 编辑rule01, 修改分区: 选择动态分区: factory_date = bdp.system.bizdate , 点击数据预览
6. 后面配置不变, 保存后再次运行任务
7. 进入【校验结果查询】, 检查【运行中、等待运行】的rule01实例的详情页
8. 检查后续生成的rule01实例的详情页","1. 进入成功
2. 配置成功
3. 运行成功
4. 校验结果: 校验不通过
5. 数据预览成功: 暂无数据
6. 1) 任务运行成功2) 规则任务rule01详情页中, 分区配置变更成功
7. 实例停止运行, 实例状态依次变更: 【停止中】、【中途停止】
8. 分区配置变更成功, 变更范围:1) 表名悬浮提示中的分区配置信息2) 规则详情页中, 表级报告中的表名和分区信息后续生成的实例正常运行, 校验结果: 校验通过","1. 
2. 
3. 
4. 
5. 
6. 
7. 
8.","","2","功能测试","功能测试阶段","正常","0","1","8","通过","向林","2026-02-06","向林","2026-02-06","1","",""
"179071","数据资产_STD(#23)","/版本迭代测试用例/v6.4.8/【规则任务配置优化】质量规则任务支持编辑分区信息(#10192)","【岚图】【规则任务配置优化】质量规则任务支持编辑分区信息(#15524)","规则任务管理❯ 二级分区 ❯ 一级分区 验证分区信息改变, 任务实例信息改变(手动输入分区 ❯ 选择已有分区)","1) 已存在规则任务, 监控规则配置如下
监控对象:
- 规则名称: rule01
- 数据表: dwd_voyah_vehicle_sales_dates
- 选择已有分区: factory_date=20260202/sale_date=20260202

监控规则: 引入规则包、规则类型(完整性校验)

完整性校验:
- 生效范围: 字段级
- 字段: final_price
- 统计函数: 字段取值校验
- 期望值: >= 0

调度属性:
- 调度周期: 时
- 生效日期: T~T+1
- 间隔时间: 1小时
- 其它默认

2) 建表语句如下:
=========================================================
-- 1. 建表语句 (DDL)
-- 表名: 岚图汽车销售双日期分区表
-- 分区: factory_date (出厂日期) / sale_date (出售日期)
-- =========================================================
DROP TABLE IF EXISTS dwd_voyah_vehicle_sales_dates;
CREATE TABLE IF NOT EXISTS dwd_voyah_vehicle_sales_dates (
order_id        STRING          COMMENT &#039;销售订单号&#039;,
vin             STRING          COMMENT &#039;车辆识别代码(VIN)&#039;,
car_model       STRING          COMMENT &#039;车型名称&#039;,
guide_price     DECIMAL(20,2)   COMMENT &#039;官方指导价&#039;,
final_price     DECIMAL(20,2)   COMMENT &#039;最终成交价&#039;,
dealer_name     STRING          COMMENT &#039;交付中心&#039;,
order_status    INT             COMMENT &#039;状态: 3-已交付&#039;
)
COMMENT &#039;岚图汽车销售表-用于规则配置测试&#039;
PARTITIONED BY (
factory_date    STRING          COMMENT &#039;一级分区: 出厂日期 yyyyMMdd&#039;,
sale_date       STRING          COMMENT &#039;二级分区: 出售日期 yyyyMMdd&#039;
)
STORED AS ORC
TBLPROPERTIES (&#039;orc.compress&#039;=&#039;SNAPPY&#039;);

-- =========================================================
-- 2. 数据插入语句 (DML) - 共10条数据
-- =========================================================

-- 【场景A：正常数据】 4条
-- 出厂: 20260115 -> 出售: 20260201 (产销周期约半个月，正常)
-- 用于测试：基础的分区扫描功能
INSERT INTO TABLE dwd_voyah_vehicle_sales_dates PARTITION (factory_date=&#039;20260115&#039;, sale_date=&#039;20260201&#039;)
VALUES
(&#039;ORD_20260201_001&#039;, &#039;LTV_FREE_001&#039;, &#039;岚图FREE&#039;, 266900.00, 261900.00, &#039;武汉交付中心&#039;, 3),
(&#039;ORD_20260201_002&#039;, &#039;LTV_DREAM_002&#039;, &#039;岚图梦想家&#039;, 369900.00, 365000.00, &#039;杭州交付中心&#039;, 3),
(&#039;ORD_20260201_003&#039;, &#039;LTV_PASSION_003&#039;, &#039;岚图追光&#039;, 252800.00, 252800.00, &#039;深圳交付中心&#039;, 3),
(&#039;ORD_20260201_004&#039;, &#039;LTV_FREE_004&#039;, &#039;岚图FREE&#039;, 266900.00, 260000.00, &#039;成都交付中心&#039;, 3);

-- 【场景B：库存积压】 3条
-- 出厂: 20251220 -> 出售: 20260201 (去年生产今年卖，跨年跨月)
-- 用于测试：手动输入分区范围查询 (例如 factory_date < &#039;20260101&#039;)
INSERT INTO TABLE dwd_voyah_vehicle_sales_dates PARTITION (factory_date=&#039;20251220&#039;, sale_date=&#039;20260201&#039;)
VALUES
(&#039;ORD_20260201_005&#039;, &#039;LTV_DREAM_OLD_01&#039;, &#039;岚图梦想家&#039;, 339900.00, 330000.00, &#039;武汉交付中心&#039;, 3),
(&#039;ORD_20260201_006&#039;, &#039;LTV_FREE_OLD_02&#039;, &#039;岚图FREE&#039;, 266900.00, 250000.00, &#039;上海交付中心&#039;, 3),
(&#039;ORD_20260201_007&#039;, &#039;LTV_PASSION_OLD_03&#039;, &#039;岚图追光&#039;, 252800.00, 248000.00, &#039;北京交付中心&#039;, 3);

-- 【场景C：逻辑脏数据】 2条
-- 出厂: 20260301 -> 出售: 20260201 (出厂日期晚于出售日期，逻辑错误)
-- 用于测试：质量规则校验 (WHERE factory_date > sale_date 应该触发告警)
INSERT INTO TABLE dwd_voyah_vehicle_sales_dates PARTITION (factory_date=&#039;20260301&#039;, sale_date=&#039;20260201&#039;)
VALUES
(&#039;ORD_ERR_001&#039;, &#039;LTV_FUTURE_001&#039;, &#039;岚图FREE&#039;, 266900.00, 266900.00, &#039;广州交付中心&#039;, 3),
(&#039;ORD_ERR_002&#039;, &#039;LTV_FUTURE_002&#039;, &#039;岚图梦想家&#039;, 369900.00, 369900.00, &#039;西安交付中心&#039;, 3);

-- 【场景D：极速产销】 1条
-- 出厂: 20260201 -> 出售: 20260201 (当天生产当天卖)
-- 用于测试：边界值校验
INSERT INTO TABLE dwd_voyah_vehicle_sales_dates PARTITION (factory_date=&#039;20260201&#039;, sale_date=&#039;20260201&#039;)
VALUES
(&#039;ORD_FAST_001&#039;, &#039;LTV_SPEED_001&#039;, &#039;岚图追光&#039;, 252800.00, 252800.00, &#039;武汉交付中心&#039;, 3);

-- 【场景E：字段级异常 (脏数据)】 4条
INSERT INTO TABLE dwd_voyah_vehicle_sales_dates PARTITION (factory_date=&#039;20260202&#039;, sale_date=&#039;20260202&#039;)
VALUES
-- 1. [NULL异常]: 车型名称为 NULL
(&#039;ORD_ERR_NULL&#039;, &#039;LTV_NULL_VAL&#039;, NULL, 266900.00, 260000.00, &#039;北京交付中心&#039;, 3),
-- 2. [空串异常]: 交付中心为 Empty String (&#039;&#039;)
(&#039;ORD_ERR_EMPTY&#039;, &#039;LTV_EMPTY_STR&#039;, &#039;岚图追光&#039;, 252800.00, 252800.00, &#039;&#039;, 3),
-- 3. [数值异常]: 最终成交价为负数 (-100.00)
(&#039;ORD_ERR_NEG&#039;, &#039;LTV_NEG_PRICE&#039;, &#039;岚图梦想家&#039;, 369900.00, -100.00, &#039;成都交付中心&#039;, 3),
-- 4. [空值异常]: VIN码为纯空格 (&#039;   &#039;), 且官方指导价丢失
(&#039;ORD_ERR_BLANK&#039;, &#039;   &#039;, &#039;岚图FREE&#039;, NULL, 0.00, &#039;重庆交付中心&#039;, 3);

-- 查询已创建的分区信息
SHOW PARTITIONS dwd_voyah_vehicle_sales_dates;


SELECT * FROM dwd_voyah_vehicle_sales_dates;","1. 进入【数据资产】-【数据质量】-【规则任务管理】页面
2. 新建监控规则, 配置如下:1)监控对象: - 规则名称: rule01- 数据表: dwd_voyah_vehicle_sales_dates- 手动输入分区: factory_date=20260202/sale_date=202602022) 监控规则: 完整性校验: - 生效范围: 字段级- 字段: final_price- 统计函数: 字段取值校验- 期望值: >= 03) 调度属性:- 调度周期: 时- 生效日期: T~T+1- 间隔时间: 1小时- 其它默认- 实例生成方式: 「立即生成」
3. 运行规则任务rule01, 立即执行
4. 进入【校验结果查询】, 检查实例详情页面
5. 进入【规则任务管理】, 编辑rule01, 修改分区: 选择已有分区: factory_date=20260115 , 点击数据预览
6. 后面配置不变, 保存后再次运行任务
7. 进入【校验结果查询】, 检查【运行中、等待运行】的rule01实例的详情页
8. 检查后续生成的rule01实例的详情页","1. 进入成功
2. 配置成功
3. 运行成功
4. 校验结果: 校验不通过
5. 数据预览成功: 3条数据
6. 1) 任务运行成功2) 规则任务rule01详情页中, 分区配置变更成功
7. 实例停止运行, 实例状态依次变更: 【停止中】、【中途停止】
8. 分区配置变更成功, 变更范围:1) 表名悬浮提示中的分区配置信息2) 规则详情页中, 表级报告中的表名和分区信息后续生成的实例正常运行, 校验结果: 校验通过","1. 
2. 
3. 
4. 
5. 
6. 
7. 
8.","","2","功能测试","功能测试阶段","正常","0","1","8","通过","向林","2026-02-06","向林","2026-02-06","1","",""
"179070","数据资产_STD(#23)","/版本迭代测试用例/v6.4.8/【规则任务配置优化】质量规则任务支持编辑分区信息(#10192)","【岚图】【规则任务配置优化】质量规则任务支持编辑分区信息(#15524)","规则任务管理❯ 二级分区 ❯ 一级分区 验证分区信息改变, 任务实例信息改变(选择动态分区 ❯ 手动输入分区)","1) 已存在规则任务, 监控规则配置如下
监控对象:
- 规则名称: rule01
- 数据表: dwd_voyah_vehicle_sales_dates
- 选择已有分区: factory_date/sale_date = bdp.system.bizdate

监控规则: 引入规则包、规则类型(完整性校验)

完整性校验:
- 生效范围: 字段级
- 字段: final_price
- 统计函数: 字段取值校验
- 期望值: >= 0

调度属性:
- 调度周期: 时
- 生效日期: T~T+1
- 间隔时间: 1小时
- 其它默认

选择动态分区需要额外执行DML语句:
INSERT INTO TABLE dwd_voyah_vehicle_sales_dates PARTITION (factory_date=&#039;${bdp.system.bizdate}&#039;, sale_date=&#039;${bdp.system.bizdate}&#039;)
VALUES
(&#039;ORD_ERR_NEG&#039;, &#039;LTV_NEG_PRICE&#039;, &#039;岚图梦想家&#039;, 369900.00, -200.00, &#039;成都交付中心&#039;, 3);

2) 建表语句如下:
=========================================================
-- 1. 建表语句 (DDL)
-- 表名: 岚图汽车销售双日期分区表
-- 分区: factory_date (出厂日期) / sale_date (出售日期)
-- =========================================================
DROP TABLE IF EXISTS dwd_voyah_vehicle_sales_dates;
CREATE TABLE IF NOT EXISTS dwd_voyah_vehicle_sales_dates (
order_id        STRING          COMMENT &#039;销售订单号&#039;,
vin             STRING          COMMENT &#039;车辆识别代码(VIN)&#039;,
car_model       STRING          COMMENT &#039;车型名称&#039;,
guide_price     DECIMAL(20,2)   COMMENT &#039;官方指导价&#039;,
final_price     DECIMAL(20,2)   COMMENT &#039;最终成交价&#039;,
dealer_name     STRING          COMMENT &#039;交付中心&#039;,
order_status    INT             COMMENT &#039;状态: 3-已交付&#039;
)
COMMENT &#039;岚图汽车销售表-用于规则配置测试&#039;
PARTITIONED BY (
factory_date    STRING          COMMENT &#039;一级分区: 出厂日期 yyyyMMdd&#039;,
sale_date       STRING          COMMENT &#039;二级分区: 出售日期 yyyyMMdd&#039;
)
STORED AS ORC
TBLPROPERTIES (&#039;orc.compress&#039;=&#039;SNAPPY&#039;);

-- =========================================================
-- 2. 数据插入语句 (DML) - 共10条数据
-- =========================================================

-- 【场景A：正常数据】 4条
-- 出厂: 20260115 -> 出售: 20260201 (产销周期约半个月，正常)
-- 用于测试：基础的分区扫描功能
INSERT INTO TABLE dwd_voyah_vehicle_sales_dates PARTITION (factory_date=&#039;20260115&#039;, sale_date=&#039;20260201&#039;)
VALUES
(&#039;ORD_20260201_001&#039;, &#039;LTV_FREE_001&#039;, &#039;岚图FREE&#039;, 266900.00, 261900.00, &#039;武汉交付中心&#039;, 3),
(&#039;ORD_20260201_002&#039;, &#039;LTV_DREAM_002&#039;, &#039;岚图梦想家&#039;, 369900.00, 365000.00, &#039;杭州交付中心&#039;, 3),
(&#039;ORD_20260201_003&#039;, &#039;LTV_PASSION_003&#039;, &#039;岚图追光&#039;, 252800.00, 252800.00, &#039;深圳交付中心&#039;, 3),
(&#039;ORD_20260201_004&#039;, &#039;LTV_FREE_004&#039;, &#039;岚图FREE&#039;, 266900.00, 260000.00, &#039;成都交付中心&#039;, 3);

-- 【场景B：库存积压】 3条
-- 出厂: 20251220 -> 出售: 20260201 (去年生产今年卖，跨年跨月)
-- 用于测试：手动输入分区范围查询 (例如 factory_date < &#039;20260101&#039;)
INSERT INTO TABLE dwd_voyah_vehicle_sales_dates PARTITION (factory_date=&#039;20251220&#039;, sale_date=&#039;20260201&#039;)
VALUES
(&#039;ORD_20260201_005&#039;, &#039;LTV_DREAM_OLD_01&#039;, &#039;岚图梦想家&#039;, 339900.00, 330000.00, &#039;武汉交付中心&#039;, 3),
(&#039;ORD_20260201_006&#039;, &#039;LTV_FREE_OLD_02&#039;, &#039;岚图FREE&#039;, 266900.00, 250000.00, &#039;上海交付中心&#039;, 3),
(&#039;ORD_20260201_007&#039;, &#039;LTV_PASSION_OLD_03&#039;, &#039;岚图追光&#039;, 252800.00, 248000.00, &#039;北京交付中心&#039;, 3);

-- 【场景C：逻辑脏数据】 2条
-- 出厂: 20260301 -> 出售: 20260201 (出厂日期晚于出售日期，逻辑错误)
-- 用于测试：质量规则校验 (WHERE factory_date > sale_date 应该触发告警)
INSERT INTO TABLE dwd_voyah_vehicle_sales_dates PARTITION (factory_date=&#039;20260301&#039;, sale_date=&#039;20260201&#039;)
VALUES
(&#039;ORD_ERR_001&#039;, &#039;LTV_FUTURE_001&#039;, &#039;岚图FREE&#039;, 266900.00, 266900.00, &#039;广州交付中心&#039;, 3),
(&#039;ORD_ERR_002&#039;, &#039;LTV_FUTURE_002&#039;, &#039;岚图梦想家&#039;, 369900.00, 369900.00, &#039;西安交付中心&#039;, 3);

-- 【场景D：极速产销】 1条
-- 出厂: 20260201 -> 出售: 20260201 (当天生产当天卖)
-- 用于测试：边界值校验
INSERT INTO TABLE dwd_voyah_vehicle_sales_dates PARTITION (factory_date=&#039;20260201&#039;, sale_date=&#039;20260201&#039;)
VALUES
(&#039;ORD_FAST_001&#039;, &#039;LTV_SPEED_001&#039;, &#039;岚图追光&#039;, 252800.00, 252800.00, &#039;武汉交付中心&#039;, 3);

-- 【场景E：字段级异常 (脏数据)】 4条
INSERT INTO TABLE dwd_voyah_vehicle_sales_dates PARTITION (factory_date=&#039;20260202&#039;, sale_date=&#039;20260202&#039;)
VALUES
-- 1. [NULL异常]: 车型名称为 NULL
(&#039;ORD_ERR_NULL&#039;, &#039;LTV_NULL_VAL&#039;, NULL, 266900.00, 260000.00, &#039;北京交付中心&#039;, 3),
-- 2. [空串异常]: 交付中心为 Empty String (&#039;&#039;)
(&#039;ORD_ERR_EMPTY&#039;, &#039;LTV_EMPTY_STR&#039;, &#039;岚图追光&#039;, 252800.00, 252800.00, &#039;&#039;, 3),
-- 3. [数值异常]: 最终成交价为负数 (-100.00)
(&#039;ORD_ERR_NEG&#039;, &#039;LTV_NEG_PRICE&#039;, &#039;岚图梦想家&#039;, 369900.00, -100.00, &#039;成都交付中心&#039;, 3),
-- 4. [空值异常]: VIN码为纯空格 (&#039;   &#039;), 且官方指导价丢失
(&#039;ORD_ERR_BLANK&#039;, &#039;   &#039;, &#039;岚图FREE&#039;, NULL, 0.00, &#039;重庆交付中心&#039;, 3);

-- 查询已创建的分区信息
SHOW PARTITIONS dwd_voyah_vehicle_sales_dates;


SELECT * FROM dwd_voyah_vehicle_sales_dates;","1. 进入【数据资产】-【数据质量】-【规则任务管理】页面
2. 新建监控规则, 配置如下:1)监控对象: - 规则名称: rule01- 数据表: dwd_voyah_vehicle_sales_dates- 选择动态分区: factory_date/sale_date = bdp.system.bizdate2) 监控规则: 完整性校验: - 生效范围: 字段级- 字段: final_price- 统计函数: 字段取值校验- 期望值: >= 03) 调度属性:- 调度周期: 时- 生效日期: T~T+1- 间隔时间: 1小时- 其它默认- 实例生成方式: 「立即生成」
3. 运行规则任务rule01, 立即执行
4. 进入【校验结果查询】, 检查实例详情页面
5. 进入【规则任务管理】, 编辑rule01, 修改分区: 手动输入分区: factory_date=20260115 , 点击数据预览
6. 后面配置不变, 保存后再次运行任务
7. 进入【校验结果查询】, 检查【运行中、等待运行】的rule01实例的详情页
8. 检查后续生成的rule01实例的详情页","1. 进入成功
2. 配置成功
3. 运行成功
4. 校验结果: 校验不通过
5. 数据预览成功: 3条数据
6. 1) 任务运行成功2) 规则任务rule01详情页中, 分区配置变更成功
7. 实例停止运行, 实例状态依次变更: 【停止中】、【中途停止】
8. 分区配置变更成功, 变更范围:1) 表名悬浮提示中的分区配置信息2) 规则详情页中, 表级报告中的表名和分区信息后续生成的实例正常运行, 校验结果: 校验通过","1. 
2. 
3. 
4. 
5. 
6. 
7. 
8.","","2","功能测试","功能测试阶段","正常","0","1","8","通过","向林","2026-02-06","向林","2026-02-06","1","",""
"179069","数据资产_STD(#23)","/版本迭代测试用例/v6.4.8/【规则任务配置优化】质量规则任务支持编辑分区信息(#10192)","【岚图】【规则任务配置优化】质量规则任务支持编辑分区信息(#15524)","规则任务管理❯ 二级分区 ❯ 一级分区 验证分区信息改变, 任务实例信息改变(选择动态分区 ❯ 选择已有分区)","1) 选择动态分区需要额外执行DML语句:<br />INSERT INTO TABLE dwd_voyah_vehicle_sales_dates PARTITION (factory_date=&#039;${bdp.system.bizdate}&#039;, sale_date=&#039;${bdp.system.bizdate}&#039;)<br />VALUES&nbsp;<br />(&#039;ORD_ERR_NEG&#039;, &#039;LTV_NEG_PRICE&#039;, &#039;岚图梦想家&#039;, 369900.00, -200.00, &#039;成都交付中心&#039;, 3);<br /><br />2) 建表语句如下:<br />=========================================================<br />-- 1. 建表语句 (DDL)<br />-- 表名: 岚图汽车销售双日期分区表<br />-- 分区: factory_date (出厂日期) / sale_date (出售日期)<br />-- =========================================================<br />DROP TABLE IF EXISTS dwd_voyah_vehicle_sales_dates;<br />CREATE TABLE IF NOT EXISTS dwd_voyah_vehicle_sales_dates (<br />&nbsp; &nbsp; order_id&nbsp; &nbsp; &nbsp; &nbsp; STRING&nbsp; &nbsp; &nbsp; &nbsp; &nbsp; COMMENT &#039;销售订单号&#039;,<br />&nbsp; &nbsp; vin&nbsp; &nbsp; &nbsp; &nbsp; &nbsp; &nbsp; &nbsp;STRING&nbsp; &nbsp; &nbsp; &nbsp; &nbsp; COMMENT &#039;车辆识别代码(VIN)&#039;,<br />&nbsp; &nbsp; car_model&nbsp; &nbsp; &nbsp; &nbsp;STRING&nbsp; &nbsp; &nbsp; &nbsp; &nbsp; COMMENT &#039;车型名称&#039;,<br />&nbsp; &nbsp; guide_price&nbsp; &nbsp; &nbsp;DECIMAL(20,2)&nbsp; &nbsp;COMMENT &#039;官方指导价&#039;,<br />&nbsp; &nbsp; final_price&nbsp; &nbsp; &nbsp;DECIMAL(20,2)&nbsp; &nbsp;COMMENT &#039;最终成交价&#039;,<br />&nbsp; &nbsp; dealer_name&nbsp; &nbsp; &nbsp;STRING&nbsp; &nbsp; &nbsp; &nbsp; &nbsp; COMMENT &#039;交付中心&#039;,<br />&nbsp; &nbsp; order_status&nbsp; &nbsp; INT&nbsp; &nbsp; &nbsp; &nbsp; &nbsp; &nbsp; &nbsp;COMMENT &#039;状态: 3-已交付&#039;<br />)<br />COMMENT &#039;岚图汽车销售表-用于规则配置测试&#039;<br />PARTITIONED BY (<br />&nbsp; &nbsp; factory_date&nbsp; &nbsp; STRING&nbsp; &nbsp; &nbsp; &nbsp; &nbsp; COMMENT &#039;一级分区: 出厂日期 yyyyMMdd&#039;,<br />&nbsp; &nbsp; sale_date&nbsp; &nbsp; &nbsp; &nbsp;STRING&nbsp; &nbsp; &nbsp; &nbsp; &nbsp; COMMENT &#039;二级分区: 出售日期 yyyyMMdd&#039;<br />)<br />STORED AS ORC<br />TBLPROPERTIES (&#039;orc.compress&#039;=&#039;SNAPPY&#039;);<br /><br />-- =========================================================<br />-- 2. 数据插入语句 (DML) - 共10条数据<br />-- =========================================================<br /><br />-- 【场景A：正常数据】 4条<br />-- 出厂: 20260115 -&gt; 出售: 20260201 (产销周期约半个月，正常)<br />-- 用于测试：基础的分区扫描功能<br />INSERT INTO TABLE dwd_voyah_vehicle_sales_dates PARTITION (factory_date=&#039;20260115&#039;, sale_date=&#039;20260201&#039;)<br />VALUES&nbsp;<br />(&#039;ORD_20260201_001&#039;, &#039;LTV_FREE_001&#039;, &#039;岚图FREE&#039;, 266900.00, 261900.00, &#039;武汉交付中心&#039;, 3),<br />(&#039;ORD_20260201_002&#039;, &#039;LTV_DREAM_002&#039;, &#039;岚图梦想家&#039;, 369900.00, 365000.00, &#039;杭州交付中心&#039;, 3),<br />(&#039;ORD_20260201_003&#039;, &#039;LTV_PASSION_003&#039;, &#039;岚图追光&#039;, 252800.00, 252800.00, &#039;深圳交付中心&#039;, 3),<br />(&#039;ORD_20260201_004&#039;, &#039;LTV_FREE_004&#039;, &#039;岚图FREE&#039;, 266900.00, 260000.00, &#039;成都交付中心&#039;, 3);<br /><br />-- 【场景B：库存积压】 3条<br />-- 出厂: 20251220 -&gt; 出售: 20260201 (去年生产今年卖，跨年跨月)<br />-- 用于测试：手动输入分区范围查询 (例如 factory_date &lt; &#039;20260101&#039;)<br />INSERT INTO TABLE dwd_voyah_vehicle_sales_dates PARTITION (factory_date=&#039;20251220&#039;, sale_date=&#039;20260201&#039;)<br />VALUES&nbsp;<br />(&#039;ORD_20260201_005&#039;, &#039;LTV_DREAM_OLD_01&#039;, &#039;岚图梦想家&#039;, 339900.00, 330000.00, &#039;武汉交付中心&#039;, 3),<br />(&#039;ORD_20260201_006&#039;, &#039;LTV_FREE_OLD_02&#039;, &#039;岚图FREE&#039;, 266900.00, 250000.00, &#039;上海交付中心&#039;, 3),<br />(&#039;ORD_20260201_007&#039;, &#039;LTV_PASSION_OLD_03&#039;, &#039;岚图追光&#039;, 252800.00, 248000.00, &#039;北京交付中心&#039;, 3);<br /><br />-- 【场景C：逻辑脏数据】 2条<br />-- 出厂: 20260301 -&gt; 出售: 20260201 (出厂日期晚于出售日期，逻辑错误)<br />-- 用于测试：质量规则校验 (WHERE factory_date &gt; sale_date 应该触发告警)<br />INSERT INTO TABLE dwd_voyah_vehicle_sales_dates PARTITION (factory_date=&#039;20260301&#039;, sale_date=&#039;20260201&#039;)<br />VALUES&nbsp;<br />(&#039;ORD_ERR_001&#039;, &#039;LTV_FUTURE_001&#039;, &#039;岚图FREE&#039;, 266900.00, 266900.00, &#039;广州交付中心&#039;, 3),<br />(&#039;ORD_ERR_002&#039;, &#039;LTV_FUTURE_002&#039;, &#039;岚图梦想家&#039;, 369900.00, 369900.00, &#039;西安交付中心&#039;, 3);<br /><br />-- 【场景D：极速产销】 1条<br />-- 出厂: 20260201 -&gt; 出售: 20260201 (当天生产当天卖)<br />-- 用于测试：边界值校验<br />INSERT INTO TABLE dwd_voyah_vehicle_sales_dates PARTITION (factory_date=&#039;20260201&#039;, sale_date=&#039;20260201&#039;)<br />VALUES&nbsp;<br />(&#039;ORD_FAST_001&#039;, &#039;LTV_SPEED_001&#039;, &#039;岚图追光&#039;, 252800.00, 252800.00, &#039;武汉交付中心&#039;, 3);<br /><br />-- 【场景E：字段级异常 (脏数据)】 4条<br />INSERT INTO TABLE dwd_voyah_vehicle_sales_dates PARTITION (factory_date=&#039;20260202&#039;, sale_date=&#039;20260202&#039;)<br />VALUES&nbsp;<br />-- 1. [NULL异常]: 车型名称为 NULL<br />(&#039;ORD_ERR_NULL&#039;, &#039;LTV_NULL_VAL&#039;, NULL, 266900.00, 260000.00, &#039;北京交付中心&#039;, 3),<br />-- 2. [空串异常]: 交付中心为 Empty String (&#039;&#039;)<br />(&#039;ORD_ERR_EMPTY&#039;, &#039;LTV_EMPTY_STR&#039;, &#039;岚图追光&#039;, 252800.00, 252800.00, &#039;&#039;, 3),<br />-- 3. [数值异常]: 最终成交价为负数 (-100.00)<br />(&#039;ORD_ERR_NEG&#039;, &#039;LTV_NEG_PRICE&#039;, &#039;岚图梦想家&#039;, 369900.00, -100.00, &#039;成都交付中心&#039;, 3),<br />-- 4. [空值异常]: VIN码为纯空格 (&#039;&nbsp; &nbsp;&#039;), 且官方指导价丢失<br />(&#039;ORD_ERR_BLANK&#039;, &#039;&nbsp; &nbsp;&#039;, &#039;岚图FREE&#039;, NULL, 0.00, &#039;重庆交付中心&#039;, 3);<br /><br />-- 查询已创建的分区信息<br />SHOW PARTITIONS dwd_voyah_vehicle_sales_dates;<br /><br /><br />SELECT * FROM dwd_voyah_vehicle_sales_dates;<br /><br />","1. 进入【数据资产】-【数据质量】-【规则任务管理】页面
2. 新建监控规则, 配置如下:
1)监控对象: 
- 规则名称: rule01
- 数据表: dwd_voyah_vehicle_sales_dates
- 选择动态分区: factory_date/sale_date = bdp.system.bizdate

2) 监控规则: 

完整性校验: 
- 生效范围: 字段级
- 字段: final_price
- 统计函数: 字段取值校验
- 期望值: >= 0

3) 调度属性:
- 调度周期: 时
- 生效日期: T~T+1
- 间隔时间: 1小时
- 其它默认
- 实例生成方式: 「立即生成」
3. 运行规则任务rule01, 立即执行
4. 进入【校验结果查询】, 检查实例详情页面
5. 进入【规则任务管理】, 编辑rule01, 修改分区: 选择已有分区: factory_date=20260115 , 点击数据预览
6. 后面配置不变, 保存后再次运行任务
7. 进入【校验结果查询】, 检查【运行中、等待运行】的rule01实例的详情页
8. 检查后续生成的rule01实例的详情页","1. 进入成功
2. 配置成功
3. 运行成功
4. 校验结果: 校验通过
5. 数据预览成功: 3条数据
6. 1) 任务运行成功
2) 规则任务rule01详情页中, 分区配置变更成功
7. 实例停止运行, 实例状态依次变更: 【停止中】、【中途停止】
8. 分区配置变更成功, 变更范围:
1) 表名悬浮提示中的分区配置信息
2) 规则详情页中, 表级报告中的表名和分区信息

后续生成的实例正常运行, 校验结果: 校验通过","1. 
2. 
3. 
4. 
5. 
6. 
7. 
8.","","1","功能测试","功能测试阶段","正常","0","2","8","通过","向林","2026-02-06","向林","2026-02-06","2","",""
"179068","数据资产_STD(#23)","/版本迭代测试用例/v6.4.8/【规则任务配置优化】质量规则任务支持编辑分区信息(#10192)","【岚图】【规则任务配置优化】质量规则任务支持编辑分区信息(#15524)","规则任务管理❯ 二级分区 ❯ 一级分区 验证分区信息改变, 任务实例信息改变(选择已有分区 ❯ 手动输入分区)","1) 已存在规则任务, 监控规则配置如下
监控对象:
- 规则名称: rule01
- 数据表: dwd_voyah_vehicle_sales_dates
- 选择已有分区: factory_date=20260202/sale_date=20260202

监控规则: 引入规则包、规则类型(完整性校验)

完整性校验:
- 生效范围: 字段级
- 字段: final_price
- 统计函数: 字段取值校验
- 期望值: >= 0

调度属性:
- 调度周期: 时
- 生效日期: T~T+1
- 间隔时间: 1小时
- 其它默认

2) 建表语句如下:
=========================================================
-- 1. 建表语句 (DDL)
-- 表名: 岚图汽车销售双日期分区表
-- 分区: factory_date (出厂日期) / sale_date (出售日期)
-- =========================================================
DROP TABLE IF EXISTS dwd_voyah_vehicle_sales_dates;
CREATE TABLE IF NOT EXISTS dwd_voyah_vehicle_sales_dates (
order_id        STRING          COMMENT &#039;销售订单号&#039;,
vin             STRING          COMMENT &#039;车辆识别代码(VIN)&#039;,
car_model       STRING          COMMENT &#039;车型名称&#039;,
guide_price     DECIMAL(20,2)   COMMENT &#039;官方指导价&#039;,
final_price     DECIMAL(20,2)   COMMENT &#039;最终成交价&#039;,
dealer_name     STRING          COMMENT &#039;交付中心&#039;,
order_status    INT             COMMENT &#039;状态: 3-已交付&#039;
)
COMMENT &#039;岚图汽车销售表-用于规则配置测试&#039;
PARTITIONED BY (
factory_date    STRING          COMMENT &#039;一级分区: 出厂日期 yyyyMMdd&#039;,
sale_date       STRING          COMMENT &#039;二级分区: 出售日期 yyyyMMdd&#039;
)
STORED AS ORC
TBLPROPERTIES (&#039;orc.compress&#039;=&#039;SNAPPY&#039;);

-- =========================================================
-- 2. 数据插入语句 (DML) - 共10条数据
-- =========================================================

-- 【场景A：正常数据】 4条
-- 出厂: 20260115 -> 出售: 20260201 (产销周期约半个月，正常)
-- 用于测试：基础的分区扫描功能
INSERT INTO TABLE dwd_voyah_vehicle_sales_dates PARTITION (factory_date=&#039;20260115&#039;, sale_date=&#039;20260201&#039;)
VALUES
(&#039;ORD_20260201_001&#039;, &#039;LTV_FREE_001&#039;, &#039;岚图FREE&#039;, 266900.00, 261900.00, &#039;武汉交付中心&#039;, 3),
(&#039;ORD_20260201_002&#039;, &#039;LTV_DREAM_002&#039;, &#039;岚图梦想家&#039;, 369900.00, 365000.00, &#039;杭州交付中心&#039;, 3),
(&#039;ORD_20260201_003&#039;, &#039;LTV_PASSION_003&#039;, &#039;岚图追光&#039;, 252800.00, 252800.00, &#039;深圳交付中心&#039;, 3),
(&#039;ORD_20260201_004&#039;, &#039;LTV_FREE_004&#039;, &#039;岚图FREE&#039;, 266900.00, 260000.00, &#039;成都交付中心&#039;, 3);

-- 【场景B：库存积压】 3条
-- 出厂: 20251220 -> 出售: 20260201 (去年生产今年卖，跨年跨月)
-- 用于测试：手动输入分区范围查询 (例如 factory_date < &#039;20260101&#039;)
INSERT INTO TABLE dwd_voyah_vehicle_sales_dates PARTITION (factory_date=&#039;20251220&#039;, sale_date=&#039;20260201&#039;)
VALUES
(&#039;ORD_20260201_005&#039;, &#039;LTV_DREAM_OLD_01&#039;, &#039;岚图梦想家&#039;, 339900.00, 330000.00, &#039;武汉交付中心&#039;, 3),
(&#039;ORD_20260201_006&#039;, &#039;LTV_FREE_OLD_02&#039;, &#039;岚图FREE&#039;, 266900.00, 250000.00, &#039;上海交付中心&#039;, 3),
(&#039;ORD_20260201_007&#039;, &#039;LTV_PASSION_OLD_03&#039;, &#039;岚图追光&#039;, 252800.00, 248000.00, &#039;北京交付中心&#039;, 3);

-- 【场景C：逻辑脏数据】 2条
-- 出厂: 20260301 -> 出售: 20260201 (出厂日期晚于出售日期，逻辑错误)
-- 用于测试：质量规则校验 (WHERE factory_date > sale_date 应该触发告警)
INSERT INTO TABLE dwd_voyah_vehicle_sales_dates PARTITION (factory_date=&#039;20260301&#039;, sale_date=&#039;20260201&#039;)
VALUES
(&#039;ORD_ERR_001&#039;, &#039;LTV_FUTURE_001&#039;, &#039;岚图FREE&#039;, 266900.00, 266900.00, &#039;广州交付中心&#039;, 3),
(&#039;ORD_ERR_002&#039;, &#039;LTV_FUTURE_002&#039;, &#039;岚图梦想家&#039;, 369900.00, 369900.00, &#039;西安交付中心&#039;, 3);

-- 【场景D：极速产销】 1条
-- 出厂: 20260201 -> 出售: 20260201 (当天生产当天卖)
-- 用于测试：边界值校验
INSERT INTO TABLE dwd_voyah_vehicle_sales_dates PARTITION (factory_date=&#039;20260201&#039;, sale_date=&#039;20260201&#039;)
VALUES
(&#039;ORD_FAST_001&#039;, &#039;LTV_SPEED_001&#039;, &#039;岚图追光&#039;, 252800.00, 252800.00, &#039;武汉交付中心&#039;, 3);

-- 【场景E：字段级异常 (脏数据)】 4条
INSERT INTO TABLE dwd_voyah_vehicle_sales_dates PARTITION (factory_date=&#039;20260202&#039;, sale_date=&#039;20260202&#039;)
VALUES
-- 1. [NULL异常]: 车型名称为 NULL
(&#039;ORD_ERR_NULL&#039;, &#039;LTV_NULL_VAL&#039;, NULL, 266900.00, 260000.00, &#039;北京交付中心&#039;, 3),
-- 2. [空串异常]: 交付中心为 Empty String (&#039;&#039;)
(&#039;ORD_ERR_EMPTY&#039;, &#039;LTV_EMPTY_STR&#039;, &#039;岚图追光&#039;, 252800.00, 252800.00, &#039;&#039;, 3),
-- 3. [数值异常]: 最终成交价为负数 (-100.00)
(&#039;ORD_ERR_NEG&#039;, &#039;LTV_NEG_PRICE&#039;, &#039;岚图梦想家&#039;, 369900.00, -100.00, &#039;成都交付中心&#039;, 3),
-- 4. [空值异常]: VIN码为纯空格 (&#039;   &#039;), 且官方指导价丢失
(&#039;ORD_ERR_BLANK&#039;, &#039;   &#039;, &#039;岚图FREE&#039;, NULL, 0.00, &#039;重庆交付中心&#039;, 3);

-- 查询已创建的分区信息
SHOW PARTITIONS dwd_voyah_vehicle_sales_dates;


SELECT * FROM dwd_voyah_vehicle_sales_dates;","1. 进入【数据资产】-【数据质量】-【规则任务管理】页面
2. 新建监控规则, 配置如下:1)监控对象: - 规则名称: rule01- 数据表: dwd_voyah_vehicle_sales_dates- 选择已有分区: factory_date=20260202/sale_date=202602022) 监控规则: 完整性校验: - 生效范围: 字段级- 字段: final_price- 统计函数: 字段取值校验- 期望值: >= 03) 调度属性:- 调度周期: 时- 生效日期: T~T+1- 间隔时间: 1小时- 其它默认- 实例生成方式: 「立即生成」
3. 运行规则任务rule01, 立即执行
4. 进入【校验结果查询】, 检查实例详情页面
5. 进入【规则任务管理】, 编辑rule01, 修改分区: 手动输入分区: factory_date=20260115 , 点击数据预览
6. 后面配置不变, 保存后再次运行任务
7. 进入【校验结果查询】, 检查【运行中、等待运行】的rule01实例的详情页
8. 检查后续生成的rule01实例的详情页","1. 进入成功
2. 配置成功
3. 运行成功
4. 校验结果: 校验不通过
5. 数据预览成功: 3条数据
6. 1) 任务运行成功2) 规则任务rule01详情页中, 分区配置变更成功
7. 实例停止运行, 实例状态依次变更: 【停止中】、【中途停止】
8. 分区配置变更成功, 变更范围:1) 表名悬浮提示中的分区配置信息2) 规则详情页中, 表级报告中的表名和分区信息后续生成的实例正常运行, 校验结果: 校验通过","1. 
2. 
3. 
4. 
5. 
6. 
7. 
8.","","2","功能测试","功能测试阶段","正常","0","2","8","通过","向林","2026-02-06","向林","2026-02-06","1","",""
"179067","数据资产_STD(#23)","/版本迭代测试用例/v6.4.8/【规则任务配置优化】质量规则任务支持编辑分区信息(#10192)","【岚图】【规则任务配置优化】质量规则任务支持编辑分区信息(#15524)","规则任务管理❯ 二级分区 ❯ 一级分区 验证分区信息改变, 任务实例信息改变(选择已有分区 ❯ 选择动态分区)","1) 已存在规则任务, 监控规则配置如下
监控对象:
- 规则名称: rule01
- 数据表: dwd_voyah_vehicle_sales_dates
- 选择已有分区: factory_date=20260202/sale_date=20260202

监控规则: 引入规则包、规则类型(完整性校验)

完整性校验:
- 生效范围: 字段级
- 字段: final_price
- 统计函数: 字段取值校验
- 期望值: >= 0

调度属性:
- 调度周期: 时
- 生效日期: T~T+1
- 间隔时间: 1小时
- 其它默认

2) 建表语句如下:
=========================================================
-- 1. 建表语句 (DDL)
-- 表名: 岚图汽车销售双日期分区表
-- 分区: factory_date (出厂日期) / sale_date (出售日期)
-- =========================================================
DROP TABLE IF EXISTS dwd_voyah_vehicle_sales_dates;
CREATE TABLE IF NOT EXISTS dwd_voyah_vehicle_sales_dates (
order_id        STRING          COMMENT &#039;销售订单号&#039;,
vin             STRING          COMMENT &#039;车辆识别代码(VIN)&#039;,
car_model       STRING          COMMENT &#039;车型名称&#039;,
guide_price     DECIMAL(20,2)   COMMENT &#039;官方指导价&#039;,
final_price     DECIMAL(20,2)   COMMENT &#039;最终成交价&#039;,
dealer_name     STRING          COMMENT &#039;交付中心&#039;,
order_status    INT             COMMENT &#039;状态: 3-已交付&#039;
)
COMMENT &#039;岚图汽车销售表-用于规则配置测试&#039;
PARTITIONED BY (
factory_date    STRING          COMMENT &#039;一级分区: 出厂日期 yyyyMMdd&#039;,
sale_date       STRING          COMMENT &#039;二级分区: 出售日期 yyyyMMdd&#039;
)
STORED AS ORC
TBLPROPERTIES (&#039;orc.compress&#039;=&#039;SNAPPY&#039;);

-- =========================================================
-- 2. 数据插入语句 (DML) - 共10条数据
-- =========================================================

-- 【场景A：正常数据】 4条
-- 出厂: 20260115 -> 出售: 20260201 (产销周期约半个月，正常)
-- 用于测试：基础的分区扫描功能
INSERT INTO TABLE dwd_voyah_vehicle_sales_dates PARTITION (factory_date=&#039;20260115&#039;, sale_date=&#039;20260201&#039;)
VALUES
(&#039;ORD_20260201_001&#039;, &#039;LTV_FREE_001&#039;, &#039;岚图FREE&#039;, 266900.00, 261900.00, &#039;武汉交付中心&#039;, 3),
(&#039;ORD_20260201_002&#039;, &#039;LTV_DREAM_002&#039;, &#039;岚图梦想家&#039;, 369900.00, 365000.00, &#039;杭州交付中心&#039;, 3),
(&#039;ORD_20260201_003&#039;, &#039;LTV_PASSION_003&#039;, &#039;岚图追光&#039;, 252800.00, 252800.00, &#039;深圳交付中心&#039;, 3),
(&#039;ORD_20260201_004&#039;, &#039;LTV_FREE_004&#039;, &#039;岚图FREE&#039;, 266900.00, 260000.00, &#039;成都交付中心&#039;, 3);

-- 【场景B：库存积压】 3条
-- 出厂: 20251220 -> 出售: 20260201 (去年生产今年卖，跨年跨月)
-- 用于测试：手动输入分区范围查询 (例如 factory_date < &#039;20260101&#039;)
INSERT INTO TABLE dwd_voyah_vehicle_sales_dates PARTITION (factory_date=&#039;20251220&#039;, sale_date=&#039;20260201&#039;)
VALUES
(&#039;ORD_20260201_005&#039;, &#039;LTV_DREAM_OLD_01&#039;, &#039;岚图梦想家&#039;, 339900.00, 330000.00, &#039;武汉交付中心&#039;, 3),
(&#039;ORD_20260201_006&#039;, &#039;LTV_FREE_OLD_02&#039;, &#039;岚图FREE&#039;, 266900.00, 250000.00, &#039;上海交付中心&#039;, 3),
(&#039;ORD_20260201_007&#039;, &#039;LTV_PASSION_OLD_03&#039;, &#039;岚图追光&#039;, 252800.00, 248000.00, &#039;北京交付中心&#039;, 3);

-- 【场景C：逻辑脏数据】 2条
-- 出厂: 20260301 -> 出售: 20260201 (出厂日期晚于出售日期，逻辑错误)
-- 用于测试：质量规则校验 (WHERE factory_date > sale_date 应该触发告警)
INSERT INTO TABLE dwd_voyah_vehicle_sales_dates PARTITION (factory_date=&#039;20260301&#039;, sale_date=&#039;20260201&#039;)
VALUES
(&#039;ORD_ERR_001&#039;, &#039;LTV_FUTURE_001&#039;, &#039;岚图FREE&#039;, 266900.00, 266900.00, &#039;广州交付中心&#039;, 3),
(&#039;ORD_ERR_002&#039;, &#039;LTV_FUTURE_002&#039;, &#039;岚图梦想家&#039;, 369900.00, 369900.00, &#039;西安交付中心&#039;, 3);

-- 【场景D：极速产销】 1条
-- 出厂: 20260201 -> 出售: 20260201 (当天生产当天卖)
-- 用于测试：边界值校验
INSERT INTO TABLE dwd_voyah_vehicle_sales_dates PARTITION (factory_date=&#039;20260201&#039;, sale_date=&#039;20260201&#039;)
VALUES
(&#039;ORD_FAST_001&#039;, &#039;LTV_SPEED_001&#039;, &#039;岚图追光&#039;, 252800.00, 252800.00, &#039;武汉交付中心&#039;, 3);

-- 【场景E：字段级异常 (脏数据)】 4条
INSERT INTO TABLE dwd_voyah_vehicle_sales_dates PARTITION (factory_date=&#039;20260202&#039;, sale_date=&#039;20260202&#039;)
VALUES
-- 1. [NULL异常]: 车型名称为 NULL
(&#039;ORD_ERR_NULL&#039;, &#039;LTV_NULL_VAL&#039;, NULL, 266900.00, 260000.00, &#039;北京交付中心&#039;, 3),
-- 2. [空串异常]: 交付中心为 Empty String (&#039;&#039;)
(&#039;ORD_ERR_EMPTY&#039;, &#039;LTV_EMPTY_STR&#039;, &#039;岚图追光&#039;, 252800.00, 252800.00, &#039;&#039;, 3),
-- 3. [数值异常]: 最终成交价为负数 (-100.00)
(&#039;ORD_ERR_NEG&#039;, &#039;LTV_NEG_PRICE&#039;, &#039;岚图梦想家&#039;, 369900.00, -100.00, &#039;成都交付中心&#039;, 3),
-- 4. [空值异常]: VIN码为纯空格 (&#039;   &#039;), 且官方指导价丢失
(&#039;ORD_ERR_BLANK&#039;, &#039;   &#039;, &#039;岚图FREE&#039;, NULL, 0.00, &#039;重庆交付中心&#039;, 3);

-- 查询已创建的分区信息
SHOW PARTITIONS dwd_voyah_vehicle_sales_dates;


SELECT * FROM dwd_voyah_vehicle_sales_dates;","1. 进入【数据资产】-【数据质量】-【规则任务管理】页面
2. 新建监控规则, 配置如下:1)监控对象: - 规则名称: rule01- 数据表: dwd_voyah_vehicle_sales_dates- 选择已有分区: factory_date=20260202/sale_date=202602022) 监控规则: 完整性校验: - 生效范围: 字段级- 字段: final_price- 统计函数: 字段取值校验- 期望值: >= 03) 调度属性:- 调度周期: 时- 生效日期: T~T+1- 间隔时间: 1小时- 其它默认- 实例生成方式: 「立即生成」
3. 运行规则任务rule01, 立即执行
4. 进入【校验结果查询】, 检查实例详情页面
5. 进入【规则任务管理】, 编辑rule01, 修改分区: 选择动态分区: factory_date = bdp.system.bizdate , 点击数据预览
6. 后面配置不变, 保存后再次运行任务
7. 进入【校验结果查询】, 检查【运行中、等待运行】的rule01实例的详情页
8. 检查后续生成的rule01实例的详情页","1. 进入成功
2. 配置成功
3. 运行成功
4. 校验结果: 校验不通过
5. 数据预览成功: 暂无数据
6. 1) 任务运行成功2) 规则任务rule01详情页中, 分区配置变更成功
7. 实例停止运行, 实例状态依次变更: 【停止中】、【中途停止】
8. 分区配置变更成功, 变更范围:1) 表名悬浮提示中的分区配置信息2) 规则详情页中, 表级报告中的表名和分区信息后续生成的实例正常运行, 校验结果: 校验通过","1. 
2. 
3. 
4. 
5. 
6. 
7. 
8.","","2","功能测试","功能测试阶段","正常","0","1","8","通过","向林","2026-02-06","向林","2026-02-06","1","",""
"179066","数据资产_STD(#23)","/版本迭代测试用例/v6.4.8/【规则任务配置优化】质量规则任务支持编辑分区信息(#10192)","【岚图】【规则任务配置优化】质量规则任务支持编辑分区信息(#15524)","规则任务管理❯ 二级分区 ❯ 一级分区 验证分区信息不变, 任务实例信息不变","1) 已存在规则任务, 监控规则配置如下
监控对象:
- 规则名称: rule01
- 数据表: dwd_voyah_vehicle_sales_dates
- 选择已有分区: factory_date=20260202/sale_date=20260202

监控规则: 引入规则包、规则类型(完整性校验)

完整性校验:
- 生效范围: 字段级
- 字段: final_price
- 统计函数: 字段取值校验
- 期望值: >= 0

调度属性:
- 调度周期: 时
- 生效日期: T~T+1
- 间隔时间: 1小时
- 其它默认

2) 建表语句如下:
=========================================================
-- 1. 建表语句 (DDL)
-- 表名: 岚图汽车销售双日期分区表
-- 分区: factory_date (出厂日期) / sale_date (出售日期)
-- =========================================================
DROP TABLE IF EXISTS dwd_voyah_vehicle_sales_dates;
CREATE TABLE IF NOT EXISTS dwd_voyah_vehicle_sales_dates (
order_id        STRING          COMMENT &#039;销售订单号&#039;,
vin             STRING          COMMENT &#039;车辆识别代码(VIN)&#039;,
car_model       STRING          COMMENT &#039;车型名称&#039;,
guide_price     DECIMAL(20,2)   COMMENT &#039;官方指导价&#039;,
final_price     DECIMAL(20,2)   COMMENT &#039;最终成交价&#039;,
dealer_name     STRING          COMMENT &#039;交付中心&#039;,
order_status    INT             COMMENT &#039;状态: 3-已交付&#039;
)
COMMENT &#039;岚图汽车销售表-用于规则配置测试&#039;
PARTITIONED BY (
factory_date    STRING          COMMENT &#039;一级分区: 出厂日期 yyyyMMdd&#039;,
sale_date       STRING          COMMENT &#039;二级分区: 出售日期 yyyyMMdd&#039;
)
STORED AS ORC
TBLPROPERTIES (&#039;orc.compress&#039;=&#039;SNAPPY&#039;);

-- =========================================================
-- 2. 数据插入语句 (DML) - 共10条数据
-- =========================================================

-- 【场景A：正常数据】 4条
-- 出厂: 20260115 -> 出售: 20260201 (产销周期约半个月，正常)
-- 用于测试：基础的分区扫描功能
INSERT INTO TABLE dwd_voyah_vehicle_sales_dates PARTITION (factory_date=&#039;20260115&#039;, sale_date=&#039;20260201&#039;)
VALUES
(&#039;ORD_20260201_001&#039;, &#039;LTV_FREE_001&#039;, &#039;岚图FREE&#039;, 266900.00, 261900.00, &#039;武汉交付中心&#039;, 3),
(&#039;ORD_20260201_002&#039;, &#039;LTV_DREAM_002&#039;, &#039;岚图梦想家&#039;, 369900.00, 365000.00, &#039;杭州交付中心&#039;, 3),
(&#039;ORD_20260201_003&#039;, &#039;LTV_PASSION_003&#039;, &#039;岚图追光&#039;, 252800.00, 252800.00, &#039;深圳交付中心&#039;, 3),
(&#039;ORD_20260201_004&#039;, &#039;LTV_FREE_004&#039;, &#039;岚图FREE&#039;, 266900.00, 260000.00, &#039;成都交付中心&#039;, 3);

-- 【场景B：库存积压】 3条
-- 出厂: 20251220 -> 出售: 20260201 (去年生产今年卖，跨年跨月)
-- 用于测试：手动输入分区范围查询 (例如 factory_date < &#039;20260101&#039;)
INSERT INTO TABLE dwd_voyah_vehicle_sales_dates PARTITION (factory_date=&#039;20251220&#039;, sale_date=&#039;20260201&#039;)
VALUES
(&#039;ORD_20260201_005&#039;, &#039;LTV_DREAM_OLD_01&#039;, &#039;岚图梦想家&#039;, 339900.00, 330000.00, &#039;武汉交付中心&#039;, 3),
(&#039;ORD_20260201_006&#039;, &#039;LTV_FREE_OLD_02&#039;, &#039;岚图FREE&#039;, 266900.00, 250000.00, &#039;上海交付中心&#039;, 3),
(&#039;ORD_20260201_007&#039;, &#039;LTV_PASSION_OLD_03&#039;, &#039;岚图追光&#039;, 252800.00, 248000.00, &#039;北京交付中心&#039;, 3);

-- 【场景C：逻辑脏数据】 2条
-- 出厂: 20260301 -> 出售: 20260201 (出厂日期晚于出售日期，逻辑错误)
-- 用于测试：质量规则校验 (WHERE factory_date > sale_date 应该触发告警)
INSERT INTO TABLE dwd_voyah_vehicle_sales_dates PARTITION (factory_date=&#039;20260301&#039;, sale_date=&#039;20260201&#039;)
VALUES
(&#039;ORD_ERR_001&#039;, &#039;LTV_FUTURE_001&#039;, &#039;岚图FREE&#039;, 266900.00, 266900.00, &#039;广州交付中心&#039;, 3),
(&#039;ORD_ERR_002&#039;, &#039;LTV_FUTURE_002&#039;, &#039;岚图梦想家&#039;, 369900.00, 369900.00, &#039;西安交付中心&#039;, 3);

-- 【场景D：极速产销】 1条
-- 出厂: 20260201 -> 出售: 20260201 (当天生产当天卖)
-- 用于测试：边界值校验
INSERT INTO TABLE dwd_voyah_vehicle_sales_dates PARTITION (factory_date=&#039;20260201&#039;, sale_date=&#039;20260201&#039;)
VALUES
(&#039;ORD_FAST_001&#039;, &#039;LTV_SPEED_001&#039;, &#039;岚图追光&#039;, 252800.00, 252800.00, &#039;武汉交付中心&#039;, 3);

-- 【场景E：字段级异常 (脏数据)】 4条
INSERT INTO TABLE dwd_voyah_vehicle_sales_dates PARTITION (factory_date=&#039;20260202&#039;, sale_date=&#039;20260202&#039;)
VALUES
-- 1. [NULL异常]: 车型名称为 NULL
(&#039;ORD_ERR_NULL&#039;, &#039;LTV_NULL_VAL&#039;, NULL, 266900.00, 260000.00, &#039;北京交付中心&#039;, 3),
-- 2. [空串异常]: 交付中心为 Empty String (&#039;&#039;)
(&#039;ORD_ERR_EMPTY&#039;, &#039;LTV_EMPTY_STR&#039;, &#039;岚图追光&#039;, 252800.00, 252800.00, &#039;&#039;, 3),
-- 3. [数值异常]: 最终成交价为负数 (-100.00)
(&#039;ORD_ERR_NEG&#039;, &#039;LTV_NEG_PRICE&#039;, &#039;岚图梦想家&#039;, 369900.00, -100.00, &#039;成都交付中心&#039;, 3),
-- 4. [空值异常]: VIN码为纯空格 (&#039;   &#039;), 且官方指导价丢失
(&#039;ORD_ERR_BLANK&#039;, &#039;   &#039;, &#039;岚图FREE&#039;, NULL, 0.00, &#039;重庆交付中心&#039;, 3);

-- 查询已创建的分区信息
SHOW PARTITIONS dwd_voyah_vehicle_sales_dates;


SELECT * FROM dwd_voyah_vehicle_sales_dates;","1. 进入【数据资产】-【数据质量】-【规则任务管理】页面
2. 新建监控规则, 配置如下:1)监控对象: - 规则名称: rule01- 数据表: dwd_voyah_vehicle_sales_dates- 选择已有分区: factory_date=20260202/sale_date=202602022) 监控规则: 完整性校验: - 生效范围: 字段级- 字段: final_price- 统计函数: 字段取值校验- 期望值: >= 03) 调度属性:- 调度周期: 时- 生效日期: T~T+1- 间隔时间: 1小时- 其它默认- 实例生成方式: 「立即生成」
3. 运行规则任务rule01, 立即执行
4. 进入【校验结果查询】, 检查实例详情页面
5. 进入【规则任务管理】, 编辑rule01, 修改分区: 手动输入分区: factory_date=20260202 , 点击数据预览
6. 后面配置不变, 保存后再次运行任务
7. 进入【校验结果查询】, 检查【运行中、等待运行】的rule01实例的详情页
8. 检查后续生成的rule01实例的详情页","1. 进入成功
2. 配置成功
3. 运行成功
4. 校验结果: 校验不通过
5. 数据预览成功: 3条数据
6. 1) 任务运行成功2) 规则任务rule01详情页中, 分区配置不变
7. 分区配置不变, 实例继续运行, 结果不变: 校验不通过
8. 分区配置不变, 实例继续运行, 结果依旧不变: 校验不通过","1. 
2. 
3. 
4. 
5. 
6. 
7. 
8.","","3","功能测试","功能测试阶段","正常","0","1","8","通过","向林","2026-02-06","向林","2026-02-06","1","",""
"179065","数据资产_STD(#23)","/版本迭代测试用例/v6.4.8/【规则任务配置优化】质量规则任务支持编辑分区信息(#10192)","【岚图】【规则任务配置优化】质量规则任务支持编辑分区信息(#15524)","规则任务管理❯ 二级分区 ❯ 二级分区 验证分区信息改变, 任务实例信息改变(手动输入分区 ❯ 选择动态分区)","建表语句如下:<br />=========================================================<br />-- 1. 建表语句 (DDL)<br />-- 表名: 岚图汽车销售双日期分区表<br />-- 分区: factory_date (出厂日期) / sale_date (出售日期)<br />-- =========================================================<br />DROP TABLE IF EXISTS dwd_voyah_vehicle_sales_dates;<br />CREATE TABLE IF NOT EXISTS dwd_voyah_vehicle_sales_dates (<br />&nbsp; &nbsp; order_id&nbsp; &nbsp; &nbsp; &nbsp; STRING&nbsp; &nbsp; &nbsp; &nbsp; &nbsp; COMMENT &#039;销售订单号&#039;,<br />&nbsp; &nbsp; vin&nbsp; &nbsp; &nbsp; &nbsp; &nbsp; &nbsp; &nbsp;STRING&nbsp; &nbsp; &nbsp; &nbsp; &nbsp; COMMENT &#039;车辆识别代码(VIN)&#039;,<br />&nbsp; &nbsp; car_model&nbsp; &nbsp; &nbsp; &nbsp;STRING&nbsp; &nbsp; &nbsp; &nbsp; &nbsp; COMMENT &#039;车型名称&#039;,<br />&nbsp; &nbsp; guide_price&nbsp; &nbsp; &nbsp;DECIMAL(20,2)&nbsp; &nbsp;COMMENT &#039;官方指导价&#039;,<br />&nbsp; &nbsp; final_price&nbsp; &nbsp; &nbsp;DECIMAL(20,2)&nbsp; &nbsp;COMMENT &#039;最终成交价&#039;,<br />&nbsp; &nbsp; dealer_name&nbsp; &nbsp; &nbsp;STRING&nbsp; &nbsp; &nbsp; &nbsp; &nbsp; COMMENT &#039;交付中心&#039;,<br />&nbsp; &nbsp; order_status&nbsp; &nbsp; INT&nbsp; &nbsp; &nbsp; &nbsp; &nbsp; &nbsp; &nbsp;COMMENT &#039;状态: 3-已交付&#039;<br />)<br />COMMENT &#039;岚图汽车销售表-用于规则配置测试&#039;<br />PARTITIONED BY (<br />&nbsp; &nbsp; factory_date&nbsp; &nbsp; STRING&nbsp; &nbsp; &nbsp; &nbsp; &nbsp; COMMENT &#039;一级分区: 出厂日期 yyyyMMdd&#039;,<br />&nbsp; &nbsp; sale_date&nbsp; &nbsp; &nbsp; &nbsp;STRING&nbsp; &nbsp; &nbsp; &nbsp; &nbsp; COMMENT &#039;二级分区: 出售日期 yyyyMMdd&#039;<br />)<br />STORED AS ORC<br />TBLPROPERTIES (&#039;orc.compress&#039;=&#039;SNAPPY&#039;);<br /><br />-- =========================================================<br />-- 2. 数据插入语句 (DML) - 共10条数据<br />-- =========================================================<br /><br />-- 【场景A：正常数据】 4条<br />-- 出厂: 20260115 -&gt; 出售: 20260201 (产销周期约半个月，正常)<br />-- 用于测试：基础的分区扫描功能<br />INSERT INTO TABLE dwd_voyah_vehicle_sales_dates PARTITION (factory_date=&#039;20260115&#039;, sale_date=&#039;20260201&#039;)<br />VALUES&nbsp;<br />(&#039;ORD_20260201_001&#039;, &#039;LTV_FREE_001&#039;, &#039;岚图FREE&#039;, 266900.00, 261900.00, &#039;武汉交付中心&#039;, 3),<br />(&#039;ORD_20260201_002&#039;, &#039;LTV_DREAM_002&#039;, &#039;岚图梦想家&#039;, 369900.00, 365000.00, &#039;杭州交付中心&#039;, 3),<br />(&#039;ORD_20260201_003&#039;, &#039;LTV_PASSION_003&#039;, &#039;岚图追光&#039;, 252800.00, 252800.00, &#039;深圳交付中心&#039;, 3),<br />(&#039;ORD_20260201_004&#039;, &#039;LTV_FREE_004&#039;, &#039;岚图FREE&#039;, 266900.00, 260000.00, &#039;成都交付中心&#039;, 3);<br /><br />-- 【场景B：库存积压】 3条<br />-- 出厂: 20251220 -&gt; 出售: 20260201 (去年生产今年卖，跨年跨月)<br />-- 用于测试：手动输入分区范围查询 (例如 factory_date &lt; &#039;20260101&#039;)<br />INSERT INTO TABLE dwd_voyah_vehicle_sales_dates PARTITION (factory_date=&#039;20251220&#039;, sale_date=&#039;20260201&#039;)<br />VALUES&nbsp;<br />(&#039;ORD_20260201_005&#039;, &#039;LTV_DREAM_OLD_01&#039;, &#039;岚图梦想家&#039;, 339900.00, 330000.00, &#039;武汉交付中心&#039;, 3),<br />(&#039;ORD_20260201_006&#039;, &#039;LTV_FREE_OLD_02&#039;, &#039;岚图FREE&#039;, 266900.00, 250000.00, &#039;上海交付中心&#039;, 3),<br />(&#039;ORD_20260201_007&#039;, &#039;LTV_PASSION_OLD_03&#039;, &#039;岚图追光&#039;, 252800.00, 248000.00, &#039;北京交付中心&#039;, 3);<br /><br />-- 【场景C：逻辑脏数据】 2条<br />-- 出厂: 20260301 -&gt; 出售: 20260201 (出厂日期晚于出售日期，逻辑错误)<br />-- 用于测试：质量规则校验 (WHERE factory_date &gt; sale_date 应该触发告警)<br />INSERT INTO TABLE dwd_voyah_vehicle_sales_dates PARTITION (factory_date=&#039;20260301&#039;, sale_date=&#039;20260201&#039;)<br />VALUES&nbsp;<br />(&#039;ORD_ERR_001&#039;, &#039;LTV_FUTURE_001&#039;, &#039;岚图FREE&#039;, 266900.00, 266900.00, &#039;广州交付中心&#039;, 3),<br />(&#039;ORD_ERR_002&#039;, &#039;LTV_FUTURE_002&#039;, &#039;岚图梦想家&#039;, 369900.00, 369900.00, &#039;西安交付中心&#039;, 3);<br /><br />-- 【场景D：极速产销】 1条<br />-- 出厂: 20260201 -&gt; 出售: 20260201 (当天生产当天卖)<br />-- 用于测试：边界值校验<br />INSERT INTO TABLE dwd_voyah_vehicle_sales_dates PARTITION (factory_date=&#039;20260201&#039;, sale_date=&#039;20260201&#039;)<br />VALUES&nbsp;<br />(&#039;ORD_FAST_001&#039;, &#039;LTV_SPEED_001&#039;, &#039;岚图追光&#039;, 252800.00, 252800.00, &#039;武汉交付中心&#039;, 3);<br /><br />-- 【场景E：字段级异常 (脏数据)】 4条<br />INSERT INTO TABLE dwd_voyah_vehicle_sales_dates PARTITION (factory_date=&#039;20260202&#039;, sale_date=&#039;20260202&#039;)<br />VALUES&nbsp;<br />-- 1. [NULL异常]: 车型名称为 NULL<br />(&#039;ORD_ERR_NULL&#039;, &#039;LTV_NULL_VAL&#039;, NULL, 266900.00, 260000.00, &#039;北京交付中心&#039;, 3),<br />-- 2. [空串异常]: 交付中心为 Empty String (&#039;&#039;)<br />(&#039;ORD_ERR_EMPTY&#039;, &#039;LTV_EMPTY_STR&#039;, &#039;岚图追光&#039;, 252800.00, 252800.00, &#039;&#039;, 3),<br />-- 3. [数值异常]: 最终成交价为负数 (-100.00)<br />(&#039;ORD_ERR_NEG&#039;, &#039;LTV_NEG_PRICE&#039;, &#039;岚图梦想家&#039;, 369900.00, -100.00, &#039;成都交付中心&#039;, 3),<br />-- 4. [空值异常]: VIN码为纯空格 (&#039;&nbsp; &nbsp;&#039;), 且官方指导价丢失<br />(&#039;ORD_ERR_BLANK&#039;, &#039;&nbsp; &nbsp;&#039;, &#039;岚图FREE&#039;, NULL, 0.00, &#039;重庆交付中心&#039;, 3);<br /><br />-- 查询已创建的分区信息<br />SHOW PARTITIONS dwd_voyah_vehicle_sales_dates;<br /><br /><br />SELECT * FROM dwd_voyah_vehicle_sales_dates;<br /><br />","1. 进入【数据资产】-【数据质量】-【规则任务管理】页面
2. 新建监控规则, 配置如下:
1)监控对象: 
- 规则名称: rule01
- 数据表: dwd_voyah_vehicle_sales_dates
- 手动输入分区: factory_date=20260202/sale_date=20260202

2) 监控规则: 

完整性校验: 
- 生效范围: 字段级
- 字段: final_price
- 统计函数: 字段取值校验
- 期望值: >= 0

3) 调度属性:
- 调度周期: 时
- 生效日期: T~T+1
- 间隔时间: 1小时
- 其它默认
- 实例生成方式: 「立即生成」
3. 运行规则任务rule01, 立即执行
4. 进入【校验结果查询】, 检查实例详情页面
5. 进入【规则任务管理】, 编辑rule01, 修改分区: 选择动态分区: factory_date/sale_date = bdp.system.bizdate , 点击数据预览
6. 后面配置不变, 保存后再次运行任务
7. 进入【校验结果查询】, 检查【运行中、等待运行】的rule01实例的详情页
8. 检查后续生成的rule01实例的详情页","1. 进入成功
2. 配置成功
3. 运行成功
4. 校验结果: 校验不通过
5. 数据预览成功: 暂无数据
6. 1) 任务运行成功2) 规则任务rule01详情页中, 分区配置变更成功
7. 实例停止运行, 实例状态依次变更: 【停止中】、【中途停止】
8. 分区配置变更成功, 变更范围:
1) 表名悬浮提示中的分区配置信息
2) 规则详情页中, 表级报告中的表名和分区信息

后续生成的实例正常运行, 校验结果: 校验通过","1. 
2. 
3. 
4. 
5. 
6. 
7. 
8.","","1","功能测试","功能测试阶段","正常","0","2","8","通过","向林","2026-02-06","向林","2026-02-06","2","",""
"179064","数据资产_STD(#23)","/版本迭代测试用例/v6.4.8/【规则任务配置优化】质量规则任务支持编辑分区信息(#10192)","【岚图】【规则任务配置优化】质量规则任务支持编辑分区信息(#15524)","规则任务管理❯ 二级分区 ❯ 二级分区 验证分区信息改变, 任务实例信息改变(手动输入分区 ❯ 选择已有分区)","1) 已存在规则任务, 监控规则配置如下
监控对象:
- 规则名称: rule01
- 数据表: dwd_voyah_vehicle_sales_dates
- 选择已有分区: factory_date=20260202/sale_date=20260202

监控规则: 引入规则包、规则类型(完整性校验)

完整性校验:
- 生效范围: 字段级
- 字段: final_price
- 统计函数: 字段取值校验
- 期望值: >= 0

调度属性:
- 调度周期: 时
- 生效日期: T~T+1
- 间隔时间: 1小时
- 其它默认

2) 建表语句如下:
=========================================================
-- 1. 建表语句 (DDL)
-- 表名: 岚图汽车销售双日期分区表
-- 分区: factory_date (出厂日期) / sale_date (出售日期)
-- =========================================================
DROP TABLE IF EXISTS dwd_voyah_vehicle_sales_dates;
CREATE TABLE IF NOT EXISTS dwd_voyah_vehicle_sales_dates (
order_id        STRING          COMMENT &#039;销售订单号&#039;,
vin             STRING          COMMENT &#039;车辆识别代码(VIN)&#039;,
car_model       STRING          COMMENT &#039;车型名称&#039;,
guide_price     DECIMAL(20,2)   COMMENT &#039;官方指导价&#039;,
final_price     DECIMAL(20,2)   COMMENT &#039;最终成交价&#039;,
dealer_name     STRING          COMMENT &#039;交付中心&#039;,
order_status    INT             COMMENT &#039;状态: 3-已交付&#039;
)
COMMENT &#039;岚图汽车销售表-用于规则配置测试&#039;
PARTITIONED BY (
factory_date    STRING          COMMENT &#039;一级分区: 出厂日期 yyyyMMdd&#039;,
sale_date       STRING          COMMENT &#039;二级分区: 出售日期 yyyyMMdd&#039;
)
STORED AS ORC
TBLPROPERTIES (&#039;orc.compress&#039;=&#039;SNAPPY&#039;);

-- =========================================================
-- 2. 数据插入语句 (DML) - 共10条数据
-- =========================================================

-- 【场景A：正常数据】 4条
-- 出厂: 20260115 -> 出售: 20260201 (产销周期约半个月，正常)
-- 用于测试：基础的分区扫描功能
INSERT INTO TABLE dwd_voyah_vehicle_sales_dates PARTITION (factory_date=&#039;20260115&#039;, sale_date=&#039;20260201&#039;)
VALUES
(&#039;ORD_20260201_001&#039;, &#039;LTV_FREE_001&#039;, &#039;岚图FREE&#039;, 266900.00, 261900.00, &#039;武汉交付中心&#039;, 3),
(&#039;ORD_20260201_002&#039;, &#039;LTV_DREAM_002&#039;, &#039;岚图梦想家&#039;, 369900.00, 365000.00, &#039;杭州交付中心&#039;, 3),
(&#039;ORD_20260201_003&#039;, &#039;LTV_PASSION_003&#039;, &#039;岚图追光&#039;, 252800.00, 252800.00, &#039;深圳交付中心&#039;, 3),
(&#039;ORD_20260201_004&#039;, &#039;LTV_FREE_004&#039;, &#039;岚图FREE&#039;, 266900.00, 260000.00, &#039;成都交付中心&#039;, 3);

-- 【场景B：库存积压】 3条
-- 出厂: 20251220 -> 出售: 20260201 (去年生产今年卖，跨年跨月)
-- 用于测试：手动输入分区范围查询 (例如 factory_date < &#039;20260101&#039;)
INSERT INTO TABLE dwd_voyah_vehicle_sales_dates PARTITION (factory_date=&#039;20251220&#039;, sale_date=&#039;20260201&#039;)
VALUES
(&#039;ORD_20260201_005&#039;, &#039;LTV_DREAM_OLD_01&#039;, &#039;岚图梦想家&#039;, 339900.00, 330000.00, &#039;武汉交付中心&#039;, 3),
(&#039;ORD_20260201_006&#039;, &#039;LTV_FREE_OLD_02&#039;, &#039;岚图FREE&#039;, 266900.00, 250000.00, &#039;上海交付中心&#039;, 3),
(&#039;ORD_20260201_007&#039;, &#039;LTV_PASSION_OLD_03&#039;, &#039;岚图追光&#039;, 252800.00, 248000.00, &#039;北京交付中心&#039;, 3);

-- 【场景C：逻辑脏数据】 2条
-- 出厂: 20260301 -> 出售: 20260201 (出厂日期晚于出售日期，逻辑错误)
-- 用于测试：质量规则校验 (WHERE factory_date > sale_date 应该触发告警)
INSERT INTO TABLE dwd_voyah_vehicle_sales_dates PARTITION (factory_date=&#039;20260301&#039;, sale_date=&#039;20260201&#039;)
VALUES
(&#039;ORD_ERR_001&#039;, &#039;LTV_FUTURE_001&#039;, &#039;岚图FREE&#039;, 266900.00, 266900.00, &#039;广州交付中心&#039;, 3),
(&#039;ORD_ERR_002&#039;, &#039;LTV_FUTURE_002&#039;, &#039;岚图梦想家&#039;, 369900.00, 369900.00, &#039;西安交付中心&#039;, 3);

-- 【场景D：极速产销】 1条
-- 出厂: 20260201 -> 出售: 20260201 (当天生产当天卖)
-- 用于测试：边界值校验
INSERT INTO TABLE dwd_voyah_vehicle_sales_dates PARTITION (factory_date=&#039;20260201&#039;, sale_date=&#039;20260201&#039;)
VALUES
(&#039;ORD_FAST_001&#039;, &#039;LTV_SPEED_001&#039;, &#039;岚图追光&#039;, 252800.00, 252800.00, &#039;武汉交付中心&#039;, 3);

-- 【场景E：字段级异常 (脏数据)】 4条
INSERT INTO TABLE dwd_voyah_vehicle_sales_dates PARTITION (factory_date=&#039;20260202&#039;, sale_date=&#039;20260202&#039;)
VALUES
-- 1. [NULL异常]: 车型名称为 NULL
(&#039;ORD_ERR_NULL&#039;, &#039;LTV_NULL_VAL&#039;, NULL, 266900.00, 260000.00, &#039;北京交付中心&#039;, 3),
-- 2. [空串异常]: 交付中心为 Empty String (&#039;&#039;)
(&#039;ORD_ERR_EMPTY&#039;, &#039;LTV_EMPTY_STR&#039;, &#039;岚图追光&#039;, 252800.00, 252800.00, &#039;&#039;, 3),
-- 3. [数值异常]: 最终成交价为负数 (-100.00)
(&#039;ORD_ERR_NEG&#039;, &#039;LTV_NEG_PRICE&#039;, &#039;岚图梦想家&#039;, 369900.00, -100.00, &#039;成都交付中心&#039;, 3),
-- 4. [空值异常]: VIN码为纯空格 (&#039;   &#039;), 且官方指导价丢失
(&#039;ORD_ERR_BLANK&#039;, &#039;   &#039;, &#039;岚图FREE&#039;, NULL, 0.00, &#039;重庆交付中心&#039;, 3);

-- 查询已创建的分区信息
SHOW PARTITIONS dwd_voyah_vehicle_sales_dates;


SELECT * FROM dwd_voyah_vehicle_sales_dates;","1. 进入【数据资产】-【数据质量】-【规则任务管理】页面
2. 新建监控规则, 配置如下:1)监控对象: - 规则名称: rule01- 数据表: dwd_voyah_vehicle_sales_dates- 手动输入分区: factory_date=20260202/sale_date=202602022) 监控规则: 完整性校验: - 生效范围: 字段级- 字段: final_price- 统计函数: 字段取值校验- 期望值: >= 03) 调度属性:- 调度周期: 时- 生效日期: T~T+1- 间隔时间: 1小时- 其它默认- 实例生成方式: 「立即生成」
3. 运行规则任务rule01, 立即执行
4. 进入【校验结果查询】, 检查实例详情页面
5. 进入【规则任务管理】, 编辑rule01, 修改分区: 选择已有分区: factory_date=20260115/sale_date=20260201 , 点击数据预览
6. 后面配置不变, 保存后再次运行任务
7. 进入【校验结果查询】, 检查【运行中、等待运行】的rule01实例的详情页
8. 检查后续生成的rule01实例的详情页","1. 进入成功
2. 配置成功
3. 运行成功
4. 校验结果: 校验不通过
5. 数据预览成功: 3条数据
6. 1) 任务运行成功2) 规则任务rule01详情页中, 分区配置变更成功
7. 实例停止运行, 实例状态依次变更: 【停止中】、【中途停止】
8. 分区配置变更成功, 变更范围:1) 表名悬浮提示中的分区配置信息2) 规则详情页中, 表级报告中的表名和分区信息后续生成的实例正常运行, 校验结果: 校验通过","1. 
2. 
3. 
4. 
5. 
6. 
7. 
8.","","2","功能测试","功能测试阶段","正常","0","1","8","通过","向林","2026-02-06","向林","2026-02-06","1","",""
"179063","数据资产_STD(#23)","/版本迭代测试用例/v6.4.8/【规则任务配置优化】质量规则任务支持编辑分区信息(#10192)","【岚图】【规则任务配置优化】质量规则任务支持编辑分区信息(#15524)","规则任务管理❯ 二级分区 ❯ 二级分区 验证分区信息改变, 任务实例信息改变(选择动态分区 ❯ 手动输入分区)","1)选择动态分区需要额外执行DML语句:
INSERT INTO TABLE dwd_voyah_vehicle_sales_dates PARTITION (factory_date=&#039;${bdp.system.bizdate}&#039;, sale_date=&#039;${bdp.system.bizdate}&#039;)
VALUES
(&#039;ORD_ERR_NEG&#039;, &#039;LTV_NEG_PRICE&#039;, &#039;岚图梦想家&#039;, 369900.00, -200.00, &#039;成都交付中心&#039;, 3);

2) 建表语句如下:
=========================================================
-- 1. 建表语句 (DDL)
-- 表名: 岚图汽车销售双日期分区表
-- 分区: factory_date (出厂日期) / sale_date (出售日期)
-- =========================================================
DROP TABLE IF EXISTS dwd_voyah_vehicle_sales_dates;
CREATE TABLE IF NOT EXISTS dwd_voyah_vehicle_sales_dates (
order_id        STRING          COMMENT &#039;销售订单号&#039;,
vin             STRING          COMMENT &#039;车辆识别代码(VIN)&#039;,
car_model       STRING          COMMENT &#039;车型名称&#039;,
guide_price     DECIMAL(20,2)   COMMENT &#039;官方指导价&#039;,
final_price     DECIMAL(20,2)   COMMENT &#039;最终成交价&#039;,
dealer_name     STRING          COMMENT &#039;交付中心&#039;,
order_status    INT             COMMENT &#039;状态: 3-已交付&#039;
)
COMMENT &#039;岚图汽车销售表-用于规则配置测试&#039;
PARTITIONED BY (
factory_date    STRING          COMMENT &#039;一级分区: 出厂日期 yyyyMMdd&#039;,
sale_date       STRING          COMMENT &#039;二级分区: 出售日期 yyyyMMdd&#039;
)
STORED AS ORC
TBLPROPERTIES (&#039;orc.compress&#039;=&#039;SNAPPY&#039;);

-- =========================================================
-- 2. 数据插入语句 (DML) - 共10条数据
-- =========================================================

-- 【场景A：正常数据】 4条
-- 出厂: 20260115 -> 出售: 20260201 (产销周期约半个月，正常)
-- 用于测试：基础的分区扫描功能
INSERT INTO TABLE dwd_voyah_vehicle_sales_dates PARTITION (factory_date=&#039;20260115&#039;, sale_date=&#039;20260201&#039;)
VALUES
(&#039;ORD_20260201_001&#039;, &#039;LTV_FREE_001&#039;, &#039;岚图FREE&#039;, 266900.00, 261900.00, &#039;武汉交付中心&#039;, 3),
(&#039;ORD_20260201_002&#039;, &#039;LTV_DREAM_002&#039;, &#039;岚图梦想家&#039;, 369900.00, 365000.00, &#039;杭州交付中心&#039;, 3),
(&#039;ORD_20260201_003&#039;, &#039;LTV_PASSION_003&#039;, &#039;岚图追光&#039;, 252800.00, 252800.00, &#039;深圳交付中心&#039;, 3),
(&#039;ORD_20260201_004&#039;, &#039;LTV_FREE_004&#039;, &#039;岚图FREE&#039;, 266900.00, 260000.00, &#039;成都交付中心&#039;, 3);

-- 【场景B：库存积压】 3条
-- 出厂: 20251220 -> 出售: 20260201 (去年生产今年卖，跨年跨月)
-- 用于测试：手动输入分区范围查询 (例如 factory_date < &#039;20260101&#039;)
INSERT INTO TABLE dwd_voyah_vehicle_sales_dates PARTITION (factory_date=&#039;20251220&#039;, sale_date=&#039;20260201&#039;)
VALUES
(&#039;ORD_20260201_005&#039;, &#039;LTV_DREAM_OLD_01&#039;, &#039;岚图梦想家&#039;, 339900.00, 330000.00, &#039;武汉交付中心&#039;, 3),
(&#039;ORD_20260201_006&#039;, &#039;LTV_FREE_OLD_02&#039;, &#039;岚图FREE&#039;, 266900.00, 250000.00, &#039;上海交付中心&#039;, 3),
(&#039;ORD_20260201_007&#039;, &#039;LTV_PASSION_OLD_03&#039;, &#039;岚图追光&#039;, 252800.00, 248000.00, &#039;北京交付中心&#039;, 3);

-- 【场景C：逻辑脏数据】 2条
-- 出厂: 20260301 -> 出售: 20260201 (出厂日期晚于出售日期，逻辑错误)
-- 用于测试：质量规则校验 (WHERE factory_date > sale_date 应该触发告警)
INSERT INTO TABLE dwd_voyah_vehicle_sales_dates PARTITION (factory_date=&#039;20260301&#039;, sale_date=&#039;20260201&#039;)
VALUES
(&#039;ORD_ERR_001&#039;, &#039;LTV_FUTURE_001&#039;, &#039;岚图FREE&#039;, 266900.00, 266900.00, &#039;广州交付中心&#039;, 3),
(&#039;ORD_ERR_002&#039;, &#039;LTV_FUTURE_002&#039;, &#039;岚图梦想家&#039;, 369900.00, 369900.00, &#039;西安交付中心&#039;, 3);

-- 【场景D：极速产销】 1条
-- 出厂: 20260201 -> 出售: 20260201 (当天生产当天卖)
-- 用于测试：边界值校验
INSERT INTO TABLE dwd_voyah_vehicle_sales_dates PARTITION (factory_date=&#039;20260201&#039;, sale_date=&#039;20260201&#039;)
VALUES
(&#039;ORD_FAST_001&#039;, &#039;LTV_SPEED_001&#039;, &#039;岚图追光&#039;, 252800.00, 252800.00, &#039;武汉交付中心&#039;, 3);

-- 【场景E：字段级异常 (脏数据)】 4条
INSERT INTO TABLE dwd_voyah_vehicle_sales_dates PARTITION (factory_date=&#039;20260202&#039;, sale_date=&#039;20260202&#039;)
VALUES
-- 1. [NULL异常]: 车型名称为 NULL
(&#039;ORD_ERR_NULL&#039;, &#039;LTV_NULL_VAL&#039;, NULL, 266900.00, 260000.00, &#039;北京交付中心&#039;, 3),
-- 2. [空串异常]: 交付中心为 Empty String (&#039;&#039;)
(&#039;ORD_ERR_EMPTY&#039;, &#039;LTV_EMPTY_STR&#039;, &#039;岚图追光&#039;, 252800.00, 252800.00, &#039;&#039;, 3),
-- 3. [数值异常]: 最终成交价为负数 (-100.00)
(&#039;ORD_ERR_NEG&#039;, &#039;LTV_NEG_PRICE&#039;, &#039;岚图梦想家&#039;, 369900.00, -100.00, &#039;成都交付中心&#039;, 3),
-- 4. [空值异常]: VIN码为纯空格 (&#039;   &#039;), 且官方指导价丢失
(&#039;ORD_ERR_BLANK&#039;, &#039;   &#039;, &#039;岚图FREE&#039;, NULL, 0.00, &#039;重庆交付中心&#039;, 3);

-- 查询已创建的分区信息
SHOW PARTITIONS dwd_voyah_vehicle_sales_dates;


SELECT * FROM dwd_voyah_vehicle_sales_dates;","1. 进入【数据资产】-【数据质量】-【规则任务管理】页面
2. 新建监控规则, 配置如下:1)监控对象: - 规则名称: rule01- 数据表: dwd_voyah_vehicle_sales_dates- 选择动态分区: factory_date/sale_date = bdp.system.bizdate2) 监控规则: 完整性校验: - 生效范围: 字段级- 字段: final_price- 统计函数: 字段取值校验- 期望值: >= 03) 调度属性:- 调度周期: 时- 生效日期: T~T+1- 间隔时间: 1小时- 其它默认- 实例生成方式: 「立即生成」
3. 运行规则任务rule01, 立即执行
4. 进入【校验结果查询】, 检查实例详情页面
5. 进入【规则任务管理】, 编辑rule01, 修改分区: 手动输入分区: factory_date=20260115/sale_date=20260201 , 点击数据预览
6. 后面配置不变, 保存后再次运行任务
7. 进入【校验结果查询】, 检查【运行中、等待运行】的rule01实例的详情页
8. 检查后续生成的rule01实例的详情页","1. 进入成功
2. 配置成功
3. 运行成功
4. 校验结果: 校验不通过
5. 数据预览成功: 3条数据
6. 1) 任务运行成功2) 规则任务rule01详情页中, 分区配置变更成功
7. 实例停止运行, 实例状态依次变更: 【停止中】、【中途停止】
8. 分区配置变更成功, 变更范围:1) 表名悬浮提示中的分区配置信息2) 规则详情页中, 表级报告中的表名和分区信息后续生成的实例正常运行, 校验结果: 校验通过","1. 
2. 
3. 
4. 
5. 
6. 
7. 
8.","","2","功能测试","功能测试阶段","正常","0","1","8","通过","向林","2026-02-06","向林","2026-02-06","1","",""
"179062","数据资产_STD(#23)","/版本迭代测试用例/v6.4.8/【规则任务配置优化】质量规则任务支持编辑分区信息(#10192)","【岚图】【规则任务配置优化】质量规则任务支持编辑分区信息(#15524)","规则任务管理❯ 二级分区 ❯ 二级分区 验证分区信息改变, 任务实例信息改变(选择动态分区 ❯ 选择已有分区)","1) 选择动态分区需要额外执行DML语句:
INSERT INTO TABLE dwd_voyah_vehicle_sales_dates PARTITION (factory_date=&#039;${bdp.system.bizdate}&#039;, sale_date=&#039;${bdp.system.bizdate}&#039;)
VALUES
(&#039;ORD_ERR_NEG&#039;, &#039;LTV_NEG_PRICE&#039;, &#039;岚图梦想家&#039;, 369900.00, -200.00, &#039;成都交付中心&#039;, 3);

2) 建表语句如下:
=========================================================
-- 1. 建表语句 (DDL)
-- 表名: 岚图汽车销售双日期分区表
-- 分区: factory_date (出厂日期) / sale_date (出售日期)
-- =========================================================
DROP TABLE IF EXISTS dwd_voyah_vehicle_sales_dates;
CREATE TABLE IF NOT EXISTS dwd_voyah_vehicle_sales_dates (
order_id        STRING          COMMENT &#039;销售订单号&#039;,
vin             STRING          COMMENT &#039;车辆识别代码(VIN)&#039;,
car_model       STRING          COMMENT &#039;车型名称&#039;,
guide_price     DECIMAL(20,2)   COMMENT &#039;官方指导价&#039;,
final_price     DECIMAL(20,2)   COMMENT &#039;最终成交价&#039;,
dealer_name     STRING          COMMENT &#039;交付中心&#039;,
order_status    INT             COMMENT &#039;状态: 3-已交付&#039;
)
COMMENT &#039;岚图汽车销售表-用于规则配置测试&#039;
PARTITIONED BY (
factory_date    STRING          COMMENT &#039;一级分区: 出厂日期 yyyyMMdd&#039;,
sale_date       STRING          COMMENT &#039;二级分区: 出售日期 yyyyMMdd&#039;
)
STORED AS ORC
TBLPROPERTIES (&#039;orc.compress&#039;=&#039;SNAPPY&#039;);

-- =========================================================
-- 2. 数据插入语句 (DML) - 共10条数据
-- =========================================================

-- 【场景A：正常数据】 4条
-- 出厂: 20260115 -> 出售: 20260201 (产销周期约半个月，正常)
-- 用于测试：基础的分区扫描功能
INSERT INTO TABLE dwd_voyah_vehicle_sales_dates PARTITION (factory_date=&#039;20260115&#039;, sale_date=&#039;20260201&#039;)
VALUES
(&#039;ORD_20260201_001&#039;, &#039;LTV_FREE_001&#039;, &#039;岚图FREE&#039;, 266900.00, 261900.00, &#039;武汉交付中心&#039;, 3),
(&#039;ORD_20260201_002&#039;, &#039;LTV_DREAM_002&#039;, &#039;岚图梦想家&#039;, 369900.00, 365000.00, &#039;杭州交付中心&#039;, 3),
(&#039;ORD_20260201_003&#039;, &#039;LTV_PASSION_003&#039;, &#039;岚图追光&#039;, 252800.00, 252800.00, &#039;深圳交付中心&#039;, 3),
(&#039;ORD_20260201_004&#039;, &#039;LTV_FREE_004&#039;, &#039;岚图FREE&#039;, 266900.00, 260000.00, &#039;成都交付中心&#039;, 3);

-- 【场景B：库存积压】 3条
-- 出厂: 20251220 -> 出售: 20260201 (去年生产今年卖，跨年跨月)
-- 用于测试：手动输入分区范围查询 (例如 factory_date < &#039;20260101&#039;)
INSERT INTO TABLE dwd_voyah_vehicle_sales_dates PARTITION (factory_date=&#039;20251220&#039;, sale_date=&#039;20260201&#039;)
VALUES
(&#039;ORD_20260201_005&#039;, &#039;LTV_DREAM_OLD_01&#039;, &#039;岚图梦想家&#039;, 339900.00, 330000.00, &#039;武汉交付中心&#039;, 3),
(&#039;ORD_20260201_006&#039;, &#039;LTV_FREE_OLD_02&#039;, &#039;岚图FREE&#039;, 266900.00, 250000.00, &#039;上海交付中心&#039;, 3),
(&#039;ORD_20260201_007&#039;, &#039;LTV_PASSION_OLD_03&#039;, &#039;岚图追光&#039;, 252800.00, 248000.00, &#039;北京交付中心&#039;, 3);

-- 【场景C：逻辑脏数据】 2条
-- 出厂: 20260301 -> 出售: 20260201 (出厂日期晚于出售日期，逻辑错误)
-- 用于测试：质量规则校验 (WHERE factory_date > sale_date 应该触发告警)
INSERT INTO TABLE dwd_voyah_vehicle_sales_dates PARTITION (factory_date=&#039;20260301&#039;, sale_date=&#039;20260201&#039;)
VALUES
(&#039;ORD_ERR_001&#039;, &#039;LTV_FUTURE_001&#039;, &#039;岚图FREE&#039;, 266900.00, 266900.00, &#039;广州交付中心&#039;, 3),
(&#039;ORD_ERR_002&#039;, &#039;LTV_FUTURE_002&#039;, &#039;岚图梦想家&#039;, 369900.00, 369900.00, &#039;西安交付中心&#039;, 3);

-- 【场景D：极速产销】 1条
-- 出厂: 20260201 -> 出售: 20260201 (当天生产当天卖)
-- 用于测试：边界值校验
INSERT INTO TABLE dwd_voyah_vehicle_sales_dates PARTITION (factory_date=&#039;20260201&#039;, sale_date=&#039;20260201&#039;)
VALUES
(&#039;ORD_FAST_001&#039;, &#039;LTV_SPEED_001&#039;, &#039;岚图追光&#039;, 252800.00, 252800.00, &#039;武汉交付中心&#039;, 3);

-- 【场景E：字段级异常 (脏数据)】 4条
INSERT INTO TABLE dwd_voyah_vehicle_sales_dates PARTITION (factory_date=&#039;20260202&#039;, sale_date=&#039;20260202&#039;)
VALUES
-- 1. [NULL异常]: 车型名称为 NULL
(&#039;ORD_ERR_NULL&#039;, &#039;LTV_NULL_VAL&#039;, NULL, 266900.00, 260000.00, &#039;北京交付中心&#039;, 3),
-- 2. [空串异常]: 交付中心为 Empty String (&#039;&#039;)
(&#039;ORD_ERR_EMPTY&#039;, &#039;LTV_EMPTY_STR&#039;, &#039;岚图追光&#039;, 252800.00, 252800.00, &#039;&#039;, 3),
-- 3. [数值异常]: 最终成交价为负数 (-100.00)
(&#039;ORD_ERR_NEG&#039;, &#039;LTV_NEG_PRICE&#039;, &#039;岚图梦想家&#039;, 369900.00, -100.00, &#039;成都交付中心&#039;, 3),
-- 4. [空值异常]: VIN码为纯空格 (&#039;   &#039;), 且官方指导价丢失
(&#039;ORD_ERR_BLANK&#039;, &#039;   &#039;, &#039;岚图FREE&#039;, NULL, 0.00, &#039;重庆交付中心&#039;, 3);

-- 查询已创建的分区信息
SHOW PARTITIONS dwd_voyah_vehicle_sales_dates;


SELECT * FROM dwd_voyah_vehicle_sales_dates;","1. 进入【数据资产】-【数据质量】-【规则任务管理】页面
2. 新建监控规则, 配置如下:1)监控对象: - 规则名称: rule01- 数据表: dwd_voyah_vehicle_sales_dates- 选择动态分区: factory_date/sale_date = bdp.system.bizdate2) 监控规则: 完整性校验: - 生效范围: 字段级- 字段: final_price- 统计函数: 字段取值校验- 期望值: >= 03) 调度属性:- 调度周期: 时- 生效日期: T~T+1- 间隔时间: 1小时- 其它默认- 实例生成方式: 「立即生成」
3. 运行规则任务rule01, 立即执行
4. 进入【校验结果查询】, 检查实例详情页面
5. 进入【规则任务管理】, 编辑rule01, 修改分区: 选择已有分区: factory_date=20260115/sale_date=20260201 , 点击数据预览
6. 后面配置不变, 保存后再次运行任务
7. 进入【校验结果查询】, 检查【运行中、等待运行】的rule01实例的详情页
8. 检查后续生成的rule01实例的详情页","1. 进入成功
2. 配置成功
3. 运行成功
4. 校验结果: 校验不通过
5. 数据预览成功: 3条数据
6. 1) 任务运行成功2) 规则任务rule01详情页中, 分区配置变更成功
7. 实例停止运行, 实例状态依次变更: 【停止中】、【中途停止】
8. 分区配置变更成功, 变更范围:1) 表名悬浮提示中的分区配置信息2) 规则详情页中, 表级报告中的表名和分区信息后续生成的实例正常运行, 校验结果: 校验通过","1. 
2. 
3. 
4. 
5. 
6. 
7. 
8.","","2","功能测试","功能测试阶段","正常","0","1","8","通过","向林","2026-02-06","向林","2026-02-06","1","",""
"179061","数据资产_STD(#23)","/版本迭代测试用例/v6.4.8/【规则任务配置优化】质量规则任务支持编辑分区信息(#10192)","【岚图】【规则任务配置优化】质量规则任务支持编辑分区信息(#15524)","规则任务管理❯ 二级分区 ❯ 二级分区 验证分区信息改变, 任务实例信息改变(选择已有分区 ❯ 手动输入分区)","<p class=“p1“ style=“font-size:10px;font-family:&quot;color:#000000;“>建表语句如下:<br />=========================================================<br />-- 1. 建表语句 (DDL)<br />-- 表名: 岚图汽车销售双日期分区表<br />-- 分区: factory_date (出厂日期) / sale_date (出售日期)<br />-- =========================================================<br />DROP TABLE IF EXISTS dwd_voyah_vehicle_sales_dates;<br />CREATE TABLE IF NOT EXISTS dwd_voyah_vehicle_sales_dates (<br />&nbsp; &nbsp; order_id&nbsp; &nbsp; &nbsp; &nbsp; STRING&nbsp; &nbsp; &nbsp; &nbsp; &nbsp; COMMENT &#039;销售订单号&#039;,<br />&nbsp; &nbsp; vin&nbsp; &nbsp; &nbsp; &nbsp; &nbsp; &nbsp; &nbsp;STRING&nbsp; &nbsp; &nbsp; &nbsp; &nbsp; COMMENT &#039;车辆识别代码(VIN)&#039;,<br />&nbsp; &nbsp; car_model&nbsp; &nbsp; &nbsp; &nbsp;STRING&nbsp; &nbsp; &nbsp; &nbsp; &nbsp; COMMENT &#039;车型名称&#039;,<br />&nbsp; &nbsp; guide_price&nbsp; &nbsp; &nbsp;DECIMAL(20,2)&nbsp; &nbsp;COMMENT &#039;官方指导价&#039;,<br />&nbsp; &nbsp; final_price&nbsp; &nbsp; &nbsp;DECIMAL(20,2)&nbsp; &nbsp;COMMENT &#039;最终成交价&#039;,<br />&nbsp; &nbsp; dealer_name&nbsp; &nbsp; &nbsp;STRING&nbsp; &nbsp; &nbsp; &nbsp; &nbsp; COMMENT &#039;交付中心&#039;,<br />&nbsp; &nbsp; order_status&nbsp; &nbsp; INT&nbsp; &nbsp; &nbsp; &nbsp; &nbsp; &nbsp; &nbsp;COMMENT &#039;状态: 3-已交付&#039;<br />)<br />COMMENT &#039;岚图汽车销售表-用于规则配置测试&#039;<br />PARTITIONED BY (<br />&nbsp; &nbsp; factory_date&nbsp; &nbsp; STRING&nbsp; &nbsp; &nbsp; &nbsp; &nbsp; COMMENT &#039;一级分区: 出厂日期 yyyyMMdd&#039;,<br />&nbsp; &nbsp; sale_date&nbsp; &nbsp; &nbsp; &nbsp;STRING&nbsp; &nbsp; &nbsp; &nbsp; &nbsp; COMMENT &#039;二级分区: 出售日期 yyyyMMdd&#039;<br />)<br />STORED AS ORC<br />TBLPROPERTIES (&#039;orc.compress&#039;=&#039;SNAPPY&#039;);<br /><br />-- =========================================================<br />-- 2. 数据插入语句 (DML) - 共10条数据<br />-- =========================================================<br /><br />-- 【场景A：正常数据】 4条<br />-- 出厂: 20260115 -&gt; 出售: 20260201 (产销周期约半个月，正常)<br />-- 用于测试：基础的分区扫描功能<br />INSERT INTO TABLE dwd_voyah_vehicle_sales_dates PARTITION (factory_date=&#039;20260115&#039;, sale_date=&#039;20260201&#039;)<br />VALUES&nbsp;<br />(&#039;ORD_20260201_001&#039;, &#039;LTV_FREE_001&#039;, &#039;岚图FREE&#039;, 266900.00, 261900.00, &#039;武汉交付中心&#039;, 3),<br />(&#039;ORD_20260201_002&#039;, &#039;LTV_DREAM_002&#039;, &#039;岚图梦想家&#039;, 369900.00, 365000.00, &#039;杭州交付中心&#039;, 3),<br />(&#039;ORD_20260201_003&#039;, &#039;LTV_PASSION_003&#039;, &#039;岚图追光&#039;, 252800.00, 252800.00, &#039;深圳交付中心&#039;, 3),<br />(&#039;ORD_20260201_004&#039;, &#039;LTV_FREE_004&#039;, &#039;岚图FREE&#039;, 266900.00, 260000.00, &#039;成都交付中心&#039;, 3);<br /><br />-- 【场景B：库存积压】 3条<br />-- 出厂: 20251220 -&gt; 出售: 20260201 (去年生产今年卖，跨年跨月)<br />-- 用于测试：手动输入分区范围查询 (例如 factory_date &lt; &#039;20260101&#039;)<br />INSERT INTO TABLE dwd_voyah_vehicle_sales_dates PARTITION (factory_date=&#039;20251220&#039;, sale_date=&#039;20260201&#039;)<br />VALUES&nbsp;<br />(&#039;ORD_20260201_005&#039;, &#039;LTV_DREAM_OLD_01&#039;, &#039;岚图梦想家&#039;, 339900.00, 330000.00, &#039;武汉交付中心&#039;, 3),<br />(&#039;ORD_20260201_006&#039;, &#039;LTV_FREE_OLD_02&#039;, &#039;岚图FREE&#039;, 266900.00, 250000.00, &#039;上海交付中心&#039;, 3),<br />(&#039;ORD_20260201_007&#039;, &#039;LTV_PASSION_OLD_03&#039;, &#039;岚图追光&#039;, 252800.00, 248000.00, &#039;北京交付中心&#039;, 3);<br /><br />-- 【场景C：逻辑脏数据】 2条<br />-- 出厂: 20260301 -&gt; 出售: 20260201 (出厂日期晚于出售日期，逻辑错误)<br />-- 用于测试：质量规则校验 (WHERE factory_date &gt; sale_date 应该触发告警)<br />INSERT INTO TABLE dwd_voyah_vehicle_sales_dates PARTITION (factory_date=&#039;20260301&#039;, sale_date=&#039;20260201&#039;)<br />VALUES&nbsp;<br />(&#039;ORD_ERR_001&#039;, &#039;LTV_FUTURE_001&#039;, &#039;岚图FREE&#039;, 266900.00, 266900.00, &#039;广州交付中心&#039;, 3),<br />(&#039;ORD_ERR_002&#039;, &#039;LTV_FUTURE_002&#039;, &#039;岚图梦想家&#039;, 369900.00, 369900.00, &#039;西安交付中心&#039;, 3);<br /><br />-- 【场景D：极速产销】 1条<br />-- 出厂: 20260201 -&gt; 出售: 20260201 (当天生产当天卖)<br />-- 用于测试：边界值校验<br />INSERT INTO TABLE dwd_voyah_vehicle_sales_dates PARTITION (factory_date=&#039;20260201&#039;, sale_date=&#039;20260201&#039;)<br />VALUES&nbsp;<br />(&#039;ORD_FAST_001&#039;, &#039;LTV_SPEED_001&#039;, &#039;岚图追光&#039;, 252800.00, 252800.00, &#039;武汉交付中心&#039;, 3);<br /><br />-- 【场景E：字段级异常 (脏数据)】 4条<br />INSERT INTO TABLE dwd_voyah_vehicle_sales_dates PARTITION (factory_date=&#039;20260202&#039;, sale_date=&#039;20260202&#039;)<br />VALUES&nbsp;<br />-- 1. [NULL异常]: 车型名称为 NULL<br />(&#039;ORD_ERR_NULL&#039;, &#039;LTV_NULL_VAL&#039;, NULL, 266900.00, 260000.00, &#039;北京交付中心&#039;, 3),<br />-- 2. [空串异常]: 交付中心为 Empty String (&#039;&#039;)<br />(&#039;ORD_ERR_EMPTY&#039;, &#039;LTV_EMPTY_STR&#039;, &#039;岚图追光&#039;, 252800.00, 252800.00, &#039;&#039;, 3),<br />-- 3. [数值异常]: 最终成交价为负数 (-100.00)<br />(&#039;ORD_ERR_NEG&#039;, &#039;LTV_NEG_PRICE&#039;, &#039;岚图梦想家&#039;, 369900.00, -100.00, &#039;成都交付中心&#039;, 3),<br />-- 4. [空值异常]: VIN码为纯空格 (&#039;&nbsp; &nbsp;&#039;), 且官方指导价丢失<br />(&#039;ORD_ERR_BLANK&#039;, &#039;&nbsp; &nbsp;&#039;, &#039;岚图FREE&#039;, NULL, 0.00, &#039;重庆交付中心&#039;, 3);<br /><br />-- 查询已创建的分区信息<br />SHOW PARTITIONS dwd_voyah_vehicle_sales_dates;<br /><br /><br />SELECT * FROM dwd_voyah_vehicle_sales_dates;<br /></p>","1. 进入【数据资产】-【数据质量】-【规则任务管理】页面
2. 新建监控规则, 配置如下:
1)监控对象: 
- 规则名称: rule01
- 数据表: dwd_voyah_vehicle_sales_dates
- 选择已有分区: factory_date=20260202/sale_date=20260202

2) 监控规则: 

完整性校验: 
- 生效范围: 字段级
- 字段: final_price
- 统计函数: 字段取值校验
- 期望值: >= 0

3) 调度属性:
- 调度周期: 时
- 生效日期: T~T+1
- 间隔时间: 1小时
- 其它默认
- 实例生成方式: 「立即生成」
3. 运行规则任务rule01, 立即执行
4. 进入【校验结果查询】, 检查实例详情页面
5. 进入【规则任务管理】, 编辑rule01, 修改分区: 手动输入分区: factory_date=20260115/sale_date=20260201 , 点击数据预览
6. 后面配置不变, 保存后再次运行任务
7. 进入【校验结果查询】, 检查【运行中、等待运行】的rule01实例的详情页
8. 检查后续生成的rule01实例的详情页","1. 进入成功
2. 配置成功
3. 运行成功
4. 校验结果: 校验不通过
5. 数据预览成功: 3条数据
6. 1) 任务运行成功2) 规则任务rule01详情页中, 分区配置变更成功
7. 实例停止运行, 实例状态依次变更: 【停止中】、【中途停止】
8. 分区配置变更成功, 变更范围:
1) 表名悬浮提示中的分区配置信息
2) 规则详情页中, 表级报告中的表名和分区信息

后续生成的实例正常运行, 校验结果: 校验通过","1. 
2. 
3. 
4. 
5. 
6. 
7. 
8.","","1","功能测试","功能测试阶段","正常","0","2","8","通过","向林","2026-02-06","向林","2026-02-06","2","",""
"179060","数据资产_STD(#23)","/版本迭代测试用例/v6.4.8/【规则任务配置优化】质量规则任务支持编辑分区信息(#10192)","【岚图】【规则任务配置优化】质量规则任务支持编辑分区信息(#15524)","规则任务管理❯ 二级分区 ❯ 二级分区 验证分区信息改变, 任务实例信息改变(选择已有分区 ❯ 选择动态分区)","建表语句如下:
=========================================================
-- 1. 建表语句 (DDL)
-- 表名: 岚图汽车销售双日期分区表
-- =========================================================
DROP TABLE IF EXISTS dwd_voyah_vehicle_sales_dates;
CREATE TABLE IF NOT EXISTS dwd_voyah_vehicle_sales_dates (
order_id        STRING          COMMENT &#039;销售订单号&#039;,
vin             STRING          COMMENT &#039;车辆识别代码(VIN)&#039;,
car_model       STRING          COMMENT &#039;车型名称&#039;,
guide_price     DECIMAL(20,2)   COMMENT &#039;官方指导价&#039;,
final_price     DECIMAL(20,2)   COMMENT &#039;最终成交价&#039;,
dealer_name     STRING          COMMENT &#039;交付中心&#039;,
order_status    INT             COMMENT &#039;状态: 3-已交付&#039;
)
COMMENT &#039;岚图汽车销售表-用于规则配置测试&#039;
PARTITIONED BY (
factory_date    STRING          COMMENT &#039;一级分区: 出厂日期 yyyyMMdd&#039;,
sale_date       STRING          COMMENT &#039;二级分区: 出售日期 yyyyMMdd&#039;
)
STORED AS ORC
TBLPROPERTIES (&#039;orc.compress&#039;=&#039;SNAPPY&#039;);

-- =========================================================
-- 2. 数据插入语句 (DML) - 共10条数据
-- =========================================================

-- 【场景A：正常数据】 4条
-- 出厂: 20260115 -> 出售: 20260201 (产销周期约半个月，正常)
-- 用于测试：基础的分区扫描功能
INSERT INTO TABLE dwd_voyah_vehicle_sales_dates PARTITION (factory_date=&#039;20260115&#039;, sale_date=&#039;20260201&#039;)
VALUES
(&#039;ORD_20260201_001&#039;, &#039;LTV_FREE_001&#039;, &#039;岚图FREE&#039;, 266900.00, 261900.00, &#039;武汉交付中心&#039;, 3),
(&#039;ORD_20260201_002&#039;, &#039;LTV_DREAM_002&#039;, &#039;岚图梦想家&#039;, 369900.00, 365000.00, &#039;杭州交付中心&#039;, 3),
(&#039;ORD_20260201_003&#039;, &#039;LTV_PASSION_003&#039;, &#039;岚图追光&#039;, 252800.00, 252800.00, &#039;深圳交付中心&#039;, 3),
(&#039;ORD_20260201_004&#039;, &#039;LTV_FREE_004&#039;, &#039;岚图FREE&#039;, 266900.00, 260000.00, &#039;成都交付中心&#039;, 3);

-- 【场景B：库存积压】 3条
-- 出厂: 20251220 -> 出售: 20260201 (去年生产今年卖，跨年跨月)
-- 用于测试：手动输入分区范围查询 (例如 factory_date < &#039;20260101&#039;)
INSERT INTO TABLE dwd_voyah_vehicle_sales_dates PARTITION (factory_date=&#039;20251220&#039;, sale_date=&#039;20260201&#039;)
VALUES
(&#039;ORD_20260201_005&#039;, &#039;LTV_DREAM_OLD_01&#039;, &#039;岚图梦想家&#039;, 339900.00, 330000.00, &#039;武汉交付中心&#039;, 3),
(&#039;ORD_20260201_006&#039;, &#039;LTV_FREE_OLD_02&#039;, &#039;岚图FREE&#039;, 266900.00, 250000.00, &#039;上海交付中心&#039;, 3),
(&#039;ORD_20260201_007&#039;, &#039;LTV_PASSION_OLD_03&#039;, &#039;岚图追光&#039;, 252800.00, 248000.00, &#039;北京交付中心&#039;, 3);

-- 【场景C：逻辑脏数据】 2条
-- 出厂: 20260301 -> 出售: 20260201 (出厂日期晚于出售日期，逻辑错误)
-- 用于测试：质量规则校验 (WHERE factory_date > sale_date 应该触发告警)
INSERT INTO TABLE dwd_voyah_vehicle_sales_dates PARTITION (factory_date=&#039;20260301&#039;, sale_date=&#039;20260201&#039;)
VALUES
(&#039;ORD_ERR_001&#039;, &#039;LTV_FUTURE_001&#039;, &#039;岚图FREE&#039;, 266900.00, 266900.00, &#039;广州交付中心&#039;, 3),
(&#039;ORD_ERR_002&#039;, &#039;LTV_FUTURE_002&#039;, &#039;岚图梦想家&#039;, 369900.00, 369900.00, &#039;西安交付中心&#039;, 3);

-- 【场景D：极速产销】 1条
-- 出厂: 20260201 -> 出售: 20260201 (当天生产当天卖)
-- 用于测试：边界值校验
INSERT INTO TABLE dwd_voyah_vehicle_sales_dates PARTITION (factory_date=&#039;20260201&#039;, sale_date=&#039;20260201&#039;)
VALUES
(&#039;ORD_FAST_001&#039;, &#039;LTV_SPEED_001&#039;, &#039;岚图追光&#039;, 252800.00, 252800.00, &#039;武汉交付中心&#039;, 3);

-- 【场景E：字段级异常 (脏数据)】 4条
INSERT INTO TABLE dwd_voyah_vehicle_sales_dates PARTITION (factory_date=&#039;20260202&#039;, sale_date=&#039;20260202&#039;)
VALUES
-- 1. [NULL异常]: 车型名称为 NULL
(&#039;ORD_ERR_NULL&#039;, &#039;LTV_NULL_VAL&#039;, NULL, 266900.00, 260000.00, &#039;北京交付中心&#039;, 3),
-- 2. [空串异常]: 交付中心为 Empty String (&#039;&#039;)
(&#039;ORD_ERR_EMPTY&#039;, &#039;LTV_EMPTY_STR&#039;, &#039;岚图追光&#039;, 252800.00, 252800.00, &#039;&#039;, 3),
-- 3. [数值异常]: 最终成交价为负数 (-100.00)
(&#039;ORD_ERR_NEG&#039;, &#039;LTV_NEG_PRICE&#039;, &#039;岚图梦想家&#039;, 369900.00, -100.00, &#039;成都交付中心&#039;, 3),
-- 4. [空值异常]: VIN码为纯空格 (&#039;   &#039;), 且官方指导价丢失
(&#039;ORD_ERR_BLANK&#039;, &#039;   &#039;, &#039;岚图FREE&#039;, NULL, 0.00, &#039;重庆交付中心&#039;, 3);

-- 查询已创建的分区信息
SHOW PARTITIONS dwd_voyah_vehicle_sales_dates;


SELECT * FROM dwd_voyah_vehicle_sales_dates;","1. 进入【数据资产】-【数据质量】-【规则任务管理】页面
2. 新建监控规则, 配置如下:1)监控对象: - 规则名称: rule01- 数据表: dwd_voyah_vehicle_sales_dates- 选择已有分区: factory_date=20260202/sale_date=202602022) 监控规则: 完整性校验: - 生效范围: 字段级- 字段: final_price- 统计函数: 字段取值校验- 期望值: >= 03) 调度属性:- 调度周期: 时- 生效日期: T~T+1- 间隔时间: 1小时- 其它默认- 实例生成方式: 「立即生成」
3. 运行规则任务rule01, 立即执行
4. 进入【校验结果查询】, 检查实例详情页面
5. 进入【规则任务管理】, 编辑rule01, 修改分区: 选择动态分区: factory_date/sale_date = bdp.system.bizdate , 点击数据预览
6. 后面配置不变, 保存后再次运行任务
7. 进入【校验结果查询】, 检查【运行中、等待运行】的rule01实例的详情页
8. 检查后续生成的rule01实例的详情页","1. 进入成功
2. 配置成功
3. 运行成功
4. 校验结果: 校验不通过
5. 数据预览成功: 暂无数据
6. 1) 任务运行成功2) 规则任务rule01详情页中, 分区配置变更成功
7. 实例停止运行, 实例状态依次变更: 【停止中】、【中途停止】
8. 分区配置变更成功, 变更范围:1) 表名悬浮提示中的分区配置信息2) 规则详情页中, 表级报告中的表名和分区信息后续生成的实例正常运行, 校验结果: 校验通过","1. 
2. 
3. 
4. 
5. 
6. 
7. 
8.","","2","功能测试","功能测试阶段","正常","0","1","8","通过","向林","2026-02-06","向林","2026-02-06","1","",""
"179059","数据资产_STD(#23)","/版本迭代测试用例/v6.4.8/【规则任务配置优化】质量规则任务支持编辑分区信息(#10192)","【岚图】【规则任务配置优化】质量规则任务支持编辑分区信息(#15524)","规则任务管理❯ 二级分区 ❯ 二级分区 验证分区信息不变, 任务实例信息不变","1) 已存在规则任务, 监控规则配置如下
监控对象:
- 规则名称: rule01
- 数据表: dwd_voyah_vehicle_sales_dates
- 选择已有分区: factory_date=20260202/sale_date=20260202

监控规则: 引入规则包、规则类型(完整性校验)

完整性校验:
- 生效范围: 字段级
- 字段: final_price
- 统计函数: 字段取值校验
- 期望值: >= 0

调度属性:
- 调度周期: 时
- 生效日期: T~T+1
- 间隔时间: 1小时
- 其它默认

2) 建表语句如下:
=========================================================
-- 1. 建表语句 (DDL)
-- 表名: 岚图汽车销售双日期分区表
-- 分区: factory_date (出厂日期) / sale_date (出售日期)
-- =========================================================
DROP TABLE IF EXISTS dwd_voyah_vehicle_sales_dates;
CREATE TABLE IF NOT EXISTS dwd_voyah_vehicle_sales_dates (
order_id        STRING          COMMENT &#039;销售订单号&#039;,
vin             STRING          COMMENT &#039;车辆识别代码(VIN)&#039;,
car_model       STRING          COMMENT &#039;车型名称&#039;,
guide_price     DECIMAL(20,2)   COMMENT &#039;官方指导价&#039;,
final_price     DECIMAL(20,2)   COMMENT &#039;最终成交价&#039;,
dealer_name     STRING          COMMENT &#039;交付中心&#039;,
order_status    INT             COMMENT &#039;状态: 3-已交付&#039;
)
COMMENT &#039;岚图汽车销售表-用于规则配置测试&#039;
PARTITIONED BY (
factory_date    STRING          COMMENT &#039;一级分区: 出厂日期 yyyyMMdd&#039;,
sale_date       STRING          COMMENT &#039;二级分区: 出售日期 yyyyMMdd&#039;
)
STORED AS ORC
TBLPROPERTIES (&#039;orc.compress&#039;=&#039;SNAPPY&#039;);

-- =========================================================
-- 2. 数据插入语句 (DML) - 共10条数据
-- =========================================================

-- 【场景A：正常数据】 4条
-- 出厂: 20260115 -> 出售: 20260201 (产销周期约半个月，正常)
-- 用于测试：基础的分区扫描功能
INSERT INTO TABLE dwd_voyah_vehicle_sales_dates PARTITION (factory_date=&#039;20260115&#039;, sale_date=&#039;20260201&#039;)
VALUES
(&#039;ORD_20260201_001&#039;, &#039;LTV_FREE_001&#039;, &#039;岚图FREE&#039;, 266900.00, 261900.00, &#039;武汉交付中心&#039;, 3),
(&#039;ORD_20260201_002&#039;, &#039;LTV_DREAM_002&#039;, &#039;岚图梦想家&#039;, 369900.00, 365000.00, &#039;杭州交付中心&#039;, 3),
(&#039;ORD_20260201_003&#039;, &#039;LTV_PASSION_003&#039;, &#039;岚图追光&#039;, 252800.00, 252800.00, &#039;深圳交付中心&#039;, 3),
(&#039;ORD_20260201_004&#039;, &#039;LTV_FREE_004&#039;, &#039;岚图FREE&#039;, 266900.00, 260000.00, &#039;成都交付中心&#039;, 3);

-- 【场景B：库存积压】 3条
-- 出厂: 20251220 -> 出售: 20260201 (去年生产今年卖，跨年跨月)
-- 用于测试：手动输入分区范围查询 (例如 factory_date < &#039;20260101&#039;)
INSERT INTO TABLE dwd_voyah_vehicle_sales_dates PARTITION (factory_date=&#039;20251220&#039;, sale_date=&#039;20260201&#039;)
VALUES
(&#039;ORD_20260201_005&#039;, &#039;LTV_DREAM_OLD_01&#039;, &#039;岚图梦想家&#039;, 339900.00, 330000.00, &#039;武汉交付中心&#039;, 3),
(&#039;ORD_20260201_006&#039;, &#039;LTV_FREE_OLD_02&#039;, &#039;岚图FREE&#039;, 266900.00, 250000.00, &#039;上海交付中心&#039;, 3),
(&#039;ORD_20260201_007&#039;, &#039;LTV_PASSION_OLD_03&#039;, &#039;岚图追光&#039;, 252800.00, 248000.00, &#039;北京交付中心&#039;, 3);

-- 【场景C：逻辑脏数据】 2条
-- 出厂: 20260301 -> 出售: 20260201 (出厂日期晚于出售日期，逻辑错误)
-- 用于测试：质量规则校验 (WHERE factory_date > sale_date 应该触发告警)
INSERT INTO TABLE dwd_voyah_vehicle_sales_dates PARTITION (factory_date=&#039;20260301&#039;, sale_date=&#039;20260201&#039;)
VALUES
(&#039;ORD_ERR_001&#039;, &#039;LTV_FUTURE_001&#039;, &#039;岚图FREE&#039;, 266900.00, 266900.00, &#039;广州交付中心&#039;, 3),
(&#039;ORD_ERR_002&#039;, &#039;LTV_FUTURE_002&#039;, &#039;岚图梦想家&#039;, 369900.00, 369900.00, &#039;西安交付中心&#039;, 3);

-- 【场景D：极速产销】 1条
-- 出厂: 20260201 -> 出售: 20260201 (当天生产当天卖)
-- 用于测试：边界值校验
INSERT INTO TABLE dwd_voyah_vehicle_sales_dates PARTITION (factory_date=&#039;20260201&#039;, sale_date=&#039;20260201&#039;)
VALUES
(&#039;ORD_FAST_001&#039;, &#039;LTV_SPEED_001&#039;, &#039;岚图追光&#039;, 252800.00, 252800.00, &#039;武汉交付中心&#039;, 3);

-- 【场景E：字段级异常 (脏数据)】 4条
INSERT INTO TABLE dwd_voyah_vehicle_sales_dates PARTITION (factory_date=&#039;20260202&#039;, sale_date=&#039;20260202&#039;)
VALUES
-- 1. [NULL异常]: 车型名称为 NULL
(&#039;ORD_ERR_NULL&#039;, &#039;LTV_NULL_VAL&#039;, NULL, 266900.00, 260000.00, &#039;北京交付中心&#039;, 3),
-- 2. [空串异常]: 交付中心为 Empty String (&#039;&#039;)
(&#039;ORD_ERR_EMPTY&#039;, &#039;LTV_EMPTY_STR&#039;, &#039;岚图追光&#039;, 252800.00, 252800.00, &#039;&#039;, 3),
-- 3. [数值异常]: 最终成交价为负数 (-100.00)
(&#039;ORD_ERR_NEG&#039;, &#039;LTV_NEG_PRICE&#039;, &#039;岚图梦想家&#039;, 369900.00, -100.00, &#039;成都交付中心&#039;, 3),
-- 4. [空值异常]: VIN码为纯空格 (&#039;   &#039;), 且官方指导价丢失
(&#039;ORD_ERR_BLANK&#039;, &#039;   &#039;, &#039;岚图FREE&#039;, NULL, 0.00, &#039;重庆交付中心&#039;, 3);

-- 查询已创建的分区信息
SHOW PARTITIONS dwd_voyah_vehicle_sales_dates;


SELECT * FROM dwd_voyah_vehicle_sales_dates;","1. 进入【数据资产】-【数据质量】-【规则任务管理】页面
2. 新建监控规则, 配置如下:1)监控对象: - 规则名称: rule01- 数据表: dwd_voyah_vehicle_sales_dates- 选择已有分区: factory_date=20260202/sale_date=202602022) 监控规则: 完整性校验: - 生效范围: 字段级- 字段: final_price- 统计函数: 字段取值校验- 期望值: >= 03) 调度属性:- 调度周期: 时- 生效日期: T~T+1- 间隔时间: 1小时- 其它默认- 实例生成方式: 「立即生成」
3. 运行规则任务rule01, 立即执行
4. 进入【校验结果查询】, 检查实例详情页面
5. 进入【规则任务管理】, 编辑rule01, 修改分区: 手动输入分区: factory_date=20260202/sale_date=20260202 , 点击数据预览
6. 后面配置不变, 保存后再次运行任务
7. 进入【校验结果查询】, 检查【运行中、等待运行】的rule01实例的详情页
8. 检查后续生成的rule01实例的详情页","1. 进入成功
2. 配置成功
3. 运行成功
4. 校验结果: 校验不通过
5. 数据预览成功: 3条数据
6. 1) 任务运行成功2) 规则任务rule01详情页中, 分区配置不变
7. 分区配置不变, 实例继续运行, 结果不变: 校验不通过
8. 分区配置不变, 实例继续运行, 结果依旧不变: 校验不通过","1. 
2. 
3. 
4. 
5. 
6. 
7. 
8.","","3","功能测试","功能测试阶段","正常","0","1","8","通过","向林","2026-02-06","向林","2026-02-06","1","",""
"179058","数据资产_STD(#23)","/版本迭代测试用例/v6.4.8/【规则任务配置优化】质量规则任务支持编辑分区信息(#10192)","【岚图】【规则任务配置优化】质量规则任务支持编辑分区信息(#15524)","规则任务管理❯ 一级分区 ❯ 二级分区 验证分区信息改变, 任务实例信息改变(手动输入分区 ❯ 选择动态分区)","建表语句如下:
=========================================================
-- 1. 建表语句 (DDL)
-- 表名: 岚图汽车销售双日期分区表
-- 分区: factory_date (出厂日期) / sale_date (出售日期)
-- =========================================================
DROP TABLE IF EXISTS dwd_voyah_vehicle_sales_dates;
CREATE TABLE IF NOT EXISTS dwd_voyah_vehicle_sales_dates (
order_id        STRING          COMMENT &#039;销售订单号&#039;,
vin             STRING          COMMENT &#039;车辆识别代码(VIN)&#039;,
car_model       STRING          COMMENT &#039;车型名称&#039;,
guide_price     DECIMAL(20,2)   COMMENT &#039;官方指导价&#039;,
final_price     DECIMAL(20,2)   COMMENT &#039;最终成交价&#039;,
dealer_name     STRING          COMMENT &#039;交付中心&#039;,
order_status    INT             COMMENT &#039;状态: 3-已交付&#039;
)
COMMENT &#039;岚图汽车销售表-用于规则配置测试&#039;
PARTITIONED BY (
factory_date    STRING          COMMENT &#039;一级分区: 出厂日期 yyyyMMdd&#039;,
sale_date       STRING          COMMENT &#039;二级分区: 出售日期 yyyyMMdd&#039;
)
STORED AS ORC
TBLPROPERTIES (&#039;orc.compress&#039;=&#039;SNAPPY&#039;);

-- =========================================================
-- 2. 数据插入语句 (DML) - 共10条数据
-- =========================================================

-- 【场景A：正常数据】 4条
-- 出厂: 20260115 -> 出售: 20260201 (产销周期约半个月，正常)
-- 用于测试：基础的分区扫描功能
INSERT INTO TABLE dwd_voyah_vehicle_sales_dates PARTITION (factory_date=&#039;20260115&#039;, sale_date=&#039;20260201&#039;)
VALUES
(&#039;ORD_20260201_001&#039;, &#039;LTV_FREE_001&#039;, &#039;岚图FREE&#039;, 266900.00, 261900.00, &#039;武汉交付中心&#039;, 3),
(&#039;ORD_20260201_002&#039;, &#039;LTV_DREAM_002&#039;, &#039;岚图梦想家&#039;, 369900.00, 365000.00, &#039;杭州交付中心&#039;, 3),
(&#039;ORD_20260201_003&#039;, &#039;LTV_PASSION_003&#039;, &#039;岚图追光&#039;, 252800.00, 252800.00, &#039;深圳交付中心&#039;, 3),
(&#039;ORD_20260201_004&#039;, &#039;LTV_FREE_004&#039;, &#039;岚图FREE&#039;, 266900.00, 260000.00, &#039;成都交付中心&#039;, 3);

-- 【场景B：库存积压】 3条
-- 出厂: 20251220 -> 出售: 20260201 (去年生产今年卖，跨年跨月)
-- 用于测试：手动输入分区范围查询 (例如 factory_date < &#039;20260101&#039;)
INSERT INTO TABLE dwd_voyah_vehicle_sales_dates PARTITION (factory_date=&#039;20251220&#039;, sale_date=&#039;20260201&#039;)
VALUES
(&#039;ORD_20260201_005&#039;, &#039;LTV_DREAM_OLD_01&#039;, &#039;岚图梦想家&#039;, 339900.00, 330000.00, &#039;武汉交付中心&#039;, 3),
(&#039;ORD_20260201_006&#039;, &#039;LTV_FREE_OLD_02&#039;, &#039;岚图FREE&#039;, 266900.00, 250000.00, &#039;上海交付中心&#039;, 3),
(&#039;ORD_20260201_007&#039;, &#039;LTV_PASSION_OLD_03&#039;, &#039;岚图追光&#039;, 252800.00, 248000.00, &#039;北京交付中心&#039;, 3);

-- 【场景C：逻辑脏数据】 2条
-- 出厂: 20260301 -> 出售: 20260201 (出厂日期晚于出售日期，逻辑错误)
-- 用于测试：质量规则校验 (WHERE factory_date > sale_date 应该触发告警)
INSERT INTO TABLE dwd_voyah_vehicle_sales_dates PARTITION (factory_date=&#039;20260301&#039;, sale_date=&#039;20260201&#039;)
VALUES
(&#039;ORD_ERR_001&#039;, &#039;LTV_FUTURE_001&#039;, &#039;岚图FREE&#039;, 266900.00, 266900.00, &#039;广州交付中心&#039;, 3),
(&#039;ORD_ERR_002&#039;, &#039;LTV_FUTURE_002&#039;, &#039;岚图梦想家&#039;, 369900.00, 369900.00, &#039;西安交付中心&#039;, 3);

-- 【场景D：极速产销】 1条
-- 出厂: 20260201 -> 出售: 20260201 (当天生产当天卖)
-- 用于测试：边界值校验
INSERT INTO TABLE dwd_voyah_vehicle_sales_dates PARTITION (factory_date=&#039;20260201&#039;, sale_date=&#039;20260201&#039;)
VALUES
(&#039;ORD_FAST_001&#039;, &#039;LTV_SPEED_001&#039;, &#039;岚图追光&#039;, 252800.00, 252800.00, &#039;武汉交付中心&#039;, 3);

-- 【场景E：字段级异常 (脏数据)】 4条
INSERT INTO TABLE dwd_voyah_vehicle_sales_dates PARTITION (factory_date=&#039;20260202&#039;, sale_date=&#039;20260202&#039;)
VALUES
-- 1. [NULL异常]: 车型名称为 NULL
(&#039;ORD_ERR_NULL&#039;, &#039;LTV_NULL_VAL&#039;, NULL, 266900.00, 260000.00, &#039;北京交付中心&#039;, 3),
-- 2. [空串异常]: 交付中心为 Empty String (&#039;&#039;)
(&#039;ORD_ERR_EMPTY&#039;, &#039;LTV_EMPTY_STR&#039;, &#039;岚图追光&#039;, 252800.00, 252800.00, &#039;&#039;, 3),
-- 3. [数值异常]: 最终成交价为负数 (-100.00)
(&#039;ORD_ERR_NEG&#039;, &#039;LTV_NEG_PRICE&#039;, &#039;岚图梦想家&#039;, 369900.00, -100.00, &#039;成都交付中心&#039;, 3),
-- 4. [空值异常]: VIN码为纯空格 (&#039;   &#039;), 且官方指导价丢失
(&#039;ORD_ERR_BLANK&#039;, &#039;   &#039;, &#039;岚图FREE&#039;, NULL, 0.00, &#039;重庆交付中心&#039;, 3);

-- 查询已创建的分区信息
SHOW PARTITIONS dwd_voyah_vehicle_sales_dates;


SELECT * FROM dwd_voyah_vehicle_sales_dates;","1. 进入【数据资产】-【数据质量】-【规则任务管理】页面
2. 新建监控规则, 配置如下:1) 监控对象: - 规则名称: rule01- 数据表: dwd_voyah_vehicle_sales_dates- 手动输入分区: factory_date=202602022) 监控规则: 完整性校验: - 生效范围: 字段级- 字段: final_price- 统计函数: 字段取值校验- 期望值: >= 03) 调度属性:- 调度周期: 时- 生效日期: T~T+1- 间隔时间: 1小时- 其它默认- 实例生成方式: 「立即生成」
3. 运行规则任务rule01, 立即执行
4. 进入【校验结果查询】, 检查实例详情页面
5. 进入【规则任务管理】, 编辑rule01, 修改分区: 选择动态分区: factory_date/sale_date = bdp.system.bizdate , 点击数据预览
6. 后面配置不变, 保存后再次运行任务
7. 进入【校验结果查询】, 检查【运行中、等待运行】的rule01实例的详情页
8. 检查后续生成的rule01实例的详情页","1. 进入成功
2. 配置成功
3. 运行成功
4. 校验结果: 校验不通过
5. 数据预览成功: 暂无数据
6. 1) 任务运行成功2) 规则任务rule01详情页中, 分区配置变更成功
7. 实例停止运行, 实例状态依次变更: 【停止中】、【中途停止】
8. 分区配置变更成功, 变更范围:1) 表名悬浮提示中的分区配置信息2) 规则详情页中, 表级报告中的表名和分区信息后续生成的实例正常运行, 校验结果: 校验通过","1. 
2. 
3. 
4. 
5. 
6. 
7. 
8.","","2","功能测试","功能测试阶段","正常","0","1","8","通过","向林","2026-02-06","向林","2026-02-06","1","",""
"179057","数据资产_STD(#23)","/版本迭代测试用例/v6.4.8/【规则任务配置优化】质量规则任务支持编辑分区信息(#10192)","【岚图】【规则任务配置优化】质量规则任务支持编辑分区信息(#15524)","规则任务管理❯ 一级分区 ❯ 二级分区 验证分区信息改变, 任务实例信息改变(手动输入分区 ❯ 选择已有分区)","&nbsp;建表语句如下:<br />=========================================================<br />-- 1. 建表语句 (DDL)<br />-- 表名: 岚图汽车销售双日期分区表<br />-- 分区: factory_date (出厂日期) / sale_date (出售日期)<br />-- =========================================================<br />DROP TABLE IF EXISTS dwd_voyah_vehicle_sales_dates;<br />CREATE TABLE IF NOT EXISTS dwd_voyah_vehicle_sales_dates (<br />&nbsp; &nbsp; order_id&nbsp; &nbsp; &nbsp; &nbsp; STRING&nbsp; &nbsp; &nbsp; &nbsp; &nbsp; COMMENT &#039;销售订单号&#039;,<br />&nbsp; &nbsp; vin&nbsp; &nbsp; &nbsp; &nbsp; &nbsp; &nbsp; &nbsp;STRING&nbsp; &nbsp; &nbsp; &nbsp; &nbsp; COMMENT &#039;车辆识别代码(VIN)&#039;,<br />&nbsp; &nbsp; car_model&nbsp; &nbsp; &nbsp; &nbsp;STRING&nbsp; &nbsp; &nbsp; &nbsp; &nbsp; COMMENT &#039;车型名称&#039;,<br />&nbsp; &nbsp; guide_price&nbsp; &nbsp; &nbsp;DECIMAL(20,2)&nbsp; &nbsp;COMMENT &#039;官方指导价&#039;,<br />&nbsp; &nbsp; final_price&nbsp; &nbsp; &nbsp;DECIMAL(20,2)&nbsp; &nbsp;COMMENT &#039;最终成交价&#039;,<br />&nbsp; &nbsp; dealer_name&nbsp; &nbsp; &nbsp;STRING&nbsp; &nbsp; &nbsp; &nbsp; &nbsp; COMMENT &#039;交付中心&#039;,<br />&nbsp; &nbsp; order_status&nbsp; &nbsp; INT&nbsp; &nbsp; &nbsp; &nbsp; &nbsp; &nbsp; &nbsp;COMMENT &#039;状态: 3-已交付&#039;<br />)<br />COMMENT &#039;岚图汽车销售表-用于规则配置测试&#039;<br />PARTITIONED BY (<br />&nbsp; &nbsp; factory_date&nbsp; &nbsp; STRING&nbsp; &nbsp; &nbsp; &nbsp; &nbsp; COMMENT &#039;一级分区: 出厂日期 yyyyMMdd&#039;,<br />&nbsp; &nbsp; sale_date&nbsp; &nbsp; &nbsp; &nbsp;STRING&nbsp; &nbsp; &nbsp; &nbsp; &nbsp; COMMENT &#039;二级分区: 出售日期 yyyyMMdd&#039;<br />)<br />STORED AS ORC<br />TBLPROPERTIES (&#039;orc.compress&#039;=&#039;SNAPPY&#039;);<br /><br />-- =========================================================<br />-- 2. 数据插入语句 (DML) - 共10条数据<br />-- =========================================================<br /><br />-- 【场景A：正常数据】 4条<br />-- 出厂: 20260115 -&gt; 出售: 20260201 (产销周期约半个月，正常)<br />-- 用于测试：基础的分区扫描功能<br />INSERT INTO TABLE dwd_voyah_vehicle_sales_dates PARTITION (factory_date=&#039;20260115&#039;, sale_date=&#039;20260201&#039;)<br />VALUES&nbsp;<br />(&#039;ORD_20260201_001&#039;, &#039;LTV_FREE_001&#039;, &#039;岚图FREE&#039;, 266900.00, 261900.00, &#039;武汉交付中心&#039;, 3),<br />(&#039;ORD_20260201_002&#039;, &#039;LTV_DREAM_002&#039;, &#039;岚图梦想家&#039;, 369900.00, 365000.00, &#039;杭州交付中心&#039;, 3),<br />(&#039;ORD_20260201_003&#039;, &#039;LTV_PASSION_003&#039;, &#039;岚图追光&#039;, 252800.00, 252800.00, &#039;深圳交付中心&#039;, 3),<br />(&#039;ORD_20260201_004&#039;, &#039;LTV_FREE_004&#039;, &#039;岚图FREE&#039;, 266900.00, 260000.00, &#039;成都交付中心&#039;, 3);<br /><br />-- 【场景B：库存积压】 3条<br />-- 出厂: 20251220 -&gt; 出售: 20260201 (去年生产今年卖，跨年跨月)<br />-- 用于测试：手动输入分区范围查询 (例如 factory_date &lt; &#039;20260101&#039;)<br />INSERT INTO TABLE dwd_voyah_vehicle_sales_dates PARTITION (factory_date=&#039;20251220&#039;, sale_date=&#039;20260201&#039;)<br />VALUES&nbsp;<br />(&#039;ORD_20260201_005&#039;, &#039;LTV_DREAM_OLD_01&#039;, &#039;岚图梦想家&#039;, 339900.00, 330000.00, &#039;武汉交付中心&#039;, 3),<br />(&#039;ORD_20260201_006&#039;, &#039;LTV_FREE_OLD_02&#039;, &#039;岚图FREE&#039;, 266900.00, 250000.00, &#039;上海交付中心&#039;, 3),<br />(&#039;ORD_20260201_007&#039;, &#039;LTV_PASSION_OLD_03&#039;, &#039;岚图追光&#039;, 252800.00, 248000.00, &#039;北京交付中心&#039;, 3);<br /><br />-- 【场景C：逻辑脏数据】 2条<br />-- 出厂: 20260301 -&gt; 出售: 20260201 (出厂日期晚于出售日期，逻辑错误)<br />-- 用于测试：质量规则校验 (WHERE factory_date &gt; sale_date 应该触发告警)<br />INSERT INTO TABLE dwd_voyah_vehicle_sales_dates PARTITION (factory_date=&#039;20260301&#039;, sale_date=&#039;20260201&#039;)<br />VALUES&nbsp;<br />(&#039;ORD_ERR_001&#039;, &#039;LTV_FUTURE_001&#039;, &#039;岚图FREE&#039;, 266900.00, 266900.00, &#039;广州交付中心&#039;, 3),<br />(&#039;ORD_ERR_002&#039;, &#039;LTV_FUTURE_002&#039;, &#039;岚图梦想家&#039;, 369900.00, 369900.00, &#039;西安交付中心&#039;, 3);<br /><br />-- 【场景D：极速产销】 1条<br />-- 出厂: 20260201 -&gt; 出售: 20260201 (当天生产当天卖)<br />-- 用于测试：边界值校验<br />INSERT INTO TABLE dwd_voyah_vehicle_sales_dates PARTITION (factory_date=&#039;20260201&#039;, sale_date=&#039;20260201&#039;)<br />VALUES&nbsp;<br />(&#039;ORD_FAST_001&#039;, &#039;LTV_SPEED_001&#039;, &#039;岚图追光&#039;, 252800.00, 252800.00, &#039;武汉交付中心&#039;, 3);<br /><br />-- 【场景E：字段级异常 (脏数据)】 4条<br />INSERT INTO TABLE dwd_voyah_vehicle_sales_dates PARTITION (factory_date=&#039;20260202&#039;, sale_date=&#039;20260202&#039;)<br />VALUES&nbsp;<br />-- 1. [NULL异常]: 车型名称为 NULL<br />(&#039;ORD_ERR_NULL&#039;, &#039;LTV_NULL_VAL&#039;, NULL, 266900.00, 260000.00, &#039;北京交付中心&#039;, 3),<br />-- 2. [空串异常]: 交付中心为 Empty String (&#039;&#039;)<br />(&#039;ORD_ERR_EMPTY&#039;, &#039;LTV_EMPTY_STR&#039;, &#039;岚图追光&#039;, 252800.00, 252800.00, &#039;&#039;, 3),<br />-- 3. [数值异常]: 最终成交价为负数 (-100.00)<br />(&#039;ORD_ERR_NEG&#039;, &#039;LTV_NEG_PRICE&#039;, &#039;岚图梦想家&#039;, 369900.00, -100.00, &#039;成都交付中心&#039;, 3),<br />-- 4. [空值异常]: VIN码为纯空格 (&#039;&nbsp; &nbsp;&#039;), 且官方指导价丢失<br />(&#039;ORD_ERR_BLANK&#039;, &#039;&nbsp; &nbsp;&#039;, &#039;岚图FREE&#039;, NULL, 0.00, &#039;重庆交付中心&#039;, 3);<br /><br />-- 查询已创建的分区信息<br />SHOW PARTITIONS dwd_voyah_vehicle_sales_dates;<br /><br /><br />SELECT * FROM dwd_voyah_vehicle_sales_dates;<br /><br />","1. 进入【数据资产】-【数据质量】-【规则任务管理】页面
2. 新建监控规则, 配置如下:
1) 监控对象: 
- 规则名称: rule01
- 数据表: dwd_voyah_vehicle_sales_dates
- 手动输入分区: factory_date=20260202

2) 监控规则: 

完整性校验: 
- 生效范围: 字段级
- 字段: final_price
- 统计函数: 字段取值校验
- 期望值: >= 0

3) 调度属性:
- 调度周期: 时
- 生效日期: T~T+1
- 间隔时间: 1小时
- 其它默认
- 实例生成方式: 「立即生成」
3. 运行规则任务rule01, 立即执行
4. 进入【校验结果查询】, 检查实例详情页面
5. 进入【规则任务管理】, 编辑rule01, 修改分区: 选择已有分区: factory_date=20260115/sale_date=20260201 , 点击数据预览
6. 后面配置不变, 保存后再次运行任务
7. 进入【校验结果查询】, 检查【运行中、等待运行】的rule01实例的详情页
8. 检查后续生成的rule01实例的详情页","1. 进入成功
2. 配置成功
3. 运行成功
4. 校验结果: 校验不通过
5. 数据预览成功: 3条数据
6. 1) 任务运行成功2) 规则任务rule01详情页中, 分区配置变更成功
7. 实例停止运行, 实例状态依次变更: 【停止中】、【中途停止】
8. 分区配置变更成功, 变更范围:
1) 表名悬浮提示中的分区配置信息
2) 规则详情页中, 表级报告中的表名和分区信息

后续生成的实例正常运行, 校验结果: 校验通过","1. 
2. 
3. 
4. 
5. 
6. 
7. 
8.","","1","功能测试","功能测试阶段","正常","0","2","8","通过","向林","2026-02-06","向林","2026-02-06","2","",""
"179056","数据资产_STD(#23)","/版本迭代测试用例/v6.4.8/【规则任务配置优化】质量规则任务支持编辑分区信息(#10192)","【岚图】【规则任务配置优化】质量规则任务支持编辑分区信息(#15524)","规则任务管理❯ 一级分区 ❯ 二级分区 验证分区信息改变, 任务实例信息改变(选择动态分区 ❯ 手动输入分区)","1) 选择动态分区需要额外执行DML语句:
INSERT INTO TABLE dwd_voyah_vehicle_sales_dates PARTITION (factory_date=&#039;${bdp.system.bizdate}&#039;, sale_date=&#039;${bdp.system.bizdate}&#039;)
VALUES
(&#039;ORD_ERR_NEG&#039;, &#039;LTV_NEG_PRICE&#039;, &#039;岚图梦想家&#039;, 369900.00, -200.00, &#039;成都交付中心&#039;, 3);

2) 建表语句如下:
=========================================================
-- 1. 建表语句 (DDL)
-- 表名: 岚图汽车销售双日期分区表
-- 分区: factory_date (出厂日期) / sale_date (出售日期)
-- =========================================================
DROP TABLE IF EXISTS dwd_voyah_vehicle_sales_dates;
CREATE TABLE IF NOT EXISTS dwd_voyah_vehicle_sales_dates (
order_id        STRING          COMMENT &#039;销售订单号&#039;,
vin             STRING          COMMENT &#039;车辆识别代码(VIN)&#039;,
car_model       STRING          COMMENT &#039;车型名称&#039;,
guide_price     DECIMAL(20,2)   COMMENT &#039;官方指导价&#039;,
final_price     DECIMAL(20,2)   COMMENT &#039;最终成交价&#039;,
dealer_name     STRING          COMMENT &#039;交付中心&#039;,
order_status    INT             COMMENT &#039;状态: 3-已交付&#039;
)
COMMENT &#039;岚图汽车销售表-用于规则配置测试&#039;
PARTITIONED BY (
factory_date    STRING          COMMENT &#039;一级分区: 出厂日期 yyyyMMdd&#039;,
sale_date       STRING          COMMENT &#039;二级分区: 出售日期 yyyyMMdd&#039;
)
STORED AS ORC
TBLPROPERTIES (&#039;orc.compress&#039;=&#039;SNAPPY&#039;);

-- =========================================================
-- 2. 数据插入语句 (DML) - 共10条数据
-- =========================================================

-- 【场景A：正常数据】 4条
-- 出厂: 20260115 -> 出售: 20260201 (产销周期约半个月，正常)
-- 用于测试：基础的分区扫描功能
INSERT INTO TABLE dwd_voyah_vehicle_sales_dates PARTITION (factory_date=&#039;20260115&#039;, sale_date=&#039;20260201&#039;)
VALUES
(&#039;ORD_20260201_001&#039;, &#039;LTV_FREE_001&#039;, &#039;岚图FREE&#039;, 266900.00, 261900.00, &#039;武汉交付中心&#039;, 3),
(&#039;ORD_20260201_002&#039;, &#039;LTV_DREAM_002&#039;, &#039;岚图梦想家&#039;, 369900.00, 365000.00, &#039;杭州交付中心&#039;, 3),
(&#039;ORD_20260201_003&#039;, &#039;LTV_PASSION_003&#039;, &#039;岚图追光&#039;, 252800.00, 252800.00, &#039;深圳交付中心&#039;, 3),
(&#039;ORD_20260201_004&#039;, &#039;LTV_FREE_004&#039;, &#039;岚图FREE&#039;, 266900.00, 260000.00, &#039;成都交付中心&#039;, 3);

-- 【场景B：库存积压】 3条
-- 出厂: 20251220 -> 出售: 20260201 (去年生产今年卖，跨年跨月)
-- 用于测试：手动输入分区范围查询 (例如 factory_date < &#039;20260101&#039;)
INSERT INTO TABLE dwd_voyah_vehicle_sales_dates PARTITION (factory_date=&#039;20251220&#039;, sale_date=&#039;20260201&#039;)
VALUES
(&#039;ORD_20260201_005&#039;, &#039;LTV_DREAM_OLD_01&#039;, &#039;岚图梦想家&#039;, 339900.00, 330000.00, &#039;武汉交付中心&#039;, 3),
(&#039;ORD_20260201_006&#039;, &#039;LTV_FREE_OLD_02&#039;, &#039;岚图FREE&#039;, 266900.00, 250000.00, &#039;上海交付中心&#039;, 3),
(&#039;ORD_20260201_007&#039;, &#039;LTV_PASSION_OLD_03&#039;, &#039;岚图追光&#039;, 252800.00, 248000.00, &#039;北京交付中心&#039;, 3);

-- 【场景C：逻辑脏数据】 2条
-- 出厂: 20260301 -> 出售: 20260201 (出厂日期晚于出售日期，逻辑错误)
-- 用于测试：质量规则校验 (WHERE factory_date > sale_date 应该触发告警)
INSERT INTO TABLE dwd_voyah_vehicle_sales_dates PARTITION (factory_date=&#039;20260301&#039;, sale_date=&#039;20260201&#039;)
VALUES
(&#039;ORD_ERR_001&#039;, &#039;LTV_FUTURE_001&#039;, &#039;岚图FREE&#039;, 266900.00, 266900.00, &#039;广州交付中心&#039;, 3),
(&#039;ORD_ERR_002&#039;, &#039;LTV_FUTURE_002&#039;, &#039;岚图梦想家&#039;, 369900.00, 369900.00, &#039;西安交付中心&#039;, 3);

-- 【场景D：极速产销】 1条
-- 出厂: 20260201 -> 出售: 20260201 (当天生产当天卖)
-- 用于测试：边界值校验
INSERT INTO TABLE dwd_voyah_vehicle_sales_dates PARTITION (factory_date=&#039;20260201&#039;, sale_date=&#039;20260201&#039;)
VALUES
(&#039;ORD_FAST_001&#039;, &#039;LTV_SPEED_001&#039;, &#039;岚图追光&#039;, 252800.00, 252800.00, &#039;武汉交付中心&#039;, 3);

-- 【场景E：字段级异常 (脏数据)】 4条
INSERT INTO TABLE dwd_voyah_vehicle_sales_dates PARTITION (factory_date=&#039;20260202&#039;, sale_date=&#039;20260202&#039;)
VALUES
-- 1. [NULL异常]: 车型名称为 NULL
(&#039;ORD_ERR_NULL&#039;, &#039;LTV_NULL_VAL&#039;, NULL, 266900.00, 260000.00, &#039;北京交付中心&#039;, 3),
-- 2. [空串异常]: 交付中心为 Empty String (&#039;&#039;)
(&#039;ORD_ERR_EMPTY&#039;, &#039;LTV_EMPTY_STR&#039;, &#039;岚图追光&#039;, 252800.00, 252800.00, &#039;&#039;, 3),
-- 3. [数值异常]: 最终成交价为负数 (-100.00)
(&#039;ORD_ERR_NEG&#039;, &#039;LTV_NEG_PRICE&#039;, &#039;岚图梦想家&#039;, 369900.00, -100.00, &#039;成都交付中心&#039;, 3),
-- 4. [空值异常]: VIN码为纯空格 (&#039;   &#039;), 且官方指导价丢失
(&#039;ORD_ERR_BLANK&#039;, &#039;   &#039;, &#039;岚图FREE&#039;, NULL, 0.00, &#039;重庆交付中心&#039;, 3);

-- 查询已创建的分区信息
SHOW PARTITIONS dwd_voyah_vehicle_sales_dates;


SELECT * FROM dwd_voyah_vehicle_sales_dates;","1. 进入【数据资产】-【数据质量】-【规则任务管理】页面
2. 新建监控规则, 配置如下:1) 监控对象: - 规则名称: rule01- 数据表: dwd_voyah_vehicle_sales_dates- 选择动态分区: factory_date = bdp.system.bizdate2) 监控规则: 完整性校验: - 生效范围: 字段级- 字段: final_price- 统计函数: 字段取值校验- 期望值: >= 03) 调度属性:- 调度周期: 时- 生效日期: T~T+1- 间隔时间: 1小时- 其它默认- 实例生成方式: 「立即生成」
3. 运行规则任务rule01, 立即执行
4. 进入【校验结果查询】, 检查实例详情页面
5. 进入【规则任务管理】, 编辑rule01, 修改分区: 手动输入分区: factory_date=20260115/sale_date=20260201 , 点击数据预览
6. 后面配置不变, 保存后再次运行任务
7. 进入【校验结果查询】, 检查【运行中、等待运行】的rule01实例的详情页
8. 检查后续生成的rule01实例的详情页","1. 进入成功
2. 配置成功
3. 运行成功
4. 校验结果: 校验不通过
5. 数据预览成功: 3条数据
6. 1) 任务运行成功2) 规则任务rule01详情页中, 分区配置变更成功
7. 实例停止运行, 实例状态依次变更: 【停止中】、【中途停止】
8. 分区配置变更成功, 变更范围:1) 表名悬浮提示中的分区配置信息2) 规则详情页中, 表级报告中的表名和分区信息后续生成的实例正常运行, 校验结果: 校验通过","1. 
2. 
3. 
4. 
5. 
6. 
7. 
8.","","2","功能测试","功能测试阶段","正常","0","1","8","通过","向林","2026-02-06","向林","2026-02-06","1","",""
"179055","数据资产_STD(#23)","/版本迭代测试用例/v6.4.8/【规则任务配置优化】质量规则任务支持编辑分区信息(#10192)","【岚图】【规则任务配置优化】质量规则任务支持编辑分区信息(#15524)","规则任务管理❯ 一级分区 ❯ 二级分区 验证分区信息改变, 任务实例信息改变(选择动态分区 ❯ 选择已有分区)","1)选择动态分区需要额外执行DML语句:
INSERT INTO TABLE dwd_voyah_vehicle_sales_dates PARTITION (factory_date=&#039;${bdp.system.bizdate}&#039;, sale_date=&#039;${bdp.system.bizdate}&#039;)
VALUES
(&#039;ORD_ERR_NEG&#039;, &#039;LTV_NEG_PRICE&#039;, &#039;岚图梦想家&#039;, 369900.00, -200.00, &#039;成都交付中心&#039;, 3);

2) 建表语句如下:
=========================================================
-- 1. 建表语句 (DDL)
-- 表名: 岚图汽车销售双日期分区表
-- 分区: factory_date (出厂日期) / sale_date (出售日期)
-- =========================================================
DROP TABLE IF EXISTS dwd_voyah_vehicle_sales_dates;
CREATE TABLE IF NOT EXISTS dwd_voyah_vehicle_sales_dates (
order_id        STRING          COMMENT &#039;销售订单号&#039;,
vin             STRING          COMMENT &#039;车辆识别代码(VIN)&#039;,
car_model       STRING          COMMENT &#039;车型名称&#039;,
guide_price     DECIMAL(20,2)   COMMENT &#039;官方指导价&#039;,
final_price     DECIMAL(20,2)   COMMENT &#039;最终成交价&#039;,
dealer_name     STRING          COMMENT &#039;交付中心&#039;,
order_status    INT             COMMENT &#039;状态: 3-已交付&#039;
)
COMMENT &#039;岚图汽车销售表-用于规则配置测试&#039;
PARTITIONED BY (
factory_date    STRING          COMMENT &#039;一级分区: 出厂日期 yyyyMMdd&#039;,
sale_date       STRING          COMMENT &#039;二级分区: 出售日期 yyyyMMdd&#039;
)
STORED AS ORC
TBLPROPERTIES (&#039;orc.compress&#039;=&#039;SNAPPY&#039;);

-- =========================================================
-- 2. 数据插入语句 (DML) - 共10条数据
-- =========================================================

-- 【场景A：正常数据】 4条
-- 出厂: 20260115 -> 出售: 20260201 (产销周期约半个月，正常)
-- 用于测试：基础的分区扫描功能
INSERT INTO TABLE dwd_voyah_vehicle_sales_dates PARTITION (factory_date=&#039;20260115&#039;, sale_date=&#039;20260201&#039;)
VALUES
(&#039;ORD_20260201_001&#039;, &#039;LTV_FREE_001&#039;, &#039;岚图FREE&#039;, 266900.00, 261900.00, &#039;武汉交付中心&#039;, 3),
(&#039;ORD_20260201_002&#039;, &#039;LTV_DREAM_002&#039;, &#039;岚图梦想家&#039;, 369900.00, 365000.00, &#039;杭州交付中心&#039;, 3),
(&#039;ORD_20260201_003&#039;, &#039;LTV_PASSION_003&#039;, &#039;岚图追光&#039;, 252800.00, 252800.00, &#039;深圳交付中心&#039;, 3),
(&#039;ORD_20260201_004&#039;, &#039;LTV_FREE_004&#039;, &#039;岚图FREE&#039;, 266900.00, 260000.00, &#039;成都交付中心&#039;, 3);

-- 【场景B：库存积压】 3条
-- 出厂: 20251220 -> 出售: 20260201 (去年生产今年卖，跨年跨月)
-- 用于测试：手动输入分区范围查询 (例如 factory_date < &#039;20260101&#039;)
INSERT INTO TABLE dwd_voyah_vehicle_sales_dates PARTITION (factory_date=&#039;20251220&#039;, sale_date=&#039;20260201&#039;)
VALUES
(&#039;ORD_20260201_005&#039;, &#039;LTV_DREAM_OLD_01&#039;, &#039;岚图梦想家&#039;, 339900.00, 330000.00, &#039;武汉交付中心&#039;, 3),
(&#039;ORD_20260201_006&#039;, &#039;LTV_FREE_OLD_02&#039;, &#039;岚图FREE&#039;, 266900.00, 250000.00, &#039;上海交付中心&#039;, 3),
(&#039;ORD_20260201_007&#039;, &#039;LTV_PASSION_OLD_03&#039;, &#039;岚图追光&#039;, 252800.00, 248000.00, &#039;北京交付中心&#039;, 3);

-- 【场景C：逻辑脏数据】 2条
-- 出厂: 20260301 -> 出售: 20260201 (出厂日期晚于出售日期，逻辑错误)
-- 用于测试：质量规则校验 (WHERE factory_date > sale_date 应该触发告警)
INSERT INTO TABLE dwd_voyah_vehicle_sales_dates PARTITION (factory_date=&#039;20260301&#039;, sale_date=&#039;20260201&#039;)
VALUES
(&#039;ORD_ERR_001&#039;, &#039;LTV_FUTURE_001&#039;, &#039;岚图FREE&#039;, 266900.00, 266900.00, &#039;广州交付中心&#039;, 3),
(&#039;ORD_ERR_002&#039;, &#039;LTV_FUTURE_002&#039;, &#039;岚图梦想家&#039;, 369900.00, 369900.00, &#039;西安交付中心&#039;, 3);

-- 【场景D：极速产销】 1条
-- 出厂: 20260201 -> 出售: 20260201 (当天生产当天卖)
-- 用于测试：边界值校验
INSERT INTO TABLE dwd_voyah_vehicle_sales_dates PARTITION (factory_date=&#039;20260201&#039;, sale_date=&#039;20260201&#039;)
VALUES
(&#039;ORD_FAST_001&#039;, &#039;LTV_SPEED_001&#039;, &#039;岚图追光&#039;, 252800.00, 252800.00, &#039;武汉交付中心&#039;, 3);

-- 【场景E：字段级异常 (脏数据)】 4条
INSERT INTO TABLE dwd_voyah_vehicle_sales_dates PARTITION (factory_date=&#039;20260202&#039;, sale_date=&#039;20260202&#039;)
VALUES
-- 1. [NULL异常]: 车型名称为 NULL
(&#039;ORD_ERR_NULL&#039;, &#039;LTV_NULL_VAL&#039;, NULL, 266900.00, 260000.00, &#039;北京交付中心&#039;, 3),
-- 2. [空串异常]: 交付中心为 Empty String (&#039;&#039;)
(&#039;ORD_ERR_EMPTY&#039;, &#039;LTV_EMPTY_STR&#039;, &#039;岚图追光&#039;, 252800.00, 252800.00, &#039;&#039;, 3),
-- 3. [数值异常]: 最终成交价为负数 (-100.00)
(&#039;ORD_ERR_NEG&#039;, &#039;LTV_NEG_PRICE&#039;, &#039;岚图梦想家&#039;, 369900.00, -100.00, &#039;成都交付中心&#039;, 3),
-- 4. [空值异常]: VIN码为纯空格 (&#039;   &#039;), 且官方指导价丢失
(&#039;ORD_ERR_BLANK&#039;, &#039;   &#039;, &#039;岚图FREE&#039;, NULL, 0.00, &#039;重庆交付中心&#039;, 3);

-- 查询已创建的分区信息
SHOW PARTITIONS dwd_voyah_vehicle_sales_dates;


SELECT * FROM dwd_voyah_vehicle_sales_dates;","1. 进入【数据资产】-【数据质量】-【规则任务管理】页面
2. 新建监控规则, 配置如下:1) 监控对象: - 规则名称: rule01- 数据表: dwd_voyah_vehicle_sales_dates- 选择动态分区: factory_date=202602022) 监控规则: 完整性校验: - 生效范围: 字段级- 字段: final_price- 统计函数: 字段取值校验- 期望值: >= 03) 调度属性:- 调度周期: 时- 生效日期: T~T+1- 间隔时间: 1小时- 其它默认- 实例生成方式: 「立即生成」
3. 运行规则任务rule01, 立即执行
4. 进入【校验结果查询】, 检查实例详情页面
5. 进入【规则任务管理】, 编辑rule01, 修改分区: 选择已有分区: factory_date=20260115/sale_date=20260201 , 点击数据预览
6. 后面配置不变, 保存后再次运行任务
7. 进入【校验结果查询】, 检查【运行中、等待运行】的rule01实例的详情页
8. 检查后续生成的rule01实例的详情页","1. 进入成功
2. 配置成功
3. 运行成功
4. 校验结果: 校验不通过
5. 数据预览成功: 3条数据
6. 1) 任务运行成功2) 规则任务rule01详情页中, 分区配置变更成功
7. 实例停止运行, 实例状态依次变更: 【停止中】、【中途停止】
8. 分区配置变更成功, 变更范围:1) 表名悬浮提示中的分区配置信息2) 规则详情页中, 表级报告中的表名和分区信息后续生成的实例正常运行, 校验结果: 校验通过","1. 
2. 
3. 
4. 
5. 
6. 
7. 
8.","","2","功能测试","功能测试阶段","正常","0","1","8","通过","向林","2026-02-06","向林","2026-02-06","1","",""
"179054","数据资产_STD(#23)","/版本迭代测试用例/v6.4.8/【规则任务配置优化】质量规则任务支持编辑分区信息(#10192)","【岚图】【规则任务配置优化】质量规则任务支持编辑分区信息(#15524)","规则任务管理❯ 一级分区 ❯ 二级分区 验证分区信息改变, 任务实例信息改变(选择已有分区 ❯ 手动输入分区)","建表语句如下:
=========================================================
-- 1. 建表语句 (DDL)
-- 表名: 岚图汽车销售双日期分区表
-- 分区: factory_date (出厂日期) / sale_date (出售日期)
-- =========================================================
DROP TABLE IF EXISTS dwd_voyah_vehicle_sales_dates;
CREATE TABLE IF NOT EXISTS dwd_voyah_vehicle_sales_dates (
order_id        STRING          COMMENT &#039;销售订单号&#039;,
vin             STRING          COMMENT &#039;车辆识别代码(VIN)&#039;,
car_model       STRING          COMMENT &#039;车型名称&#039;,
guide_price     DECIMAL(20,2)   COMMENT &#039;官方指导价&#039;,
final_price     DECIMAL(20,2)   COMMENT &#039;最终成交价&#039;,
dealer_name     STRING          COMMENT &#039;交付中心&#039;,
order_status    INT             COMMENT &#039;状态: 3-已交付&#039;
)
COMMENT &#039;岚图汽车销售表-用于规则配置测试&#039;
PARTITIONED BY (
factory_date    STRING          COMMENT &#039;一级分区: 出厂日期 yyyyMMdd&#039;,
sale_date       STRING          COMMENT &#039;二级分区: 出售日期 yyyyMMdd&#039;
)
STORED AS ORC
TBLPROPERTIES (&#039;orc.compress&#039;=&#039;SNAPPY&#039;);

-- =========================================================
-- 2. 数据插入语句 (DML) - 共10条数据
-- =========================================================

-- 【场景A：正常数据】 4条
-- 出厂: 20260115 -> 出售: 20260201 (产销周期约半个月，正常)
-- 用于测试：基础的分区扫描功能
INSERT INTO TABLE dwd_voyah_vehicle_sales_dates PARTITION (factory_date=&#039;20260115&#039;, sale_date=&#039;20260201&#039;)
VALUES
(&#039;ORD_20260201_001&#039;, &#039;LTV_FREE_001&#039;, &#039;岚图FREE&#039;, 266900.00, 261900.00, &#039;武汉交付中心&#039;, 3),
(&#039;ORD_20260201_002&#039;, &#039;LTV_DREAM_002&#039;, &#039;岚图梦想家&#039;, 369900.00, 365000.00, &#039;杭州交付中心&#039;, 3),
(&#039;ORD_20260201_003&#039;, &#039;LTV_PASSION_003&#039;, &#039;岚图追光&#039;, 252800.00, 252800.00, &#039;深圳交付中心&#039;, 3),
(&#039;ORD_20260201_004&#039;, &#039;LTV_FREE_004&#039;, &#039;岚图FREE&#039;, 266900.00, 260000.00, &#039;成都交付中心&#039;, 3);

-- 【场景B：库存积压】 3条
-- 出厂: 20251220 -> 出售: 20260201 (去年生产今年卖，跨年跨月)
-- 用于测试：手动输入分区范围查询 (例如 factory_date < &#039;20260101&#039;)
INSERT INTO TABLE dwd_voyah_vehicle_sales_dates PARTITION (factory_date=&#039;20251220&#039;, sale_date=&#039;20260201&#039;)
VALUES
(&#039;ORD_20260201_005&#039;, &#039;LTV_DREAM_OLD_01&#039;, &#039;岚图梦想家&#039;, 339900.00, 330000.00, &#039;武汉交付中心&#039;, 3),
(&#039;ORD_20260201_006&#039;, &#039;LTV_FREE_OLD_02&#039;, &#039;岚图FREE&#039;, 266900.00, 250000.00, &#039;上海交付中心&#039;, 3),
(&#039;ORD_20260201_007&#039;, &#039;LTV_PASSION_OLD_03&#039;, &#039;岚图追光&#039;, 252800.00, 248000.00, &#039;北京交付中心&#039;, 3);

-- 【场景C：逻辑脏数据】 2条
-- 出厂: 20260301 -> 出售: 20260201 (出厂日期晚于出售日期，逻辑错误)
-- 用于测试：质量规则校验 (WHERE factory_date > sale_date 应该触发告警)
INSERT INTO TABLE dwd_voyah_vehicle_sales_dates PARTITION (factory_date=&#039;20260301&#039;, sale_date=&#039;20260201&#039;)
VALUES
(&#039;ORD_ERR_001&#039;, &#039;LTV_FUTURE_001&#039;, &#039;岚图FREE&#039;, 266900.00, 266900.00, &#039;广州交付中心&#039;, 3),
(&#039;ORD_ERR_002&#039;, &#039;LTV_FUTURE_002&#039;, &#039;岚图梦想家&#039;, 369900.00, 369900.00, &#039;西安交付中心&#039;, 3);

-- 【场景D：极速产销】 1条
-- 出厂: 20260201 -> 出售: 20260201 (当天生产当天卖)
-- 用于测试：边界值校验
INSERT INTO TABLE dwd_voyah_vehicle_sales_dates PARTITION (factory_date=&#039;20260201&#039;, sale_date=&#039;20260201&#039;)
VALUES
(&#039;ORD_FAST_001&#039;, &#039;LTV_SPEED_001&#039;, &#039;岚图追光&#039;, 252800.00, 252800.00, &#039;武汉交付中心&#039;, 3);

-- 【场景E：字段级异常 (脏数据)】 4条
INSERT INTO TABLE dwd_voyah_vehicle_sales_dates PARTITION (factory_date=&#039;20260202&#039;, sale_date=&#039;20260202&#039;)
VALUES
-- 1. [NULL异常]: 车型名称为 NULL
(&#039;ORD_ERR_NULL&#039;, &#039;LTV_NULL_VAL&#039;, NULL, 266900.00, 260000.00, &#039;北京交付中心&#039;, 3),
-- 2. [空串异常]: 交付中心为 Empty String (&#039;&#039;)
(&#039;ORD_ERR_EMPTY&#039;, &#039;LTV_EMPTY_STR&#039;, &#039;岚图追光&#039;, 252800.00, 252800.00, &#039;&#039;, 3),
-- 3. [数值异常]: 最终成交价为负数 (-100.00)
(&#039;ORD_ERR_NEG&#039;, &#039;LTV_NEG_PRICE&#039;, &#039;岚图梦想家&#039;, 369900.00, -100.00, &#039;成都交付中心&#039;, 3),
-- 4. [空值异常]: VIN码为纯空格 (&#039;   &#039;), 且官方指导价丢失
(&#039;ORD_ERR_BLANK&#039;, &#039;   &#039;, &#039;岚图FREE&#039;, NULL, 0.00, &#039;重庆交付中心&#039;, 3);

-- 查询已创建的分区信息
SHOW PARTITIONS dwd_voyah_vehicle_sales_dates;


SELECT * FROM dwd_voyah_vehicle_sales_dates;","1. 进入【数据资产】-【数据质量】-【规则任务管理】页面
2. 新建监控规则, 配置如下:1) 监控对象: - 规则名称: rule01- 数据表: dwd_voyah_vehicle_sales_dates- 选择已有分区: factory_date=202602022) 监控规则: 完整性校验: - 生效范围: 字段级- 字段: final_price- 统计函数: 字段取值校验- 期望值: >= 03) 调度属性:- 调度周期: 时- 生效日期: T~T+1- 间隔时间: 1小时- 其它默认- 实例生成方式: 「立即生成」
3. 运行规则任务rule01, 立即执行
4. 进入【校验结果查询】, 检查实例详情页面
5. 进入【规则任务管理】, 编辑rule01, 修改分区: 手动输入分区: factory_date=20260115/sale_date=20260201 , 点击数据预览
6. 后面配置不变, 保存后再次运行任务
7. 进入【校验结果查询】, 检查【运行中、等待运行】的rule01实例的详情页
8. 检查后续生成的rule01实例的详情页","1. 进入成功
2. 配置成功
3. 运行成功
4. 校验结果: 校验不通过
5. 数据预览成功: 3条数据
6. 1) 任务运行成功2) 规则任务rule01详情页中, 分区配置变更成功
7. 实例停止运行, 实例状态依次变更: 【停止中】、【中途停止】
8. 分区配置变更成功, 变更范围:1) 表名悬浮提示中的分区配置信息2) 规则详情页中, 表级报告中的表名和分区信息后续生成的实例正常运行, 校验结果: 校验通过","1. 
2. 
3. 
4. 
5. 
6. 
7. 
8.","","2","功能测试","功能测试阶段","正常","0","1","8","通过","向林","2026-02-06","向林","2026-02-06","1","",""
"179053","数据资产_STD(#23)","/版本迭代测试用例/v6.4.8/【规则任务配置优化】质量规则任务支持编辑分区信息(#10192)","【岚图】【规则任务配置优化】质量规则任务支持编辑分区信息(#15524)","规则任务管理❯ 一级分区 ❯ 二级分区 验证分区信息改变, 任务实例信息改变(选择已有分区 ❯ 选择动态分区)","建表语句如下:<br />=========================================================<br />-- 1. 建表语句 (DDL)<br />-- 表名: 岚图汽车销售双日期分区表<br />-- 分区: factory_date (出厂日期) / sale_date (出售日期)<br />-- =========================================================<br />DROP TABLE IF EXISTS dwd_voyah_vehicle_sales_dates;<br />CREATE TABLE IF NOT EXISTS dwd_voyah_vehicle_sales_dates (<br />&nbsp; &nbsp; order_id&nbsp; &nbsp; &nbsp; &nbsp; STRING&nbsp; &nbsp; &nbsp; &nbsp; &nbsp; COMMENT &#039;销售订单号&#039;,<br />&nbsp; &nbsp; vin&nbsp; &nbsp; &nbsp; &nbsp; &nbsp; &nbsp; &nbsp;STRING&nbsp; &nbsp; &nbsp; &nbsp; &nbsp; COMMENT &#039;车辆识别代码(VIN)&#039;,<br />&nbsp; &nbsp; car_model&nbsp; &nbsp; &nbsp; &nbsp;STRING&nbsp; &nbsp; &nbsp; &nbsp; &nbsp; COMMENT &#039;车型名称&#039;,<br />&nbsp; &nbsp; guide_price&nbsp; &nbsp; &nbsp;DECIMAL(20,2)&nbsp; &nbsp;COMMENT &#039;官方指导价&#039;,<br />&nbsp; &nbsp; final_price&nbsp; &nbsp; &nbsp;DECIMAL(20,2)&nbsp; &nbsp;COMMENT &#039;最终成交价&#039;,<br />&nbsp; &nbsp; dealer_name&nbsp; &nbsp; &nbsp;STRING&nbsp; &nbsp; &nbsp; &nbsp; &nbsp; COMMENT &#039;交付中心&#039;,<br />&nbsp; &nbsp; order_status&nbsp; &nbsp; INT&nbsp; &nbsp; &nbsp; &nbsp; &nbsp; &nbsp; &nbsp;COMMENT &#039;状态: 3-已交付&#039;<br />)<br />COMMENT &#039;岚图汽车销售表-用于规则配置测试&#039;<br />PARTITIONED BY (<br />&nbsp; &nbsp; factory_date&nbsp; &nbsp; STRING&nbsp; &nbsp; &nbsp; &nbsp; &nbsp; COMMENT &#039;一级分区: 出厂日期 yyyyMMdd&#039;,<br />&nbsp; &nbsp; sale_date&nbsp; &nbsp; &nbsp; &nbsp;STRING&nbsp; &nbsp; &nbsp; &nbsp; &nbsp; COMMENT &#039;二级分区: 出售日期 yyyyMMdd&#039;<br />)<br />STORED AS ORC<br />TBLPROPERTIES (&#039;orc.compress&#039;=&#039;SNAPPY&#039;);<br /><br />-- =========================================================<br />-- 2. 数据插入语句 (DML) - 共10条数据<br />-- =========================================================<br /><br />-- 【场景A：正常数据】 4条<br />-- 出厂: 20260115 -&gt; 出售: 20260201 (产销周期约半个月，正常)<br />-- 用于测试：基础的分区扫描功能<br />INSERT INTO TABLE dwd_voyah_vehicle_sales_dates PARTITION (factory_date=&#039;20260115&#039;, sale_date=&#039;20260201&#039;)<br />VALUES&nbsp;<br />(&#039;ORD_20260201_001&#039;, &#039;LTV_FREE_001&#039;, &#039;岚图FREE&#039;, 266900.00, 261900.00, &#039;武汉交付中心&#039;, 3),<br />(&#039;ORD_20260201_002&#039;, &#039;LTV_DREAM_002&#039;, &#039;岚图梦想家&#039;, 369900.00, 365000.00, &#039;杭州交付中心&#039;, 3),<br />(&#039;ORD_20260201_003&#039;, &#039;LTV_PASSION_003&#039;, &#039;岚图追光&#039;, 252800.00, 252800.00, &#039;深圳交付中心&#039;, 3),<br />(&#039;ORD_20260201_004&#039;, &#039;LTV_FREE_004&#039;, &#039;岚图FREE&#039;, 266900.00, 260000.00, &#039;成都交付中心&#039;, 3);<br /><br />-- 【场景B：库存积压】 3条<br />-- 出厂: 20251220 -&gt; 出售: 20260201 (去年生产今年卖，跨年跨月)<br />-- 用于测试：手动输入分区范围查询 (例如 factory_date &lt; &#039;20260101&#039;)<br />INSERT INTO TABLE dwd_voyah_vehicle_sales_dates PARTITION (factory_date=&#039;20251220&#039;, sale_date=&#039;20260201&#039;)<br />VALUES&nbsp;<br />(&#039;ORD_20260201_005&#039;, &#039;LTV_DREAM_OLD_01&#039;, &#039;岚图梦想家&#039;, 339900.00, 330000.00, &#039;武汉交付中心&#039;, 3),<br />(&#039;ORD_20260201_006&#039;, &#039;LTV_FREE_OLD_02&#039;, &#039;岚图FREE&#039;, 266900.00, 250000.00, &#039;上海交付中心&#039;, 3),<br />(&#039;ORD_20260201_007&#039;, &#039;LTV_PASSION_OLD_03&#039;, &#039;岚图追光&#039;, 252800.00, 248000.00, &#039;北京交付中心&#039;, 3);<br /><br />-- 【场景C：逻辑脏数据】 2条<br />-- 出厂: 20260301 -&gt; 出售: 20260201 (出厂日期晚于出售日期，逻辑错误)<br />-- 用于测试：质量规则校验 (WHERE factory_date &gt; sale_date 应该触发告警)<br />INSERT INTO TABLE dwd_voyah_vehicle_sales_dates PARTITION (factory_date=&#039;20260301&#039;, sale_date=&#039;20260201&#039;)<br />VALUES&nbsp;<br />(&#039;ORD_ERR_001&#039;, &#039;LTV_FUTURE_001&#039;, &#039;岚图FREE&#039;, 266900.00, 266900.00, &#039;广州交付中心&#039;, 3),<br />(&#039;ORD_ERR_002&#039;, &#039;LTV_FUTURE_002&#039;, &#039;岚图梦想家&#039;, 369900.00, 369900.00, &#039;西安交付中心&#039;, 3);<br /><br />-- 【场景D：极速产销】 1条<br />-- 出厂: 20260201 -&gt; 出售: 20260201 (当天生产当天卖)<br />-- 用于测试：边界值校验<br />INSERT INTO TABLE dwd_voyah_vehicle_sales_dates PARTITION (factory_date=&#039;20260201&#039;, sale_date=&#039;20260201&#039;)<br />VALUES&nbsp;<br />(&#039;ORD_FAST_001&#039;, &#039;LTV_SPEED_001&#039;, &#039;岚图追光&#039;, 252800.00, 252800.00, &#039;武汉交付中心&#039;, 3);<br /><br />-- 【场景E：字段级异常 (脏数据)】 4条<br />INSERT INTO TABLE dwd_voyah_vehicle_sales_dates PARTITION (factory_date=&#039;20260202&#039;, sale_date=&#039;20260202&#039;)<br />VALUES&nbsp;<br />-- 1. [NULL异常]: 车型名称为 NULL<br />(&#039;ORD_ERR_NULL&#039;, &#039;LTV_NULL_VAL&#039;, NULL, 266900.00, 260000.00, &#039;北京交付中心&#039;, 3),<br />-- 2. [空串异常]: 交付中心为 Empty String (&#039;&#039;)<br />(&#039;ORD_ERR_EMPTY&#039;, &#039;LTV_EMPTY_STR&#039;, &#039;岚图追光&#039;, 252800.00, 252800.00, &#039;&#039;, 3),<br />-- 3. [数值异常]: 最终成交价为负数 (-100.00)<br />(&#039;ORD_ERR_NEG&#039;, &#039;LTV_NEG_PRICE&#039;, &#039;岚图梦想家&#039;, 369900.00, -100.00, &#039;成都交付中心&#039;, 3),<br />-- 4. [空值异常]: VIN码为纯空格 (&#039;&nbsp; &nbsp;&#039;), 且官方指导价丢失<br />(&#039;ORD_ERR_BLANK&#039;, &#039;&nbsp; &nbsp;&#039;, &#039;岚图FREE&#039;, NULL, 0.00, &#039;重庆交付中心&#039;, 3);<br /><br />-- 查询已创建的分区信息<br />SHOW PARTITIONS dwd_voyah_vehicle_sales_dates;<br /><br /><br />SELECT * FROM dwd_voyah_vehicle_sales_dates;<br /><br />","1. 进入【数据资产】-【数据质量】-【规则任务管理】页面
2. 新建监控规则, 配置如下:
1) 监控对象: 
- 规则名称: rule01
- 数据表: dwd_voyah_vehicle_sales_dates
- 选择已有分区: factory_date=20260202

2) 监控规则: 

完整性校验: 
- 生效范围: 字段级
- 字段: final_price
- 统计函数: 字段取值校验
- 期望值: >= 0

3) 调度属性:
- 调度周期: 时
- 生效日期: T~T+1
- 间隔时间: 1小时
- 其它默认
- 实例生成方式: 「立即生成」
3. 运行规则任务rule01, 立即执行
4. 进入【校验结果查询】, 检查实例详情页面
5. 进入【规则任务管理】, 编辑rule01, 修改分区: 选择动态分区: factory_date/sale_date = bdp.system.bizdate , 点击数据预览
6. 后面配置不变, 保存后再次运行任务
7. 进入【校验结果查询】, 检查【运行中、等待运行】的rule01实例的详情页
8. 检查后续生成的rule01实例的详情页","1. 进入成功
2. 配置成功
3. 运行成功
4. 校验结果: 校验不通过
5. 数据预览成功: 暂无数据
6. 1) 任务运行成功2) 规则任务rule01详情页中, 分区配置变更成功
7. 实例停止运行, 实例状态依次变更: 【停止中】、【中途停止】
8. 分区配置变更成功, 变更范围:
1) 表名悬浮提示中的分区配置信息
2) 规则详情页中, 表级报告中的表名和分区信息

后续生成的实例正常运行, 校验结果: 校验通过","1. 
2. 
3. 
4. 
5. 
6. 
7. 
8.","","1","功能测试","功能测试阶段","正常","0","1","8","通过","向林","2026-02-06","向林","2026-02-06","2","",""
"179052","数据资产_STD(#23)","/版本迭代测试用例/v6.4.8/【规则任务配置优化】质量规则任务支持编辑分区信息(#10192)","【岚图】【规则任务配置优化】质量规则任务支持编辑分区信息(#15524)","规则任务管理❯ 一级分区 ❯ 二级分区 验证分区信息不变, 任务实例信息不变","建表语句如下:
=========================================================
-- 1. 建表语句 (DDL)
-- 表名: 岚图汽车销售双日期分区表
-- 分区: factory_date (出厂日期) / sale_date (出售日期)
-- =========================================================
DROP TABLE IF EXISTS dwd_voyah_vehicle_sales_dates;
CREATE TABLE IF NOT EXISTS dwd_voyah_vehicle_sales_dates (
order_id        STRING          COMMENT &#039;销售订单号&#039;,
vin             STRING          COMMENT &#039;车辆识别代码(VIN)&#039;,
car_model       STRING          COMMENT &#039;车型名称&#039;,
guide_price     DECIMAL(20,2)   COMMENT &#039;官方指导价&#039;,
final_price     DECIMAL(20,2)   COMMENT &#039;最终成交价&#039;,
dealer_name     STRING          COMMENT &#039;交付中心&#039;,
order_status    INT             COMMENT &#039;状态: 3-已交付&#039;
)
COMMENT &#039;岚图汽车销售表-用于规则配置测试&#039;
PARTITIONED BY (
factory_date    STRING          COMMENT &#039;一级分区: 出厂日期 yyyyMMdd&#039;,
sale_date       STRING          COMMENT &#039;二级分区: 出售日期 yyyyMMdd&#039;
)
STORED AS ORC
TBLPROPERTIES (&#039;orc.compress&#039;=&#039;SNAPPY&#039;);

-- =========================================================
-- 2. 数据插入语句 (DML) - 共10条数据
-- =========================================================

-- 【场景A：正常数据】 4条
-- 出厂: 20260115 -> 出售: 20260201 (产销周期约半个月，正常)
-- 用于测试：基础的分区扫描功能
INSERT INTO TABLE dwd_voyah_vehicle_sales_dates PARTITION (factory_date=&#039;20260115&#039;, sale_date=&#039;20260201&#039;)
VALUES
(&#039;ORD_20260201_001&#039;, &#039;LTV_FREE_001&#039;, &#039;岚图FREE&#039;, 266900.00, 261900.00, &#039;武汉交付中心&#039;, 3),
(&#039;ORD_20260201_002&#039;, &#039;LTV_DREAM_002&#039;, &#039;岚图梦想家&#039;, 369900.00, 365000.00, &#039;杭州交付中心&#039;, 3),
(&#039;ORD_20260201_003&#039;, &#039;LTV_PASSION_003&#039;, &#039;岚图追光&#039;, 252800.00, 252800.00, &#039;深圳交付中心&#039;, 3),
(&#039;ORD_20260201_004&#039;, &#039;LTV_FREE_004&#039;, &#039;岚图FREE&#039;, 266900.00, 260000.00, &#039;成都交付中心&#039;, 3);

-- 【场景B：库存积压】 3条
-- 出厂: 20251220 -> 出售: 20260201 (去年生产今年卖，跨年跨月)
-- 用于测试：手动输入分区范围查询 (例如 factory_date < &#039;20260101&#039;)
INSERT INTO TABLE dwd_voyah_vehicle_sales_dates PARTITION (factory_date=&#039;20251220&#039;, sale_date=&#039;20260201&#039;)
VALUES
(&#039;ORD_20260201_005&#039;, &#039;LTV_DREAM_OLD_01&#039;, &#039;岚图梦想家&#039;, 339900.00, 330000.00, &#039;武汉交付中心&#039;, 3),
(&#039;ORD_20260201_006&#039;, &#039;LTV_FREE_OLD_02&#039;, &#039;岚图FREE&#039;, 266900.00, 250000.00, &#039;上海交付中心&#039;, 3),
(&#039;ORD_20260201_007&#039;, &#039;LTV_PASSION_OLD_03&#039;, &#039;岚图追光&#039;, 252800.00, 248000.00, &#039;北京交付中心&#039;, 3);

-- 【场景C：逻辑脏数据】 2条
-- 出厂: 20260301 -> 出售: 20260201 (出厂日期晚于出售日期，逻辑错误)
-- 用于测试：质量规则校验 (WHERE factory_date > sale_date 应该触发告警)
INSERT INTO TABLE dwd_voyah_vehicle_sales_dates PARTITION (factory_date=&#039;20260301&#039;, sale_date=&#039;20260201&#039;)
VALUES
(&#039;ORD_ERR_001&#039;, &#039;LTV_FUTURE_001&#039;, &#039;岚图FREE&#039;, 266900.00, 266900.00, &#039;广州交付中心&#039;, 3),
(&#039;ORD_ERR_002&#039;, &#039;LTV_FUTURE_002&#039;, &#039;岚图梦想家&#039;, 369900.00, 369900.00, &#039;西安交付中心&#039;, 3);

-- 【场景D：极速产销】 1条
-- 出厂: 20260201 -> 出售: 20260201 (当天生产当天卖)
-- 用于测试：边界值校验
INSERT INTO TABLE dwd_voyah_vehicle_sales_dates PARTITION (factory_date=&#039;20260201&#039;, sale_date=&#039;20260201&#039;)
VALUES
(&#039;ORD_FAST_001&#039;, &#039;LTV_SPEED_001&#039;, &#039;岚图追光&#039;, 252800.00, 252800.00, &#039;武汉交付中心&#039;, 3);

-- 【场景E：字段级异常 (脏数据)】 4条
INSERT INTO TABLE dwd_voyah_vehicle_sales_dates PARTITION (factory_date=&#039;20260202&#039;, sale_date=&#039;20260202&#039;)
VALUES
-- 1. [NULL异常]: 车型名称为 NULL
(&#039;ORD_ERR_NULL&#039;, &#039;LTV_NULL_VAL&#039;, NULL, 266900.00, 260000.00, &#039;北京交付中心&#039;, 3),
-- 2. [空串异常]: 交付中心为 Empty String (&#039;&#039;)
(&#039;ORD_ERR_EMPTY&#039;, &#039;LTV_EMPTY_STR&#039;, &#039;岚图追光&#039;, 252800.00, 252800.00, &#039;&#039;, 3),
-- 3. [数值异常]: 最终成交价为负数 (-100.00)
(&#039;ORD_ERR_NEG&#039;, &#039;LTV_NEG_PRICE&#039;, &#039;岚图梦想家&#039;, 369900.00, -100.00, &#039;成都交付中心&#039;, 3),
-- 4. [空值异常]: VIN码为纯空格 (&#039;   &#039;), 且官方指导价丢失
(&#039;ORD_ERR_BLANK&#039;, &#039;   &#039;, &#039;岚图FREE&#039;, NULL, 0.00, &#039;重庆交付中心&#039;, 3);

-- 查询已创建的分区信息
SHOW PARTITIONS dwd_voyah_vehicle_sales_dates;


SELECT * FROM dwd_voyah_vehicle_sales_dates;","1. 进入【数据资产】-【数据质量】-【规则任务管理】页面
2. 新建监控规则, 配置如下:1) 监控对象: - 规则名称: rule01- 数据表: dwd_voyah_vehicle_sales_dates- 选择已有分区: factory_date=202602022) 监控规则: 完整性校验: - 生效范围: 字段级- 字段: final_price- 统计函数: 字段取值校验- 期望值: >= 03) 调度属性:- 调度周期: 时- 生效日期: T~T+1- 间隔时间: 1小时- 其它默认- 实例生成方式: 「立即生成」
3. 运行规则任务rule01, 立即执行
4. 进入【校验结果查询】, 检查实例详情页面
5. 进入【规则任务管理】, 编辑rule01, 修改分区: 手动输入分区: factory_date=20260202/sale_date=20260202 , 点击数据预览
6. 后面配置不变, 保存后再次运行任务
7. 进入【校验结果查询】, 检查【运行中、等待运行】的rule01实例的详情页
8. 检查后续生成的rule01实例的详情页","1. 进入成功
2. 配置成功
3. 运行成功
4. 校验结果: 校验不通过
5. 数据预览成功: 3条数据
6. 1) 任务运行成功2) 规则任务rule01详情页中, 分区配置不变
7. 实例停止运行, 实例状态依次变更: 【停止中】、【中途停止】
8. 分区配置变更成功, 变更范围:1) 表名悬浮提示中的分区配置信息2) 规则详情页中, 表级报告中的表名和分区信息后续生成的实例正常运行, 校验结果: 校验不通过","1. 
2. 
3. 
4. 
5. 
6. 
7. 
8.","","3","功能测试","功能测试阶段","正常","0","1","8","通过","向林","2026-02-06","向林","2026-02-06","1","",""
"179051","数据资产_STD(#23)","/版本迭代测试用例/v6.4.8/【规则任务配置优化】质量规则任务支持编辑分区信息(#10192)","【岚图】【规则任务配置优化】质量规则任务支持编辑分区信息(#15524)","规则任务管理❯ 一级分区 ❯ 一级分区 验证分区信息改变, 任务实例信息改变(手动输入分区 ❯ 选择动态分区)","建表语句如下:
=========================================================
-- 1. 建表语句 (DDL)
-- 表名: 岚图汽车销售双日期分区表
-- 分区: factory_date (出厂日期) / sale_date (出售日期)
-- =========================================================
DROP TABLE IF EXISTS dwd_voyah_vehicle_sales_dates;
CREATE TABLE IF NOT EXISTS dwd_voyah_vehicle_sales_dates (
order_id        STRING          COMMENT &#039;销售订单号&#039;,
vin             STRING          COMMENT &#039;车辆识别代码(VIN)&#039;,
car_model       STRING          COMMENT &#039;车型名称&#039;,
guide_price     DECIMAL(20,2)   COMMENT &#039;官方指导价&#039;,
final_price     DECIMAL(20,2)   COMMENT &#039;最终成交价&#039;,
dealer_name     STRING          COMMENT &#039;交付中心&#039;,
order_status    INT             COMMENT &#039;状态: 3-已交付&#039;
)
COMMENT &#039;岚图汽车销售表-用于规则配置测试&#039;
PARTITIONED BY (
factory_date    STRING          COMMENT &#039;一级分区: 出厂日期 yyyyMMdd&#039;,
sale_date       STRING          COMMENT &#039;二级分区: 出售日期 yyyyMMdd&#039;
)
STORED AS ORC
TBLPROPERTIES (&#039;orc.compress&#039;=&#039;SNAPPY&#039;);

-- =========================================================
-- 2. 数据插入语句 (DML) - 共10条数据
-- =========================================================

-- 【场景A：正常数据】 4条
-- 出厂: 20260115 -> 出售: 20260201 (产销周期约半个月，正常)
-- 用于测试：基础的分区扫描功能
INSERT INTO TABLE dwd_voyah_vehicle_sales_dates PARTITION (factory_date=&#039;20260115&#039;, sale_date=&#039;20260201&#039;)
VALUES
(&#039;ORD_20260201_001&#039;, &#039;LTV_FREE_001&#039;, &#039;岚图FREE&#039;, 266900.00, 261900.00, &#039;武汉交付中心&#039;, 3),
(&#039;ORD_20260201_002&#039;, &#039;LTV_DREAM_002&#039;, &#039;岚图梦想家&#039;, 369900.00, 365000.00, &#039;杭州交付中心&#039;, 3),
(&#039;ORD_20260201_003&#039;, &#039;LTV_PASSION_003&#039;, &#039;岚图追光&#039;, 252800.00, 252800.00, &#039;深圳交付中心&#039;, 3),
(&#039;ORD_20260201_004&#039;, &#039;LTV_FREE_004&#039;, &#039;岚图FREE&#039;, 266900.00, 260000.00, &#039;成都交付中心&#039;, 3);

-- 【场景B：库存积压】 3条
-- 出厂: 20251220 -> 出售: 20260201 (去年生产今年卖，跨年跨月)
-- 用于测试：手动输入分区范围查询 (例如 factory_date < &#039;20260101&#039;)
INSERT INTO TABLE dwd_voyah_vehicle_sales_dates PARTITION (factory_date=&#039;20251220&#039;, sale_date=&#039;20260201&#039;)
VALUES
(&#039;ORD_20260201_005&#039;, &#039;LTV_DREAM_OLD_01&#039;, &#039;岚图梦想家&#039;, 339900.00, 330000.00, &#039;武汉交付中心&#039;, 3),
(&#039;ORD_20260201_006&#039;, &#039;LTV_FREE_OLD_02&#039;, &#039;岚图FREE&#039;, 266900.00, 250000.00, &#039;上海交付中心&#039;, 3),
(&#039;ORD_20260201_007&#039;, &#039;LTV_PASSION_OLD_03&#039;, &#039;岚图追光&#039;, 252800.00, 248000.00, &#039;北京交付中心&#039;, 3);

-- 【场景C：逻辑脏数据】 2条
-- 出厂: 20260301 -> 出售: 20260201 (出厂日期晚于出售日期，逻辑错误)
-- 用于测试：质量规则校验 (WHERE factory_date > sale_date 应该触发告警)
INSERT INTO TABLE dwd_voyah_vehicle_sales_dates PARTITION (factory_date=&#039;20260301&#039;, sale_date=&#039;20260201&#039;)
VALUES
(&#039;ORD_ERR_001&#039;, &#039;LTV_FUTURE_001&#039;, &#039;岚图FREE&#039;, 266900.00, 266900.00, &#039;广州交付中心&#039;, 3),
(&#039;ORD_ERR_002&#039;, &#039;LTV_FUTURE_002&#039;, &#039;岚图梦想家&#039;, 369900.00, 369900.00, &#039;西安交付中心&#039;, 3);

-- 【场景D：极速产销】 1条
-- 出厂: 20260201 -> 出售: 20260201 (当天生产当天卖)
-- 用于测试：边界值校验
INSERT INTO TABLE dwd_voyah_vehicle_sales_dates PARTITION (factory_date=&#039;20260201&#039;, sale_date=&#039;20260201&#039;)
VALUES
(&#039;ORD_FAST_001&#039;, &#039;LTV_SPEED_001&#039;, &#039;岚图追光&#039;, 252800.00, 252800.00, &#039;武汉交付中心&#039;, 3);

-- 【场景E：字段级异常 (脏数据)】 4条
INSERT INTO TABLE dwd_voyah_vehicle_sales_dates PARTITION (factory_date=&#039;20260202&#039;, sale_date=&#039;20260202&#039;)
VALUES
-- 1. [NULL异常]: 车型名称为 NULL
(&#039;ORD_ERR_NULL&#039;, &#039;LTV_NULL_VAL&#039;, NULL, 266900.00, 260000.00, &#039;北京交付中心&#039;, 3),
-- 2. [空串异常]: 交付中心为 Empty String (&#039;&#039;)
(&#039;ORD_ERR_EMPTY&#039;, &#039;LTV_EMPTY_STR&#039;, &#039;岚图追光&#039;, 252800.00, 252800.00, &#039;&#039;, 3),
-- 3. [数值异常]: 最终成交价为负数 (-100.00)
(&#039;ORD_ERR_NEG&#039;, &#039;LTV_NEG_PRICE&#039;, &#039;岚图梦想家&#039;, 369900.00, -100.00, &#039;成都交付中心&#039;, 3),
-- 4. [空值异常]: VIN码为纯空格 (&#039;   &#039;), 且官方指导价丢失
(&#039;ORD_ERR_BLANK&#039;, &#039;   &#039;, &#039;岚图FREE&#039;, NULL, 0.00, &#039;重庆交付中心&#039;, 3);

-- 查询已创建的分区信息
SHOW PARTITIONS dwd_voyah_vehicle_sales_dates;


SELECT * FROM dwd_voyah_vehicle_sales_dates;","1. 进入【数据资产】-【数据质量】-【规则任务管理】页面
2. 新建监控规则, 配置如下:1) 监控对象: - 规则名称: rule01- 数据表: dwd_voyah_vehicle_sales_dates- 手动输入分区: factory_date=202602022) 监控规则: 完整性校验: - 生效范围: 字段级- 字段: final_price- 统计函数: 字段取值校验- 期望值: >= 03) 调度属性:- 调度周期: 时- 生效日期: T~T+1- 间隔时间: 1小时- 其它默认- 实例生成方式: 「立即生成」
3. 运行规则任务rule01, 立即执行
4. 进入【校验结果查询】, 检查实例详情页面
5. 进入【规则任务管理】, 编辑rule01, 修改分区: 选择动态分区: factory_date = bdp.system.bizdate , 点击数据预览
6. 后面配置不变, 保存后再次运行任务
7. 进入【校验结果查询】, 检查【运行中、等待运行】的rule01实例的详情页
8. 检查后续生成的rule01实例的详情页","1. 进入成功
2. 配置成功
3. 运行成功
4. 校验结果: 校验不通过
5. 数据预览成功: 暂无数据
6. 1) 任务运行成功2) 规则任务rule01详情页中, 分区配置变更成功
7. 实例停止运行, 实例状态依次变更: 【停止中】、【中途停止】
8. 分区配置变更成功, 变更范围:1) 表名悬浮提示中的分区配置信息2) 规则详情页中, 表级报告中的表名和分区信息后续生成的实例正常运行, 校验结果: 校验通过","1. 
2. 
3. 
4. 
5. 
6. 
7. 
8.","","2","功能测试","功能测试阶段","正常","0","1","8","通过","向林","2026-02-06","向林","2026-02-06","1","",""
"179050","数据资产_STD(#23)","/版本迭代测试用例/v6.4.8/【规则任务配置优化】质量规则任务支持编辑分区信息(#10192)","【岚图】【规则任务配置优化】质量规则任务支持编辑分区信息(#15524)","规则任务管理❯ 一级分区 ❯ 一级分区 验证分区信息改变, 任务实例信息改变(手动输入分区 ❯ 选择已有分区)","建表语句如下:
=========================================================
-- 1. 建表语句 (DDL)
-- 表名: 岚图汽车销售双日期分区表
-- 分区: factory_date (出厂日期) / sale_date (出售日期)
-- =========================================================
DROP TABLE IF EXISTS dwd_voyah_vehicle_sales_dates;
CREATE TABLE IF NOT EXISTS dwd_voyah_vehicle_sales_dates (
order_id        STRING          COMMENT &#039;销售订单号&#039;,
vin             STRING          COMMENT &#039;车辆识别代码(VIN)&#039;,
car_model       STRING          COMMENT &#039;车型名称&#039;,
guide_price     DECIMAL(20,2)   COMMENT &#039;官方指导价&#039;,
final_price     DECIMAL(20,2)   COMMENT &#039;最终成交价&#039;,
dealer_name     STRING          COMMENT &#039;交付中心&#039;,
order_status    INT             COMMENT &#039;状态: 3-已交付&#039;
)
COMMENT &#039;岚图汽车销售表-用于规则配置测试&#039;
PARTITIONED BY (
factory_date    STRING          COMMENT &#039;一级分区: 出厂日期 yyyyMMdd&#039;,
sale_date       STRING          COMMENT &#039;二级分区: 出售日期 yyyyMMdd&#039;
)
STORED AS ORC
TBLPROPERTIES (&#039;orc.compress&#039;=&#039;SNAPPY&#039;);

-- =========================================================
-- 2. 数据插入语句 (DML) - 共10条数据
-- =========================================================

-- 【场景A：正常数据】 4条
-- 出厂: 20260115 -> 出售: 20260201 (产销周期约半个月，正常)
-- 用于测试：基础的分区扫描功能
INSERT INTO TABLE dwd_voyah_vehicle_sales_dates PARTITION (factory_date=&#039;20260115&#039;, sale_date=&#039;20260201&#039;)
VALUES
(&#039;ORD_20260201_001&#039;, &#039;LTV_FREE_001&#039;, &#039;岚图FREE&#039;, 266900.00, 261900.00, &#039;武汉交付中心&#039;, 3),
(&#039;ORD_20260201_002&#039;, &#039;LTV_DREAM_002&#039;, &#039;岚图梦想家&#039;, 369900.00, 365000.00, &#039;杭州交付中心&#039;, 3),
(&#039;ORD_20260201_003&#039;, &#039;LTV_PASSION_003&#039;, &#039;岚图追光&#039;, 252800.00, 252800.00, &#039;深圳交付中心&#039;, 3),
(&#039;ORD_20260201_004&#039;, &#039;LTV_FREE_004&#039;, &#039;岚图FREE&#039;, 266900.00, 260000.00, &#039;成都交付中心&#039;, 3);

-- 【场景B：库存积压】 3条
-- 出厂: 20251220 -> 出售: 20260201 (去年生产今年卖，跨年跨月)
-- 用于测试：手动输入分区范围查询 (例如 factory_date < &#039;20260101&#039;)
INSERT INTO TABLE dwd_voyah_vehicle_sales_dates PARTITION (factory_date=&#039;20251220&#039;, sale_date=&#039;20260201&#039;)
VALUES
(&#039;ORD_20260201_005&#039;, &#039;LTV_DREAM_OLD_01&#039;, &#039;岚图梦想家&#039;, 339900.00, 330000.00, &#039;武汉交付中心&#039;, 3),
(&#039;ORD_20260201_006&#039;, &#039;LTV_FREE_OLD_02&#039;, &#039;岚图FREE&#039;, 266900.00, 250000.00, &#039;上海交付中心&#039;, 3),
(&#039;ORD_20260201_007&#039;, &#039;LTV_PASSION_OLD_03&#039;, &#039;岚图追光&#039;, 252800.00, 248000.00, &#039;北京交付中心&#039;, 3);

-- 【场景C：逻辑脏数据】 2条
-- 出厂: 20260301 -> 出售: 20260201 (出厂日期晚于出售日期，逻辑错误)
-- 用于测试：质量规则校验 (WHERE factory_date > sale_date 应该触发告警)
INSERT INTO TABLE dwd_voyah_vehicle_sales_dates PARTITION (factory_date=&#039;20260301&#039;, sale_date=&#039;20260201&#039;)
VALUES
(&#039;ORD_ERR_001&#039;, &#039;LTV_FUTURE_001&#039;, &#039;岚图FREE&#039;, 266900.00, 266900.00, &#039;广州交付中心&#039;, 3),
(&#039;ORD_ERR_002&#039;, &#039;LTV_FUTURE_002&#039;, &#039;岚图梦想家&#039;, 369900.00, 369900.00, &#039;西安交付中心&#039;, 3);

-- 【场景D：极速产销】 1条
-- 出厂: 20260201 -> 出售: 20260201 (当天生产当天卖)
-- 用于测试：边界值校验
INSERT INTO TABLE dwd_voyah_vehicle_sales_dates PARTITION (factory_date=&#039;20260201&#039;, sale_date=&#039;20260201&#039;)
VALUES
(&#039;ORD_FAST_001&#039;, &#039;LTV_SPEED_001&#039;, &#039;岚图追光&#039;, 252800.00, 252800.00, &#039;武汉交付中心&#039;, 3);

-- 【场景E：字段级异常 (脏数据)】 4条
INSERT INTO TABLE dwd_voyah_vehicle_sales_dates PARTITION (factory_date=&#039;20260202&#039;, sale_date=&#039;20260202&#039;)
VALUES
-- 1. [NULL异常]: 车型名称为 NULL
(&#039;ORD_ERR_NULL&#039;, &#039;LTV_NULL_VAL&#039;, NULL, 266900.00, 260000.00, &#039;北京交付中心&#039;, 3),
-- 2. [空串异常]: 交付中心为 Empty String (&#039;&#039;)
(&#039;ORD_ERR_EMPTY&#039;, &#039;LTV_EMPTY_STR&#039;, &#039;岚图追光&#039;, 252800.00, 252800.00, &#039;&#039;, 3),
-- 3. [数值异常]: 最终成交价为负数 (-100.00)
(&#039;ORD_ERR_NEG&#039;, &#039;LTV_NEG_PRICE&#039;, &#039;岚图梦想家&#039;, 369900.00, -100.00, &#039;成都交付中心&#039;, 3),
-- 4. [空值异常]: VIN码为纯空格 (&#039;   &#039;), 且官方指导价丢失
(&#039;ORD_ERR_BLANK&#039;, &#039;   &#039;, &#039;岚图FREE&#039;, NULL, 0.00, &#039;重庆交付中心&#039;, 3);

-- 查询已创建的分区信息
SHOW PARTITIONS dwd_voyah_vehicle_sales_dates;


SELECT * FROM dwd_voyah_vehicle_sales_dates;","1. 进入【数据资产】-【数据质量】-【规则任务管理】页面
2. 新建监控规则, 配置如下:1) 监控对象: - 规则名称: rule01- 数据表: dwd_voyah_vehicle_sales_dates- 手动输入分区: factory_date=202602022) 监控规则: 完整性校验: - 生效范围: 字段级- 字段: final_price- 统计函数: 字段取值校验- 期望值: >= 03) 调度属性:- 调度周期: 时- 生效日期: T~T+1- 间隔时间: 1小时- 其它默认- 实例生成方式: 「立即生成」
3. 运行规则任务rule01, 立即执行
4. 进入【校验结果查询】, 检查实例详情页面
5. 进入【规则任务管理】, 编辑rule01, 修改分区: 选择已有分区: factory_date=20260115 , 点击数据预览
6. 后面配置不变, 保存后再次运行任务
7. 进入【校验结果查询】, 检查【运行中、等待运行】的rule01实例的详情页
8. 检查后续生成的rule01实例的详情页","1. 进入成功
2. 
3. 运行成功
4. 校验结果: 校验不通过
5. 数据预览成功: 3条数据
6. 1) 任务运行成功2) 规则任务rule01详情页中, 分区配置变更成功
7. 实例停止运行, 实例状态依次变更: 【停止中】、【中途停止】
8. 分区配置变更成功, 变更范围:1) 表名悬浮提示中的分区配置信息2) 规则详情页中, 表级报告中的表名和分区信息后续生成的实例正常运行, 校验结果: 校验通过","1. 
2. 
3. 
4. 
5. 
6. 
7. 
8.","","2","功能测试","功能测试阶段","正常","0","1","8","通过","向林","2026-02-06","向林","2026-02-06","1","",""
"179049","数据资产_STD(#23)","/版本迭代测试用例/v6.4.8/【规则任务配置优化】质量规则任务支持编辑分区信息(#10192)","【岚图】【规则任务配置优化】质量规则任务支持编辑分区信息(#15524)","规则任务管理❯ 一级分区 ❯ 一级分区 验证分区信息改变, 任务实例信息改变(选择动态分区 ❯ 手动输入分区)","1) 选择动态分区需要额外执行DML语句:<br />INSERT INTO TABLE dwd_voyah_vehicle_sales_dates PARTITION (factory_date=&#039;${bdp.system.bizdate}&#039;, sale_date=&#039;${bdp.system.bizdate}&#039;)<br />VALUES&nbsp;<br />(&#039;ORD_ERR_NEG&#039;, &#039;LTV_NEG_PRICE&#039;, &#039;岚图梦想家&#039;, 369900.00, -200.00, &#039;成都交付中心&#039;, 3);<br /><br />2) 建表语句如下:<br />=========================================================<br />-- 1. 建表语句 (DDL)<br />-- 表名: 岚图汽车销售双日期分区表<br />-- 分区: factory_date (出厂日期) / sale_date (出售日期)<br />-- =========================================================<br />DROP TABLE IF EXISTS dwd_voyah_vehicle_sales_dates;<br />CREATE TABLE IF NOT EXISTS dwd_voyah_vehicle_sales_dates (<br />&nbsp; &nbsp; order_id&nbsp; &nbsp; &nbsp; &nbsp; STRING&nbsp; &nbsp; &nbsp; &nbsp; &nbsp; COMMENT &#039;销售订单号&#039;,<br />&nbsp; &nbsp; vin&nbsp; &nbsp; &nbsp; &nbsp; &nbsp; &nbsp; &nbsp;STRING&nbsp; &nbsp; &nbsp; &nbsp; &nbsp; COMMENT &#039;车辆识别代码(VIN)&#039;,<br />&nbsp; &nbsp; car_model&nbsp; &nbsp; &nbsp; &nbsp;STRING&nbsp; &nbsp; &nbsp; &nbsp; &nbsp; COMMENT &#039;车型名称&#039;,<br />&nbsp; &nbsp; guide_price&nbsp; &nbsp; &nbsp;DECIMAL(20,2)&nbsp; &nbsp;COMMENT &#039;官方指导价&#039;,<br />&nbsp; &nbsp; final_price&nbsp; &nbsp; &nbsp;DECIMAL(20,2)&nbsp; &nbsp;COMMENT &#039;最终成交价&#039;,<br />&nbsp; &nbsp; dealer_name&nbsp; &nbsp; &nbsp;STRING&nbsp; &nbsp; &nbsp; &nbsp; &nbsp; COMMENT &#039;交付中心&#039;,<br />&nbsp; &nbsp; order_status&nbsp; &nbsp; INT&nbsp; &nbsp; &nbsp; &nbsp; &nbsp; &nbsp; &nbsp;COMMENT &#039;状态: 3-已交付&#039;<br />)<br />COMMENT &#039;岚图汽车销售表-用于规则配置测试&#039;<br />PARTITIONED BY (<br />&nbsp; &nbsp; factory_date&nbsp; &nbsp; STRING&nbsp; &nbsp; &nbsp; &nbsp; &nbsp; COMMENT &#039;一级分区: 出厂日期 yyyyMMdd&#039;,<br />&nbsp; &nbsp; sale_date&nbsp; &nbsp; &nbsp; &nbsp;STRING&nbsp; &nbsp; &nbsp; &nbsp; &nbsp; COMMENT &#039;二级分区: 出售日期 yyyyMMdd&#039;<br />)<br />STORED AS ORC<br />TBLPROPERTIES (&#039;orc.compress&#039;=&#039;SNAPPY&#039;);<br /><br />-- =========================================================<br />-- 2. 数据插入语句 (DML) - 共10条数据<br />-- =========================================================<br /><br />-- 【场景A：正常数据】 4条<br />-- 出厂: 20260115 -&gt; 出售: 20260201 (产销周期约半个月，正常)<br />-- 用于测试：基础的分区扫描功能<br />INSERT INTO TABLE dwd_voyah_vehicle_sales_dates PARTITION (factory_date=&#039;20260115&#039;, sale_date=&#039;20260201&#039;)<br />VALUES&nbsp;<br />(&#039;ORD_20260201_001&#039;, &#039;LTV_FREE_001&#039;, &#039;岚图FREE&#039;, 266900.00, 261900.00, &#039;武汉交付中心&#039;, 3),<br />(&#039;ORD_20260201_002&#039;, &#039;LTV_DREAM_002&#039;, &#039;岚图梦想家&#039;, 369900.00, 365000.00, &#039;杭州交付中心&#039;, 3),<br />(&#039;ORD_20260201_003&#039;, &#039;LTV_PASSION_003&#039;, &#039;岚图追光&#039;, 252800.00, 252800.00, &#039;深圳交付中心&#039;, 3),<br />(&#039;ORD_20260201_004&#039;, &#039;LTV_FREE_004&#039;, &#039;岚图FREE&#039;, 266900.00, 260000.00, &#039;成都交付中心&#039;, 3);<br /><br />-- 【场景B：库存积压】 3条<br />-- 出厂: 20251220 -&gt; 出售: 20260201 (去年生产今年卖，跨年跨月)<br />-- 用于测试：手动输入分区范围查询 (例如 factory_date &lt; &#039;20260101&#039;)<br />INSERT INTO TABLE dwd_voyah_vehicle_sales_dates PARTITION (factory_date=&#039;20251220&#039;, sale_date=&#039;20260201&#039;)<br />VALUES&nbsp;<br />(&#039;ORD_20260201_005&#039;, &#039;LTV_DREAM_OLD_01&#039;, &#039;岚图梦想家&#039;, 339900.00, 330000.00, &#039;武汉交付中心&#039;, 3),<br />(&#039;ORD_20260201_006&#039;, &#039;LTV_FREE_OLD_02&#039;, &#039;岚图FREE&#039;, 266900.00, 250000.00, &#039;上海交付中心&#039;, 3),<br />(&#039;ORD_20260201_007&#039;, &#039;LTV_PASSION_OLD_03&#039;, &#039;岚图追光&#039;, 252800.00, 248000.00, &#039;北京交付中心&#039;, 3);<br /><br />-- 【场景C：逻辑脏数据】 2条<br />-- 出厂: 20260301 -&gt; 出售: 20260201 (出厂日期晚于出售日期，逻辑错误)<br />-- 用于测试：质量规则校验 (WHERE factory_date &gt; sale_date 应该触发告警)<br />INSERT INTO TABLE dwd_voyah_vehicle_sales_dates PARTITION (factory_date=&#039;20260301&#039;, sale_date=&#039;20260201&#039;)<br />VALUES&nbsp;<br />(&#039;ORD_ERR_001&#039;, &#039;LTV_FUTURE_001&#039;, &#039;岚图FREE&#039;, 266900.00, 266900.00, &#039;广州交付中心&#039;, 3),<br />(&#039;ORD_ERR_002&#039;, &#039;LTV_FUTURE_002&#039;, &#039;岚图梦想家&#039;, 369900.00, 369900.00, &#039;西安交付中心&#039;, 3);<br /><br />-- 【场景D：极速产销】 1条<br />-- 出厂: 20260201 -&gt; 出售: 20260201 (当天生产当天卖)<br />-- 用于测试：边界值校验<br />INSERT INTO TABLE dwd_voyah_vehicle_sales_dates PARTITION (factory_date=&#039;20260201&#039;, sale_date=&#039;20260201&#039;)<br />VALUES&nbsp;<br />(&#039;ORD_FAST_001&#039;, &#039;LTV_SPEED_001&#039;, &#039;岚图追光&#039;, 252800.00, 252800.00, &#039;武汉交付中心&#039;, 3);<br /><br />-- 【场景E：字段级异常 (脏数据)】 4条<br />INSERT INTO TABLE dwd_voyah_vehicle_sales_dates PARTITION (factory_date=&#039;20260202&#039;, sale_date=&#039;20260202&#039;)<br />VALUES&nbsp;<br />-- 1. [NULL异常]: 车型名称为 NULL<br />(&#039;ORD_ERR_NULL&#039;, &#039;LTV_NULL_VAL&#039;, NULL, 266900.00, 260000.00, &#039;北京交付中心&#039;, 3),<br />-- 2. [空串异常]: 交付中心为 Empty String (&#039;&#039;)<br />(&#039;ORD_ERR_EMPTY&#039;, &#039;LTV_EMPTY_STR&#039;, &#039;岚图追光&#039;, 252800.00, 252800.00, &#039;&#039;, 3),<br />-- 3. [数值异常]: 最终成交价为负数 (-100.00)<br />(&#039;ORD_ERR_NEG&#039;, &#039;LTV_NEG_PRICE&#039;, &#039;岚图梦想家&#039;, 369900.00, -100.00, &#039;成都交付中心&#039;, 3),<br />-- 4. [空值异常]: VIN码为纯空格 (&#039;&nbsp; &nbsp;&#039;), 且官方指导价丢失<br />(&#039;ORD_ERR_BLANK&#039;, &#039;&nbsp; &nbsp;&#039;, &#039;岚图FREE&#039;, NULL, 0.00, &#039;重庆交付中心&#039;, 3);<br /><br />-- 查询已创建的分区信息<br />SHOW PARTITIONS dwd_voyah_vehicle_sales_dates;<br /><br /><br />SELECT * FROM dwd_voyah_vehicle_sales_dates;<br /><br />","1. 进入【数据资产】-【数据质量】-【规则任务管理】页面
2. 新建监控规则, 配置如下:
1) 监控对象: 
- 规则名称: rule01
- 数据表: dwd_voyah_vehicle_sales_dates
- 选择动态分区:  factory_date = bdp.system.bizdate

2) 监控规则: 

完整性校验: 
- 生效范围: 字段级
- 字段: final_price
- 统计函数: 字段取值校验
- 期望值: >= 0

3) 调度属性:
- 调度周期: 时
- 生效日期: T~T+1
- 间隔时间: 1小时
- 其它默认
- 实例生成方式: 「立即生成」
3. 运行规则任务rule01, 立即执行
4. 进入【校验结果查询】, 检查实例详情页面
5. 进入【规则任务管理】, 编辑rule01, 修改分区: 手动输入分区: factory_date=20260115 , 点击数据预览
6. 后面配置不变, 保存后再次运行任务
7. 进入【校验结果查询】, 检查【运行中、等待运行】的rule01实例的详情页
8. 检查后续生成的rule01实例的详情页
9. 检查后续rule01实例的校验结果","1. 进入成功
2. 配置成功
3. 运行成功
4. 校验结果: 校验不通过
5. 数据预览成功: 3条数据
6. 1) 任务运行成功2) 规则任务rule01详情页中, 分区配置变更成功
7. 实例停止运行, 实例状态依次变更: 【停止中】、【中途停止】
8. 分区配置变更成功, 变更范围:
1) 表名悬浮提示中的分区配置信息
2) 规则详情页中, 表级报告中的表名和分区信息
9. 后续生成的实例正常运行, 校验结果: 校验通过","1. 
2. 
3. 
4. 
5. 
6. 
7. 
8. 
9.","","1","功能测试","功能测试阶段","正常","0","2","9","通过","向林","2026-02-06","向林","2026-02-06","2","",""
"179048","数据资产_STD(#23)","/版本迭代测试用例/v6.4.8/【规则任务配置优化】质量规则任务支持编辑分区信息(#10192)","【岚图】【规则任务配置优化】质量规则任务支持编辑分区信息(#15524)","规则任务管理❯ 一级分区 ❯ 一级分区 验证分区信息改变, 任务实例信息改变(选择动态分区 ❯ 选择已有分区)","1) 选择动态分区需要额外执行DML语句:
INSERT INTO TABLE dwd_voyah_vehicle_sales_dates PARTITION (factory_date=&#039;${bdp.system.bizdate}&#039;, sale_date=&#039;${bdp.system.bizdate}&#039;)
VALUES
(&#039;ORD_ERR_NEG&#039;, &#039;LTV_NEG_PRICE&#039;, &#039;岚图梦想家&#039;, 369900.00, -200.00, &#039;成都交付中心&#039;, 3);


2)建表语句如下:
=========================================================
-- 1. 建表语句 (DDL)
-- =========================================================
DROP TABLE IF EXISTS dwd_voyah_vehicle_sales_dates;
CREATE TABLE IF NOT EXISTS dwd_voyah_vehicle_sales_dates (
order_id        STRING          COMMENT &#039;销售订单号&#039;,
vin             STRING          COMMENT &#039;车辆识别代码(VIN)&#039;,
car_model       STRING          COMMENT &#039;车型名称&#039;,
guide_price     DECIMAL(20,2)   COMMENT &#039;官方指导价&#039;,
final_price     DECIMAL(20,2)   COMMENT &#039;最终成交价&#039;,
dealer_name     STRING          COMMENT &#039;交付中心&#039;,
order_status    INT             COMMENT &#039;状态: 3-已交付&#039;
)
COMMENT &#039;岚图汽车销售表-用于规则配置测试&#039;
PARTITIONED BY (
factory_date    STRING          COMMENT &#039;一级分区: 出厂日期 yyyyMMdd&#039;,
sale_date       STRING          COMMENT &#039;二级分区: 出售日期 yyyyMMdd&#039;
)
STORED AS ORC
TBLPROPERTIES (&#039;orc.compress&#039;=&#039;SNAPPY&#039;);

-- =========================================================
-- 2. 数据插入语句 (DML) - 共10条数据
-- =========================================================

-- 【场景A：正常数据】 4条
-- 出厂: 20260115 -> 出售: 20260201 (产销周期约半个月，正常)
-- 用于测试：基础的分区扫描功能
INSERT INTO TABLE dwd_voyah_vehicle_sales_dates PARTITION (factory_date=&#039;20260115&#039;, sale_date=&#039;20260201&#039;)
VALUES
(&#039;ORD_20260201_001&#039;, &#039;LTV_FREE_001&#039;, &#039;岚图FREE&#039;, 266900.00, 261900.00, &#039;武汉交付中心&#039;, 3),
(&#039;ORD_20260201_002&#039;, &#039;LTV_DREAM_002&#039;, &#039;岚图梦想家&#039;, 369900.00, 365000.00, &#039;杭州交付中心&#039;, 3),
(&#039;ORD_20260201_003&#039;, &#039;LTV_PASSION_003&#039;, &#039;岚图追光&#039;, 252800.00, 252800.00, &#039;深圳交付中心&#039;, 3),
(&#039;ORD_20260201_004&#039;, &#039;LTV_FREE_004&#039;, &#039;岚图FREE&#039;, 266900.00, 260000.00, &#039;成都交付中心&#039;, 3);

-- 【场景B：库存积压】 3条
-- 出厂: 20251220 -> 出售: 20260201 (去年生产今年卖，跨年跨月)
-- 用于测试：手动输入分区范围查询 (例如 factory_date < &#039;20260101&#039;)
INSERT INTO TABLE dwd_voyah_vehicle_sales_dates PARTITION (factory_date=&#039;20251220&#039;, sale_date=&#039;20260201&#039;)
VALUES
(&#039;ORD_20260201_005&#039;, &#039;LTV_DREAM_OLD_01&#039;, &#039;岚图梦想家&#039;, 339900.00, 330000.00, &#039;武汉交付中心&#039;, 3),
(&#039;ORD_20260201_006&#039;, &#039;LTV_FREE_OLD_02&#039;, &#039;岚图FREE&#039;, 266900.00, 250000.00, &#039;上海交付中心&#039;, 3),
(&#039;ORD_20260201_007&#039;, &#039;LTV_PASSION_OLD_03&#039;, &#039;岚图追光&#039;, 252800.00, 248000.00, &#039;北京交付中心&#039;, 3);

-- 【场景C：逻辑脏数据】 2条
-- 出厂: 20260301 -> 出售: 20260201 (出厂日期晚于出售日期，逻辑错误)
-- 用于测试：质量规则校验 (WHERE factory_date > sale_date 应该触发告警)
INSERT INTO TABLE dwd_voyah_vehicle_sales_dates PARTITION (factory_date=&#039;20260301&#039;, sale_date=&#039;20260201&#039;)
VALUES
(&#039;ORD_ERR_001&#039;, &#039;LTV_FUTURE_001&#039;, &#039;岚图FREE&#039;, 266900.00, 266900.00, &#039;广州交付中心&#039;, 3),
(&#039;ORD_ERR_002&#039;, &#039;LTV_FUTURE_002&#039;, &#039;岚图梦想家&#039;, 369900.00, 369900.00, &#039;西安交付中心&#039;, 3);

-- 【场景D：极速产销】 1条
-- 出厂: 20260201 -> 出售: 20260201 (当天生产当天卖)
-- 用于测试：边界值校验
INSERT INTO TABLE dwd_voyah_vehicle_sales_dates PARTITION (factory_date=&#039;20260201&#039;, sale_date=&#039;20260201&#039;)
VALUES
(&#039;ORD_FAST_001&#039;, &#039;LTV_SPEED_001&#039;, &#039;岚图追光&#039;, 252800.00, 252800.00, &#039;武汉交付中心&#039;, 3);

-- 【场景E：字段级异常 (脏数据)】 4条
INSERT INTO TABLE dwd_voyah_vehicle_sales_dates PARTITION (factory_date=&#039;20260202&#039;, sale_date=&#039;20260202&#039;)
VALUES
-- 1. [NULL异常]: 车型名称为 NULL
(&#039;ORD_ERR_NULL&#039;, &#039;LTV_NULL_VAL&#039;, NULL, 266900.00, 260000.00, &#039;北京交付中心&#039;, 3),
-- 2. [空串异常]: 交付中心为 Empty String (&#039;&#039;)
(&#039;ORD_ERR_EMPTY&#039;, &#039;LTV_EMPTY_STR&#039;, &#039;岚图追光&#039;, 252800.00, 252800.00, &#039;&#039;, 3),
-- 3. [数值异常]: 最终成交价为负数 (-100.00)
(&#039;ORD_ERR_NEG&#039;, &#039;LTV_NEG_PRICE&#039;, &#039;岚图梦想家&#039;, 369900.00, -100.00, &#039;成都交付中心&#039;, 3),
-- 4. [空值异常]: VIN码为纯空格 (&#039;   &#039;), 且官方指导价丢失
(&#039;ORD_ERR_BLANK&#039;, &#039;   &#039;, &#039;岚图FREE&#039;, NULL, 0.00, &#039;重庆交付中心&#039;, 3);

-- 查询已创建的分区信息
SHOW PARTITIONS dwd_voyah_vehicle_sales_dates;


SELECT * FROM dwd_voyah_vehicle_sales_dates;","1. 进入【数据资产】-【数据质量】-【规则任务管理】页面
2. 新建监控规则, 配置如下:1) 监控对象: - 规则名称: rule01- 数据表: dwd_voyah_vehicle_sales_dates- 选择动态分区:  factory_date = bdp.system.bizdate2) 监控规则: 完整性校验: - 生效范围: 字段级- 字段: final_price- 统计函数: 字段取值校验- 期望值: >= 03) 调度属性:- 调度周期: 时- 生效日期: T~T+1- 间隔时间: 1小时- 其它默认- 实例生成方式: 「立即生成」
3. 运行规则任务rule01, 立即执行
4. 进入【校验结果查询】, 检查实例详情页面
5. 进入【规则任务管理】, 编辑rule01, 修改分区: 选择已有分区: factory_date=20260115 , 点击数据预览
6. 后面配置不变, 保存后再次运行任务
7. 进入【校验结果查询】, 检查【运行中、等待运行】的rule01实例的详情页
8. 检查后续生成的rule01实例的详情页","1. 进入成功
2. 配置成功
3. 运行成功
4. 校验结果: 校验不通过
5. 数据预览成功: 3条数据
6. 1) 任务运行成功2) 规则任务rule01详情页中, 分区配置变更成功
7. 实例停止运行, 实例状态依次变更: 【停止中】、【中途停止】
8. 分区配置变更成功, 变更范围:1) 表名悬浮提示中的分区配置信息2) 规则详情页中, 表级报告中的表名和分区信息后续生成的实例正常运行, 校验结果: 校验通过","1. 
2. 
3. 
4. 
5. 
6. 
7. 
8.","","2","功能测试","功能测试阶段","正常","0","1","8","通过","向林","2026-02-06","向林","2026-02-06","1","",""
"179047","数据资产_STD(#23)","/版本迭代测试用例/v6.4.8/【规则任务配置优化】质量规则任务支持编辑分区信息(#10192)","【岚图】【规则任务配置优化】质量规则任务支持编辑分区信息(#15524)","规则任务管理❯ 一级分区 ❯ 一级分区 验证分区信息改变, 任务实例信息改变(选择已有分区 ❯ 手动输入分区)","建表语句如下:
=========================================================
-- 1. 建表语句 (DDL)
-- 表名: 岚图汽车销售双日期分区表
-- 分区: factory_date (出厂日期) / sale_date (出售日期)
-- =========================================================
DROP TABLE IF EXISTS dwd_voyah_vehicle_sales_dates;
CREATE TABLE IF NOT EXISTS dwd_voyah_vehicle_sales_dates (
order_id        STRING          COMMENT &#039;销售订单号&#039;,
vin             STRING          COMMENT &#039;车辆识别代码(VIN)&#039;,
car_model       STRING          COMMENT &#039;车型名称&#039;,
guide_price     DECIMAL(20,2)   COMMENT &#039;官方指导价&#039;,
final_price     DECIMAL(20,2)   COMMENT &#039;最终成交价&#039;,
dealer_name     STRING          COMMENT &#039;交付中心&#039;,
order_status    INT             COMMENT &#039;状态: 3-已交付&#039;
)
COMMENT &#039;岚图汽车销售表-用于规则配置测试&#039;
PARTITIONED BY (
factory_date    STRING          COMMENT &#039;一级分区: 出厂日期 yyyyMMdd&#039;,
sale_date       STRING          COMMENT &#039;二级分区: 出售日期 yyyyMMdd&#039;
)
STORED AS ORC
TBLPROPERTIES (&#039;orc.compress&#039;=&#039;SNAPPY&#039;);

-- =========================================================
-- 2. 数据插入语句 (DML) - 共10条数据
-- =========================================================

-- 【场景A：正常数据】 4条
-- 出厂: 20260115 -> 出售: 20260201 (产销周期约半个月，正常)
-- 用于测试：基础的分区扫描功能
INSERT INTO TABLE dwd_voyah_vehicle_sales_dates PARTITION (factory_date=&#039;20260115&#039;, sale_date=&#039;20260201&#039;)
VALUES
(&#039;ORD_20260201_001&#039;, &#039;LTV_FREE_001&#039;, &#039;岚图FREE&#039;, 266900.00, 261900.00, &#039;武汉交付中心&#039;, 3),
(&#039;ORD_20260201_002&#039;, &#039;LTV_DREAM_002&#039;, &#039;岚图梦想家&#039;, 369900.00, 365000.00, &#039;杭州交付中心&#039;, 3),
(&#039;ORD_20260201_003&#039;, &#039;LTV_PASSION_003&#039;, &#039;岚图追光&#039;, 252800.00, 252800.00, &#039;深圳交付中心&#039;, 3),
(&#039;ORD_20260201_004&#039;, &#039;LTV_FREE_004&#039;, &#039;岚图FREE&#039;, 266900.00, 260000.00, &#039;成都交付中心&#039;, 3);

-- 【场景B：库存积压】 3条
-- 出厂: 20251220 -> 出售: 20260201 (去年生产今年卖，跨年跨月)
-- 用于测试：手动输入分区范围查询 (例如 factory_date < &#039;20260101&#039;)
INSERT INTO TABLE dwd_voyah_vehicle_sales_dates PARTITION (factory_date=&#039;20251220&#039;, sale_date=&#039;20260201&#039;)
VALUES
(&#039;ORD_20260201_005&#039;, &#039;LTV_DREAM_OLD_01&#039;, &#039;岚图梦想家&#039;, 339900.00, 330000.00, &#039;武汉交付中心&#039;, 3),
(&#039;ORD_20260201_006&#039;, &#039;LTV_FREE_OLD_02&#039;, &#039;岚图FREE&#039;, 266900.00, 250000.00, &#039;上海交付中心&#039;, 3),
(&#039;ORD_20260201_007&#039;, &#039;LTV_PASSION_OLD_03&#039;, &#039;岚图追光&#039;, 252800.00, 248000.00, &#039;北京交付中心&#039;, 3);

-- 【场景C：逻辑脏数据】 2条
-- 出厂: 20260301 -> 出售: 20260201 (出厂日期晚于出售日期，逻辑错误)
-- 用于测试：质量规则校验 (WHERE factory_date > sale_date 应该触发告警)
INSERT INTO TABLE dwd_voyah_vehicle_sales_dates PARTITION (factory_date=&#039;20260301&#039;, sale_date=&#039;20260201&#039;)
VALUES
(&#039;ORD_ERR_001&#039;, &#039;LTV_FUTURE_001&#039;, &#039;岚图FREE&#039;, 266900.00, 266900.00, &#039;广州交付中心&#039;, 3),
(&#039;ORD_ERR_002&#039;, &#039;LTV_FUTURE_002&#039;, &#039;岚图梦想家&#039;, 369900.00, 369900.00, &#039;西安交付中心&#039;, 3);

-- 【场景D：极速产销】 1条
-- 出厂: 20260201 -> 出售: 20260201 (当天生产当天卖)
-- 用于测试：边界值校验
INSERT INTO TABLE dwd_voyah_vehicle_sales_dates PARTITION (factory_date=&#039;20260201&#039;, sale_date=&#039;20260201&#039;)
VALUES
(&#039;ORD_FAST_001&#039;, &#039;LTV_SPEED_001&#039;, &#039;岚图追光&#039;, 252800.00, 252800.00, &#039;武汉交付中心&#039;, 3);

-- 【场景E：字段级异常 (脏数据)】 4条
INSERT INTO TABLE dwd_voyah_vehicle_sales_dates PARTITION (factory_date=&#039;20260202&#039;, sale_date=&#039;20260202&#039;)
VALUES
-- 1. [NULL异常]: 车型名称为 NULL
(&#039;ORD_ERR_NULL&#039;, &#039;LTV_NULL_VAL&#039;, NULL, 266900.00, 260000.00, &#039;北京交付中心&#039;, 3),
-- 2. [空串异常]: 交付中心为 Empty String (&#039;&#039;)
(&#039;ORD_ERR_EMPTY&#039;, &#039;LTV_EMPTY_STR&#039;, &#039;岚图追光&#039;, 252800.00, 252800.00, &#039;&#039;, 3),
-- 3. [数值异常]: 最终成交价为负数 (-100.00)
(&#039;ORD_ERR_NEG&#039;, &#039;LTV_NEG_PRICE&#039;, &#039;岚图梦想家&#039;, 369900.00, -100.00, &#039;成都交付中心&#039;, 3),
-- 4. [空值异常]: VIN码为纯空格 (&#039;   &#039;), 且官方指导价丢失
(&#039;ORD_ERR_BLANK&#039;, &#039;   &#039;, &#039;岚图FREE&#039;, NULL, 0.00, &#039;重庆交付中心&#039;, 3);

-- 查询已创建的分区信息
SHOW PARTITIONS dwd_voyah_vehicle_sales_dates;


SELECT * FROM dwd_voyah_vehicle_sales_dates;","1. 进入【数据资产】-【数据质量】-【规则任务管理】页面
2. 新建监控规则, 配置如下:1) 监控对象: - 规则名称: rule01- 数据表: dwd_voyah_vehicle_sales_dates- 选择已有分区: factory_date=202602022) 监控规则: 完整性校验: - 生效范围: 字段级- 字段: final_price- 统计函数: 字段取值校验- 期望值: >= 03) 调度属性:- 调度周期: 时- 生效日期: T~T+1- 间隔时间: 1小时- 其它默认- 实例生成方式: 「立即生成」
3. 运行规则任务rule01, 立即执行
4. 进入【校验结果查询】, 检查实例详情页面
5. 进入【规则任务管理】, 编辑rule01, 修改分区: 手动输入分区: factory_date=20260115, 点击数据预览
6. 后面配置不变, 保存后再次运行任务
7. 进入【校验结果查询】, 检查【运行中、等待运行】的rule01实例的详情页
8. 检查后续生成的rule01实例的详情页","1. 进入成功
2. 配置成功
3. 运行成功
4. 校验结果: 校验不通过
5. 数据预览成功: 3条数据
6. 1) 任务运行成功2) 规则任务rule01详情页中, 分区配置变更成功
7. 实例停止运行, 实例状态依次变更: 【停止中】、【中途停止】
8. 分区配置变更成功, 变更范围:1) 表名悬浮提示中的分区配置信息2) 规则详情页中, 表级报告中的表名和分区信息后续生成的实例正常运行, 校验结果: 校验通过","1. 
2. 
3. 
4. 
5. 
6. 
7. 
8.","","2","功能测试","功能测试阶段","正常","0","1","8","通过","向林","2026-02-06","向林","2026-02-06","1","",""
"179046","数据资产_STD(#23)","/版本迭代测试用例/v6.4.8/【规则任务配置优化】质量规则任务支持编辑分区信息(#10192)","【岚图】【规则任务配置优化】质量规则任务支持编辑分区信息(#15524)","规则任务管理❯ 一级分区 ❯ 一级分区 验证分区信息改变, 任务实例信息改变(选择已有分区 ❯ 选择动态分区)","建表语句如下:
=========================================================
-- 1. 建表语句 (DDL)
-- =========================================================
DROP TABLE IF EXISTS dwd_voyah_vehicle_sales_dates;
CREATE TABLE IF NOT EXISTS dwd_voyah_vehicle_sales_dates (
order_id        STRING          COMMENT &#039;销售订单号&#039;,
vin             STRING          COMMENT &#039;车辆识别代码(VIN)&#039;,
car_model       STRING          COMMENT &#039;车型名称&#039;,
guide_price     DECIMAL(20,2)   COMMENT &#039;官方指导价&#039;,
final_price     DECIMAL(20,2)   COMMENT &#039;最终成交价&#039;,
dealer_name     STRING          COMMENT &#039;交付中心&#039;,
order_status    INT             COMMENT &#039;状态: 3-已交付&#039;
)
COMMENT &#039;岚图汽车销售表-用于规则配置测试&#039;
PARTITIONED BY (
factory_date    STRING          COMMENT &#039;一级分区: 出厂日期 yyyyMMdd&#039;,
sale_date       STRING          COMMENT &#039;二级分区: 出售日期 yyyyMMdd&#039;
)
STORED AS ORC
TBLPROPERTIES (&#039;orc.compress&#039;=&#039;SNAPPY&#039;);

-- =========================================================
-- 2. 数据插入语句 (DML) - 共10条数据
-- =========================================================

-- 【场景A：正常数据】 4条
-- 出厂: 20260115 -> 出售: 20260201 (产销周期约半个月，正常)
-- 用于测试：基础的分区扫描功能
INSERT INTO TABLE dwd_voyah_vehicle_sales_dates PARTITION (factory_date=&#039;20260115&#039;, sale_date=&#039;20260201&#039;)
VALUES
(&#039;ORD_20260201_001&#039;, &#039;LTV_FREE_001&#039;, &#039;岚图FREE&#039;, 266900.00, 261900.00, &#039;武汉交付中心&#039;, 3),
(&#039;ORD_20260201_002&#039;, &#039;LTV_DREAM_002&#039;, &#039;岚图梦想家&#039;, 369900.00, 365000.00, &#039;杭州交付中心&#039;, 3),
(&#039;ORD_20260201_003&#039;, &#039;LTV_PASSION_003&#039;, &#039;岚图追光&#039;, 252800.00, 252800.00, &#039;深圳交付中心&#039;, 3),
(&#039;ORD_20260201_004&#039;, &#039;LTV_FREE_004&#039;, &#039;岚图FREE&#039;, 266900.00, 260000.00, &#039;成都交付中心&#039;, 3);

-- 【场景B：库存积压】 3条
-- 出厂: 20251220 -> 出售: 20260201 (去年生产今年卖，跨年跨月)
-- 用于测试：手动输入分区范围查询 (例如 factory_date < &#039;20260101&#039;)
INSERT INTO TABLE dwd_voyah_vehicle_sales_dates PARTITION (factory_date=&#039;20251220&#039;, sale_date=&#039;20260201&#039;)
VALUES
(&#039;ORD_20260201_005&#039;, &#039;LTV_DREAM_OLD_01&#039;, &#039;岚图梦想家&#039;, 339900.00, 330000.00, &#039;武汉交付中心&#039;, 3),
(&#039;ORD_20260201_006&#039;, &#039;LTV_FREE_OLD_02&#039;, &#039;岚图FREE&#039;, 266900.00, 250000.00, &#039;上海交付中心&#039;, 3),
(&#039;ORD_20260201_007&#039;, &#039;LTV_PASSION_OLD_03&#039;, &#039;岚图追光&#039;, 252800.00, 248000.00, &#039;北京交付中心&#039;, 3);

-- 【场景C：逻辑脏数据】 2条
-- 出厂: 20260301 -> 出售: 20260201 (出厂日期晚于出售日期，逻辑错误)
-- 用于测试：质量规则校验 (WHERE factory_date > sale_date 应该触发告警)
INSERT INTO TABLE dwd_voyah_vehicle_sales_dates PARTITION (factory_date=&#039;20260301&#039;, sale_date=&#039;20260201&#039;)
VALUES
(&#039;ORD_ERR_001&#039;, &#039;LTV_FUTURE_001&#039;, &#039;岚图FREE&#039;, 266900.00, 266900.00, &#039;广州交付中心&#039;, 3),
(&#039;ORD_ERR_002&#039;, &#039;LTV_FUTURE_002&#039;, &#039;岚图梦想家&#039;, 369900.00, 369900.00, &#039;西安交付中心&#039;, 3);

-- 【场景D：极速产销】 1条
-- 出厂: 20260201 -> 出售: 20260201 (当天生产当天卖)
-- 用于测试：边界值校验
INSERT INTO TABLE dwd_voyah_vehicle_sales_dates PARTITION (factory_date=&#039;20260201&#039;, sale_date=&#039;20260201&#039;)
VALUES
(&#039;ORD_FAST_001&#039;, &#039;LTV_SPEED_001&#039;, &#039;岚图追光&#039;, 252800.00, 252800.00, &#039;武汉交付中心&#039;, 3);

-- 【场景E：字段级异常 (脏数据)】 4条
INSERT INTO TABLE dwd_voyah_vehicle_sales_dates PARTITION (factory_date=&#039;20260202&#039;, sale_date=&#039;20260202&#039;)
VALUES
-- 1. [NULL异常]: 车型名称为 NULL
(&#039;ORD_ERR_NULL&#039;, &#039;LTV_NULL_VAL&#039;, NULL, 266900.00, 260000.00, &#039;北京交付中心&#039;, 3),
-- 2. [空串异常]: 交付中心为 Empty String (&#039;&#039;)
(&#039;ORD_ERR_EMPTY&#039;, &#039;LTV_EMPTY_STR&#039;, &#039;岚图追光&#039;, 252800.00, 252800.00, &#039;&#039;, 3),
-- 3. [数值异常]: 最终成交价为负数 (-100.00)
(&#039;ORD_ERR_NEG&#039;, &#039;LTV_NEG_PRICE&#039;, &#039;岚图梦想家&#039;, 369900.00, -100.00, &#039;成都交付中心&#039;, 3),
-- 4. [空值异常]: VIN码为纯空格 (&#039;   &#039;), 且官方指导价丢失
(&#039;ORD_ERR_BLANK&#039;, &#039;   &#039;, &#039;岚图FREE&#039;, NULL, 0.00, &#039;重庆交付中心&#039;, 3);

-- 查询已创建的分区信息
SHOW PARTITIONS dwd_voyah_vehicle_sales_dates;


SELECT * FROM dwd_voyah_vehicle_sales_dates;","1. 进入【数据资产】-【数据质量】-【规则任务管理】页面
2. 新建监控规则, 配置如下:1) 监控对象: - 规则名称: rule01- 数据表: dwd_voyah_vehicle_sales_dates- 选择已有分区: factory_date=202602022) 监控规则: 完整性校验: - 生效范围: 字段级- 字段: final_price- 统计函数: 字段取值校验- 期望值: >= 03) 调度属性:- 调度周期: 时- 生效日期: T~T+1- 间隔时间: 1小时- 其它默认- 实例生成方式: 「立即生成」
3. 运行规则任务rule01, 立即执行
4. 进入【校验结果查询】, 检查实例详情页面
5. 进入【规则任务管理】, 编辑rule01, 修改分区: 选择动态分区: factory_date = bdp.system.bizdate , 点击数据预览
6. 后面配置不变, 保存后再次运行任务
7. 进入【校验结果查询】, 检查【运行中、等待运行】的rule01实例的详情页
8. 检查后续生成的rule01实例的详情页","1. 进入成功
2. 配置成功
3. 运行成功
4. 校验结果: 校验不通过
5. 数据预览成功: 暂无数据
6. 1) 任务运行成功2) 规则任务rule01详情页中, 分区配置变更成功
7. 实例停止运行, 实例状态依次变更: 【停止中】、【中途停止】
8. 分区配置变更成功, 变更范围:1) 表名悬浮提示中的分区配置信息2) 规则详情页中, 表级报告中的表名和分区信息后续生成的实例正常运行, 校验结果: 校验通过","1. 
2. 
3. 
4. 
5. 
6. 
7. 
8.","","2","功能测试","功能测试阶段","正常","0","1","8","通过","向林","2026-02-06","向林","2026-02-06","1","",""
"179045","数据资产_STD(#23)","/版本迭代测试用例/v6.4.8/【规则任务配置优化】质量规则任务支持编辑分区信息(#10192)","【岚图】【规则任务配置优化】质量规则任务支持编辑分区信息(#15524)","规则任务管理❯ 一级分区 ❯ 一级分区 验证分区信息不变, 任务实例信息不变","建表语句如下:<br />=========================================================<br />-- 1. 建表语句 (DDL)<br />=========================================================<br />DROP TABLE IF EXISTS dwd_voyah_vehicle_sales_dates;<br />CREATE TABLE IF NOT EXISTS dwd_voyah_vehicle_sales_dates (<br />&nbsp; &nbsp; order_id&nbsp; &nbsp; &nbsp; &nbsp; STRING&nbsp; &nbsp; &nbsp; &nbsp; &nbsp; COMMENT &#039;销售订单号&#039;,<br />&nbsp; &nbsp; vin&nbsp; &nbsp; &nbsp; &nbsp; &nbsp; &nbsp; &nbsp;STRING&nbsp; &nbsp; &nbsp; &nbsp; &nbsp; COMMENT &#039;车辆识别代码(VIN)&#039;,<br />&nbsp; &nbsp; car_model&nbsp; &nbsp; &nbsp; &nbsp;STRING&nbsp; &nbsp; &nbsp; &nbsp; &nbsp; COMMENT &#039;车型名称&#039;,<br />&nbsp; &nbsp; guide_price&nbsp; &nbsp; &nbsp;DECIMAL(20,2)&nbsp; &nbsp;COMMENT &#039;官方指导价&#039;,<br />&nbsp; &nbsp; final_price&nbsp; &nbsp; &nbsp;DECIMAL(20,2)&nbsp; &nbsp;COMMENT &#039;最终成交价&#039;,<br />&nbsp; &nbsp; dealer_name&nbsp; &nbsp; &nbsp;STRING&nbsp; &nbsp; &nbsp; &nbsp; &nbsp; COMMENT &#039;交付中心&#039;,<br />&nbsp; &nbsp; order_status&nbsp; &nbsp; INT&nbsp; &nbsp; &nbsp; &nbsp; &nbsp; &nbsp; &nbsp;COMMENT &#039;状态: 3-已交付&#039;<br />)<br />COMMENT &#039;岚图汽车销售表-用于规则配置测试&#039;<br />PARTITIONED BY (<br />&nbsp; &nbsp; factory_date&nbsp; &nbsp; STRING&nbsp; &nbsp; &nbsp; &nbsp; &nbsp; COMMENT &#039;一级分区: 出厂日期 yyyyMMdd&#039;,<br />&nbsp; &nbsp; sale_date&nbsp; &nbsp; &nbsp; &nbsp;STRING&nbsp; &nbsp; &nbsp; &nbsp; &nbsp; COMMENT &#039;二级分区: 出售日期 yyyyMMdd&#039;<br />)<br />STORED AS ORC<br />TBLPROPERTIES (&#039;orc.compress&#039;=&#039;SNAPPY&#039;);<br /><br />-- =========================================================<br />-- 2. 数据插入语句 (DML) - 共10条数据<br />-- =========================================================<br /><br />-- 【场景A：正常数据】 4条<br />-- 出厂: 20260115 -&gt; 出售: 20260201 (产销周期约半个月，正常)<br />-- 用于测试：基础的分区扫描功能<br />INSERT INTO TABLE dwd_voyah_vehicle_sales_dates PARTITION (factory_date=&#039;20260115&#039;, sale_date=&#039;20260201&#039;)<br />VALUES&nbsp;<br />(&#039;ORD_20260201_001&#039;, &#039;LTV_FREE_001&#039;, &#039;岚图FREE&#039;, 266900.00, 261900.00, &#039;武汉交付中心&#039;, 3),<br />(&#039;ORD_20260201_002&#039;, &#039;LTV_DREAM_002&#039;, &#039;岚图梦想家&#039;, 369900.00, 365000.00, &#039;杭州交付中心&#039;, 3),<br />(&#039;ORD_20260201_003&#039;, &#039;LTV_PASSION_003&#039;, &#039;岚图追光&#039;, 252800.00, 252800.00, &#039;深圳交付中心&#039;, 3),<br />(&#039;ORD_20260201_004&#039;, &#039;LTV_FREE_004&#039;, &#039;岚图FREE&#039;, 266900.00, 260000.00, &#039;成都交付中心&#039;, 3);<br /><br />-- 【场景B：库存积压】 3条<br />-- 出厂: 20251220 -&gt; 出售: 20260201 (去年生产今年卖，跨年跨月)<br />-- 用于测试：手动输入分区范围查询 (例如 factory_date &lt; &#039;20260101&#039;)<br />INSERT INTO TABLE dwd_voyah_vehicle_sales_dates PARTITION (factory_date=&#039;20251220&#039;, sale_date=&#039;20260201&#039;)<br />VALUES&nbsp;<br />(&#039;ORD_20260201_005&#039;, &#039;LTV_DREAM_OLD_01&#039;, &#039;岚图梦想家&#039;, 339900.00, 330000.00, &#039;武汉交付中心&#039;, 3),<br />(&#039;ORD_20260201_006&#039;, &#039;LTV_FREE_OLD_02&#039;, &#039;岚图FREE&#039;, 266900.00, 250000.00, &#039;上海交付中心&#039;, 3),<br />(&#039;ORD_20260201_007&#039;, &#039;LTV_PASSION_OLD_03&#039;, &#039;岚图追光&#039;, 252800.00, 248000.00, &#039;北京交付中心&#039;, 3);<br /><br />-- 【场景C：逻辑脏数据】 2条<br />-- 出厂: 20260301 -&gt; 出售: 20260201 (出厂日期晚于出售日期，逻辑错误)<br />-- 用于测试：质量规则校验 (WHERE factory_date &gt; sale_date 应该触发告警)<br />INSERT INTO TABLE dwd_voyah_vehicle_sales_dates PARTITION (factory_date=&#039;20260301&#039;, sale_date=&#039;20260201&#039;)<br />VALUES&nbsp;<br />(&#039;ORD_ERR_001&#039;, &#039;LTV_FUTURE_001&#039;, &#039;岚图FREE&#039;, 266900.00, 266900.00, &#039;广州交付中心&#039;, 3),<br />(&#039;ORD_ERR_002&#039;, &#039;LTV_FUTURE_002&#039;, &#039;岚图梦想家&#039;, 369900.00, 369900.00, &#039;西安交付中心&#039;, 3);<br /><br />-- 【场景D：极速产销】 1条<br />-- 出厂: 20260201 -&gt; 出售: 20260201 (当天生产当天卖)<br />-- 用于测试：边界值校验<br />INSERT INTO TABLE dwd_voyah_vehicle_sales_dates PARTITION (factory_date=&#039;20260201&#039;, sale_date=&#039;20260201&#039;)<br />VALUES&nbsp;<br />(&#039;ORD_FAST_001&#039;, &#039;LTV_SPEED_001&#039;, &#039;岚图追光&#039;, 252800.00, 252800.00, &#039;武汉交付中心&#039;, 3);<br /><br />-- 【场景E：字段级异常 (脏数据)】 4条<br />INSERT INTO TABLE dwd_voyah_vehicle_sales_dates PARTITION (factory_date=&#039;20260202&#039;, sale_date=&#039;20260202&#039;)<br />VALUES&nbsp;<br />-- 1. [NULL异常]: 车型名称为 NULL<br />(&#039;ORD_ERR_NULL&#039;, &#039;LTV_NULL_VAL&#039;, NULL, 266900.00, 260000.00, &#039;北京交付中心&#039;, 3),<br />-- 2. [空串异常]: 交付中心为 Empty String (&#039;&#039;)<br />(&#039;ORD_ERR_EMPTY&#039;, &#039;LTV_EMPTY_STR&#039;, &#039;岚图追光&#039;, 252800.00, 252800.00, &#039;&#039;, 3),<br />-- 3. [数值异常]: 最终成交价为负数 (-100.00)<br />(&#039;ORD_ERR_NEG&#039;, &#039;LTV_NEG_PRICE&#039;, &#039;岚图梦想家&#039;, 369900.00, -100.00, &#039;成都交付中心&#039;, 3),<br />-- 4. [空值异常]: VIN码为纯空格 (&#039;&nbsp; &nbsp;&#039;), 且官方指导价丢失<br />(&#039;ORD_ERR_BLANK&#039;, &#039;&nbsp; &nbsp;&#039;, &#039;岚图FREE&#039;, NULL, 0.00, &#039;重庆交付中心&#039;, 3);<br /><br />-- 查询已创建的分区信息<br />SHOW PARTITIONS dwd_voyah_vehicle_sales_dates;<br /><br /><br />SELECT * FROM dwd_voyah_vehicle_sales_dates;<br /><br />","1. 进入【数据资产】-【数据质量】-【规则任务管理】页面
2. 新建监控规则, 配置如下:
1) 监控对象: 
- 规则名称: rule01
- 数据表: dwd_voyah_vehicle_sales_dates
- 选择已有分区: factory_date=20260202

2) 监控规则: 

完整性校验: 
- 生效范围: 字段级
- 字段: final_price
- 统计函数: 字段取值校验
- 期望值: >= 0

3) 调度属性:
- 调度周期: 时
- 生效日期: T~T+1
- 间隔时间: 1小时
- 其它默认
- 实例生成方式: 「立即生成」
3. 运行规则任务rule01, 立即执行
4. 进入【校验结果查询】, 检查实例详情页面
5. 进入【规则任务管理】, 编辑rule01, 修改分区: 手动输入分区: factory_date=20260202 , 点击数据预览
6. 后面配置不变, 保存后再次运行任务
7. 进入【校验结果查询】, 检查【运行中、等待运行】的rule01实例的详情页
8. 检查后续生成的rule01实例的详情页","1. 进入成功
2. 配置成功
3. 运行成功
4. 校验结果: 校验不通过
5. 数据预览成功: 3条数据
6. 1) 任务运行成功2) 规则任务rule01详情页中, 分区配置不变
7. 分区配置不变, 实例继续运行, 结果不变: 校验不通过
8. 分区配置不变, 实例继续运行, 结果依旧不变: 校验不通过","1. 
2. 
3. 
4. 
5. 
6. 
7. 
8.","","1","功能测试","功能测试阶段","正常","0","2","8","通过","向林","2026-02-06","向林","2026-02-06","2","",""
"179044","数据资产_STD(#23)","/版本迭代测试用例/v6.4.8/【规则任务配置优化】质量规则任务支持编辑分区信息(#10192)","【岚图】【规则任务配置优化】质量规则任务支持编辑分区信息(#15524)","规则任务管理❯ 运行方式 验证规则任务正常运行(关闭检测)","建表语句如下:
-- 1. 建表语句 (DDL)
DROP TABLE IF EXISTS dwd_voyah_vehicle_sales_dates;
CREATE TABLE IF NOT EXISTS dwd_voyah_vehicle_sales_dates (
order_id        STRING          COMMENT &#039;销售订单号&#039;,
vin             STRING          COMMENT &#039;车辆识别代码(VIN)&#039;,
car_model       STRING          COMMENT &#039;车型名称&#039;,
guide_price     DECIMAL(20,2)   COMMENT &#039;官方指导价&#039;,
final_price     DECIMAL(20,2)   COMMENT &#039;最终成交价&#039;,
dealer_name     STRING          COMMENT &#039;交付中心&#039;,
order_status    INT             COMMENT &#039;状态: 3-已交付&#039;
)
COMMENT &#039;岚图汽车销售表-用于规则配置测试&#039;
PARTITIONED BY (
factory_date    STRING          COMMENT &#039;一级分区: 出厂日期 yyyyMMdd&#039;,
sale_date       STRING          COMMENT &#039;二级分区: 出售日期 yyyyMMdd&#039;
)
STORED AS ORC
TBLPROPERTIES (&#039;orc.compress&#039;=&#039;SNAPPY&#039;);


-- 2. 数据插入语句 (DML) - 共10条数据
-- 【场景A：正常数据】 4条
-- 出厂: 20260115 -> 出售: 20260201 (产销周期约半个月，正常)
INSERT INTO TABLE dwd_voyah_vehicle_sales_dates PARTITION (factory_date=&#039;20260115&#039;, sale_date=&#039;20260201&#039;)
VALUES
(&#039;ORD_20260201_001&#039;, &#039;LTV_FREE_001&#039;, &#039;岚图FREE&#039;, 266900.00, 261900.00, &#039;武汉交付中心&#039;, 3),
(&#039;ORD_20260201_002&#039;, &#039;LTV_DREAM_002&#039;, &#039;岚图梦想家&#039;, 369900.00, 365000.00, &#039;杭州交付中心&#039;, 3),
(&#039;ORD_20260201_003&#039;, &#039;LTV_PASSION_003&#039;, &#039;岚图追光&#039;, 252800.00, 252800.00, &#039;深圳交付中心&#039;, 3),
(&#039;ORD_20260201_004&#039;, &#039;LTV_FREE_004&#039;, &#039;岚图FREE&#039;, 266900.00, 260000.00, &#039;成都交付中心&#039;, 3);

-- 【场景B：库存积压】 3条
-- 出厂: 20251220 -> 出售: 20260201 (去年生产今年卖，跨年跨月)
-- 用于测试：手动输入分区范围查询 (例如 factory_date < &#039;20260101&#039;)
INSERT INTO TABLE dwd_voyah_vehicle_sales_dates PARTITION (factory_date=&#039;20251220&#039;, sale_date=&#039;20260201&#039;)
VALUES
(&#039;ORD_20260201_005&#039;, &#039;LTV_DREAM_OLD_01&#039;, &#039;岚图梦想家&#039;, 339900.00, 330000.00, &#039;武汉交付中心&#039;, 3),
(&#039;ORD_20260201_006&#039;, &#039;LTV_FREE_OLD_02&#039;, &#039;岚图FREE&#039;, 266900.00, 250000.00, &#039;上海交付中心&#039;, 3),
(&#039;ORD_20260201_007&#039;, &#039;LTV_PASSION_OLD_03&#039;, &#039;岚图追光&#039;, 252800.00, 248000.00, &#039;北京交付中心&#039;, 3);

-- 【场景C：逻辑脏数据】 2条
-- 出厂: 20260301 -> 出售: 20260201 (出厂日期晚于出售日期，逻辑错误)
-- 用于测试：质量规则校验 (WHERE factory_date > sale_date 应该触发告警)
INSERT INTO TABLE dwd_voyah_vehicle_sales_dates PARTITION (factory_date=&#039;20260301&#039;, sale_date=&#039;20260201&#039;)
VALUES
(&#039;ORD_ERR_001&#039;, &#039;LTV_FUTURE_001&#039;, &#039;岚图FREE&#039;, 266900.00, 266900.00, &#039;广州交付中心&#039;, 3),
(&#039;ORD_ERR_002&#039;, &#039;LTV_FUTURE_002&#039;, &#039;岚图梦想家&#039;, 369900.00, 369900.00, &#039;西安交付中心&#039;, 3);

-- 【场景D：极速产销】 1条
-- 出厂: 20260201 -> 出售: 20260201 (当天生产当天卖)
-- 用于测试：边界值校验
INSERT INTO TABLE dwd_voyah_vehicle_sales_dates PARTITION (factory_date=&#039;20260201&#039;, sale_date=&#039;20260201&#039;)
VALUES
(&#039;ORD_FAST_001&#039;, &#039;LTV_SPEED_001&#039;, &#039;岚图追光&#039;, 252800.00, 252800.00, &#039;武汉交付中心&#039;, 3);

-- 【场景E：字段级异常 (脏数据)】 4条
INSERT INTO TABLE dwd_voyah_vehicle_sales_dates PARTITION (factory_date=&#039;20260202&#039;, sale_date=&#039;20260202&#039;)
VALUES
-- 1. [NULL异常]: 车型名称为 NULL
(&#039;ORD_ERR_NULL&#039;, &#039;LTV_NULL_VAL&#039;, NULL, 266900.00, 260000.00, &#039;北京交付中心&#039;, 3),
-- 2. [空串异常]: 交付中心为 Empty String (&#039;&#039;)
(&#039;ORD_ERR_EMPTY&#039;, &#039;LTV_EMPTY_STR&#039;, &#039;岚图追光&#039;, 252800.00, 252800.00, &#039;&#039;, 3),
-- 3. [数值异常]: 最终成交价为负数 (-100.00)
(&#039;ORD_ERR_NEG&#039;, &#039;LTV_NEG_PRICE&#039;, &#039;岚图梦想家&#039;, 369900.00, -100.00, &#039;成都交付中心&#039;, 3),
-- 4. [空值异常]: VIN码为纯空格 (&#039;   &#039;), 且官方指导价丢失
(&#039;ORD_ERR_BLANK&#039;, &#039;   &#039;, &#039;岚图FREE&#039;, NULL, 0.00, &#039;重庆交付中心&#039;, 3);

-- 查询已创建的分区信息
SHOW PARTITIONS dwd_voyah_vehicle_sales_dates;","1. 进入【数据资产】-【数据质量】-【规则任务管理】页面
2. 新建监控规则, 配置如下:1) 监控对象: - 规则名称: rule01- 数据表: dwd_voyah_vehicle_sales_dates- 选择已有分区: factory_date=202602022) 监控规则: 完整性校验: - 生效范围: 字段级- 字段: final_price- 统计函数: 字段取值校验- 期望值: >= 03) 调度属性:- 调度周期: 时- 生效日期: T~T+1- 间隔时间: 1小时- 其它默认- 实例生成方式: T+1生成
3. 选择规则任务rule01, 关闭检测, 等待T+1生成
4. 进入【校验结果查询】, 检查实例详情页面","1. 进入成功
2. 配置成功
3. 生成成功
4. 校验结果: 校验通过","1. 
2. 
3. 
4. http://zenpms.dtstack.cn/zentao/bug-view-146407.html","","2","功能测试","功能测试阶段","正常","0","1","4","失败","向林","2026-02-06","向林","2026-02-06","1","",""
"179043","数据资产_STD(#23)","/版本迭代测试用例/v6.4.8/【规则任务配置优化】质量规则任务支持编辑分区信息(#10192)","【岚图】【规则任务配置优化】质量规则任务支持编辑分区信息(#15524)","规则任务管理❯ 运行方式 验证规则任务正常运行(立即生成)","建表语句如下:
-- 1. 建表语句 (DDL)
DROP TABLE IF EXISTS dwd_voyah_vehicle_sales_dates;
CREATE TABLE IF NOT EXISTS dwd_voyah_vehicle_sales_dates (
order_id        STRING          COMMENT &#039;销售订单号&#039;,
vin             STRING          COMMENT &#039;车辆识别代码(VIN)&#039;,
car_model       STRING          COMMENT &#039;车型名称&#039;,
guide_price     DECIMAL(20,2)   COMMENT &#039;官方指导价&#039;,
final_price     DECIMAL(20,2)   COMMENT &#039;最终成交价&#039;,
dealer_name     STRING          COMMENT &#039;交付中心&#039;,
order_status    INT             COMMENT &#039;状态: 3-已交付&#039;
)
COMMENT &#039;岚图汽车销售表-用于规则配置测试&#039;
PARTITIONED BY (
factory_date    STRING          COMMENT &#039;一级分区: 出厂日期 yyyyMMdd&#039;,
sale_date       STRING          COMMENT &#039;二级分区: 出售日期 yyyyMMdd&#039;
)
STORED AS ORC
TBLPROPERTIES (&#039;orc.compress&#039;=&#039;SNAPPY&#039;);


-- 2. 数据插入语句 (DML) - 共10条数据
-- 【场景A：正常数据】 4条
-- 出厂: 20260115 -> 出售: 20260201 (产销周期约半个月，正常)
INSERT INTO TABLE dwd_voyah_vehicle_sales_dates PARTITION (factory_date=&#039;20260115&#039;, sale_date=&#039;20260201&#039;)
VALUES
(&#039;ORD_20260201_001&#039;, &#039;LTV_FREE_001&#039;, &#039;岚图FREE&#039;, 266900.00, 261900.00, &#039;武汉交付中心&#039;, 3),
(&#039;ORD_20260201_002&#039;, &#039;LTV_DREAM_002&#039;, &#039;岚图梦想家&#039;, 369900.00, 365000.00, &#039;杭州交付中心&#039;, 3),
(&#039;ORD_20260201_003&#039;, &#039;LTV_PASSION_003&#039;, &#039;岚图追光&#039;, 252800.00, 252800.00, &#039;深圳交付中心&#039;, 3),
(&#039;ORD_20260201_004&#039;, &#039;LTV_FREE_004&#039;, &#039;岚图FREE&#039;, 266900.00, 260000.00, &#039;成都交付中心&#039;, 3);

-- 【场景B：库存积压】 3条
-- 出厂: 20251220 -> 出售: 20260201 (去年生产今年卖，跨年跨月)
-- 用于测试：手动输入分区范围查询 (例如 factory_date < &#039;20260101&#039;)
INSERT INTO TABLE dwd_voyah_vehicle_sales_dates PARTITION (factory_date=&#039;20251220&#039;, sale_date=&#039;20260201&#039;)
VALUES
(&#039;ORD_20260201_005&#039;, &#039;LTV_DREAM_OLD_01&#039;, &#039;岚图梦想家&#039;, 339900.00, 330000.00, &#039;武汉交付中心&#039;, 3),
(&#039;ORD_20260201_006&#039;, &#039;LTV_FREE_OLD_02&#039;, &#039;岚图FREE&#039;, 266900.00, 250000.00, &#039;上海交付中心&#039;, 3),
(&#039;ORD_20260201_007&#039;, &#039;LTV_PASSION_OLD_03&#039;, &#039;岚图追光&#039;, 252800.00, 248000.00, &#039;北京交付中心&#039;, 3);

-- 【场景C：逻辑脏数据】 2条
-- 出厂: 20260301 -> 出售: 20260201 (出厂日期晚于出售日期，逻辑错误)
-- 用于测试：质量规则校验 (WHERE factory_date > sale_date 应该触发告警)
INSERT INTO TABLE dwd_voyah_vehicle_sales_dates PARTITION (factory_date=&#039;20260301&#039;, sale_date=&#039;20260201&#039;)
VALUES
(&#039;ORD_ERR_001&#039;, &#039;LTV_FUTURE_001&#039;, &#039;岚图FREE&#039;, 266900.00, 266900.00, &#039;广州交付中心&#039;, 3),
(&#039;ORD_ERR_002&#039;, &#039;LTV_FUTURE_002&#039;, &#039;岚图梦想家&#039;, 369900.00, 369900.00, &#039;西安交付中心&#039;, 3);

-- 【场景D：极速产销】 1条
-- 出厂: 20260201 -> 出售: 20260201 (当天生产当天卖)
-- 用于测试：边界值校验
INSERT INTO TABLE dwd_voyah_vehicle_sales_dates PARTITION (factory_date=&#039;20260201&#039;, sale_date=&#039;20260201&#039;)
VALUES
(&#039;ORD_FAST_001&#039;, &#039;LTV_SPEED_001&#039;, &#039;岚图追光&#039;, 252800.00, 252800.00, &#039;武汉交付中心&#039;, 3);

-- 【场景E：字段级异常 (脏数据)】 4条
INSERT INTO TABLE dwd_voyah_vehicle_sales_dates PARTITION (factory_date=&#039;20260202&#039;, sale_date=&#039;20260202&#039;)
VALUES
-- 1. [NULL异常]: 车型名称为 NULL
(&#039;ORD_ERR_NULL&#039;, &#039;LTV_NULL_VAL&#039;, NULL, 266900.00, 260000.00, &#039;北京交付中心&#039;, 3),
-- 2. [空串异常]: 交付中心为 Empty String (&#039;&#039;)
(&#039;ORD_ERR_EMPTY&#039;, &#039;LTV_EMPTY_STR&#039;, &#039;岚图追光&#039;, 252800.00, 252800.00, &#039;&#039;, 3),
-- 3. [数值异常]: 最终成交价为负数 (-100.00)
(&#039;ORD_ERR_NEG&#039;, &#039;LTV_NEG_PRICE&#039;, &#039;岚图梦想家&#039;, 369900.00, -100.00, &#039;成都交付中心&#039;, 3),
-- 4. [空值异常]: VIN码为纯空格 (&#039;   &#039;), 且官方指导价丢失
(&#039;ORD_ERR_BLANK&#039;, &#039;   &#039;, &#039;岚图FREE&#039;, NULL, 0.00, &#039;重庆交付中心&#039;, 3);

-- 查询已创建的分区信息
SHOW PARTITIONS dwd_voyah_vehicle_sales_dates;","1. 进入【数据资产】-【数据质量】-【规则任务管理】页面
2. 新建监控规则, 配置如下:1) 监控对象: - 规则名称: rule01- 数据表: dwd_voyah_vehicle_sales_dates- 选择已有分区: factory_date=202602022) 监控规则: 完整性校验: - 生效范围: 字段级- 字段: final_price- 统计函数: 字段取值校验- 期望值: >= 03) 调度属性:- 调度周期: 时- 生效日期: T~T+1- 间隔时间: 1小时- 其它默认- 实例生成方式: 「立即生成」
3. 立即生成规则任务实例
4. 进入【校验结果查询】, 检查实例详情页面
5. 进入【规则任务管理】, 编辑rule01, 修改分区: factory_date=20260115 , 点击数据预览
6. 后面配置不变, 保存后再次立即生成任务
7. 进入【校验结果查询】, 检查实例详情页面","1. 进入成功
2. 配置成功
3. 生成成功
4. 校验结果: 校验不通过
5. 数据预览成功: 3条数据
6. 生成成功
7. 校验结果: 校验通过","1. 
2. 
3. http://zenpms.dtstack.cn/zentao/bug-view-146402.html
4. 
5. 
6. 
7.","","1","功能测试","功能测试阶段","正常","0","1","7","失败","向林","2026-02-06","向林","2026-02-06","1","",""
"179042","数据资产_STD(#23)","/版本迭代测试用例/v6.4.8/【规则任务配置优化】质量规则任务支持编辑分区信息(#10192)","【岚图】【规则任务配置优化】质量规则任务支持编辑分区信息(#15524)","规则任务管理❯ 运行方式 验证规则任务正常运行(T+1生成)","建表语句如下:
-- 1. 建表语句 (DDL)
DROP TABLE IF EXISTS dwd_voyah_vehicle_sales_dates;
CREATE TABLE IF NOT EXISTS dwd_voyah_vehicle_sales_dates (
order_id        STRING          COMMENT &#039;销售订单号&#039;,
vin             STRING          COMMENT &#039;车辆识别代码(VIN)&#039;,
car_model       STRING          COMMENT &#039;车型名称&#039;,
guide_price     DECIMAL(20,2)   COMMENT &#039;官方指导价&#039;,
final_price     DECIMAL(20,2)   COMMENT &#039;最终成交价&#039;,
dealer_name     STRING          COMMENT &#039;交付中心&#039;,
order_status    INT             COMMENT &#039;状态: 3-已交付&#039;
)
COMMENT &#039;岚图汽车销售表-用于规则配置测试&#039;
PARTITIONED BY (
factory_date    STRING          COMMENT &#039;一级分区: 出厂日期 yyyyMMdd&#039;,
sale_date       STRING          COMMENT &#039;二级分区: 出售日期 yyyyMMdd&#039;
)
STORED AS ORC
TBLPROPERTIES (&#039;orc.compress&#039;=&#039;SNAPPY&#039;);


-- 2. 数据插入语句 (DML) - 共10条数据
-- 【场景A：正常数据】 4条
-- 出厂: 20260115 -> 出售: 20260201 (产销周期约半个月，正常)
INSERT INTO TABLE dwd_voyah_vehicle_sales_dates PARTITION (factory_date=&#039;20260115&#039;, sale_date=&#039;20260201&#039;)
VALUES
(&#039;ORD_20260201_001&#039;, &#039;LTV_FREE_001&#039;, &#039;岚图FREE&#039;, 266900.00, 261900.00, &#039;武汉交付中心&#039;, 3),
(&#039;ORD_20260201_002&#039;, &#039;LTV_DREAM_002&#039;, &#039;岚图梦想家&#039;, 369900.00, 365000.00, &#039;杭州交付中心&#039;, 3),
(&#039;ORD_20260201_003&#039;, &#039;LTV_PASSION_003&#039;, &#039;岚图追光&#039;, 252800.00, 252800.00, &#039;深圳交付中心&#039;, 3),
(&#039;ORD_20260201_004&#039;, &#039;LTV_FREE_004&#039;, &#039;岚图FREE&#039;, 266900.00, 260000.00, &#039;成都交付中心&#039;, 3);

-- 【场景B：库存积压】 3条
-- 出厂: 20251220 -> 出售: 20260201 (去年生产今年卖，跨年跨月)
-- 用于测试：手动输入分区范围查询 (例如 factory_date < &#039;20260101&#039;)
INSERT INTO TABLE dwd_voyah_vehicle_sales_dates PARTITION (factory_date=&#039;20251220&#039;, sale_date=&#039;20260201&#039;)
VALUES
(&#039;ORD_20260201_005&#039;, &#039;LTV_DREAM_OLD_01&#039;, &#039;岚图梦想家&#039;, 339900.00, 330000.00, &#039;武汉交付中心&#039;, 3),
(&#039;ORD_20260201_006&#039;, &#039;LTV_FREE_OLD_02&#039;, &#039;岚图FREE&#039;, 266900.00, 250000.00, &#039;上海交付中心&#039;, 3),
(&#039;ORD_20260201_007&#039;, &#039;LTV_PASSION_OLD_03&#039;, &#039;岚图追光&#039;, 252800.00, 248000.00, &#039;北京交付中心&#039;, 3);

-- 【场景C：逻辑脏数据】 2条
-- 出厂: 20260301 -> 出售: 20260201 (出厂日期晚于出售日期，逻辑错误)
-- 用于测试：质量规则校验 (WHERE factory_date > sale_date 应该触发告警)
INSERT INTO TABLE dwd_voyah_vehicle_sales_dates PARTITION (factory_date=&#039;20260301&#039;, sale_date=&#039;20260201&#039;)
VALUES
(&#039;ORD_ERR_001&#039;, &#039;LTV_FUTURE_001&#039;, &#039;岚图FREE&#039;, 266900.00, 266900.00, &#039;广州交付中心&#039;, 3),
(&#039;ORD_ERR_002&#039;, &#039;LTV_FUTURE_002&#039;, &#039;岚图梦想家&#039;, 369900.00, 369900.00, &#039;西安交付中心&#039;, 3);

-- 【场景D：极速产销】 1条
-- 出厂: 20260201 -> 出售: 20260201 (当天生产当天卖)
-- 用于测试：边界值校验
INSERT INTO TABLE dwd_voyah_vehicle_sales_dates PARTITION (factory_date=&#039;20260201&#039;, sale_date=&#039;20260201&#039;)
VALUES
(&#039;ORD_FAST_001&#039;, &#039;LTV_SPEED_001&#039;, &#039;岚图追光&#039;, 252800.00, 252800.00, &#039;武汉交付中心&#039;, 3);

-- 【场景E：字段级异常 (脏数据)】 4条
INSERT INTO TABLE dwd_voyah_vehicle_sales_dates PARTITION (factory_date=&#039;20260202&#039;, sale_date=&#039;20260202&#039;)
VALUES
-- 1. [NULL异常]: 车型名称为 NULL
(&#039;ORD_ERR_NULL&#039;, &#039;LTV_NULL_VAL&#039;, NULL, 266900.00, 260000.00, &#039;北京交付中心&#039;, 3),
-- 2. [空串异常]: 交付中心为 Empty String (&#039;&#039;)
(&#039;ORD_ERR_EMPTY&#039;, &#039;LTV_EMPTY_STR&#039;, &#039;岚图追光&#039;, 252800.00, 252800.00, &#039;&#039;, 3),
-- 3. [数值异常]: 最终成交价为负数 (-100.00)
(&#039;ORD_ERR_NEG&#039;, &#039;LTV_NEG_PRICE&#039;, &#039;岚图梦想家&#039;, 369900.00, -100.00, &#039;成都交付中心&#039;, 3),
-- 4. [空值异常]: VIN码为纯空格 (&#039;   &#039;), 且官方指导价丢失
(&#039;ORD_ERR_BLANK&#039;, &#039;   &#039;, &#039;岚图FREE&#039;, NULL, 0.00, &#039;重庆交付中心&#039;, 3);

-- 查询已创建的分区信息
SHOW PARTITIONS dwd_voyah_vehicle_sales_dates;","1. 进入【数据资产】-【数据质量】-【规则任务管理】页面
2. 新建监控规则, 配置如下:1) 监控对象: - 规则名称: rule01- 数据表: dwd_voyah_vehicle_sales_dates- 选择已有分区: factory_date=202602022) 监控规则: 完整性校验: - 生效范围: 字段级- 字段: final_price- 统计函数: 字段取值校验- 期望值: >= 03) 调度属性:- 调度周期: 时- 生效日期: T~T+1- 间隔时间: 1小时- 其它默认- 实例生成方式: 「T+1生成」
3. 等待T+1生成规则任务实例
4. 进入【校验结果查询】, 检查实例详情页面
5. 进入【规则任务管理】, 编辑rule01, 修改分区: factory_date=20260115 , 点击数据预览
6. 后面配置不变, 保存后再次等待T+1生成规则任务实例
7. 进入【校验结果查询】, 检查实例详情页面
8. 进入规则任务详情「编辑调度属性」配置页面, 将「T+1生成」, 改为「立即生成」后, 保存
9. 立即生成规则任务实例
10. 进入【校验结果查询】, 检查实例详情页面","1. 进入成功
2. 配置成功
3. 实例生成成功
4. 校验结果: 校验不通过
5. 数据预览成功: 3条数据
6. 实例生成成功
7. 校验结果: 校验通过
8. 配置变更成功
9. 生成成功
10. 校验结果: 校验通过","1. 
2. 
3. http://zenpms.dtstack.cn/zentao/bug-view-146402.html
4. 
5. 
6. 
7. 
8. 
9. 
10.","","2","功能测试","功能测试阶段","正常","0","1","10","失败","向林","2026-02-06","向林","2026-02-06","1","",""
"179041","数据资产_STD(#23)","/版本迭代测试用例/v6.4.8/【规则任务配置优化】质量规则任务支持编辑分区信息(#10192)","【岚图】【规则任务配置优化】质量规则任务支持编辑分区信息(#15524)","规则任务管理❯ 运行方式 验证规则任务支持「实例生成方式」","无","1. 进入【数据资产】-【数据质量】-【规则任务管理】页面
2. 新建规则任务A, 配置监控对象、监控规则后, 检查调度属性页面
3. 检查实例生成方式配置项
4. 保存规则任务, 检查规则任务详情页
5. 选择规则任务A, 进入任务详情页-「编辑调度属性」配置页面
6. 检查实例生成方式配置项","1. 进入成功
2. 调度配置中新增字段: 实例生成方式
3. 1) 枚举: T+1生成(默认)、立即生成2) 悬浮提示: 选中「T+1生成」，代表实例生成按照配置项设置的时间生成实例，默认是22：00；选中「立即生成」，代表提交后立即生成当天开始未来时间内的实例，之后的实例生成还是按照配置项设置的时间生成实例；
4. 新增字段: 实例生成方式, 回显内容正确
5. 调度配置中存在字段: 实例生成方式
6. 1) 枚举: T+1生成(默认)、立即生成2) 悬浮提示: 选中「T+1生成」，代表实例生成按照配置项设置的时间生成实例，默认是22：00；选中「立即生成」，代表提交后立即生成当天开始未来时间内的实例，之后的实例生成还是按照配置项设置的时间生成实例；","1. 
2. 
3. 
4. http://zenpms.dtstack.cn/zentao/bug-view-146400.html
5. http://zenpms.dtstack.cn/zentao/bug-view-146400.html
6. http://zenpms.dtstack.cn/zentao/bug-view-146400.html","","2","功能测试","功能测试阶段","正常","0","1","6","失败","向林","2026-02-06","向林","2026-02-06","1","",""
"179040","数据资产_STD(#23)","/版本迭代测试用例/v6.4.8/【规则任务配置优化】质量规则任务支持编辑分区信息(#10192)","【岚图】【规则任务配置优化】质量规则任务支持编辑分区信息(#15524)","规则任务管理❯ 验证规则任务支持编辑分区操作","规则任务列表已存在监控对象为分区表的任务A","1. 进入【数据资产】-【数据质量】-【规则任务管理】页面
2. 选择规则任务A, 进入编辑页","1. 进入成功
2. 1) 分区配置处于可编辑状态2) 分区配置信息回显正常","1. 
2.","","2","功能测试","功能测试阶段","正常","0","1","2","通过","向林","2026-02-06","向林","2026-02-06","1","",""
"179039","数据资产_STD(#23)","/版本迭代测试用例/v6.4.8/【质量规则库】内置规则增加规则项(#10191)","【岚图】【质量规则库】内置规则增加规则项(#15531)","规则库配置❯ 验证【其它历史内置规则】规则状态变更正常","无","1. 进入【数据资产】-【数据质量】-【规则库配置】页面
2. 选择【其它历史内置规则】, 开启所有规则状态
3. 进入【规则集管理】, 新建规则集-监控规则配置页面
4. 点击「添加规则」, 检查下拉框数据
5. 选择完整性校验, 检查校验规则块中可选的内置规则
6. 依次选择有效性校验、唯一性校验、统计性校验, 检查规则块中的可选内置规则
7. 在「规则库配置」中, 关闭完整性校验~统计性校验的内置规则
8. 重新进入【规则集管理】, 新建规则集-监控规则配置页面, 检查添加规则后的可选内置规则","1. 进入成功
2. 开启成功
3. 进入成功
4. 历史规则分类正常选择
5. 所有内置规则均可选择
6. 所有内置规则均可选择
7. 规则状态全部关闭
8. 已关闭的内置规则不再支持选择","1. 
2. 
3. 
4. 
5. 
6. 
7. 
8.","","2","功能测试","功能测试阶段","正常","0","0","8","","向林","2026-02-06","向林","2026-02-06","1","",""
"179038","数据资产_STD(#23)","/版本迭代测试用例/v6.4.8/【质量规则库】内置规则增加规则项(#10191)","【岚图】【质量规则库】内置规则增加规则项(#15531)","规则库配置❯ 验证【内置规则-单调递增、单调递减校验】规则状态变更正常","无","1. 进入【数据资产】-【数据质量】-【规则库配置】页面
2. 选择【内置规则-单调递增、单调递减校验】, 开启规则状态
3. 进入【规则集管理】, 新建规则集-监控规则配置页面
4. 选择合理性校验后, 检查校验规则配置项
5. 返回规则库配置, 关闭【内置规则-单调递增、单调递减校验】规则状态
6. 重新进入规则集管理, 配置监控规则, 选择一致性校验
7. 返回规则库配置, 筛选出所有【规则分类】为合理性校验的内置规则, 并关闭规则状态
8. 重新进入规则集管理, 配置监控规则","1. 进入成功
2. 开启成功
3. 进入成功
4. 1) 支持配置规则: 单调递增、单调递减校验
2) 选择该规则包的任务支持配置该内置规则
5. 关闭成功
6. 1) 合理性校验中: 不再支持配置规则(单调递增、单调递减校验)
2) 选择该规则包的任务也不支持配置该内置规则
7. 关闭成功
8. 1) 添加规则中不再支持: 合理性校验
2) 选择该规则包的任务也不支持配置该规则类型","1. 
2. 
3. 
4. 
5. 
6. 
7. 
8.","","1","功能测试","功能测试阶段","正常","0","4","8","通过","向林","2026-02-06","向林","2026-03-04","2","",""
"179037","数据资产_STD(#23)","/版本迭代测试用例/v6.4.8/【质量规则库】内置规则增加规则项(#10191)","【岚图】【质量规则库】内置规则增加规则项(#15531)","规则库配置❯ 验证【内置规则-多字段时间差校验&单字段时间差校验】规则状态变更正常","无","1. 进入【数据资产】-【数据质量】-【规则库配置】页面
2. 选择【内置规则-多字段时间差校验&单字段时间差校验】, 开启规则状态
3. 进入【规则集管理】, 新建规则集-监控规则配置页面
4. 点击【添加规则】
5. 添加时效性校验后, 检查校验规则配置项
6. 返回规则库配置, 关闭【内置规则-多字段时间差校验、单字段时间差校验】规则状态
7. 重新进入规则集管理, 配置监控规则, 选择时效性校验
8. 返回规则库配置, 筛选出所有【规则分类】为时效性校验的内置规则, 并关闭规则状态
9. 重新进入规则集管理, 配置监控规则","1. 进入成功
2. 开启成功
3. 进入成功
4. 新增三个规则分类: 1) 时效性校验2) 合理性校验
5. 1) 支持配置规则: 多字段时间差校验、单字段时间差校验2) 选择该规则包的任务也不支持配置该内置规则
6. 关闭成功
7. 1) 时效性校验中: 不再支持配置规则(多字段时间差校验、单字段时间差校验)2) 选择该规则包的任务也不支持配置该内置规则
8. 关闭成功
9. 1) 添加规则中不再支持: 时效性校验2) 选择该规则包的任务也不支持配置该规则类型","1. 
2. 
3. 
4. 
5. 
6. 
7. 
8. 
9.","","2","功能测试","功能测试阶段","正常","0","0","9","","向林","2026-02-06","向林","2026-02-06","1","",""
"179036","数据资产_STD(#23)","/版本迭代测试用例/v6.4.8/【质量规则库】内置规则增加规则项(#10191)","【岚图】【质量规则库】内置规则增加规则项(#15531)","规则库配置❯ 验证【导出规则库】中的内置规则正确","无","1. 进入【数据资产】-【数据质量】-【规则库配置】页面
2. 点击导出规则库并保存
3. 检查导出文件内容
4. 检查内置规则信息","1. 进入成功
2. 保存成功
3. 包含新增内置规则: 1) 及时性校验2) 周期性校验3) 数据变化趋势不再显示隐藏规则:1) 重复值检测2) NULL值检测
4. 规则信息正确","1. 
2. 
3. 
4.","","1","功能测试","功能测试阶段","正常","0","3","4","通过","向林","2026-02-06","向林","2026-02-06","1","",""
"179035","数据资产_STD(#23)","/版本迭代测试用例/v6.4.8/【质量规则库】内置规则增加规则项(#10191)","【岚图】【质量规则库】内置规则增加规则项(#15531)","规则库配置❯ 验证【合理性校验】筛选功能正常","无","1. 进入【数据资产】-【数据质量】-【规则库配置】页面
2. 规则分类分类筛选: 合理性校验
3. 规则分类分类筛选: 合理性校验 + 有效性校验
4. 重置后, 确定","1. 进入成功
2. 筛选成功, 结果正确
3. 组合筛选成功, 结果正确
4. 筛选成功, 结果正确","1. 
2. 
3. 
4.","","2","功能测试","功能测试阶段","正常","0","0","4","","向林","2026-02-06","向林","2026-02-06","1","",""
"179034","数据资产_STD(#23)","/版本迭代测试用例/v6.4.8/【质量规则库】内置规则增加规则项(#10191)","【岚图】【质量规则库】内置规则增加规则项(#15531)","规则库配置❯ 验证【时效性校验】筛选功能正常","无","1. 进入【数据资产】-【数据质量】-【规则库配置】页面
2. 规则分类分类筛选: 时效性校验
3. 规则分类分类筛选: 时效性校验 + 唯一性校验
4. 重置后, 确定","1. 进入成功
2. 筛选成功, 结果正确
3. 组合筛选成功, 结果正确
4. 筛选成功, 结果正确","1. 
2. 
3. 
4.","","2","功能测试","功能测试阶段","正常","0","0","4","","向林","2026-02-06","向林","2026-02-06","1","",""
"179033","数据资产_STD(#23)","/版本迭代测试用例/v6.4.8/【质量规则库】内置规则增加规则项(#10191)","【岚图】【质量规则库】内置规则增加规则项(#15531)","规则库配置❯ 验证新增规则分类正确","规则库配置列表已存在“一致性校验”、“时效性校验”、“合理性校验”的记录","1. 进入【数据资产】-【数据质量】-【规则库配置】页面
2. 点击规则分类筛选项","1. 进入成功
2. 规则分类新增“一致性校验“、“时效性校验“、“合理性校验“","1. 
2.","","3","功能测试","功能测试阶段","正常","0","0","2","","向林","2026-02-06","向林","2026-02-06","1","",""
"179032","数据资产_STD(#23)","/版本迭代测试用例/v6.4.8/【质量规则库】内置规则增加规则项(#10191)","【岚图】【质量规则库】内置规则增加规则项(#15531)","规则库配置❯ 验证重复内置规则隐藏","无","1. 进入【数据资产】-【数据质量】-【规则库配置】页面
2. 检查内置规则列表
3. 进入【规则集管理】, 新建规则集-监控规则配置页面, 添加「有效性校验」规则
4. 检查有效性校验块的配置项","1. 进入成功
2. 1) 规则分类为「有效性校验」，规则名称为「重复值检测」、「null值检测」的规则隐藏，不做展示2) 规则状态默认为关闭状态
3. 添加成功
4. 不再支持选择重复值检测、NULL值检测的规则","1. 
2. 
3. 
4.","","2","功能测试","功能测试阶段","正常","0","0","4","","向林","2026-02-06","向林","2026-02-06","1","",""
"179031","数据资产_STD(#23)","/版本迭代测试用例/v6.4.8/【质量规则库】内置规则增加规则项(#10191)","【岚图】【质量规则库】内置规则增加规则项(#15531)","规则库配置❯ 验证新增内置规则","无","1. 进入【数据资产】-【数据质量】-【规则库配置】页面
2. 检查内置规则列表
3. 检查新增内置规则: 及时性校验
4. 检查新增内置规则: 周期性校验
5. 检查新增内置规则: 数据变化趋势","1. 进入成功
2. 新增3个内置规则
3. 1) 规则名称: 及时性校验2) 规则解释: 多字段时间差校验3) 规则分类: 时效性校验4) 关联范围: 字段5) 规则描述: 比较两个时间类型字段之间的时间差是否符合要求，支持校验多个字段组时间差
4. 1) 规则名称: 周期性校验2) 规则解释: 单字段时间差校验3) 规则分类: 时效性校验4) 关联范围: 字段5) 规则描述: 比较时间字段内相邻两行数据的时间差是否符合要求
5. 1) 规则名称: 数据变化趋势2) 规则解释: 单调递增、单调递减校验3) 规则分类: 合理性校验4) 关联范围: 字段5) 规则描述: 比较字段内数据排序后是否符合单调递增/单调递减的逻辑","1. 
2. 
3. 
4. 
5.","","1","功能测试","功能测试阶段","正常","0","3","5","通过","向林","2026-02-06","向林","2026-02-06","1","",""
"179030","数据资产_STD(#23)","/版本迭代测试用例/v6.4.8/【规则调度设置】spark任务调参(#10190)","【岚图】【规则调度设置】spark任务调参(#15532)","规则任务管理❯ 验证Spark环境参数配置生效(spark.driver.maxResultSize)","无","1. 进入【数据资产】-【数据质量】-【规则任务管理】页面
2. 点击新建监控规则, 依次配置监控对象(SparkThrift2.x), 监控规则后, 点击下一步
3. 点击【环境参数配置】, 设置spark.driver.maxResultSize=2g 后保存
4. 运行规则任务
5. 进入Apache Hadoop YARN界面, 点击 Tracking UI: ApplicationMaster，在 Environment 页签确认该参数值","1. 进入成功
2. 进入【新建单表校验规则 ❯ 调度属性】配置页面
3. 规则任务保存成功
4. 任务运行成功, 校验结果正常
5. 应为2g","1. 
2. 
3. 
4. 
5.","","2","功能测试","功能测试阶段","正常","0","0","5","","向林","2026-02-06","向林","2026-02-06","1","",""
"179029","数据资产_STD(#23)","/版本迭代测试用例/v6.4.8/【规则调度设置】spark任务调参(#10190)","【岚图】【规则调度设置】spark任务调参(#15532)","规则任务管理❯ 验证Spark环境参数配置生效(logLevel)","无","1. 进入【数据资产】-【数据质量】-【规则任务管理】页面
2. 点击新建监控规则, 依次配置监控对象(SparkThrift2.x), 监控规则后, 点击下一步
3. 点击【环境参数配置】, 设置logLevel=ERROR 后保存
4. 运行规则任务
5. 进入Apache Hadoop YARN界面, 点击 Tracking UI: ApplicationMaster -❯ Executors -❯ stderr/stdout","1. 进入成功
2. 进入【新建单表校验规则 ❯ 调度属性】配置页面
3. 规则任务保存成功
4. 任务运行成功, 校验结果正常
5. 日志不再打印 INFO 级别信息","1. 
2. 
3. 
4. 
5.","","1","功能测试","功能测试阶段","正常","0","2","5","通过","向林","2026-02-06","向林","2026-02-06","1","",""
"179028","数据资产_STD(#23)","/版本迭代测试用例/v6.4.8/【规则调度设置】spark任务调参(#10190)","【岚图】【规则调度设置】spark任务调参(#15532)","规则任务管理❯ 验证Spark环境参数配置生效(spark.speculation)","无","1. 进入【数据资产】-【数据质量】-【规则任务管理】页面
2. 点击新建监控规则, 依次配置监控对象(SparkThrift2.x), 监控规则后, 点击下一步
3. 点击【环境参数配置】, 设置spark.speculation=true 后保存
4. 运行规则任务
5. 进入Apache Hadoop YARN界面, 点击 Tracking UI: ApplicationMaster，在 Environment 页签确认 spark.speculation","1. 进入成功
2. 进入【新建单表校验规则 ❯ 调度属性】配置页面
3. 规则任务保存成功
4. 任务运行成功, 校验结果正常
5. 应为true","1. 
2. 
3. 
4. 
5.","","2","功能测试","功能测试阶段","正常","0","0","5","","向林","2026-02-06","向林","2026-02-06","1","",""
"179027","数据资产_STD(#23)","/版本迭代测试用例/v6.4.8/【规则调度设置】spark任务调参(#10190)","【岚图】【规则调度设置】spark任务调参(#15532)","规则任务管理❯ 验证Spark环境参数配置生效(spark.network.timeout)","无","1. 进入【数据资产】-【数据质量】-【规则任务管理】页面
2. 点击新建监控规则, 依次配置监控对象(SparkThrift2.x), 监控规则后, 点击下一步
3. 点击【环境参数配置】, 设置spark.network.timeout=300s 后保存
4. 运行规则任务
5. 进入Apache Hadoop YARN界面, 点击 Tracking UI: ApplicationMaster，在 Environment 页签搜索该参数","1. 进入成功
2. 进入【新建单表校验规则 ❯ 调度属性】配置页面
3. 规则任务保存成功
4. 任务运行成功, 校验结果正常
5. 确认 Value 为 300s","1. 
2. 
3. 
4. 
5.","","2","功能测试","功能测试阶段","正常","0","0","5","","向林","2026-02-06","向林","2026-02-06","1","",""
"179026","数据资产_STD(#23)","/版本迭代测试用例/v6.4.8/【规则调度设置】spark任务调参(#10190)","【岚图】【规则调度设置】spark任务调参(#15532)","规则任务管理❯ 验证Spark环境参数配置生效(spark.sql.shuffle.partitions)","无","1. 进入【数据资产】-【数据质量】-【规则任务管理】页面
2. 点击新建监控规则, 依次配置监控对象(SparkThrift2.x), 监控规则后, 点击下一步
3. 点击【环境参数配置】, 设置spark.sql.shuffle.partitions=10 后保存
4. 运行规则任务
5. 进入Apache Hadoop YARN界面, 点击 Tracking UI: ApplicationMaster 进入 Spark UI，在 Stages 页签查看 Shuffle 操作的 Tasks 总数","1. 进入成功
2. 进入【新建单表校验规则 ❯ 调度属性】配置页面
3. 规则任务保存成功
4. 任务运行成功, 校验结果正常
5. 应为 10","1. 
2. 
3. 
4. 
5.","","2","功能测试","功能测试阶段","正常","0","0","5","","向林","2026-02-06","向林","2026-02-06","1","",""
"179025","数据资产_STD(#23)","/版本迭代测试用例/v6.4.8/【规则调度设置】spark任务调参(#10190)","【岚图】【规则调度设置】spark任务调参(#15532)","规则任务管理❯ 验证Spark环境参数配置生效(spark.yarn.executor.memoryOverhead)","无","1. 进入【数据资产】-【数据质量】-【规则任务管理】页面
2. 点击新建监控规则, 依次配置监控对象(SparkThrift2.x), 监控规则后, 点击下一步
3. 点击【环境参数配置】, 设置spark.yarn.executor.memoryOverhead=1024(1g) 后保存
4. 运行规则任务
5. 进入Apache Hadoop YARN界面, 检查【 Allocated Memory MB】字段下, 对应任务的值","1. 进入成功
2. 进入【新建单表校验规则 ❯ 调度属性】配置页面
3. 规则任务保存成功
4. 任务运行成功, 校验结果正常
5. Allocated Memory MB 总量会增加。例如 executor.memory 为 1g 时，该字段应显示约 2048MB","1. 
2. 
3. 
4. 
5.","","2","功能测试","功能测试阶段","正常","0","0","5","","向林","2026-02-06","向林","2026-02-06","1","",""
"179024","数据资产_STD(#23)","/版本迭代测试用例/v6.4.8/【规则调度设置】spark任务调参(#10190)","【岚图】【规则调度设置】spark任务调参(#15532)","规则任务管理❯ 验证Spark环境参数配置生效(spark.driver.memory)","无","1. 进入【数据资产】-【数据质量】-【规则任务管理】页面
2. 点击新建监控规则, 依次配置监控对象(SparkThrift2.x), 监控规则后, 点击下一步
3. 点击【环境参数配置】, 设置spark.driver.memory=2g 后保存
4. 运行规则任务
5. 进入Apache Hadoop YARN界面, 检查【 Allocated Memory MB】字段下, 对应任务的值","1. 进入成功
2. 进入【新建单表校验规则 ❯ 调度属性】配置页面
3. 规则任务保存成功
4. 任务运行成功, 校验结果正常
5. 找到 AppMaster 对应的那个 Container，其 Allocated Memory MB 应为 2048MB + Overhead","1. 
2. 
3. 
4. 
5.","","2","功能测试","功能测试阶段","正常","0","0","5","","向林","2026-02-06","向林","2026-02-06","1","",""
"179023","数据资产_STD(#23)","/版本迭代测试用例/v6.4.8/【规则调度设置】spark任务调参(#10190)","【岚图】【规则调度设置】spark任务调参(#15532)","规则任务管理❯ 验证Spark环境参数配置生效(spark.driver.cores)","无","1. 进入【数据资产】-【数据质量】-【规则任务管理】页面
2. 点击新建监控规则, 依次配置监控对象(SparkThrift2.x), 监控规则后, 点击下一步
3. 点击【环境参数配置】, 设置spark.driver.cores=2 后保存
4. 运行规则任务
5. 进入Apache Hadoop YARN界面, 检查【Allocated CPU Vcores】字段下, 对应任务的值","1. 进入成功
2. 进入【新建单表校验规则 ❯ 调度属性】配置页面
3. 规则任务保存成功
4. 任务运行成功, 校验结果正常
5. Allocated CPU Vcores 的总量应在默认基础上增加 1（因为 Driver 占用了更多核）","1. 
2. 
3. 
4. 
5.","","2","功能测试","功能测试阶段","正常","0","0","5","","向林","2026-02-06","向林","2026-02-06","1","",""
"179022","数据资产_STD(#23)","/版本迭代测试用例/v6.4.8/【规则调度设置】spark任务调参(#10190)","【岚图】【规则调度设置】spark任务调参(#15532)","规则任务管理❯ 验证Spark环境参数配置生效(spark.executor.memory)","无","1. 进入【数据资产】-【数据质量】-【规则任务管理】页面
2. 点击新建监控规则, 依次配置监控对象(SparkThrift2.x), 监控规则后, 点击下一步
3. 点击【环境参数配置】, 设置spark.executor.memory=2g 后保存
4. 运行规则任务
5. 进入Apache Hadoop YARN界面, 检查【Allocated Memory MB】字段下, 对应任务的值","1. 进入成功
2. 进入【新建单表校验规则 ❯ 调度属性】配置页面
3. 规则任务保存成功
4. 任务运行成功, 校验结果正常
5. 单个 Container 的 Allocated Memory MB 应显著增加（通常显示为 2048MB + Overhead","1. 
2. 
3. 
4. 
5.","","2","功能测试","功能测试阶段","正常","0","0","5","","向林","2026-02-06","向林","2026-02-06","1","",""
"179021","数据资产_STD(#23)","/版本迭代测试用例/v6.4.8/【规则调度设置】spark任务调参(#10190)","【岚图】【规则调度设置】spark任务调参(#15532)","规则任务管理❯ 验证Spark环境参数配置生效(spark.executor.cores)","无","1. 进入【数据资产】-【数据质量】-【规则任务管理】页面
2. 点击新建监控规则, 依次配置监控对象(SparkThrift2.x), 监控规则后, 点击下一步
3. 点击【环境参数配置】, 设置spark.executor.cores=2 后保存
4. 运行规则任务
5. 进入Apache Hadoop YARN界面, 检查【Allocated CPU Vcores】字段下, 对应任务的值","1. 进入成功
2. 进入【新建单表校验规则 ❯ 调度属性】配置页面
3. 规则任务保存成功
4. 任务运行成功, 校验结果正常
5. 【Allocated CPU Vcores】 字段应显示为：3 = instances * 2 + driver.cores","1. 
2. 
3. 
4. 
5.","","1","功能测试","功能测试阶段","正常","0","2","5","通过","向林","2026-02-06","向林","2026-02-06","1","",""
"179020","数据资产_STD(#23)","/版本迭代测试用例/v6.4.8/【规则调度设置】spark任务调参(#10190)","【岚图】【规则调度设置】spark任务调参(#15532)","规则任务管理❯ 验证Spark环境参数配置生效(spark.executor.instances)","无","1. 进入【数据资产】-【数据质量】-【规则任务管理】页面
2. 点击新建监控规则, 依次配置监控对象(SparkThrift2.x), 监控规则后, 点击下一步
3. 点击【环境参数配置】, 设置spark.executor.instances=3 后保存
4. 运行规则任务
5. 进入Apache Hadoop YARN界面, 检查【Running Containers】字段下, 对应任务的值","1. 进入成功
2. 进入【新建单表校验规则 ❯ 调度属性】配置页面
3. 规则任务保存成功
4. 任务运行成功, 校验结果正常
5. 【Running Containers】 字段应显示为 4 = 3 + 1 (Driver/AM)","1. 
2. 
3. 
4. 
5.","","2","功能测试","功能测试阶段","正常","0","0","5","","向林","2026-02-06","向林","2026-02-06","1","",""
"179019","数据资产_STD(#23)","/版本迭代测试用例/v6.4.8/【规则调度设置】spark任务调参(#10190)","【岚图】【规则调度设置】spark任务调参(#15532)","规则任务管理❯ 验证规则任务详情-环境参数显示正常(SparkThrift2.x)","无","1. 进入【数据资产】-【数据质量】-【规则任务管理】页面
2. 点击新建监控规则, 依次配置监控对象(SparkThrift2.x), 监控规则后, 点击下一步
3. 点击【环境参数配置】
4. 保存后, 进入规则任务详情页中, 点击【环境参数】
5. 运行规则任务","1. 进入成功
2. 进入【新建单表校验规则 ❯ 调度属性】配置页面
3. 进入【环境参数配置】页面, 可进行编辑, 默认内容:## Driver程序使用的CPU核数,默认为1# spark.driver.cores=1## Driver程序使用内存大小,默认1g# spark.driver.memory=1g## 对Spark每个action结果集大小的限制，最少是1M，若设为0则不限制大小。## 若Job结果超过限制则会异常退出，若结果集限制过大也可能造成OOM问题，默认1g# spark.driver.maxResultSize=1g## 启动的executor的数量，默认为1# spark.executor.instances=1## 每个executor使用的CPU核数，默认为1# spark.executor.cores=1## 每个executor内存大小,默认1g# spark.executor.memory=1g## spark 日志级别可选ALL, DEBUG, ERROR, FATAL, INFO, OFF, TRACE, WARN# logLevel = INFO## spark中所有网络交互的最大超时时间# spark.network.timeout=120s## executor的OffHeap内存，和spark.executor.memory配置使用# spark.yarn.executor.memoryOverhead=## 设置spark sql shuffle分区数，默认200# spark.sql.shuffle.partitions=200## 开启spark推测行为，默认false# spark.speculation=false
4. 展开环境参数抽屉, 参数显示正常
5. 运行成功, 校验结果正常","1. 
2. 
3. 
4. 
5.","","1","功能测试","功能测试阶段","正常","0","2","5","通过","向林","2026-02-06","向林","2026-02-06","1","",""
"179018","数据资产_STD(#23)","/版本迭代测试用例/v6.4.8/【规则调度设置】spark任务调参(#10190)","【岚图】【规则调度设置】spark任务调参(#15532)","规则任务管理❯ 验证调度属性编辑环境参数配置(SparkThrift2.x)","无","1. 进入【数据资产】-【数据质量】-【规则任务管理】页面
2. 点击新建监控规则, 依次配置监控对象(SparkThrift2.x), 监控规则后, 点击下一步
3. 点击【环境参数配置】, 设置spark.executor.cores=2 后保存
4. 进入规则任务详情, 点击「环境参数」
5. 设置spark.executor.cores=3 后保存","1. 进入成功
2. 进入【新建单表校验规则 ❯ 调度属性】配置页面
3. 规则任务保存成功
4. 进入「配置环境参数」界面, 配置参数回显正确
5. 修改成功, 配置参数回显正确","1. 
2. 
3. 
4. 
5.","","1","功能测试","功能测试阶段","正常","0","2","5","通过","向林","2026-02-06","向林","2026-02-06","1","",""
"179017","数据资产_STD(#23)","/版本迭代测试用例/v6.4.8/【规则调度设置】spark任务调参(#10190)","【岚图】【规则调度设置】spark任务调参(#15532)","规则任务管理❯ 验证调度属性新增环境参数配置(SparkThrift2.x)","无","1. 进入【数据资产】-【数据质量】-【规则任务管理】页面
2. 点击新建监控规则, 依次配置监控对象(SparkThrift2.x), 监控规则后, 点击下一步
3. 检查调度配置信息
4. 点击【环境参数配置】
5. 取消/确定","1. 进入成功
2. 进入【新建单表校验规则 ❯ 调度属性】配置页面
3. 新增配置: 环境参数配置
4. 进入【环境参数配置】页面, 可进行编辑
5. 配置页面关闭 / 配置内容保存成功","1. 
2. 
3. 
4. 
5.","","2","功能测试","功能测试阶段","正常","0","0","5","","向林","2026-02-06","向林","2026-02-06","1","",""
"179016","数据资产_STD(#23)","/版本迭代测试用例/v6.4.8/【内置规则丰富】合理性，单调递减、单调递增(#10189)","","合理性校验字段类型限制 验证排序字段类型选择其他类型，合理性校验功能","1. 资产平台已存在${DATASOURCE}_${DATABASE}_${TABLE}并授权给当前测试项目

2.${DATASOURCE}有相似数据源${DATASOURCE1}

3. ${TABLE} DDL\DML 如下：
drop table if exists table1;
CREATE TABLE IF NOT EXISTS table1 (
id int,
col1 datetime,
col2 string
);","1. 进入「数据质量」-「规则任务配置」-「监控对象」页面
2. 「规则名称」输入「test_rule」，「选择数据源」选择「${DATASOURCE}」，「选择数据库」选择「${DATABASE}」，「选择数据表」选择「${TABLE}」
3. 添加「合理性校验」规则，规则填写：「字段」选择「id」，「统计函数」选择「数据变化趋势」，「选择排序字段」选择「col1」，「校验方法」选择「单调递增」/「单调递减」「强弱规则」选择「弱规则」，「规则描述」输入「合理性校验测试」，点击保存
4. 运行规则","1. 进入成功
2. 监控对象配置成功
3. 保存成功
4. 运行失败，排序字段不是数值型/string类型","1. 
2. 
3. 
4. 苏夏说时间也是支持的时间在数据库里面","","2","功能测试","功能测试阶段","正常","0","2","4","失败","可颂","2026-02-06","","0000-00-00","1","",""
"179015","数据资产_STD(#23)","/版本迭代测试用例/v6.4.8/【内置规则丰富】合理性，单调递减、单调递增(#10189)","","合理性校验字段类型限制 验证字段选择其他类型，合理性校验功能","TINYINT、SMALLINT、MEDIUMINT、INT 或 INTEGER、BIGINT、FLOAT、DOUBLE 或 DOUBLE PRECISION、DECIMAL 或 NUMERIC","1. 进入「数据质量」-「规则任务配置」-「监控对象」页面
2. 「规则名称」输入「test_rule」，「选择数据源」选择「${DATASOURCE}」，「选择数据库」选择「${DATABASE}」，「选择数据表」选择「${TABLE}」
3. 添加「合理性校验」规则，规则填写：「字段」选择非数值型/string的字段，「统计函数」选择「数据变化趋势」，「选择排序字段」选择「col1」，「校验方法」选择「单调递增」/「单调递减」「强弱规则」选择「弱规则」，「规则描述」输入「合理性校验测试」，点击保存","1. 进入成功
2. 监控对象配置成功
3. 保存失败，只能选择数值型/string","1. 
2. 
3. 成功运行","","2","功能测试","功能测试阶段","正常","0","1","3","失败","可颂","2026-02-06","","0000-00-00","1","",""
"179014","数据资产_STD(#23)","/版本迭代测试用例/v6.4.8/【内置规则丰富】合理性，单调递减、单调递增(#10189)","","合理性校验字段类型限制 验证校验字段/排序字段为stirng类型-stirng类型值包含非数字，合理性校验功能","1. 资产平台已存在${DATASOURCE}_${DATABASE}_${TABLE}并授权给当前测试项目

2.${DATASOURCE}有相似数据源${DATASOURCE1}

3. ${TABLE} DDL\DML 如下：
drop table if exists table1;
CREATE TABLE IF NOT EXISTS table1 (
id string,
col1 string,
col2 string
);

-- 插入数据（修正字段名和列数）
INSERT INTO table1 (id, col1, col2) VALUES
(&#039;fas&#039;, &#039;10&#039;, &#039;10&#039;),
(&#039;哈哈哈&#039;, &#039;20&#039;, &#039;20&#039;),
(&#039;#@¥&#039;, &#039;30&#039;, &#039;30&#039;),
(&#039;4&#039;, &#039;40&#039;, &#039;40&#039;),
(&#039;a&#039;, &#039;50&#039;, &#039;50&#039;),
(&#039;5&#039;, &#039;60&#039;, &#039;60&#039;),
(&#039;7&#039;, &#039;70&#039;, &#039;70&#039;),
(&#039;8&#039;, &#039;80&#039;, &#039;80&#039;),
(&#039;9&#039;, &#039;90&#039;, &#039;90&#039;),
(&#039;10&#039;, &#039;100&#039;, &#039;100&#039;);","1. 进入「数据质量」-「规则任务配置」-「监控对象」页面
2. 「规则名称」输入「test_rule」，「选择数据源」选择「${DATASOURCE}」，「选择数据库」选择「${DATABASE}」，「选择数据表」选择「${TABLE}」
3. 添加2个「合理性校验」规则，规则填写：「字段」选择「id」，「统计函数」选择「数据变化趋势」，「选择排序字段」选择「col1」，「校验方法」选择「单调递增」「强弱规则」选择「弱规则」，「规则描述」输入「合理性校验测试」，点击保存
4. 「调度属性」配置如下：「调度周期」选择「小时」，「生效日期」为「2025-11-20～2025-11-20」，「间隔时间」为 「1小时」，「开始时间-结束时间」为「00:00:00～15:00:00」，「规则拼接包」为「1」，「资源组」选择「default」保存规则
5. 立即运行，查看结果
6. 编辑规则，调换校验字段和排序字段，再次运行，查看结果","1. 进入成功
2. 监控对象配置成功
3. 规则集保存成功
4. 规则保存成功
5. 运行失败，报错：字符强转double类型失败
6. 运行失败，报错：字符强转double类型失败","1. 
2. 
3. 
4. 
5. 
6. 运行成功","","1","功能测试","功能测试阶段","正常","1","2","6","失败","可颂","2026-02-06","","0000-00-00","1","",""
"179013","数据资产_STD(#23)","/版本迭代测试用例/v6.4.8/【内置规则丰富】合理性，单调递减、单调递增(#10189)","","合理性校验字段类型限制 验证校验字段/排序字段为stirng类型-stirng类型值都为数字，合理性校验功能","1. 资产平台已存在${DATASOURCE}_${DATABASE}_${TABLE}并授权给当前测试项目
2.${DATASOURCE}有相似数据源${DATASOURCE1}
3. ${TABLE} DDL\DML 如下：
drop table if exists table1;
CREATE TABLE IF NOT EXISTS table1 (
id string,
col1 string,
col2 string
);
-- 插入数据（修正字段名和列数）
INSERT INTO table1 (id, col1, col2) VALUES
(&#039;1&#039;, &#039;10&#039;, &#039;10&#039;),
(&#039;2&#039;, &#039;20&#039;, &#039;20&#039;),
(&#039;3&#039;, &#039;30&#039;, &#039;30&#039;),
(&#039;4&#039;, &#039;40&#039;, &#039;40&#039;),
(&#039;6&#039;, &#039;50&#039;, &#039;50&#039;),
(&#039;5&#039;, &#039;60&#039;, &#039;60&#039;),
(&#039;7&#039;, &#039;70&#039;, &#039;70&#039;),
(&#039;8&#039;, &#039;80&#039;, &#039;80&#039;),
(&#039;9&#039;, &#039;90&#039;, &#039;90&#039;),
(&#039;10&#039;, &#039;100&#039;, &#039;100&#039;);","1. 进入「数据质量」-「规则任务配置」-「监控对象」页面
2. 「规则名称」输入「test_rule」，「选择数据源」选择「${DATASOURCE}」，「选择数据库」选择「${DATABASE}」，「选择数据表」选择「${TABLE}」
3. 添加2个「合理性校验」规则，规则填写：「字段」选择「id」，「统计函数」选择「数据变化趋势」，「选择排序字段」选择「col1」，「校验方法」选择「单调递增」「强弱规则」选择「弱规则」，「规则描述」输入「合理性校验测试」，点击保存
4. 「调度属性」配置如下：「调度周期」选择「小时」，「生效日期」为「2025-11-20～2025-11-20」，「间隔时间」为 「1小时」，「开始时间-结束时间」为「00:00:00～15:00:00」，「规则拼接包」为「1」，「资源组」选择「default」保存规则
5. 立即运行，查看结果
6. 查看明细","1. 进入成功
2. 监控对象配置成功
3. 规则集保存成功
4. 规则保存成功
5. 检验不通过
6. 展示id=‘5’的数据","1. 
2. 
3. 
4. 
5. 
6.","","1","功能测试","功能测试阶段","正常","0","2","6","通过","可颂","2026-02-06","听筠","2026-03-10","1","",""
"179012","数据资产_STD(#23)","/版本迭代测试用例/v6.4.8/【内置规则丰富】合理性，单调递减、单调递增(#10189)","","合理性校验字段类型限制 验证字段/排序字段类型为decimal/numeric，合理性校验功能","1. 资产平台已存在${DATASOURCE}_${DATABASE}_${TABLE}并授权给当前测试项目

2.${DATASOURCE}有相似数据源${DATASOURCE1}

3. ${TABLE} DDL\DML 如下：
drop table if exists table1;
CREATE TABLE IF NOT EXISTS table1 (
id DECIMAL(10, 2),        -- DECIMAL类型，总共10位，小数2位
col1 NUMERIC(10, 2),      -- NUMERIC类型，总共10位，小数2位
col2 DECIMAL(8, 4)        -- DECIMAL类型，总共8位，小数4位
);

-- 插入常规测试数据
INSERT INTO table1 (id, col1, col2) VALUES
(-25.50, -30.75, -2.5000),
(0.00, 0.00, 0.0000),
(50.00, 75.25, 1.6180),
(123.45, 456.78, 9.8765)，
(100.50, 200.75, 3.1416),
(9999.99, 8888.88, 0.1234)；","1. 进入「数据质量」-「规则任务配置」-「监控对象」页面
2. 「规则名称」输入「test_rule」，「选择数据源」选择「${DATASOURCE}」，「选择数据库」选择「${DATABASE}」，「选择数据表」选择「${TABLE}」
3. 添加「合理性校验」规则，规则填写：「字段」选择「id」，「统计函数」选择「数据变化趋势」，「选择排序字段」选择「col1」，「校验方法」选择「单调递增」「强弱规则」选择「弱规则」，「规则描述」输入「合理性校验测试」，点击保存
4. 添加「合理性校验」规则，规则填写：「字段」选择「id」，「统计函数」选择「数据变化趋势」，「选择排序字段」选择「col2」，「校验方法」选择「单调递增」「强弱规则」选择「弱规则」，「规则描述」输入「合理性校验测试」，点击保存
5. 「调度属性」配置如下：「调度周期」选择「小时」，「生效日期」为「2025-11-20～2025-11-20」，「间隔时间」为 「1小时」，「开始时间-结束时间」为「00:00:00～15:00:00」，「规则拼接包」为「1」，「资源组」选择「default」保存规则
6. 立即运行，查看结果
7. 查看明细","1. 进入成功
2. 监控对象配置成功
3. 规则集保存成功
4. 规则集保存成功
5. 规则保存成功
6. 规则校验都不通过
7. 明细正确","1. 
2. 
3. 
4. 
5. 
6. 
7.","","2","功能测试","功能测试阶段","正常","0","1","7","通过","可颂","2026-02-06","","0000-00-00","1","",""
"179011","数据资产_STD(#23)","/版本迭代测试用例/v6.4.8/【内置规则丰富】合理性，单调递减、单调递增(#10189)","","合理性校验字段类型限制 验证字段/排序字段类型为double/double precision，合理性校验功能","1. 资产平台已存在${DATASOURCE}_${DATABASE}_${TABLE}并授权给当前测试项目

2.${DATASOURCE}有相似数据源${DATASOURCE1}

3. ${TABLE} DDL\DML 如下：
drop table if exists table1;
CREATE TABLE IF NOT EXISTS table1 (
id DOUBLE,                 -- DOUBLE类型
col1 DOUBLE PRECISION,     -- DOUBLE PRECISION类型
col2 DOUBLE                -- 再一个DOUBLE类型
);

-- 插入测试数据
INSERT INTO table1(id, col1, col2) VALUES
(1.5, 3.141592653589793, 2.718281828459045),
(2.25, 1.414213562373095, 1.618033988749895),
(100.0, 0.000000001, 999999999.999999)","1. 进入「数据质量」-「规则任务配置」-「监控对象」页面
2. 「规则名称」输入「test_rule」，「选择数据源」选择「${DATASOURCE}」，「选择数据库」选择「${DATABASE}」，「选择数据表」选择「${TABLE}」
3. 添加「合理性校验」规则，规则填写：「字段」选择「id」，「统计函数」选择「数据变化趋势」，「选择排序字段」选择「col1」，「校验方法」选择「单调递减」「强弱规则」选择「弱规则」，「规则描述」输入「合理性校验测试」，点击保存
4. 添加「合理性校验」规则，规则填写：「字段」选择「id」，「统计函数」选择「数据变化趋势」，「选择排序字段」选择「col2」，「校验方法」选择「单调递减」「强弱规则」选择「弱规则」，「规则描述」输入「合理性校验测试」，点击保存
5. 「调度属性」配置如下：「调度周期」选择「小时」，「生效日期」为「2025-11-20～2025-11-20」，「间隔时间」为 「1小时」，「开始时间-结束时间」为「00:00:00～15:00:00」，「规则拼接包」为「1」，「资源组」选择「default」保存规则
6. 立即运行，查看结果
7. 查看明细","1. 进入成功
2. 监控对象配置成功
3. 规则集保存成功
4. 规则集保存成功
5. 规则保存成功
6. col1规则校验通过，col2校验不通过
7. 明细正确","1. 
2. 
3. 
4. 
5. 
6. 
7.","","2","功能测试","功能测试阶段","正常","0","1","7","通过","可颂","2026-02-06","","0000-00-00","1","",""
"179010","数据资产_STD(#23)","/版本迭代测试用例/v6.4.8/【内置规则丰富】合理性，单调递减、单调递增(#10189)","","合理性校验字段类型限制 验证字段/排序字段类型为float，合理性校验功能","1. 资产平台已存在${DATASOURCE}_${DATABASE}_${TABLE}并授权给当前测试项目

2.${DATASOURCE}有相似数据源${DATASOURCE1}

3. ${TABLE} DDL\DML 如下：
drop table if exists table1;
CREATE TABLE IF NOT EXISTS table1(
id FLOAT,
col1 FLOAT,
col2 FLOAT(10, 2)         -- 可指定精度
);

-- 插入数据
INSERT INTO table1 (id, col1, col2) VALUES
(1.0, 3.14159, 12345.67),
(2.5, -0.001234, 999.999),
(3.14, 1.23e-5, 1.23e5),
(4.001, 1234567.89, 0.000001),
(5.99, 999.999999, 100.50);","1. 进入「数据质量」-「规则任务配置」-「监控对象」页面
2. 「规则名称」输入「test_rule」，「选择数据源」选择「${DATASOURCE}」，「选择数据库」选择「${DATABASE}」，「选择数据表」选择「${TABLE}」
3. 添加「合理性校验」规则，规则填写：「字段」选择「id」，「统计函数」选择「数据变化趋势」，「选择排序字段」选择「col1」，「校验方法」选择「单调递增」「强弱规则」选择「弱规则」，「规则描述」输入「合理性校验测试」，点击保存
4. 「调度属性」配置如下：「调度周期」选择「小时」，「生效日期」为「2025-11-20～2025-11-20」，「间隔时间」为 「1小时」，「开始时间-结束时间」为「00:00:00～15:00:00」，「规则拼接包」为「1」，「资源组」选择「default」保存规则
5. 立即运行，查看结果
6. 查看明细","1. 进入成功
2. 监控对象配置成功
3. 规则集保存成功
4. 规则保存成功
5. 校验不通过
6. 明细正确","1. 
2. 
3. 
4. 
5. 
6.","","2","功能测试","功能测试阶段","正常","0","1","6","通过","可颂","2026-02-06","","0000-00-00","1","",""
"179009","数据资产_STD(#23)","/版本迭代测试用例/v6.4.8/【内置规则丰富】合理性，单调递减、单调递增(#10189)","","合理性校验字段类型限制 验证字段/排序字段类型为bigint，合理性校验功能","1. 资产平台已存在${DATASOURCE}_${DATABASE}_${TABLE}并授权给当前测试项目

2.${DATASOURCE}有相似数据源${DATASOURCE1}

3. ${TABLE} DDL\DML 如下：
drop table if exists table1;

CREATE TABLE IF NOT EXISTS table1 (
id BIGINT,
col1 BIGINT,
col2 BIGINT
);

INSERT INTO table1 (id, col1, col2) VALUES
(1, 9223372036854775807, -9223372036854775808),
(2, 1000000000000000000, 2000000000000000000),
(3, 0, 5000000000000000000);","1. 进入「数据质量」-「规则任务配置」-「监控对象」页面
2. 「规则名称」输入「test_rule」，「选择数据源」选择「${DATASOURCE}」，「选择数据库」选择「${DATABASE}」，「选择数据表」选择「${TABLE}」
3. 添加「合理性校验」规则，规则填写：「字段」选择「id」，「统计函数」选择「数据变化趋势」，「选择排序字段」选择「col1」，「校验方法」选择「单调递增」「强弱规则」选择「弱规则」，「规则描述」输入「合理性校验测试」，点击保存
4. 添加「合理性校验」规则，规则填写：「字段」选择「id」，「统计函数」选择「数据变化趋势」，「选择排序字段」选择「col2」，「校验方法」选择「单调递减」「强弱规则」选择「弱规则」，「规则描述」输入「合理性校验测试」，点击保存
5. 「调度属性」配置如下：「调度周期」选择「小时」，「生效日期」为「2025-11-20～2025-11-20」，「间隔时间」为 「1小时」，「开始时间-结束时间」为「00:00:00～15:00:00」，「规则拼接包」为「1」，「资源组」选择「default」保存规则
6. 立即运行，查看结果
7. 查看明细","1. 进入成功
2. 监控对象配置成功
3. 规则集保存成功
4. 规则集保存成功
5. 规则保存成功
6. 校验不通过
7. 明细正确","1. 
2. 
3. 
4. 
5. 
6. 
7.","","2","功能测试","功能测试阶段","正常","0","1","7","通过","可颂","2026-02-06","","0000-00-00","1","",""
"179008","数据资产_STD(#23)","/版本迭代测试用例/v6.4.8/【内置规则丰富】合理性，单调递减、单调递增(#10189)","","合理性校验字段类型限制 验证字段/排序字段类型为int/integer，合理性校验功能","1. 资产平台已存在${DATASOURCE}_${DATABASE}_${TABLE}并授权给当前测试项目

2.${DATASOURCE}有相似数据源${DATASOURCE1}

3. ${TABLE} DDL\DML 如下：
drop table if exists table1;
CREATE TABLE IF NOT EXISTS table1 (
id INT,
col1 INTEGER,
col2 INT
);

INSERT INTO table1 (id, col1, col2) VALUES
(1, 1000000000, 2000000000),
(2, -1000000000, 0),
(3, 2147483647, -2147483648);","1. 进入「数据质量」-「规则任务配置」-「监控对象」页面
2. 「规则名称」输入「test_rule」，「选择数据源」选择「${DATASOURCE}」，「选择数据库」选择「${DATABASE}」，「选择数据表」选择「${TABLE}」
3. 添加「合理性校验」规则，规则填写：「字段」选择「id」，「统计函数」选择「数据变化趋势」，「选择排序字段」选择「col1」，「校验方法」选择「单调递增」「强弱规则」选择「弱规则」，「规则描述」输入「合理性校验测试」，点击保存
4. 添加「合理性校验」规则，规则填写：「字段」选择「id」，「统计函数」选择「数据变化趋势」，「选择排序字段」选择「col2」，「校验方法」选择「单调递减」「强弱规则」选择「弱规则」，「规则描述」输入「合理性校验测试」，点击保存
5. 「调度属性」配置如下：「调度周期」选择「小时」，「生效日期」为「2025-11-20～2025-11-20」，「间隔时间」为 「1小时」，「开始时间-结束时间」为「00:00:00～15:00:00」，「规则拼接包」为「1」，「资源组」选择「default」保存规则
6. 立即运行，查看结果","1. 进入成功
2. 监控对象配置成功
3. 规则集保存成功
4. 规则集保存成功
5. 规则保存成功
6. 校验通过","1. 
2. 
3. 
4. 
5. 
6.","","2","功能测试","功能测试阶段","正常","0","1","6","通过","可颂","2026-02-06","","0000-00-00","1","",""
"179007","数据资产_STD(#23)","/版本迭代测试用例/v6.4.8/【内置规则丰富】合理性，单调递减、单调递增(#10189)","","合理性校验字段类型限制 验证字段/排序字段类型为mediumint，合理性校验功能","1. 资产平台已存在${DATASOURCE}_${DATABASE}_${TABLE}并授权给当前测试项目

2.${DATASOURCE}有相似数据源${DATASOURCE1}

3. ${TABLE} DDL\DML 如下：
drop table if exists table1;
CREATE TABLE IF NOT EXISTS table1(
id MEDIUMINT,
col1 MEDIUMINT,
col2 MEDIUMINT
);

INSERT INTO table1 (id, col1, col2) VALUES
(1, 1000000, 6000000),
(2, 3000000, 4000000),
(3, 5000000, 2000000);","1. 进入「数据质量」-「规则任务配置」-「监控对象」页面
2. 「规则名称」输入「test_rule」，「选择数据源」选择「${DATASOURCE}」，「选择数据库」选择「${DATABASE}」，「选择数据表」选择「${TABLE}」
3. 添加「合理性校验」规则，规则填写：「字段」选择「id」，「统计函数」选择「数据变化趋势」，「选择排序字段」选择「col2」，「校验方法」选择「单调递减」「强弱规则」选择「弱规则」，「规则描述」输入「合理性校验测试」，点击保存
4. 「调度属性」配置如下：「调度周期」选择「小时」，「生效日期」为「2025-11-20～2025-11-20」，「间隔时间」为 「1小时」，「开始时间-结束时间」为「00:00:00～15:00:00」，「规则拼接包」为「1」，「资源组」选择「default」保存规则
5. 立即运行，查看结果","1. 进入成功
2. 监控对象配置成功
3. 规则集保存成功
4. 规则保存成功
5. 校验通过","1. 
2. 
3. 
4. 
5.","","2","功能测试","功能测试阶段","正常","0","0","5","","可颂","2026-02-06","","0000-00-00","1","",""
"179006","数据资产_STD(#23)","/版本迭代测试用例/v6.4.8/【内置规则丰富】合理性，单调递减、单调递增(#10189)","","合理性校验字段类型限制 验证字段/排序字段类型为smallint，合理性校验功能","1. 资产平台已存在${DATASOURCE}_${DATABASE}_${TABLE}并授权给当前测试项目

2.${DATASOURCE}有相似数据源${DATASOURCE1}

3. ${TABLE} DDL\DML 如下：
drop table if exists table1;
CREATE TABLE IF NOT EXISTS table1 (
id SMALLINT,
col1 SMALLINT,
col2 SMALLINT
);

-- 插入数据（修正字段名和列数）
INSERT INTO table1 (id, col1, col2) VALUES
(2, 20, 20),
(3, 40, 30),
(4, 30, 40),
(5, 50, 50);","1. 进入「数据质量」-「规则任务配置」-「监控对象」页面
2. 「规则名称」输入「test_rule」，「选择数据源」选择「${DATASOURCE}」，「选择数据库」选择「${DATABASE}」，「选择数据表」选择「${TABLE}」
3. 添加「合理性校验」规则，规则填写：「字段」选择「id」，「统计函数」选择「数据变化趋势」，「选择排序字段」选择「col2」，「校验方法」选择「单调递增」「强弱规则」选择「弱规则」，「规则描述」输入「合理性校验测试」，点击保存
4. 「调度属性」配置如下：「调度周期」选择「小时」，「生效日期」为「2025-11-20～2025-11-20」，「间隔时间」为 「1小时」，「开始时间-结束时间」为「00:00:00～15:00:00」，「规则拼接包」为「1」，「资源组」选择「default」保存规则
5. 立即运行，查看结果","1. 进入成功
2. 监控对象配置成功
3. 规则集保存成功
4. 规则保存成功
5. 规则检验不通过","1. 
2. 
3. 
4. 
5.","","2","功能测试","功能测试阶段","正常","0","1","5","通过","可颂","2026-02-06","","0000-00-00","1","",""
"179005","数据资产_STD(#23)","/版本迭代测试用例/v6.4.8/【内置规则丰富】合理性，单调递减、单调递增(#10189)","","合理性校验字段类型限制 验证字段/排序字段类型为tinyint，合理性校验功能","1. 资产平台已存在${DATASOURCE}_${DATABASE}_${TABLE}并授权给当前测试项目

2.${DATASOURCE}有相似数据源${DATASOURCE1}

3. ${TABLE} DDL\DML 如下：
drop table if exists table1;
create table if not EXISTS table1 (
id tinyint,
col1 tinyint，
col2 tinyint
)

INSERT INTO table1  VALUES
(2, 20,50),
(3, 40,40),
(4, 30,30),
(5, 50,20);","1. 进入「数据质量」-「规则任务配置」-「监控对象」页面
2. 「规则名称」输入「test_rule」，「选择数据源」选择「${DATASOURCE}」，「选择数据库」选择「${DATABASE}」，「选择数据表」选择「${TABLE}」
3. 添加「合理性校验」规则，规则填写：「字段」选择「id」，「统计函数」选择「数据变化趋势」，「选择排序字段」选择「col1」，「校验方法」选择「单调递增」「强弱规则」选择「弱规则」，「规则描述」输入「合理性校验测试」，点击保存
4. 「调度属性」配置如下：「调度周期」选择「小时」，「生效日期」为「2025-11-20～2025-11-20」，「间隔时间」为 「1小时」，「开始时间-结束时间」为「00:00:00～15:00:00」，「规则拼接包」为「1」，「资源组」选择「default」保存规则
5. 立即运行，查看结果
6. 查看明细","1. 进入成功
2. 监控对象配置成功
3. 规则集保存成功
4. 规则保存成功
5. col1字段的规则检验不通过
6. 明细数据展示正确","1. 
2. 
3. 
4. 
5. 
6.","","2","功能测试","功能测试阶段","正常","0","1","6","通过","可颂","2026-02-06","","0000-00-00","1","",""
"179004","数据资产_STD(#23)","/版本迭代测试用例/v6.4.8/【内置规则丰富】合理性，单调递减、单调递增(#10189)","","验证合理性校验-分区、抽样设置正确","1. 资产平台已存在${DATASOURCE}_${DATABASE}_${TABLE}并授权给当前测试项目
2. ${TABLE} DDL\DML 如下：
DROP TABLE IF EXISTS table1;
-- 创建Paimon分区表
CREATE TABLE IF NOT EXISTS table1 (
id INT,
age INT,  -- 修正了这里的错误，应该是age INT而不是age id
name STRING,
score STRING,
sex STRING
)
USING paimon
PARTITIONED BY (sex)  -- 按性别分区
TBLPROPERTIES (
&#039;primary-key&#039; = &#039;id&#039;,
&#039;bucket&#039; = &#039;5&#039;,  -- 可选：设置桶数量
&#039;partition.time-window&#039; = &#039;7d&#039;  -- 可选：设置时间窗口分区策略（如果需要时间分区）
);

-- 插入数据
INSERT INTO table1 VALUES
(1, 20, &#039;张伟&#039;, &#039;88&#039;, &#039;男&#039;),
(2, 22, &#039;李娜&#039;, &#039;92&#039;, &#039;女&#039;),
(3, 19, &#039;王芳&#039;, &#039;76&#039;, &#039;女&#039;),
(4, 21, &#039;刘强&#039;, &#039;85&#039;, &#039;男&#039;),
(5, 23, &#039;陈静&#039;, &#039;95&#039;, &#039;女&#039;),
(6, 18, &#039;杨洋&#039;, &#039;70&#039;, &#039;男&#039;),
(7, 24, &#039;赵敏&#039;, &#039;89&#039;, &#039;女&#039;),
(8, 20, &#039;黄磊&#039;, &#039;78&#039;, &#039;男&#039;),
(9, 22, &#039;周婷&#039;, &#039;91&#039;, &#039;女&#039;),
(10, 21, &#039;吴军&#039;, &#039;83&#039;, &#039;男&#039;),
(11, 19, &#039;徐丽&#039;, &#039;87&#039;, &#039;女&#039;),
(12, 23, &#039;孙浩&#039;, &#039;74&#039;, &#039;男&#039;),
(13, 20, &#039;胡雪&#039;, &#039;93&#039;, &#039;女&#039;),
(14, 22, &#039;郭峰&#039;, &#039;81&#039;, &#039;男&#039;),
(15, 21, &#039;何娟&#039;, &#039;86&#039;, &#039;女&#039;),
(16, 18, &#039;高翔&#039;, &#039;72&#039;, &#039;男&#039;),
(17, 24, &#039;林琳&#039;, &#039;94&#039;, &#039;女&#039;),
(18, 20, &#039;郑凯&#039;, &#039;79&#039;, &#039;男&#039;),
(19, 22, &#039;谢婷&#039;, &#039;88&#039;, &#039;女&#039;),
(20, 21, &#039;冯刚&#039;, &#039;82&#039;, &#039;男&#039;),
(21, 19, &#039;邓梅&#039;, &#039;90&#039;, &#039;女&#039;),
(22, 23, &#039;韩磊&#039;, &#039;77&#039;, &#039;男&#039;),
(23, 20, &#039;曹颖&#039;, &#039;96&#039;, &#039;女&#039;),
(24, 22, &#039;彭飞&#039;, &#039;75&#039;, &#039;男&#039;),
(25, 21, &#039;曾琴&#039;, &#039;84&#039;, &#039;女&#039;),
(26, 18, &#039;吕强&#039;, &#039;71&#039;, &#039;男&#039;),
(27, 24, &#039;苏燕&#039;, &#039;97&#039;, &#039;女&#039;),
(28, 20, &#039;卢斌&#039;, &#039;80&#039;, &#039;男&#039;),
(29, 22, &#039;蒋霞&#039;, &#039;89&#039;, &#039;女&#039;),
(30, 21, &#039;蔡勇&#039;, &#039;73&#039;, &#039;男&#039;),
(31, 19, &#039;贾倩&#039;, &#039;92&#039;, &#039;女&#039;),
(32, 23, &#039;丁磊&#039;, &#039;76&#039;, &#039;男&#039;),
(33, 20, &#039;魏婷&#039;, &#039;85&#039;, &#039;女&#039;),
(34, 22, &#039;程浩&#039;, &#039;78&#039;, &#039;男&#039;),
(35, 21, &#039;袁莉&#039;, &#039;91&#039;, &#039;女&#039;),
(36, 18, &#039;潘杰&#039;, &#039;69&#039;, &#039;男&#039;),
(37, 24, &#039;于芳&#039;, &#039;93&#039;, &#039;女&#039;),
(38, 20, &#039;杜凯&#039;, &#039;82&#039;, &#039;男&#039;),
(39, 22, &#039;叶敏&#039;, &#039;87&#039;, &#039;女&#039;),
(40, 21, &#039;钟强&#039;, &#039;74&#039;, &#039;男&#039;),
(41, 19, &#039;汪雪&#039;, &#039;95&#039;, &#039;女&#039;),
(42, 23, &#039;黎军&#039;, &#039;77&#039;, &#039;男&#039;),
(43, 20, &#039;范琳&#039;, &#039;88&#039;, &#039;女&#039;),
(44, 22, &#039;金波&#039;, &#039;81&#039;, &#039;男&#039;),
(45, 21, &#039;石娟&#039;, &#039;90&#039;, &#039;女&#039;),
(46, 18, &#039;廖勇&#039;, &#039;72&#039;, &#039;男&#039;),
(47, 24, &#039;龙婷&#039;, &#039;94&#039;, &#039;女&#039;),
(48, 20, &#039;段磊&#039;, &#039;79&#039;, &#039;男&#039;),
(49, 22, &#039;雷丽&#039;, &#039;86&#039;, &#039;女&#039;),
(50, 21, &#039;钱峰&#039;, &#039;75&#039;, &#039;男&#039;),
(51, 19, &#039;汤静&#039;, &#039;92&#039;, &#039;女&#039;),
(52, 23, &#039;尹浩&#039;, &#039;78&#039;, &#039;男&#039;),
(53, 20, &#039;黎雪&#039;, &#039;89&#039;, &#039;女&#039;),
(54, 22, &#039;易凯&#039;, &#039;83&#039;, &#039;男&#039;),
(55, 21, &#039;常燕&#039;, &#039;91&#039;, &#039;女&#039;),
(56, 18, &#039;武强&#039;, &#039;70&#039;, &#039;男&#039;),
(57, 24, &#039;乔梅&#039;, &#039;96&#039;, &#039;女&#039;),
(58, 20, &#039;贺飞&#039;, &#039;76&#039;, &#039;男&#039;),
(59, 22, &#039;赖霞&#039;, &#039;87&#039;, &#039;女&#039;),
(60, 21, &#039;龚军&#039;, &#039;80&#039;, &#039;男&#039;),
(61, 19, &#039;文倩&#039;, &#039;93&#039;, &#039;女&#039;),
(62, 23, &#039;牛磊&#039;, &#039;73&#039;, &#039;男&#039;),
(63, 20, &#039;温婷&#039;, &#039;88&#039;, &#039;女&#039;),
(64, 22, &#039;兰浩&#039;, &#039;77&#039;, &#039;男&#039;),
(65, 21, &#039;樊莉&#039;, &#039;90&#039;, &#039;女&#039;),
(66, 18, &#039;殷勇&#039;, &#039;71&#039;, &#039;男&#039;),
(67, 24, &#039;毕燕&#039;, &#039;95&#039;, &#039;女&#039;),
(68, 20, &#039;安凯&#039;, &#039;82&#039;, &#039;男&#039;),
(69, 22, &#039;夏敏&#039;, &#039;86&#039;, &#039;女&#039;),
(70, 21, &#039;庄强&#039;, &#039;74&#039;, &#039;男&#039;),
(71, 19, &#039;伍雪&#039;, &#039;92&#039;, &#039;女&#039;),
(72, 23, &#039;严磊&#039;, &#039;79&#039;, &#039;男&#039;),
(73, 20, &#039;褚婷&#039;, &#039;89&#039;, &#039;女&#039;),
(74, 22, &#039;卫浩&#039;, &#039;81&#039;, &#039;男&#039;),
(75, 21, &#039;蒋琴&#039;, &#039;94&#039;, &#039;女&#039;),
(76, 18, &#039;沈杰&#039;, &#039;72&#039;, &#039;男&#039;),
(77, 24, &#039;秦芳&#039;, &#039;97&#039;, &#039;女&#039;),
(78, 20, &#039;江斌&#039;, &#039;75&#039;, &#039;男&#039;),
(79, 22, &#039;史霞&#039;, &#039;88&#039;, &#039;女&#039;),
(80, 21, &#039;侯勇&#039;, &#039;76&#039;, &#039;男&#039;),
(81, 19, &#039;邵倩&#039;, &#039;91&#039;, &#039;女&#039;),
(82, 23, &#039;孟磊&#039;, &#039;78&#039;, &#039;男&#039;),
(83, 20, &#039;龙琳&#039;, &#039;85&#039;, &#039;女&#039;),
(84, 22, &#039;万凯&#039;, &#039;80&#039;, &#039;男&#039;),
(85, 21, &#039;段燕&#039;, &#039;93&#039;, &#039;女&#039;),
(86, 18, &#039;雷强&#039;, &#039;73&#039;, &#039;男&#039;),
(87, 24, &#039;钱婷&#039;, &#039;96&#039;, &#039;女&#039;),
(88, 20, &#039;汤飞&#039;, &#039;77&#039;, &#039;男&#039;),
(89, 22, &#039;尹雪&#039;, &#039;89&#039;, &#039;女&#039;),
(90, 21, &#039;黎军&#039;, &#039;82&#039;, &#039;男&#039;),
(91, 19, &#039;易静&#039;, &#039;90&#039;, &#039;女&#039;),
(92, 23, &#039;常浩&#039;, &#039;74&#039;, &#039;男&#039;),
(93, 20, &#039;武婷&#039;, &#039;87&#039;, &#039;女&#039;),
(94, 22, &#039;乔磊&#039;, &#039;79&#039;, &#039;男&#039;),
(95, 21, &#039;贺梅&#039;, &#039;92&#039;, &#039;女&#039;),
(96, 18, &#039;赖强&#039;, &#039;71&#039;, &#039;男&#039;),
(97, 24, &#039;龚燕&#039;, &#039;95&#039;, &#039;女&#039;),
(98, 20, &#039;文凯&#039;, &#039;83&#039;, &#039;男&#039;),
(99, 22, &#039;牛敏&#039;, &#039;88&#039;, &#039;女&#039;),
(100, 21, &#039;温勇&#039;, &#039;76&#039;, &#039;男&#039;);","1. 进入「数据质量」-「规则任务配置」-「监控对象」页面
2. 开启「抽样检查配置」，勾选「字段内容去重设置」「过滤条件设置」「抽样设置」
3. 「字段内容去重设置」配置为「score」「过滤条件设置」配置为「手动配置」「age >= 20」「抽样设置」配置为「百分比配置」「12.55%」
4. 「规则名称」输入「test_rule」「选择数据源」选择「${DATASOURCE}」「选择数据库」选择「${DATABASE}」「选择数据表」选择「${TABLE}」「选择分区」选择sex='女'
5. 添加「合理性校验」规则，规则填写：「字段」选择「int_col」，「统计函数」选择「数据变化趋势」，「过滤条件」输入「id<100」「选择排序字段」选择「id」，「校验方法」选择「单调递增」「强弱规则」选择「弱规则」，「规则描述」输入「合理性校验测试」，点击保存
6. 配置「调度属性」，保存规则
7. 立即运行规则","1. 进入成功
2. 开启配置成功
3. 配置成功
4. 监控对象配置成功
5. 监控规则配置完成
6. 规则保存成功
7. 规则校验成功，数据正确","1. 
2. 
3. 
4. 
5. 
6. 
7.","","3","功能测试","功能测试阶段","正常","0","1","7","通过","可颂","2026-02-06","","0000-00-00","1","",""
"179003","数据资产_STD(#23)","/版本迭代测试用例/v6.4.8/【内置规则丰富】合理性，单调递减、单调递增(#10189)","","验证编辑规则-修改合理性校验功能正确","1. 资产平台已存在${DATASOURCE}_${DATABASE}_${TABLE}并授权给当前测试项目

2.${DATASOURCE}有相似数据源${DATASOURCE1}

3. ${TABLE} DDL\DML 如下：
drop table if exists table1;
create table if not EXISTS table1 (
id BIGINT,
int_col INT,
float_col FLOAT,
double_col DOUBLE,
decimal_col DECIMAL(10, 2)
)

INSERT INTO table1
VALUES
(8, 1000, 8.88, 888.888, 888.88),
(9, 900, 9.99, 999.999, 999.99),
(10, 800, 10.10, 1010.1010, 1010.10);


4、已存在table1的规则：test_rule
存在合理性校验规则：
规则填写：
「字段」选择「int_col」，
「统计函数」选择「数据变化趋势」，
「过滤条件」输入「id<100」
「选择排序字段」选择「id」，
「校验方法」选择「单调递减」
「强弱规则」选择「弱规则」，
「规则描述」输入「合理性校验测试」，点击保存","1. 进入「数据质量」-「规则任务配置」-「监控对象」页面
2. 编辑规则「test_rule」
3. 修改「合理性校验」规则，规则填写：「字段」选择「int_col」，「统计函数」选择「数据变化趋势」，「过滤条件」输入「id<100」「选择排序字段」选择「id」，「校验方法」选择「单调递增」「强弱规则」选择「弱规则」，「规则描述」输入「合理性校验测试」，点击保存
4. 「调度属性」配置如下：「调度周期」选择「小时」，「生效日期」为「2025-11-20～2025-11-20」，「间隔时间」为 「1小时」，「开始时间-结束时间」为「00:00:00～15:00:00」，「规则拼接包」为「1」，「资源组」选择「default」保存规则
5. 立即运行
6. 查看结果
7. 查看明细","1. 进入成功
2. 进入编辑页面
3. 规则集保存成功
4. 规则保存成功
5. 运行成功
6. 校验不通过
7. 明细正确","1. 
2. 
3. 
4. 
5. 
6. 
7.","","2","功能测试","功能测试阶段","正常","0","1","7","通过","可颂","2026-02-06","","0000-00-00","1","",""
"179002","数据资产_STD(#23)","/版本迭代测试用例/v6.4.8/【内置规则丰富】合理性，单调递减、单调递增(#10189)","","验证编辑规则-添加合理性校验功能正确","1. 资产平台已存在${DATASOURCE}_${DATABASE}_${TABLE}并授权给当前测试项目

2.${DATASOURCE}有相似数据源${DATASOURCE1}

3. ${TABLE} DDL\DML 如下：
drop table if exists table1;
create table if not EXISTS table1 (
id BIGINT,
int_col INT,
float_col FLOAT,
double_col DOUBLE,
decimal_col DECIMAL(10, 2)
)

INSERT INTO table1
VALUES
(8, 1000, 8.88, 888.888, 888.88),
(9, 900, 9.99, 999.999, 999.99),
(10, 800, 10.10, 1010.1010, 1010.10);


4、已存在table1的规则：test_rule","1. 进入「数据质量」-「规则任务配置」-「监控对象」页面
2. 编辑规则「test_rule」
3. 添加「合理性校验」规则，规则填写：「字段」选择「int_col」，「统计函数」选择「数据变化趋势」，「过滤条件」输入「id<100」「选择排序字段」选择「id」，「校验方法」选择「单调递减」「强弱规则」选择「弱规则」，「规则描述」输入「合理性校验测试」，点击保存
4. 「调度属性」配置如下：「调度周期」选择「小时」，「生效日期」为「2025-11-20～2025-11-20」，「间隔时间」为 「1小时」，「开始时间-结束时间」为「00:00:00～15:00:00」，「规则拼接包」为「1」，「资源组」选择「default」保存规则
5. 立即运行
6. 查看结果","1. 进入成功
2. 进入编辑页面
3. 规则集保存成功
4. 规则保存成功
5. 运行成功
6. 校验通过","1. 
2. 
3. 
4. 
5. 
6.","","2","功能测试","功能测试阶段","正常","0","1","6","通过","可颂","2026-02-06","","0000-00-00","1","",""
"179001","数据资产_STD(#23)","/版本迭代测试用例/v6.4.8/【内置规则丰富】合理性，单调递减、单调递增(#10189)","","验证合理性校验强规则-校验不通过生效","1. 资产平台已存在${DATASOURCE}_${DATABASE}_${TABLE}并授权给当前测试项目

2.${DATASOURCE}有相似数据源${DATASOURCE1}

3. ${TABLE} DDL\DML 如下：
drop table if exists table1;
create table if not EXISTS table1 (
id BIGINT,
int_col INT,
float_col FLOAT,
double_col DOUBLE,
decimal_col DECIMAL(10, 2)
)

INSERT INTO table1 (id, int_col, float_col, double_col, decimal_col)
VALUES
(1, 100, 10.10, 111.111, 111.11),
(2, 200, 9.99, 222.222, 222.22),
(3, 300, 8.88, 333.333, 333.33),
(4, 400, 7.77, 444.444, 444.44),
(5, 600, 5.55, 555.555, 555.55),
(6, 500, 6.66, 666.666, 666.66),
(7, 700, 4.44, 777.777, 777.77),
(8, 800, 3.33, 888.888, 888.88),
(9, 900, 2.22, 999.999, 999.99),
(10, 1000, 1.11, 1010.1010, 1010.10);

4、已存在离线任务，hivesql
「租户A」-「离线开发」-「项目A」-「test」
sql为：select 1","1. 进入「数据质量」-「规则任务配置」-「监控对象」页面
2. 「规则名称」输入「test_rule」，「选择数据源」选择「${DATASOURCE}」，「选择数据库」选择「${DATABASE}」，「选择数据表」选择「${TABLE}」
3. 添加「合理性校验」规则，规则填写：「字段」选择「int_col」，「统计函数」选择「数据变化趋势」，「过滤条件」输入「id<100」「选择排序字段」选择「id」，「校验方法」选择「单调递增」「强弱规则」选择「强规则」，「规则描述」输入「合理性校验测试」，点击保存
4. 添加「合理性校验」规则，规则填写：「字段」选择「int_col」，「统计函数」选择「数据变化趋势」，「过滤条件」输入「id<100」「选择排序字段」选择「id」，「校验方法」选择「单调递减」「强弱规则」选择「强规则」，「规则描述」输入「合理性校验测试」，点击保存
5. 「调度属性」配置如下：「调度周期」选择「自动关联离线任务」「规则拼接包」为「1」，「资源组」选择「default」，关联离线任务「test」保存规则
6. 进入「租户A」-「离线开发」-「项目A」-「运维中心」，对任务test「补当前任务及下游」，查看结果","1. 进入成功
2. 监控对象配置成功
3. 规则集保存成功
4. 规则集保存成功
5. 规则保存成功
6. 质量任务校验不通过，离线任务运行失败","1. 
2. 
3. 
4. 
5. 
6.","","1","功能测试","功能测试阶段","正常","0","2","6","通过","可颂","2026-02-06","","0000-00-00","1","",""
"179000","数据资产_STD(#23)","/版本迭代测试用例/v6.4.8/【内置规则丰富】合理性，单调递减、单调递增(#10189)","","验证合理性校验强规则-校验通过生效","1. 资产平台已存在${DATASOURCE}_${DATABASE}_${TABLE}并授权给当前测试项目

2.${DATASOURCE}有相似数据源${DATASOURCE1}

3. ${TABLE} DDL\DML 如下：
drop table if exists table1;
create table if not EXISTS table1 (
id BIGINT,
int_col INT,
float_col FLOAT,
double_col DOUBLE,
decimal_col DECIMAL(10, 2)
)

INSERT INTO table1 (id, int_col, float_col, double_col, decimal_col)
VALUES
(1, 100, 10.10, 111.111, 111.11),
(2, 200, 9.99, 222.222, 222.22),
(3, 300, 8.88, 333.333, 333.33),
(4, 400, 7.77, 444.444, 444.44),
(5, 500, 6.66, 555.555, 555.55),
(6, 600, 5.55, 666.666, 666.66),
(7, 700, 4.44, 777.777, 777.77),
(8, 800, 3.33, 888.888, 888.88),
(9, 900, 2.22, 999.999, 999.99),
(10, 1000, 1.11, 1010.1010, 1010.10);

4、已存在离线任务，hivesql
「租户A」-「离线开发」-「项目A」-「test」
sql为：select 1","1. 进入「数据质量」-「规则任务配置」-「监控对象」页面
2. 「规则名称」输入「test_rule」，「选择数据源」选择「${DATASOURCE}」，「选择数据库」选择「${DATABASE}」，「选择数据表」选择「${TABLE}」
3. 添加「合理性校验」规则，规则填写：「字段」选择「float_col」，「统计函数」选择「数据变化趋势」，「过滤条件」输入「id<100」「选择排序字段」选择「id」，「校验方法」选择「单调递增」「强弱规则」选择「强规则」，「规则描述」输入「合理性校验测试」，点击保存
4. 添加「合理性校验」规则，规则填写：「字段」选择「float_col」，「统计函数」选择「数据变化趋势」，「过滤条件」输入「id<100」「选择排序字段」选择「id」，「校验方法」选择「单调递减」「强弱规则」选择「强规则」，「规则描述」输入「合理性校验测试」，点击保存
5. 「调度属性」配置如下：「调度周期」选择「自动关联离线任务」「规则拼接包」为「1」，「资源组」选择「default」，关联离线任务「test」保存规则
6. 进入「租户A」-「离线开发」-「项目A」-「运维中心」，对任务test「补当前任务及下游」，查看结果","1. 进入成功
2. 监控对象配置成功
3. 规则集保存成功
4. 规则集保存成功
5. 规则保存成功
6. 质量任务校验通过，离线任务运行成功","1. 
2. 
3. 
4. 
5. 
6.","","2","功能测试","功能测试阶段","正常","0","1","6","通过","可颂","2026-02-06","","0000-00-00","1","",""
"178999","数据资产_STD(#23)","/版本迭代测试用例/v6.4.8/【内置规则丰富】合理性，单调递减、单调递增(#10189)","","验证合理性校验弱规则-校验不通过生效","1. 资产平台已存在${DATASOURCE}_${DATABASE}_${TABLE}并授权给当前测试项目

2.${DATASOURCE}有相似数据源${DATASOURCE1}

3. ${TABLE} DDL\DML 如下：
drop table if exists table1;
create table if not EXISTS table1 (
id BIGINT,
int_col INT,
float_col FLOAT,
double_col DOUBLE,
decimal_col DECIMAL(10, 2)
)

INSERT INTO table1 (id, int_col, float_col, double_col, decimal_col)
VALUES
(1, 100, 10.10, 111.111, 111.11),
(2, 200, 9.99, 222.222, 222.22),
(3, 300, 8.88, 333.333, 333.33),
(4, 400, 7.77, 444.444, 444.44),
(5, 600, 5.55, 555.555, 555.55),
(6, 500, 6.66, 666.666, 666.66),
(7, 700, 4.44, 777.777, 777.77),
(8, 800, 3.33, 888.888, 888.88),
(9, 900, 2.22, 999.999, 999.99),
(10, 1000, 1.11, 1010.1010, 1010.10);

4、已存在离线任务，hivesql
「租户A」-「离线开发」-「项目A」-「test」
sql为：select 1","1. 进入「数据质量」-「规则任务配置」-「监控对象」页面
2. 「规则名称」输入「test_rule」，「选择数据源」选择「${DATASOURCE}」，「选择数据库」选择「${DATABASE}」，「选择数据表」选择「${TABLE}」
3. 添加「合理性校验」规则，规则填写：「字段」选择「int_col」，「统计函数」选择「数据变化趋势」，「过滤条件」输入「id<100」「选择排序字段」选择「id」，「校验方法」选择「单调递增」「强弱规则」选择「弱规则」，「规则描述」输入「合理性校验测试」，点击保存
4. 添加「合理性校验」规则，规则填写：「字段」选择「double_col」，「统计函数」选择「数据变化趋势」，「过滤条件」输入「id<100」「选择排序字段」选择「id」，「校验方法」选择「单调递减」「强弱规则」选择「弱规则」，「规则描述」输入「合理性校验测试」，点击保存
5. 「调度属性」配置如下：「调度周期」选择「自动关联离线任务」「规则拼接包」为「1」，「资源组」选择「default」，关联离线任务「test」保存规则
6. 进入「租户A」-「离线开发」-「项目A」-「运维中心」，对任务test「补当前任务及下游」，查看结果","1. 进入成功
2. 监控对象配置成功
3. 规则集保存成功
4. 规则集保存成功
5. 规则保存成功
6. 质量任务校验不通过，离线任务运行成功","1. 
2. 
3. 
4. 
5. 
6.","","2","功能测试","功能测试阶段","正常","0","1","6","通过","可颂","2026-02-06","","0000-00-00","1","",""
"178998","数据资产_STD(#23)","/版本迭代测试用例/v6.4.8/【内置规则丰富】合理性，单调递减、单调递增(#10189)","","验证合理性校验弱规则-校验通过生效","1. 资产平台已存在${DATASOURCE}_${DATABASE}_${TABLE}并授权给当前测试项目

2.${DATASOURCE}有相似数据源${DATASOURCE1}

3. ${TABLE} DDL\DML 如下：
drop table if exists table1;
create table if not EXISTS table1 (
id BIGINT,
int_col INT,
float_col FLOAT,
double_col DOUBLE,
decimal_col DECIMAL(10, 2)
)

INSERT INTO table1 (id, int_col, float_col, double_col, decimal_col)
VALUES
(1, 100, 10.10, 111.111, 111.11),
(2, 200, 9.99, 222.222, 222.22),
(3, 300, 8.88, 333.333, 333.33),
(4, 400, 7.77, 444.444, 444.44),
(5, 500, 6.66, 555.555, 555.55),
(6, 600, 5.55, 666.666, 666.66),
(7, 700, 4.44, 777.777, 777.77),
(8, 800, 3.33, 888.888, 888.88),
(9, 900, 2.22, 999.999, 999.99),
(10, 1000, 1.11, 1010.1010, 1010.10);

4、已存在离线任务，hivesql
「租户A」-「离线开发」-「项目A」-「test」
sql为：select 1","1. 进入「数据质量」-「规则任务配置」-「监控对象」页面
2. 「规则名称」输入「test_rule」，「选择数据源」选择「${DATASOURCE}」，「选择数据库」选择「${DATABASE}」，「选择数据表」选择「${TABLE}」
3. 添加「合理性校验」规则，规则填写：「字段」选择「float_col」，「统计函数」选择「数据变化趋势」，「过滤条件」输入「id<100」「选择排序字段」选择「id」，「校验方法」选择「单调递增」「强弱规则」选择「弱规则」，「规则描述」输入「合理性校验测试」，点击保存
4. 添加「合理性校验」规则，规则填写：「字段」选择「double_col」，「统计函数」选择「数据变化趋势」，「过滤条件」输入「id<100」「选择排序字段」选择「id」，「校验方法」选择「单调递减」「强弱规则」选择「弱规则」，「规则描述」输入「合理性校验测试」，点击保存
5. 「调度属性」配置如下：「调度周期」选择「自动关联离线任务」「规则拼接包」为「1」，「资源组」选择「default」，关联离线任务「test」保存规则
6. 进入「租户A」-「离线开发」-「项目A」-「运维中心」，对任务test「补当前任务及下游」，查看结果","1. 进入成功
2. 监控对象配置成功
3. 规则集保存成功
4. 规则集保存成功
5. 规则保存成功
6. 质量任务校验通过，离线任务运行成功","1. 
2. 
3. 
4. 
5. 
6.","","2","功能测试","功能测试阶段","正常","0","1","6","通过","可颂","2026-02-06","","0000-00-00","1","",""
"178997","数据资产_STD(#23)","/版本迭代测试用例/v6.4.8/【内置规则丰富】合理性，单调递减、单调递增(#10189)","","验证数据表质量报告-单调递减校验结果正确","1. 资产平台已存在${DATASOURCE}_${DATABASE}_${TABLE}并授权给当前测试项目
2.${DATASOURCE}有相似数据源${DATASOURCE1}
3. ${TABLE} DDL\DML 如下：
drop table if exists table1;
create table if not EXISTS table1 (
id BIGINT,
int_col INT,
float_col FLOAT,
double_col DOUBLE,
decimal_col DECIMAL(10, 2)
)
INSERT INTO table1 (id, int_col, float_col, double_col, decimal_col)
VALUES
(1, 1000, 10.10, 111.111, 111.11),
(2, 900, 9.99, 222.222, 222.22),
(3, 800, 8.88, 333.333, 333.33),
(4, 700, 7.77, 444.444, 444.44),
(5, 500, 6.66, 555.555, 555.55),
(6, 600, 5.55, 666.666, 666.66),
(7, 400, 4.44, 777.777, 777.77),
(8, 300, 3.33, 888.888, 888.88),
(9, 200, 2.22, 999.999, 999.99),
(10, 100, 1.11, 1010.1010, 1010.10);","1. 进入「数据质量」-「规则任务配置」-「监控对象」页面
2. 「规则名称」输入「test_rule」，「选择数据源」选择「${DATASOURCE}」，「选择数据库」选择「${DATABASE}」，「选择数据表」选择「${TABLE}」
3. 添加「合理性校验」规则，规则填写：「字段」选择「int_col」，「统计函数」选择「数据变化趋势」，「过滤条件」输入「id<100」「选择排序字段」选择「id」，「校验方法」选择「单调递增」「强弱规则」选择「弱规则」，「规则描述」输入「合理性校验测试」，点击保存
4. 添加「合理性校验」规则，规则填写：「字段」选择「float_col」，「统计函数」选择「数据变化趋势」，「过滤条件」输入「id<100」「选择排序字段」选择「id」，「校验方法」选择「单调递增」「强弱规则」选择「弱规则」，「规则描述」输入「合理性校验测试」，点击保存
5. 「调度属性」配置如下：「调度周期」选择「小时」，「生效日期」为「2025-11-20～2025-11-20」，「间隔时间」为 「1小时」，「开始时间-结束时间」为「00:00:00～15:00:00」，「规则拼接包」为「1」，「资源组」选择「default」保存规则
6. 运行后，查看质量报告展示
7. 点击查看详情","1. 进入成功
2. 监控对象配置成功
3. 规则集保存成功
4. 规则集保存成功
5. 规则保存成功
6. 1）规则校验明细列表有字段「规则类型、规则名称、字段名称、字段类型、质检结果、未通过原因、详情说明、操作」2）数据1:「合理性校验」-「数据变化趋势校验」-「int_col」-「int」-「校验不通过」-「数据变化趋势校验未通过」-「在id字段排序下，不符合规则单调递减」-「查看详情」；数据2：「合理性校验」-「数据变化趋势校验」-「float_col」-「int」-「校验通过」-「--」-「在id字段排序下，符合规则单调递减」-「--」；
7. ？？？？","1. 
2. 
3. 
4. 
5. 
6. 
7.","","2","功能测试","功能测试阶段","正常","0","1","7","通过","可颂","2026-02-06","昭君","2026-03-03","2","",""
"178996","数据资产_STD(#23)","/版本迭代测试用例/v6.4.8/【内置规则丰富】合理性，单调递减、单调递增(#10189)","","验证数据表质量报告-单调递增校验结果正确","1. 资产平台已存在${DATASOURCE}_${DATABASE}_${TABLE}并授权给当前测试项目
2.${DATASOURCE}有相似数据源${DATASOURCE1}
3. ${TABLE} DDL\DML 如下：
drop table if exists table1;
create table if not EXISTS table1 (
id BIGINT,
int_col INT,
float_col FLOAT,
double_col DOUBLE,
decimal_col DECIMAL(10, 2)
)
INSERT INTO table1 (id, int_col, float_col, double_col, decimal_col)
VALUES
(1, 100, 1.11, 111.111, 111.11),
(2, 200, 2.22, 222.222, 222.22),
(3, 300, 3.33, 333.333, 333.33),
(4, 400, 4.44, 444.444, 444.44),
(5, 600, 5.55, 555.555, 555.55),
(6, 500, 6.66, 666.666, 666.66),
(7, 700, 7.77, 777.777, 777.77),
(8, 800, 8.88, 888.888, 888.88),
(9, 900, 9.99, 999.999, 999.99),
(10, 1000, 10.10, 1010.1010, 1010.10);","1. 进入「数据质量」-「规则任务配置」-「监控对象」页面
2. 「规则名称」输入「test_rule」，「选择数据源」选择「${DATASOURCE}」，「选择数据库」选择「${DATABASE}」，「选择数据表」选择「${TABLE}」
3. 添加「合理性校验」规则，规则填写：「字段」选择「int_col」，「统计函数」选择「数据变化趋势」，「过滤条件」输入「id<100」「选择排序字段」选择「id」，「校验方法」选择「单调递增」「强弱规则」选择「弱规则」，「规则描述」输入「合理性校验测试」，点击保存
4. 添加「合理性校验」规则，规则填写：「字段」选择「float_col」，「统计函数」选择「数据变化趋势」，「过滤条件」输入「id<100」「选择排序字段」选择「id」，「校验方法」选择「单调递增」「强弱规则」选择「弱规则」，「规则描述」输入「合理性校验测试」，点击保存
5. 「调度属性」配置如下：「调度周期」选择「小时」，「生效日期」为「2025-11-20～2025-11-20」，「间隔时间」为 「1小时」，「开始时间-结束时间」为「00:00:00～15:00:00」，「规则拼接包」为「1」，「资源组」选择「default」保存规则
6. 运行后，查看质量报告展示
7. 点击查看详情","1. 进入成功
2. 监控对象配置成功
3. 规则集保存成功
4. 规则集保存成功
5. 规则保存成功
6. 1）规则校验明细列表有字段「规则类型、规则名称、字段名称、字段类型、质检结果、未通过原因、详情说明、操作」2）数据1:「合理性校验」-「数据变化趋势校验」-「int_col」-「int」-「校验不通过」-「数据变化趋势校验未通过」-「在id字段排序下，不符合规则单调递增」-「查看详情」；数据2：「合理性校验」-「数据变化趋势校验」-「float_col」-「int」-「校验通过」-「--」-「在id字段排序下，符合规则单调递增」-「--」；
7. ？？？？","1. 
2. 
3. 
4. 
5. 
6. 
7.","","1","功能测试","功能测试阶段","正常","0","2","7","通过","可颂","2026-02-06","昭君","2026-03-03","2","",""
"178995","数据资产_STD(#23)","/版本迭代测试用例/v6.4.8/【内置规则丰富】合理性，单调递减、单调递增(#10189)","","验证合理性校验-单调递减-查看明细正确","1. 资产平台已存在${DATASOURCE}_${DATABASE}_${TABLE}并授权给当前测试项目
2.${DATASOURCE}有相似数据源${DATASOURCE1}
3. ${TABLE} DDL\DML 如下：
drop table if exists table1;
create table if not EXISTS table1 (
id BIGINT,
int_col INT,
float_col FLOAT,
double_col DOUBLE,
decimal_col DECIMAL(10, 2)
)
INSERT INTO table1 (id, int_col, float_col, double_col, decimal_col)
VALUES
(1, 1000, 1.11, 111.111, 111.11),
(2, 900, 2.22, 222.222, 222.22),
(3, 800, 3.33, 333.333, 333.33),
(4, 700, 4.44, 444.444, 444.44),
(5, 600, 5.55, 555.555, 555.55),
(6, 500, 6.66, 666.666, 666.66),
(7, 300, 7.77, 777.777, 777.77),
(8, 400, 8.88, 888.888, 888.88),
(9, 200, 9.99, 999.999, 999.99),
(10, 100, 10.10, 1010.1010, 1010.10);","1. 进入「数据质量」-「规则任务配置」-「监控对象」页面
2. 「规则名称」输入「test_rule」，「选择数据源」选择「${DATASOURCE}」，「选择数据库」选择「${DATABASE}」，「选择数据表」选择「${TABLE}」
3. 添加「合理性校验」规则，规则填写：「字段」选择「int_col」，「统计函数」选择「数据变化趋势」，「过滤条件」输入「id>5」「选择排序字段」选择「id」，「校验方法」选择「单调递减」「强弱规则」选择「弱规则」，「规则描述」输入「合理性校验测试」，点击保存
4. 「调度属性」配置如下：「调度周期」选择「小时」，「生效日期」为「2025-11-20～2025-11-20」，「间隔时间」为 「1小时」，「开始时间-结束时间」为「00:00:00～15:00:00」，「规则拼接包」为「1」，「资源组」选择「default」保存规则
5. 立即运行，查看结果
6. 查看明细","1. 进入成功
2. 监控对象配置成功
3. 规则集保存成功
4. 规则保存成功
5. 检验不通过，有查看明细
6. 1）标题为「查看“合理性校验-数据变化趋势”明细」，下方展示运行时间、下载明细2）列表展示字段为表的全部字段，字段int_col标红展示，展示字段id=8的1条数据","1. 
2. 
3. 
4. 
5. 
6.","","1","功能测试","功能测试阶段","正常","0","3","6","通过","可颂","2026-02-06","昭君","2026-03-03","2","",""
"178994","数据资产_STD(#23)","/版本迭代测试用例/v6.4.8/【内置规则丰富】合理性，单调递减、单调递增(#10189)","","验证合理性校验-单调递减实例详情正确","1. 资产平台已存在${DATASOURCE}_${DATABASE}_${TABLE}并授权给当前测试项目

2.${DATASOURCE}有相似数据源${DATASOURCE1}

3. ${TABLE} DDL\DML 如下：
drop table if exists table1;
create table if not EXISTS table1 (
id BIGINT,
int_col INT,
float_col FLOAT,
double_col DOUBLE,
decimal_col DECIMAL(10, 2)
)

INSERT INTO table1
VALUES
(8, 900, 8.88, 888.888, 888.88),
(9, 800, 9.99, 999.999, 999.99),
(10, 1000, 10.10, 1010.1010, 1010.10);","1. 进入「数据质量」-「规则任务配置」-「监控对象」页面
2. 「规则名称」输入「test_rule」，「选择数据源」选择「${DATASOURCE}」，「选择数据库」选择「${DATABASE}」，「选择数据表」选择「${TABLE}」
3. 添加「合理性校验」规则，规则填写：「字段」选择「int_col」，「统计函数」选择「数据变化趋势」，「过滤条件」输入「id<100」「选择排序字段」选择「id」，「校验方法」选择「单调递减」「强弱规则」选择「弱规则」，「规则描述」输入「合理性校验测试」，点击保存
4. 「调度属性」配置如下：「调度周期」选择「小时」，「生效日期」为「2025-11-20～2025-11-20」，「间隔时间」为 「1小时」，「开始时间-结束时间」为「00:00:00～15:00:00」，「规则拼接包」为「1」，「资源组」选择「default」保存规则
5. 立即运行，查看实例详情","1. 进入成功
2. 监控对象配置成功
3. 规则集保存成功
4. 规则保存成功
5. 合理性校验展示：「字段」：「int_col」，「统计函数」：「数据变化趋势」，「过滤条件」：「id<100」「排序字段」：「id」，「校验方法」：「单调递减」，「强弱规则」：「弱规则」，「规则描述」：「合理性校验测试」","1. 
2. 
3. 
4. 
5. 过滤条件回显不正确","","2","功能测试","功能测试阶段","正常","0","1","5","失败","可颂","2026-02-06","","0000-00-00","1","",""
"178993","数据资产_STD(#23)","/版本迭代测试用例/v6.4.8/【内置规则丰富】合理性，单调递减、单调递增(#10189)","","验证合理性校验-单调递减运行-校验不通过功能","1. 资产平台已存在${DATASOURCE}_${DATABASE}_${TABLE}并授权给当前测试项目
2.${DATASOURCE}有相似数据源${DATASOURCE1}
3. ${TABLE} DDL\DML 如下：
drop table if exists table1;
create table if not EXISTS table1 (
id BIGINT,
int_col INT,
float_col FLOAT,
double_col DOUBLE,
decimal_col DECIMAL(10, 2)
)
INSERT INTO table1
VALUES
(8, 900, 8.88, 888.888, 888.88),
(9, 800, 9.99, 999.999, 999.99),
(10, 1000, 10.10, 1010.1010, 1010.10);","1. 进入「数据质量」-「规则任务配置」-「监控对象」页面
2. 「规则名称」输入「test_rule」，「选择数据源」选择「${DATASOURCE}」，「选择数据库」选择「${DATABASE}」，「选择数据表」选择「${TABLE}」
3. 添加「合理性校验」规则，规则填写：「字段」选择「int_col」，「统计函数」选择「数据变化趋势」，「过滤条件」输入「id<100」「选择排序字段」选择「id」，「校验方法」选择「单调递减」「强弱规则」选择「弱规则」，「规则描述」输入「合理性校验测试」，点击保存
4. 「调度属性」配置如下：「调度周期」选择「小时」，「生效日期」为「2025-11-20～2025-11-20」，「间隔时间」为 「1小时」，「开始时间-结束时间」为「00:00:00～15:00:00」，「规则拼接包」为「1」，「资源组」选择「default」保存规则
5. 立即运行
6. 查看结果","1. 进入成功
2. 监控对象配置成功
3. 规则集保存成功
4. 规则保存成功
5. 运行成功
6. 校验不通过","1. 
2. 
3. 
4. 
5. 
6.","","2","功能测试","功能测试阶段","正常","0","1","6","通过","可颂","2026-02-06","昭君","2026-03-02","1","",""
"178992","数据资产_STD(#23)","/版本迭代测试用例/v6.4.8/【内置规则丰富】合理性，单调递减、单调递增(#10189)","","验证合理性校验-单调递减运行-校验通过功能","1. 资产平台已存在${DATASOURCE}_${DATABASE}_${TABLE}并授权给当前测试项目
2.${DATASOURCE}有相似数据源${DATASOURCE1}
3. ${TABLE} DDL\DML 如下：
drop table if exists table1;
create table if not EXISTS table1 (
id BIGINT,
int_col INT,
float_col FLOAT,
double_col DOUBLE,
decimal_col DECIMAL(10, 2)
)
INSERT INTO table1
VALUES
(8, 1000, 8.88, 888.888, 888.88),
(9, 900, 9.99, 999.999, 999.99),
(10, 800, 10.10, 1010.1010, 1010.10);","1. 进入「数据质量」-「规则任务配置」-「监控对象」页面
2. 「规则名称」输入「test_rule」，「选择数据源」选择「${DATASOURCE}」，「选择数据库」选择「${DATABASE}」，「选择数据表」选择「${TABLE}」
3. 添加「合理性校验」规则，规则填写：「字段」选择「int_col」，「统计函数」选择「数据变化趋势」，「过滤条件」输入「id<100」「选择排序字段」选择「id」，「校验方法」选择「单调递减」「强弱规则」选择「弱规则」，「规则描述」输入「合理性校验测试」，点击保存
4. 「调度属性」配置如下：「调度周期」选择「小时」，「生效日期」为「2025-11-20～2025-11-20」，「间隔时间」为 「1小时」，「开始时间-结束时间」为「00:00:00～15:00:00」，「规则拼接包」为「1」，「资源组」选择「default」保存规则
5. 立即运行
6. 查看结果","1. 进入成功
2. 监控对象配置成功
3. 规则集保存成功
4. 规则保存成功
5. 运行成功
6. 校验通过","1. 
2. 
3. 
4. 
5. 
6.","","1","功能测试","功能测试阶段","正常","1","3","6","失败","可颂","2026-02-06","昭君","2026-03-02","1","",""
"178991","数据资产_STD(#23)","/版本迭代测试用例/v6.4.8/【内置规则丰富】合理性，单调递减、单调递增(#10189)","","验证新建单调递减监控规则","1. 资产平台已存在${DATASOURCE}_${DATABASE}_${TABLE}并授权给当前测试项目

2.${DATASOURCE}有相似数据源${DATASOURCE1}

3. ${TABLE} DDL\DML 如下：
drop table if exists table1;
create table if not EXISTS table1 (
id BIGINT,
int_col INT,
float_col FLOAT,
double_col DOUBLE,
decimal_col DECIMAL(10, 2)
)

INSERT INTO table1
VALUES
(8, 800, 8.88, 888.888, 888.88),
(10, 1000, 10.10, 1010.1010, 1010.10),
(9, 900, 9.99, 999.999, 999.99);","1. 进入「数据质量」-「规则任务配置」-「监控对象」页面
2. 「规则名称」输入「test_rule」，「选择数据源」选择「${DATASOURCE}」，「选择数据库」选择「${DATABASE}」，「选择数据表」选择「${TABLE}」
3. 添加「合理性校验」规则，规则填写：「字段」选择「int_col」，「统计函数」选择「数据变化趋势」，「过滤条件」输入「id<100」「选择排序字段」选择「id」，「校验方法」选择「单调递减」「强弱规则」选择「弱规则」，「规则描述」输入「合理性校验测试」，点击保存
4. 「调度属性」配置如下：「调度周期」选择「小时」，「生效日期」为「2025-11-20～2025-11-20」，「间隔时间」为 「1小时」，「开始时间-结束时间」为「00:00:00～15:00:00」，「规则拼接包」为「1」，「资源组」选择「default」保存规则
5. 查看规则详情页","1. 进入成功
2. 监控对象配置成功
3. 规则集保存成功
4. 规则保存成功
5. 详情页展示数据正确","1. 
2. 
3. 
4. 
5.","","2","功能测试","功能测试阶段","正常","0","1","5","失败","可颂","2026-02-06","","0000-00-00","1","",""
"178990","数据资产_STD(#23)","/版本迭代测试用例/v6.4.8/【内置规则丰富】合理性，单调递减、单调递增(#10189)","","验证合理性校验-单调递增-查看明细正确","1. 资产平台已存在${DATASOURCE}_${DATABASE}_${TABLE}并授权给当前测试项目

2.${DATASOURCE}有相似数据源${DATASOURCE1}

3. ${TABLE} DDL\DML 如下：
drop table if exists table1;
create table if not EXISTS table1 (
id BIGINT,
int_col INT,
float_col FLOAT,
double_col DOUBLE,
decimal_col DECIMAL(10, 2)
)

INSERT INTO table1 (id, int_col, float_col, double_col, decimal_col)
VALUES
(1, 100, 1.11, 111.111, 111.11),
(2, 200, 2.22, 222.222, 222.22),
(3, 300, 3.33, 333.333, 333.33),
(4, 400, 4.44, 444.444, 444.44),
(5, 600, 5.55, 555.555, 555.55),
(6, 500, 6.66, 666.666, 666.66),
(7, 700, 7.77, 777.777, 777.77),
(8, 900, 8.88, 888.888, 888.88),
(9, 800, 9.99, 999.999, 999.99),
(10, 1000, 10.10, 1010.1010, 1010.10);","1. 进入「数据质量」-「规则任务配置」-「监控对象」页面
2. 「规则名称」输入「test_rule」，「选择数据源」选择「${DATASOURCE}」，「选择数据库」选择「${DATABASE}」，「选择数据表」选择「${TABLE}」
3. 添加「合理性校验」规则，规则填写：「字段」选择「int_col」，「统计函数」选择「数据变化趋势」，「过滤条件」输入「id>5」「选择排序字段」选择「id」，「校验方法」选择「单调递增」「强弱规则」选择「弱规则」，「规则描述」输入「合理性校验测试」，点击保存
4. 「调度属性」配置如下：「调度周期」选择「小时」，「生效日期」为「2025-11-20～2025-11-20」，「间隔时间」为 「1小时」，「开始时间-结束时间」为「00:00:00～15:00:00」，「规则拼接包」为「1」，「资源组」选择「default」保存规则
5. 立即运行，查看结果
6. 查看明细","1. 进入成功
2. 监控对象配置成功
3. 规则集保存成功
4. 规则保存成功
5. 检验不通过，有查看明细
6. 1）标题为「查看“合理性校验-数据变化趋势”明细」，下方展示运行时间、下载明细2）列表展示字段为表的全部字段，字段int_col标红展示，展示字段id=9的数据","1. 
2. 
3. 
4. 
5. 
6. 字段标红多了","","1","功能测试","功能测试阶段","正常","1","2","6","失败","可颂","2026-02-06","","0000-00-00","1","",""
"178989","数据资产_STD(#23)","/版本迭代测试用例/v6.4.8/【内置规则丰富】合理性，单调递减、单调递增(#10189)","","验证合理性校验-单调递增实例详情正确","1. 资产平台已存在${DATASOURCE}_${DATABASE}_${TABLE}并授权给当前测试项目

2.${DATASOURCE}有相似数据源${DATASOURCE1}

3. ${TABLE} DDL\DML 如下：
drop table if exists table1;
create table if not EXISTS table1 (
id BIGINT,
int_col INT,
float_col FLOAT,
double_col DOUBLE,
decimal_col DECIMAL(10, 2)
)

INSERT INTO table1
VALUES
(8, 900, 8.88, 888.888, 888.88),
(9, 800, 9.99, 999.999, 999.99),
(10, 1000, 10.10, 1010.1010, 1010.10);","1. 进入「数据质量」-「规则任务配置」-「监控对象」页面
2. 「规则名称」输入「test_rule」，「选择数据源」选择「${DATASOURCE}」，「选择数据库」选择「${DATABASE}」，「选择数据表」选择「${TABLE}」
3. 添加「合理性校验」规则，规则填写：「字段」选择「int_col」，「统计函数」选择「数据变化趋势」，「过滤条件」输入「id<100」「选择排序字段」选择「id」，「校验方法」选择「单调递增」「强弱规则」选择「弱规则」，「规则描述」输入「合理性校验测试」，点击保存
4. 「调度属性」配置如下：「调度周期」选择「小时」，「生效日期」为「2025-11-20～2025-11-20」，「间隔时间」为 「1小时」，「开始时间-结束时间」为「00:00:00～15:00:00」，「规则拼接包」为「1」，「资源组」选择「default」保存规则
5. 立即运行，查看实例详情","1. 进入成功
2. 监控对象配置成功
3. 规则集保存成功
4. 规则保存成功
5. 合理性校验展示：「字段」：「int_col」，「统计函数」：「数据变化趋势」，「过滤条件」：「id<100」「排序字段」：「id」，「校验方法」：「单调递增」，「强弱规则」：「弱规则」，「规则描述」：「合理性校验测试」","1. 
2. 
3. 
4. 
5. 过滤条件渲染不正确","","2","功能测试","功能测试阶段","正常","1","2","5","失败","可颂","2026-02-06","","0000-00-00","1","",""
"178988","数据资产_STD(#23)","/版本迭代测试用例/v6.4.8/【内置规则丰富】合理性，单调递减、单调递增(#10189)","","验证合理性校验-单调递增运行-校验不通过功能","1. 资产平台已存在${DATASOURCE}_${DATABASE}_${TABLE}并授权给当前测试项目
2.${DATASOURCE}有相似数据源${DATASOURCE1}
3. ${TABLE} DDL\DML 如下：
drop table if exists table1;
create table if not EXISTS table1 (
id BIGINT,
int_col INT,
float_col FLOAT,
double_col DOUBLE,
decimal_col DECIMAL(10, 2)
)
INSERT INTO table1
VALUES
(8, 900, 8.88, 888.888, 888.88),
(9, 800, 9.99, 999.999, 999.99),
(10, 1000, 10.10, 1010.1010, 1010.10);","1. 进入「数据质量」-「规则任务配置」-「监控对象」页面
2. 「规则名称」输入「test_rule」，「选择数据源」选择「${DATASOURCE}」，「选择数据库」选择「${DATABASE}」，「选择数据表」选择「${TABLE}」
3. 添加「合理性校验」规则，规则填写：「字段」选择「int_col」，「统计函数」选择「数据变化趋势」，「过滤条件」输入「id<100」「选择排序字段」选择「id」，「校验方法」选择「单调递增」「强弱规则」选择「弱规则」，「规则描述」输入「合理性校验测试」，点击保存
4. 「调度属性」配置如下：「调度周期」选择「小时」，「生效日期」为「2025-11-20～2025-11-20」，「间隔时间」为 「1小时」，「开始时间-结束时间」为「00:00:00～15:00:00」，「规则拼接包」为「1」，「资源组」选择「default」保存规则
5. 立即运行
6. 查看结果","1. 进入成功
2. 监控对象配置成功
3. 规则集保存成功
4. 规则保存成功
5. 运行成功
6. 校验不通过","1. 
2. 
3. 
4. 
5. 
6.","","2","功能测试","功能测试阶段","正常","0","1","6","通过","可颂","2026-02-06","昭君","2026-02-28","1","",""
"178987","数据资产_STD(#23)","/版本迭代测试用例/v6.4.8/【内置规则丰富】合理性，单调递减、单调递增(#10189)","","验证合理性校验-单调递增运行-校验通过功能","1. 资产平台已存在${DATASOURCE}_${DATABASE}_${TABLE}并授权给当前测试项目
2.${DATASOURCE}有相似数据源${DATASOURCE1}
3. ${TABLE} DDL\DML 如下：
drop table if exists table1;
create table if not EXISTS table1 (
id BIGINT,
int_col INT,
float_col FLOAT,
double_col DOUBLE,
decimal_col DECIMAL(10, 2)
)
INSERT INTO table1
VALUES
(8, 800, 8.88, 888.888, 888.88),
(9, 900, 9.99, 999.999, 999.99),
(10, 1000, 10.10, 1010.1010, 1010.10);","1. 进入「数据质量」-「规则任务配置」-「监控对象」页面
2. 「规则名称」输入「test_rule」，「选择数据源」选择「${DATASOURCE}」，「选择数据库」选择「${DATABASE}」，「选择数据表」选择「${TABLE}」
3. 添加「合理性校验」规则，规则填写：「字段」选择「int_col」，「统计函数」选择「数据变化趋势」，「过滤条件」输入「id<100」「选择排序字段」选择「id」，「校验方法」选择「单调递增」「强弱规则」选择「弱规则」，「规则描述」输入「合理性校验测试」，点击保存
4. 「调度属性」配置如下：「调度周期」选择「小时」，「生效日期」为「2025-11-20～2025-11-20」，「间隔时间」为 「1小时」，「开始时间-结束时间」为「00:00:00～15:00:00」，「规则拼接包」为「1」，「资源组」选择「default」保存规则
5. 立即运行
6. 查看结果","1. 进入成功
2. 监控对象配置成功
3. 规则集保存成功
4. 规则保存成功
5. 运行成功
6. 校验通过","1. 
2. 
3. 
4. 
5. 
6.","","1","功能测试","功能测试阶段","正常","0","2","6","通过","可颂","2026-02-06","昭君","2026-02-28","1","",""
"178986","数据资产_STD(#23)","/版本迭代测试用例/v6.4.8/【内置规则丰富】合理性，单调递减、单调递增(#10189)","","验证新建单调递增监控规则","1. 资产平台已存在${DATASOURCE}_${DATABASE}_${TABLE}并授权给当前测试项目
2.${DATASOURCE}有相似数据源${DATASOURCE1}
3. ${TABLE} DDL\DML 如下：
drop table if exists table1;
create table if not EXISTS table1 (
id BIGINT,
int_col INT,
float_col FLOAT,
double_col DOUBLE,
decimal_col DECIMAL(10, 2)
)
INSERT INTO table1
VALUES
(8, 800, 8.88, 888.888, 888.88),
(10, 1000, 10.10, 1010.1010, 1010.10),
(9, 900, 9.99, 999.999, 999.99);","1. 进入「数据质量」-「规则任务配置」-「监控对象」页面
2. 「规则名称」输入「test_rule」，「选择数据源」选择「${DATASOURCE}」，「选择数据库」选择「${DATABASE}」，「选择数据表」选择「${TABLE}」
3. 添加「合理性校验」规则，规则填写：「字段」选择「int_col」，「统计函数」选择「数据变化趋势」，「过滤条件」输入「id<100」「选择排序字段」选择「id」，「校验方法」选择「单调递增」「强弱规则」选择「弱规则」，「规则描述」输入「合理性校验测试」，点击保存
4. 「调度属性」配置如下：「调度周期」选择「小时」，「生效日期」为「2025-11-20～2025-11-20」，「间隔时间」为 「1小时」，「开始时间-结束时间」为「00:00:00～15:00:00」，「规则拼接包」为「1」，「资源组」选择「default」保存规则
5. 查看规则详情页","1. 进入成功
2. 监控对象配置成功
3. 规则集保存成功
4. 规则保存成功
5. 详情页展示数据正确","1. 
2. 
3. 
4. 
5.","","2","功能测试","功能测试阶段","正常","0","1","5","通过","可颂","2026-02-06","昭君","2026-02-28","1","",""
"178985","数据资产_STD(#23)","/版本迭代测试用例/v6.4.8/【内置规则丰富】合理性，单调递减、单调递增(#10189)","","验证【合理性校验】规则框-校验方法正确","无","1. 进入「数据质量」-「规则任务配置」-「监控对象」页面
2. 「规则名称」输入「test_rule」，「选择数据源」选择「${DATASOURCE}」，「选择数据库」选择「${DATABASE}」，「选择数据表」选择「${TABLE}」
3. 添加「合理性校验」规则
4. 查看校验方法展示","1. 进入成功
2. 监控对象配置成功
3. 新增合理性校验规则框
4. 下拉框展示「单调递增」「单调递减」，单选","1. 
2. 
3. 
4.","","2","功能测试","功能测试阶段","正常","0","1","4","通过","可颂","2026-02-06","昭君","2026-02-28","1","",""
"178984","数据资产_STD(#23)","/版本迭代测试用例/v6.4.8/【内置规则丰富】合理性，单调递减、单调递增(#10189)","","验证【合理性校验】规则框-选择排序字段正确","无","1. 进入「数据质量」-「规则任务配置」-「监控对象」页面
2. 「规则名称」输入「test_rule」，「选择数据源」选择「${DATASOURCE}」，「选择数据库」选择「${DATABASE}」，「选择数据表」选择「${TABLE}」
3. 添加「合理性校验」规则
4. 查看选择排序字段展示","1. 进入成功
2. 监控对象配置成功
3. 新增合理性校验规则框
4. 展示选择表下的所有字段，单选","1. 
2. 
3. 
4.","","2","功能测试","功能测试阶段","正常","0","1","4","通过","可颂","2026-02-06","昭君","2026-02-28","1","",""
"178983","数据资产_STD(#23)","/版本迭代测试用例/v6.4.8/【内置规则丰富】合理性，单调递减、单调递增(#10189)","","验证【合理性校验】规则框-统计函数正确","无","1. 进入「数据质量」-「规则任务配置」-「监控对象」页面
2. 「规则名称」输入「test_rule」，「选择数据源」选择「${DATASOURCE}」，「选择数据库」选择「${DATABASE}」，「选择数据表」选择「${TABLE}」
3. 添加「合理性校验」规则
4. 查看统计函数展示","1. 进入成功
2. 监控对象配置成功
3. 新增合理性校验规则框
4. 默认展示“数据变化趋势”，下拉框仅有选项“数据变化趋势”","1. 
2. 
3. 
4.","","2","功能测试","功能测试阶段","正常","0","1","4","通过","可颂","2026-02-06","昭君","2026-02-28","1","",""
"178982","数据资产_STD(#23)","/版本迭代测试用例/v6.4.8/【内置规则丰富】合理性，单调递减、单调递增(#10189)","","验证【合理性校验】规则框-字段正确","无","1. 进入「数据质量」-「规则任务配置」-「监控对象」页面
2. 「规则名称」输入「test_rule」，「选择数据源」选择「${DATASOURCE}」，「选择数据库」选择「${DATABASE}」，「选择数据表」选择「${TABLE}」
3. 添加「合理性校验」规则
4. 查看字段展示","1. 进入成功
2. 监控对象配置成功
3. 新增合理性校验规则框
4. 展示选择表下的所有字段，单选","1. 
2. 
3. 
4.","","2","功能测试","功能测试阶段","正常","1","2","4","失败","可颂","2026-02-06","昭君","2026-02-28","1","",""
"178981","数据资产_STD(#23)","/版本迭代测试用例/v6.4.8/【内置规则丰富】合理性，单调递减、单调递增(#10189)","","验证【合理性校验】规则框正确","无","1. 进入「数据质量」-「规则任务配置」-「监控对象」页面
2. 「规则名称」输入「test_rule」，「选择数据源」选择「${DATASOURCE}」，「选择数据库」选择「${DATABASE}」，「选择数据表」选择「${TABLE}」
3. 添加「合理性校验」规则","1. 进入成功
2. 监控对象配置成功
3. 新增「合理性校验规则框」，左上角展示“合理性规则”。允许选择「字段、统计函数、过滤条件、选择排序字段、校验方法、强弱规则、规则描述」","1. 
2. 
3.","","2","功能测试","功能测试阶段","正常","0","2","3","通过","可颂","2026-02-06","昭君","2026-02-28","1","",""
"178980","数据资产_STD(#23)","/版本迭代测试用例/v6.4.8/【内置规则丰富】合理性，单调递减、单调递增(#10189)","","验证新增【合理性校验】类型","1. 资产平台已存在${DATASOURCE}_${DATABASE}_${TABLE}并授权给当前测试项目
2.${DATASOURCE}有相似数据源${DATASOURCE1}
3. ${TABLE} DDL\DML 如下：
drop table if exists table1;
create table if not EXISTS table1 (
id int,
age string,
name string,
score string,
sex string )
USING paimon tblproperties ( &#039;primary-key&#039; = &#039;id&#039; );
INSERT INTO table1 VALUES (1, &#039;11&#039;,&#039;林大&#039;,&#039;100&#039;,&#039;男&#039;), (2, &#039;12&#039;,&#039;王二&#039;,&#039;99&#039;,&#039;男&#039;),(3, &#039;13&#039;,&#039;张三&#039;,&#039;99&#039;,&#039;男&#039;),(4, &#039;14&#039;,&#039;李四&#039;,&#039;100&#039;,&#039;女&#039;);
SELECT * FROM table1;","1. 进入「数据质量」-「规则任务配置」-「监控对象」页面
2. 「规则名称」输入「test_rule」，「选择数据源」选择「${DATASOURCE}」，「选择数据库」选择「${DATABASE}」，「选择数据表」选择「${TABLE}」
3. 查看右侧「添加规则」","1. 进入成功
2. 监控对象配置成功
3. 新增「合理性校验」","1. 
2. 
3.","","2","功能测试","功能测试阶段","正常","0","2","3","通过","可颂","2026-02-06","昭君","2026-02-28","1","",""
"178979","数据资产_STD(#23)","/版本迭代测试用例/v6.4.8/【规则任务配置优化】一个数据表支持创建多个质量规则任务(#10188)","","验证历史质量报告内，质量评估汇总命名变更","1. 资产平台已存在${DATASOURCE}_${DATABASE}_${TABLE}并授权给当前测试项目
2.${DATASOURCE}有相似数据源${DATASOURCE1}
3. ${TABLE} DDL\DML 如下：
drop table if exists table1;
create table if not EXISTS table1 (
id int,
age string,
name string,
score string,
sex string )
USING paimon tblproperties ( &#039;primary-key&#039; = &#039;id&#039; );
INSERT INTO table1 VALUES (1, &#039;11&#039;,&#039;林大&#039;,&#039;100&#039;,&#039;男&#039;), (2, &#039;12&#039;,&#039;王二&#039;,&#039;99&#039;,&#039;男&#039;),(3, &#039;13&#039;,&#039;张三&#039;,&#039;99&#039;,&#039;男&#039;),(4, &#039;14&#039;,&#039;李四&#039;,&#039;100&#039;,&#039;女&#039;);
SELECT * FROM table1;
4、历史已存在table1的1个规则任务test_rule，报告名称为“table1质量报告”","1. 进入「数据质量-质量报告」，查看table1质量报告
2. 查看报告内，质量评估汇总后的名称","1. 进入成功
2. 展示表名_任务名称，即table1_test_rule","1. 
2.","","1","功能测试","功能测试阶段","正常","0","2","2","通过","可颂","2026-02-06","昭君","2026-02-27","1","",""
"178978","数据资产_STD(#23)","/版本迭代测试用例/v6.4.8/【规则任务配置优化】一个数据表支持创建多个质量规则任务(#10188)","","验证报告内质量评估汇总命名变更","1. 资产平台已存在${DATASOURCE}_${DATABASE}_${TABLE}并授权给当前测试项目
2.${DATASOURCE}有相似数据源${DATASOURCE1}
3. ${TABLE} DDL\DML 如下：
drop table if exists table1;
create table if not EXISTS table1 (
id int,
age string,
name string,
score string,
sex string )
USING paimon tblproperties ( &#039;primary-key&#039; = &#039;id&#039; );
INSERT INTO table1 VALUES (1, &#039;11&#039;,&#039;林大&#039;,&#039;100&#039;,&#039;男&#039;), (2, &#039;12&#039;,&#039;王二&#039;,&#039;99&#039;,&#039;男&#039;),(3, &#039;13&#039;,&#039;张三&#039;,&#039;99&#039;,&#039;男&#039;),(4, &#039;14&#039;,&#039;李四&#039;,&#039;100&#039;,&#039;女&#039;);
SELECT * FROM table1;
4、已存在table1的1个规则任务test_rule，报告名称为“table1质量报告”","1. 进入「数据质量-质量报告」，查看table1质量报告
2. 查看报告内，质量评估汇总后的名称","1. 进入成功
2. 展示表名_任务名称，即table1_test_rule","1. 
2.","","2","功能测试","功能测试阶段","正常","0","1","2","通过","可颂","2026-02-06","昭君","2026-02-27","1","",""
"178977","数据资产_STD(#23)","/版本迭代测试用例/v6.4.8/【规则任务配置优化】一个数据表支持创建多个质量规则任务(#10188)","","验证新增报告-多表-全部任务功能","1. 资产平台已存在${DATASOURCE}_${DATABASE}_${TABLE}并授权给当前测试项目

2.${DATASOURCE}有相似数据源${DATASOURCE1}

3. ${TABLE} DDL\DML 如下：
drop table if exists table1;
create table if not EXISTS table1 (
id int,
age string,
name string,
score string,
sex string )
USING paimon tblproperties ( &#039;primary-key&#039; = &#039;id&#039; );

INSERT INTO table1 VALUES (1, &#039;11&#039;,&#039;林大&#039;,&#039;100&#039;,&#039;男&#039;), (2, &#039;12&#039;,&#039;王二&#039;,&#039;99&#039;,&#039;男&#039;),(3, &#039;13&#039;,&#039;张三&#039;,&#039;99&#039;,&#039;男&#039;),(4, &#039;14&#039;,&#039;李四&#039;,&#039;100&#039;,&#039;女&#039;);

SELECT * FROM table1;

4.hive2.x/sparkthrift2.x/doris3.x数据表已配置规则集
规则包1:
自定义sql：
select * from table1； 固定值>2，弱规则

有效性校验：
字段id-取值范围-期望值>3，弱规则

5、已存在table1的2个规则任务，任务1、任务2

已存在table2的1个规则任务，
任务3","1. 进入「数据质量-质量报告-新增报告」
2. 「报告名称」填写「table1质量报告」，关联表选择${DATASOURCE}_${DATABASE}_table1、table2
3. 「选择任务」选择全部，点击确定
4. 查看报告内容","1. 进入成功
2. 新增「选择任务」字段
3. 保存成功
4. 展示任务1、任务2、任务3相关的表级报告","1. 
2. 
3. 
4.","","2","功能测试","功能测试阶段","正常","0","1","4","失败","可颂","2026-02-06","","0000-00-00","1","",""
"178976","数据资产_STD(#23)","/版本迭代测试用例/v6.4.8/【规则任务配置优化】一个数据表支持创建多个质量规则任务(#10188)","","验证新增报告-单表-全部任务功能","1. 资产平台已存在${DATASOURCE}_${DATABASE}_${TABLE}并授权给当前测试项目

2.${DATASOURCE}有相似数据源${DATASOURCE1}

3. ${TABLE} DDL\DML 如下：
drop table if exists table1;
create table if not EXISTS table1 (
id int,
age string,
name string,
score string,
sex string )
USING paimon tblproperties ( &#039;primary-key&#039; = &#039;id&#039; );

INSERT INTO table1 VALUES (1, &#039;11&#039;,&#039;林大&#039;,&#039;100&#039;,&#039;男&#039;), (2, &#039;12&#039;,&#039;王二&#039;,&#039;99&#039;,&#039;男&#039;),(3, &#039;13&#039;,&#039;张三&#039;,&#039;99&#039;,&#039;男&#039;),(4, &#039;14&#039;,&#039;李四&#039;,&#039;100&#039;,&#039;女&#039;);

SELECT * FROM table1;

5、已存在table1的2个规则任务，任务1、任务2","1. 进入「数据质量-质量报告-新增报告」
2. 「报告名称」填写「table1质量报告」，关联表选择${DATASOURCE}_${DATABASE}_table1
3. 「选择任务」选择全部，点击确定
4. 查看报告内容","1. 进入成功
2. 新增「选择任务」字段
3. 保存成功
4. 展示任务1、任务2相关的表级报告","1. 
2. 
3. 
4.","","2","功能测试","功能测试阶段","正常","0","1","4","失败","可颂","2026-02-06","","0000-00-00","1","",""
"178975","数据资产_STD(#23)","/版本迭代测试用例/v6.4.8/【规则任务配置优化】一个数据表支持创建多个质量规则任务(#10188)","","验证新增报告-单表-多个任务功能","1. 资产平台已存在${DATASOURCE}_${DATABASE}_${TABLE}并授权给当前测试项目
2.${DATASOURCE}有相似数据源${DATASOURCE1}
3. ${TABLE} DDL\DML 如下：
drop table if exists table1;
create table if not EXISTS table1 (
id int,
age string,
name string,
score string,
sex string )
USING paimon tblproperties ( &#039;primary-key&#039; = &#039;id&#039; );
INSERT INTO table1 VALUES (1, &#039;11&#039;,&#039;林大&#039;,&#039;100&#039;,&#039;男&#039;), (2, &#039;12&#039;,&#039;王二&#039;,&#039;99&#039;,&#039;男&#039;),(3, &#039;13&#039;,&#039;张三&#039;,&#039;99&#039;,&#039;男&#039;),(4, &#039;14&#039;,&#039;李四&#039;,&#039;100&#039;,&#039;女&#039;);
SELECT * FROM table1;
5、已存在table1的2个规则任务，任务1、任务2","1. 进入「数据质量-质量报告-新增报告」
2. 「报告名称」填写「table1质量报告」，关联表选择${DATASOURCE}_${DATABASE}_table1
3. 「选择任务」选择「任务1」「任务2」，点击确定
4. 查看报告内容","1. 进入成功
2. 新增「选择任务」字段
3. 保存成功
4. 展示任务1、任务2相关的表级报告","1. 
2. 
3. 
4.","","1","功能测试","功能测试阶段","正常","0","4","4","通过","可颂","2026-02-06","昭君","2026-02-27","1","",""
"178974","数据资产_STD(#23)","/版本迭代测试用例/v6.4.8/【规则任务配置优化】一个数据表支持创建多个质量规则任务(#10188)","","验证新增报告-单表-单个任务功能","1. 资产平台已存在${DATASOURCE}_${DATABASE}_${TABLE}并授权给当前测试项目
2.${DATASOURCE}有相似数据源${DATASOURCE1}
3. ${TABLE} DDL\DML 如下：
drop table if exists table1;
create table if not EXISTS table1 (
id int,
age string,
name string,
score string,
sex string )
USING paimon tblproperties ( &#039;primary-key&#039; = &#039;id&#039; );
INSERT INTO table1 VALUES (1, &#039;11&#039;,&#039;林大&#039;,&#039;100&#039;,&#039;男&#039;), (2, &#039;12&#039;,&#039;王二&#039;,&#039;99&#039;,&#039;男&#039;),(3, &#039;13&#039;,&#039;张三&#039;,&#039;99&#039;,&#039;男&#039;),(4, &#039;14&#039;,&#039;李四&#039;,&#039;100&#039;,&#039;女&#039;);
SELECT * FROM table1;
5、已存在table1的2个规则任务，任务1、任务2","1. 进入「数据质量-质量报告-新增报告」
2. 「报告名称」填写「table1质量报告」，关联表选择${DATASOURCE}_${DATABASE}_table1
3. 「选择任务」选择「任务1」，点击确定
4. 查看报告内容","1. 进入成功
2. 新增「选择任务」字段
3. 保存成功
4. 只展示任务1相关的表级报告","1. 
2. 
3. 
4.","","2","功能测试","功能测试阶段","正常","0","1","4","通过","可颂","2026-02-06","昭君","2026-02-27","1","",""
"178973","数据资产_STD(#23)","/版本迭代测试用例/v6.4.8/【规则任务配置优化】一个数据表支持创建多个质量规则任务(#10188)","","验证新增选择任务字段","1. 资产平台已存在${DATASOURCE}_${DATABASE}_${TABLE}并授权给当前测试项目
2.${DATASOURCE}有相似数据源${DATASOURCE1}
3. ${TABLE} DDL\DML 如下：
drop table if exists table1;
create table if not EXISTS table1 (
id int,
age string,
name string,
score string,
sex string )
USING paimon tblproperties ( &#039;primary-key&#039; = &#039;id&#039; );
INSERT INTO table1 VALUES (1, &#039;11&#039;,&#039;林大&#039;,&#039;100&#039;,&#039;男&#039;), (2, &#039;12&#039;,&#039;王二&#039;,&#039;99&#039;,&#039;男&#039;),(3, &#039;13&#039;,&#039;张三&#039;,&#039;99&#039;,&#039;男&#039;),(4, &#039;14&#039;,&#039;李四&#039;,&#039;100&#039;,&#039;女&#039;);
SELECT * FROM table1;
5、已存在table1的2个规则任务，任务1、任务2","1. 进入「数据质量-质量报告-新增报告」
2. 「报告名称」填写「table1质量报告」，关联表选择${DATASOURCE}_${DATABASE}_table1，查看展示
3. 查看「选择任务」下拉框
4. 再添加一个关联表，查看「选择任务」下拉框","1. 进入成功
2. 新增「选择任务」字段
3. 展示「全部」「任务1」「任务2」
4. 只展示「全部」","1. 
2. 
3. 
4.","","2","功能测试","功能测试阶段","正常","0","1","4","通过","可颂","2026-02-06","昭君","2026-02-27","1","",""
"178972","数据资产_STD(#23)","/版本迭代测试用例/v6.4.8/【规则任务配置优化】一个数据表支持创建多个质量规则任务(#10188)","","验证新增质量报告，报告名称校验功能","1. 资产平台已存在${DATASOURCE}_${DATABASE}_${TABLE}并授权给当前测试项目
2.${DATASOURCE}有相似数据源${DATASOURCE1}
3. ${TABLE} DDL\DML 如下：
drop table if exists table1;
create table if not EXISTS table1 (
id int,
age string,
name string,
score string,
sex string )
USING paimon tblproperties ( &#039;primary-key&#039; = &#039;id&#039; );
INSERT INTO table1 VALUES (1, &#039;11&#039;,&#039;林大&#039;,&#039;100&#039;,&#039;男&#039;), (2, &#039;12&#039;,&#039;王二&#039;,&#039;99&#039;,&#039;男&#039;),(3, &#039;13&#039;,&#039;张三&#039;,&#039;99&#039;,&#039;男&#039;),(4, &#039;14&#039;,&#039;李四&#039;,&#039;100&#039;,&#039;女&#039;);
SELECT * FROM table1;
4、已存在table1的1个规则任务，报告名称为“table1质量报告”","1. 进入「数据质量-质量报告-新增报告」
2. 「报告名称」填写「table1质量报告」，关联表选择${DATASOURCE}_${DATABASE}_table1，任务选择全部，点击确定","1. 进入成功
2. 报错：已存在相同的报告名称","1. 
2.","","2","功能测试","功能测试阶段","正常","0","2","2","通过","可颂","2026-02-06","昭君","2026-02-26","1","",""
"178971","数据资产_STD(#23)","/版本迭代测试用例/v6.4.8/【规则任务配置优化】一个数据表支持创建多个质量规则任务(#10188)","","验证质量报告页面，根据表名搜索结果正确","1. 资产平台已存在${DATASOURCE}_${DATABASE}_${TABLE}并授权给当前测试项目
2.${DATASOURCE}有相似数据源${DATASOURCE1}
3. ${TABLE} DDL\DML 如下：
drop table if exists table1;
create table if not EXISTS table1 (
id int,
age string,
name string,
score string,
sex string )
USING paimon tblproperties ( &#039;primary-key&#039; = &#039;id&#039; );
INSERT INTO table1 VALUES (1, &#039;11&#039;,&#039;林大&#039;,&#039;100&#039;,&#039;男&#039;), (2, &#039;12&#039;,&#039;王二&#039;,&#039;99&#039;,&#039;男&#039;),(3, &#039;13&#039;,&#039;张三&#039;,&#039;99&#039;,&#039;男&#039;),(4, &#039;14&#039;,&#039;李四&#039;,&#039;100&#039;,&#039;女&#039;);
SELECT * FROM table1;
4、已存在table1的1个规则任务，任务名称为“任务1”“任务2”","1. 进入「数据质量-质量报告」
2. 数据表搜索“table1”，查看结果","1. 进入成功
2. 返回“任务1”“任务2”配置的两条单表报告以及当前表的自定义报告信息","1. 
2.","","2","功能测试","功能测试阶段","正常","0","1","2","通过","可颂","2026-02-06","昭君","2026-02-26","1","",""
"178970","数据资产_STD(#23)","/版本迭代测试用例/v6.4.8/【规则任务配置优化】一个数据表支持创建多个质量规则任务(#10188)","","验证任务实例查询页面，根据表名搜索结果正确","1. 资产平台已存在${DATASOURCE}_${DATABASE}_${TABLE}并授权给当前测试项目
2.${DATASOURCE}有相似数据源${DATASOURCE1}
3. ${TABLE} DDL\DML 如下：
drop table if exists table1;
create table if not EXISTS table1 (
id int,
age string,
name string,
score string,
sex string )
USING paimon tblproperties ( &#039;primary-key&#039; = &#039;id&#039; );
INSERT INTO table1 VALUES (1, &#039;11&#039;,&#039;林大&#039;,&#039;100&#039;,&#039;男&#039;), (2, &#039;12&#039;,&#039;王二&#039;,&#039;99&#039;,&#039;男&#039;),(3, &#039;13&#039;,&#039;张三&#039;,&#039;99&#039;,&#039;男&#039;),(4, &#039;14&#039;,&#039;李四&#039;,&#039;100&#039;,&#039;女&#039;);
SELECT * FROM table1;
4、已存在table1的1个规则任务，任务名称为“任务1”“任务2”","1. 进入「数据质量-任务实例查询」
2. 搜索“table1”，查看结果","1. 进入成功
2. 返回“任务1”、“任务2”两条规则的实例","1. 
2.","","2","功能测试","功能测试阶段","正常","0","1","2","通过","可颂","2026-02-06","昭君","2026-02-26","1","",""
"178969","数据资产_STD(#23)","/版本迭代测试用例/v6.4.8/【规则任务配置优化】一个数据表支持创建多个质量规则任务(#10188)","","验证同一张表，不同任务，质量报告正确","1. 资产平台已存在${DATASOURCE}_${DATABASE}_${TABLE}并授权给当前测试项目
2.${DATASOURCE}有相似数据源${DATASOURCE1}
3. ${TABLE} DDL\DML 如下：
drop table if exists table1;
create table if not EXISTS table1 (
id int,
age string,
name string,
score string,
sex string )
USING paimon tblproperties ( &#039;primary-key&#039; = &#039;id&#039; );
INSERT INTO table1 VALUES (1, &#039;11&#039;,&#039;林大&#039;,&#039;100&#039;,&#039;男&#039;), (2, &#039;12&#039;,&#039;王二&#039;,&#039;99&#039;,&#039;男&#039;),(3, &#039;13&#039;,&#039;张三&#039;,&#039;99&#039;,&#039;男&#039;),(4, &#039;14&#039;,&#039;李四&#039;,&#039;100&#039;,&#039;女&#039;);
SELECT * FROM table1;","1. 进入「数据质量」-「规则任务配置」-「监控对象」页面
2. 「规则名称」输入「test_rule」，「选择数据源」选择「${DATASOURCE}」，「选择数据库」选择「${DATABASE}」，「选择数据表」选择「${TABLE}」
3. 「监控规则」配置「完整性校验」-「字段级」-「字段值校验」-「字段值取值校验」配置如下：「规则类型」选择「字段级」，「字段」选择「id」，「统计函数」 选择「字段取值范围校验」，「过滤条件」 输入「id < 100」，「期望值」选择「>5」，「强弱规则」选择「弱规则」，「规则描述」输入「测试规则」
4. 「调度属性」配置如下：「调度周期」选择「小时」，「生效日期」为「2025-11-20～2025-11-20」，「间隔时间」为 「1小时」，「开始时间-结束时间」为「00:00:00～15:00:00」，「规则拼接包」为「1」，「资源组」选择「default」，不勾选「无需生成报告」，查看报告名称
5. 再次新建监控规则，「规则名称」输入「test_rule1」，「监控规则」-配置「唯一性校验」-「字段id」-「重复值检测」-「重复数，固定值<0」-「过滤条件」 输入「id < 100」，其他内容与步骤2-4保持一致，保存规则
6. 任务运行后，查看质量报告结果","1. 进入成功
2. 监控对象配置成功
3. 监控规则配置完成，规则与前置的「规则包1-完整性校验内容一致」
4. 报告名称为“table1/table1_test_rule_数据质量报告”
5. 保存成功
6. 质量报告结果正确，没有错乱","1. 
2. 
3. 
4. 
5. 
6.","","1","功能测试","功能测试阶段","正常","0","2","6","通过","可颂","2026-02-06","昭君","2026-02-26","1","",""
"178968","数据资产_STD(#23)","/版本迭代测试用例/v6.4.8/【规则任务配置优化】一个数据表支持创建多个质量规则任务(#10188)","","验证同一张表，不同任务，质量报告名称相同报错","1. 资产平台已存在${DATASOURCE}_${DATABASE}_${TABLE}并授权给当前测试项目
2.${DATASOURCE}有相似数据源${DATASOURCE1}
3. ${TABLE} DDL\DML 如下：
drop table if exists table1;
create table if not EXISTS table1 (
id int,
age string,
name string,
score string,
sex string )
USING paimon tblproperties ( &#039;primary-key&#039; = &#039;id&#039; );
INSERT INTO table1 VALUES (1, &#039;11&#039;,&#039;林大&#039;,&#039;100&#039;,&#039;男&#039;), (2, &#039;12&#039;,&#039;王二&#039;,&#039;99&#039;,&#039;男&#039;),(3, &#039;13&#039;,&#039;张三&#039;,&#039;99&#039;,&#039;男&#039;),(4, &#039;14&#039;,&#039;李四&#039;,&#039;100&#039;,&#039;女&#039;);
SELECT * FROM table1;","1. 进入「数据质量」-「规则任务配置」-「监控对象」页面
2. 「规则名称」输入「test_rule」，「选择数据源」选择「${DATASOURCE}」，「选择数据库」选择「${DATABASE}」，「选择数据表」选择「${TABLE}」
3. 「监控规则」配置「完整性校验」-「字段级」-「字段值校验」-「字段值取值校验」配置如下：「规则类型」选择「字段级」，「字段」选择「id」，「统计函数」 选择「字段取值范围校验」，「过滤条件」 输入「id < 100」，「期望值」选择「>5」，「强弱规则」选择「弱规则」，「规则描述」输入「测试规则」
4. 「调度属性」配置如下：「调度周期」选择「小时」，「生效日期」为「2025-11-20～2025-11-20」，「间隔时间」为 「1小时」，「开始时间-结束时间」为「00:00:00～15:00:00」，「规则拼接包」为「1」，「资源组」选择「default」，不勾选「无需生成报告」，查看报告名称
5. 保存规则，查看报告详情页
6. 再次新建监控规则，「规则名称」输入「test_rule1」，「报告名称」填写：「table1/table1_test_rule_数据质量报告」，其他与步骤2-4一致，保存规则","1. 进入成功
2. 监控对象配置成功
3. 监控规则配置完成，规则与前置的「规则包1-完整性校验内容一致」
4. 报告名称为“table1/table1_test_rule_数据质量报告”
5. 保存成功，详情页报告命名为“table1_test_rule“
6. 提示：已存在相同的报告名称","1. 
2. 
3. 
4. 
5. 
6.","","2","功能测试","功能测试阶段","正常","0","1","6","通过","可颂","2026-02-06","昭君","2026-02-26","1","",""
"178967","数据资产_STD(#23)","/版本迭代测试用例/v6.4.8/【规则任务配置优化】一个数据表支持创建多个质量规则任务(#10188)","","验证同一张表，不同任务，质量报告名称正确","1. 资产平台已存在${DATASOURCE}_${DATABASE}_${TABLE}并授权给当前测试项目
2.${DATASOURCE}有相似数据源${DATASOURCE1}
3. ${TABLE} DDL\DML 如下：
drop table if exists table1;
create table if not EXISTS table1 (
id int,
age string,
name string,
score string,
sex string )
USING paimon tblproperties ( &#039;primary-key&#039; = &#039;id&#039; );
INSERT INTO table1 VALUES (1, &#039;11&#039;,&#039;林大&#039;,&#039;100&#039;,&#039;男&#039;), (2, &#039;12&#039;,&#039;王二&#039;,&#039;99&#039;,&#039;男&#039;),(3, &#039;13&#039;,&#039;张三&#039;,&#039;99&#039;,&#039;男&#039;),(4, &#039;14&#039;,&#039;李四&#039;,&#039;100&#039;,&#039;女&#039;);
SELECT * FROM table1;","1. 进入「数据质量」-「规则任务配置」-「监控对象」页面
2. 「规则名称」输入「test_rule」，「选择数据源」选择「${DATASOURCE}」，「选择数据库」选择「${DATABASE}」，「选择数据表」选择「${TABLE}」
3. 「监控规则」配置「完整性校验」-「字段级」-「字段值校验」-「字段值取值校验」配置如下：「规则类型」选择「字段级」，「字段」选择「id」，「统计函数」 选择「字段取值范围校验」，「过滤条件」 输入「id < 100」，「期望值」选择「>5」，「强弱规则」选择「弱规则」，「规则描述」输入「测试规则」
4. 「调度属性」配置如下：「调度周期」选择「小时」，「生效日期」为「2025-11-20～2025-11-20」，「间隔时间」为 「1小时」，「开始时间-结束时间」为「00:00:00～15:00:00」，「规则拼接包」为「1」，「资源组」选择「default」，不勾选「无需生成报告」，查看报告名称
5. 保存规则，查看报告详情页
6. 再次新建监控规则，「规则名称」输入「test_rule1」其他与步骤2-4一致，查看报告名称
7. 保存规则，查看报告详情页","1. 进入成功
2. 监控对象配置成功
3. 监控规则配置完成，规则与前置的「规则包1-完整性校验内容一致」
4. 报告名称为“table1/table1_test_rule_数据质量报告”
5. 保存成功，详情页报告命名为“table1_test_rule“
6. 报告名称为“table1/table1_test_rule1_数据质量报告”
7. 保存成功，详情页报告命名为“table1_test_rule1“","1. 
2. 
3. 
4. 
5. 
6. 
7.","","2","功能测试","功能测试阶段","正常","0","1","7","通过","可颂","2026-02-06","昭君","2026-02-26","1","",""
"178966","数据资产_STD(#23)","/版本迭代测试用例/v6.4.8/【规则任务配置优化】一个数据表支持创建多个质量规则任务(#10188)","","验证同一张表，不同任务，脏数据明细正确","1. 资产平台已存在${DATASOURCE}_${DATABASE}_${TABLE}并授权给当前测试项目

2.${DATASOURCE}有相似数据源${DATASOURCE1}

3. ${TABLE} DDL\DML 如下：
drop table if exists table1;
create table if not EXISTS table1 (
id int,
age string,
name string,
score string,
sex string )
USING paimon tblproperties ( &#039;primary-key&#039; = &#039;id&#039; );

INSERT INTO table1 VALUES (1, &#039;11&#039;,&#039;林大&#039;,&#039;100&#039;,&#039;男&#039;), (1, &#039;12&#039;,&#039;王二&#039;,&#039;99&#039;,&#039;男&#039;),(3, &#039;13&#039;,&#039;张三&#039;,&#039;99&#039;,&#039;男&#039;),(4, &#039;14&#039;,&#039;李四&#039;,&#039;100&#039;,&#039;女&#039;);

SELECT * FROM table1;","1. 进入「数据质量」-「规则任务配置」-「监控对象」页面
2. 「规则名称」输入「test_rule」，「选择数据源」选择「${DATASOURCE}」，「选择数据库」选择「${DATABASE}」，「选择数据表」选择「${TABLE}」
3. 「监控规则」配置「完整性校验」-「字段级」-「字段值校验」-「字段值取值校验」配置如下：「规则类型」选择「字段级」，「字段」选择「id」，「统计函数」 选择「字段取值范围校验」，「过滤条件」 输入「id < 100」，「期望值」选择「>5」，「强弱规则」选择「弱规则」，「规则描述」输入「测试规则」
4. 「调度属性」配置如下：「调度周期」选择「小时」，「生效日期」为「2025-11-20～2025-11-20」，「间隔时间」为 「1小时」，「开始时间-结束时间」为「00:00:00～15:00:00」，「规则拼接包」为「1」，「资源组」选择「default」保存规则
5. 再次新建监控规则，「规则名称」输入「test_rule1」，「监控规则」-配置「唯一性校验」-「字段id」-「重复值检测」-「重复数，固定值<0」-「过滤条件」 输入「id < 100」，其他内容与步骤2-4保持一致，保存规则
6. 分别运行规则，运行结束后查看结果
7. 查看规则「test_rule」的查看明细
8. 查看规则「test_rule1」的查看明细","1. 进入成功
2. 监控对象配置成功
3. 监控规则配置完成，规则与前置的「规则包1-完整性校验内容一致」
4. 规则保存成功
5. 规则保存成功
6. 结果都为校验不通过，实例详情展示规则正确
7. 查看明细展示四条数据
8. 查看明细展示id=1的两条数据","1. 
2. 
3. 
4. 
5. 
6. 
7. 
8.","","1","功能测试","功能测试阶段","正常","0","2","8","通过","可颂","2026-02-06","","0000-00-00","1","",""
"178965","数据资产_STD(#23)","/版本迭代测试用例/v6.4.8/【规则任务配置优化】一个数据表支持创建多个质量规则任务(#10188)","","验证同一张表，不同任务，运行结果正确","1. 资产平台已存在${DATASOURCE}_${DATABASE}_${TABLE}并授权给当前测试项目

2.${DATASOURCE}有相似数据源${DATASOURCE1}

3. ${TABLE} DDL\DML 如下：
drop table if exists table1;
create table if not EXISTS table1 (
id int,
age string,
name string,
score string,
sex string )
USING paimon tblproperties ( &#039;primary-key&#039; = &#039;id&#039; );

INSERT INTO table1 VALUES (1, &#039;11&#039;,&#039;林大&#039;,&#039;100&#039;,&#039;男&#039;), (2, &#039;12&#039;,&#039;王二&#039;,&#039;99&#039;,&#039;男&#039;),(3, &#039;13&#039;,&#039;张三&#039;,&#039;99&#039;,&#039;男&#039;),(4, &#039;14&#039;,&#039;李四&#039;,&#039;100&#039;,&#039;女&#039;);

SELECT * FROM table1;","1. 进入「数据质量」-「规则任务配置」-「监控对象」页面
2. 「规则名称」输入「test_rule」，「选择数据源」选择「${DATASOURCE}」，「选择数据库」选择「${DATABASE}」，「选择数据表」选择「${TABLE}」
3. 「监控规则」配置「完整性校验」-「表级」-「表行数检测」-「固定值」配置如下：「校验类型」选择「单表」，「规则类型」选择「表级」，「统计函数」 选择「表行数」，「过滤条件」 输入「id < 100」，「校验方法」选择「固定值」，「期望值」选择「>5」，「强弱规则」选择「弱规则」，「规则描述」输入「测试规则」
4. 「调度属性」配置如下：「调度周期」选择「小时」，「生效日期」为「2025-11-20～2025-11-20」，「间隔时间」为 「1小时」，「开始时间-结束时间」为「00:00:00～15:00:00」，「规则拼接包」为「1」，「资源组」选择「default」保存规则
5. 再次新建监控规则，「规则名称」输入「test_rule1」，「监控规则」-配置「唯一性校验」-「字段id」-「重复值检测」-「重复数，固定值<0」-「过滤条件」 输入「id < 100」，其他内容与步骤2-4保持一致，保存规则
6. 分别运行规则，查看实例","1. 进入成功
2. 监控对象配置成功
3. 监控规则配置完成，规则与前置的「规则包1-完整性校验内容一致」
4. 规则保存成功
5. 规则保存成功
6. 实例任务信息正确，结果都为校验不通过，详情展示规则正确","1. 
2. 
3. 
4. 
5. 
6. 唯一性校验
详情查看明细报错：提示结果表不存在","","2","功能测试","功能测试阶段","正常","0","1","6","失败","可颂","2026-02-06","","0000-00-00","1","",""
"178964","数据资产_STD(#23)","/版本迭代测试用例/v6.4.8/【规则任务配置优化】一个数据表支持创建多个质量规则任务(#10188)","","验证同一张表，不同任务，任务详情正确","1. 资产平台已存在${DATASOURCE}_${DATABASE}_${TABLE}并授权给当前测试项目

2.${DATASOURCE}有相似数据源${DATASOURCE1}

3. ${TABLE} DDL\DML 如下：
drop table if exists table1;
create table if not EXISTS table1 (
id int,
age string,
name string,
score string,
sex string )
USING paimon tblproperties ( &#039;primary-key&#039; = &#039;id&#039; );

INSERT INTO table1 VALUES (1, &#039;11&#039;,&#039;林大&#039;,&#039;100&#039;,&#039;男&#039;), (2, &#039;12&#039;,&#039;王二&#039;,&#039;99&#039;,&#039;男&#039;),(3, &#039;13&#039;,&#039;张三&#039;,&#039;99&#039;,&#039;男&#039;),(4, &#039;14&#039;,&#039;李四&#039;,&#039;100&#039;,&#039;女&#039;);

SELECT * FROM table1;","1. 进入「数据质量」-「规则任务配置」-「监控对象」页面
2. 「规则名称」输入「test_rule」，「选择数据源」选择「${DATASOURCE}」，「选择数据库」选择「${DATABASE}」，「选择数据表」选择「${TABLE}」
3. 「监控规则」配置「完整性校验」-「表级」-「表行数检测」-「固定值」配置如下：「校验类型」选择「单表」，「规则类型」选择「表级」，「统计函数」 选择「表行数」，「过滤条件」 输入「id < 100」，「校验方法」选择「固定值」，「期望值」选择「>0」，「强弱规则」选择「弱规则」，「规则描述」输入「测试规则」
4. 「调度属性」配置如下：「调度周期」选择「小时」，「生效日期」为「2025-11-20～2025-11-20」，「间隔时间」为 「1小时」，「开始时间-结束时间」为「00:00:00～15:00:00」，「规则拼接包」为「1」，「资源组」选择「default」保存规则
5. 再次新建监控规则，「规则名称」输入「test_rule1」，「监控规则」-配置「唯一性校验」-「字段id」-「重复值检测」-「重复数，固定值<0」-「过滤条件」 输入「id < 100」，其他内容与步骤2-4保持一致，保存规则
6. 分别查看规则「test_rule」、「test_rule1」的规则详情","1. 进入成功
2. 监控对象配置成功
3. 监控规则配置完成
4. 规则保存成功
5. 规则保存成功
6. 规则详情展示正确，都与新建时一致","1. 
2. 
3. 
4. 
5. 
6.","","2","功能测试","功能测试阶段","正常","0","2","6","通过","可颂","2026-02-06","","0000-00-00","1","",""
"178963","数据资产_STD(#23)","/版本迭代测试用例/v6.4.8/【规则任务配置优化】一个数据表支持创建多个质量规则任务(#10188)","","验证同一张表，不同任务名，不同规则，任务创建成功","1. 资产平台已存在${DATASOURCE}_${DATABASE}_${TABLE}并授权给当前测试项目
2.${DATASOURCE}有相似数据源${DATASOURCE1}
3. ${TABLE} DDL\DML 如下：
drop table if exists table1;
create table if not EXISTS table1 (
id int,
age string,
name string,
score string,
sex string )
USING paimon tblproperties ( &#039;primary-key&#039; = &#039;id&#039; );
INSERT INTO table1 VALUES (1, &#039;11&#039;,&#039;林大&#039;,&#039;100&#039;,&#039;男&#039;), (2, &#039;12&#039;,&#039;王二&#039;,&#039;99&#039;,&#039;男&#039;),(3, &#039;13&#039;,&#039;张三&#039;,&#039;99&#039;,&#039;男&#039;),(4, &#039;14&#039;,&#039;李四&#039;,&#039;100&#039;,&#039;女&#039;);
SELECT * FROM table1;","1. 进入「数据质量」-「规则任务配置」-「监控对象」页面
2. 「规则名称」输入「test_rule」，「选择数据源」选择「${DATASOURCE}」，「选择数据库」选择「${DATABASE}」，「选择数据表」选择「${TABLE}」
3. 「监控规则」配置「完整性校验」-「表级」-「表行数检测」-「固定值」配置如下：「校验类型」选择「单表」，「规则类型」选择「表级」，「统计函数」 选择「表行数」，「过滤条件」 输入「id < 100」，「校验方法」选择「固定值」，「期望值」选择「>0」，「强弱规则」选择「弱规则」，「规则描述」输入「测试规则」
4. 「调度属性」配置如下：「调度周期」选择「小时」，「生效日期」为「2025-11-20～2025-11-20」，「间隔时间」为 「1小时」，「开始时间-结束时间」为「00:00:00～15:00:00」，「规则拼接包」为「1」，「资源组」选择「default」保存规则
5. 再次新建监控规则，「规则名称」输入「test_rule1」，「监控规则」-配置「唯一性校验」-「字段id」-「重复值检测」-「重复数，固定值<0」-「过滤条件」 输入「id < 100」，其他内容与步骤2-4保持一致，保存规则","1. 进入成功
2. 监控对象配置成功
3. 监控规则配置完成
4. 规则保存成功
5. 规则保存成功","1. 
2. 
3. 
4. 
5.","","1","功能测试","功能测试阶段","正常","0","3","5","通过","可颂","2026-02-06","昭君","2026-02-25","1","",""
"178962","数据资产_STD(#23)","/版本迭代测试用例/v6.4.8/【规则任务配置优化】一个数据表支持创建多个质量规则任务(#10188)","","验证同一张表，不同任务名，相同规则，任务创建成功","1. 资产平台已存在${DATASOURCE}_${DATABASE}_${TABLE}并授权给当前测试项目

2.${DATASOURCE}有相似数据源${DATASOURCE1}

3. ${TABLE} DDL\DML 如下：
drop table if exists table1;
create table if not EXISTS table1 (
id int,
age string,
name string,
score string,
sex string )
USING paimon tblproperties ( &#039;primary-key&#039; = &#039;id&#039; );

INSERT INTO table1 VALUES (1, &#039;11&#039;,&#039;林大&#039;,&#039;100&#039;,&#039;男&#039;), (2, &#039;12&#039;,&#039;王二&#039;,&#039;99&#039;,&#039;男&#039;),(3, &#039;13&#039;,&#039;张三&#039;,&#039;99&#039;,&#039;男&#039;),(4, &#039;14&#039;,&#039;李四&#039;,&#039;100&#039;,&#039;女&#039;);

SELECT * FROM table1;","1. 进入「数据质量」-「规则任务配置」-「监控对象」页面
2. 「规则名称」输入「test_rule」，「选择数据源」选择「${DATASOURCE}」，「选择数据库」选择「${DATABASE}」，「选择数据表」选择「${TABLE}」
3. 「监控规则」配置「完整性校验」-「表级」-「表行数检测」-「固定值」配置如下：「校验类型」选择「单表」，「规则类型」选择「表级」，「统计函数」 选择「表行数」，「过滤条件」 输入「id < 100」，「校验方法」选择「固定值」，「期望值」选择「>0」，「强弱规则」选择「弱规则」，「规则描述」输入「测试规则」
4. 「调度属性」配置如下：「调度周期」选择「小时」，「生效日期」为「2025-11-20～2025-11-20」，「间隔时间」为 「1小时」，「开始时间-结束时间」为「00:00:00～15:00:00」，「规则拼接包」为「1」，「资源组」选择「default」保存规则
5. 再次新建监控规则，「规则名称」输入「test_rule1」，其他内容与步骤2-4保持一致，保存规则","1. 进入成功
2. 监控对象配置成功
3. 监控规则配置完成
4. 规则保存成功
5. 规则保存成功","1. 
2. 
3. 
4. 
5.","","2","功能测试","功能测试阶段","正常","0","1","5","通过","可颂","2026-02-06","","0000-00-00","1","",""
"178961","数据资产_STD(#23)","/版本迭代测试用例/v6.4.8/【规则任务配置优化】一个数据表支持创建多个质量规则任务(#10188)","","验证不同数据源下的表，相同任务名，任务创建成功","1. 资产平台已存在${DATASOURCE}_${DATABASE}_${TABLE}并授权给当前测试项目
2.${DATASOURCE}有相似数据源${DATASOURCE1}
3. ${TABLE} DDL\DML 如下：
drop table if exists table1;
create table if not EXISTS table1 (
id int,
age string,
name string,
score string,
sex string )
USING paimon tblproperties ( &#039;primary-key&#039; = &#039;id&#039; );
INSERT INTO table1 VALUES (1, &#039;11&#039;,&#039;林大&#039;,&#039;100&#039;,&#039;男&#039;), (2, &#039;12&#039;,&#039;王二&#039;,&#039;99&#039;,&#039;男&#039;),(3, &#039;13&#039;,&#039;张三&#039;,&#039;99&#039;,&#039;男&#039;),(4, &#039;14&#039;,&#039;李四&#039;,&#039;100&#039;,&#039;女&#039;);
SELECT * FROM table1;","1. 进入「数据质量」-「规则任务配置」-「监控对象」页面
2. 「规则名称」输入「test_rule」，「选择数据源」选择「${DATASOURCE}」，「选择数据库」选择「${DATABASE}」，「选择数据表」选择「${TABLE}」
3. 「监控规则」配置「完整性校验」-「表级」-「表行数检测」-「固定值」配置如下：「校验类型」选择「单表」，「规则类型」选择「表级」，「统计函数」 选择「表行数」，「过滤条件」 输入「id < 100」，「校验方法」选择「固定值」，「期望值」选择「>0」，「强弱规则」选择「弱规则」，「规则描述」输入「测试规则」
4. 「调度属性」配置如下：「调度周期」选择「小时」，「生效日期」为「2025-11-20～2025-11-20」，「间隔时间」为 「1小时」，「开始时间-结束时间」为「00:00:00～15:00:00」，「规则拼接包」为「1」，「资源组」选择「default」保存规则
5. 再次新建监控规则，「规则名称」输入「test_rule」，「选择数据源」选择「${DATASOURCE1}」，「选择数据库」选择「${DATABASE}」，「选择数据表」选择「${TABLE}」点击下一步，监控规则选择已有规则集，调度属性配置与步骤4一致","1. 进入成功
2. 监控对象配置成功
3. 监控规则配置完成
4. 规则保存成功
5. 规则保存成功","1. 
2. 
3. 
4. 
5.","","2","功能测试","功能测试阶段","正常","0","1","5","通过","可颂","2026-02-06","昭君","2026-02-25","1","",""
"178960","数据资产_STD(#23)","/版本迭代测试用例/v6.4.8/【规则任务配置优化】一个数据表支持创建多个质量规则任务(#10188)","","验证同一张表创建规则，规则名称校验功能","1. 资产平台已存在${DATASOURCE}_${DATABASE}_${TABLE}并授权给当前测试项目
2. ${TABLE} DDL\DML 如下：
drop table if exists table1;
create table if not EXISTS table1 (
id int,
age string,
name string,
score string,
sex string )
USING paimon tblproperties ( &#039;primary-key&#039; = &#039;id&#039; );
INSERT INTO table1 VALUES (1, &#039;11&#039;,&#039;林大&#039;,&#039;100&#039;,&#039;男&#039;), (2, &#039;12&#039;,&#039;王二&#039;,&#039;99&#039;,&#039;男&#039;),(3, &#039;13&#039;,&#039;张三&#039;,&#039;99&#039;,&#039;男&#039;),(4, &#039;14&#039;,&#039;李四&#039;,&#039;100&#039;,&#039;女&#039;);
SELECT * FROM table1;","1. 进入「数据质量」-「规则任务配置」-「监控对象」页面
2. 「规则名称」输入「test_rule」，「选择数据源」选择「${DATASOURCE}」，「选择数据库」选择「${DATABASE}」，「选择数据表」选择「${TABLE}」
3. 「监控规则」配置「完整性校验」-「表级」-「表行数检测」-「固定值」配置如下：「校验类型」选择「单表」，「规则类型」选择「表级」，「统计函数」 选择「表行数」，「过滤条件」 输入「id < 100」，「校验方法」选择「固定值」，「期望值」选择「>0」，「强弱规则」选择「弱规则」，「规则描述」输入「测试规则」
4. 「调度属性」配置如下：「调度周期」选择「小时」，「生效日期」为「2025-11-20～2025-11-20」，「间隔时间」为 「1小时」，「开始时间-结束时间」为「00:00:00～15:00:00」，「规则拼接包」为「1」，「资源组」选择「default」保存规则
5. 再次新建监控规则，填写与步骤2-4致
6. 修改「规则名称」为「任务1」，保存","1. 进入成功
2. 监控对象配置成功
3. 监控规则配置完成
4. 规则保存成功
5. 提示：已存在重复的任务名称，不可重复添加！
6. 保存成功","1. 
2. 
3. 
4. 
5. 
6.","","2","功能测试","功能测试阶段","正常","0","1","6","通过","可颂","2026-02-06","昭君","2026-02-25","1","",""
"178959","数据资产_STD(#23)","/版本迭代测试用例/v6.4.8/【规则任务配置优化】一个数据表支持创建多个质量规则任务(#10188)","","验证历史已存在规则的数据表，新建质量任务功能","1. 资产平台已存在${DATASOURCE}_${DATABASE}_${TABLE}并授权给当前测试项目

2.${DATASOURCE}有相似数据源${DATASOURCE1}

3. ${TABLE} DDL\DML 如下：
drop table if exists table1;
create table if not EXISTS table1 (
id int,
age string,
name string,
score string,
sex string )
USING paimon tblproperties ( &#039;primary-key&#039; = &#039;id&#039; );

INSERT INTO table1 VALUES (1, &#039;11&#039;,&#039;林大&#039;,&#039;100&#039;,&#039;男&#039;), (2, &#039;12&#039;,&#039;王二&#039;,&#039;99&#039;,&#039;男&#039;),(3, &#039;13&#039;,&#039;张三&#039;,&#039;99&#039;,&#039;男&#039;),(4, &#039;14&#039;,&#039;李四&#039;,&#039;100&#039;,&#039;女&#039;);

SELECT * FROM table1;


4、历史已存在table的单表规则：test_rule","1. 进入「数据质量」-「规则任务配置」-「监控对象」页面
2. 「规则名称」输入「test_rule1」，「选择数据源」选择「${DATASOURCE}」，「选择数据库」选择「${DATABASE}」，「选择数据表」选择「${TABLE}」
3. 「监控规则」配置「完整性校验」-「字段级」-「字段值校验」-「字段值取值校验」配置如下：「规则类型」选择「字段级」，「字段」选择「id」，「统计函数」 选择「字段取值范围校验」，「过滤条件」 输入「id < 100」，「期望值」选择「>5」，「强弱规则」选择「弱规则」，「规则描述」输入「测试规则」
4. 「调度属性」配置如下：「调度周期」选择「小时」，「生效日期」为「2025-11-20～2025-11-20」，「间隔时间」为 「1小时」，「开始时间-结束时间」为「00:00:00～15:00:00」，「规则拼接包」为「1」，「资源组」选择「default」，不勾选「无需生成报告」，查看报告名称
5. 任务运行，查看结果
6. 任务运行后，查看质量报告结果","1. 进入成功
2. 监控对象配置成功
3. 监控规则配置完成，规则与前置的「规则包1-完整性校验内容一致」
4. 报告名称为“table1/table1_test_rule1_数据质量报告”
5. 结果正确，脏数据正确
6. 质量报告结果正确，没有错乱","1. 
2. 
3. 
4. 
5. 
6.","","2","功能测试","功能测试阶段","正常","1","3","6","失败","可颂","2026-02-06","","0000-00-00","1","",""
