"用例编号","所属产品","所属模块","相关需求","用例标题","前置条件","步骤","预期","实际情况","关键词","优先级","用例类型","适用阶段","用例状态","B","R","S","结果","由谁创建","创建日期","最后修改者","修改日期","用例版本","相关用例"
"181463","数据资产_STD(#23)","/版本迭代测试用例/v6.4.9/【数据安全】数据表权限分配支持通配符匹配批量配置权限(#10305)","","数据安全 行列级权限验证 验证仅勾选DDL权限时「是否开启行列权限配置」开关不显示","已登录admin管理员账号，已配置可用的数据源「测试数据源_Doris」","1. 进入【数据安全-数据权限管理-权限分配】页面，点击【新增】按钮
2. 在「数据源」字段选择「测试数据源_Doris」，在第1行「数据库」字段选择「test_db」，「数据表」选择「user_info」
3. 在「表级权限」区域仅勾选「DDL」，不勾选「DQL」和「DML」
4. 查看表单中「是否开启行列权限配置」开关是否显示","1. 成功进入【权限分配-新增】页面
2. 「数据源」「数据库」「数据表」字段均正常选中
3. 「DDL」复选框已勾选，「DQL」和「DML」复选框未勾选
4. 表单中「是否开启行列权限配置」开关区域不显示","1. 
2. 
3. 
4.","","2","功能测试","功能测试阶段","正常","0","1","4","通过","向林","2026-03-18","","0000-00-00","1","",""
"181462","数据资产_STD(#23)","/版本迭代测试用例/v6.4.9/【数据安全】数据表权限分配支持通配符匹配批量配置权限(#10305)","","数据安全 行列级权限验证 验证行列权限配置后数据查询时列级过滤和行级条件均实际生效","| admin管理员已为用户「testUser01」新增权限策略：数据源「测试数据源_Doris」，数据库「test_db」，数据表「user_info」，表权限「DQL」；已开启行列权限配置，列级权限勾选「id」「name」「dept」（排除「salary」），行级权限条件「dept = 研发」<br>执行Doris DDL: CREATE TABLE test_db.user_info(id INT,name VARCHAR(50),dept VARCHAR(20),salary DECIMAL(10,2))ENGINE=OLAP DUPLICATE KEY(id)DISTRIBUTED BY HASH(id)BUCKETS 1;INSERT INTO test_db.user_info VALUES(1,张三,研发,15000.00),(2,李四,市场,8000.00),(3,王五,研发,18000.00);","1. 登录「testUser01」账号
2. 进入【元数据-数据地图】页面，搜索「user_info」并进入该表详情页
3. 点击「数据预览」标签，查看展示的列名和数据行内容","1. 成功登录「testUser01」账号
2. 成功进入「test_db.user_info」数据表详情页
3. 数据预览仅展示「id」「name」「dept」三列（salary 列不显示）；行数据仅展示 dept=研发 的记录（id=1 张三、id=3 王五），id=2 李四（市场部门）的记录不显示","1. 
2. 
3.","","1","功能测试","功能测试阶段","正常","0","2","3","通过","向林","2026-03-18","","0000-00-00","1","",""
"181460","数据资产_STD(#23)","/版本迭代测试用例/v6.4.9/【数据安全】数据表权限分配支持通配符匹配批量配置权限(#10305)","","数据安全 我的权限查看 验证通配符无匹配结果时我的权限列表正常展示","admin管理员已为用户「testUser01」新增权限策略：数据源「测试数据源_Doris」，数据库「test_db」，数据表通配符「xyz_nonexist*」；「test_db」下无任何以「xyz_nonexist」开头的表","1. 登录「testUser01」账号
2. 进入【数据安全-数据权限管理-我的权限查看】页面
3. 查看权限列表中数据源「测试数据源_Doris」下数据库「test_db」的数据表内容","1. 成功登录「testUser01」账号
2. 成功进入【我的权限查看】页面，页面正常加载无报错
3. 该数据源下数据库「test_db」对应的数据表列表为空或无匹配记录，页面无异常报错，不影响其他权限记录的正常展示","1. 
2. 
3.","","3","功能测试","功能测试阶段","正常","0","1","3","通过","向林","2026-03-18","","0000-00-00","1","",""
"181459","数据资产_STD(#23)","/版本迭代测试用例/v6.4.9/【数据安全】数据表权限分配支持通配符匹配批量配置权限(#10305)","","数据安全 我的权限查看 验证新建符合通配符规则的表后权限自动生效","| admin管理员已为用户「testUser01」新增权限策略：数据源「测试数据源_Doris」，数据库「test_db」，数据表通配符「user*」，表权限「DQL」<br>执行Doris：CREATE DATABASE test_db;CREATE TABLE test_db.user_info(id INT)ENGINE=OLAP DUPLICATE KEY(id)BUCKETS 1;CREATE TABLE test_db.user_detail(id INT)ENGINE=OLAP DUPLICATE KEY(id)BUCKETS 1;INSERT INTO test_db.user_info VALUES(1),(2);INSERT INTO test_db.user_detail VALUES(1),(2);","1. 使用admin账号，在离线开发「test_db」数据库中新建一张表「user_address」
2. 登录「testUser01」账号
3. 进入【数据安全-数据权限管理-我的权限查看】页面
4. 查看权限列表中是否包含新建的「user_address」表","1. 表「user_address」创建成功
2. 成功登录「testUser01」账号
3. 成功进入【我的权限查看】页面
4. 权限列表中展示新建的「user_address」表，该表符合通配符「user*」的匹配规则，权限自动生效，无需重新分配","1. 
2. 
3. 
4.","","1","功能测试","功能测试阶段","正常","0","2","4","通过","向林","2026-03-18","","0000-00-00","1","",""
"181458","数据资产_STD(#23)","/版本迭代测试用例/v6.4.9/【数据安全】数据表权限分配支持通配符匹配批量配置权限(#10305)","","数据安全 我的权限查看 验证通配符分配的权限在数据地图中实际生效","admin管理员已为用户「testUser01」新增以下权限策略（均在数据源「测试数据源_Doris」下）：<br>通配符ab*：test_db库，表名前缀「user*」（匹配user_info、user_detail、user_log）<br>通配符*cd：test_db库，表名后缀「*_info」（匹配user_info、order_info、product_info）<br>通配符ab*cd：test_db库，表名「order*detail」（匹配order_detail等）<br>通配符*ab*：test_db库，表名包含「order」（匹配order_info、order_detail等）<br>执行Doris DDL：CREATE DATABASE test_db;CREATE TABLE test_db.user_info(id INT)ENGINE=OLAP DUPLICATE KEY(id)BUCKETS 1;CREATE TABLE test_db.user_detail(id INT)ENGINE=OLAP DUPLICATE KEY(id)BUCKETS 1;CREATE TABLE test_db.user_log(id INT)ENGINE=OLAP DUPLICATE KEY(id)BUCKETS 1;CREATE TABLE test_db.order_info(id INT)ENGINE=OLAP DUPLICATE KEY(id)BUCKETS 1;CREATE TABLE test_db.product_info(id INT)ENGINE=OLAP DUPLICATE KEY(id)BUCKETS 1;CREATE TABLE test_db.order_detail(id INT)ENGINE=OLAP DUPLICATE KEY(id)BUCKETS 1;INSERT INTO test_db.user_info VALUES(1);INSERT INTO test_db.user_detail VALUES(1);INSERT INTO test_db.user_log VALUES(1);INSERT INTO test_db.order_info VALUES(1);INSERT INTO test_db.product_info VALUES(1);INSERT INTO test_db.order_detail VALUES(1);","1. 登录「testUser01」账号
2. 进入【元数据-数据地图】页面
3. 依次搜索并验证以下表是否可访问：user_info、user_detail、user_log、order_info、product_info、order_detail
4. 点击进入每个表的详情页，查看数据预览","1. 成功登录「testUser01」账号
2. 成功进入【数据地图】页面
3. 所有6个表的搜索结果均能找到，并按权限规则分类：
- ab*匹配：user_info✓、user_detail✓、user_log✓
- _info匹配：user_info✓、order_info✓、product_info✓
- abcd匹配：order_detail✓
- order匹配：order_info✓、order_detail✓
4. 所有表的数据预览正常展示，说明DQL权限在数据地图中已生效","1. 
2. 
3. 
4.","","1","功能测试","功能测试阶段","正常","0","2","4","通过","向林","2026-03-18","","0000-00-00","1","",""
"181457","数据资产_STD(#23)","/版本迭代测试用例/v6.4.9/【数据安全】数据表权限分配支持通配符匹配批量配置权限(#10305)","","数据安全 我的权限查看 验证通配符匹配的表在我的权限查看列表中正确展示","| admin管理员已为用户「testUser01」新增权限策略：数据源「测试数据源_Doris」，数据库「test_db」，数据表通配符「user*」，表权限「DQL」，有效期「永久」；「test_db」下存在表「user_info」「user_detail」「user_log」「order_info」执行DDL:CREATE DATABASE test_db;CREATE TABLE user_info(id BIGINT,name VARCHAR(100))ENGINE=OLAP DUPLICATE KEY(id)DISTRIBUTED BY HASH(id)BUCKETS 1;INSERT INTO user_info VALUES(1,&#039;Alice&#039;),(2,&#039;Bob&#039;);CREATE TABLE user_detail(id BIGINT,user_id BIGINT)ENGINE=OLAP DUPLICATE KEY(id)DISTRIBUTED BY HASH(id)BUCKETS 1;INSERT INTO user_detail VALUES(1,1),(2,2);CREATE TABLE order_info(id BIGINT,order_id VARCHAR(50))ENGINE=OLAP DUPLICATE KEY(id)DISTRIBUTED BY HASH(id)BUCKETS 1;INSERT INTO order_info VALUES(1,&#039;ORD001&#039;),(2,&#039;ORD002&#039;);CREATE TABLE product_info(id BIGINT,product_id VARCHAR(50))ENGINE=OLAP DUPLICATE KEY(id)DISTRIBUTED BY HASH(id)BUCKETS 1;INSERT INTO product_info VALUES(1,&#039;PROD001&#039;),(2,&#039;PROD002&#039;);<br>执行Doris：CREATE DATABASE test_db;CREATE TABLE test_db.user_info(id INT)ENGINE=OLAP DUPLICATE KEY(id)BUCKETS 1;CREATE TABLE test_db.user_detail(id INT)ENGINE=OLAP DUPLICATE KEY(id)BUCKETS 1;CREATE TABLE test_db.user_log(id INT)ENGINE=OLAP DUPLICATE KEY(id)BUCKETS 1;CREATE TABLE test_db.order_info(id INT)ENGINE=OLAP DUPLICATE KEY(id)BUCKETS 1;INSERT INTO test_db.user_info VALUES(1),(2);INSERT INTO test_db.user_detail VALUES(1),(2);INSERT INTO test_db.user_log VALUES(1),(2);INSERT INTO test_db.order_info VALUES(1),(2);","1. 登录「testUser01」账号
2. 进入【数据安全-数据权限管理-我的权限查看】页面
3. 查看权限列表中数据源「测试数据源_Doris」下的数据表","1. 成功登录「testUser01」账号
2. 成功进入【我的权限查看】页面，页面正常加载
3. 权限列表中展示符合通配符「user*」匹配规则的表：「user_info」「user_detail」「user_log」，不展示不匹配的表「order_info」","1. 
2. 
3.","","1","功能测试","功能测试阶段","正常","0","2","3","通过","向林","2026-03-18","","0000-00-00","1","",""
"181455","数据资产_STD(#23)","/版本迭代测试用例/v6.4.9/【数据安全】数据表权限分配支持通配符匹配批量配置权限(#10305)","","数据安全 权限分配 详情 验证抽屉详情页正确展示通配符配置内容","已登录admin管理员账号，已存在一条权限记录：数据库「test_db」，数据表通配符「user*」，表权限「DQL」","1. 进入【数据安全-数据权限管理-权限分配】页面
2. 点击使用了通配符配置的权限记录的数据源名称链接，打开详情抽屉
3. 查看权限范围区域中「数据库」和「数据表」字段的展示内容","1. 成功进入【权限分配】列表页
2. 抽屉详情页成功打开，展示该记录的权限详情信息，包括权限范围、表权限、有效期等
3. 权限范围中「数据库」显示「test_db」，「数据表」显示通配符配置内容「user*」，与列表中展示一致","1. 
2. 
3.","","2","功能测试","功能测试阶段","正常","0","1","3","通过","向林","2026-03-18","","0000-00-00","1","",""
"181454","数据资产_STD(#23)","/版本迭代测试用例/v6.4.9/【数据安全】数据表权限分配支持通配符匹配批量配置权限(#10305)","","数据安全 权限分配 列表 验证通配符配置内容在列表数据表字段中正确展示","已登录admin管理员账号，已存在一条使用通配符「user*」配置的权限记录","1. 进入【数据安全-数据权限管理-权限分配】页面
2. 查看使用了通配符配置的权限记录行中「数据表」字段的展示内容","1. 成功进入【权限分配】列表页
2. 该记录的「数据表」字段展示通配符配置内容「user*」，能够区分出该条记录使用的是通配符方式而非具体表选择","1. 
2.","","2","功能测试","功能测试阶段","正常","0","1","2","通过","向林","2026-03-18","","0000-00-00","1","",""
"181452","数据资产_STD(#23)","/版本迭代测试用例/v6.4.9/【数据安全】数据表权限分配支持通配符匹配批量配置权限(#10305)","","数据安全 权限分配 列表 验证权限分配列表中数据库字段去重展示","已登录admin管理员账号，已新增一条权限策略，其中两行均选择了数据库「test_db」（第1行选择表「user_info」，第2行通配符「order*」）","1. 进入【数据安全-数据权限管理-权限分配】页面
2. 查看该权限记录的「数据库」字段展示内容","1. 成功进入【权限分配】列表页
2. 该记录的「数据库」字段去重展示，仅显示一个「test_db」，未重复展示","1. 
2.","","2","功能测试","功能测试阶段","正常","0","1","2","通过","向林","2026-03-18","","0000-00-00","1","",""
"181451","数据资产_STD(#23)","/版本迭代测试用例/v6.4.9/【数据安全】数据表权限分配支持通配符匹配批量配置权限(#10305)","","数据安全 权限分配 列表 验证权限分配列表新增策略名称字段列","已登录admin管理员账号，已存在策略名称为「前缀匹配策略」的权限记录和策略名称为空的权限记录","1. 进入【数据安全-数据权限管理-权限分配】页面
2. 查看列表表头是否包含「策略名称」字段列
3. 查看策略名称为「前缀匹配策略」的记录行和策略名称为空的记录行","1. 成功进入【权限分配】列表页
2. 列表表头包含「策略名称」字段列
3. 策略名称为「前缀匹配策略」的记录行该列显示「前缀匹配策略」；策略名称为空的记录行该列显示为空或「-」","1. 
2. 
3.","","2","功能测试","功能测试阶段","正常","0","1","3","通过","向林","2026-03-18","","0000-00-00","1","",""
"181450","数据资产_STD(#23)","/版本迭代测试用例/v6.4.9/【数据安全】数据表权限分配支持通配符匹配批量配置权限(#10305)","","数据安全 权限分配 列表 验证权限分配列表支持按策略名称筛选查询","已登录admin管理员账号，已存在策略名称为「通配符权限策略A」和「通配符权限策略B」的权限记录","1. 进入【数据安全-数据权限管理-权限分配】页面
2. 在筛选条件区域的「策略名称」输入框中输入「通配符权限策略A」
3. 点击【查询】按钮","1. 成功进入【权限分配】列表页，列表默认显示所有权限分配记录
2. 「策略名称」输入框显示已输入「通配符权限策略A」
3. 列表刷新，仅显示策略名称为「通配符权限策略A」的记录，策略名称为「通配符权限策略B」及其他不匹配的记录不显示","1. 
2. 
3.","","2","功能测试","功能测试阶段","正常","0","1","3","通过","向林","2026-03-18","","0000-00-00","1","",""
"181449","数据资产_STD(#23)","/版本迭代测试用例/v6.4.9/【数据安全】数据表权限分配支持通配符匹配批量配置权限(#10305)","","数据安全 权限分配 编辑 验证编辑已有策略时通配符配置可正常回显和修改","| 已登录admin管理员账号，已存在一条使用通配符「user*」的权限策略，策略名称为「前缀匹配策略」<br>执行Doris：CREATE DATABASE test_db;CREATE TABLE test_db.user_info(id INT)ENGINE=OLAP DUPLICATE KEY(id)BUCKETS 1;INSERT INTO test_db.user_info VALUES(1),(2);","1. 进入【数据安全-数据权限管理-权限分配】页面
2. 点击策略名称为「前缀匹配策略」的记录行的【编辑】按钮
3. 查看编辑页面中通配符输入框的回显内容
4. 将通配符输入框的内容从「user*」修改为「order*」
5. 点击【保存】按钮","1. 成功进入【权限分配】列表页
2. 成功进入【权限分配-编辑】页面，各字段回显已有数据
3. 通配符输入框正确回显「user*」，且处于「通配符设置」模式
4. 通配符输入框内容更新为「order*」
5. 保存成功，页面跳转至列表页，该记录的数据表字段展示更新后的通配符内容「order*」","1. 
2. 
3. 
4. 
5.","","2","功能测试","功能测试阶段","正常","0","1","5","通过","向林","2026-03-18","","0000-00-00","1","",""
"181447","数据资产_STD(#23)","/版本迭代测试用例/v6.4.9/【数据安全】数据表权限分配支持通配符匹配批量配置权限(#10305)","","数据安全 权限分配 新增 验证通配符悬浮提示内容正确展示四种匹配模式说明","已有数据源「测试数据源_Doris」且连接正常<br>已执行以下SQL初始化测试数据：<br>CREATE DATABASE IF NOT EXISTS test_db;<br>USE test_db;<br>CREATE TABLE IF NOT EXISTS user_info(id BIGINT, name VARCHAR(100)) ENGINE=OLAP DUPLICATE KEY(id) DISTRIBUTED BY HASH(id) BUCKETS 1;","1. 进入【数据安全-数据权限管理-权限分配】页面，点击【新增】按钮
2. 在「数据源」字段选择「测试数据源_Doris」
3. 在第1行「数据库」字段选择「test_db」，将「数据表」字段切换为「通配符设置」模式
4. 鼠标悬浮在通配符输入框旁的提示图标上，查看悬浮提示内容","1. 成功进入【权限分配-新增】页面
2. 「数据源」字段显示已选中「测试数据源_Doris」
3. 「数据表」切换为通配符设置模式，显示为输入框
4. 悬浮提示框显示以下内容：「其中任意一段都可以使用作为通配符，如下：abcd(ab开头cd结尾的所有字段都会被识别)；ab*(ab为开头的所有字段都会被识别)；*cd(cd为结尾的所有字段都会被识别)；ab(包含ab的所有字段都会被识别)」","1. 
2. 
3. 
4.","","3","功能测试","功能测试阶段","正常","0","1","4","通过","向林","2026-03-18","","0000-00-00","1","",""
"181446","数据资产_STD(#23)","/版本迭代测试用例/v6.4.9/【数据安全】数据表权限分配支持通配符匹配批量配置权限(#10305)","","数据安全 权限分配 新增 验证通配符输入为空时提交失败并提示必填","无","1. 进入【数据安全-数据权限管理-权限分配】页面，点击【新增】按钮
2. 在「数据源」字段选择「测试数据源_Doris」
3. 在第1行「数据库」字段选择「test_db」，将「数据表」字段切换为「通配符设置」模式
4. 通配符输入框留空，不输入任何内容
5. 填写其他全部必填项：「表权限」勾选「DQL」，「生效用户」选择「testUser01」，「有效期」选择「永久」，点击【保存】按钮","1. 成功进入【权限分配-新增】页面
2. 「数据源」字段显示已选中「测试数据源_Doris」
3. 「数据表」切换为通配符设置模式，显示为输入框
4. 通配符输入框为空状态
5. 表单提交失败，通配符输入框处显示必填校验提示，弹窗保持打开状态","1. 
2. 
3. 
4. 
5.","","2","功能测试","功能测试阶段","正常","0","1","5","通过","向林","2026-03-18","","0000-00-00","1","",""
"181445","数据资产_STD(#23)","/版本迭代测试用例/v6.4.9/【数据安全】数据表权限分配支持通配符匹配批量配置权限(#10305)","","数据安全 权限分配 新增 验证使用通配符包含匹配模式*order*可成功提交并匹配对应表","已有数据源「测试数据源_Doris」且连接正常<br>已执行以下SQL初始化测试数据：<br>CREATE DATABASE IF NOT EXISTS test_db;<br>USE test_db;<br>CREATE TABLE IF NOT EXISTS user_info(id BIGINT, name VARCHAR(100)) ENGINE=OLAP DUPLICATE KEY(id) DISTRIBUTED BY HASH(id) BUCKETS 1;<br>CREATE TABLE IF NOT EXISTS user_detail(id BIGINT, user_id BIGINT) ENGINE=OLAP DUPLICATE KEY(id) DISTRIBUTED BY HASH(id) BUCKETS 1;<br>CREATE TABLE IF NOT EXISTS user_log(id BIGINT, log_msg VARCHAR(200)) ENGINE=OLAP DUPLICATE KEY(id) DISTRIBUTED BY HASH(id) BUCKETS 1;<br>CREATE TABLE IF NOT EXISTS order_info(id BIGINT, order_id VARCHAR(50)) ENGINE=OLAP DUPLICATE KEY(id) DISTRIBUTED BY HASH(id) BUCKETS 1;<br>CREATE TABLE IF NOT EXISTS order_detail(id BIGINT, detail_info VARCHAR(200)) ENGINE=OLAP DUPLICATE KEY(id) DISTRIBUTED BY HASH(id) BUCKETS 1;<br>CREATE TABLE IF NOT EXISTS product_info(id BIGINT, product_id VARCHAR(50)) ENGINE=OLAP DUPLICATE KEY(id) DISTRIBUTED BY HASH(id) BUCKETS 1;<br>已有测试用户「testUser01」和测试用户组「testGroup01」","1. 进入【数据安全-数据权限管理-权限分配】页面，点击【新增】按钮
2. 在「策略名称」字段输入「包含匹配策略」（7字符）
3. 在「数据源」字段选择「测试数据源_Doris」
4. 在第1行「数据库」字段选择「test_db」，将「数据表」字段切换为「通配符设置」模式
5. 在通配符输入框中输入「*order*」
6. 填写其他必填项：「表权限」勾选「DQL」，「生效用户」选择「testUser01」，「有效期」选择「永久」
7. 点击【保存】按钮","1. 成功进入【权限分配-新增】页面
2. 「策略名称」字段显示「包含匹配策略」
3. 「数据源」字段显示已选中「测试数据源_Doris」
4. 「数据表」切换为通配符设置模式，显示为输入框
5. 通配符输入框显示输入内容「*order*」
6. 各必填项均正常填写显示
7. 保存成功，页面跳转至列表页，列表新增一条记录，数据表字段展示通配符内容「order」","1. 
2. 
3. 
4. 
5. 
6. 
7.","","2","功能测试","功能测试阶段","正常","0","1","7","通过","向林","2026-03-18","","0000-00-00","1","",""
"181444","数据资产_STD(#23)","/版本迭代测试用例/v6.4.9/【数据安全】数据表权限分配支持通配符匹配批量配置权限(#10305)","","数据安全 权限分配 新增 验证使用通配符前后缀匹配模式user*info可成功提交并匹配对应表","已有数据源「测试数据源_Doris」且连接正常<br>已执行以下SQL初始化测试数据：<br>CREATE DATABASE IF NOT EXISTS test_db;<br>USE test_db;<br>CREATE TABLE IF NOT EXISTS user_info(id BIGINT, name VARCHAR(100)) ENGINE=OLAP DUPLICATE KEY(id) DISTRIBUTED BY HASH(id) BUCKETS 1;<br>CREATE TABLE IF NOT EXISTS user_detail(id BIGINT, user_id BIGINT) ENGINE=OLAP DUPLICATE KEY(id) DISTRIBUTED BY HASH(id) BUCKETS 1;<br>CREATE TABLE IF NOT EXISTS user_log(id BIGINT, log_msg VARCHAR(200)) ENGINE=OLAP DUPLICATE KEY(id) DISTRIBUTED BY HASH(id) BUCKETS 1;<br>CREATE TABLE IF NOT EXISTS order_info(id BIGINT, order_id VARCHAR(50)) ENGINE=OLAP DUPLICATE KEY(id) DISTRIBUTED BY HASH(id) BUCKETS 1;<br>CREATE TABLE IF NOT EXISTS order_detail(id BIGINT, detail_info VARCHAR(200)) ENGINE=OLAP DUPLICATE KEY(id) DISTRIBUTED BY HASH(id) BUCKETS 1;<br>CREATE TABLE IF NOT EXISTS product_info(id BIGINT, product_id VARCHAR(50)) ENGINE=OLAP DUPLICATE KEY(id) DISTRIBUTED BY HASH(id) BUCKETS 1;<br>已有测试用户「testUser01」和测试用户组「testGroup01」","1. 进入【数据安全-数据权限管理-权限分配】页面，点击【新增】按钮
2. 在「策略名称」字段输入「前后缀匹配策略」（8字符）
3. 在「数据源」字段选择「测试数据源_Doris」
4. 在第1行「数据库」字段选择「test_db」，将「数据表」字段切换为「通配符设置」模式
5. 在通配符输入框中输入「user*info」
6. 填写其他必填项：「表权限」勾选「DQL」，「生效用户」选择「testUser01」，「有效期」选择「永久」
7. 点击【保存】按钮","1. 成功进入【权限分配-新增】页面
2. 「策略名称」字段显示「前后缀匹配策略」
3. 「数据源」字段显示已选中「测试数据源_Doris」
4. 「数据表」切换为通配符设置模式，显示为输入框
5. 通配符输入框显示输入内容「user*info」
6. 各必填项均正常填写显示
7. 保存成功，页面跳转至列表页，列表新增一条记录，数据表字段展示通配符内容「user*info」","1. 
2. 
3. 
4. 
5. 
6. 
7.","","2","功能测试","功能测试阶段","正常","0","1","7","通过","向林","2026-03-18","","0000-00-00","1","",""
"181443","数据资产_STD(#23)","/版本迭代测试用例/v6.4.9/【数据安全】数据表权限分配支持通配符匹配批量配置权限(#10305)","","数据安全 权限分配 新增 验证使用通配符后缀匹配模式*_info可成功提交并匹配对应表","已有数据源「测试数据源_Doris」且连接正常<br>已执行以下SQL初始化测试数据：<br>CREATE DATABASE IF NOT EXISTS test_db;<br>USE test_db;<br>CREATE TABLE IF NOT EXISTS user_info(id BIGINT, name VARCHAR(100)) ENGINE=OLAP DUPLICATE KEY(id) DISTRIBUTED BY HASH(id) BUCKETS 1;<br>CREATE TABLE IF NOT EXISTS user_detail(id BIGINT, user_id BIGINT) ENGINE=OLAP DUPLICATE KEY(id) DISTRIBUTED BY HASH(id) BUCKETS 1;<br>CREATE TABLE IF NOT EXISTS user_log(id BIGINT, log_msg VARCHAR(200)) ENGINE=OLAP DUPLICATE KEY(id) DISTRIBUTED BY HASH(id) BUCKETS 1;<br>CREATE TABLE IF NOT EXISTS order_info(id BIGINT, order_id VARCHAR(50)) ENGINE=OLAP DUPLICATE KEY(id) DISTRIBUTED BY HASH(id) BUCKETS 1;<br>CREATE TABLE IF NOT EXISTS order_detail(id BIGINT, detail_info VARCHAR(200)) ENGINE=OLAP DUPLICATE KEY(id) DISTRIBUTED BY HASH(id) BUCKETS 1;<br>CREATE TABLE IF NOT EXISTS product_info(id BIGINT, product_id VARCHAR(50)) ENGINE=OLAP DUPLICATE KEY(id) DISTRIBUTED BY HASH(id) BUCKETS 1;<br>已有测试用户「testUser01」和测试用户组「testGroup01」","1. 进入【数据安全-数据权限管理-权限分配】页面，点击【新增】按钮
2. 在「策略名称」字段输入「后缀匹配策略」（7字符）
3. 在「数据源」字段选择「测试数据源_Doris」
4. 在第1行「数据库」字段选择「test_db」，将「数据表」字段切换为「通配符设置」模式
5. 在通配符输入框中输入「*_info」
6. 填写其他必填项：「表权限」勾选「DQL」，「生效用户」选择「testUser01」，「有效期」选择「永久」
7. 点击【保存】按钮","1. 成功进入【权限分配-新增】页面
2. 「策略名称」字段显示「后缀匹配策略」
3. 「数据源」字段显示已选中「测试数据源_Doris」
4. 「数据表」切换为通配符设置模式，显示为输入框
5. 通配符输入框显示输入内容「*_info」
6. 各必填项均正常填写显示
7. 保存成功，页面跳转至列表页，列表新增一条记录，数据表字段展示通配符内容「*_info」","1. 
2. 
3. 
4. 
5. 
6. 
7.","","2","功能测试","功能测试阶段","正常","0","1","7","通过","向林","2026-03-18","","0000-00-00","1","",""
"181442","数据资产_STD(#23)","/版本迭代测试用例/v6.4.9/【数据安全】数据表权限分配支持通配符匹配批量配置权限(#10305)","","数据安全 权限分配 新增 验证使用通配符前缀匹配模式user*可成功提交并匹配对应表","已有数据源「测试数据源_Doris」且连接正常<br>已执行以下SQL初始化测试数据：<br>CREATE DATABASE IF NOT EXISTS test_db;<br>USE test_db;<br>CREATE TABLE IF NOT EXISTS user_info(id BIGINT, name VARCHAR(100)) ENGINE=OLAP DUPLICATE KEY(id) DISTRIBUTED BY HASH(id) BUCKETS 1;<br>CREATE TABLE IF NOT EXISTS user_detail(id BIGINT, user_id BIGINT) ENGINE=OLAP DUPLICATE KEY(id) DISTRIBUTED BY HASH(id) BUCKETS 1;<br>CREATE TABLE IF NOT EXISTS user_log(id BIGINT, log_msg VARCHAR(200)) ENGINE=OLAP DUPLICATE KEY(id) DISTRIBUTED BY HASH(id) BUCKETS 1;<br>CREATE TABLE IF NOT EXISTS order_info(id BIGINT, order_id VARCHAR(50)) ENGINE=OLAP DUPLICATE KEY(id) DISTRIBUTED BY HASH(id) BUCKETS 1;<br>CREATE TABLE IF NOT EXISTS order_detail(id BIGINT, detail_info VARCHAR(200)) ENGINE=OLAP DUPLICATE KEY(id) DISTRIBUTED BY HASH(id) BUCKETS 1;<br>CREATE TABLE IF NOT EXISTS product_info(id BIGINT, product_id VARCHAR(50)) ENGINE=OLAP DUPLICATE KEY(id) DISTRIBUTED BY HASH(id) BUCKETS 1;<br>已有测试用户「testUser01」和测试用户组「testGroup01」","1. 进入【数据安全-数据权限管理-权限分配】页面，点击【新增】按钮
2. 在「策略名称」字段输入「前缀匹配策略」（7字符）
3. 在「数据源」字段选择「测试数据源_Doris」
4. 在第1行「数据库」字段选择「test_db」，将「数据表」字段从「选择具体表」切换为「通配符设置」模式
5. 在通配符输入框中输入「user*」
6. 在「表权限」字段勾选「DQL」
7. 在「生效用户」字段选择「testUser01」
8. 在「有效期」字段选择「永久」
9. 点击【保存】按钮","1. 成功进入【权限分配-新增】页面
2. 「策略名称」字段显示「前缀匹配策略」
3. 「数据源」字段显示已选中「测试数据源_Doris」
4. 「数据表」切换为通配符设置模式，显示为输入框，提示文字为「请输入，举例：abc*」
5. 通配符输入框显示输入内容「user*」
6. 「表权限」显示已勾选「DQL」
7. 「生效用户」显示已选中「testUser01」
8. 「有效期」显示为「永久」
9. 保存成功，页面跳转至权限分配列表页，列表新增一条记录，策略名称显示「前缀匹配策略」，数据表字段展示通配符内容「user*」","1. 
2. 
3. 
4. 
5. 
6. 
7. 
8. 
9.","","1","功能测试","功能测试阶段","正常","0","2","9","通过","向林","2026-03-18","","0000-00-00","1","",""
"181441","数据资产_STD(#23)","/版本迭代测试用例/v6.4.9/【数据安全】数据表权限分配支持通配符匹配批量配置权限(#10305)","","数据安全 权限分配 新增 验证数据表字段默认为选择具体表模式","已有数据源「测试数据源_Doris」且连接正常<br>已执行以下SQL初始化测试数据：<br>CREATE DATABASE IF NOT EXISTS test_db;<br>USE test_db;<br>CREATE TABLE IF NOT EXISTS user_info(id BIGINT, name VARCHAR(100)) ENGINE=OLAP DUPLICATE KEY(id) DISTRIBUTED BY HASH(id) BUCKETS 1;","1. 进入【数据安全-数据权限管理-权限分配】页面，点击【新增】按钮
2. 在「数据源」字段选择「测试数据源_Doris」
3. 在第1行「数据库」字段选择「test_db」
4. 查看第1行「数据表」字段的当前模式","1. 成功进入【权限分配-新增】页面
2. 「数据源」字段显示已选中「测试数据源_Doris」
3. 「数据库」字段显示已选中「test_db」
4. 「数据表」字段默认为「选择具体表」模式，展示为下拉多选框，非通配符输入框","1. 
2. 
3. 
4.","","2","功能测试","功能测试阶段","正常","0","1","4","通过","向林","2026-03-18","","0000-00-00","1","",""
"181440","数据资产_STD(#23)","/版本迭代测试用例/v6.4.9/【数据安全】数据表权限分配支持通配符匹配批量配置权限(#10305)","","数据安全 权限分配 新增 验证切换数据表模式时已填写的字段值被清空","已有数据源「测试数据源_Doris」且连接正常<br>已执行以下SQL初始化测试数据：<br>CREATE DATABASE IF NOT EXISTS test_db;<br>USE test_db;<br>CREATE TABLE IF NOT EXISTS user_info(id BIGINT, name VARCHAR(100)) ENGINE=OLAP DUPLICATE KEY(id) DISTRIBUTED BY HASH(id) BUCKETS 1;<br>CREATE TABLE IF NOT EXISTS user_detail(id BIGINT, user_id BIGINT) ENGINE=OLAP DUPLICATE KEY(id) DISTRIBUTED BY HASH(id) BUCKETS 1;","1. 进入数据安全-权限分配页面，点击「新增」按钮
2. 数据源下拉框选择「测试数据源_Doris」
3. 数据库下拉框选择「test_db」
4. 数据表保持默认选择具体表模式，下拉多选选择「user_info」「user_detail」
5. 将数据表字段从「选择具体表」模式切换为「通配符设置」模式
6. 观察切换后通配符输入框的内容
7. 在通配符输入框中输入「order*」
8. 将数据表字段从「通配符设置」模式切换回「选择具体表」模式
9. 观察切换后具体表下拉框的选中状态","1. 成功打开新增权限策略弹窗
2. 数据源成功选择为「测试数据源_Doris」
3. 数据库成功选择为「test_db」
4. 数据表成功选择「user_info」「user_detail」
5. 数据表字段成功切换为通配符设置模式
6. 通配符输入框为空，之前选择的具体表「user_info」「user_detail」不会保留到通配符输入框中
7. 通配符输入框成功输入「order*」
8. 数据表字段成功切换回选择具体表模式
9. 具体表下拉框为空（无任何选中项），之前输入的通配符「order*」不会保留到具体表下拉框中","1. 
2. 
3. 
4. 
5. 
6. 
7. 
8. 
9.","","3","功能测试","功能测试阶段","正常","0","1","9","通过","向林","2026-03-18","","0000-00-00","1","",""
"181439","数据资产_STD(#23)","/版本迭代测试用例/v6.4.9/【数据安全】数据表权限分配支持通配符匹配批量配置权限(#10305)","","数据安全 权限分配 新增 验证通配符输入包含多个星号字符可成功提交并正确匹配","已有数据源「测试数据源_Doris」且连接正常<br>已执行以下SQL初始化测试数据：<br>CREATE DATABASE IF NOT EXISTS test_db;<br>USE test_db;<br>CREATE TABLE IF NOT EXISTS user_info(id BIGINT, name VARCHAR(100)) ENGINE=OLAP DUPLICATE KEY(id) DISTRIBUTED BY HASH(id) BUCKETS 1;<br>CREATE TABLE IF NOT EXISTS user_detail(id BIGINT, user_id BIGINT) ENGINE=OLAP DUPLICATE KEY(id) DISTRIBUTED BY HASH(id) BUCKETS 1;<br>CREATE TABLE IF NOT EXISTS user_log(id BIGINT, log_msg VARCHAR(200)) ENGINE=OLAP DUPLICATE KEY(id) DISTRIBUTED BY HASH(id) BUCKETS 1;<br>CREATE TABLE IF NOT EXISTS order_info(id BIGINT, order_id VARCHAR(50)) ENGINE=OLAP DUPLICATE KEY(id) DISTRIBUTED BY HASH(id) BUCKETS 1;<br>CREATE TABLE IF NOT EXISTS order_detail(id BIGINT, detail_info VARCHAR(200)) ENGINE=OLAP DUPLICATE KEY(id) DISTRIBUTED BY HASH(id) BUCKETS 1;<br>CREATE TABLE IF NOT EXISTS product_info(id BIGINT, product_id VARCHAR(50)) ENGINE=OLAP DUPLICATE KEY(id) DISTRIBUTED BY HASH(id) BUCKETS 1;<br>已有测试用户「testUser01」和测试用户组「testGroup01」","1. 进入数据安全-权限分配页面，点击「新增」按钮
2. 策略名称输入「多星号通配符策略」
3. 数据源下拉框选择「测试数据源_Doris」
4. 数据库下拉框选择「test_db」
5. 数据表字段切换为「通配符设置」模式
6. 在通配符输入框中输入「*user* info*」
7. 表权限勾选「DQL」
8. 生效用户选择「testUser01」
9. 有效期选择「永久」
10. 点击「确定」按钮提交表单
11. 进入数据地图检查表权限","1. 成功打开新增权限策略弹窗
2. 策略名称成功输入「多星号通配符策略」
3. 数据源成功选择为「测试数据源_Doris」
4. 数据库成功选择为「test_db」
5. 数据表字段成功切换为通配符设置模式
6. 通配符输入框成功输入「*user*info*」
7. 表权限成功勾选「DQL」
8. 生效用户成功选择「testUser01」
9. 有效期成功设置为「永久」
10. 表单提交成功，权限策略匹配test_db下包含user且包含info的表：仅user_info，不匹配user_detail、user_log、order_info等
11. 用户testUser01表权限正常","1. 
2. 
3. 
4. 
5. 
6. 
7. 
8. 
9. 
10. 
11.","","2","功能测试","功能测试阶段","正常","0","1","11","通过","向林","2026-03-18","","0000-00-00","1","",""
"181438","数据资产_STD(#23)","/版本迭代测试用例/v6.4.9/【数据安全】数据表权限分配支持通配符匹配批量配置权限(#10305)","","数据安全 权限分配 新增 验证通配符仅输入星号*时匹配数据库下所有表","已有数据源「测试数据源_Doris」且连接正常<br>已执行以下SQL初始化测试数据：<br>CREATE DATABASE IF NOT EXISTS test_db;<br>USE test_db;<br>CREATE TABLE IF NOT EXISTS user_info(id BIGINT, name VARCHAR(100)) ENGINE=OLAP DUPLICATE KEY(id) DISTRIBUTED BY HASH(id) BUCKETS 1;<br>CREATE TABLE IF NOT EXISTS user_detail(id BIGINT, user_id BIGINT) ENGINE=OLAP DUPLICATE KEY(id) DISTRIBUTED BY HASH(id) BUCKETS 1;<br>CREATE TABLE IF NOT EXISTS user_log(id BIGINT, log_msg VARCHAR(200)) ENGINE=OLAP DUPLICATE KEY(id) DISTRIBUTED BY HASH(id) BUCKETS 1;<br>CREATE TABLE IF NOT EXISTS order_info(id BIGINT, order_id VARCHAR(50)) ENGINE=OLAP DUPLICATE KEY(id) DISTRIBUTED BY HASH(id) BUCKETS 1;<br>CREATE TABLE IF NOT EXISTS order_detail(id BIGINT, detail_info VARCHAR(200)) ENGINE=OLAP DUPLICATE KEY(id) DISTRIBUTED BY HASH(id) BUCKETS 1;<br>CREATE TABLE IF NOT EXISTS product_info(id BIGINT, product_id VARCHAR(50)) ENGINE=OLAP DUPLICATE KEY(id) DISTRIBUTED BY HASH(id) BUCKETS 1;<br>已有测试用户「testUser01」和测试用户组「testGroup01」","1. 进入数据安全-权限分配页面，点击「新增」按钮
2. 策略名称输入「全匹配通配符策略」
3. 数据源下拉框选择「测试数据源_Doris」
4. 数据库下拉框选择「test_db」
5. 数据表字段切换为「通配符设置」模式
6. 在通配符输入框中输入「*」
7. 表权限勾选「DQL」
8. 生效用户选择「testUser01」
9. 有效期选择「永久」
10. 点击「确定」按钮提交表单
11. 进入数据地图检查表权限","1. 成功打开新增权限策略弹窗
2. 策略名称成功输入「全匹配通配符策略」
3. 数据源成功选择为「测试数据源_Doris」
4. 数据库成功选择为「test_db」
5. 数据表字段成功切换为通配符设置模式
6. 通配符输入框成功输入「*」
7. 表权限成功勾选「DQL」
8. 生效用户成功选择「testUser01」
9. 有效期成功设置为「永久」
10. 表单提交成功，权限策略匹配test_db下所有表：user_info、user_detail、user_log、order_info、order_detail、product_info共6张表
11. 用户testUser01对以上所有表均拥有DQL权限","1. 
2. 
3. 
4. 
5. 
6. 
7. 
8. 
9. 
10. 
11.","","2","功能测试","功能测试阶段","正常","0","1","11","通过","向林","2026-03-18","","0000-00-00","1","",""
"181437","数据资产_STD(#23)","/版本迭代测试用例/v6.4.9/【数据安全】数据表权限分配支持通配符匹配批量配置权限(#10305)","","数据安全 权限分配 新增 验证多行不同数据库混合模式一行具体表一行通配符提交后权限范围取并集","已有数据源「测试数据源_Doris」且连接正常<br>已执行以下SQL初始化测试数据：<br>CREATE DATABASE IF NOT EXISTS test_db;<br>USE test_db;<br>CREATE TABLE IF NOT EXISTS user_info(id BIGINT, name VARCHAR(100)) ENGINE=OLAP DUPLICATE KEY(id) DISTRIBUTED BY HASH(id) BUCKETS 1;<br>CREATE TABLE IF NOT EXISTS user_detail(id BIGINT, user_id BIGINT) ENGINE=OLAP DUPLICATE KEY(id) DISTRIBUTED BY HASH(id) BUCKETS 1;<br>CREATE TABLE IF NOT EXISTS user_log(id BIGINT, log_msg VARCHAR(200)) ENGINE=OLAP DUPLICATE KEY(id) DISTRIBUTED BY HASH(id) BUCKETS 1;<br>CREATE TABLE IF NOT EXISTS order_info(id BIGINT, order_id VARCHAR(50)) ENGINE=OLAP DUPLICATE KEY(id) DISTRIBUTED BY HASH(id) BUCKETS 1;<br>CREATE TABLE IF NOT EXISTS order_detail(id BIGINT, detail_info VARCHAR(200)) ENGINE=OLAP DUPLICATE KEY(id) DISTRIBUTED BY HASH(id) BUCKETS 1;<br>CREATE TABLE IF NOT EXISTS product_info(id BIGINT, product_id VARCHAR(50)) ENGINE=OLAP DUPLICATE KEY(id) DISTRIBUTED BY HASH(id) BUCKETS 1;<br>CREATE DATABASE IF NOT EXISTS db_finance;<br>USE db_finance;<br>CREATE TABLE IF NOT EXISTS account_info(id BIGINT, account_id VARCHAR(50)) ENGINE=OLAP DUPLICATE KEY(id) DISTRIBUTED BY HASH(id) BUCKETS 1;<br>CREATE TABLE IF NOT EXISTS account_detail(id BIGINT, detail VARCHAR(200)) ENGINE=OLAP DUPLICATE KEY(id) DISTRIBUTED BY HASH(id) BUCKETS 1;<br>CREATE DATABASE IF NOT EXISTS db_hr;<br>USE db_hr;<br>CREATE TABLE IF NOT EXISTS employee_info(id BIGINT, emp_name VARCHAR(100)) ENGINE=OLAP DUPLICATE KEY(id) DISTRIBUTED BY HASH(id) BUCKETS 1;<br>CREATE TABLE IF NOT EXISTS employee_detail(id BIGINT, emp_id VARCHAR(50)) ENGINE=OLAP DUPLICATE KEY(id) DISTRIBUTED BY HASH(id) BUCKETS 1;<br>已有测试用户「testUser01」","1. 进入数据安全-权限分配页面，点击「新增权限策略」按钮
2. 策略名称输入「多库混合模式并集策略」
3. 数据源下拉框选择「测试数据源_Doris」
4. 第一行：数据库选择「test_db」，数据表保持默认选择具体表模式，下拉多选选择「order_info」「order_detail」
5. 点击添加行按钮, 第二行：数据库选择「db_finance」，数据表切换为「通配符设置」模式，在通配符输入框中输入「account*」
6. 点击添加行按钮, 第三行：数据库选择「db_hr」，数据表保持默认选择具体表模式，下拉多选选择「employee_info」
7. 表权限勾选「DQL」「DML」
8. 生效用户选择「testUser01」
9. 1有效期选择「永久」
10. 1点击「确定」按钮提交表单
11. 1在权限策略列表中查看新建的「多库混合模式并集策略」详情
12. 进入数据地图检查表权限","1. 成功打开新增权限策略弹窗，表单各字段显示正常
2. 策略名称成功输入「多库混合模式并集策略」
3. 数据源成功选择为「测试数据源_Doris」
4. 第一行成功选择数据库「test_db」，数据表以选择具体表模式成功选择「order_info」「order_detail」
5. 第二行成功选择数据库「db_finance」并切换为通配符模式，输入「account*」
6. 第三行成功选择数据库「db_hr」，数据表以选择具体表模式成功选择「employee_info」
7. 表权限成功勾选「DQL」「DML」
8. 生效用户成功选择「testUser01」
9. 有效期成功设置为「永久」
10. 表单提交成功，页面提示操作成功，弹窗关闭
11. 策略详情显示权限范围为三行配置结果的并集：第一行具体表test_db.order_info和test_db.order_detail + 第二行通配符db_finance下匹配account*的表(account_info、account_detail) + 第三行具体表db_hr.employee_info
12. 用户testUser01对以上所有表均拥有DQL和DML权限","1. 
2. 
3. 
4. 
5. 
6. 
7. 
8. 
9. 
10. 
11. 
12.","","1","功能测试","功能测试阶段","正常","0","2","12","通过","向林","2026-03-18","","0000-00-00","1","",""
"181436","数据资产_STD(#23)","/版本迭代测试用例/v6.4.9/【数据安全】数据表权限分配支持通配符匹配批量配置权限(#10305)","","数据安全 权限分配 新增 验证多行不同数据库使用通配符模式提交后权限范围取并集","已有数据源「测试数据源_Doris」且连接正常<br>已执行以下SQL初始化测试数据：<br>CREATE DATABASE IF NOT EXISTS test_db;<br>USE test_db;<br>CREATE TABLE IF NOT EXISTS user_info(id BIGINT, name VARCHAR(100)) ENGINE=OLAP DUPLICATE KEY(id) DISTRIBUTED BY HASH(id) BUCKETS 1;<br>CREATE TABLE IF NOT EXISTS user_detail(id BIGINT, user_id BIGINT) ENGINE=OLAP DUPLICATE KEY(id) DISTRIBUTED BY HASH(id) BUCKETS 1;<br>CREATE TABLE IF NOT EXISTS user_log(id BIGINT, log_msg VARCHAR(200)) ENGINE=OLAP DUPLICATE KEY(id) DISTRIBUTED BY HASH(id) BUCKETS 1;<br>CREATE TABLE IF NOT EXISTS order_info(id BIGINT, order_id VARCHAR(50)) ENGINE=OLAP DUPLICATE KEY(id) DISTRIBUTED BY HASH(id) BUCKETS 1;<br>CREATE TABLE IF NOT EXISTS order_detail(id BIGINT, detail_info VARCHAR(200)) ENGINE=OLAP DUPLICATE KEY(id) DISTRIBUTED BY HASH(id) BUCKETS 1;<br>CREATE TABLE IF NOT EXISTS product_info(id BIGINT, product_id VARCHAR(50)) ENGINE=OLAP DUPLICATE KEY(id) DISTRIBUTED BY HASH(id) BUCKETS 1;<br>CREATE DATABASE IF NOT EXISTS db_finance;<br>USE db_finance;<br>CREATE TABLE IF NOT EXISTS account_info(id BIGINT, account_id VARCHAR(50)) ENGINE=OLAP DUPLICATE KEY(id) DISTRIBUTED BY HASH(id) BUCKETS 1;<br>CREATE TABLE IF NOT EXISTS account_detail(id BIGINT, detail VARCHAR(200)) ENGINE=OLAP DUPLICATE KEY(id) DISTRIBUTED BY HASH(id) BUCKETS 1;<br>CREATE DATABASE IF NOT EXISTS db_hr;<br>USE db_hr;<br>CREATE TABLE IF NOT EXISTS employee_info(id BIGINT, emp_name VARCHAR(100)) ENGINE=OLAP DUPLICATE KEY(id) DISTRIBUTED BY HASH(id) BUCKETS 1;<br>CREATE TABLE IF NOT EXISTS employee_detail(id BIGINT, emp_id VARCHAR(50)) ENGINE=OLAP DUPLICATE KEY(id) DISTRIBUTED BY HASH(id) BUCKETS 1;<br>已有测试用户「testUser01」","1. 进入【数据安全-数据权限管理-权限分配】页面，点击【新增】按钮
2. 策略名称输入「多库通配符并集策略」
3. 数据源下拉框选择「测试数据源_Doris」
4. 第一行：数据库选择「test_db」，数据表切换为「通配符设置」模式，在通配符输入框中输入「user*」
5. 点击添加行按钮，第二行：数据库选择「db_finance」，数据表切换为「通配符设置」模式，在通配符输入框中输入「account*」
6. 点击添加行按钮，第三行：数据库选择「db_hr」，数据表切换为「通配符设置」模式，在通配符输入框中输入「employee*」
7. 表权限勾选「DQL」「DML」「DDL」
8. 生效用户选择「testUser01」
9. 1有效期选择「永久」
10. 1点击「确定」按钮提交表单
11. 1在权限策略列表中查看新建的「多库通配符并集策略」详情
12. 进入数据地图检查表权限","1. 成功进入【权限分配-新增】页面
2. 策略名称成功输入「多库通配符并集策略」
3. 数据源成功选择为「测试数据源_Doris」
4. 第一行成功选择数据库「test_db」并切换为通配符模式，输入「user*」
5. 第二行成功选择数据库「db_finance」并切换为通配符模式，输入「account*」
6. 第三行成功选择数据库「db_hr」并切换为通配符模式，输入「employee*」
7. 表权限成功勾选「DQL」「DML」「DDL」
8. 生效用户成功选择「testUser01」
9. 有效期成功设置为「永久」
10. 表单提交成功，页面提示操作成功，弹窗关闭
11. 策略详情显示权限范围为三个数据库通配符匹配结果的并集：test_db下匹配user*的表(user_info、user_detail、user_log) + db_finance下匹配account*的表(account_info、account_detail) + db_hr下匹配employee*的表(employee_info、employee_detail)
12. 用户testUser01对以上所有表均拥有DQL和DML权限","1. 
2. 
3. 
4. 
5. 
6. 
7. 
8. 
9. 
10. 
11. 
12.","","1","功能测试","功能测试阶段","正常","0","2","12","通过","向林","2026-03-18","","0000-00-00","1","",""
"181435","数据资产_STD(#23)","/版本迭代测试用例/v6.4.9/【数据安全】数据表权限分配支持通配符匹配批量配置权限(#10305)","","数据安全 权限分配 新增 验证多行选择不同数据库以具体表模式提交后权限取并集","已有数据源「测试数据源_Doris」且连接正常<br>已执行以下SQL初始化测试数据：<br>CREATE DATABASE IF NOT EXISTS test_db;<br>USE test_db;<br>CREATE TABLE IF NOT EXISTS user_info(id BIGINT, name VARCHAR(100)) ENGINE=OLAP DUPLICATE KEY(id) DISTRIBUTED BY HASH(id) BUCKETS 1;<br>CREATE TABLE IF NOT EXISTS user_detail(id BIGINT, user_id BIGINT) ENGINE=OLAP DUPLICATE KEY(id) DISTRIBUTED BY HASH(id) BUCKETS 1;<br>CREATE TABLE IF NOT EXISTS user_log(id BIGINT, log_msg VARCHAR(200)) ENGINE=OLAP DUPLICATE KEY(id) DISTRIBUTED BY HASH(id) BUCKETS 1;<br>CREATE TABLE IF NOT EXISTS order_info(id BIGINT, order_id VARCHAR(50)) ENGINE=OLAP DUPLICATE KEY(id) DISTRIBUTED BY HASH(id) BUCKETS 1;<br>CREATE TABLE IF NOT EXISTS order_detail(id BIGINT, detail_info VARCHAR(200)) ENGINE=OLAP DUPLICATE KEY(id) DISTRIBUTED BY HASH(id) BUCKETS 1;<br>CREATE TABLE IF NOT EXISTS product_info(id BIGINT, product_id VARCHAR(50)) ENGINE=OLAP DUPLICATE KEY(id) DISTRIBUTED BY HASH(id) BUCKETS 1;<br>CREATE DATABASE IF NOT EXISTS db_finance;<br>USE db_finance;<br>CREATE TABLE IF NOT EXISTS account_info(id BIGINT, account_id VARCHAR(50)) ENGINE=OLAP DUPLICATE KEY(id) DISTRIBUTED BY HASH(id) BUCKETS 1;<br>CREATE TABLE IF NOT EXISTS account_detail(id BIGINT, detail VARCHAR(200)) ENGINE=OLAP DUPLICATE KEY(id) DISTRIBUTED BY HASH(id) BUCKETS 1;<br>已有测试用户「testUser01」","1. 进入【数据安全-数据权限管理-权限分配】页面，点击【新增】按钮
2. 策略名称输入「多库具体表并集策略」
3. 数据源下拉框选择「测试数据源_Doris」
4. 第一行：数据库选择「test_db」，数据表以选择具体表模式选择「user_info」「order_info」
5. 点击添加行按钮，新增第二行
6. 第二行：数据库选择「db_finance」，数据表以选择具体表模式选择「account_info」
7. 表权限勾选「DQL」「DML」
8. 生效用户选择「testUser01」
9. 有效期选择「永久」
10. 点击「确定」按钮提交表单
11. 进入数据地图检查表权限","1. 成功进入【权限分配-新增】页面
2. 策略名称成功输入「多库具体表并集策略」
3. 数据源成功选择为「测试数据源_Doris」
4. 第一行成功选择数据库「test_db」和数据表「user_info」「order_info」
5. 成功新增第二行
6. 第二行成功选择数据库「db_finance」和数据表「account_info」
7. 表权限成功勾选「DQL」「DML」
8. 生效用户成功选择「testUser01」
9. 有效期成功设置为「永久」
10. 表单提交成功，权限策略生效范围为test_db.user_info、test_db.order_info和db_finance.account_info的并集，用户testUser01对以上三张表均拥有DQL和DML权限
11. 用户testUser01对以上所有表均拥有DQL和DML权限","1. 
2. 
3. 
4. 
5. 
6. 
7. 
8. 
9. 
10. 
11.","","2","功能测试","功能测试阶段","正常","0","1","11","通过","向林","2026-03-18","","0000-00-00","1","",""
"181434","数据资产_STD(#23)","/版本迭代测试用例/v6.4.9/【数据安全】数据表权限分配支持通配符匹配批量配置权限(#10305)","","数据安全 权限分配 新增 验证多行选择同一数据库时已选表在新行中自动排除","已有数据源「测试数据源_Doris」且连接正常<br>已执行以下SQL初始化测试数据：<br>CREATE DATABASE IF NOT EXISTS test_db;<br>USE test_db;<br>CREATE TABLE IF NOT EXISTS user_info(id BIGINT, name VARCHAR(100)) ENGINE=OLAP DUPLICATE KEY(id) DISTRIBUTED BY HASH(id) BUCKETS 1;<br>CREATE TABLE IF NOT EXISTS user_detail(id BIGINT, user_id BIGINT) ENGINE=OLAP DUPLICATE KEY(id) DISTRIBUTED BY HASH(id) BUCKETS 1;<br>CREATE TABLE IF NOT EXISTS order_info(id BIGINT, order_id VARCHAR(50)) ENGINE=OLAP DUPLICATE KEY(id) DISTRIBUTED BY HASH(id) BUCKETS 1;<br>已有测试用户「testUser01」","1. 进入【数据安全-数据权限管理-权限分配】页面，点击【新增】按钮
2. 在「数据源」字段选择「测试数据源_Doris」
3. 在第1行「数据库」字段选择「test_db」，「数据表」保持「选择具体表」模式，选择「user_info」和「order_info」
4. 点击数据库/数据表表格底部的【新增】按钮
5. 在第2行「数据库」字段再次选择「test_db」，点击「数据表」下拉框查看可选表列表","1. 成功进入【权限分配-新增】页面
2. 「数据源」字段显示已选中「测试数据源_Doris」
3. 第1行「数据库」显示「test_db」，「数据表」显示已选中「user_info」「order_info」
4. 数据库/数据表表格末尾新增一行空白行
5. 第2行「数据库」显示「test_db」，「数据表」下拉列表中不再展示已被第1行选中的「user_info」「order_info」，仅展示「product_info」等未被选择的表","1. 
2. 
3. 
4. 
5.","","2","功能测试","功能测试阶段","正常","0","1","5","通过","向林","2026-03-18","","0000-00-00","1","",""
"181433","数据资产_STD(#23)","/版本迭代测试用例/v6.4.9/【数据安全】数据表权限分配支持通配符匹配批量配置权限(#10305)","","数据安全 权限分配 新增 验证策略名称重复时提交失败并提示错误信息","已登录admin管理员账号，已存在策略名称为「通配符权限策略A」的权限记录","1. 进入【数据安全-数据权限管理-权限分配】页面，点击【新增】按钮
2. 在「策略名称」字段输入「通配符权限策略A」（与已有策略名称完全相同）
3. 填写其他必填项：「数据源」选择「测试数据源_Doris」，「数据库」选择「test_db」，「数据表」选择「order_info」，「表权限」勾选「DQL」，「生效用户」选择「testUser01」，「有效期」选择「永久」
4. 点击【保存】按钮","1. 成功进入【权限分配-新增】页面
2. 「策略名称」字段显示「通配符权限策略A」
3. 各必填项均正常填写显示
4. 保存失败，页面提示「已存在相同的策略名称」，表单停留在当前填写状态，已填写内容保留","1. 
2. 
3. 
4.","","2","功能测试","功能测试阶段","正常","0","1","4","通过","向林","2026-03-18","","0000-00-00","1","",""
"181432","数据资产_STD(#23)","/版本迭代测试用例/v6.4.9/【数据安全】数据表权限分配支持通配符匹配批量配置权限(#10305)","","数据安全 权限分配 新增 验证策略名称输入超过255字符时受到限制","已登录admin管理员账号","1. 进入【数据安全-数据权限管理-权限分配】页面，点击【新增】按钮
2. 在「策略名称」字段粘贴256字符的文本内容
3. 填写其他全部必填项并点击【保存】按钮","1. 成功进入【权限分配-新增】页面
2. 「策略名称」字段阻止输入超出部分，仅保留前255字符
3. 保存成功，页面跳转至权限分配列表页，列表新增一条记录，策略名称列显示输入的255字符内容","1. 
2. 
3.","","3","功能测试","功能测试阶段","正常","0","1","3","通过","向林","2026-03-18","","0000-00-00","1","",""
"181431","数据资产_STD(#23)","/版本迭代测试用例/v6.4.9/【数据安全】数据表权限分配支持通配符匹配批量配置权限(#10305)","","数据安全 权限分配 新增 验证策略名称输入255字符时可成功提交","已有数据源「测试数据源_Doris」且连接正常<br>已执行以下SQL初始化测试数据：<br>CREATE DATABASE IF NOT EXISTS test_db;<br>USE test_db;<br>CREATE TABLE IF NOT EXISTS user_info(id BIGINT, name VARCHAR(100)) ENGINE=OLAP DUPLICATE KEY(id) DISTRIBUTED BY HASH(id) BUCKETS 1;<br>已有测试用户「testUser01」","1. 进入【数据安全-数据权限管理-权限分配】页面，点击【新增】按钮
2. 在「策略名称」字段输入由「测试策略」重复拼接至255字符的文本（255字符，达到最大255字符限制）
3. 填写其他必填项：「数据源」选择「测试数据源_Doris」，「数据库」选择「test_db」，「数据表」选择「user_info」，「表权限」勾选「DQL」，「生效用户」选择「testUser01」，「有效期」选择「永久」
4. 点击【保存】按钮","1. 成功进入【权限分配-新增】页面
2. 「策略名称」字段显示输入的255字符内容，无报错提示
3. 各必填项均正常填写显示
4. 保存成功，页面跳转至权限分配列表页，列表新增一条记录，策略名称列显示输入的255字符内容","1. 
2. 
3. 
4.","","3","功能测试","功能测试阶段","正常","0","1","4","通过","向林","2026-03-18","","0000-00-00","1","",""
"181430","数据资产_STD(#23)","/版本迭代测试用例/v6.4.9/【数据安全】数据表权限分配支持通配符匹配批量配置权限(#10305)","","数据安全 权限分配 新增 验证策略名称为空时可成功新增权限策略","已有数据源「测试数据源_Doris」且连接正常<br>已执行以下SQL初始化测试数据：<br>CREATE DATABASE IF NOT EXISTS test_db;<br>USE test_db;<br>CREATE TABLE IF NOT EXISTS user_info(id BIGINT, name VARCHAR(100)) ENGINE=OLAP DUPLICATE KEY(id) DISTRIBUTED BY HASH(id) BUCKETS 1;<br>已有测试用户「testUser01」","1. 进入【数据安全-数据权限管理-权限分配】页面，点击【新增】按钮
2. 「策略名称」字段留空，不输入任何内容
3. 在「数据源」字段选择「测试数据源_Doris」
4. 在第1行「数据库」字段选择「test_db」，「数据表」保持默认「选择具体表」模式，选择「user_info」
5. 在「表权限」字段勾选「DQL」
6. 在「生效用户」字段选择「testUser01」
7. 在「有效期」字段选择「永久」
8. 点击【保存】按钮","1. 成功进入【权限分配-新增】页面，页面正常加载，展示策略名称、数据源、数据库/数据表等表单字段
2. 「策略名称」字段为空状态，无校验报错（该字段为非必填）
3. 「数据源」字段显示已选中「测试数据源_Doris」
4. 第1行「数据库」显示「test_db」，「数据表」显示已选中「user_info」
5. 「表权限」显示已勾选「DQL」
6. 「生效用户」显示已选中「testUser01」
7. 「有效期」显示为「永久」
8. 保存成功，页面跳转至权限分配列表页，列表新增一条记录，策略名称列为空","1. 
2. 
3. 
4. 
5. 
6. 
7. 
8.","","2","功能测试","功能测试阶段","正常","0","1","8","通过","向林","2026-03-18","","0000-00-00","1","",""
"181429","数据资产_STD(#23)","/版本迭代测试用例/v6.4.9/【数据资产】元数据、数据质量适配doris3.x(#10306)","","平台管理 数据源管理 验证「平台管理」中 Doris 3.x 数据源质量项目授权功能正常","1) 「公共管理-数据源中心」已存在Doris 3.x数据源${datasource1}<br>2) 「离线开发」已存在Meta标识的Doris 3.x数据源${datasource2}","1. 进入【数据资产】-【平台管理】-【数据源管理】页面
2. 点击「引入数据源」
3. 选择${datasource1}数据源后引入
4. 点击「质量项目授权」, 选择质量项目后确定
5. 选择${datasource2}数据源后引入
6. 点击「质量项目授权」, 选择质量项目后确定","1. 进入成功
2. 显示平台中所有还未被引入至资产平台的数据源
3. 成功引入至资产平台
4. 1) 质量项目授权成功
2) 资产平台其他模块都可以加载到该数据源
5. 成功引入至资产平台
6. 1) 质量项目授权成功
2) 资产平台其他模块都可以加载到该数据源","1. 
2. 
3. 
4. 
5. 
6.","","1","功能测试","功能测试阶段","正常","0","2","6","通过","向林","2026-03-18","","0000-00-00","1","",""
"181428","数据资产_STD(#23)","/版本迭代测试用例/v6.4.9/【数据资产】元数据、数据质量适配doris3.x(#10306)","","平台管理 数据源管理 验证 「元数据」中 Doris 3.x 从离线 Meta 到资产的自动引入与同步功能","控制台-多集群管理-计算组件中已配置Doris 3.x数据源","1. 进入【离线开发】页面, 点击创建项目, 「计算引擎」中对接Doris 3.x集群, 其他必填项正常填写后, 点击「创建项目」
2. 进入离线项目, 点击「数据源」
3. 进入【数据资产】-【平台管理】-【数据源管理】页面
4. 进入【数据资产】-【元数据】-【元数据同步】页面","1. 离线项目创建成功
2. 1) 从数据开发界面切换到数据源界面, 展示已对接的数据源列表
2) 存在带Meta标识的Doris 3.x数据源记录
3. 1) 进入成功
2) 资产平台自动引入离线平台中的带Meta标识的Doris 3.x数据源, 并且已授权给质量项目
4. 1) 进入成功
2) 自动为Doris 3.x数据源新增了一条周期同步任务, 并且自动「立即同步」一次
3) 周期同步任务配置为:
数据库: ${离线平台中创建项目时指定的项目标识}
数据表: 「全部」
调度周期为「周」","1. 
2. 
3. 
4.","","1","功能测试","功能测试阶段","正常","0","2","4","通过","向林","2026-03-18","","0000-00-00","1","",""
"181427","数据资产_STD(#23)","/版本迭代测试用例/v6.4.9/【数据资产】元数据、数据质量适配doris3.x(#10306)","","数据质量 脏数据管理 验证「脏数据管理」中 Doris 3.x 数据源处理脏数据功能正常","Doris 3.x 数据源已成功接入数据资产平台，并完成元数据同步配置；<br><br>建表语句如下:<br>CREATE TABLE IF NOT EXISTS vehicle_sales (<br>    sale_id BIGINT COMMENT &#039;销售记录ID&#039;,<br>    vin VARCHAR(17) COMMENT &#039;车辆VIN码&#039;,<br>    model_name VARCHAR(50) COMMENT &#039;车型名称&#039;,<br>    sale_price DECIMAL(18,2) COMMENT &#039;销售价格(万元)&#039;,<br>    sale_date DATE COMMENT &#039;销售日期&#039;,<br>    dealer_name VARCHAR(100) COMMENT &#039;经销商名称&#039;,<br>    customer_name VARCHAR(50) COMMENT &#039;客户姓名&#039;<br>)<br>ENGINE=OLAP<br>DUPLICATE KEY(sale_id)<br>DISTRIBUTED BY HASH(sale_id) BUCKETS 10<br>PROPERTIES (<br>    replication_num = 1);<br><br>INSERT INTO vehicle_sales VALUES <br>(1001, &#039;LFPHFDEB3R2S12345&#039;, &#039;岚图FREE&#039;, 31.88, &#039;2025-09-01&#039;, &#039;武汉岚图中心&#039;, &#039;张三&#039;),<br>(1002, &#039;LFPHFDEB3R2S12346&#039;, &#039;岚图梦想家&#039;, 45.99, &#039;2025-09-02&#039;, &#039;北京岚图体验店&#039;, &#039;李四&#039;);<br><br>INSERT INTO vehicle_sales VALUES <br>(1003, &#039;LFPHFDEB3R2S12347&#039;, &#039;岚图追光&#039;, -5.00, &#039;2025-09-03&#039;, &#039;上海岚图空间&#039;, &#039;王五&#039;),  -- 价格非法<br>(1004, &#039;&#039;, &#039;岚图FREE&#039;, 32.88, &#039;2025-09-04&#039;, &#039;广州岚图展厅&#039;, &#039;赵六&#039;);               -- VIN为空","1. 进入【数据资产】-【数据质量】-【脏数据管理】页面
2. 点击「编辑」按钮, 「数据存储时效」改为1天后确定
3. 进入「规则任务配置」页面, 点击「新建监控规则」按钮，进入监控规则配置页面
4. 配置「数据源」「数据库」「数据表」等信息，选择【完整性校验】规则
5. 「校验类型」选择「字段级」
「字段」选择「vin」
「统计函数」 选择「空值数」
「期望值」选择「=0」
「过滤条件」 无
「强弱规则」选择「弱规则」
「规则描述」输入「测试规则」
6. 保存后, 配置周期调度后完成新建监控规则
7. 立即执行
8. 第二天查看该脏数据表","1. 1) 进入成功
2) 授权的质量项目的数据源默认开启脏数据存储
2. 修改成功
3. 进入成功
4. 选择成功，展示【完整性校验】规则配置项
5. 配置完成
6. 规则添加成功
7. 1) 执行成功, 任务实例的状态由运行中 > 校验失败
2) 脏数据表生成，且表数据正确
8. 该脏数据表被删除","1. 
2. 
3. 
4. 
5. 
6. 
7. 
8.","","3","功能测试","功能测试阶段","正常","0","1","8","通过","向林","2026-03-18","","0000-00-00","1","",""
"181426","数据资产_STD(#23)","/版本迭代测试用例/v6.4.9/【数据资产】元数据、数据质量适配doris3.x(#10306)","","数据质量 质量报告 验证「质量报告」中 Doris 3.x 功能正常","无","1. 进入【数据资产】-【数据质量】-【规则任务配置】页面
2. 点击「新建监控规则」按钮，进入监控规则配置页面
3. 配置「数据源」「数据库」「数据表」等信息，选择【完整性校验】规则
4. 「校验类型」选择「表级」
「统计函数」 选择「表行数」
「过滤条件」 无
「校验方法」选择「固定值」
「期望值」选择「>5」
「强弱规则」选择「弱规则」
「规则描述」输入「测试规则」
5. 点击「保存」按钮
6. 点击「下一步」，配置「调度属性」
7. 点击「完成」按钮
8. 立即运行、周期运行
9. 进入【数据资产】-【数据质量】-【质量报告】页面
10. 点击查看报告","1. 进入成功
2. 进入成功
3. 选择成功，展示【完整性校验】规则配置项
4. 配置完成
5. 规则配置保存正确
6. 调度属性配置完成
7. 规则保存成功
8. 任务实例状态由「运行中」 > 「校验通过」
9. 任务运行完成后, 自动生成对应质量报告
10. 下钻到数据表质量报告页面, 数据显示正常","1. 
2. 
3. 
4. 
5. 
6. 
7. 
8. 
9. 
10.","","1","功能测试","功能测试阶段","正常","0","2","10","通过","向林","2026-03-18","","0000-00-00","1","",""
"181425","数据资产_STD(#23)","/版本迭代测试用例/v6.4.9/【数据资产】元数据、数据质量适配doris3.x(#10306)","","数据质量 质量报告 验证「质量报告」中 Doris 3.x 数据源质量报告的查询功能正常","无","1. 进入【数据资产】-【数据质量】-【质量报告】页面
2. 输入报告名称 ${name}, 进行查询
3. 置空所有查询条件, 输入表名${name3}, 修改人${person3}, 进行查询
4. 置空所有查询条件, 切换分页组件为「10条/页」
5. 点击页码
6. 点击“<”
7. 点击“>”
8. 切换每页展示数量","1. 进入成功
2. 查询出报告名称中所有包含${name}的记录
3. 查询出表名包含${name3}且最近修改人为${person3}的规则记录
4. 当前页面规则数量变更为10条
5. 跳转至对应的页码页面
6. 向前翻页
7. 向后翻页
8. 每页展示记录数为切换后的数量","1. 
2. 
3. 
4. 
5. 
6. 
7. 
8.","","2","功能测试","功能测试阶段","正常","0","1","8","通过","向林","2026-03-18","","0000-00-00","1","",""
"181424","数据资产_STD(#23)","/版本迭代测试用例/v6.4.9/【数据资产】元数据、数据质量适配doris3.x(#10306)","","数据质量 任务实例查询 验证「任务实例查询」中 Doris 3.x 数据源任务实例的查询功能正常","无","1. 进入【数据资产】-【数据质量】-【任务实例查询】页面
2. 输入表名/任务名称 ${name}, 进行查询
3. 置空所有查询条件, 输入不存在表名${name2}, 进行查询
4. 置空所有查询条件, 输入表名${name3}, 修改人${person3}, 进行查询
5. 置空所有查询条件, 勾选「我收藏的表」
6. 置空所有查询条件, 切换分页组件为「10条/页」
7. 点击页码
8. 点击“<”
9. 点击“>”
10. 切换每页展示数量","1. 进入成功
2. 查询出「表」的表名中所有包含${name}的规则记录
3. 显示「暂无数据」
4. 查询出表名包含${name3}且最近修改人为${person3}的规则记录
5. 查询出操作中仅为「取消收藏」的表
6. 当前页面规则数量变更为10条
7. 跳转至对应的页码页面
8. 向前翻页
9. 向后翻页
10. 每页展示记录数为切换后的数量","1. 
2. 
3. 
4. 
5. 
6. 
7. 
8. 
9. 
10.","","2","功能测试","功能测试阶段","正常","0","1","10","通过","向林","2026-03-18","","0000-00-00","1","",""
"181423","数据资产_STD(#23)","/版本迭代测试用例/v6.4.9/【数据资产】元数据、数据质量适配doris3.x(#10306)","","数据质量 规则任务配置 验证「规则任务配置」中 Doris 3.x 数据源规则任务的周期调度设置功能正常","「数据资产-平台管理-数据源管理」中已存在Doris 3.x数据源并且已授权.<br>数据源下存在Doirs表, 可进入离线平台中创建并执行DorisSQL任务:<br><br>DROP TABLE IF EXISTS vehicle_info_part6;<br><br>CREATE TABLE vehicle_info_part6 (<br>  vin           VARCHAR(64) COMMENT &#039;车辆唯一识别码&#039;,<br>  car_series    STRING COMMENT &#039;车系&#039;,<br>  car_power     STRING COMMENT &#039;动力类型&#039;,<br>  car_config    STRING COMMENT &#039;车型配置&#039;,<br>  car_endurance STRING COMMENT &#039;续航类型&#039;,<br>  drive_type    STRING COMMENT &#039;驱动形式&#039;,<br>  car_equipment STRING COMMENT &#039;车辆配置版本&#039;,<br>  is_certific   INT COMMENT &#039;是否认证&#039;,<br>  delivery_time DATE COMMENT &#039;交付日期&#039;<br>)<br>ENGINE=OLAP<br>DUPLICATE KEY(vin)<br>PARTITION BY RANGE(delivery_time) (<br>  PARTITION p20251001 VALUES [(&#039;2025-10-01&#039;), (&#039;2025-10-02&#039;)),<br>  PARTITION p20251002 VALUES [(&#039;2025-10-02&#039;), (&#039;2025-10-03&#039;))<br>)<br>DISTRIBUTED BY HASH(vin) BUCKETS 10<br>PROPERTIES (<br>  replication_num = 1<br>);<br>-- p20251001 分区（2025-10-01）<br>INSERT INTO vehicle_info_part6 VALUES<br>(&#039;LDP91C60PE200001&#039;,&#039;追光&#039;,&#039;EV&#039;,&#039;H53a&#039;,&#039;常规&#039;,&#039;四驱&#039;,&#039;N3&#039;,1,&#039;2025-10-01&#039;),<br>(&#039;LDP91C60PE200002&#039;,&#039;追光&#039;,&#039;EV&#039;,&#039;H53a&#039;,&#039;常规&#039;,&#039;四驱&#039;,&#039;N3&#039;,0,&#039;2025-10-01&#039;),<br>(&#039;LDP91C60PE200003&#039;,&#039;追光&#039;,&#039;EV&#039;,&#039;H53a&#039;,&#039;常规&#039;,&#039;四驱&#039;,&#039;N3&#039;,1,&#039;2025-10-01&#039;),<br>(&#039;LDP91C60PE200004&#039;,&#039;追光&#039;,&#039;EV&#039;,&#039;H53a&#039;,&#039;常规&#039;,&#039;四驱&#039;,&#039;N3&#039;,NULL,&#039;2025-10-01&#039;),<br>(&#039;LDP91C60PE200005&#039;,&#039;追光&#039;,&#039;EV&#039;,&#039;H53a&#039;,&#039;常规&#039;,&#039;四驱&#039;,&#039;N3&#039;,1,&#039;2025-10-01&#039;),<br>(&#039;LDP91C60PE200001&#039;,&#039;追光&#039;,&#039;EV&#039;,&#039;H53a&#039;,&#039;常规&#039;,&#039;四驱&#039;,&#039;N3&#039;,1,&#039;2025-10-01&#039;),<br>(&#039;LDP91C60PE200002&#039;,&#039;追光&#039;,&#039;EV&#039;,&#039;H53a&#039;,&#039;常规&#039;,&#039;四驱&#039;,&#039;N3&#039;,1,&#039;2025-10-01&#039;),<br>(&#039;LDP91C60PE200003&#039;,&#039;追光&#039;,&#039;EV&#039;,&#039;H53a&#039;,&#039;常规&#039;,&#039;四驱&#039;,&#039;N3&#039;,1,&#039;2025-10-01&#039;);<br><br>SELECT * FROM vehicle_info_part6;","1. 进入【数据资产】-【数据质量】-【规则任务配置】页面
2. 点击「新建监控规则」按钮，进入监控规则配置页面
3. 配置「数据源」「数据库」「数据表」等信息，选择【完整性校验】规则
4. 「校验类型」选择「表级」
「统计函数」 选择「表行数」
「过滤条件」 无
「校验方法」选择「固定值」
「期望值」选择「>5」
「强弱规则」选择「弱规则」
「规则描述」输入「测试规则」
5. 点击「保存」按钮
6. 点击「下一步」，保持默认「调度配置」
7. 点击「保存」按钮
8. 等待周期运行","1. 进入成功
2. 进入成功
3. 选择成功，展示【完整性校验】规则配置项
4. 配置完成
5. 规则配置保存正确
6. 调度属性配置完成
7. 规则保存成功
8. T+1 00:00 生成任务实例, 状态由「运行中」 > 「校验通过」","1. 
2. 
3. 
4. 
5. 
6. 
7. 
8.","","1","功能测试","功能测试阶段","正常","0","2","8","通过","向林","2026-03-18","","0000-00-00","1","",""
"181422","数据资产_STD(#23)","/版本迭代测试用例/v6.4.9/【数据资产】元数据、数据质量适配doris3.x(#10306)","","数据质量 规则任务配置 验证「规则任务配置」中 Doris 3.x 数据源规则任务的删除功能正常","已存在至少一条规则任务","1. 进入【数据资产】-【数据质量】-【规则任务配置】页面
2. 选择一条规则任务, 点击删除按钮","1. 进入成功
2. 删除成功","1. 
2.","","3","功能测试","功能测试阶段","正常","0","1","2","通过","向林","2026-03-18","","0000-00-00","1","",""
"181421","数据资产_STD(#23)","/版本迭代测试用例/v6.4.9/【数据资产】元数据、数据质量适配doris3.x(#10306)","","数据质量 规则任务配置 验证「规则任务配置」中 Doris 3.x 数据源规则任务的查询功能正常","已存在不同表名的规则任务>=11个","1. 进入【数据资产】-【数据质量】-【规则任务配置】页面
2. 输入表名${name}, 进行查询
3. 置空所有查询条件, 输入不存在表名${name2}, 进行查询
4. 置空所有查询条件, 输入表名${name3}, 修改人${person3}, 进行查询
5. 置空所有查询条件, 勾选「我收藏的表」
6. 置空所有查询条件, 切换分页组件为「10条/页」
7. 点击页码
8. 点击“<”
9. 点击“>”
10. 切换每页展示数量","1. 进入成功
2. 查询出「表」的表名中所有包含${name}的规则记录
3. 显示「暂无数据」
4. 查询出表名包含${name3}且最近修改人为${person3}的规则记录
5. 查询出操作中仅为「取消收藏」的表
6. 当前页面规则数量变更为10条
7. 跳转至对应的页码页面
8. 向前翻页
9. 向后翻页
10. 每页展示记录数为切换后的数量","1. 
2. 
3. 
4. 
5. 
6. 
7. 
8. 
9. 
10.","","3","功能测试","功能测试阶段","正常","0","1","10","通过","向林","2026-03-18","","0000-00-00","1","",""
"181420","数据资产_STD(#23)","/版本迭代测试用例/v6.4.9/【数据资产】元数据、数据质量适配doris3.x(#10306)","","数据质量 规则任务配置 验证「规则任务配置」中 Doris 3.x 数据源规则任务的编辑功能正常","「规则任务配置」页面已存在一条「完整性校验-单表校验」规则配置记录${rule}","1. 进入【数据资产】-【数据质量】-【规则任务配置】页面
2. 选择规则${rule}, 点击「编辑」
3. 点击「下一步」
4. 编辑「完整性校验」规则:
「校验类型」选择「单表」
「统计函数」 选择「表行数」
「过滤条件」 无
「校验方法」选择「固定值」
「期望值」选择「<5」
「强弱规则」选择「弱规则」
「规则描述」输入「测试规则」
5. 点击「保存」按钮
6. 点击「下一步」, 点击「完成」
7. 立即运行、周期运行","1. 进入成功
2. 进入编辑页面的「监控对象」部分
1) 配置项回显内容为${最近保存的数据}
2)支持修改规则名称
3) 数据源/库/表呈现置灰状态, 不支持修改
3. 进入编辑页面的「监控规则」部分
1) 配置项回显内容为${最近保存的数据}
2)所有选项均支持修改
4. 配置完成
5. 规则配置保存正确
6. 规则编辑成功
7. 任务实例状态由「运行中」 > 「校验异常」","1. 
2. 
3. 
4. 
5. 
6. 
7.","","3","功能测试","功能测试阶段","正常","0","1","7","通过","向林","2026-03-18","","0000-00-00","1","",""
"181419","数据资产_STD(#23)","/版本迭代测试用例/v6.4.9/【数据资产】元数据、数据质量适配doris3.x(#10306)","","数据质量 规则任务配置 验证「规则任务配置」中 Doris 3.x 数据源「规则集」功能正常","「数据资产-平台管理-数据源管理」中已存在Doris 3.x数据源并且已授权.<br>数据源下存在Doirs表, 可进入离线平台中创建并执行DorisSQL任务:<br><br>DROP TABLE IF EXISTS vehicle_info_part1;<br><br>CREATE TABLE vehicle_info_part1 (<br>  vin           VARCHAR(64) COMMENT &#039;车辆唯一识别码&#039;,<br>  car_series    STRING COMMENT &#039;车系&#039;,<br>  car_power     STRING COMMENT &#039;动力类型&#039;,<br>  car_config    STRING COMMENT &#039;车型配置&#039;,<br>  car_endurance STRING COMMENT &#039;续航类型&#039;,<br>  drive_type    STRING COMMENT &#039;驱动形式&#039;,<br>  car_equipment STRING COMMENT &#039;车辆配置版本&#039;,<br>  is_certific   INT COMMENT &#039;是否认证&#039;,<br>  delivery_time DATE COMMENT &#039;交付日期&#039;<br>)<br>ENGINE=OLAP<br>DUPLICATE KEY(vin)<br>PARTITION BY RANGE(delivery_time) (<br>  PARTITION p20251001 VALUES [(&#039;2025-10-01&#039;), (&#039;2025-10-02&#039;)),<br>  PARTITION p20251002 VALUES [(&#039;2025-10-02&#039;), (&#039;2025-10-03&#039;))<br>)<br>DISTRIBUTED BY HASH(vin) BUCKETS 10<br>PROPERTIES (<br>  replication_num = 1<br>);<br>-- p20251001 分区（2025-10-01）<br>INSERT INTO vehicle_info_part1 VALUES<br>(&#039;LDP91C60PE200001&#039;,&#039;追光&#039;,&#039;EV&#039;,&#039;H53a&#039;,&#039;常规&#039;,&#039;四驱&#039;,&#039;N3&#039;,1,&#039;2025-10-01&#039;),<br>(&#039;LDP91C60PE200002&#039;,&#039;追光&#039;,&#039;EV&#039;,&#039;H53a&#039;,&#039;常规&#039;,&#039;四驱&#039;,&#039;N3&#039;,0,&#039;2025-10-01&#039;),<br>(&#039;LDP91C60PE200003&#039;,&#039;追光&#039;,&#039;EV&#039;,&#039;H53a&#039;,&#039;常规&#039;,&#039;四驱&#039;,&#039;N3&#039;,1,&#039;2025-10-01&#039;),<br>(&#039;LDP91C60PE200004&#039;,&#039;追光&#039;,&#039;EV&#039;,&#039;H53a&#039;,&#039;常规&#039;,&#039;四驱&#039;,&#039;N3&#039;,NULL,&#039;2025-10-01&#039;),<br>(&#039;LDP91C60PE200005&#039;,&#039;追光&#039;,&#039;EV&#039;,&#039;H53a&#039;,&#039;常规&#039;,&#039;四驱&#039;,&#039;N3&#039;,1,&#039;2025-10-01&#039;);<br><br>-- p20251002 分区（2025-10-02）<br>INSERT INTO vehicle_info_part1 VALUES<br>(&#039;LDP91C60PE200006&#039;,&#039;追光&#039;,&#039;EV&#039;,&#039;H53a&#039;,&#039;长续航&#039;,&#039;四驱&#039;,&#039;N3&#039;,1,&#039;2025-10-02&#039;),<br>(&#039;LDP91C60PE200007&#039;,&#039;追光&#039;,&#039;EV&#039;,&#039;H53a&#039;,&#039;长续航&#039;,&#039;两驱&#039;,&#039;N5&#039;,1,&#039;2025-10-02&#039;),<br>(&#039;LDP91C60PE200008&#039;,&#039;梦想家&#039;,&#039;PHEV&#039;,&#039;H72&#039;,&#039;常规&#039;,&#039;四驱&#039;,&#039;N3&#039;,0,&#039;2025-10-02&#039;),<br>(&#039;LDP91C60PE200009&#039;,&#039;梦想家&#039;,&#039;PHEV&#039;,&#039;H72&#039;,&#039;常规&#039;,&#039;四驱&#039;,&#039;N5&#039;,1,&#039;2025-10-02&#039;),<br>(&#039;LDP91C60PE200010&#039;,&#039;梦想家&#039;,&#039;PHEV&#039;,&#039;H72&#039;,&#039;长续航&#039;,&#039;两驱&#039;,&#039;N3&#039;,1,&#039;2025-10-02&#039;);<br><br>SELECT * FROM vehicle_info_part1;<br><br><br>DROP TABLE IF EXISTS vehicle_info_part2;<br><br>CREATE TABLE vehicle_info_part2 (<br>  vin           VARCHAR(64) COMMENT &#039;车辆唯一识别码&#039;,<br>  car_series    STRING COMMENT &#039;车系&#039;,<br>  car_power     STRING COMMENT &#039;动力类型&#039;,<br>  car_config    STRING COMMENT &#039;车型配置&#039;,<br>  car_endurance STRING COMMENT &#039;续航类型&#039;,<br>  drive_type    STRING COMMENT &#039;驱动形式&#039;,<br>  car_equipment STRING COMMENT &#039;车辆配置版本&#039;,<br>  is_certific   INT COMMENT &#039;是否认证&#039;,<br>  delivery_time DATE COMMENT &#039;交付日期&#039;<br>)<br>ENGINE=OLAP<br>DUPLICATE KEY(vin)<br>PARTITION BY RANGE(delivery_time) (<br>  PARTITION p20251003 VALUES [(&#039;2025-10-03&#039;), (&#039;2025-10-04&#039;)),<br>  PARTITION p20251004 VALUES [(&#039;2025-10-04&#039;), (&#039;2025-10-05&#039;))<br>)<br>DISTRIBUTED BY HASH(vin) BUCKETS 10<br>PROPERTIES (<br>  replication_num = 1<br>);<br>-- p20251003 分区（2025-10-03）<br>INSERT INTO vehicle_info_part2 VALUES<br>(&#039;LDP91C60PE200001&#039;,&#039;追光&#039;,&#039;PHEV&#039;,&#039;H53a&#039;,&#039;常规&#039;,&#039;四驱&#039;,&#039;N3&#039;,1,&#039;2025-10-03&#039;),<br>(&#039;LDP91C60PE200002&#039;,&#039;追光&#039;,&#039;EV&#039;,&#039;H53a&#039;,&#039;常规&#039;,&#039;四驱&#039;,&#039;N3&#039;,0,&#039;2025-10-03&#039;),<br>(&#039;LDP91C60PE200003&#039;,&#039;追光&#039;,&#039;EV&#039;,&#039;H53a&#039;,&#039;常规&#039;,&#039;四驱&#039;,&#039;N3&#039;,1,&#039;2025-10-03&#039;),<br>(&#039;LDP91C60PE200004&#039;,&#039;追光&#039;,&#039;EV&#039;,&#039;H53a&#039;,&#039;常规&#039;,&#039;四驱&#039;,&#039;N3&#039;,NULL,&#039;2025-10-03&#039;),<br>(&#039;LDP91C60PE200005&#039;,&#039;追光&#039;,&#039;EV&#039;,&#039;H53a&#039;,&#039;常规&#039;,&#039;四驱&#039;,&#039;N3&#039;,1,&#039;2025-10-03&#039;);<br><br>-- p20251004 分区（2025-10-04）<br>INSERT INTO vehicle_info_part2 VALUES<br>(&#039;LDP91C60PE200006&#039;,&#039;追光&#039;,&#039;EV&#039;,&#039;H53a&#039;,&#039;长续航&#039;,&#039;四驱&#039;,&#039;N3&#039;,1,&#039;2025-10-04&#039;),<br>(&#039;LDP91C60PE200007&#039;,&#039;追光&#039;,&#039;EV&#039;,&#039;H53a&#039;,&#039;长续航&#039;,&#039;两驱&#039;,&#039;N5&#039;,1,&#039;2025-10-04&#039;),<br>(&#039;LDP91C60PE200008&#039;,&#039;梦想家&#039;,&#039;PHEV&#039;,&#039;H72&#039;,&#039;常规&#039;,&#039;四驱&#039;,&#039;N3&#039;,0,&#039;2025-10-04&#039;),<br>(&#039;LDP91C60PE200009&#039;,&#039;梦想家&#039;,&#039;PHEV&#039;,&#039;H72&#039;,&#039;常规&#039;,&#039;四驱&#039;,&#039;N5&#039;,1,&#039;2025-10-04&#039;),<br>(&#039;LDP91C60PE200010&#039;,&#039;梦想家&#039;,&#039;PHEV&#039;,&#039;H72&#039;,&#039;长续航&#039;,&#039;两驱&#039;,&#039;N3&#039;,1,&#039;2025-10-04&#039;),<br>(&#039;LDP91C60PE200011&#039;,&#039;梦想家&#039;,&#039;PHEV&#039;,&#039;H72&#039;,&#039;长续航&#039;,&#039;两驱&#039;,&#039;N3&#039;,1,&#039;2025-10-04&#039;);<br><br><br>SELECT * FROM vehicle_info_part2;","1. 进入【数据资产】-【数据质量】-【规则任务配置】页面
2. 点击【新建规则集】按钮，配置基础信息
3. 导入规则集文件，点击【下一步】按钮
4. 点击【完成】按钮保存规则集
5. 选择该规则集，点击【立即运行】按钮，等待任务执行完成","1. 成功进入【规则任务配置】页面，页面内容正常加载显示，无报错
2. 进入规则集配置页面
3. 规则集文件导入成功，显示规则内容
4. 规则集保存成功
5. 任务执行完成，校验结果为「不通过」","1. 
2. 
3. 
4. 
5.","","1","功能测试","功能测试阶段","正常","0","2","5","通过","向林","2026-03-18","","0000-00-00","1","",""
"181418","数据资产_STD(#23)","/版本迭代测试用例/v6.4.9/【数据资产】元数据、数据质量适配doris3.x(#10306)","","数据质量 规则任务配置 验证「规则任务配置」中 Doris 3.x 数据源「多表比对规则」功能正常","「数据资产-平台管理-数据源管理」中已存在Doris 3.x数据源并且已授权.<br>数据源下存在Doirs表, 可进入离线平台中创建并执行DorisSQL任务:<br><br>DROP TABLE IF EXISTS vehicle_info_part1;<br><br>CREATE TABLE vehicle_info_part1 (<br>  vin           VARCHAR(64) COMMENT &#039;车辆唯一识别码&#039;,<br>  car_series    STRING COMMENT &#039;车系&#039;,<br>  car_power     STRING COMMENT &#039;动力类型&#039;,<br>  car_config    STRING COMMENT &#039;车型配置&#039;,<br>  car_endurance STRING COMMENT &#039;续航类型&#039;,<br>  drive_type    STRING COMMENT &#039;驱动形式&#039;,<br>  car_equipment STRING COMMENT &#039;车辆配置版本&#039;,<br>  is_certific   INT COMMENT &#039;是否认证&#039;,<br>  delivery_time DATE COMMENT &#039;交付日期&#039;<br>)<br>ENGINE=OLAP<br>DUPLICATE KEY(vin)<br>PARTITION BY RANGE(delivery_time) (<br>  PARTITION p20251001 VALUES [(&#039;2025-10-01&#039;), (&#039;2025-10-02&#039;)),<br>  PARTITION p20251002 VALUES [(&#039;2025-10-02&#039;), (&#039;2025-10-03&#039;))<br>)<br>DISTRIBUTED BY HASH(vin) BUCKETS 10<br>PROPERTIES (<br>  replication_num = 1<br>);<br>-- p20251001 分区（2025-10-01）<br>INSERT INTO vehicle_info_part1 VALUES<br>(&#039;LDP91C60PE200001&#039;,&#039;追光&#039;,&#039;EV&#039;,&#039;H53a&#039;,&#039;常规&#039;,&#039;四驱&#039;,&#039;N3&#039;,1,&#039;2025-10-01&#039;),<br>(&#039;LDP91C60PE200002&#039;,&#039;追光&#039;,&#039;EV&#039;,&#039;H53a&#039;,&#039;常规&#039;,&#039;四驱&#039;,&#039;N3&#039;,0,&#039;2025-10-01&#039;),<br>(&#039;LDP91C60PE200003&#039;,&#039;追光&#039;,&#039;EV&#039;,&#039;H53a&#039;,&#039;常规&#039;,&#039;四驱&#039;,&#039;N3&#039;,1,&#039;2025-10-01&#039;),<br>(&#039;LDP91C60PE200004&#039;,&#039;追光&#039;,&#039;EV&#039;,&#039;H53a&#039;,&#039;常规&#039;,&#039;四驱&#039;,&#039;N3&#039;,NULL,&#039;2025-10-01&#039;),<br>(&#039;LDP91C60PE200005&#039;,&#039;追光&#039;,&#039;EV&#039;,&#039;H53a&#039;,&#039;常规&#039;,&#039;四驱&#039;,&#039;N3&#039;,1,&#039;2025-10-01&#039;);<br><br>-- p20251002 分区（2025-10-02）<br>INSERT INTO vehicle_info_part1 VALUES<br>(&#039;LDP91C60PE200006&#039;,&#039;追光&#039;,&#039;EV&#039;,&#039;H53a&#039;,&#039;长续航&#039;,&#039;四驱&#039;,&#039;N3&#039;,1,&#039;2025-10-02&#039;),<br>(&#039;LDP91C60PE200007&#039;,&#039;追光&#039;,&#039;EV&#039;,&#039;H53a&#039;,&#039;长续航&#039;,&#039;两驱&#039;,&#039;N5&#039;,1,&#039;2025-10-02&#039;),<br>(&#039;LDP91C60PE200008&#039;,&#039;梦想家&#039;,&#039;PHEV&#039;,&#039;H72&#039;,&#039;常规&#039;,&#039;四驱&#039;,&#039;N3&#039;,0,&#039;2025-10-02&#039;),<br>(&#039;LDP91C60PE200009&#039;,&#039;梦想家&#039;,&#039;PHEV&#039;,&#039;H72&#039;,&#039;常规&#039;,&#039;四驱&#039;,&#039;N5&#039;,1,&#039;2025-10-02&#039;),<br>(&#039;LDP91C60PE200010&#039;,&#039;梦想家&#039;,&#039;PHEV&#039;,&#039;H72&#039;,&#039;长续航&#039;,&#039;两驱&#039;,&#039;N3&#039;,1,&#039;2025-10-02&#039;);<br><br>SELECT * FROM vehicle_info_part1;<br><br><br>DROP TABLE IF EXISTS vehicle_info_part2;<br><br>CREATE TABLE vehicle_info_part2 (<br>  vin           VARCHAR(64) COMMENT &#039;车辆唯一识别码&#039;,<br>  car_series    STRING COMMENT &#039;车系&#039;,<br>  car_power     STRING COMMENT &#039;动力类型&#039;,<br>  car_config    STRING COMMENT &#039;车型配置&#039;,<br>  car_endurance STRING COMMENT &#039;续航类型&#039;,<br>  drive_type    STRING COMMENT &#039;驱动形式&#039;,<br>  car_equipment STRING COMMENT &#039;车辆配置版本&#039;,<br>  is_certific   INT COMMENT &#039;是否认证&#039;,<br>  delivery_time DATE COMMENT &#039;交付日期&#039;<br>)<br>ENGINE=OLAP<br>DUPLICATE KEY(vin)<br>PARTITION BY RANGE(delivery_time) (<br>  PARTITION p20251003 VALUES [(&#039;2025-10-03&#039;), (&#039;2025-10-04&#039;)),<br>  PARTITION p20251004 VALUES [(&#039;2025-10-04&#039;), (&#039;2025-10-05&#039;))<br>)<br>DISTRIBUTED BY HASH(vin) BUCKETS 10<br>PROPERTIES (<br>  replication_num = 1<br>);<br>-- p20251003 分区（2025-10-03）<br>INSERT INTO vehicle_info_part2 VALUES<br>(&#039;LDP91C60PE200001&#039;,&#039;追光&#039;,&#039;PHEV&#039;,&#039;H53a&#039;,&#039;常规&#039;,&#039;四驱&#039;,&#039;N3&#039;,1,&#039;2025-10-03&#039;),<br>(&#039;LDP91C60PE200002&#039;,&#039;追光&#039;,&#039;EV&#039;,&#039;H53a&#039;,&#039;常规&#039;,&#039;四驱&#039;,&#039;N3&#039;,0,&#039;2025-10-03&#039;),<br>(&#039;LDP91C60PE200003&#039;,&#039;追光&#039;,&#039;EV&#039;,&#039;H53a&#039;,&#039;常规&#039;,&#039;四驱&#039;,&#039;N3&#039;,1,&#039;2025-10-03&#039;),<br>(&#039;LDP91C60PE200004&#039;,&#039;追光&#039;,&#039;EV&#039;,&#039;H53a&#039;,&#039;常规&#039;,&#039;四驱&#039;,&#039;N3&#039;,NULL,&#039;2025-10-03&#039;),<br>(&#039;LDP91C60PE200005&#039;,&#039;追光&#039;,&#039;EV&#039;,&#039;H53a&#039;,&#039;常规&#039;,&#039;四驱&#039;,&#039;N3&#039;,1,&#039;2025-10-03&#039;);<br><br>-- p20251004 分区（2025-10-04）<br>INSERT INTO vehicle_info_part2 VALUES<br>(&#039;LDP91C60PE200006&#039;,&#039;追光&#039;,&#039;EV&#039;,&#039;H53a&#039;,&#039;长续航&#039;,&#039;四驱&#039;,&#039;N3&#039;,1,&#039;2025-10-04&#039;),<br>(&#039;LDP91C60PE200007&#039;,&#039;追光&#039;,&#039;EV&#039;,&#039;H53a&#039;,&#039;长续航&#039;,&#039;两驱&#039;,&#039;N5&#039;,1,&#039;2025-10-04&#039;),<br>(&#039;LDP91C60PE200008&#039;,&#039;梦想家&#039;,&#039;PHEV&#039;,&#039;H72&#039;,&#039;常规&#039;,&#039;四驱&#039;,&#039;N3&#039;,0,&#039;2025-10-04&#039;),<br>(&#039;LDP91C60PE200009&#039;,&#039;梦想家&#039;,&#039;PHEV&#039;,&#039;H72&#039;,&#039;常规&#039;,&#039;四驱&#039;,&#039;N5&#039;,1,&#039;2025-10-04&#039;),<br>(&#039;LDP91C60PE200010&#039;,&#039;梦想家&#039;,&#039;PHEV&#039;,&#039;H72&#039;,&#039;长续航&#039;,&#039;两驱&#039;,&#039;N3&#039;,1,&#039;2025-10-04&#039;),<br>(&#039;LDP91C60PE200011&#039;,&#039;梦想家&#039;,&#039;PHEV&#039;,&#039;H72&#039;,&#039;长续航&#039;,&#039;两驱&#039;,&#039;N3&#039;,1,&#039;2025-10-04&#039;);<br><br><br>SELECT * FROM vehicle_info_part2;","1. 进入【数据资产】-【数据质量】-【规则任务配置】页面
2. 点击【新建监控规则】按钮，选择「多表比对」规则类型
3. 配置源表和目标表，选择比对字段和比对规则
4. 点击【下一步】按钮, 点击【完成】按钮保存规则
5. 选择该规则，点击【立即运行】按钮，等待任务执行完成","1. 成功进入【规则任务配置】页面，页面内容正常加载显示，无报错
2. 进入多表比对规则配置页面
3. 源表和目标表配置成功
4. 规则保存成功
5. 任务执行完成，校验结果为「不通过」","1. 
2. 
3. 
4. 
5.","","1","功能测试","功能测试阶段","正常","0","2","5","通过","向林","2026-03-18","","0000-00-00","1","",""
"181417","数据资产_STD(#23)","/版本迭代测试用例/v6.4.9/【数据资产】元数据、数据质量适配doris3.x(#10306)","","数据质量 规则任务配置 验证「规则任务配置」中 Doris 3.x 数据源「自定义SQL」功能正常","「数据资产-平台管理-数据源管理」中已存在Doris 3.x数据源并且已授权.<br>数据源下存在Doirs表, 可进入离线平台中创建并执行DorisSQL任务:<br><br>DROP TABLE IF EXISTS vehicle_info_part1;<br><br>CREATE TABLE vehicle_info_part1 (<br>  vin           VARCHAR(64) COMMENT &#039;车辆唯一识别码&#039;,<br>  car_series    STRING COMMENT &#039;车系&#039;,<br>  car_power     STRING COMMENT &#039;动力类型&#039;,<br>  car_config    STRING COMMENT &#039;车型配置&#039;,<br>  car_endurance STRING COMMENT &#039;续航类型&#039;,<br>  drive_type    STRING COMMENT &#039;驱动形式&#039;,<br>  car_equipment STRING COMMENT &#039;车辆配置版本&#039;,<br>  is_certific   INT COMMENT &#039;是否认证&#039;,<br>  delivery_time DATE COMMENT &#039;交付日期&#039;<br>)<br>ENGINE=OLAP<br>DUPLICATE KEY(vin)<br>PARTITION BY RANGE(delivery_time) (<br>  PARTITION p20251001 VALUES [(&#039;2025-10-01&#039;), (&#039;2025-10-02&#039;)),<br>  PARTITION p20251002 VALUES [(&#039;2025-10-02&#039;), (&#039;2025-10-03&#039;))<br>)<br>DISTRIBUTED BY HASH(vin) BUCKETS 10<br>PROPERTIES (<br>  replication_num = 1<br>);<br>-- p20251001 分区（2025-10-01）<br>INSERT INTO vehicle_info_part1 VALUES<br>(&#039;LDP91C60PE200001&#039;,&#039;追光&#039;,&#039;EV&#039;,&#039;H53a&#039;,&#039;常规&#039;,&#039;四驱&#039;,&#039;N3&#039;,1,&#039;2025-10-01&#039;),<br>(&#039;LDP91C60PE200002&#039;,&#039;追光&#039;,&#039;EV&#039;,&#039;H53a&#039;,&#039;常规&#039;,&#039;四驱&#039;,&#039;N3&#039;,0,&#039;2025-10-01&#039;),<br>(&#039;LDP91C60PE200003&#039;,&#039;追光&#039;,&#039;EV&#039;,&#039;H53a&#039;,&#039;常规&#039;,&#039;四驱&#039;,&#039;N3&#039;,1,&#039;2025-10-01&#039;),<br>(&#039;LDP91C60PE200004&#039;,&#039;追光&#039;,&#039;EV&#039;,&#039;H53a&#039;,&#039;常规&#039;,&#039;四驱&#039;,&#039;N3&#039;,NULL,&#039;2025-10-01&#039;),<br>(&#039;LDP91C60PE200005&#039;,&#039;追光&#039;,&#039;EV&#039;,&#039;H53a&#039;,&#039;常规&#039;,&#039;四驱&#039;,&#039;N3&#039;,1,&#039;2025-10-01&#039;);<br><br>-- p20251002 分区（2025-10-02）<br>INSERT INTO vehicle_info_part1 VALUES<br>(&#039;LDP91C60PE200006&#039;,&#039;追光&#039;,&#039;EV&#039;,&#039;H53a&#039;,&#039;长续航&#039;,&#039;四驱&#039;,&#039;N3&#039;,1,&#039;2025-10-02&#039;),<br>(&#039;LDP91C60PE200007&#039;,&#039;追光&#039;,&#039;EV&#039;,&#039;H53a&#039;,&#039;长续航&#039;,&#039;两驱&#039;,&#039;N5&#039;,1,&#039;2025-10-02&#039;),<br>(&#039;LDP91C60PE200008&#039;,&#039;梦想家&#039;,&#039;PHEV&#039;,&#039;H72&#039;,&#039;常规&#039;,&#039;四驱&#039;,&#039;N3&#039;,0,&#039;2025-10-02&#039;),<br>(&#039;LDP91C60PE200009&#039;,&#039;梦想家&#039;,&#039;PHEV&#039;,&#039;H72&#039;,&#039;常规&#039;,&#039;四驱&#039;,&#039;N5&#039;,1,&#039;2025-10-02&#039;),<br>(&#039;LDP91C60PE200010&#039;,&#039;梦想家&#039;,&#039;PHEV&#039;,&#039;H72&#039;,&#039;长续航&#039;,&#039;两驱&#039;,&#039;N3&#039;,1,&#039;2025-10-02&#039;);<br><br>SELECT * FROM vehicle_info_part1;<br><br><br>DROP TABLE IF EXISTS vehicle_info_part2;<br><br>CREATE TABLE vehicle_info_part2 (<br>  vin           VARCHAR(64) COMMENT &#039;车辆唯一识别码&#039;,<br>  car_series    STRING COMMENT &#039;车系&#039;,<br>  car_power     STRING COMMENT &#039;动力类型&#039;,<br>  car_config    STRING COMMENT &#039;车型配置&#039;,<br>  car_endurance STRING COMMENT &#039;续航类型&#039;,<br>  drive_type    STRING COMMENT &#039;驱动形式&#039;,<br>  car_equipment STRING COMMENT &#039;车辆配置版本&#039;,<br>  is_certific   INT COMMENT &#039;是否认证&#039;,<br>  delivery_time DATE COMMENT &#039;交付日期&#039;<br>)<br>ENGINE=OLAP<br>DUPLICATE KEY(vin)<br>PARTITION BY RANGE(delivery_time) (<br>  PARTITION p20251003 VALUES [(&#039;2025-10-03&#039;), (&#039;2025-10-04&#039;)),<br>  PARTITION p20251004 VALUES [(&#039;2025-10-04&#039;), (&#039;2025-10-05&#039;))<br>)<br>DISTRIBUTED BY HASH(vin) BUCKETS 10<br>PROPERTIES (<br>  replication_num = 1<br>);<br>-- p20251003 分区（2025-10-03）<br>INSERT INTO vehicle_info_part2 VALUES<br>(&#039;LDP91C60PE200001&#039;,&#039;追光&#039;,&#039;PHEV&#039;,&#039;H53a&#039;,&#039;常规&#039;,&#039;四驱&#039;,&#039;N3&#039;,1,&#039;2025-10-03&#039;),<br>(&#039;LDP91C60PE200002&#039;,&#039;追光&#039;,&#039;EV&#039;,&#039;H53a&#039;,&#039;常规&#039;,&#039;四驱&#039;,&#039;N3&#039;,0,&#039;2025-10-03&#039;),<br>(&#039;LDP91C60PE200003&#039;,&#039;追光&#039;,&#039;EV&#039;,&#039;H53a&#039;,&#039;常规&#039;,&#039;四驱&#039;,&#039;N3&#039;,1,&#039;2025-10-03&#039;),<br>(&#039;LDP91C60PE200004&#039;,&#039;追光&#039;,&#039;EV&#039;,&#039;H53a&#039;,&#039;常规&#039;,&#039;四驱&#039;,&#039;N3&#039;,NULL,&#039;2025-10-03&#039;),<br>(&#039;LDP91C60PE200005&#039;,&#039;追光&#039;,&#039;EV&#039;,&#039;H53a&#039;,&#039;常规&#039;,&#039;四驱&#039;,&#039;N3&#039;,1,&#039;2025-10-03&#039;);<br><br>-- p20251004 分区（2025-10-04）<br>INSERT INTO vehicle_info_part2 VALUES<br>(&#039;LDP91C60PE200006&#039;,&#039;追光&#039;,&#039;EV&#039;,&#039;H53a&#039;,&#039;长续航&#039;,&#039;四驱&#039;,&#039;N3&#039;,1,&#039;2025-10-04&#039;),<br>(&#039;LDP91C60PE200007&#039;,&#039;追光&#039;,&#039;EV&#039;,&#039;H53a&#039;,&#039;长续航&#039;,&#039;两驱&#039;,&#039;N5&#039;,1,&#039;2025-10-04&#039;),<br>(&#039;LDP91C60PE200008&#039;,&#039;梦想家&#039;,&#039;PHEV&#039;,&#039;H72&#039;,&#039;常规&#039;,&#039;四驱&#039;,&#039;N3&#039;,0,&#039;2025-10-04&#039;),<br>(&#039;LDP91C60PE200009&#039;,&#039;梦想家&#039;,&#039;PHEV&#039;,&#039;H72&#039;,&#039;常规&#039;,&#039;四驱&#039;,&#039;N5&#039;,1,&#039;2025-10-04&#039;),<br>(&#039;LDP91C60PE200010&#039;,&#039;梦想家&#039;,&#039;PHEV&#039;,&#039;H72&#039;,&#039;长续航&#039;,&#039;两驱&#039;,&#039;N3&#039;,1,&#039;2025-10-04&#039;),<br>(&#039;LDP91C60PE200011&#039;,&#039;梦想家&#039;,&#039;PHEV&#039;,&#039;H72&#039;,&#039;长续航&#039;,&#039;两驱&#039;,&#039;N3&#039;,1,&#039;2025-10-04&#039;);<br><br><br>SELECT * FROM vehicle_info_part2;","1. 进入【数据资产】-【数据质量】-【规则任务配置】页面
2. 点击「新建监控规则」按钮，进入监控规则配置页面
3. 配置「数据源」「数据库」「数据表」vehicle_info_part1等信息，选择【自定义SQL】规则
4. 「sql」输入「SELECT * FROM vehicle_info_part1 WHERE is_certific IS NULL;」
「校验方法」选择「固定值」
「期望值」选择「=1」
「强弱规则」选择「弱规则」
「规则描述」输入「测试规则」
5. 点击「保存」按钮
6. 点击「下一步」，配置「调度属性」
7. 点击「完成」按钮
8. 立即运行、周期运行
9. 进入「规则任务配置」页面, 重新编辑任务规则:
「期望值」改为「=0」
其他保持不变, 重新运行
10. 点击「查看明细」
11. 进入「离线开发-周期任务」页面, 执行DROP语句删除vehicle_info_part1表后, 返回资产平台重新运行规则任务
12. 点击「查看日志」","1. 进入成功
2. 进入成功
3. 选择成功，展示【自定义SQL】规则配置项
4. 配置完成
5. 规则配置保存正确
6. 调度属性配置完成
7. 规则保存成功
8. 任务实例状态由「运行中」 > 「校验通过」
1) 任务实例详情弹窗中存在「校验通过」的标识
2) 不记录明细数据；
9. 1) 任务实例状态由「运行中」 > 「校验异常」
2) 任务实例详情页面显示「校验未通过」标识, 可支持查看明细, 明细按照表和校验字段记录不符合规则的数值
10. 展示校验表明细数据
11. 1) 任务实例状态由「运行中」 > 「校验异常」
2) 任务实例详情页面显示「校验失败」标识, 可支持查看日志
12. 表已删除, Unknown table 'test_iqr_outliers'","1. 
2. 
3. 
4. 
5. 
6. 
7. 
8. 
9. 
10. 
11. 
12.","","3","功能测试","功能测试阶段","正常","0","2","12","通过","向林","2026-03-18","","0000-00-00","1","",""
"181415","数据资产_STD(#23)","/版本迭代测试用例/v6.4.9/【数据资产】元数据、数据质量适配doris3.x(#10306)","","数据质量 规则任务配置 验证「规则任务配置」中 Doris 3.x 数据源「唯一性校验」功能正常","「数据资产-平台管理-数据源管理」中已存在Doris 3.x数据源并且已授权.<br>数据源下存在Doirs表, 可进入离线平台中创建并执行DorisSQL任务:<br><br>DROP TABLE IF EXISTS vehicle_info_part1;<br><br>CREATE TABLE vehicle_info_part1 (<br>  vin           VARCHAR(64) COMMENT &#039;车辆唯一识别码&#039;,<br>  car_series    STRING COMMENT &#039;车系&#039;,<br>  car_power     STRING COMMENT &#039;动力类型&#039;,<br>  car_config    STRING COMMENT &#039;车型配置&#039;,<br>  car_endurance STRING COMMENT &#039;续航类型&#039;,<br>  drive_type    STRING COMMENT &#039;驱动形式&#039;,<br>  car_equipment STRING COMMENT &#039;车辆配置版本&#039;,<br>  is_certific   INT COMMENT &#039;是否认证&#039;,<br>  delivery_time DATE COMMENT &#039;交付日期&#039;<br>)<br>ENGINE=OLAP<br>DUPLICATE KEY(vin)<br>PARTITION BY RANGE(delivery_time) (<br>  PARTITION p20251001 VALUES [(&#039;2025-10-01&#039;), (&#039;2025-10-02&#039;)),<br>  PARTITION p20251002 VALUES [(&#039;2025-10-02&#039;), (&#039;2025-10-03&#039;))<br>)<br>DISTRIBUTED BY HASH(vin) BUCKETS 10<br>PROPERTIES (<br>  replication_num = 1<br>);<br>-- p20251001 分区（2025-10-01）<br>INSERT INTO vehicle_info_part1 VALUES<br>(&#039;LDP91C60PE200001&#039;,&#039;追光&#039;,&#039;EV&#039;,&#039;H53a&#039;,&#039;常规&#039;,&#039;四驱&#039;,&#039;N3&#039;,1,&#039;2025-10-01&#039;),<br>(&#039;LDP91C60PE200002&#039;,&#039;追光&#039;,&#039;EV&#039;,&#039;H53a&#039;,&#039;常规&#039;,&#039;四驱&#039;,&#039;N3&#039;,0,&#039;2025-10-01&#039;),<br>(&#039;LDP91C60PE200003&#039;,&#039;追光&#039;,&#039;EV&#039;,&#039;H53a&#039;,&#039;常规&#039;,&#039;四驱&#039;,&#039;N3&#039;,1,&#039;2025-10-01&#039;),<br>(&#039;LDP91C60PE200004&#039;,&#039;追光&#039;,&#039;EV&#039;,&#039;H53a&#039;,&#039;常规&#039;,&#039;四驱&#039;,&#039;N3&#039;,NULL,&#039;2025-10-01&#039;),<br>(&#039;LDP91C60PE200005&#039;,&#039;追光&#039;,&#039;EV&#039;,&#039;H53a&#039;,&#039;常规&#039;,&#039;四驱&#039;,&#039;N3&#039;,1,&#039;2025-10-01&#039;);<br><br>-- p20251002 分区（2025-10-02）<br>INSERT INTO vehicle_info_part1 VALUES<br>(&#039;LDP91C60PE200006&#039;,&#039;追光&#039;,&#039;EV&#039;,&#039;H53a&#039;,&#039;长续航&#039;,&#039;四驱&#039;,&#039;N3&#039;,1,&#039;2025-10-02&#039;),<br>(&#039;LDP91C60PE200007&#039;,&#039;追光&#039;,&#039;EV&#039;,&#039;H53a&#039;,&#039;长续航&#039;,&#039;两驱&#039;,&#039;N5&#039;,1,&#039;2025-10-02&#039;),<br>(&#039;LDP91C60PE200008&#039;,&#039;梦想家&#039;,&#039;PHEV&#039;,&#039;H72&#039;,&#039;常规&#039;,&#039;四驱&#039;,&#039;N3&#039;,0,&#039;2025-10-02&#039;),<br>(&#039;LDP91C60PE200009&#039;,&#039;梦想家&#039;,&#039;PHEV&#039;,&#039;H72&#039;,&#039;常规&#039;,&#039;四驱&#039;,&#039;N5&#039;,1,&#039;2025-10-02&#039;),<br>(&#039;LDP91C60PE200010&#039;,&#039;梦想家&#039;,&#039;PHEV&#039;,&#039;H72&#039;,&#039;长续航&#039;,&#039;两驱&#039;,&#039;N3&#039;,1,&#039;2025-10-02&#039;);<br><br>SELECT * FROM vehicle_info_part1;<br><br><br>DROP TABLE IF EXISTS vehicle_info_part2;<br><br>CREATE TABLE vehicle_info_part2 (<br>  vin           VARCHAR(64) COMMENT &#039;车辆唯一识别码&#039;,<br>  car_series    STRING COMMENT &#039;车系&#039;,<br>  car_power     STRING COMMENT &#039;动力类型&#039;,<br>  car_config    STRING COMMENT &#039;车型配置&#039;,<br>  car_endurance STRING COMMENT &#039;续航类型&#039;,<br>  drive_type    STRING COMMENT &#039;驱动形式&#039;,<br>  car_equipment STRING COMMENT &#039;车辆配置版本&#039;,<br>  is_certific   INT COMMENT &#039;是否认证&#039;,<br>  delivery_time DATE COMMENT &#039;交付日期&#039;<br>)<br>ENGINE=OLAP<br>DUPLICATE KEY(vin)<br>PARTITION BY RANGE(delivery_time) (<br>  PARTITION p20251003 VALUES [(&#039;2025-10-03&#039;), (&#039;2025-10-04&#039;)),<br>  PARTITION p20251004 VALUES [(&#039;2025-10-04&#039;), (&#039;2025-10-05&#039;))<br>)<br>DISTRIBUTED BY HASH(vin) BUCKETS 10<br>PROPERTIES (<br>  replication_num = 1<br>);<br>-- p20251003 分区（2025-10-03）<br>INSERT INTO vehicle_info_part2 VALUES<br>(&#039;LDP91C60PE200001&#039;,&#039;追光&#039;,&#039;PHEV&#039;,&#039;H53a&#039;,&#039;常规&#039;,&#039;四驱&#039;,&#039;N3&#039;,1,&#039;2025-10-03&#039;),<br>(&#039;LDP91C60PE200002&#039;,&#039;追光&#039;,&#039;EV&#039;,&#039;H53a&#039;,&#039;常规&#039;,&#039;四驱&#039;,&#039;N3&#039;,0,&#039;2025-10-03&#039;),<br>(&#039;LDP91C60PE200003&#039;,&#039;追光&#039;,&#039;EV&#039;,&#039;H53a&#039;,&#039;常规&#039;,&#039;四驱&#039;,&#039;N3&#039;,1,&#039;2025-10-03&#039;),<br>(&#039;LDP91C60PE200004&#039;,&#039;追光&#039;,&#039;EV&#039;,&#039;H53a&#039;,&#039;常规&#039;,&#039;四驱&#039;,&#039;N3&#039;,NULL,&#039;2025-10-03&#039;),<br>(&#039;LDP91C60PE200005&#039;,&#039;追光&#039;,&#039;EV&#039;,&#039;H53a&#039;,&#039;常规&#039;,&#039;四驱&#039;,&#039;N3&#039;,1,&#039;2025-10-03&#039;);<br><br>-- p20251004 分区（2025-10-04）<br>INSERT INTO vehicle_info_part2 VALUES<br>(&#039;LDP91C60PE200006&#039;,&#039;追光&#039;,&#039;EV&#039;,&#039;H53a&#039;,&#039;长续航&#039;,&#039;四驱&#039;,&#039;N3&#039;,1,&#039;2025-10-04&#039;),<br>(&#039;LDP91C60PE200007&#039;,&#039;追光&#039;,&#039;EV&#039;,&#039;H53a&#039;,&#039;长续航&#039;,&#039;两驱&#039;,&#039;N5&#039;,1,&#039;2025-10-04&#039;),<br>(&#039;LDP91C60PE200008&#039;,&#039;梦想家&#039;,&#039;PHEV&#039;,&#039;H72&#039;,&#039;常规&#039;,&#039;四驱&#039;,&#039;N3&#039;,0,&#039;2025-10-04&#039;),<br>(&#039;LDP91C60PE200009&#039;,&#039;梦想家&#039;,&#039;PHEV&#039;,&#039;H72&#039;,&#039;常规&#039;,&#039;四驱&#039;,&#039;N5&#039;,1,&#039;2025-10-04&#039;),<br>(&#039;LDP91C60PE200010&#039;,&#039;梦想家&#039;,&#039;PHEV&#039;,&#039;H72&#039;,&#039;长续航&#039;,&#039;两驱&#039;,&#039;N3&#039;,1,&#039;2025-10-04&#039;),<br>(&#039;LDP91C60PE200011&#039;,&#039;梦想家&#039;,&#039;PHEV&#039;,&#039;H72&#039;,&#039;长续航&#039;,&#039;两驱&#039;,&#039;N3&#039;,1,&#039;2025-10-04&#039;);<br><br><br>SELECT * FROM vehicle_info_part2;","1. 进入【数据资产】-【数据质量】-【规则任务配置】页面
2. 点击「新建监控规则」按钮，进入监控规则配置页面
3. 配置「数据源」「数据库」「数据表」vehicle_info_part1等信息，选择【唯一性校验】规则
4. 「字段」选择「vin」
「统计函数」选择「重复数」
「校验方法」选择「固定值」
「期望值」选择「=0」
「强弱规则」选择「弱规则」
「规则描述」输入「测试规则」
5. 点击「保存」按钮
6. 点击「下一步」，配置「调度属性」
7. 点击「完成」按钮
8. 立即运行、周期运行
9. 进入「规则任务配置」页面, 重新编辑任务规则:
「期望值」改为「>0」
其他保持不变, 重新运行
10. 点击「查看明细」
11. 进入「离线开发-周期任务」页面, 执行DROP语句删除vehicle_info_part1表后, 返回资产平台重新运行规则任务
12. 点击「查看日志」","1. 进入成功
2. 进入成功
3. 选择成功，展示【唯一性校验】规则配置项
4. 配置完成
5. 规则配置保存正确
6. 调度属性配置完成
7. 规则保存成功
8. 任务实例状态由「运行中」 > 「校验通过」
1) 任务实例详情弹窗中存在「校验通过」的标识
2) 不记录明细数据；
9. 1) 任务实例状态由「运行中」 > 「校验异常」
2) 任务实例详情页面显示「校验未通过」标识, 可支持查看明细, 明细按照表和校验字段记录不符合规则的数值
10. 展示校验表明细数据
11. 1) 任务实例状态由「运行中」 > 「校验异常」
2) 任务实例详情页面显示「校验失败」标识, 可支持查看日志
12. 表已删除, Unknown table 'vehicle_info_part1'","1. 
2. 
3. 
4. 
5. 
6. 
7. 
8. 
9. 
10. 
11. 
12.","","2","功能测试","功能测试阶段","正常","0","1","12","通过","向林","2026-03-18","","0000-00-00","1","",""
"181414","数据资产_STD(#23)","/版本迭代测试用例/v6.4.9/【数据资产】元数据、数据质量适配doris3.x(#10306)","","数据质量 规则任务配置 验证「规则任务配置」中 Doris 3.x 数据源「有效性校验」功能正常","「数据资产-平台管理-数据源管理」中已存在Doris 3.x数据源并且已授权.<br>数据源下存在Doirs表, 可进入离线平台中创建并执行DorisSQL任务:<br><br>DROP TABLE IF EXISTS vehicle_info_part1;<br><br>CREATE TABLE vehicle_info_part1 (<br>  vin           VARCHAR(64) COMMENT &#039;车辆唯一识别码&#039;,<br>  car_series    STRING COMMENT &#039;车系&#039;,<br>  car_power     STRING COMMENT &#039;动力类型&#039;,<br>  car_config    STRING COMMENT &#039;车型配置&#039;,<br>  car_endurance STRING COMMENT &#039;续航类型&#039;,<br>  drive_type    STRING COMMENT &#039;驱动形式&#039;,<br>  car_equipment STRING COMMENT &#039;车辆配置版本&#039;,<br>  is_certific   INT COMMENT &#039;是否认证&#039;,<br>  delivery_time DATE COMMENT &#039;交付日期&#039;<br>)<br>ENGINE=OLAP<br>DUPLICATE KEY(vin)<br>PARTITION BY RANGE(delivery_time) (<br>  PARTITION p20251001 VALUES [(&#039;2025-10-01&#039;), (&#039;2025-10-02&#039;)),<br>  PARTITION p20251002 VALUES [(&#039;2025-10-02&#039;), (&#039;2025-10-03&#039;))<br>)<br>DISTRIBUTED BY HASH(vin) BUCKETS 10<br>PROPERTIES (<br>  replication_num = 1<br>);<br>-- p20251001 分区（2025-10-01）<br>INSERT INTO vehicle_info_part1 VALUES<br>(&#039;LDP91C60PE200001&#039;,&#039;追光&#039;,&#039;EV&#039;,&#039;H53a&#039;,&#039;常规&#039;,&#039;四驱&#039;,&#039;N3&#039;,1,&#039;2025-10-01&#039;),<br>(&#039;LDP91C60PE200002&#039;,&#039;追光&#039;,&#039;EV&#039;,&#039;H53a&#039;,&#039;常规&#039;,&#039;四驱&#039;,&#039;N3&#039;,0,&#039;2025-10-01&#039;),<br>(&#039;LDP91C60PE200003&#039;,&#039;追光&#039;,&#039;EV&#039;,&#039;H53a&#039;,&#039;常规&#039;,&#039;四驱&#039;,&#039;N3&#039;,1,&#039;2025-10-01&#039;),<br>(&#039;LDP91C60PE200004&#039;,&#039;追光&#039;,&#039;EV&#039;,&#039;H53a&#039;,&#039;常规&#039;,&#039;四驱&#039;,&#039;N3&#039;,NULL,&#039;2025-10-01&#039;),<br>(&#039;LDP91C60PE200005&#039;,&#039;追光&#039;,&#039;EV&#039;,&#039;H53a&#039;,&#039;常规&#039;,&#039;四驱&#039;,&#039;N3&#039;,1,&#039;2025-10-01&#039;);<br><br>-- p20251002 分区（2025-10-02）<br>INSERT INTO vehicle_info_part1 VALUES<br>(&#039;LDP91C60PE200006&#039;,&#039;追光&#039;,&#039;EV&#039;,&#039;H53a&#039;,&#039;长续航&#039;,&#039;四驱&#039;,&#039;N3&#039;,1,&#039;2025-10-02&#039;),<br>(&#039;LDP91C60PE200007&#039;,&#039;追光&#039;,&#039;EV&#039;,&#039;H53a&#039;,&#039;长续航&#039;,&#039;两驱&#039;,&#039;N5&#039;,1,&#039;2025-10-02&#039;),<br>(&#039;LDP91C60PE200008&#039;,&#039;梦想家&#039;,&#039;PHEV&#039;,&#039;H72&#039;,&#039;常规&#039;,&#039;四驱&#039;,&#039;N3&#039;,0,&#039;2025-10-02&#039;),<br>(&#039;LDP91C60PE200009&#039;,&#039;梦想家&#039;,&#039;PHEV&#039;,&#039;H72&#039;,&#039;常规&#039;,&#039;四驱&#039;,&#039;N5&#039;,1,&#039;2025-10-02&#039;),<br>(&#039;LDP91C60PE200010&#039;,&#039;梦想家&#039;,&#039;PHEV&#039;,&#039;H72&#039;,&#039;长续航&#039;,&#039;两驱&#039;,&#039;N3&#039;,1,&#039;2025-10-02&#039;);<br><br>SELECT * FROM vehicle_info_part1;<br><br><br>DROP TABLE IF EXISTS vehicle_info_part2;<br><br>CREATE TABLE vehicle_info_part2 (<br>  vin           VARCHAR(64) COMMENT &#039;车辆唯一识别码&#039;,<br>  car_series    STRING COMMENT &#039;车系&#039;,<br>  car_power     STRING COMMENT &#039;动力类型&#039;,<br>  car_config    STRING COMMENT &#039;车型配置&#039;,<br>  car_endurance STRING COMMENT &#039;续航类型&#039;,<br>  drive_type    STRING COMMENT &#039;驱动形式&#039;,<br>  car_equipment STRING COMMENT &#039;车辆配置版本&#039;,<br>  is_certific   INT COMMENT &#039;是否认证&#039;,<br>  delivery_time DATE COMMENT &#039;交付日期&#039;<br>)<br>ENGINE=OLAP<br>DUPLICATE KEY(vin)<br>PARTITION BY RANGE(delivery_time) (<br>  PARTITION p20251003 VALUES [(&#039;2025-10-03&#039;), (&#039;2025-10-04&#039;)),<br>  PARTITION p20251004 VALUES [(&#039;2025-10-04&#039;), (&#039;2025-10-05&#039;))<br>)<br>DISTRIBUTED BY HASH(vin) BUCKETS 10<br>PROPERTIES (<br>  replication_num = 1<br>);<br>-- p20251003 分区（2025-10-03）<br>INSERT INTO vehicle_info_part2 VALUES<br>(&#039;LDP91C60PE200001&#039;,&#039;追光&#039;,&#039;PHEV&#039;,&#039;H53a&#039;,&#039;常规&#039;,&#039;四驱&#039;,&#039;N3&#039;,1,&#039;2025-10-03&#039;),<br>(&#039;LDP91C60PE200002&#039;,&#039;追光&#039;,&#039;EV&#039;,&#039;H53a&#039;,&#039;常规&#039;,&#039;四驱&#039;,&#039;N3&#039;,0,&#039;2025-10-03&#039;),<br>(&#039;LDP91C60PE200003&#039;,&#039;追光&#039;,&#039;EV&#039;,&#039;H53a&#039;,&#039;常规&#039;,&#039;四驱&#039;,&#039;N3&#039;,1,&#039;2025-10-03&#039;),<br>(&#039;LDP91C60PE200004&#039;,&#039;追光&#039;,&#039;EV&#039;,&#039;H53a&#039;,&#039;常规&#039;,&#039;四驱&#039;,&#039;N3&#039;,NULL,&#039;2025-10-03&#039;),<br>(&#039;LDP91C60PE200005&#039;,&#039;追光&#039;,&#039;EV&#039;,&#039;H53a&#039;,&#039;常规&#039;,&#039;四驱&#039;,&#039;N3&#039;,1,&#039;2025-10-03&#039;);<br><br>-- p20251004 分区（2025-10-04）<br>INSERT INTO vehicle_info_part2 VALUES<br>(&#039;LDP91C60PE200006&#039;,&#039;追光&#039;,&#039;EV&#039;,&#039;H53a&#039;,&#039;长续航&#039;,&#039;四驱&#039;,&#039;N3&#039;,1,&#039;2025-10-04&#039;),<br>(&#039;LDP91C60PE200007&#039;,&#039;追光&#039;,&#039;EV&#039;,&#039;H53a&#039;,&#039;长续航&#039;,&#039;两驱&#039;,&#039;N5&#039;,1,&#039;2025-10-04&#039;),<br>(&#039;LDP91C60PE200008&#039;,&#039;梦想家&#039;,&#039;PHEV&#039;,&#039;H72&#039;,&#039;常规&#039;,&#039;四驱&#039;,&#039;N3&#039;,0,&#039;2025-10-04&#039;),<br>(&#039;LDP91C60PE200009&#039;,&#039;梦想家&#039;,&#039;PHEV&#039;,&#039;H72&#039;,&#039;常规&#039;,&#039;四驱&#039;,&#039;N5&#039;,1,&#039;2025-10-04&#039;),<br>(&#039;LDP91C60PE200010&#039;,&#039;梦想家&#039;,&#039;PHEV&#039;,&#039;H72&#039;,&#039;长续航&#039;,&#039;两驱&#039;,&#039;N3&#039;,1,&#039;2025-10-04&#039;),<br>(&#039;LDP91C60PE200011&#039;,&#039;梦想家&#039;,&#039;PHEV&#039;,&#039;H72&#039;,&#039;长续航&#039;,&#039;两驱&#039;,&#039;N3&#039;,1,&#039;2025-10-04&#039;);<br><br><br>SELECT * FROM vehicle_info_part2;","1. 进入【数据资产】-【数据质量】-【规则任务配置】页面
2. 点击「新建监控规则」按钮，进入监控规则配置页面
3. 配置「数据源」「数据库」「数据表」vehicle_info_part1等信息，选择【有效性校验】规则
4. 「字段」选择「vin」
「统计规则」选择「字符串长度」「固定值」「=16」
「强弱规则」选择「弱规则」
「规则描述」输入「测试规则」
5. 点击「保存」按钮
6. 点击「下一步」，配置「调度属性」
7. 点击「完成」按钮
8. 立即运行、周期运行
9. 进入「规则任务配置」页面, 重新编辑任务规则:
「期望值」改为「>16」
其他保持不变, 重新运行
10. 点击「查看明细」
11. 进入「离线开发-周期任务」页面, 执行DROP语句删除vehicle_info_part1表后, 返回资产平台重新运行规则任务
12. 点击「查看日志」","1. 进入成功
2. 进入成功
3. 选择成功，展示【有效性校验】规则配置项
4. 配置完成
5. 规则配置保存正确
6. 调度属性配置完成
7. 规则保存成功
8. 任务实例状态由「运行中」 > 「校验通过」
1) 任务实例详情弹窗中存在「校验通过」的标识
2) 不记录明细数据；
9. 1) 任务实例状态由「运行中」 > 「校验异常」
2) 任务实例详情页面显示「校验未通过」标识, 可支持查看明细, 明细按照表和校验字段记录不符合规则的数值
10. 展示校验表明细数据
11. 1) 任务实例状态由「运行中」 > 「校验异常」
2) 任务实例详情页面显示「校验失败」标识, 可支持查看日志
12. 表已删除, Unknown table 'vehicle_info_part1'","1. 
2. 
3. 
4. 
5. 
6. 
7. 
8. 
9. 
10. 
11. 
12.","","2","功能测试","功能测试阶段","正常","0","1","12","通过","向林","2026-03-18","","0000-00-00","1","",""
"181413","数据资产_STD(#23)","/版本迭代测试用例/v6.4.9/【数据资产】元数据、数据质量适配doris3.x(#10306)","","数据质量 规则任务配置 验证「规则任务配置」中 Doris 3.x 数据源 「完整性校验-表级」功能正常","「数据资产-平台管理-数据源管理」中已存在Doris 3.x数据源并且已授权.<br>数据源下存在Doirs表, 可进入离线平台中创建并执行DorisSQL任务:<br><br>DROP TABLE IF EXISTS vehicle_info_part6;<br><br>CREATE TABLE vehicle_info_part6 (<br>  vin           VARCHAR(64) COMMENT &#039;车辆唯一识别码&#039;,<br>  car_series    STRING COMMENT &#039;车系&#039;,<br>  car_power     STRING COMMENT &#039;动力类型&#039;,<br>  car_config    STRING COMMENT &#039;车型配置&#039;,<br>  car_endurance STRING COMMENT &#039;续航类型&#039;,<br>  drive_type    STRING COMMENT &#039;驱动形式&#039;,<br>  car_equipment STRING COMMENT &#039;车辆配置版本&#039;,<br>  is_certific   INT COMMENT &#039;是否认证&#039;,<br>  delivery_time DATE COMMENT &#039;交付日期&#039;<br>)<br>ENGINE=OLAP<br>DUPLICATE KEY(vin)<br>PARTITION BY RANGE(delivery_time) (<br>  PARTITION p20251001 VALUES [(&#039;2025-10-01&#039;), (&#039;2025-10-02&#039;)),<br>  PARTITION p20251002 VALUES [(&#039;2025-10-02&#039;), (&#039;2025-10-03&#039;))<br>)<br>DISTRIBUTED BY HASH(vin) BUCKETS 10<br>PROPERTIES (<br>  replication_num = 1<br>);<br>-- p20251001 分区（2025-10-01）<br>INSERT INTO vehicle_info_part6 VALUES<br>(&#039;LDP91C60PE200001&#039;,&#039;追光&#039;,&#039;EV&#039;,&#039;H53a&#039;,&#039;常规&#039;,&#039;四驱&#039;,&#039;N3&#039;,1,&#039;2025-10-01&#039;),<br>(&#039;LDP91C60PE200002&#039;,&#039;追光&#039;,&#039;EV&#039;,&#039;H53a&#039;,&#039;常规&#039;,&#039;四驱&#039;,&#039;N3&#039;,0,&#039;2025-10-01&#039;),<br>(&#039;LDP91C60PE200003&#039;,&#039;追光&#039;,&#039;EV&#039;,&#039;H53a&#039;,&#039;常规&#039;,&#039;四驱&#039;,&#039;N3&#039;,1,&#039;2025-10-01&#039;),<br>(&#039;LDP91C60PE200004&#039;,&#039;追光&#039;,&#039;EV&#039;,&#039;H53a&#039;,&#039;常规&#039;,&#039;四驱&#039;,&#039;N3&#039;,NULL,&#039;2025-10-01&#039;),<br>(&#039;LDP91C60PE200005&#039;,&#039;追光&#039;,&#039;EV&#039;,&#039;H53a&#039;,&#039;常规&#039;,&#039;四驱&#039;,&#039;N3&#039;,1,&#039;2025-10-01&#039;),<br>(&#039;LDP91C60PE200001&#039;,&#039;追光&#039;,&#039;EV&#039;,&#039;H53a&#039;,&#039;常规&#039;,&#039;四驱&#039;,&#039;N3&#039;,1,&#039;2025-10-01&#039;),<br>(&#039;LDP91C60PE200002&#039;,&#039;追光&#039;,&#039;EV&#039;,&#039;H53a&#039;,&#039;常规&#039;,&#039;四驱&#039;,&#039;N3&#039;,1,&#039;2025-10-01&#039;),<br>(&#039;LDP91C60PE200003&#039;,&#039;追光&#039;,&#039;EV&#039;,&#039;H53a&#039;,&#039;常规&#039;,&#039;四驱&#039;,&#039;N3&#039;,1,&#039;2025-10-01&#039;);<br><br>SELECT * FROM vehicle_info_part6;","1. 进入【数据资产】-【数据质量】-【规则任务配置】页面
2. 点击「新建监控规则」按钮，进入监控规则配置页面
3. 配置「数据源」「数据库」「数据表」等信息，选择【完整性校验】规则
4. 「校验类型」选择「表级」
「统计函数」 选择「表行数」
「过滤条件」 无
「校验方法」选择「固定值」
「期望值」选择「>5」
「强弱规则」选择「弱规则」
「规则描述」输入「测试规则」
5. 点击「保存」按钮
6. 点击「下一步」，「调度属性」默认配置
7. 点击「完成」按钮
8. 立即运行、周期运行
9. 进入「规则任务配置」页面, 重新编辑任务规则, 将「期望值」改为「<5」, 其他保持不变, 重新运行
10. 进入「离线开发-周期任务」页面, 执行DROP语句删除vehicle_info_part6表后, 返回资产平台重新运行规则任务
11. 点击「查看日志」","1. 进入成功
2. 进入成功
3. 选择成功，展示【完整性校验】规则配置项
4. 配置完成
5. 规则配置保存正确
6. 调度属性配置完成
7. 规则保存成功
8. 任务实例状态由「运行中」 > 「校验通过」
9. 任务实例详情页面显示「校验未通过」标识
10. 1) 任务实例状态由「运行中」 > 「校验异常」
2) 任务实例详情页面显示「校验失败」标识, 可支持查看日志
11. 表已删除, Unknown table 'vehicle_info_part6'","1. 
2. 
3. 
4. 
5. 
6. 
7. 
8. 
9. 
10. 
11.","","2","功能测试","功能测试阶段","正常","0","1","11","通过","向林","2026-03-18","","0000-00-00","1","",""
"181412","数据资产_STD(#23)","/版本迭代测试用例/v6.4.9/【数据资产】元数据、数据质量适配doris3.x(#10306)","","数据质量 规则任务配置 验证「规则任务配置」中 Doris 3.x 数据源 「完整性校验-字段级」功能正常","「数据资产-平台管理-数据源管理」中已存在Doris 3.x数据源并且已授权.<br>数据源下存在Doirs表, 可进入离线平台中创建并执行DorisSQL任务:<br><br>DROP TABLE IF EXISTS vehicle_info_part6;<br><br>CREATE TABLE vehicle_info_part6 (<br>  vin           VARCHAR(64) COMMENT &#039;车辆唯一识别码&#039;,<br>  car_series    STRING COMMENT &#039;车系&#039;,<br>  car_power     STRING COMMENT &#039;动力类型&#039;,<br>  car_config    STRING COMMENT &#039;车型配置&#039;,<br>  car_endurance STRING COMMENT &#039;续航类型&#039;,<br>  drive_type    STRING COMMENT &#039;驱动形式&#039;,<br>  car_equipment STRING COMMENT &#039;车辆配置版本&#039;,<br>  is_certific   INT COMMENT &#039;是否认证&#039;,<br>  delivery_time DATE COMMENT &#039;交付日期&#039;<br>)<br>ENGINE=OLAP<br>DUPLICATE KEY(vin)<br>PARTITION BY RANGE(delivery_time) (<br>  PARTITION p20251001 VALUES [(&#039;2025-10-01&#039;), (&#039;2025-10-02&#039;)),<br>  PARTITION p20251002 VALUES [(&#039;2025-10-02&#039;), (&#039;2025-10-03&#039;))<br>)<br>DISTRIBUTED BY HASH(vin) BUCKETS 10<br>PROPERTIES (<br>  replication_num = 1<br>);<br>-- p20251001 分区（2025-10-01）<br>INSERT INTO vehicle_info_part6 VALUES<br>(&#039;LDP91C60PE200001&#039;,&#039;追光&#039;,&#039;EV&#039;,&#039;H53a&#039;,&#039;常规&#039;,&#039;四驱&#039;,&#039;N3&#039;,1,&#039;2025-10-01&#039;),<br>(&#039;LDP91C60PE200002&#039;,&#039;追光&#039;,&#039;EV&#039;,&#039;H53a&#039;,&#039;常规&#039;,&#039;四驱&#039;,&#039;N3&#039;,0,&#039;2025-10-01&#039;),<br>(&#039;LDP91C60PE200003&#039;,&#039;追光&#039;,&#039;EV&#039;,&#039;H53a&#039;,&#039;常规&#039;,&#039;四驱&#039;,&#039;N3&#039;,1,&#039;2025-10-01&#039;),<br>(&#039;LDP91C60PE200004&#039;,&#039;追光&#039;,&#039;EV&#039;,&#039;H53a&#039;,&#039;常规&#039;,&#039;四驱&#039;,&#039;N3&#039;,NULL,&#039;2025-10-01&#039;),<br>(&#039;LDP91C60PE200005&#039;,&#039;追光&#039;,&#039;EV&#039;,&#039;H53a&#039;,&#039;常规&#039;,&#039;四驱&#039;,&#039;N3&#039;,1,&#039;2025-10-01&#039;),<br>(&#039;LDP91C60PE200001&#039;,&#039;追光&#039;,&#039;EV&#039;,&#039;H53a&#039;,&#039;常规&#039;,&#039;四驱&#039;,&#039;N3&#039;,1,&#039;2025-10-01&#039;),<br>(&#039;LDP91C60PE200002&#039;,&#039;追光&#039;,&#039;EV&#039;,&#039;H53a&#039;,&#039;常规&#039;,&#039;四驱&#039;,&#039;N3&#039;,1,&#039;2025-10-01&#039;),<br>(&#039;LDP91C60PE200003&#039;,&#039;追光&#039;,&#039;EV&#039;,&#039;H53a&#039;,&#039;常规&#039;,&#039;四驱&#039;,&#039;N3&#039;,1,&#039;2025-10-01&#039;);<br><br>SELECT * FROM vehicle_info_part6;","1. 进入【数据资产】-【数据质量】-【规则任务配置】页面
2. 点击「新建监控规则」按钮，进入监控规则配置页面
3. 配置「数据源」「数据库」「数据表」等信息，选择【完整性校验】规则
4. 「校验类型」选择「字段级」
「字段」选择「is_certific」
「统计函数」 选择「空值数」
「期望值」选择「=1」
「过滤条件」 无
「强弱规则」选择「弱规则」
「规则描述」输入「测试规则」
5. 点击「保存」按钮
6. 点击「下一步」，「调度属性」默认配置
7. 点击「完成」按钮
8. 立即运行、周期运行
9. 进入「规则任务配置」页面, 重新编辑任务规则, 将「期望值」改为「=0」, 其他保持不变, 重新运行
10. 点击「查看明细」
11. 进入「离线开发-周期任务」页面, 执行DROP语句删除vehicle_info_part6表后, 返回资产平台重新运行规则任务
12. 点击「查看日志」","1. 进入成功
2. 进入成功
3. 选择成功，展示【完整性校验】规则配置项
4. 配置完成
5. 规则配置保存正确
6. 调度属性配置完成
7. 规则保存成功
8. 任务实例状态由「运行中」 > 「校验通过」
9. 1) 任务实例状态由「运行中」 > 「校验异常」
2) 任务实例详情页面显示「校验未通过」标识, 可支持查看明细
10. 展示is_certific为--的行记录
11. 1) 任务实例状态由「运行中」 > 「校验异常」
2) 任务实例详情页面显示「校验失败」标识, 可支持查看日志
12. 表已删除, Unknown table 'vehicle_info_part6'","1. 
2. 
3. 
4. 
5. 
6. 
7. 
8. 
9. 
10. 
11. 
12.","","1","功能测试","功能测试阶段","正常","0","2","12","通过","向林","2026-03-18","","0000-00-00","1","",""
"181411","数据资产_STD(#23)","/版本迭代测试用例/v6.4.9/【数据资产】元数据、数据质量适配doris3.x(#10306)","","数据质量 概览 验证「数据质量概览」页面中 Doris 3.x 数据源的规则任务统计展示正常","1) Doris 3.x 数据源已引入资产平台并授权给质量项目<br>2) 已配置并执行了至少一条 Doris 3.x 数据源的规则任务，且存在校验通过和校验失败的实例记录","1. 进入【数据资产】-【数据质量】-【概览】页面
2. 查看概览中的规则任务统计数据
3. 查看告警列表中的 Doris 3.x 相关记录
4. 点击告警列表中 Doris 3.x 表的表名链接","1. 进入成功，概览页面正常加载
2. 1) 概览中的规则任务总数统计包含 Doris 3.x 数据源的任务
2) 校验通过/校验失败/校验异常的统计数据准确反映 Doris 3.x 规则任务的执行结果
3. 如 Doris 3.x 规则任务存在告警，告警列表中正确展示告警记录，包含表名、告警次数等信息
4. 跳转至对应的规则任务详情页面，展示该 Doris 3.x 表的规则配置和执行结果信息","1. 
2. 
3. 
4.","","2","功能测试","功能测试阶段","正常","0","1","4","通过","向林","2026-03-18","","0000-00-00","1","",""
"181410","数据资产_STD(#23)","/版本迭代测试用例/v6.4.9/【数据资产】元数据、数据质量适配doris3.x(#10306)","","元数据 元数据管理 验证「元数据管理」中 Doris 3.x 表详情页各tab信息展示完整性","1) Doris 3.x 数据源已引入资产平台，元数据同步完成<br>2) 存在已同步的 Doris 3.x 数据表 vehicle_info_part1，且已配置过业务属性","1. 进入【数据资产】-【元数据】-【元数据管理】页面
2. 选择数据源类型为「Doris 3.x」的数据源，点击进入
3. 点击数据库，进入数据表页面，点击 vehicle_info_part1 表名进入表详情
4. 查看「基本信息」tab中的技术属性
5. 查看「基本信息」tab中的业务属性
6. 点击「字段信息」tab
7. 点击「变更记录」tab","1. 进入成功
2. 进入成功，展示 Doris 3.x 数据源下的数据库列表
3. 进入 vehicle_info_part1 表详情页面
4. 技术属性正确展示: 表名、所属数据源(Doris 3.x)、所属数据库、表引擎、建表时间、最近同步时间等
5. 业务属性正确展示: 表中文名、负责人等已维护的通用业务属性值与之前配置一致
6. 1) 展示所有字段列表
2) 每个字段显示: 字段名、字段类型、字段注释等信息
3) 字段信息与实际 Doris 表结构一致
7. 展示该表的元数据变更记录（如有），包含变更时间、变更类型、变更内容","1. 
2. 
3. 
4. 
5. 
6. 
7.","","2","功能测试","功能测试阶段","正常","0","1","7","通过","向林","2026-03-18","","0000-00-00","1","",""
"181409","数据资产_STD(#23)","/版本迭代测试用例/v6.4.9/【数据资产】元数据、数据质量适配doris3.x(#10306)","","元数据 元数据管理 验证 「元数据」中 Doris 3.x 数据源删除库操作","「元数据管理」页面中已存在从离线平台中同步过来的Doris 3.x数据源","1. 进入【数据资产】-【元数据】-【元数据管理】页面
2. 选择数据源类型为「Doris 3.x」的数据源, 点击进入
3. 点击数据库, 选择一条记录, 点击「删除」按钮
4. 输入「数据库名」后, 点击删除按钮
5. 进入「离线开发-数据开发-周期任务」, 创建DorisSQL任务, 执行查询语句: USE ${db_name};","1. 进入成功
2. 进入成功
3. 1) 弹出二次确认弹窗
2) 删除库表操作仅针对资产平台内生效，不会影响底层数据库表信息
4. 1) 弹窗关闭, 该表信息从资产平台中删除完成
2) 可以通过元数据同步中, 重新将该库表同步至资产平台
5. SQL任务运行成功, 源库仍存在","1. 
2. 
3. 
4. 
5.","","2","功能测试","功能测试阶段","正常","0","1","5","通过","向林","2026-03-18","","0000-00-00","1","",""
"181408","数据资产_STD(#23)","/版本迭代测试用例/v6.4.9/【数据资产】元数据、数据质量适配doris3.x(#10306)","","元数据 元数据管理 验证 「元数据」中 Doris 3.x 数据表生命周期设置功能","「元数据管理」页面中已存在同步过来的Doris 3.x数据表记录","1. 进入【数据资产】-【元数据】-【元数据管理】页面
2. 选择数据源类型为「Doris 3.x」的数据源, 点击进入
3. 点击数据库, 进入数据表页面, 选择一条记录, 点击「批量编辑生命周期」按钮
4. 「生命周期」选择3天, 点击「确定」
5. 点击「元数据管理」, 返回到数据源列表页面
6. 选择数据源类型为Doris 3.x的数据源, 点击「批量编辑生命周期」
7. 「生命周期」选择3天, 点击「确定」","1. 进入成功
2. 进入成功
3. 1) 弹出「批量编辑生命周期」弹窗
2) 支持修改Doris 3.x数据表的生命周期
3) 生命周期支持: 3天/7天/30天/90天/365天/自定义
4) 选择「自定义」后最大输入9999天
4. 弹窗关闭, 该表的「表生命周期」变更为3天
5. 返回成功
6. 弹出「批量修改生命周期」弹窗
7. 1) 弹窗关闭, 该数据源下所有的「表生命周期」变更为3天
2) 后续在该数据源内新增的数据表也会默认配置为3天","1. 
2. 
3. 
4. 
5. 
6. 
7.","","3","功能测试","功能测试阶段","正常","0","1","7","通过","向林","2026-03-18","","0000-00-00","1","",""
"181407","数据资产_STD(#23)","/版本迭代测试用例/v6.4.9/【数据资产】元数据、数据质量适配doris3.x(#10306)","","元数据 元数据管理 验证 「元数据」中 Doris 3.x 数据源删除表操作","「元数据管理」页面中已存在从离线平台中同步过来的Doris 3.x数据源","1. 进入【数据资产】-【元数据】-【元数据管理】页面
2. 选择数据源类型为「Doris 3.x」的数据源, 点击进入
3. 点击数据库, 进入数据表页面, 选择一条记录, 点击「删除」按钮
4. 「删除方式」选择「删除元数据表」, 输入${表名}后, 点击「确定」
5. 进入「离线开发-数据开发-周期任务」, 创建DorisSQL任务, 执行查询语句: SELECT * FROM ${table};
6. 返回「资产平台-元数据管理」中, 再次选择一条记录, 点击删除按钮, 选择「删除源表」, 输入${表名2}后, 点击「确定」
7. 进入「离线开发-数据开发-周期任务」, 创建DorisSQL任务, 执行查询语句: SELECT * FROM ${table2};","1. 进入成功
2. 进入成功
3. 1) 弹出二次确认弹窗: 「确定删除表${table}吗?」
2) 删除方式支持删除元数据表和删除源表
3) 输入的表名一致后可删除表
4. 1) 弹窗关闭, 该表信息从资产平台及其他子产品中删除完成
2) 可以通过元数据同步中, 重新将该表同步至资产平台
5. SQL任务运行成功, 源表仍存在
6. 弹窗关闭, 该表信息从源库中删除
7. SQL任务运行失败, 源表不存在","1. 
2. 
3. 
4. 
5. 
6. 
7.","","2","功能测试","功能测试阶段","正常","0","1","7","通过","向林","2026-03-18","","0000-00-00","1","",""
"181406","数据资产_STD(#23)","/版本迭代测试用例/v6.4.9/【数据资产】元数据、数据质量适配doris3.x(#10306)","","元数据 元模型管理 验证 「元数据」中 Doris 3.x 元模型配置功能正常","资产平台已自动对接离线平台中带Meta标识的Doris 3.x数据源","1. 进入【数据资产】-【元数据】-【元模型管理】页面
2. 下滑找到Doris 3.x元模型
3. 点击「编辑元模型」","1. 进入成功
2. doris3.x元模型位置在2.x的右侧
3. Doris 3.x支持采集的技术属性信息和Doris 2.x保持一致","1. 
2. 
3.","","3","功能测试","功能测试阶段","正常","0","1","3","通过","向林","2026-03-18","","0000-00-00","1","",""
"181405","数据资产_STD(#23)","/版本迭代测试用例/v6.4.9/【数据资产】元数据、数据质量适配doris3.x(#10306)","","元数据 元模型管理 验证 「元数据」中 Doris 3.x 数据表业务/个性属性维护功能","「元数据管理」页面中已存在同步过来的Doris 3.x数据表记录","1. 进入【数据资产】-【元数据】-【元模型管理】页面
2. 下滑找到Doris 3.x元模型, 点击「编辑元模型」
3. 进入【数据资产】-【元数据】-【元数据管理】页面
4. 选择数据源类型为「Doris 3.x」的数据源, 点击进入
5. 点击数据库, 进入数据表页面, 选择一条记录, 点击「编辑」按钮
6. 「负责人」选择选项
「表中文名」输入测试
配置完成后, 点击保存","1. 进入成功
2. 1) 展示的技术属性与Doris 2.x保持一致
2) 支持维护通用业务属性、个性业务属性
3) 通用业务属性默认存在两个字段: 表中文名和负责人
3. 进入成功
4. 进入成功
5. 1) 弹出「表元数据」弹窗
2) 支持编辑通用业务属性中的字段值
6. 返回数据表列表页面, toast提示: 业务属性保存成功, 数据表预览内容同步更新","1. 
2. 
3. 
4. 
5. 
6.","","3","功能测试","功能测试阶段","正常","0","1","6","通过","向林","2026-03-18","","0000-00-00","1","",""
"181404","数据资产_STD(#23)","/版本迭代测试用例/v6.4.9/【数据资产】元数据、数据质量适配doris3.x(#10306)","","元数据 元数据同步 验证 Doris 3.x 特有字段类型（JSON/ARRAY/MAP）的元数据采集正确性","| 1) Doris 3.x 数据源已引入资产平台<br>2) 已在 Doris 3.x 中创建包含特有字段类型的测试表:<br>CREATE TABLE IF NOT EXISTS doris3x_type_test (<br>    id BIGINT COMMENT &#039;主键&#039;,<br>    json_data JSON COMMENT &#039;JSON数据&#039;,<br>    map_data MAP<STRING, INT> COMMENT &#039;MAP类型&#039;,<br>    arr_data ARRAY<STRING> COMMENT &#039;数组类型&#039;,<br>    struct_data STRUCT<name:STRING, age:INT> COMMENT &#039;结构体类型&#039;<br>) ENGINE=OLAP<br>DUPLICATE KEY(id)<br>DISTRIBUTED BY HASH(id) BUCKETS 10<br>PROPERTIES (replication_num = 1);","1. 进入【数据资产】-【元数据】-【元数据同步】页面
2. 新增周期同步任务，「数据源」选择 Doris 3.x 数据源，「数据库」选择建表所在数据库，「数据表」选择 doris3x_type_test
3. 点击「临时同步」按钮，等待同步完成
4. 进入【数据资产】-【元数据】-【数据地图】页面，搜索「doris3x_type_test」
5. 点击表名进入表详情页面，查看「字段信息」tab","1. 进入成功
2. 配置成功
3. 同步状态由「同步中」变更为「同步完成」
4. 搜索结果中显示 doris3x_type_test 表记录，表来源显示 Doris 3.x
5. 1) 字段列表展示5个字段: id、json_data、map_data、arr_data、struct_data
2) 字段类型分别正确显示为: BIGINT、JSON、MAP<STRING,INT>、ARRAY<STRING>、STRUCTname:STRING,age:INT
3) 字段注释正确显示: 主键、JSON数据、MAP类型、数组类型、结构体类型
4) 特有字段类型未被截断或显示为Unknown","1. 
2. 
3. 未适配
4. 
5.","","3","功能测试","功能测试阶段","正常","0","2","5","失败","向林","2026-03-18","","0000-00-00","1","",""
"181403","数据资产_STD(#23)","/版本迭代测试用例/v6.4.9/【数据资产】元数据、数据质量适配doris3.x(#10306)","","元数据 元数据同步 验证「元数据同步」中 Doris 3.x 周期同步任务的编辑与删除功能正常","已存在一条 Doris 3.x 的周期同步任务，「数据表」选择范围为指定表，「调度周期」为「周」","1. 进入【数据资产】-【元数据】-【元数据同步】页面
2. 选择 Doris 3.x 周期同步任务记录，点击「编辑」按钮
3. 修改「数据表」选择范围为「全部」，修改「调度周期」为「天」，点击「确定」
4. 选择该条同步任务记录，点击「删除」按钮
5. 在确认弹窗中，点击「确定」","1. 进入成功，列表中显示已配置的周期同步任务
2. 弹出编辑弹窗，展示当前同步任务的配置信息，数据源为 Doris 3.x
3. 1) 编辑成功，Toast提示操作成功
2) 列表中该任务的配置信息更新: 「数据表」显示为「全部」，「调度周期」显示为「天」
4. 弹出确认弹窗
5. 1) 删除成功，Toast提示删除成功
2) 列表中该条同步任务记录消失","1. 
2. 
3. 
4. 
5.","","2","功能测试","功能测试阶段","正常","0","1","5","通过","向林","2026-03-18","","0000-00-00","1","",""
"181402","数据资产_STD(#23)","/版本迭代测试用例/v6.4.9/【数据资产】元数据、数据质量适配doris3.x(#10306)","","元数据 元数据同步 验证元数据同步后 Doris 3.x 表结构与字段信息采集正确性","| 1) Doris 3.x 数据源已引入资产平台<br>2) 已在 Doris 3.x 中创建测试表:<br>CREATE TABLE IF NOT EXISTS sync_verify_test (<br>    id BIGINT COMMENT &#039;主键ID&#039;,<br>    name VARCHAR(100) COMMENT &#039;名称&#039;,<br>    amount DECIMAL(18,2) COMMENT &#039;金额&#039;,<br>    created_date DATE COMMENT &#039;创建日期&#039;,<br>    status TINYINT COMMENT &#039;状态&#039;<br>) ENGINE=OLAP<br>DUPLICATE KEY(id)<br>DISTRIBUTED BY HASH(id) BUCKETS 10<br>PROPERTIES (replication_num = 1);","1. 进入【数据资产】-【元数据】-【元数据同步】页面
2. 新增周期同步任务，「数据源」选择 Doris 3.x 数据源，「数据库」选择建表所在的数据库，「数据表」选择 sync_verify_test
3. 点击「临时同步」按钮，等待同步完成
4. 进入【数据资产】-【元数据】-【数据地图】页面，搜索「sync_verify_test」
5. 点击表名进入表详情页面，查看「基本信息」
6. 查看「字段信息」tab","1. 进入成功
2. 配置成功
3. 1) Toast提示「临时同步成功」
2) 同步状态由「同步中」变更为「同步完成」
4. 搜索结果中显示 sync_verify_test 表记录，表名右侧icon显示 Doris 3.x
5. 1) 「基本信息」中表名显示「sync_verify_test」
2) 所属数据源显示正确的 Doris 3.x 数据源名称
3) 所属数据库显示正确
4) 表引擎、建表时间等技术属性正确展示
6. 1) 字段列表展示5个字段: id、name、amount、created_date、status
2) 字段类型分别为: BIGINT、VARCHAR(100)、DECIMAL(18,2)、DATE、TINYINT
3) 字段注释(COMMENT)分别为: 主键ID、名称、金额、创建日期、状态
4) 字段信息与实际 Doris 建表语句完全一致","1. 
2. 
3. 
4. 
5. 
6.","","1","功能测试","功能测试阶段","正常","0","3","6","通过","向林","2026-03-18","","0000-00-00","1","",""
"181401","数据资产_STD(#23)","/版本迭代测试用例/v6.4.9/【数据资产】元数据、数据质量适配doris3.x(#10306)","","元数据 元数据同步 验证 「元数据」中 Doris 3.x 元数据周期同步功能正常","1) 数据资产-平台管理-数据源管理中已存在Doris3.x数据源<br>2) Doris3.x数据源已授权给质量项目<br>3) Doris3.x底层数据源已存在数据表, 建表语句如下:<br><br>DROP TABLE IF EXISTS vehicle_info_part1;<br><br>CREATE TABLE vehicle_info_part1 (<br>  vin           VARCHAR(64) COMMENT &#039;车辆唯一识别码&#039;,<br>  car_series    STRING COMMENT &#039;车系&#039;,<br>  car_power     STRING COMMENT &#039;动力类型&#039;,<br>  car_config    STRING COMMENT &#039;车型配置&#039;,<br>  car_endurance STRING COMMENT &#039;续航类型&#039;,<br>  drive_type    STRING COMMENT &#039;驱动形式&#039;,<br>  car_equipment STRING COMMENT &#039;车辆配置版本&#039;,<br>  is_certific   INT COMMENT &#039;是否认证&#039;,<br>  delivery_time DATE COMMENT &#039;交付日期&#039;<br>)<br>ENGINE=OLAP<br>DUPLICATE KEY(vin)<br>PARTITION BY RANGE(delivery_time) (<br>  PARTITION p20251001 VALUES [(&#039;2025-10-01&#039;), (&#039;2025-10-02&#039;)),<br>  PARTITION p20251002 VALUES [(&#039;2025-10-02&#039;), (&#039;2025-10-03&#039;))<br>)<br>DISTRIBUTED BY HASH(vin) BUCKETS 10<br>PROPERTIES (<br>  replication_num = 1<br>);<br>-- p20251001 分区（2025-10-01）<br>INSERT INTO vehicle_info_part1 VALUES<br>(&#039;LDP91C60PE200001&#039;,&#039;追光&#039;,&#039;EV&#039;,&#039;H53a&#039;,&#039;常规&#039;,&#039;四驱&#039;,&#039;N3&#039;,1,&#039;2025-10-01&#039;),<br>(&#039;LDP91C60PE200002&#039;,&#039;追光&#039;,&#039;EV&#039;,&#039;H53a&#039;,&#039;常规&#039;,&#039;四驱&#039;,&#039;N3&#039;,0,&#039;2025-10-01&#039;),<br>(&#039;LDP91C60PE200003&#039;,&#039;追光&#039;,&#039;EV&#039;,&#039;H53a&#039;,&#039;常规&#039;,&#039;四驱&#039;,&#039;N3&#039;,1,&#039;2025-10-01&#039;),<br>(&#039;LDP91C60PE200004&#039;,&#039;追光&#039;,&#039;EV&#039;,&#039;H53a&#039;,&#039;常规&#039;,&#039;四驱&#039;,&#039;N3&#039;,NULL,&#039;2025-10-01&#039;),<br>(&#039;LDP91C60PE200005&#039;,&#039;追光&#039;,&#039;EV&#039;,&#039;H53a&#039;,&#039;常规&#039;,&#039;四驱&#039;,&#039;N3&#039;,1,&#039;2025-10-01&#039;),<br>(&#039;LDP91C60PE200001&#039;,&#039;追光&#039;,&#039;EV&#039;,&#039;H53a&#039;,&#039;常规&#039;,&#039;四驱&#039;,&#039;N3&#039;,1,&#039;2025-10-01&#039;),<br>(&#039;LDP91C60PE200002&#039;,&#039;追光&#039;,&#039;EV&#039;,&#039;H53a&#039;,&#039;常规&#039;,&#039;四驱&#039;,&#039;N3&#039;,1,&#039;2025-10-01&#039;),<br>(&#039;LDP91C60PE200003&#039;,&#039;追光&#039;,&#039;EV&#039;,&#039;H53a&#039;,&#039;常规&#039;,&#039;四驱&#039;,&#039;N3&#039;,1,&#039;2025-10-01&#039;);<br><br>SELECT * FROM vehicle_info_part1;<br><br><br>DROP TABLE IF EXISTS vehicle_info_part2;<br><br>CREATE TABLE vehicle_info_part2 (<br>  vin           VARCHAR(64) COMMENT &#039;车辆唯一识别码&#039;,<br>  car_series    STRING COMMENT &#039;车系&#039;,<br>  car_power     STRING COMMENT &#039;动力类型&#039;,<br>  car_config    STRING COMMENT &#039;车型配置&#039;,<br>  car_endurance STRING COMMENT &#039;续航类型&#039;,<br>  drive_type    STRING COMMENT &#039;驱动形式&#039;,<br>  car_equipment STRING COMMENT &#039;车辆配置版本&#039;,<br>  is_certific   INT COMMENT &#039;是否认证&#039;,<br>  delivery_time DATE COMMENT &#039;交付日期&#039;<br>)<br>ENGINE=OLAP<br>DUPLICATE KEY(vin)<br>PARTITION BY RANGE(delivery_time) (<br>  PARTITION p20251003 VALUES [(&#039;2025-10-03&#039;), (&#039;2025-10-04&#039;)),<br>  PARTITION p20251004 VALUES [(&#039;2025-10-04&#039;), (&#039;2025-10-05&#039;))<br>)<br>DISTRIBUTED BY HASH(vin) BUCKETS 10<br>PROPERTIES (<br>  replication_num = 1<br>);<br>-- p20251003 分区（2025-10-03）<br>INSERT INTO vehicle_info_part2 VALUES<br>(&#039;LDP91C60PE200011&#039;,&#039;知音&#039;,&#039;EREV&#039;,&#039;H60&#039;,&#039;常规&#039;,&#039;两驱&#039;,&#039;N3&#039;,0,&#039;2025-10-03&#039;),<br>(&#039;LDP91C60PE200012&#039;,&#039;知音&#039;,&#039;EREV&#039;,&#039;H60&#039;,&#039;常规&#039;,&#039;两驱&#039;,&#039;N3&#039;,1,&#039;2025-10-03&#039;),<br>(&#039;LDP91C60PE200013&#039;,&#039;知音&#039;,&#039;EREV&#039;,&#039;H60&#039;,&#039;长续航&#039;,&#039;四驱&#039;,&#039;N5&#039;,1,&#039;2025-10-03&#039;),<br>(&#039;LDP91C60PE200014&#039;,&#039;知音&#039;,&#039;EREV&#039;,&#039;H60&#039;,&#039;长续航&#039;,&#039;四驱&#039;,&#039;N5&#039;,NULL,&#039;2025-10-03&#039;),<br>(&#039;LDP91C60PE200015&#039;,&#039;知音&#039;,&#039;EREV&#039;,&#039;H60&#039;,&#039;常规&#039;,&#039;四驱&#039;,&#039;N3&#039;,1,&#039;2025-10-03&#039;);<br><br>SELECT * FROM vehicle_info_part2;<br><br>DROP TABLE IF EXISTS vehicle_info_part3;<br><br>CREATE TABLE vehicle_info_part3 (<br>  vin           VARCHAR(64) COMMENT &#039;车辆唯一识别码&#039;,<br>  car_series    STRING COMMENT &#039;车系&#039;,<br>  car_power     STRING COMMENT &#039;动力类型&#039;,<br>  car_config    STRING COMMENT &#039;车型配置&#039;,<br>  car_endurance STRING COMMENT &#039;续航类型&#039;,<br>  drive_type    STRING COMMENT &#039;驱动形式&#039;,<br>  car_equipment STRING COMMENT &#039;车辆配置版本&#039;,<br>  is_certific   INT COMMENT &#039;是否认证&#039;,<br>  delivery_time DATE COMMENT &#039;交付日期&#039;<br>)<br>ENGINE=OLAP<br>DUPLICATE KEY(vin)<br>PARTITION BY RANGE(delivery_time) (<br>  PARTITION p20251001 VALUES [(&#039;2025-10-01&#039;), (&#039;2025-10-02&#039;)),<br>  PARTITION p20251002 VALUES [(&#039;2025-10-02&#039;), (&#039;2025-10-03&#039;))<br>)<br>DISTRIBUTED BY HASH(vin) BUCKETS 10<br>PROPERTIES (<br>  replication_num = 1<br>);<br>-- p20251001 分区（2025-10-01）<br>INSERT INTO vehicle_info_part3 VALUES<br>(&#039;LDP91C60PE200001&#039;,&#039;追光&#039;,&#039;EV&#039;,&#039;H53a&#039;,&#039;常规&#039;,&#039;四驱&#039;,&#039;N3&#039;,1,&#039;2025-10-01&#039;),<br>(&#039;LDP91C60PE200002&#039;,&#039;追光&#039;,&#039;EV&#039;,&#039;H53a&#039;,&#039;常规&#039;,&#039;四驱&#039;,&#039;N3&#039;,0,&#039;2025-10-01&#039;),<br>(&#039;LDP91C60PE200003&#039;,&#039;追光&#039;,&#039;EV&#039;,&#039;H53a&#039;,&#039;常规&#039;,&#039;四驱&#039;,&#039;N3&#039;,1,&#039;2025-10-01&#039;),<br>(&#039;LDP91C60PE200004&#039;,&#039;追光&#039;,&#039;EV&#039;,&#039;H53a&#039;,&#039;常规&#039;,&#039;四驱&#039;,&#039;N3&#039;,NULL,&#039;2025-10-01&#039;),<br>(&#039;LDP91C60PE200005&#039;,&#039;追光&#039;,&#039;EV&#039;,&#039;H53a&#039;,&#039;常规&#039;,&#039;四驱&#039;,&#039;N3&#039;,1,&#039;2025-10-01&#039;),<br>(&#039;LDP91C60PE200001&#039;,&#039;追光&#039;,&#039;EV&#039;,&#039;H53a&#039;,&#039;常规&#039;,&#039;四驱&#039;,&#039;N3&#039;,1,&#039;2025-10-01&#039;),<br>(&#039;LDP91C60PE200002&#039;,&#039;追光&#039;,&#039;EV&#039;,&#039;H53a&#039;,&#039;常规&#039;,&#039;四驱&#039;,&#039;N3&#039;,1,&#039;2025-10-01&#039;),<br>(&#039;LDP91C60PE200003&#039;,&#039;追光&#039;,&#039;EV&#039;,&#039;H53a&#039;,&#039;常规&#039;,&#039;四驱&#039;,&#039;N3&#039;,1,&#039;2025-10-01&#039;);<br><br>SELECT * FROM vehicle_info_part3;<br><br><br>DROP TABLE IF EXISTS vehicle_info_part4;<br><br>CREATE TABLE vehicle_info_part4 (<br>  vin           VARCHAR(64) COMMENT &#039;车辆唯一识别码&#039;,<br>  car_series    STRING COMMENT &#039;车系&#039;,<br>  car_power     STRING COMMENT &#039;动力类型&#039;,<br>  car_config    STRING COMMENT &#039;车型配置&#039;,<br>  car_endurance STRING COMMENT &#039;续航类型&#039;,<br>  drive_type    STRING COMMENT &#039;驱动形式&#039;,<br>  car_equipment STRING COMMENT &#039;车辆配置版本&#039;,<br>  is_certific   INT COMMENT &#039;是否认证&#039;,<br>  delivery_time DATE COMMENT &#039;交付日期&#039;<br>)<br>ENGINE=OLAP<br>DUPLICATE KEY(vin)<br>PARTITION BY RANGE(delivery_time) (<br>  PARTITION p20251001 VALUES [(&#039;2025-10-01&#039;), (&#039;2025-10-02&#039;)),<br>  PARTITION p20251002 VALUES [(&#039;2025-10-02&#039;), (&#039;2025-10-03&#039;))<br>)<br>DISTRIBUTED BY HASH(vin) BUCKETS 10<br>PROPERTIES (<br>  replication_num = 1<br>);<br>-- p20251001 分区（2025-10-01）<br>INSERT INTO vehicle_info_part4 VALUES<br>(&#039;LDP91C60PE200001&#039;,&#039;追光&#039;,&#039;EV&#039;,&#039;H53a&#039;,&#039;常规&#039;,&#039;四驱&#039;,&#039;N3&#039;,1,&#039;2025-10-01&#039;),<br>(&#039;LDP91C60PE200002&#039;,&#039;追光&#039;,&#039;EV&#039;,&#039;H53a&#039;,&#039;常规&#039;,&#039;四驱&#039;,&#039;N3&#039;,0,&#039;2025-10-01&#039;),<br>(&#039;LDP91C60PE200003&#039;,&#039;追光&#039;,&#039;EV&#039;,&#039;H53a&#039;,&#039;常规&#039;,&#039;四驱&#039;,&#039;N3&#039;,1,&#039;2025-10-01&#039;),<br>(&#039;LDP91C60PE200004&#039;,&#039;追光&#039;,&#039;EV&#039;,&#039;H53a&#039;,&#039;常规&#039;,&#039;四驱&#039;,&#039;N3&#039;,NULL,&#039;2025-10-01&#039;),<br>(&#039;LDP91C60PE200005&#039;,&#039;追光&#039;,&#039;EV&#039;,&#039;H53a&#039;,&#039;常规&#039;,&#039;四驱&#039;,&#039;N3&#039;,1,&#039;2025-10-01&#039;),<br>(&#039;LDP91C60PE200001&#039;,&#039;追光&#039;,&#039;EV&#039;,&#039;H53a&#039;,&#039;常规&#039;,&#039;四驱&#039;,&#039;N3&#039;,1,&#039;2025-10-01&#039;),<br>(&#039;LDP91C60PE200002&#039;,&#039;追光&#039;,&#039;EV&#039;,&#039;H53a&#039;,&#039;常规&#039;,&#039;四驱&#039;,&#039;N3&#039;,1,&#039;2025-10-01&#039;),<br>(&#039;LDP91C60PE200003&#039;,&#039;追光&#039;,&#039;EV&#039;,&#039;H53a&#039;,&#039;常规&#039;,&#039;四驱&#039;,&#039;N3&#039;,1,&#039;2025-10-01&#039;);<br><br>SELECT * FROM vehicle_info_part4;<br><br>DROP TABLE IF EXISTS vehicle_info_part5;<br><br>CREATE TABLE vehicle_info_part5 (<br>  vin           VARCHAR(64) COMMENT &#039;车辆唯一识别码&#039;,<br>  car_series    STRING COMMENT &#039;车系&#039;,<br>  car_power     STRING COMMENT &#039;动力类型&#039;,<br>  car_config    STRING COMMENT &#039;车型配置&#039;,<br>  car_endurance STRING COMMENT &#039;续航类型&#039;,<br>  drive_type    STRING COMMENT &#039;驱动形式&#039;,<br>  car_equipment STRING COMMENT &#039;车辆配置版本&#039;,<br>  is_certific   INT COMMENT &#039;是否认证&#039;,<br>  delivery_time DATE COMMENT &#039;交付日期&#039;<br>)<br>ENGINE=OLAP<br>DUPLICATE KEY(vin)<br>PARTITION BY RANGE(delivery_time) (<br>  PARTITION p20251001 VALUES [(&#039;2025-10-01&#039;), (&#039;2025-10-02&#039;)),<br>  PARTITION p20251002 VALUES [(&#039;2025-10-02&#039;), (&#039;2025-10-03&#039;))<br>)<br>DISTRIBUTED BY HASH(vin) BUCKETS 10<br>PROPERTIES (<br>  replication_num = 1<br>);<br>-- p20251001 分区（2025-10-01）<br>INSERT INTO vehicle_info_part5 VALUES<br>(&#039;LDP91C60PE200001&#039;,&#039;追光&#039;,&#039;EV&#039;,&#039;H53a&#039;,&#039;常规&#039;,&#039;四驱&#039;,&#039;N3&#039;,1,&#039;2025-10-01&#039;),<br>(&#039;LDP91C60PE200002&#039;,&#039;追光&#039;,&#039;EV&#039;,&#039;H53a&#039;,&#039;常规&#039;,&#039;四驱&#039;,&#039;N3&#039;,0,&#039;2025-10-01&#039;),<br>(&#039;LDP91C60PE200003&#039;,&#039;追光&#039;,&#039;EV&#039;,&#039;H53a&#039;,&#039;常规&#039;,&#039;四驱&#039;,&#039;N3&#039;,1,&#039;2025-10-01&#039;),<br>(&#039;LDP91C60PE200004&#039;,&#039;追光&#039;,&#039;EV&#039;,&#039;H53a&#039;,&#039;常规&#039;,&#039;四驱&#039;,&#039;N3&#039;,NULL,&#039;2025-10-01&#039;),<br>(&#039;LDP91C60PE200005&#039;,&#039;追光&#039;,&#039;EV&#039;,&#039;H53a&#039;,&#039;常规&#039;,&#039;四驱&#039;,&#039;N3&#039;,1,&#039;2025-10-01&#039;),<br>(&#039;LDP91C60PE200001&#039;,&#039;追光&#039;,&#039;EV&#039;,&#039;H53a&#039;,&#039;常规&#039;,&#039;四驱&#039;,&#039;N3&#039;,1,&#039;2025-10-01&#039;),<br>(&#039;LDP91C60PE200002&#039;,&#039;追光&#039;,&#039;EV&#039;,&#039;H53a&#039;,&#039;常规&#039;,&#039;四驱&#039;,&#039;N3&#039;,1,&#039;2025-10-01&#039;),<br>(&#039;LDP91C60PE200003&#039;,&#039;追光&#039;,&#039;EV&#039;,&#039;H53a&#039;,&#039;常规&#039;,&#039;四驱&#039;,&#039;N3&#039;,1,&#039;2025-10-01&#039;);<br><br>SELECT * FROM vehicle_info_part5;","1. 进入【数据资产】-【元数据】-【元数据同步】页面
2. 点击「新增周期同步任务」
3. 「数据源」: ${建表所在的Doris 3.x数据源}
「数据库」: ${建表所在的Doris 3.x数据库}
「数据表」: vehicle_info_part4 ~5
4. 点击「下一步」, 保持默认选项, 点击「新增」按钮
5. 进入数据地图页面, 查询关键词vehicle_info_part","1. 进入成功
2. 弹出「新增周期同步任务」弹窗
3. 配置成功
4. 1) 「新增周期同步任务」弹窗关闭, 并Toast提示: 新增周期同步任务成功
2) 同步状态为等待同步
3) 等到第二天00:00, 同步状态变更为同步中, 等待一段时间后, 状态变更为同步完成
5. 显示已同步的Doris 3.x的两张表","1. 
2. 
3. 
4. 
5.","","1","功能测试","功能测试阶段","正常","0","2","5","通过","向林","2026-03-18","","0000-00-00","1","",""
"181400","数据资产_STD(#23)","/版本迭代测试用例/v6.4.9/【数据资产】元数据、数据质量适配doris3.x(#10306)","","元数据 元数据同步 验证 「元数据」中 Doris 3.x 元数据临时同步功能正常","1) 数据资产-平台管理-数据源管理中已存在Doris3.x数据源<br>2) Doris3.x数据源已授权给质量项目<br>3) Doris3.x底层数据源已存在数据表, 建表语句如下:<br><br>DROP TABLE IF EXISTS vehicle_info_part1;<br><br>CREATE TABLE vehicle_info_part1 (<br>  vin           VARCHAR(64) COMMENT &#039;车辆唯一识别码&#039;,<br>  car_series    STRING COMMENT &#039;车系&#039;,<br>  car_power     STRING COMMENT &#039;动力类型&#039;,<br>  car_config    STRING COMMENT &#039;车型配置&#039;,<br>  car_endurance STRING COMMENT &#039;续航类型&#039;,<br>  drive_type    STRING COMMENT &#039;驱动形式&#039;,<br>  car_equipment STRING COMMENT &#039;车辆配置版本&#039;,<br>  is_certific   INT COMMENT &#039;是否认证&#039;,<br>  delivery_time DATE COMMENT &#039;交付日期&#039;<br>)<br>ENGINE=OLAP<br>DUPLICATE KEY(vin)<br>PARTITION BY RANGE(delivery_time) (<br>  PARTITION p20251001 VALUES [(&#039;2025-10-01&#039;), (&#039;2025-10-02&#039;)),<br>  PARTITION p20251002 VALUES [(&#039;2025-10-02&#039;), (&#039;2025-10-03&#039;))<br>)<br>DISTRIBUTED BY HASH(vin) BUCKETS 10<br>PROPERTIES (<br>  replication_num = 1<br>);<br>-- p20251001 分区（2025-10-01）<br>INSERT INTO vehicle_info_part1 VALUES<br>(&#039;LDP91C60PE200001&#039;,&#039;追光&#039;,&#039;EV&#039;,&#039;H53a&#039;,&#039;常规&#039;,&#039;四驱&#039;,&#039;N3&#039;,1,&#039;2025-10-01&#039;),<br>(&#039;LDP91C60PE200002&#039;,&#039;追光&#039;,&#039;EV&#039;,&#039;H53a&#039;,&#039;常规&#039;,&#039;四驱&#039;,&#039;N3&#039;,0,&#039;2025-10-01&#039;),<br>(&#039;LDP91C60PE200003&#039;,&#039;追光&#039;,&#039;EV&#039;,&#039;H53a&#039;,&#039;常规&#039;,&#039;四驱&#039;,&#039;N3&#039;,1,&#039;2025-10-01&#039;),<br>(&#039;LDP91C60PE200004&#039;,&#039;追光&#039;,&#039;EV&#039;,&#039;H53a&#039;,&#039;常规&#039;,&#039;四驱&#039;,&#039;N3&#039;,NULL,&#039;2025-10-01&#039;),<br>(&#039;LDP91C60PE200005&#039;,&#039;追光&#039;,&#039;EV&#039;,&#039;H53a&#039;,&#039;常规&#039;,&#039;四驱&#039;,&#039;N3&#039;,1,&#039;2025-10-01&#039;),<br>(&#039;LDP91C60PE200001&#039;,&#039;追光&#039;,&#039;EV&#039;,&#039;H53a&#039;,&#039;常规&#039;,&#039;四驱&#039;,&#039;N3&#039;,1,&#039;2025-10-01&#039;),<br>(&#039;LDP91C60PE200002&#039;,&#039;追光&#039;,&#039;EV&#039;,&#039;H53a&#039;,&#039;常规&#039;,&#039;四驱&#039;,&#039;N3&#039;,1,&#039;2025-10-01&#039;),<br>(&#039;LDP91C60PE200003&#039;,&#039;追光&#039;,&#039;EV&#039;,&#039;H53a&#039;,&#039;常规&#039;,&#039;四驱&#039;,&#039;N3&#039;,1,&#039;2025-10-01&#039;);<br><br>SELECT * FROM vehicle_info_part1;<br><br><br>DROP TABLE IF EXISTS vehicle_info_part2;<br><br>CREATE TABLE vehicle_info_part2 (<br>  vin           VARCHAR(64) COMMENT &#039;车辆唯一识别码&#039;,<br>  car_series    STRING COMMENT &#039;车系&#039;,<br>  car_power     STRING COMMENT &#039;动力类型&#039;,<br>  car_config    STRING COMMENT &#039;车型配置&#039;,<br>  car_endurance STRING COMMENT &#039;续航类型&#039;,<br>  drive_type    STRING COMMENT &#039;驱动形式&#039;,<br>  car_equipment STRING COMMENT &#039;车辆配置版本&#039;,<br>  is_certific   INT COMMENT &#039;是否认证&#039;,<br>  delivery_time DATE COMMENT &#039;交付日期&#039;<br>)<br>ENGINE=OLAP<br>DUPLICATE KEY(vin)<br>PARTITION BY RANGE(delivery_time) (<br>  PARTITION p20251003 VALUES [(&#039;2025-10-03&#039;), (&#039;2025-10-04&#039;)),<br>  PARTITION p20251004 VALUES [(&#039;2025-10-04&#039;), (&#039;2025-10-05&#039;))<br>)<br>DISTRIBUTED BY HASH(vin) BUCKETS 10<br>PROPERTIES (<br>  replication_num = 1<br>);<br>-- p20251003 分区（2025-10-03）<br>INSERT INTO vehicle_info_part2 VALUES<br>(&#039;LDP91C60PE200011&#039;,&#039;知音&#039;,&#039;EREV&#039;,&#039;H60&#039;,&#039;常规&#039;,&#039;两驱&#039;,&#039;N3&#039;,0,&#039;2025-10-03&#039;),<br>(&#039;LDP91C60PE200012&#039;,&#039;知音&#039;,&#039;EREV&#039;,&#039;H60&#039;,&#039;常规&#039;,&#039;两驱&#039;,&#039;N3&#039;,1,&#039;2025-10-03&#039;),<br>(&#039;LDP91C60PE200013&#039;,&#039;知音&#039;,&#039;EREV&#039;,&#039;H60&#039;,&#039;长续航&#039;,&#039;四驱&#039;,&#039;N5&#039;,1,&#039;2025-10-03&#039;),<br>(&#039;LDP91C60PE200014&#039;,&#039;知音&#039;,&#039;EREV&#039;,&#039;H60&#039;,&#039;长续航&#039;,&#039;四驱&#039;,&#039;N5&#039;,NULL,&#039;2025-10-03&#039;),<br>(&#039;LDP91C60PE200015&#039;,&#039;知音&#039;,&#039;EREV&#039;,&#039;H60&#039;,&#039;常规&#039;,&#039;四驱&#039;,&#039;N3&#039;,1,&#039;2025-10-03&#039;);<br><br>SELECT * FROM vehicle_info_part2;<br><br>DROP TABLE IF EXISTS vehicle_info_part3;<br><br>CREATE TABLE vehicle_info_part3 (<br>  vin           VARCHAR(64) COMMENT &#039;车辆唯一识别码&#039;,<br>  car_series    STRING COMMENT &#039;车系&#039;,<br>  car_power     STRING COMMENT &#039;动力类型&#039;,<br>  car_config    STRING COMMENT &#039;车型配置&#039;,<br>  car_endurance STRING COMMENT &#039;续航类型&#039;,<br>  drive_type    STRING COMMENT &#039;驱动形式&#039;,<br>  car_equipment STRING COMMENT &#039;车辆配置版本&#039;,<br>  is_certific   INT COMMENT &#039;是否认证&#039;,<br>  delivery_time DATE COMMENT &#039;交付日期&#039;<br>)<br>ENGINE=OLAP<br>DUPLICATE KEY(vin)<br>PARTITION BY RANGE(delivery_time) (<br>  PARTITION p20251001 VALUES [(&#039;2025-10-01&#039;), (&#039;2025-10-02&#039;)),<br>  PARTITION p20251002 VALUES [(&#039;2025-10-02&#039;), (&#039;2025-10-03&#039;))<br>)<br>DISTRIBUTED BY HASH(vin) BUCKETS 10<br>PROPERTIES (<br>  replication_num = 1<br>);<br>-- p20251001 分区（2025-10-01）<br>INSERT INTO vehicle_info_part3 VALUES<br>(&#039;LDP91C60PE200001&#039;,&#039;追光&#039;,&#039;EV&#039;,&#039;H53a&#039;,&#039;常规&#039;,&#039;四驱&#039;,&#039;N3&#039;,1,&#039;2025-10-01&#039;),<br>(&#039;LDP91C60PE200002&#039;,&#039;追光&#039;,&#039;EV&#039;,&#039;H53a&#039;,&#039;常规&#039;,&#039;四驱&#039;,&#039;N3&#039;,0,&#039;2025-10-01&#039;),<br>(&#039;LDP91C60PE200003&#039;,&#039;追光&#039;,&#039;EV&#039;,&#039;H53a&#039;,&#039;常规&#039;,&#039;四驱&#039;,&#039;N3&#039;,1,&#039;2025-10-01&#039;),<br>(&#039;LDP91C60PE200004&#039;,&#039;追光&#039;,&#039;EV&#039;,&#039;H53a&#039;,&#039;常规&#039;,&#039;四驱&#039;,&#039;N3&#039;,NULL,&#039;2025-10-01&#039;),<br>(&#039;LDP91C60PE200005&#039;,&#039;追光&#039;,&#039;EV&#039;,&#039;H53a&#039;,&#039;常规&#039;,&#039;四驱&#039;,&#039;N3&#039;,1,&#039;2025-10-01&#039;),<br>(&#039;LDP91C60PE200001&#039;,&#039;追光&#039;,&#039;EV&#039;,&#039;H53a&#039;,&#039;常规&#039;,&#039;四驱&#039;,&#039;N3&#039;,1,&#039;2025-10-01&#039;),<br>(&#039;LDP91C60PE200002&#039;,&#039;追光&#039;,&#039;EV&#039;,&#039;H53a&#039;,&#039;常规&#039;,&#039;四驱&#039;,&#039;N3&#039;,1,&#039;2025-10-01&#039;),<br>(&#039;LDP91C60PE200003&#039;,&#039;追光&#039;,&#039;EV&#039;,&#039;H53a&#039;,&#039;常规&#039;,&#039;四驱&#039;,&#039;N3&#039;,1,&#039;2025-10-01&#039;);<br><br>SELECT * FROM vehicle_info_part3;<br><br><br>DROP TABLE IF EXISTS vehicle_info_part4;<br><br>CREATE TABLE vehicle_info_part4 (<br>  vin           VARCHAR(64) COMMENT &#039;车辆唯一识别码&#039;,<br>  car_series    STRING COMMENT &#039;车系&#039;,<br>  car_power     STRING COMMENT &#039;动力类型&#039;,<br>  car_config    STRING COMMENT &#039;车型配置&#039;,<br>  car_endurance STRING COMMENT &#039;续航类型&#039;,<br>  drive_type    STRING COMMENT &#039;驱动形式&#039;,<br>  car_equipment STRING COMMENT &#039;车辆配置版本&#039;,<br>  is_certific   INT COMMENT &#039;是否认证&#039;,<br>  delivery_time DATE COMMENT &#039;交付日期&#039;<br>)<br>ENGINE=OLAP<br>DUPLICATE KEY(vin)<br>PARTITION BY RANGE(delivery_time) (<br>  PARTITION p20251001 VALUES [(&#039;2025-10-01&#039;), (&#039;2025-10-02&#039;)),<br>  PARTITION p20251002 VALUES [(&#039;2025-10-02&#039;), (&#039;2025-10-03&#039;))<br>)<br>DISTRIBUTED BY HASH(vin) BUCKETS 10<br>PROPERTIES (<br>  replication_num = 1<br>);<br>-- p20251001 分区（2025-10-01）<br>INSERT INTO vehicle_info_part4 VALUES<br>(&#039;LDP91C60PE200001&#039;,&#039;追光&#039;,&#039;EV&#039;,&#039;H53a&#039;,&#039;常规&#039;,&#039;四驱&#039;,&#039;N3&#039;,1,&#039;2025-10-01&#039;),<br>(&#039;LDP91C60PE200002&#039;,&#039;追光&#039;,&#039;EV&#039;,&#039;H53a&#039;,&#039;常规&#039;,&#039;四驱&#039;,&#039;N3&#039;,0,&#039;2025-10-01&#039;),<br>(&#039;LDP91C60PE200003&#039;,&#039;追光&#039;,&#039;EV&#039;,&#039;H53a&#039;,&#039;常规&#039;,&#039;四驱&#039;,&#039;N3&#039;,1,&#039;2025-10-01&#039;),<br>(&#039;LDP91C60PE200004&#039;,&#039;追光&#039;,&#039;EV&#039;,&#039;H53a&#039;,&#039;常规&#039;,&#039;四驱&#039;,&#039;N3&#039;,NULL,&#039;2025-10-01&#039;),<br>(&#039;LDP91C60PE200005&#039;,&#039;追光&#039;,&#039;EV&#039;,&#039;H53a&#039;,&#039;常规&#039;,&#039;四驱&#039;,&#039;N3&#039;,1,&#039;2025-10-01&#039;),<br>(&#039;LDP91C60PE200001&#039;,&#039;追光&#039;,&#039;EV&#039;,&#039;H53a&#039;,&#039;常规&#039;,&#039;四驱&#039;,&#039;N3&#039;,1,&#039;2025-10-01&#039;),<br>(&#039;LDP91C60PE200002&#039;,&#039;追光&#039;,&#039;EV&#039;,&#039;H53a&#039;,&#039;常规&#039;,&#039;四驱&#039;,&#039;N3&#039;,1,&#039;2025-10-01&#039;),<br>(&#039;LDP91C60PE200003&#039;,&#039;追光&#039;,&#039;EV&#039;,&#039;H53a&#039;,&#039;常规&#039;,&#039;四驱&#039;,&#039;N3&#039;,1,&#039;2025-10-01&#039;);<br><br>SELECT * FROM vehicle_info_part4;<br><br>DROP TABLE IF EXISTS vehicle_info_part5;<br><br>CREATE TABLE vehicle_info_part5 (<br>  vin           VARCHAR(64) COMMENT &#039;车辆唯一识别码&#039;,<br>  car_series    STRING COMMENT &#039;车系&#039;,<br>  car_power     STRING COMMENT &#039;动力类型&#039;,<br>  car_config    STRING COMMENT &#039;车型配置&#039;,<br>  car_endurance STRING COMMENT &#039;续航类型&#039;,<br>  drive_type    STRING COMMENT &#039;驱动形式&#039;,<br>  car_equipment STRING COMMENT &#039;车辆配置版本&#039;,<br>  is_certific   INT COMMENT &#039;是否认证&#039;,<br>  delivery_time DATE COMMENT &#039;交付日期&#039;<br>)<br>ENGINE=OLAP<br>DUPLICATE KEY(vin)<br>PARTITION BY RANGE(delivery_time) (<br>  PARTITION p20251001 VALUES [(&#039;2025-10-01&#039;), (&#039;2025-10-02&#039;)),<br>  PARTITION p20251002 VALUES [(&#039;2025-10-02&#039;), (&#039;2025-10-03&#039;))<br>)<br>DISTRIBUTED BY HASH(vin) BUCKETS 10<br>PROPERTIES (<br>  replication_num = 1<br>);<br>-- p20251001 分区（2025-10-01）<br>INSERT INTO vehicle_info_part5 VALUES<br>(&#039;LDP91C60PE200001&#039;,&#039;追光&#039;,&#039;EV&#039;,&#039;H53a&#039;,&#039;常规&#039;,&#039;四驱&#039;,&#039;N3&#039;,1,&#039;2025-10-01&#039;),<br>(&#039;LDP91C60PE200002&#039;,&#039;追光&#039;,&#039;EV&#039;,&#039;H53a&#039;,&#039;常规&#039;,&#039;四驱&#039;,&#039;N3&#039;,0,&#039;2025-10-01&#039;),<br>(&#039;LDP91C60PE200003&#039;,&#039;追光&#039;,&#039;EV&#039;,&#039;H53a&#039;,&#039;常规&#039;,&#039;四驱&#039;,&#039;N3&#039;,1,&#039;2025-10-01&#039;),<br>(&#039;LDP91C60PE200004&#039;,&#039;追光&#039;,&#039;EV&#039;,&#039;H53a&#039;,&#039;常规&#039;,&#039;四驱&#039;,&#039;N3&#039;,NULL,&#039;2025-10-01&#039;),<br>(&#039;LDP91C60PE200005&#039;,&#039;追光&#039;,&#039;EV&#039;,&#039;H53a&#039;,&#039;常规&#039;,&#039;四驱&#039;,&#039;N3&#039;,1,&#039;2025-10-01&#039;),<br>(&#039;LDP91C60PE200001&#039;,&#039;追光&#039;,&#039;EV&#039;,&#039;H53a&#039;,&#039;常规&#039;,&#039;四驱&#039;,&#039;N3&#039;,1,&#039;2025-10-01&#039;),<br>(&#039;LDP91C60PE200002&#039;,&#039;追光&#039;,&#039;EV&#039;,&#039;H53a&#039;,&#039;常规&#039;,&#039;四驱&#039;,&#039;N3&#039;,1,&#039;2025-10-01&#039;),<br>(&#039;LDP91C60PE200003&#039;,&#039;追光&#039;,&#039;EV&#039;,&#039;H53a&#039;,&#039;常规&#039;,&#039;四驱&#039;,&#039;N3&#039;,1,&#039;2025-10-01&#039;);<br><br>SELECT * FROM vehicle_info_part5;","1. 进入【数据资产】-【元数据】-【元数据同步】页面
2. 点击「新增周期同步任务」
3. 「数据源」: ${建表所在的Doris 3.x数据源}
「数据库」: ${建表所在的Doris 3.x数据库}
「数据表」: vehicle_info_part1 ~3
4. 点击「临时同步」按钮
5. 进入数据地图页面, 查询关键词vehicle_info_part","1. 进入成功
2. 弹出「新增周期同步任务」弹窗
3. 配置成功
4. 1) 「新增周期同步任务」弹窗关闭, 并Toast提示: 临时同步成功
2) 同步状态为同步中, 等待一段时间后, 同步状态变更为同步完成
5. 显示已同步的Doris 3.x的三张表","1. 
2. 
3. 
4. 
5.","","2","功能测试","功能测试阶段","正常","0","1","5","通过","向林","2026-03-18","","0000-00-00","1","",""
"181399","数据资产_STD(#23)","/版本迭代测试用例/v6.4.9/【数据资产】元数据、数据质量适配doris3.x(#10306)","","元数据 元数据同步 验证 「元数据」中 Doris 3.x 元数据同步任务中过滤规则的有效性","1) 资产平台已自动对接离线平台中带Meta标识的Doris 3.x数据源<br>2) 在离线开发平台中创建DorisSQL任务并执行, 建表语句如下:<br>DROP TABLE IF EXISTS vehicle_info_part6;<br><br>CREATE TABLE vehicle_info_part6 (<br>  vin           VARCHAR(64) COMMENT &#039;车辆唯一识别码&#039;,<br>  car_series    STRING COMMENT &#039;车系&#039;,<br>  car_power     STRING COMMENT &#039;动力类型&#039;,<br>  car_config    STRING COMMENT &#039;车型配置&#039;,<br>  car_endurance STRING COMMENT &#039;续航类型&#039;,<br>  drive_type    STRING COMMENT &#039;驱动形式&#039;,<br>  car_equipment STRING COMMENT &#039;车辆配置版本&#039;,<br>  is_certific   INT COMMENT &#039;是否认证&#039;,<br>  delivery_time DATE COMMENT &#039;交付日期&#039;<br>)<br>ENGINE=OLAP<br>DUPLICATE KEY(vin)<br>PARTITION BY RANGE(delivery_time) (<br>  PARTITION p20251001 VALUES [(&#039;2025-10-01&#039;), (&#039;2025-10-02&#039;)),<br>  PARTITION p20251002 VALUES [(&#039;2025-10-02&#039;), (&#039;2025-10-03&#039;))<br>)<br>DISTRIBUTED BY HASH(vin) BUCKETS 10<br>PROPERTIES (<br>  replication_num = 1<br>);<br>-- p20251001 分区（2025-10-01）<br>INSERT INTO vehicle_info_part6 VALUES<br>(&#039;LDP91C60PE200001&#039;,&#039;追光&#039;,&#039;EV&#039;,&#039;H53a&#039;,&#039;常规&#039;,&#039;四驱&#039;,&#039;N3&#039;,1,&#039;2025-10-01&#039;),<br>(&#039;LDP91C60PE200002&#039;,&#039;追光&#039;,&#039;EV&#039;,&#039;H53a&#039;,&#039;常规&#039;,&#039;四驱&#039;,&#039;N3&#039;,0,&#039;2025-10-01&#039;),<br>(&#039;LDP91C60PE200003&#039;,&#039;追光&#039;,&#039;EV&#039;,&#039;H53a&#039;,&#039;常规&#039;,&#039;四驱&#039;,&#039;N3&#039;,1,&#039;2025-10-01&#039;),<br>(&#039;LDP91C60PE200004&#039;,&#039;追光&#039;,&#039;EV&#039;,&#039;H53a&#039;,&#039;常规&#039;,&#039;四驱&#039;,&#039;N3&#039;,NULL,&#039;2025-10-01&#039;),<br>(&#039;LDP91C60PE200005&#039;,&#039;追光&#039;,&#039;EV&#039;,&#039;H53a&#039;,&#039;常规&#039;,&#039;四驱&#039;,&#039;N3&#039;,1,&#039;2025-10-01&#039;),<br>(&#039;LDP91C60PE200001&#039;,&#039;追光&#039;,&#039;EV&#039;,&#039;H53a&#039;,&#039;常规&#039;,&#039;四驱&#039;,&#039;N3&#039;,1,&#039;2025-10-01&#039;),<br>(&#039;LDP91C60PE200002&#039;,&#039;追光&#039;,&#039;EV&#039;,&#039;H53a&#039;,&#039;常规&#039;,&#039;四驱&#039;,&#039;N3&#039;,1,&#039;2025-10-01&#039;),<br>(&#039;LDP91C60PE200003&#039;,&#039;追光&#039;,&#039;EV&#039;,&#039;H53a&#039;,&#039;常规&#039;,&#039;四驱&#039;,&#039;N3&#039;,1,&#039;2025-10-01&#039;);<br><br>SELECT * FROM vehicle_info_part6;<br><br><br>DROP TABLE IF EXISTS vehicle_info_part7;<br><br>CREATE TABLE vehicle_info_part7 (<br>  vin           VARCHAR(64) COMMENT &#039;车辆唯一识别码&#039;,<br>  car_series    STRING COMMENT &#039;车系&#039;,<br>  car_power     STRING COMMENT &#039;动力类型&#039;,<br>  car_config    STRING COMMENT &#039;车型配置&#039;,<br>  car_endurance STRING COMMENT &#039;续航类型&#039;,<br>  drive_type    STRING COMMENT &#039;驱动形式&#039;,<br>  car_equipment STRING COMMENT &#039;车辆配置版本&#039;,<br>  is_certific   INT COMMENT &#039;是否认证&#039;,<br>  delivery_time DATE COMMENT &#039;交付日期&#039;<br>)<br>ENGINE=OLAP<br>DUPLICATE KEY(vin)<br>PARTITION BY RANGE(delivery_time) (<br>  PARTITION p20251003 VALUES [(&#039;2025-10-03&#039;), (&#039;2025-10-04&#039;)),<br>  PARTITION p20251004 VALUES [(&#039;2025-10-04&#039;), (&#039;2025-10-05&#039;))<br>)<br>DISTRIBUTED BY HASH(vin) BUCKETS 10<br>PROPERTIES (<br>  replication_num = 1<br>);<br>-- p20251003 分区（2025-10-03）<br>INSERT INTO vehicle_info_part7 VALUES<br>(&#039;LDP91C60PE200011&#039;,&#039;知音&#039;,&#039;EREV&#039;,&#039;H60&#039;,&#039;常规&#039;,&#039;两驱&#039;,&#039;N3&#039;,0,&#039;2025-10-03&#039;),<br>(&#039;LDP91C60PE200012&#039;,&#039;知音&#039;,&#039;EREV&#039;,&#039;H60&#039;,&#039;常规&#039;,&#039;两驱&#039;,&#039;N3&#039;,1,&#039;2025-10-03&#039;),<br>(&#039;LDP91C60PE200013&#039;,&#039;知音&#039;,&#039;EREV&#039;,&#039;H60&#039;,&#039;长续航&#039;,&#039;四驱&#039;,&#039;N5&#039;,1,&#039;2025-10-03&#039;),<br>(&#039;LDP91C60PE200014&#039;,&#039;知音&#039;,&#039;EREV&#039;,&#039;H60&#039;,&#039;长续航&#039;,&#039;四驱&#039;,&#039;N5&#039;,NULL,&#039;2025-10-03&#039;),<br>(&#039;LDP91C60PE200015&#039;,&#039;知音&#039;,&#039;EREV&#039;,&#039;H60&#039;,&#039;常规&#039;,&#039;四驱&#039;,&#039;N3&#039;,1,&#039;2025-10-03&#039;);<br><br>SELECT * FROM vehicle_info_part7;<br><br>DROP TABLE IF EXISTS vehicle_info_part8;<br><br>CREATE TABLE vehicle_info_part8 (<br>  vin           VARCHAR(64) COMMENT &#039;车辆唯一识别码&#039;,<br>  car_series    STRING COMMENT &#039;车系&#039;,<br>  car_power     STRING COMMENT &#039;动力类型&#039;,<br>  car_config    STRING COMMENT &#039;车型配置&#039;,<br>  car_endurance STRING COMMENT &#039;续航类型&#039;,<br>  drive_type    STRING COMMENT &#039;驱动形式&#039;,<br>  car_equipment STRING COMMENT &#039;车辆配置版本&#039;,<br>  is_certific   INT COMMENT &#039;是否认证&#039;,<br>  delivery_time DATE COMMENT &#039;交付日期&#039;<br>)<br>ENGINE=OLAP<br>DUPLICATE KEY(vin)<br>PARTITION BY RANGE(delivery_time) (<br>  PARTITION p20251001 VALUES [(&#039;2025-10-01&#039;), (&#039;2025-10-02&#039;)),<br>  PARTITION p20251002 VALUES [(&#039;2025-10-02&#039;), (&#039;2025-10-03&#039;))<br>)<br>DISTRIBUTED BY HASH(vin) BUCKETS 10<br>PROPERTIES (<br>  replication_num = 1<br>);<br>-- p20251001 分区（2025-10-01）<br>INSERT INTO vehicle_info_part8 VALUES<br>(&#039;LDP91C60PE200001&#039;,&#039;追光&#039;,&#039;EV&#039;,&#039;H53a&#039;,&#039;常规&#039;,&#039;四驱&#039;,&#039;N3&#039;,1,&#039;2025-10-01&#039;),<br>(&#039;LDP91C60PE200002&#039;,&#039;追光&#039;,&#039;EV&#039;,&#039;H53a&#039;,&#039;常规&#039;,&#039;四驱&#039;,&#039;N3&#039;,0,&#039;2025-10-01&#039;),<br>(&#039;LDP91C60PE200003&#039;,&#039;追光&#039;,&#039;EV&#039;,&#039;H53a&#039;,&#039;常规&#039;,&#039;四驱&#039;,&#039;N3&#039;,1,&#039;2025-10-01&#039;),<br>(&#039;LDP91C60PE200004&#039;,&#039;追光&#039;,&#039;EV&#039;,&#039;H53a&#039;,&#039;常规&#039;,&#039;四驱&#039;,&#039;N3&#039;,NULL,&#039;2025-10-01&#039;),<br>(&#039;LDP91C60PE200005&#039;,&#039;追光&#039;,&#039;EV&#039;,&#039;H53a&#039;,&#039;常规&#039;,&#039;四驱&#039;,&#039;N3&#039;,1,&#039;2025-10-01&#039;),<br>(&#039;LDP91C60PE200001&#039;,&#039;追光&#039;,&#039;EV&#039;,&#039;H53a&#039;,&#039;常规&#039;,&#039;四驱&#039;,&#039;N3&#039;,1,&#039;2025-10-01&#039;),<br>(&#039;LDP91C60PE200002&#039;,&#039;追光&#039;,&#039;EV&#039;,&#039;H53a&#039;,&#039;常规&#039;,&#039;四驱&#039;,&#039;N3&#039;,1,&#039;2025-10-01&#039;),<br>(&#039;LDP91C60PE200003&#039;,&#039;追光&#039;,&#039;EV&#039;,&#039;H53a&#039;,&#039;常规&#039;,&#039;四驱&#039;,&#039;N3&#039;,1,&#039;2025-10-01&#039;);<br><br>SELECT * FROM vehicle_info_part8;<br><br><br>DROP TABLE IF EXISTS vehicle_info_part9;<br><br>CREATE TABLE vehicle_info_part9 (<br>  vin           VARCHAR(64) COMMENT &#039;车辆唯一识别码&#039;,<br>  car_series    STRING COMMENT &#039;车系&#039;,<br>  car_power     STRING COMMENT &#039;动力类型&#039;,<br>  car_config    STRING COMMENT &#039;车型配置&#039;,<br>  car_endurance STRING COMMENT &#039;续航类型&#039;,<br>  drive_type    STRING COMMENT &#039;驱动形式&#039;,<br>  car_equipment STRING COMMENT &#039;车辆配置版本&#039;,<br>  is_certific   INT COMMENT &#039;是否认证&#039;,<br>  delivery_time DATE COMMENT &#039;交付日期&#039;<br>)<br>ENGINE=OLAP<br>DUPLICATE KEY(vin)<br>PARTITION BY RANGE(delivery_time) (<br>  PARTITION p20251001 VALUES [(&#039;2025-10-01&#039;), (&#039;2025-10-02&#039;)),<br>  PARTITION p20251002 VALUES [(&#039;2025-10-02&#039;), (&#039;2025-10-03&#039;))<br>)<br>DISTRIBUTED BY HASH(vin) BUCKETS 10<br>PROPERTIES (<br>  replication_num = 1<br>);<br>-- p20251001 分区（2025-10-01）<br>INSERT INTO vehicle_info_part9 VALUES<br>(&#039;LDP91C60PE200001&#039;,&#039;追光&#039;,&#039;EV&#039;,&#039;H53a&#039;,&#039;常规&#039;,&#039;四驱&#039;,&#039;N3&#039;,1,&#039;2025-10-01&#039;),<br>(&#039;LDP91C60PE200002&#039;,&#039;追光&#039;,&#039;EV&#039;,&#039;H53a&#039;,&#039;常规&#039;,&#039;四驱&#039;,&#039;N3&#039;,0,&#039;2025-10-01&#039;),<br>(&#039;LDP91C60PE200003&#039;,&#039;追光&#039;,&#039;EV&#039;,&#039;H53a&#039;,&#039;常规&#039;,&#039;四驱&#039;,&#039;N3&#039;,1,&#039;2025-10-01&#039;),<br>(&#039;LDP91C60PE200004&#039;,&#039;追光&#039;,&#039;EV&#039;,&#039;H53a&#039;,&#039;常规&#039;,&#039;四驱&#039;,&#039;N3&#039;,NULL,&#039;2025-10-01&#039;),<br>(&#039;LDP91C60PE200005&#039;,&#039;追光&#039;,&#039;EV&#039;,&#039;H53a&#039;,&#039;常规&#039;,&#039;四驱&#039;,&#039;N3&#039;,1,&#039;2025-10-01&#039;),<br>(&#039;LDP91C60PE200001&#039;,&#039;追光&#039;,&#039;EV&#039;,&#039;H53a&#039;,&#039;常规&#039;,&#039;四驱&#039;,&#039;N3&#039;,1,&#039;2025-10-01&#039;),<br>(&#039;LDP91C60PE200002&#039;,&#039;追光&#039;,&#039;EV&#039;,&#039;H53a&#039;,&#039;常规&#039;,&#039;四驱&#039;,&#039;N3&#039;,1,&#039;2025-10-01&#039;),<br>(&#039;LDP91C60PE200003&#039;,&#039;追光&#039;,&#039;EV&#039;,&#039;H53a&#039;,&#039;常规&#039;,&#039;四驱&#039;,&#039;N3&#039;,1,&#039;2025-10-01&#039;);<br><br>SELECT * FROM vehicle_info_part9;<br><br>DROP TABLE IF EXISTS vehicle_info_part10;<br><br>CREATE TABLE vehicle_info_part10 (<br>  vin           VARCHAR(64) COMMENT &#039;车辆唯一识别码&#039;,<br>  car_series    STRING COMMENT &#039;车系&#039;,<br>  car_power     STRING COMMENT &#039;动力类型&#039;,<br>  car_config    STRING COMMENT &#039;车型配置&#039;,<br>  car_endurance STRING COMMENT &#039;续航类型&#039;,<br>  drive_type    STRING COMMENT &#039;驱动形式&#039;,<br>  car_equipment STRING COMMENT &#039;车辆配置版本&#039;,<br>  is_certific   INT COMMENT &#039;是否认证&#039;,<br>  delivery_time DATE COMMENT &#039;交付日期&#039;<br>)<br>ENGINE=OLAP<br>DUPLICATE KEY(vin)<br>PARTITION BY RANGE(delivery_time) (<br>  PARTITION p20251001 VALUES [(&#039;2025-10-01&#039;), (&#039;2025-10-02&#039;)),<br>  PARTITION p20251002 VALUES [(&#039;2025-10-02&#039;), (&#039;2025-10-03&#039;))<br>)<br>DISTRIBUTED BY HASH(vin) BUCKETS 10<br>PROPERTIES (<br>  replication_num = 1<br>);<br>-- p20251001 分区（2025-10-01）<br>INSERT INTO vehicle_info_part10 VALUES<br>(&#039;LDP91C60PE200001&#039;,&#039;追光&#039;,&#039;EV&#039;,&#039;H53a&#039;,&#039;常规&#039;,&#039;四驱&#039;,&#039;N3&#039;,1,&#039;2025-10-01&#039;),<br>(&#039;LDP91C60PE200002&#039;,&#039;追光&#039;,&#039;EV&#039;,&#039;H53a&#039;,&#039;常规&#039;,&#039;四驱&#039;,&#039;N3&#039;,0,&#039;2025-10-01&#039;),<br>(&#039;LDP91C60PE200003&#039;,&#039;追光&#039;,&#039;EV&#039;,&#039;H53a&#039;,&#039;常规&#039;,&#039;四驱&#039;,&#039;N3&#039;,1,&#039;2025-10-01&#039;),<br>(&#039;LDP91C60PE200004&#039;,&#039;追光&#039;,&#039;EV&#039;,&#039;H53a&#039;,&#039;常规&#039;,&#039;四驱&#039;,&#039;N3&#039;,NULL,&#039;2025-10-01&#039;),<br>(&#039;LDP91C60PE200005&#039;,&#039;追光&#039;,&#039;EV&#039;,&#039;H53a&#039;,&#039;常规&#039;,&#039;四驱&#039;,&#039;N3&#039;,1,&#039;2025-10-01&#039;),<br>(&#039;LDP91C60PE200001&#039;,&#039;追光&#039;,&#039;EV&#039;,&#039;H53a&#039;,&#039;常规&#039;,&#039;四驱&#039;,&#039;N3&#039;,1,&#039;2025-10-01&#039;),<br>(&#039;LDP91C60PE200002&#039;,&#039;追光&#039;,&#039;EV&#039;,&#039;H53a&#039;,&#039;常规&#039;,&#039;四驱&#039;,&#039;N3&#039;,1,&#039;2025-10-01&#039;),<br>(&#039;LDP91C60PE200003&#039;,&#039;追光&#039;,&#039;EV&#039;,&#039;H53a&#039;,&#039;常规&#039;,&#039;四驱&#039;,&#039;N3&#039;,1,&#039;2025-10-01&#039;);<br><br>SELECT * FROM vehicle_info_part10;","1. 进入【数据资产】-【元数据】-【元数据同步】页面
2. 点击「自动同步」页签, 点击新增过滤规则
3. 1) 配置内容如下:
规则名称: test_rule
自动同步过滤维度: 数据表表名
过滤内容: vehicle_info_part*
数据源:  Doirs 3.x
数据库: ${离线平台中创建项目时指定的项目标识}
2) 配置完毕后,点击确定
4. 1) 点击「周期同步」页签, 新增周期同步任务, 配置如下:
数据源:  Doirs 3.x
数据库: ${离线平台中创建项目时指定的项目标识}
数据表: vehicle_info_part6~10
2) 配置完毕后, 点击「临时同步」
5. 进入数据地图页面, 查询关键词vehicle_info_part
6. 点击「自动同步」页签, 点击test_rule规则记录的「是否生效」按钮
7. 点击「周期同步」页签, 点击Doris 3.x同步任务记录的立即同步按钮
8. 进入数据地图页面, 查询关键词vehicle_info_part","1. 进入成功
2. 1) 从周期同步页面切换到自动同步页面
2) 弹出「新增过滤规则」弹窗
3. 新增过滤规则成功
4. 1) 「新增周期同步任务」弹窗关闭, 并Toast提示: 临时同步成功
2) 同步状态为同步中, 等待一段时间后, 同步状态变更为同步完成
5. 过滤规则已生效, 未显示vehicle_info_part6~10这五个Doris表
6. Toast提示: 自动同步规则切换状态成功，规则已关闭！
7. 同步状态为同步中, 等待一段时间后, 同步状态变更为同步完成
8. 过滤规则已失效, 数据表成功同步至资产平台","1. 
2. 
3. 
4. 
5. 
6. 
7. 
8.","","2","功能测试","功能测试阶段","正常","0","1","8","通过","向林","2026-03-18","","0000-00-00","1","",""
"181398","数据资产_STD(#23)","/版本迭代测试用例/v6.4.9/【数据资产】元数据、数据质量适配doris3.x(#10306)","","元数据 血缘分析 验证「血缘分析」中 Doris 3.x 数据源的孤立血缘表（无血缘）统计功能正常","1) Doris 3.x 数据源已引入资产平台，元数据同步完成<br>2) Doris 3.x 数据库中存在多张表，部分表已通过离线任务建立血缘关系（如通过INSERT INTO/CREATE TABLE AS SELECT等SQL），部分表无任何上下游血缘关系","1. 进入【数据资产】-【元数据】-【血缘分析】页面
2. 点击「添加数据库」按钮
3. 「数据源」选择 Doris 3.x 数据源，「数据库」选择已同步的数据库，点击确定
4. 查看列表中新增的 Doris 3.x 数据库记录的「表数量（总数）」和「表数量（无血缘）」列
5. 点击该数据库记录的「查看」按钮","1. 进入成功，展示已添加监控的数据库列表
2. 弹出「添加数据库」弹窗
3. 添加成功，列表中新增一条 Doris 3.x 数据库记录，「数据源类型」列显示 Doris 3.x
4. 1) 「表数量（总数）」列显示该数据库的总表数，与实际同步的表数一致
2) 「表数量（无血缘）」列显示无上下游血缘关系的孤立表数量
3) 「表数量（无血缘）」≤「表数量（总数）」
5. 跳转至该数据库下的表列表页，可查看各表的血缘状态详情","1. 
2. 
3. 
4. 
5.","","3","功能测试","功能测试阶段","正常","0","1","5","通过","向林","2026-03-18","","0000-00-00","1","",""
"181397","数据资产_STD(#23)","/版本迭代测试用例/v6.4.9/【数据资产】元数据、数据质量适配doris3.x(#10306)","","元数据 订阅的数据 验证订阅 Doris 3.x 数据表后元数据发生变更时收到变更通知","1) 已订阅 Doris 3.x 数据表 vehicle_info_part1，提醒方式已配置<br>2) 离线开发中已对接 Doris 3.x 集群","1. 进入「离线开发-数据开发」，创建 DorisSQL 任务，执行SQL: ALTER TABLE vehicle_info_part1 ADD COLUMN test_notify_col VARCHAR(50) COMMENT '测试通知字段';
2. 进入【数据资产】-【元数据】-【元数据同步】页面，找到包含 vehicle_info_part1 的同步任务，点击「立即同步」
3. 等待同步完成
4. 查看系统通知/消息中心","1. DDL 变更执行成功
2. Toast提示同步成功，同步状态变为「同步中」
3. 同步状态由「同步中」变更为「同步完成」
4. 1) 收到元数据变更通知
2) 通知内容包含变更的表名 vehicle_info_part1
3) 通知方式与订阅时设置的提醒方式一致","1. 
2. 
3. 
4.","","2","功能测试","功能测试阶段","正常","0","1","4","通过","向林","2026-03-18","","0000-00-00","1","",""
"181396","数据资产_STD(#23)","/版本迭代测试用例/v6.4.9/【数据资产】元数据、数据质量适配doris3.x(#10306)","","元数据 订阅的数据 验证修改 Doris 3.x 已订阅数据表的提醒方式功能正常","1) 已订阅 Doris 3.x 数据表 vehicle_info_part1","1. 进入【数据资产】-【元数据】-【订阅的数据】页面
2. 选择 vehicle_info_part1 记录，点击「修改提醒方式」按钮
3. 修改提醒方式后，点击确定","1. 进入成功，列表中显示 vehicle_info_part1 的订阅记录
2. 弹出「修改提醒方式」弹窗，展示当前配置的提醒方式
3. Toast提示「提醒方式修改成功!」，列表中该记录的「提醒方式」列更新为修改后的值","1. 
2. 
3.","","2","功能测试","功能测试阶段","正常","0","1","3","通过","向林","2026-03-18","","0000-00-00","1","",""
"181395","数据资产_STD(#23)","/版本迭代测试用例/v6.4.9/【数据资产】元数据、数据质量适配doris3.x(#10306)","","元数据 订阅的数据 验证取消订阅 Doris 3.x 数据表功能正常","1) 已订阅 Doris 3.x 数据表 vehicle_info_part1","1. 进入【数据资产】-【元数据】-【订阅的数据】页面
2. 在搜索框输入「vehicle_info_part1」进行查询
3. 选择 vehicle_info_part1 记录，点击「取消订阅」按钮
4. 在确认弹窗中，点击「取消订阅」按钮
5. 进入【数据资产】-【元数据】-【数据地图】页面，搜索「vehicle_info_part1」并进入表详情","1. 进入成功，列表中显示已订阅的数据表记录
2. 列表筛选，仅显示表名包含 vehicle_info_part1 的记录
3. 弹出确认弹窗，显示「确定取消订阅吗？」
4. Toast提示「取消订阅成功！」，「订阅的数据」列表中 vehicle_info_part1 记录消失
5. 表详情页中按钮恢复为「订阅」状态（非「取消订阅」）","1. 
2. 
3. 
4. 
5.","","2","功能测试","功能测试阶段","正常","0","1","5","通过","向林","2026-03-18","","0000-00-00","1","",""
"181394","数据资产_STD(#23)","/版本迭代测试用例/v6.4.9/【数据资产】元数据、数据质量适配doris3.x(#10306)","","元数据 订阅的数据 验证订阅 Doris 3.x 数据表并在「订阅的数据」页面查看订阅记录","| 1) Doris 3.x 数据源已引入资产平台，元数据同步完成<br>2) 存在已同步的 Doris 3.x 数据表 vehicle_info_part1，该表尚未被当前用户订阅","1. 进入【数据资产】-【元数据】-【数据地图】页面
2. 在搜索框输入关键词「vehicle_info_part1」并查询
3. 点击「vehicle_info_part1」表名，进入表详情页面
4. 点击「订阅」按钮
5. 进入【数据资产】-【元数据】-【订阅的数据】页面","1. 进入成功，页面正常加载
2. 搜索结果中显示 vehicle_info_part1 数据表记录，表来源显示 Doris 3.x
3. 进入表详情页面，展示基本信息、字段信息等tab
4. Toast提示「订阅成功!」，按钮状态变为「取消订阅」
5. 1) 「订阅的数据」列表中显示 vehicle_info_part1 的订阅记录
2) 记录中展示: 表名为「vehicle_info_part1」、表中文名、数据路径、提醒方式、订阅时间
3) 订阅时间为当前时间","1. 
2. 
3. 
4. 
5.","","1","功能测试","功能测试阶段","正常","0","2","5","通过","向林","2026-03-18","","0000-00-00","1","",""
"181393","数据资产_STD(#23)","/版本迭代测试用例/v6.4.9/【数据资产】元数据、数据质量适配doris3.x(#10306)","","元数据 数据地图 验证血缘解析（CREATE TABLE LIKE）","离线对接Meta Doris数据源并引入至资产平台<br><br>建表语句<br>Doris任务A<br>CREATE TABLE if not exists doris_table_template (<br>    id INT,<br>    name VARCHAR(100),<br>    age TINYINT,<br>    salary DECIMAL(10,2),<br>    hire_date DATE,<br>    create_time DATETIME<br>)<br>ENGINE=OLAP<br>DUPLICATE KEY(id)<br>DISTRIBUTED BY HASH(id) BUCKETS 10<br>PROPERTIES(<br>    replication_num = 1<br>);","1. 进入「离线开发-数据开发-周期任务」页面
2. 新建 DorisSQL 任务, 并执行测试语句
3. 创建Doris任务B, 执行SQL:  CREATE TABLE doris_table_copy LIKE doris_table_template;
4. 保存并提交
5. 查看任务B调度属性-任务间依赖
6. 查看任务A,B的依赖视图
7. 进入「数据资产-元数据-数据地图」, 搜索表doris_table_copy
8. 进入表详情页, 查看血缘关系和任务依赖","1. 进入成功
2. 执行成功
3. 执行成功
4. 提交成功
5. 显示自动依赖于任务A
6. 显示 doris_table_copy → doris_table_template 依赖箭头
7. 搜索成功
8. 显示依赖于上游任务A中的表doris_table_template","1. 
2. 
3. 
4. 
5. 
6. 
7. 
8. 不支持, doris 2.x 也不支持","","3","功能测试","功能测试阶段","正常","0","2","8","失败","向林","2026-03-18","","0000-00-00","1","",""
"181392","数据资产_STD(#23)","/版本迭代测试用例/v6.4.9/【数据资产】元数据、数据质量适配doris3.x(#10306)","","元数据 数据地图 验证血缘解析（CREATE TABLE AS SELECT）","离线对接Meta Doris数据源并引入至资产平台<br><br>建表语句<br>Doris任务A<br>CREATE TABLE if not exists doris_table_src (<br>    id INT,<br>    name VARCHAR(100),<br>    age TINYINT,<br>    salary DECIMAL(10,2),<br>    hire_date DATE,<br>    create_time DATETIME<br>)<br>ENGINE=OLAP<br>DUPLICATE KEY(id)<br>DISTRIBUTED BY HASH(id) BUCKETS 10<br>PROPERTIES(<br>    replication_num = 1<br>);","1. 进入「离线开发-数据开发-周期任务」页面
2. 新建 DorisSQL 任务, 并执行测试语句
3. 创建Doris任务B, 执行SQL:  CREATE TABLE doris_table_new PROPERTIES(replication_num = 1) AS SELECT * FROM doris_table_src;
4. 保存并提交
5. 查看任务B调度属性-任务间依赖
6. 查看任务A,B的依赖视图
7. 进入「数据资产-元数据-数据地图」, 搜索表doris_table_new
8. 进入表详情页, 查看血缘关系和任务依赖","1. 进入成功
2. 执行成功
3. 执行成功
4. 提交成功
5. 显示自动依赖于任务A
6. 显示 doris_table_new → doris_table_src 依赖箭头
7. 搜索成功
8. 显示依赖于上游任务A中的表doris_table_src","1. 
2. 
3. 
4. 
5. 
6. 
7. 
8.","","3","功能测试","功能测试阶段","正常","0","1","8","通过","向林","2026-03-18","","0000-00-00","1","",""
"181391","数据资产_STD(#23)","/版本迭代测试用例/v6.4.9/【数据资产】元数据、数据质量适配doris3.x(#10306)","","元数据 数据地图 验证血缘解析（INSERT OVERWRITE）","离线对接Meta Doris数据源并引入至资产平台<br><br>测试语句<br>DorisSQL任务A<br>DROP TABLE IF EXISTS doris_table_a;<br>CREATE TABLE doris_table_a (id INT, val STRING)<br>ENGINE=OLAP<br>DISTRIBUTED BY HASH(id) BUCKETS 1<br>PROPERTIES(replication_num=1);<br><br>DorisSQL任务B<br>DROP TABLE IF EXISTS doris_table_b;<br>CREATE TABLE doris_table_b (id INT, val STRING)<br>ENGINE=OLAP<br>DISTRIBUTED BY HASH(id) BUCKETS 1<br>PROPERTIES(replication_num=1);","1. 进入「离线开发-数据开发-周期任务」页面
2. 新建 DorisSQL 任务, 并执行测试语句
3. 执行SQL:  INSERT OVERWRITE doris_table_b SELECT * FROM doris_table_a;
4. 保存并提交
5. 查看任务B调度属性-任务间依赖
6. 查看任务A,B的依赖视图
7. 进入「数据资产-元数据-数据地图」, 搜索表doris_table_b
8. 进入表详情页, 查看血缘关系和任务依赖","1. 进入成功
2. 执行成功
3. 执行成功
4. 提交成功
5. 显示自动依赖于任务A
6. 显示 doris_table_a → doris_table_b 依赖箭头
7. 搜索成功
8. 显示依赖于上游任务A中的表doris_table_a","1. 
2. 
3. 
4. 
5. 
6. 
7. 
8.","","3","功能测试","功能测试阶段","正常","0","1","8","通过","向林","2026-03-18","","0000-00-00","1","",""
"181390","数据资产_STD(#23)","/版本迭代测试用例/v6.4.9/【数据资产】元数据、数据质量适配doris3.x(#10306)","","元数据 数据地图 验证血缘解析（INSERT INTO）","离线对接Meta Doris数据源并引入至资产平台<br><br>测试语句<br>DorisSQL任务A<br>DROP TABLE IF EXISTS doris_table_a;<br>CREATE TABLE doris_table_a (id INT, val STRING)<br>ENGINE=OLAP<br>DISTRIBUTED BY HASH(id) BUCKETS 1<br>PROPERTIES(replication_num=1);<br><br>DorisSQL任务B<br>DROP TABLE IF EXISTS doris_table_b;<br>CREATE TABLE doris_table_b (id INT, val STRING)<br>ENGINE=OLAP<br>DISTRIBUTED BY HASH(id) BUCKETS 1<br>PROPERTIES(replication_num=1);","1. 进入「离线开发-数据开发-周期任务」页面
2. 新建 DorisSQL 任务, 并执行测试语句
3. 执行SQL:  INSERT INTO doris_table_b SELECT * FROM doris_table_a;
4. 保存并提交
5. 查看任务B调度属性-任务间依赖
6. 查看任务A,B的依赖视图
7. 进入「数据资产-元数据-数据地图」, 搜索表doris_table_b
8. 进入表详情页, 查看血缘关系和任务依赖","1. 进入成功
2. 执行成功
3. 执行成功
4. 提交成功
5. 显示自动依赖于任务A
6. 显示 doris_table_a → doris_table_b 依赖箭头
7. 搜索成功
8. 显示依赖于上游任务A中的表doris_table_a","1. 
2. 
3. 
4. 
5. 
6. 
7. 
8.","","3","功能测试","功能测试阶段","正常","0","1","8","通过","向林","2026-03-18","","0000-00-00","1","",""
"181389","数据资产_STD(#23)","/版本迭代测试用例/v6.4.9/【数据资产】元数据、数据质量适配doris3.x(#10306)","","元数据 数据地图 验证 「元数据」中 Doris 3.x 数据表查询和表数量显示正常","1) 数据资产-平台管理-数据源管理中已存在Doris3.x数据源<br>2) Doris3.x数据源已授权给质量项目<br>3) Doris3.x数据源已在「元数据同步」模块中自动同步或手动同步5条数据表, 建表语句如下:<br><br>DROP TABLE IF EXISTS vehicle_info_part1;<br><br>CREATE TABLE vehicle_info_part1 (<br>  vin           VARCHAR(64) COMMENT &#039;车辆唯一识别码&#039;,<br>  car_series    STRING COMMENT &#039;车系&#039;,<br>  car_power     STRING COMMENT &#039;动力类型&#039;,<br>  car_config    STRING COMMENT &#039;车型配置&#039;,<br>  car_endurance STRING COMMENT &#039;续航类型&#039;,<br>  drive_type    STRING COMMENT &#039;驱动形式&#039;,<br>  car_equipment STRING COMMENT &#039;车辆配置版本&#039;,<br>  is_certific   INT COMMENT &#039;是否认证&#039;,<br>  delivery_time DATE COMMENT &#039;交付日期&#039;<br>)<br>ENGINE=OLAP<br>DUPLICATE KEY(vin)<br>PARTITION BY RANGE(delivery_time) (<br>  PARTITION p20251001 VALUES [(&#039;2025-10-01&#039;), (&#039;2025-10-02&#039;)),<br>  PARTITION p20251002 VALUES [(&#039;2025-10-02&#039;), (&#039;2025-10-03&#039;))<br>)<br>DISTRIBUTED BY HASH(vin) BUCKETS 10<br>PROPERTIES (<br>  replication_num = 1<br>);<br>-- p20251001 分区（2025-10-01）<br>INSERT INTO vehicle_info_part1 VALUES<br>(&#039;LDP91C60PE200001&#039;,&#039;追光&#039;,&#039;EV&#039;,&#039;H53a&#039;,&#039;常规&#039;,&#039;四驱&#039;,&#039;N3&#039;,1,&#039;2025-10-01&#039;),<br>(&#039;LDP91C60PE200002&#039;,&#039;追光&#039;,&#039;EV&#039;,&#039;H53a&#039;,&#039;常规&#039;,&#039;四驱&#039;,&#039;N3&#039;,0,&#039;2025-10-01&#039;),<br>(&#039;LDP91C60PE200003&#039;,&#039;追光&#039;,&#039;EV&#039;,&#039;H53a&#039;,&#039;常规&#039;,&#039;四驱&#039;,&#039;N3&#039;,1,&#039;2025-10-01&#039;),<br>(&#039;LDP91C60PE200004&#039;,&#039;追光&#039;,&#039;EV&#039;,&#039;H53a&#039;,&#039;常规&#039;,&#039;四驱&#039;,&#039;N3&#039;,NULL,&#039;2025-10-01&#039;),<br>(&#039;LDP91C60PE200005&#039;,&#039;追光&#039;,&#039;EV&#039;,&#039;H53a&#039;,&#039;常规&#039;,&#039;四驱&#039;,&#039;N3&#039;,1,&#039;2025-10-01&#039;),<br>(&#039;LDP91C60PE200001&#039;,&#039;追光&#039;,&#039;EV&#039;,&#039;H53a&#039;,&#039;常规&#039;,&#039;四驱&#039;,&#039;N3&#039;,1,&#039;2025-10-01&#039;),<br>(&#039;LDP91C60PE200002&#039;,&#039;追光&#039;,&#039;EV&#039;,&#039;H53a&#039;,&#039;常规&#039;,&#039;四驱&#039;,&#039;N3&#039;,1,&#039;2025-10-01&#039;),<br>(&#039;LDP91C60PE200003&#039;,&#039;追光&#039;,&#039;EV&#039;,&#039;H53a&#039;,&#039;常规&#039;,&#039;四驱&#039;,&#039;N3&#039;,1,&#039;2025-10-01&#039;);<br><br>SELECT * FROM vehicle_info_part1;<br><br><br>DROP TABLE IF EXISTS vehicle_info_part2;<br><br>CREATE TABLE vehicle_info_part2 (<br>  vin           VARCHAR(64) COMMENT &#039;车辆唯一识别码&#039;,<br>  car_series    STRING COMMENT &#039;车系&#039;,<br>  car_power     STRING COMMENT &#039;动力类型&#039;,<br>  car_config    STRING COMMENT &#039;车型配置&#039;,<br>  car_endurance STRING COMMENT &#039;续航类型&#039;,<br>  drive_type    STRING COMMENT &#039;驱动形式&#039;,<br>  car_equipment STRING COMMENT &#039;车辆配置版本&#039;,<br>  is_certific   INT COMMENT &#039;是否认证&#039;,<br>  delivery_time DATE COMMENT &#039;交付日期&#039;<br>)<br>ENGINE=OLAP<br>DUPLICATE KEY(vin)<br>PARTITION BY RANGE(delivery_time) (<br>  PARTITION p20251003 VALUES [(&#039;2025-10-03&#039;), (&#039;2025-10-04&#039;)),<br>  PARTITION p20251004 VALUES [(&#039;2025-10-04&#039;), (&#039;2025-10-05&#039;))<br>)<br>DISTRIBUTED BY HASH(vin) BUCKETS 10<br>PROPERTIES (<br>  replication_num = 1<br>);<br>-- p20251003 分区（2025-10-03）<br>INSERT INTO vehicle_info_part2 VALUES<br>(&#039;LDP91C60PE200011&#039;,&#039;知音&#039;,&#039;EREV&#039;,&#039;H60&#039;,&#039;常规&#039;,&#039;两驱&#039;,&#039;N3&#039;,0,&#039;2025-10-03&#039;),<br>(&#039;LDP91C60PE200012&#039;,&#039;知音&#039;,&#039;EREV&#039;,&#039;H60&#039;,&#039;常规&#039;,&#039;两驱&#039;,&#039;N3&#039;,1,&#039;2025-10-03&#039;),<br>(&#039;LDP91C60PE200013&#039;,&#039;知音&#039;,&#039;EREV&#039;,&#039;H60&#039;,&#039;长续航&#039;,&#039;四驱&#039;,&#039;N5&#039;,1,&#039;2025-10-03&#039;),<br>(&#039;LDP91C60PE200014&#039;,&#039;知音&#039;,&#039;EREV&#039;,&#039;H60&#039;,&#039;长续航&#039;,&#039;四驱&#039;,&#039;N5&#039;,NULL,&#039;2025-10-03&#039;),<br>(&#039;LDP91C60PE200015&#039;,&#039;知音&#039;,&#039;EREV&#039;,&#039;H60&#039;,&#039;常规&#039;,&#039;四驱&#039;,&#039;N3&#039;,1,&#039;2025-10-03&#039;);<br><br>SELECT * FROM vehicle_info_part2;<br><br>DROP TABLE IF EXISTS vehicle_info_part3;<br><br>CREATE TABLE vehicle_info_part3 (<br>  vin           VARCHAR(64) COMMENT &#039;车辆唯一识别码&#039;,<br>  car_series    STRING COMMENT &#039;车系&#039;,<br>  car_power     STRING COMMENT &#039;动力类型&#039;,<br>  car_config    STRING COMMENT &#039;车型配置&#039;,<br>  car_endurance STRING COMMENT &#039;续航类型&#039;,<br>  drive_type    STRING COMMENT &#039;驱动形式&#039;,<br>  car_equipment STRING COMMENT &#039;车辆配置版本&#039;,<br>  is_certific   INT COMMENT &#039;是否认证&#039;,<br>  delivery_time DATE COMMENT &#039;交付日期&#039;<br>)<br>ENGINE=OLAP<br>DUPLICATE KEY(vin)<br>PARTITION BY RANGE(delivery_time) (<br>  PARTITION p20251001 VALUES [(&#039;2025-10-01&#039;), (&#039;2025-10-02&#039;)),<br>  PARTITION p20251002 VALUES [(&#039;2025-10-02&#039;), (&#039;2025-10-03&#039;))<br>)<br>DISTRIBUTED BY HASH(vin) BUCKETS 10<br>PROPERTIES (<br>  replication_num = 1<br>);<br>-- p20251001 分区（2025-10-01）<br>INSERT INTO vehicle_info_part3 VALUES<br>(&#039;LDP91C60PE200001&#039;,&#039;追光&#039;,&#039;EV&#039;,&#039;H53a&#039;,&#039;常规&#039;,&#039;四驱&#039;,&#039;N3&#039;,1,&#039;2025-10-01&#039;),<br>(&#039;LDP91C60PE200002&#039;,&#039;追光&#039;,&#039;EV&#039;,&#039;H53a&#039;,&#039;常规&#039;,&#039;四驱&#039;,&#039;N3&#039;,0,&#039;2025-10-01&#039;),<br>(&#039;LDP91C60PE200003&#039;,&#039;追光&#039;,&#039;EV&#039;,&#039;H53a&#039;,&#039;常规&#039;,&#039;四驱&#039;,&#039;N3&#039;,1,&#039;2025-10-01&#039;),<br>(&#039;LDP91C60PE200004&#039;,&#039;追光&#039;,&#039;EV&#039;,&#039;H53a&#039;,&#039;常规&#039;,&#039;四驱&#039;,&#039;N3&#039;,NULL,&#039;2025-10-01&#039;),<br>(&#039;LDP91C60PE200005&#039;,&#039;追光&#039;,&#039;EV&#039;,&#039;H53a&#039;,&#039;常规&#039;,&#039;四驱&#039;,&#039;N3&#039;,1,&#039;2025-10-01&#039;),<br>(&#039;LDP91C60PE200001&#039;,&#039;追光&#039;,&#039;EV&#039;,&#039;H53a&#039;,&#039;常规&#039;,&#039;四驱&#039;,&#039;N3&#039;,1,&#039;2025-10-01&#039;),<br>(&#039;LDP91C60PE200002&#039;,&#039;追光&#039;,&#039;EV&#039;,&#039;H53a&#039;,&#039;常规&#039;,&#039;四驱&#039;,&#039;N3&#039;,1,&#039;2025-10-01&#039;),<br>(&#039;LDP91C60PE200003&#039;,&#039;追光&#039;,&#039;EV&#039;,&#039;H53a&#039;,&#039;常规&#039;,&#039;四驱&#039;,&#039;N3&#039;,1,&#039;2025-10-01&#039;);<br><br>SELECT * FROM vehicle_info_part3;<br><br><br>DROP TABLE IF EXISTS vehicle_info_part4;<br><br>CREATE TABLE vehicle_info_part4 (<br>  vin           VARCHAR(64) COMMENT &#039;车辆唯一识别码&#039;,<br>  car_series    STRING COMMENT &#039;车系&#039;,<br>  car_power     STRING COMMENT &#039;动力类型&#039;,<br>  car_config    STRING COMMENT &#039;车型配置&#039;,<br>  car_endurance STRING COMMENT &#039;续航类型&#039;,<br>  drive_type    STRING COMMENT &#039;驱动形式&#039;,<br>  car_equipment STRING COMMENT &#039;车辆配置版本&#039;,<br>  is_certific   INT COMMENT &#039;是否认证&#039;,<br>  delivery_time DATE COMMENT &#039;交付日期&#039;<br>)<br>ENGINE=OLAP<br>DUPLICATE KEY(vin)<br>PARTITION BY RANGE(delivery_time) (<br>  PARTITION p20251001 VALUES [(&#039;2025-10-01&#039;), (&#039;2025-10-02&#039;)),<br>  PARTITION p20251002 VALUES [(&#039;2025-10-02&#039;), (&#039;2025-10-03&#039;))<br>)<br>DISTRIBUTED BY HASH(vin) BUCKETS 10<br>PROPERTIES (<br>  replication_num = 1<br>);<br>-- p20251001 分区（2025-10-01）<br>INSERT INTO vehicle_info_part4 VALUES<br>(&#039;LDP91C60PE200001&#039;,&#039;追光&#039;,&#039;EV&#039;,&#039;H53a&#039;,&#039;常规&#039;,&#039;四驱&#039;,&#039;N3&#039;,1,&#039;2025-10-01&#039;),<br>(&#039;LDP91C60PE200002&#039;,&#039;追光&#039;,&#039;EV&#039;,&#039;H53a&#039;,&#039;常规&#039;,&#039;四驱&#039;,&#039;N3&#039;,0,&#039;2025-10-01&#039;),<br>(&#039;LDP91C60PE200003&#039;,&#039;追光&#039;,&#039;EV&#039;,&#039;H53a&#039;,&#039;常规&#039;,&#039;四驱&#039;,&#039;N3&#039;,1,&#039;2025-10-01&#039;),<br>(&#039;LDP91C60PE200004&#039;,&#039;追光&#039;,&#039;EV&#039;,&#039;H53a&#039;,&#039;常规&#039;,&#039;四驱&#039;,&#039;N3&#039;,NULL,&#039;2025-10-01&#039;),<br>(&#039;LDP91C60PE200005&#039;,&#039;追光&#039;,&#039;EV&#039;,&#039;H53a&#039;,&#039;常规&#039;,&#039;四驱&#039;,&#039;N3&#039;,1,&#039;2025-10-01&#039;),<br>(&#039;LDP91C60PE200001&#039;,&#039;追光&#039;,&#039;EV&#039;,&#039;H53a&#039;,&#039;常规&#039;,&#039;四驱&#039;,&#039;N3&#039;,1,&#039;2025-10-01&#039;),<br>(&#039;LDP91C60PE200002&#039;,&#039;追光&#039;,&#039;EV&#039;,&#039;H53a&#039;,&#039;常规&#039;,&#039;四驱&#039;,&#039;N3&#039;,1,&#039;2025-10-01&#039;),<br>(&#039;LDP91C60PE200003&#039;,&#039;追光&#039;,&#039;EV&#039;,&#039;H53a&#039;,&#039;常规&#039;,&#039;四驱&#039;,&#039;N3&#039;,1,&#039;2025-10-01&#039;);<br><br>SELECT * FROM vehicle_info_part4;<br><br>DROP TABLE IF EXISTS vehicle_info_part5;<br><br>CREATE TABLE vehicle_info_part5 (<br>  vin           VARCHAR(64) COMMENT &#039;车辆唯一识别码&#039;,<br>  car_series    STRING COMMENT &#039;车系&#039;,<br>  car_power     STRING COMMENT &#039;动力类型&#039;,<br>  car_config    STRING COMMENT &#039;车型配置&#039;,<br>  car_endurance STRING COMMENT &#039;续航类型&#039;,<br>  drive_type    STRING COMMENT &#039;驱动形式&#039;,<br>  car_equipment STRING COMMENT &#039;车辆配置版本&#039;,<br>  is_certific   INT COMMENT &#039;是否认证&#039;,<br>  delivery_time DATE COMMENT &#039;交付日期&#039;<br>)<br>ENGINE=OLAP<br>DUPLICATE KEY(vin)<br>PARTITION BY RANGE(delivery_time) (<br>  PARTITION p20251001 VALUES [(&#039;2025-10-01&#039;), (&#039;2025-10-02&#039;)),<br>  PARTITION p20251002 VALUES [(&#039;2025-10-02&#039;), (&#039;2025-10-03&#039;))<br>)<br>DISTRIBUTED BY HASH(vin) BUCKETS 10<br>PROPERTIES (<br>  replication_num = 1<br>);<br>-- p20251001 分区（2025-10-01）<br>INSERT INTO vehicle_info_part5 VALUES<br>(&#039;LDP91C60PE200001&#039;,&#039;追光&#039;,&#039;EV&#039;,&#039;H53a&#039;,&#039;常规&#039;,&#039;四驱&#039;,&#039;N3&#039;,1,&#039;2025-10-01&#039;),<br>(&#039;LDP91C60PE200002&#039;,&#039;追光&#039;,&#039;EV&#039;,&#039;H53a&#039;,&#039;常规&#039;,&#039;四驱&#039;,&#039;N3&#039;,0,&#039;2025-10-01&#039;),<br>(&#039;LDP91C60PE200003&#039;,&#039;追光&#039;,&#039;EV&#039;,&#039;H53a&#039;,&#039;常规&#039;,&#039;四驱&#039;,&#039;N3&#039;,1,&#039;2025-10-01&#039;),<br>(&#039;LDP91C60PE200004&#039;,&#039;追光&#039;,&#039;EV&#039;,&#039;H53a&#039;,&#039;常规&#039;,&#039;四驱&#039;,&#039;N3&#039;,NULL,&#039;2025-10-01&#039;),<br>(&#039;LDP91C60PE200005&#039;,&#039;追光&#039;,&#039;EV&#039;,&#039;H53a&#039;,&#039;常规&#039;,&#039;四驱&#039;,&#039;N3&#039;,1,&#039;2025-10-01&#039;),<br>(&#039;LDP91C60PE200001&#039;,&#039;追光&#039;,&#039;EV&#039;,&#039;H53a&#039;,&#039;常规&#039;,&#039;四驱&#039;,&#039;N3&#039;,1,&#039;2025-10-01&#039;),<br>(&#039;LDP91C60PE200002&#039;,&#039;追光&#039;,&#039;EV&#039;,&#039;H53a&#039;,&#039;常规&#039;,&#039;四驱&#039;,&#039;N3&#039;,1,&#039;2025-10-01&#039;),<br>(&#039;LDP91C60PE200003&#039;,&#039;追光&#039;,&#039;EV&#039;,&#039;H53a&#039;,&#039;常规&#039;,&#039;四驱&#039;,&#039;N3&#039;,1,&#039;2025-10-01&#039;);<br><br>SELECT * FROM vehicle_info_part5;","1. 进入【数据资产】-【元数据】-【数据地图】页面
2. UI CHECK
3. 点击「表来源」中的Doris 3.x
4. 进入「数据地图」主页面, 输入关键词vehicle_info_part 并查询
5. 选择Doris 3.x表进入表详情页面, 检查表来源显示","1. 进入成功
2. 「表来源」中新增Doris 3.x数据源, 并显示5条数据
3. 1) 跳转至数据表查询列表界面
2) 自动载入Doris 3.x数据源类型的查询结果, 显示5条数据表
4. 1) 显示5条Doris 3.x数据表
2) 表名中的关键词被标红
3) 表名右侧的icon显示Doris 3.x
5. 表详情-基本信息-表来源中显示为Doris 3.x","1. 
2. 
3. 
4. 
5.","","1","功能测试","功能测试阶段","正常","0","2","5","通过","向林","2026-03-18","","0000-00-00","1","",""
"181388","数据资产_STD(#23)","/版本迭代测试用例/v6.4.9/【数据资产】元数据、数据质量适配doris3.x(#10306)","","资产盘点 验证 Doris 3.x 资产盘点页面显示正常","无","1. 进入【数据资产】-【资产盘点】页面
2. 检查「已接入数据源」
3. 检查「数据地图分布」
4. 检查「数据价值排行」
5. 检查「资源存储情况」
6. 检查「元数据变化趋势」","1. 进入成功
2. 存在Doris 3.x数据源, 数据显示正常
3. 可选Doris 3.x数据源, 数据显示正常
4. 可选Doris 3.x数据源, 数据显示正常
5. 可选Doris 3.x数据源, 数据显示正常
6. 可选Doris 3.x数据源, 数据显示正常","1. 
2. 
3. 
4. 
5. 
6.","","2","功能测试","功能测试阶段","正常","1","2","6","通过","向林","2026-03-18","","0000-00-00","1","",""
"181387","数据资产_STD(#23)","/版本迭代测试用例/v6.4.9/【数据质量】质量校验不通过时支持发送邮件，邮件信息需要包含未通过的明细数据(#10307)","【数据质量】质量校验不通过时支持发送邮件，邮件信息需要包含未通过的明细数据(#15602)","规则集 验证编辑规则集修改「是否发送明细数据」后功能正确","| 已存在单表校验规则A，告警配置如下：<br>- 告警方式：邮箱<br>- 是否发送明细数据：否<br>- 告警接收人：用户A<br>测试表包含不符合规则的数据","1. 进入【数据资产】-【数据质量】-【规则任务配置】页面
2. 选择规则A，点击【编辑调度属性】按钮
3. 在「是否发送明细数据」字段选择「是」
4. 点击【保存】按钮
5. 选择规则A，点击【立即运行】按钮，等待任务执行完成
6. 登录用户A邮箱，查看收到的告警邮件","1. 成功进入【规则任务配置】页面，页面内容正常加载显示，无报错
2. 弹出「编辑调度属性」弹窗
3. 「是否发送明细数据」修改为「是」，选项高亮显示
4. 保存成功，系统给出成功反馈
5. 任务执行完成，校验结果为「不通过」
6. ZIP附件命名为「不符合规则的明细数据」，解压后包含Excel文件，每个校验不通过的规则生成一个Excel，命名格式为「{规则名称}.xlsx」","1. 
2. 
3. 
4. 
5. 
6.","","2","功能测试","功能测试阶段","正常","0","1","6","通过","向林","2026-03-18","向林","2026-03-19","1","",""
"181386","数据资产_STD(#23)","/版本迭代测试用例/v6.4.9/【数据质量】质量校验不通过时支持发送邮件，邮件信息需要包含未通过的明细数据(#10307)","【数据质量】质量校验不通过时支持发送邮件，邮件信息需要包含未通过的明细数据(#15602)","规则集 验证编辑规则集-告警配置回显「是否发送明细数据」正确","| 已存在规则集C，告警配置如下：<br>- 告警方式：邮箱<br>- 是否发送明细数据：是<br>- 告警接收人：用户C","1. 进入【数据资产】-【数据质量】-【规则任务配置】页面
2. 选择规则集C，点击右上角【…】-【编辑】按钮
3. 点击【下一步】按钮进入「调度配置」页面
4. 查看「告警配置」区域「是否发送明细数据」回显内容","1. 成功进入【规则任务配置】页面，页面内容正常加载显示，无报错
2. 进入规则集编辑页面
3. 成功进入「调度配置」页面
4. 「是否发送明细数据」回显为「是」，与原配置一致","1. 
2. 
3. 
4.","","2","功能测试","功能测试阶段","正常","0","1","4","通过","向林","2026-03-18","向林","2026-03-19","1","",""
"181385","数据资产_STD(#23)","/版本迭代测试用例/v6.4.9/【数据质量】质量校验不通过时支持发送邮件，邮件信息需要包含未通过的明细数据(#10307)","【数据质量】质量校验不通过时支持发送邮件，邮件信息需要包含未通过的明细数据(#15602)","规则集 验证规则集脏数据存储关闭时不发送明细数据附件","| 数据源中心已添加${datasource}数据源并授权给资产平台，且已关闭脏数据存储<br>已配置邮箱告警通道<br>已存在用户A（邮箱已配置）","1. 进入【数据质量】-【脏数据管理】页面
2. 选择${datasource}数据源，确认脏数据存储状态为「关闭」
3. 进入【数据资产】-【数据质量】-【规则任务配置】页面
4. 新建规则集，配置基础信息并导入规则集文件，使规则校验不通过
5. 在「告警配置」区域勾选「邮箱」告警方式，在「是否发送明细数据」字段选择「是」，选择告警接收人为用户A
6. 保存规则集并立即运行，等待任务执行完成
7. 登录用户A邮箱，查看收到的告警邮件","1. 成功进入【数据源管理】页面
2. ${datasource}数据源脏数据存储状态为「关闭」
3. 成功进入【规则任务配置】页面
4. 规则集配置成功
5. 告警配置成功
6. 任务执行完成，校验结果为「不通过」
7. 用户A收到告警邮件，邮件内容为文本告警信息，不包含明细数据附件","1. 
2. 
3. 
4. 
5. 
6. 
7.","","2","功能测试","功能测试阶段","正常","0","2","7","通过","向林","2026-03-18","向林","2026-03-19","1","",""
"181384","数据资产_STD(#23)","/版本迭代测试用例/v6.4.9/【数据质量】质量校验不通过时支持发送邮件，邮件信息需要包含未通过的明细数据(#10307)","【数据质量】质量校验不通过时支持发送邮件，邮件信息需要包含未通过的明细数据(#15602)","规则集 验证规则集「是否发送明细数据」选择「否」时不发送附件","| 数据源中心已添加${datasource}数据源并授权给资产平台，且已开启脏数据存储<br>已配置邮箱告警通道<br>已存在用户A（邮箱已配置）<br>已存在规则集文件（包含多个规则）","1. 进入【数据资产】-【数据质量】-【规则任务配置】页面
2. 新建规则集，配置基础信息并导入规则集文件
3. 在「告警配置」区域勾选「邮箱」告警方式，在「是否发送明细数据」字段选择「否」，选择告警接收人为用户A
4. 保存规则集并立即运行，等待任务执行完成
5. 登录用户A邮箱，查看收到的告警邮件","1. 成功进入【规则任务配置】页面，页面内容正常加载显示，无报错
2. 规则集配置成功
3. 告警配置成功，「是否发送明细数据」选择「否」
4. 任务执行完成，校验结果为「不通过」
5. 用户A收到告警邮件，邮件内容为文本告警信息，不包含附件","1. 
2. 
3. 
4. 
5.","","2","功能测试","功能测试阶段","正常","0","2","5","通过","向林","2026-03-18","向林","2026-03-19","1","",""
"181383","数据资产_STD(#23)","/版本迭代测试用例/v6.4.9/【数据质量】质量校验不通过时支持发送邮件，邮件信息需要包含未通过的明细数据(#10307)","【数据质量】质量校验不通过时支持发送邮件，邮件信息需要包含未通过的明细数据(#15602)","规则集 验证规则集校验不通过时邮件附件发送功能正确","| 数据源中心已添加${datasource}数据源并授权给资产平台，且已开启脏数据存储<br>已配置邮箱告警通道<br>已存在用户A（邮箱已配置）<br>已存在规则集文件（包含多个规则）","1. 进入【数据资产】-【数据质量】-【规则任务配置】页面
2. 点击【新建规则集】按钮，配置基础信息
3. 导入规则集文件，点击【下一步】按钮
4. 在「告警配置」区域勾选「邮箱」告警方式，在「是否发送明细数据」字段选择「是」，选择告警接收人为用户A
5. 点击【完成】按钮保存规则集
6. 选择该规则集，点击【立即运行】按钮，等待任务执行完成
7. 登录用户A邮箱，查看收到的告警邮件","1. 成功进入【规则任务配置】页面，页面内容正常加载显示，无报错
2. 进入规则集配置页面
3. 规则集文件导入成功，显示规则内容
4. 告警配置成功，「是否发送明细数据」选择「是」
5. 规则集保存成功
6. 任务执行完成，校验结果为「不通过」
7. ZIP附件命名为「不符合规则的明细数据」，解压后包含Excel文件，每个校验不通过的规则生成一个Excel，命名格式为「{规则名称}.xlsx」","1. 
2. 
3. 
4. 
5. 
6. 
7.","","1","功能测试","功能测试阶段","正常","0","3","7","通过","向林","2026-03-18","向林","2026-03-19","1","",""
"181382","数据资产_STD(#23)","/版本迭代测试用例/v6.4.9/【数据质量】质量校验不通过时支持发送邮件，邮件信息需要包含未通过的明细数据(#10307)","【数据质量】质量校验不通过时支持发送邮件，邮件信息需要包含未通过的明细数据(#15602)","多表 验证编辑多表规则修改「是否发送明细数据」后功能正确","| 数据源中心已添加${datasource}数据源并授权给资产平台，且已开启脏数据存储<br>已配置邮箱告警通道<br>已存在用户A（邮箱已配置）<br>已存在多表比对规则，且校验不通过产生异常数据","1. 进入【数据资产】-【数据质量】-【规则任务配置】页面
2. 选择规则A，点击【编辑调度属性】按钮
3. 在「是否发送明细数据」字段选择「是」
4. 点击【保存】按钮
5. 选择规则A，点击【立即运行】按钮，等待任务执行完成
6. 登录用户A邮箱，查看收到的告警邮件","1. 成功进入【规则任务配置】页面，页面内容正常加载显示，无报错
2. 弹出「编辑调度属性」弹窗
3. 「是否发送明细数据」修改为「是」，选项高亮显示
4. 保存成功，系统给出成功反馈
5. 任务执行完成，校验结果为「不通过」
6. ZIP附件命名为「不符合规则的明细数据」，解压后包含Excel文件，每个异常类型生成一个Excel，命名格式为异常类型名称（如「逻辑主键匹配，但数据不匹配.xlsx」等）","1. 
2. 
3. 
4. 
5. 
6.","","2","功能测试","功能测试阶段","正常","0","1","6","通过","向林","2026-03-18","向林","2026-03-19","1","",""
"181381","数据资产_STD(#23)","/版本迭代测试用例/v6.4.9/【数据质量】质量校验不通过时支持发送邮件，邮件信息需要包含未通过的明细数据(#10307)","【数据质量】质量校验不通过时支持发送邮件，邮件信息需要包含未通过的明细数据(#15602)","多表 验证编辑多表规则-告警配置回显「是否发送明细数据」正确","已存在多表比对规则B，告警配置如下：<br>- 告警方式：邮箱<br>- 是否发送明细数据：否<br>- 告警接收人：用户B","1. 进入【数据资产】-【数据质量】-【规则任务配置】页面
2. 选择规则B，点击【编辑调度属性】按钮
3. 查看「告警配置」区域「是否发送明细数据」回显内容","1. 成功进入【规则任务配置】页面，页面内容正常加载显示，无报错
2. 弹出「编辑调度属性」弹窗
3. 「是否发送明细数据」回显为「否」，与原配置一致","1. 
2. 
3.","","2","功能测试","功能测试阶段","正常","0","1","3","通过","向林","2026-03-18","向林","2026-03-19","1","",""
"181380","数据资产_STD(#23)","/版本迭代测试用例/v6.4.9/【数据质量】质量校验不通过时支持发送邮件，邮件信息需要包含未通过的明细数据(#10307)","【数据质量】质量校验不通过时支持发送邮件，邮件信息需要包含未通过的明细数据(#15602)","多表 验证多表规则脏数据存储关闭时不发送明细数据附件","| 数据源中心已添加${datasource}数据源并授权给资产平台，且已关闭脏数据存储<br>已配置邮箱告警通道<br>已存在用户A（邮箱已配置）","1. 进入【数据质量】-【脏数据管理】页面
2. 选择${datasource}数据源，确认脏数据存储状态为「关闭」
3. 进入【数据资产】-【数据质量】-【规则任务配置】页面
4. 新建多表比对规则，配置源表和目标表及比对规则，使规则校验不通过
5. 在「告警配置」区域勾选「邮箱」告警方式，在「是否发送明细数据」字段选择「是」，选择告警接收人为用户A
6. 保存规则并立即运行，等待任务执行完成
7. 登录用户A邮箱，查看收到的告警邮件","1. 成功进入【脏数据管理】页面
2. ${datasource}数据源脏数据存储状态为「关闭」
3. 成功进入【规则任务配置】页面
4. 规则配置成功
5. 告警配置成功
6. 任务执行完成，校验结果为「不通过」
7. 用户A收到告警邮件，邮件内容为文本告警信息，不包含明细数据附件","1. 
2. 
3. 
4. 
5. 
6. 
7.","","2","功能测试","功能测试阶段","正常","0","2","7","通过","向林","2026-03-18","向林","2026-03-19","1","",""
"181379","数据资产_STD(#23)","/版本迭代测试用例/v6.4.9/【数据质量】质量校验不通过时支持发送邮件，邮件信息需要包含未通过的明细数据(#10307)","【数据质量】质量校验不通过时支持发送邮件，邮件信息需要包含未通过的明细数据(#15602)","多表 验证多表规则「是否发送明细数据」选择「否」时不发送附件","| 数据源中心已添加${datasource}数据源并授权给资产平台，且已开启脏数据存储<br>已配置邮箱告警通道<br>已存在用户A（邮箱已配置）<br>已存在多表比对规则，且校验不通过产生异常数据","1. 进入【数据资产】-【数据质量】-【规则任务配置】页面
2. 新建多表比对规则，配置源表和目标表及比对规则
3. 在「告警配置」区域勾选「邮箱」告警方式，在「是否发送明细数据」字段选择「否」，选择告警接收人为用户A
4. 保存规则并立即运行，等待任务执行完成
5. 登录用户A邮箱，查看收到的告警邮件","1. 成功进入【规则任务配置】页面，页面内容正常加载显示，无报错
2. 规则配置成功
3. 告警配置成功，「是否发送明细数据」选择「否」
4. 任务执行完成，校验结果为「不通过」
5. 用户A收到告警邮件，邮件内容为文本告警信息，不包含附件","1. 
2. 
3. 
4. 
5.","","2","功能测试","功能测试阶段","正常","0","1","5","通过","向林","2026-03-18","向林","2026-03-19","1","",""
"181378","数据资产_STD(#23)","/版本迭代测试用例/v6.4.9/【数据质量】质量校验不通过时支持发送邮件，邮件信息需要包含未通过的明细数据(#10307)","【数据质量】质量校验不通过时支持发送邮件，邮件信息需要包含未通过的明细数据(#15602)","多表 验证多表规则校验不通过时邮件附件发送功能正确","| 数据源中心已添加${datasource}数据源并授权给资产平台，且已开启脏数据存储<br>已配置邮箱告警通道<br>已存在用户A（邮箱已配置）<br>已存在多表比对规则，且校验不通过产生异常数据","1. 进入【数据资产】-【数据质量】-【规则任务配置】页面
2. 点击【新建监控规则】按钮，选择「多表比对」规则类型
3. 配置源表和目标表，选择比对字段和比对规则
4. 点击【下一步】按钮，在「告警配置」区域勾选「邮箱」告警方式，在「是否发送明细数据」字段选择「是」，选择告警接收人为用户A
5. 点击【完成】按钮保存规则
6. 选择该规则，点击【立即运行】按钮，等待任务执行完成
7. 登录用户A邮箱，查看收到的告警邮件","1. 成功进入【规则任务配置】页面，页面内容正常加载显示，无报错
2. 进入多表比对规则配置页面
3. 源表和目标表配置成功
4. 告警配置成功，「是否发送明细数据」选择「是」
5. 规则保存成功
6. 任务执行完成，校验结果为「不通过」
7. ZIP附件命名为「不符合规则的明细数据」，解压后包含Excel文件，每个异常类型生成一个Excel，命名格式为异常类型名称（如「逻辑主键匹配，但数据不匹配.xlsx」等）","1. 
2. 
3. 
4. 
5. 
6. 
7.","","1","功能测试","功能测试阶段","正常","0","2","7","通过","向林","2026-03-18","向林","2026-03-19","1","",""
"181377","数据资产_STD(#23)","/版本迭代测试用例/v6.4.9/【数据质量】质量校验不通过时支持发送邮件，邮件信息需要包含未通过的明细数据(#10307)","【数据质量】质量校验不通过时支持发送邮件，邮件信息需要包含未通过的明细数据(#15602)","单表 验证编辑单表规则修改「是否发送明细数据」后功能正确","| 已存在单表校验规则A，告警配置如下：<br>- 告警方式：邮箱<br>- 是否发送明细数据：否<br>- 告警接收人：用户A<br>测试表包含不符合规则的数据","1. 进入【数据资产】-【数据质量】-【规则任务配置】页面
2. 选择规则A，点击【编辑调度属性】按钮
3. 在「是否发送明细数据」字段选择「是」
4. 点击【保存】按钮
5. 选择规则A，点击【立即运行】按钮，等待任务执行完成
6. 登录用户A邮箱，查看收到的告警邮件","1. 成功进入【规则任务配置】页面，页面内容正常加载显示，无报错
2. 弹出「编辑调度属性」弹窗
3. 「是否发送明细数据」修改为「是」，选项高亮显示
4. 保存成功，系统给出成功反馈
5. 任务执行完成，校验结果为「不通过」
6. 用户A收到告警邮件，邮件包含ZIP附件，附件命名为「不符合规则的明细数据」","1. 
2. 
3. 
4. 
5. 
6.","","2","功能测试","功能测试阶段","正常","0","1","6","通过","向林","2026-03-18","向林","2026-03-19","1","",""
"181376","数据资产_STD(#23)","/版本迭代测试用例/v6.4.9/【数据质量】质量校验不通过时支持发送邮件，邮件信息需要包含未通过的明细数据(#10307)","【数据质量】质量校验不通过时支持发送邮件，邮件信息需要包含未通过的明细数据(#15602)","单表 验证编辑单表规则-告警配置回显「是否发送明细数据」正确","已存在单表校验规则A，告警配置如下：<br>- 告警方式：邮箱<br>- 是否发送明细数据：是<br>- 告警接收人：用户A","1. 进入【数据资产】-【数据质量】-【规则任务配置】页面
2. 选择规则A，点击【编辑调度属性】按钮
3. 查看「告警配置」区域「是否发送明细数据」回显内容","1. 成功进入【规则任务配置】页面，页面内容正常加载显示，无报错
2. 弹出「编辑调度属性」弹窗
3. 「是否发送明细数据」回显为「是」，与原配置一致","1. 
2. 
3.","","2","功能测试","功能测试阶段","正常","0","1","3","通过","向林","2026-03-18","向林","2026-03-19","1","",""
"181375","数据资产_STD(#23)","/版本迭代测试用例/v6.4.9/【数据质量】质量校验不通过时支持发送邮件，邮件信息需要包含未通过的明细数据(#10307)","【数据质量】质量校验不通过时支持发送邮件，邮件信息需要包含未通过的明细数据(#15602)","单表 验证单表规则脏数据存储关闭时不发送明细数据附件","| 数据源中心已添加${datasource}数据源并授权给资产平台，且已关闭脏数据存储<br>已配置邮箱告警通道<br>已存在用户A（邮箱已配置）<br>测试表包含不符合规则的数据","1. 进入【数据质量】-【脏数据管理】页面
2. 选择${datasource}数据源，确认脏数据存储状态为「关闭」
3. 进入【数据资产】-【数据质量】-【规则任务配置】页面
4. 新建单表校验规则，配置完整性校验规则，使规则校验不通过
5. 在「告警配置」区域勾选「邮箱」告警方式，在「是否发送明细数据」字段选择「是」，选择告警接收人为用户A
6. 保存规则并立即运行，等待任务执行完成
7. 登录用户A邮箱，查看收到的告警邮件","1. 成功进入【脏数据管理】页面
2. ${datasource}数据源脏数据存储状态为「关闭」
3. 成功进入【规则任务配置】页面
4. 规则配置成功
5. 告警配置成功
6. 任务执行完成，校验结果为「不通过」
7. 用户A收到告警邮件，邮件内容为文本告警信息，不包含明细数据附件（因脏数据存储未开启）","1. 
2. 
3. 
4. 
5. 
6. 
7.","","2","功能测试","功能测试阶段","正常","0","1","7","通过","向林","2026-03-18","向林","2026-03-19","1","",""
"181374","数据资产_STD(#23)","/版本迭代测试用例/v6.4.9/【数据质量】质量校验不通过时支持发送邮件，邮件信息需要包含未通过的明细数据(#10307)","【数据质量】质量校验不通过时支持发送邮件，邮件信息需要包含未通过的明细数据(#15602)","单表 验证单表规则「是否发送明细数据」选择「否」时不发送附件","| 数据源中心已添加${datasource}数据源并授权给资产平台，且已开启脏数据存储<br>已配置邮箱告警通道<br>已存在用户A（邮箱已配置）<br>测试表包含不符合规则的数据","1. 进入【数据资产】-【数据质量】-【规则任务配置】页面
2. 新建单表校验规则，配置完整性校验规则，使规则校验不通过
3. 在「告警配置」区域勾选「邮箱」告警方式，在「是否发送明细数据」字段选择「否」，选择告警接收人为用户A
4. 保存规则并立即运行，等待任务执行完成
5. 登录用户A邮箱，查看收到的告警邮件","1. 成功进入【规则任务配置】页面，页面内容正常加载显示，无报错
2. 规则配置成功
3. 告警配置成功，「是否发送明细数据」选择「否」
4. 任务执行完成，校验结果为「不通过」
5. 用户A收到告警邮件，邮件内容为文本告警信息，不包含附件","1. 
2. 
3. 
4. 
5.","","2","功能测试","功能测试阶段","正常","0","1","5","通过","向林","2026-03-18","向林","2026-03-19","1","",""
"181373","数据资产_STD(#23)","/版本迭代测试用例/v6.4.9/【数据质量】质量校验不通过时支持发送邮件，邮件信息需要包含未通过的明细数据(#10307)","【数据质量】质量校验不通过时支持发送邮件，邮件信息需要包含未通过的明细数据(#15602)","单表 验证单表规则多个子规则校验不通过时邮件附件生成正确","| 数据源中心已添加${datasource}数据源并授权给资产平台，且已开启脏数据存储<br>已配置邮箱告警通道<br>已存在用户A（邮箱已配置）<br>测试表DDL如下：<br>create table if not exists test_table(id int,name varchar(255),age int);<br>INSERT INTO test_table VALUES(1,&#039;张三&#039;,25),(2,NULL,30),(3,&#039;李四&#039;,NULL),(NULL,&#039;王五&#039;,35);","1. 进入【数据资产】-【数据质量】-【规则任务配置】页面
2. 点击【新建监控规则】按钮，配置监控对象为test_table，点击【下一步】按钮
3. 添加完整性校验规则1：在「字段」字段选择「name」，在「统计函数」字段选择「空值数」，在「校验方法」字段选择「固定值」，在「期望值」字段输入「=0」，点击【保存】按钮
4. 添加完整性校验规则2：在「字段」字段选择「id」，在「统计函数」字段选择「空值数」，在「校验方法」字段选择「固定值」，在「期望值」字段输入「=0」，点击【保存】按钮
5. 添加完整性校验规则3：在「字段」字段选择「age」，在「统计函数」字段选择「空值数」，在「校验方法」字段选择「固定值」，在「期望值」字段输入「=0」，点击【保存】按钮
6. 点击【下一步】按钮，在「告警配置」区域勾选「邮箱」告警方式，在「是否发送明细数据」字段选择「是」，选择告警接收人为用户A
7. 点击【完成】按钮保存规则
8. 选择该规则，点击【立即运行】按钮，等待任务执行完成
9. 登录用户A邮箱，查看收到的告警邮件
10. 下载邮件附件，查看ZIP包内容","1. 成功进入【规则任务配置】页面，页面内容正常加载显示，无报错
2. 成功进入「监控规则配置」页面
3. 完整性校验规则1添加成功
4. 完整性校验规则2添加成功
5. 完整性校验规则3添加成功
6. 告警配置成功，「是否发送明细数据」选择「是」
7. 规则保存成功
8. 任务执行完成，校验结果为「不通过」
9. 用户A收到告警邮件，邮件包含附件
10. ZIP附件命名为「不符合规则的明细数据」，解压后包含2个Excel文件：
- 文件1命名为「完整性校验_name_空值数.xlsx」（包含name为NULL的数据）
- 文件2命名为「完整性校验_id_空值数.xlsx」（包含id为NULL的数据）
- age字段无空值故不生成对应Excel","1. 
2. 
3. 
4. 
5. 
6. 
7. 
8. 
9. 
10.","","1","功能测试","功能测试阶段","正常","0","1","10","通过","向林","2026-03-18","向林","2026-03-19","1","",""
"181372","数据资产_STD(#23)","/版本迭代测试用例/v6.4.9/【数据质量】质量校验不通过时支持发送邮件，邮件信息需要包含未通过的明细数据(#10307)","【数据质量】质量校验不通过时支持发送邮件，邮件信息需要包含未通过的明细数据(#15602)","单表 验证单表规则校验不通过时邮件附件发送功能正确","| 数据源中心已添加${datasource}数据源并授权给资产平台，且已开启脏数据存储<br>已配置邮箱告警通道<br>已存在用户A（邮箱已配置）<br>测试表DDL如下：<br>create table if not exists test_table(id int,name varchar(255),age int);<br>INSERT INTO test_table VALUES(1,&#039;张三&#039;,25),(2,NULL,30),(3,&#039;李四&#039;,NULL);","1. 进入【数据资产】-【数据质量】-【规则任务配置】页面
2. 点击【新建监控规则】按钮，配置监控对象为test_table，点击【下一步】按钮
3. 添加完整性校验规则：
- 「字段」字段选择「name」
- 「统计函数」字段选择「空值数」
- 「校验方法」字段选择「固定值」
- 「期望值」字段输入「=0」，点击【保存】按钮
4. 点击【下一步】按钮，在「告警配置」区域勾选「邮箱」告警方式，在「是否发送明细数据」字段选择「是」，选择告警接收人为用户A
5. 点击【完成】按钮保存规则
6. 选择该规则，点击【立即运行】按钮，等待任务执行完成
7. 登录用户A邮箱，查看收到的告警邮件","1. 成功进入【规则任务配置】页面，页面内容正常加载显示，无报错
2. 成功进入「监控规则配置」页面
3. 完整性校验规则添加成功
4. 告警配置成功，「是否发送明细数据」选择「是」
5. 规则保存成功，系统给出成功反馈
6. 任务执行完成，校验结果为「不通过」
7. ZIP附件命名为「不符合规则的明细数据」，解压后包含一个Excel文件，命名为「完整性校验_name_空值数.xlsx」，Excel中包含name字段为NULL的明细数据（id=2的记录）","1. 
2. 
3. 
4. 
5. 
6. 
7.","","2","功能测试","功能测试阶段","正常","0","1","7","通过","向林","2026-03-18","向林","2026-03-19","1","",""
"181371","数据资产_STD(#23)","/版本迭代测试用例/v6.4.9/【数据质量】质量校验不通过时支持发送邮件，邮件信息需要包含未通过的明细数据(#10307)","【数据质量】质量校验不通过时支持发送邮件，邮件信息需要包含未通过的明细数据(#15602)","验证「是否发送明细数据」支持切换选择","数据源中心已添加${datasource}数据源并授权给资产平台<br>资产平台已引入该数据源，且该数据源下存在${database}数据库-${table}数据表<br>资产平台${datasource}数据源已授权给当前测试项目","1. 进入【数据资产】-【数据质量】-【规则任务配置】页面
2. 点击【新建监控规则】按钮，配置监控对象，点击【下一步】按钮
3. 添加完整性校验规则，点击【下一步】按钮进入「调度属性配置」页面
4. 在「告警配置」区域，勾选「邮箱」告警方式
5. 在「是否发送明细数据」字段选择「否」
6. 在「是否发送明细数据」字段选择「是」
7. 点击【完成】按钮保存规则
8. 检查多表比对规则和规则集的选项切换","1. 成功进入【规则任务配置】页面，页面内容正常加载显示，无报错
2. 成功进入「监控规则配置」页面
3. 成功进入「调度属性配置」页面
4. 「邮箱」告警方式勾选成功
5. 「否」选项选中成功，选项高亮显示
6. 「是」选项选中成功，选项高亮显示
7. 规则保存成功，相关页面/数据状态更新为最新
8. 正常切换","1. 
2. 
3. 
4. 
5. 
6. 
7. 
8.","","3","功能测试","功能测试阶段","正常","0","2","8","通过","向林","2026-03-18","向林","2026-03-19","1","",""
"181370","数据资产_STD(#23)","/版本迭代测试用例/v6.4.9/【数据质量】质量校验不通过时支持发送邮件，邮件信息需要包含未通过的明细数据(#10307)","【数据质量】质量校验不通过时支持发送邮件，邮件信息需要包含未通过的明细数据(#15602)","验证「调度属性配置」页面-告警方式选择「邮箱」时显示「是否发送明细数据」选项","数据源中心已添加${datasource}数据源并授权给资产平台<br>资产平台已引入该数据源，且该数据源下存在${database}数据库-${table}数据表<br>${table}建表DDL如下：<br>create table if not exists ${table}(id int,name varchar(255),age int);<br>资产平台${datasource}数据源已授权给当前测试项目","1. 进入【数据资产】-【数据质量】-【规则任务配置】页面
2. 点击【新建监控规则-单表校验规则】按钮，
- 「规则名称」字段输入「测试规则A」
- 「选择数据源」字段选择「${datasource}」
- 「选择数据库」字段选择「${database}」
- 「选择数据表」字段选择「${table}」
3. 点击【下一步】按钮，添加完整性校验规则，点击【下一步】按钮进入「调度属性配置」页面
4. 在「告警配置」区域，勾选「邮箱」告警方式
5. 查看「邮箱」告警方式下方显示内容
6. 勾选其它告警方式，查看下方显示内容
7. 检查多表比对规则和规则集的选项","1. 成功进入【规则任务配置】页面，页面内容正常加载显示，无报错
2. 成功进入「监控规则配置」页面，监控对象配置完成
3. 成功进入「调度属性配置」页面
4. 「邮箱」告警方式勾选成功
5. 「邮箱」告警方式下方显示「是否发送明细数据」单选框，包含「是」「否」两个选项，默认选择「是」
6. 其它告警方式下方不显示「是否发送明细数据」选项
7. 显示正常","1. 
2. 
3. 
4. 
5. 
6. 
7.","","2","功能测试","功能测试阶段","正常","1","2","7","通过","向林","2026-03-18","向林","2026-03-19","1","",""
"181142","数据资产_STD(#23)","/版本迭代测试用例/v6.4.9/【元数据】数据库列表支持展示数据库版本号(#10288)","【元数据】数据库列表支持展示数据库版本号(#15601)","验证「元数据管理」页面，「导出元数据」的文件中，「版本号」正常展示的功能","1、进入元数据-元数据管理页面
2、资产成功引入以下数据源：
hive、sparkthrift、trino、mysql、oracle、sqlserver、达梦、PostgreSQL、doris","1. 进入「元数据-元数据管理」页面
2. 查看页面信息展示","1. 页面正常打开
2. 「hive、sparkthrift、trino、mysql、oracle、sqlserver、达梦、PostgreSQL、doris」数据源的版本号正常展示","1. 
2.","","1","功能测试","功能测试阶段","正常","0","1","2","通过","听筠","2026-03-17","","0000-00-00","1","",""
"181141","数据资产_STD(#23)","/版本迭代测试用例/v6.4.9/【元数据】数据库列表支持展示数据库版本号(#10288)","【元数据】数据库列表支持展示数据库版本号(#15601)","验证「元数据管理」页面，「HANA」数据源「版本号」正常展示的功能","1、进入元数据-元数据管理页面
2、资产成功引入以下数据源：
hive、sparkthrift、trino、mysql、oracle、sqlserver、达梦、PostgreSQL、doris","1. 进入「元数据-元数据管理」页面
2. 查看页面信息展示","1. 页面正常打开
2. 「HANA」数据源的版本号正常展示，数据与底层查询的版本保持一致","1. 
2.","","1","功能测试","功能测试阶段","正常","0","0","2","","听筠","2026-03-17","","0000-00-00","1","",""
"181140","数据资产_STD(#23)","/版本迭代测试用例/v6.4.9/【元数据】数据库列表支持展示数据库版本号(#10288)","【元数据】数据库列表支持展示数据库版本号(#15601)","验证「元数据管理」页面，「doris2.x」数据源「版本号」正常展示的功能","1、进入元数据-元数据管理页面
2、资产成功引入以下数据源：
hive、sparkthrift、trino、mysql、oracle、sqlserver、达梦、PostgreSQL、doris","1. 进入「元数据-元数据管理」页面
2. 查看页面信息展示","1. 页面正常打开
2. 「doris2.x」数据源的版本号正常展示，数据与底层查询的版本保持一致","1. 
2.","","1","功能测试","功能测试阶段","正常","0","1","2","通过","听筠","2026-03-17","","0000-00-00","1","",""
"181139","数据资产_STD(#23)","/版本迭代测试用例/v6.4.9/【元数据】数据库列表支持展示数据库版本号(#10288)","【元数据】数据库列表支持展示数据库版本号(#15601)","验证「元数据管理」页面，「DM」数据源「版本号」正常展示的功能","1、进入元数据-元数据管理页面
2、资产成功引入以下数据源：
hive、sparkthrift、trino、mysql、oracle、sqlserver、达梦、PostgreSQL、doris","1. 进入「元数据-元数据管理」页面
2. 查看页面信息展示","1. 页面正常打开
2. 「DM」数据源的版本号正常展示，数据与底层查询的版本保持一致","1. 
2.","","3","功能测试","功能测试阶段","正常","0","0","2","","听筠","2026-03-17","","0000-00-00","1","",""
"181138","数据资产_STD(#23)","/版本迭代测试用例/v6.4.9/【元数据】数据库列表支持展示数据库版本号(#10288)","【元数据】数据库列表支持展示数据库版本号(#15601)","验证「元数据管理」页面，「PostgreSQL」数据源「版本号」正常展示的功能","1、进入元数据-元数据管理页面
2、资产成功引入以下数据源：
hive、sparkthrift、trino、mysql、oracle、sqlserver、达梦、PostgreSQL、doris","1. 进入「元数据-元数据管理」页面
2. 查看页面信息展示","1. 页面正常打开
2. 「PostgreSQL」数据源的版本号正常展示，数据与底层查询的版本保持一致","1. 
2.","","3","功能测试","功能测试阶段","正常","0","0","2","","听筠","2026-03-17","","0000-00-00","1","",""
"181137","数据资产_STD(#23)","/版本迭代测试用例/v6.4.9/【元数据】数据库列表支持展示数据库版本号(#10288)","【元数据】数据库列表支持展示数据库版本号(#15601)","验证「元数据管理」页面，「sqlserver」数据源「版本号」正常展示的功能","1、进入元数据-元数据管理页面
2、资产成功引入以下数据源：
hive、sparkthrift、trino、mysql、oracle、sqlserver、达梦、PostgreSQL、doris","1. 进入「元数据-元数据管理」页面
2. 查看页面信息展示","1. 页面正常打开
2. 「sqlserver」数据源的版本号正常展示，数据与底层查询的版本保持一致","1. 
2.","","1","功能测试","功能测试阶段","正常","0","1","2","通过","听筠","2026-03-17","","0000-00-00","1","",""
"181136","数据资产_STD(#23)","/版本迭代测试用例/v6.4.9/【元数据】数据库列表支持展示数据库版本号(#10288)","【元数据】数据库列表支持展示数据库版本号(#15601)","验证「元数据管理」页面，「oracle」数据源「版本号」正常展示的功能","1、进入元数据-元数据管理页面
2、资产成功引入以下数据源：
hive、sparkthrift、trino、mysql、oracle、sqlserver、达梦、PostgreSQL、doris","1. 进入「元数据-元数据管理」页面
2. 查看页面信息展示","1. 页面正常打开
2. 「oracle」数据源的版本号正常展示，数据与底层查询的版本保持一致","1. 
2.","","3","功能测试","功能测试阶段","正常","0","0","2","","听筠","2026-03-17","","0000-00-00","1","",""
"181135","数据资产_STD(#23)","/版本迭代测试用例/v6.4.9/【元数据】数据库列表支持展示数据库版本号(#10288)","【元数据】数据库列表支持展示数据库版本号(#15601)","验证「元数据管理」页面，「mysql」数据源「版本号」正常展示的功能","1、进入元数据-元数据管理页面
2、资产成功引入以下数据源：
hive、sparkthrift、trino、mysql、oracle、sqlserver、达梦、PostgreSQL、doris","1. 进入「元数据-元数据管理」页面
2. 查看页面信息展示","1. 页面正常打开
2. 「mysql」数据源的版本号正常展示，数据与底层查询的版本保持一致","1. 
2.","","3","功能测试","功能测试阶段","正常","0","0","2","","听筠","2026-03-17","","0000-00-00","1","",""
"181134","数据资产_STD(#23)","/版本迭代测试用例/v6.4.9/【元数据】数据库列表支持展示数据库版本号(#10288)","【元数据】数据库列表支持展示数据库版本号(#15601)","验证「元数据管理」页面，「trino」数据源「版本号」正常展示的功能","1、进入元数据-元数据管理页面
2、资产成功引入以下数据源：
hive、sparkthrift、trino、mysql、oracle、sqlserver、达梦、PostgreSQL、doris","1. 进入「元数据-元数据管理」页面
2. 查看页面信息展示","1. 页面正常打开
2. 「trino」数据源的版本号正常展示，数据与底层查询的版本保持一致","1. 
2.","","3","功能测试","功能测试阶段","正常","0","0","2","","听筠","2026-03-17","","0000-00-00","1","",""
"181133","数据资产_STD(#23)","/版本迭代测试用例/v6.4.9/【元数据】数据库列表支持展示数据库版本号(#10288)","【元数据】数据库列表支持展示数据库版本号(#15601)","验证「元数据管理」页面，「sparkthrift」数据源「版本号」正常展示的功能","1、进入元数据-元数据管理页面
2、资产成功引入以下数据源：
hive、sparkthrift、trino、mysql、oracle、sqlserver、达梦、PostgreSQL、doris","1. 进入「元数据-元数据管理」页面
2. 查看页面信息展示","1. 页面正常打开
2. 「sparkthrift」数据源的版本号正常展示，数据与底层查询的版本保持一致","1. 
2.","","1","功能测试","功能测试阶段","正常","0","1","2","通过","听筠","2026-03-17","","0000-00-00","1","",""
"181132","数据资产_STD(#23)","/版本迭代测试用例/v6.4.9/【元数据】数据库列表支持展示数据库版本号(#10288)","【元数据】数据库列表支持展示数据库版本号(#15601)","验证「元数据管理」页面，「hive」数据源「版本号」正常展示的功能","1、进入元数据-元数据管理页面
2、资产成功引入以下数据源：
hive、sparkthrift、trino、mysql、oracle、sqlserver、达梦、PostgreSQL、doris","1. 进入「元数据-元数据管理」页面
2. 查看页面信息展示","1. 页面正常打开
2. 「hive」数据源的版本号正常展示，数据与底层查询的版本保持一致","1. 
2.","","2","功能测试","功能测试阶段","正常","0","0","2","","听筠","2026-03-17","","0000-00-00","1","",""
"181131","数据资产_STD(#23)","/版本迭代测试用例/v6.4.9/【元数据】数据库列表支持展示数据库版本号(#10288)","【元数据】数据库列表支持展示数据库版本号(#15601)","验证「元数据管理」页面，「导出元数据」的文件中，新增「版本号」的功能","1、进入元数据-元数据管理页面
2、资产成功引入以下数据源：
hive、sparkthrift、trino、mysql、oracle、sqlserver、达梦、PostgreSQL、doris","1. 进入「元数据-元数据管理」页面
2. 点击「导出元数据」
3. 查看导出文件","1. 页面正常打开
2. 元数据正常导出
3. 文件中新增「版本号」信息列（位于「数据库名称」和「数据表数量」列中间）","1. 
2. 
3.","","3","功能测试","功能测试阶段","正常","0","0","3","","听筠","2026-03-17","","0000-00-00","1","",""
"181130","数据资产_STD(#23)","/版本迭代测试用例/v6.4.9/【元数据】数据库列表支持展示数据库版本号(#10288)","【元数据】数据库列表支持展示数据库版本号(#15601)","验证「元数据管理」页面，新增「版本号」的功能","1、进入元数据-元数据管理页面
2、资产成功引入以下数据源：
hive、sparkthrift、trino、mysql、oracle、sqlserver、达梦、PostgreSQL、doris","1. 进入「元数据-元数据管理」页面
2. 查看页面信息展示","1. 页面正常打开
2. 列表新增「版本号」信息列（位于「数据库」的右侧）","1. 
2.","","3","功能测试","功能测试阶段","正常","0","0","2","","听筠","2026-03-17","","0000-00-00","1","",""
"181129","数据资产_STD(#23)","/版本迭代测试用例/v6.4.9/【数据标准】支持维护标准负责人，列表展示负责人、创建人信息(#10287)","【数据标准】支持维护标准负责人，列表展示负责人、创建人信息(#15647)","验证【数据标准-标准定义】历史标准数据编辑正确","1、平台-标准定义存在历史标准数据：【中文名称】：ID，无【标准负责人】、【标准安全分类】、【标准安全分级】","1. 进入【资产-数据标准-标准定义】页面
2. 查看标准“ID”的详情
3. 编辑标准“ID”，填写【标准负责人】：user2；【标准安全分类】：类1；【标准安全分级】：机密，点击保存按钮
4. 查看标准“ID”详情","1. 页面正常打开
2. 展示数据正确，【标准负责人】、【标准安全分类】、【标准安全分级】都显示为“--”
3. 提示数据标准保存成功
4. 展示数据正确，【标准负责人】：user2；【标准安全分类】：类1；【标准安全分级】：机密","1. 
2. 
3. 
4.","","3","功能测试","功能测试阶段","正常","0","1","4","通过","听筠","2026-03-17","","0000-00-00","1","",""
"181128","数据资产_STD(#23)","/版本迭代测试用例/v6.4.9/【数据标准】支持维护标准负责人，列表展示负责人、创建人信息(#10287)","【数据标准】支持维护标准负责人，列表展示负责人、创建人信息(#15647)","验证【数据标准-标准定义】负责人、创建人查询条件交互正确","1、标准定义列表已存在admin@dtstack.com创建的标准：
1）【中文名称】：姓名；【英文名称】：name；【英文缩写】：na；【标准编号】：test1；【标准目录】：test；【标准负责人】：user1；【标准安全分类】：类1；【标准安全分级】：机密；【业务定义】：测试；【标准来源】：测试；【自定义属性】：属性一：1
2）【中文名称】：年龄；【英文名称】：age；【英文缩写】：ag；【标准编号】：test1；【标准目录】：test；【标准负责人】：user2；【标准安全分类】：类2；【标准安全分级】：机密；【业务定义】：测试；【标准来源】：测试；【自定义属性】：属性一：1
2、创建人有admin@dtstack.com1、admin@dtstack.com2","1. 进入【资产-数据标准-标准定义】页面
2. 点击负责人下拉框，输入：use
3. 多选user1、user2
4. 点击创建人下拉框，输入：admin
5. 多选admin@dtstack.com1、admin@dtstack.com2
6. 点击查询","1. 页面正常打开
2. 成功搜索出下拉项：user1、user2
3. 支持多选
4. 成功搜索出下拉项：admin@dtstack.com1、admin@dtstack.com2
5. 支持多选
6. 成功查询出标准“姓名”和标准“年龄”","1. 
2. 
3. 
4. 
5. 
6.","","2","功能测试","功能测试阶段","正常","0","1","6","通过","听筠","2026-03-17","","0000-00-00","1","",""
"181127","数据资产_STD(#23)","/版本迭代测试用例/v6.4.9/【数据标准】支持维护标准负责人，列表展示负责人、创建人信息(#10287)","【数据标准】支持维护标准负责人，列表展示负责人、创建人信息(#15647)","验证【数据标准-标准定义】通过标准名称、负责人、创建人查询功能","1、标准定义列表已存在admin@dtstack.com创建的标准：
1）【中文名称】：姓名；【英文名称】：name；【英文缩写】：na；【标准编号】：test1；【标准目录】：test；【标准负责人】：user1；【标准安全分类】：类1；【标准安全分级】：机密；【业务定义】：测试；【标准来源】：测试；【自定义属性】：属性一：1
2）【中文名称】：年龄；【英文名称】：age；【英文缩写】：ag；【标准编号】：test1；【标准目录】：test；【标准负责人】：user2；【标准安全分类】：类2；【标准安全分级】：机密；【业务定义】：测试；【标准来源】：测试；【自定义属性】：属性一：1","1. 进入【资产-数据标准-标准定义】页面
2. 只输入标准名称：姓名，点击查询
3. 只输入标准名称：年，点击查询
4. 只输入标准名称：年！@#￥，点击查询
5. 只选择负责人：user1，点击查询
6. 只选择创建人：admin@dtstack.com，点击查询
7. 输入标准名称：姓；选择负责人：user1；选择创建人：admin@dtstack.com，点击查询
8. 输入标准名称：姓；选择负责人：user2；选择创建人：admin@dtstack.com，点击查询","1. 页面正常打开
2. 成功查询到标准“姓名”相关数据
3. 成功查询到标准“年龄”相关数据
4. 查询不到任何数据
5. 成功查询到标准“姓名”相关数据
6. 成功查询到标准“姓名”、“年龄”相关数据
7. 成功查询到标准“姓名”相关数据
8. 查询不到任何数据","1. 
2. 
3. 
4. 
5. 
6. 
7. 
8.","","1","功能测试","功能测试阶段","正常","0","2","8","通过","听筠","2026-03-17","","0000-00-00","1","",""
"181126","数据资产_STD(#23)","/版本迭代测试用例/v6.4.9/【数据标准】支持维护标准负责人，列表展示负责人、创建人信息(#10287)","【数据标准】支持维护标准负责人，列表展示负责人、创建人信息(#15647)","验证【数据标准-标准定义】页面UI正确","1、标准定义列表已存在标准：
1）【中文名称】：姓名；【英文名称】：name；【英文缩写】：na；【标准编号】：test1；【标准目录】：test；【标准负责人】：user1；【标准安全分类】：类1；【标准安全分级】：机密；【业务定义】：测试；【标准来源】：测试；【自定义属性】：属性一：1
2）【中文名称】：年龄；【英文名称】：age；【英文缩写】：ag；【标准编号】：test1；【标准目录】：test；【标准负责人】：user2；【标准安全分类】：类2；【标准安全分级】：机密；【业务定义】：测试；【标准来源】：测试；【自定义属性】：属性一：1","1. 进入【资产-数据标准-标准定义】页面
2. 查看页面
3. 查看列表","1. 页面正常打开
2. 页面左侧展示标准目录；右侧从上往下依次展示标准名称输入框、负责人下拉框、创建人下拉框、标准列表
3. 1）显示平台已存在的标准：姓名、年龄
2）表头新增“负责人”、“创建人”，“负责人”位于“业务定义”左侧，“创建人”位于“创建时间”左侧","1. 
2. 
3.","","3","功能测试","功能测试阶段","正常","0","1","3","通过","听筠","2026-03-17","","0000-00-00","1","",""
"181125","数据资产_STD(#23)","/版本迭代测试用例/v6.4.9/【数据标准】支持维护标准负责人，列表展示负责人、创建人信息(#10287)","【数据标准】支持维护标准负责人，列表展示负责人、创建人信息(#15647)","验证【数据标准-标准定义-导出标准】功能正确","1、已进入【资产-数据标准-标准定义】页面
2、标准定义列表已存在标准：【中文名称】：姓名；【英文名称】：name；【英文缩写】：na；【标准编号】：test1；【标准目录】：test；【标准负责人】：user1；【标准安全分类】：类1；【标准安全分级】：机密；【业务定义】：测试；【标准来源】：测试；【自定义属性】：属性一：1","1. 点击【导出标准】按钮，选择目录test，点击确定按钮
2. 打开文件，查看内容","1. 提示下载成功，成功下载到本地
2. 与平台内容一致","1. 
2.","","2","功能测试","功能测试阶段","正常","0","1","2","通过","听筠","2026-03-17","","0000-00-00","1","",""
"181124","数据资产_STD(#23)","/版本迭代测试用例/v6.4.9/【数据标准】支持维护标准负责人，列表展示负责人、创建人信息(#10287)","【数据标准】支持维护标准负责人，列表展示负责人、创建人信息(#15647)","验证【数据标准-标准定义-导入标准】功能正确","1、已进入【资产-数据标准-标准定义】页面
2、标准定义列表已存在标准：【中文名称】：姓名；【英文名称】：name；【英文缩写】：na；【标准编号】：test1；【标准目录】：test；【标准负责人】：user1；【标准安全分类】：类1；【标准安全分级】：机密；【业务定义】：测试；【标准来源】：测试；【自定义属性】：属性一：1","1. 点击【导入标准】按钮，下载导入模板
2. 打开文件，【标准负责人】、【标准安全分类】、【标准安全分级】对应输入内容与下拉项内容不一致
3. 重新打开文件，正确填写标准内容，【英文名称】为“name”，选择“重复则跳过”
4. 更改文件内容，【英文名称】为“name”，选择“重复则覆盖更新”","1. 成功下载模板到本地
2. 提示导入失败，支持下载导入失败的文件
3. 成功导入，查看标准“姓名”，内容不变
4. 成功导入，查看标准“姓名”，内容成功更新","1. 
2. 
3. 导入失败
4.","","2","功能测试","功能测试阶段","正常","0","2","4","失败","听筠","2026-03-17","","0000-00-00","1","",""
"181123","数据资产_STD(#23)","/版本迭代测试用例/v6.4.9/【数据标准】支持维护标准负责人，列表展示负责人、创建人信息(#10287)","【数据标准】支持维护标准负责人，列表展示负责人、创建人信息(#15647)","验证【数据标准-标准定义-删除标准】功能正确","1、标准定义列表已存在标准：【中文名称】：姓名；【英文名称】：name；【英文缩写】：na；【标准编号】：test1；【标准目录】：test；【标准负责人】：user1；【标准安全分类】：类1；【标准安全分级】：机密；【业务定义】：测试；【标准来源】：测试；【自定义属性】：属性一：1
2、已进入【资产-数据标准-标准定义】页面","1. 选择标准“姓名”，点击删除按钮
2. 确认删除","1. 弹出二次确认弹窗
2. 提示删除成功，列表不存在标准“姓名”","1. 
2.","","3","功能测试","功能测试阶段","正常","0","1","2","通过","听筠","2026-03-17","","0000-00-00","1","",""
"181122","数据资产_STD(#23)","/版本迭代测试用例/v6.4.9/【数据标准】支持维护标准负责人，列表展示负责人、创建人信息(#10287)","【数据标准】支持维护标准负责人，列表展示负责人、创建人信息(#15647)","验证【数据标准-标准定义-上/下线标准】功能正确","1、标准定义列表已存在标准：【中文名称】：姓名；【英文名称】：name；【英文缩写】：na；【标准编号】：test1；【标准目录】：test；【标准负责人】：user1；【标准安全分类】：类1；【标准安全分级】：机密；【业务定义】：测试；【标准来源】：测试；【自定义属性】：属性一：1
2、已进入【资产-数据标准-标准定义】页面","1. 选择标准“姓名”，点击上线按钮
2. 确认上线
3. 选择标准“姓名”，点击下线按钮
4. 确认下线","1. 弹出二次确认弹窗
2. 成功上线，仅支持下线操作
3. 弹出二次确认弹窗
4. 成功下线，支持编辑和删除操作","1. 
2. 
3. 
4.","","3","功能测试","功能测试阶段","正常","0","1","4","通过","听筠","2026-03-17","","0000-00-00","1","",""
"181121","数据资产_STD(#23)","/版本迭代测试用例/v6.4.9/【数据标准】支持维护标准负责人，列表展示负责人、创建人信息(#10287)","【数据标准】支持维护标准负责人，列表展示负责人、创建人信息(#15647)","验证【数据标准-标准定义-编辑标准】功能正确","1、标准定义列表已存在标准：【中文名称】：姓名；【英文名称】：name；【英文缩写】：na；【标准编号】：test1；【标准目录】：test；【标准负责人】：user1；【标准安全分类】：类1；【标准安全分级】：机密；【业务定义】：测试；【标准来源】：测试；【自定义属性】：属性一：1
2、平台-数据安全已存在安全分类：类2；安全分级：秘密；
3、已进入【资产-数据标准-标准定义】页面","1. 选择标准“姓名”，点击编辑按钮
2. 修改【标准负责人】：user2；【标准安全分类】：类2；【标准安全分级】：秘密
点击【保存】按钮
3. 查看该标准的详情","1. 标准编辑页面正常打开
2. 提示数据标准保存成功
3. 展示信息正确，包含【中文名称】：姓名；【英文名称】：name；【英文缩写】：na；【标准编号】：test1；【标准目录】：test；【标准负责人】：user2；【标准安全分类】：类2；【标准安全分级】：秘密；【业务定义】：测试；【标准来源】：测试；【自定义属性】：属性一：1","1. 
2. 
3.","","2","功能测试","功能测试阶段","正常","0","1","3","通过","听筠","2026-03-17","","0000-00-00","1","",""
"181120","数据资产_STD(#23)","/版本迭代测试用例/v6.4.9/【数据标准】支持维护标准负责人，列表展示负责人、创建人信息(#10287)","【数据标准】支持维护标准负责人，列表展示负责人、创建人信息(#15647)","验证【数据标准-标准定义-标准详情】展示正确","1、平台-数据安全已存在安全分类：类1；安全分级：机密；","1. 进入【资产-数据标准-标准定义】页面
2. 点击【新建标准】按钮
3. 输入【中文名称】：姓名；【英文名称】：name；【英文缩写】：na；【标准编号】：test1；【标准目录】：test；【标准负责人】：user1；【标准安全分类】：类1；【标准安全分级】：机密；【业务定义】：测试；【标准来源】：测试；【自定义属性】：属性一：1
点击保存
4. 查看该标准的详情","1. 页面正常打开
2. 进入标准定义-新建标准页面
3. 提示数据标准保存成功
4. 展示信息正确，包含【中文名称】：姓名；【英文名称】：name；【英文缩写】：na；【标准编号】：test1；【标准目录】：test；【标准负责人】：user1；【标准安全分类】：类1；【标准安全分级】：机密；【业务定义】：测试；【标准来源】：测试；【自定义属性】：属性一：1","1. 
2. 
3. 
4.","","2","功能测试","功能测试阶段","正常","0","1","4","通过","听筠","2026-03-17","","0000-00-00","1","",""
"181119","数据资产_STD(#23)","/版本迭代测试用例/v6.4.9/【数据标准】支持维护标准负责人，列表展示负责人、创建人信息(#10287)","【数据标准】支持维护标准负责人，列表展示负责人、创建人信息(#15647)","验证【数据标准-标准定义-新建标准】新增维护模块交互正确","无","1. 进入【资产-数据标准-标准定义】页面
2. 点击【新建标准】按钮
3. 鼠标悬浮在【标准安全分类】的“？”处
4. 鼠标悬浮在【标准安全分级】的“？”处
5. 填写必填项【中文名称】、【英文名称】、【英文缩写】、【标准目录】，其余不填写内容，点击【保存】按钮","1. 页面正常打开
2. 进入标准定义-新建标准页面
3. 提示：“取数据安全-分级分类模块维护的类别信息”
4. 提示：“取数据安全-分级分类模块维护的级别信息”
5. 保存成功，【标准负责人】、【标准安全分类】、【标准安全分级】为非必填","1. 
2. 
3. 
4. 
5.","","1","功能测试","功能测试阶段","正常","0","2","5","通过","听筠","2026-03-17","","0000-00-00","1","",""
"181118","数据资产_STD(#23)","/版本迭代测试用例/v6.4.9/【数据标准】支持维护标准负责人，列表展示负责人、创建人信息(#10287)","【数据标准】支持维护标准负责人，列表展示负责人、创建人信息(#15647)","验证【数据标准-标准定义-新建标准】页面UI正确","无","1. 进入【资产-数据标准-标准定义】页面
2. 点击【新建标准】按钮
3. 查看页面
4. 查看【业务属性】区域
5. 查看【技术属性】区域","1. 页面正常打开
2. 进入标准定义-新建标准页面
3. 包含【业务属性】和【技术属性】区域，【上线】、【保存】按钮
4. 从上往下依次为：中文名称（必填）、英文名称（必填）、英文缩写（必填）、标准编号、标准目录（必填）、标准负责人、标准安全分类、标准安全分级、业务定义、标准来源、自定义属性
5. 从上往下依次为（全为非必填）：数据类型、数据长度、数据精度、是否允许空值、是否允许重复、默认值、取值范围、枚举范围","1. 
2. 
3. 
4. 
5.","","2","功能测试","功能测试阶段","正常","0","1","5","通过","听筠","2026-03-17","","0000-00-00","1","",""
"181117","数据资产_STD(#23)","/版本迭代测试用例/v6.4.9/【数据安全】支持trino数据源权限管控(#10286)","【数据安全】支持trino数据源权限管控（涉及审批中心）(#15600)","验证【资产-数据安全-数据权限管理-权限回收】-【trino数据源】权限回收功能正确","1、【权限分配】列表已存在trino数据源的权限行：
数据源：trino_test；
数据库：schema1；
数据表：table1
2、管理员已进入【资产-数据安全-数据权限管理-权限回收】页面
3、存在访客用户：tytest1","1. 选中trino_test，点击【权限回收】按钮
2. 切换用户tytest1，打开【资产-元数据-数据地图-数据表table1】，查看数据预览
3. 打开【离线开发】，查询trino表table1","1. 权限回收成功
2. 不支持查看
3. 不支持查询","1. 
2. 
3.","","3","功能测试","功能测试阶段","正常","0","1","3","通过","听筠","2026-03-17","","0000-00-00","1","",""
"181116","数据资产_STD(#23)","/版本迭代测试用例/v6.4.9/【数据安全】支持trino数据源权限管控(#10286)","【数据安全】支持trino数据源权限管控（涉及审批中心）(#15600)","验证【资产-数据安全-数据权限管理-权限分配】-【trino数据源】删除功能正确","1、【权限分配】列表已存在trino数据源的权限行：
数据源：trino_test；
数据库：schema1；
数据表：table1
2、管理员已进入【资产-数据安全-数据权限管理-权限分配】页面","1. 选中trino_test，点击【删除】按钮
2. 点击确定","1. 弹出二次确认弹窗
2. 删除成功","1. 
2.","","3","功能测试","功能测试阶段","正常","0","1","2","通过","听筠","2026-03-17","","0000-00-00","1","",""
"181115","数据资产_STD(#23)","/版本迭代测试用例/v6.4.9/【数据安全】支持trino数据源权限管控(#10286)","【数据安全】支持trino数据源权限管控（涉及审批中心）(#15600)","验证【资产-数据安全-数据权限管理-权限分配】-【trino数据源】编辑功能正确","1、【权限分配】列表已存在trino数据源的权限行：
数据源：trino_test；
数据库：schema1；
数据表：table1
2、管理员已进入【资产-数据安全-数据权限管理-权限分配】页面
3、存在访客用户：tytest","1. 选中trino_test，点击【编辑】按钮
2. 编辑数据表：table2，点击【保存】
3. 切换用户tytest，打开【资产-元数据-数据地图-数据表table2】，查看数据预览
4. 打开【离线开发】，查询trino表table2","1. 进入【编辑权限策略】页，数据回显正确
2. 编辑成功
3. 支持查看
4. 支持查询","1. 
2. 
3. 
4.","","3","功能测试","功能测试阶段","正常","0","1","4","通过","听筠","2026-03-17","","0000-00-00","1","",""
"181114","数据资产_STD(#23)","/版本迭代测试用例/v6.4.9/【数据安全】支持trino数据源权限管控(#10286)","【数据安全】支持trino数据源权限管控（涉及审批中心）(#15600)","验证【开发用户】-【资产-数据安全-我的权限查看】页面UI正确","1、平台存在trino数据源：trino_test
2、trino数据源内存在catalog：catalog1、catalog2
3、该数据源-catalog1下存在数据库：schema1
4、schema1下存在数据表table1
5、管理员已进入【资产-数据安全-数据权限管理-新增权限策略】页面
6、平台已存在身份为数据开发的用户：ty","1. 登录ty用户账密，进入【资产-数据安全-我的权限查看】页面
2. 查看页面","1. 页面正常打开
2. 从上往下依次显示为：
1）查询配置区域：数据表输入框、数据源类型下拉框、数据源下拉框、数据库下拉框、负责人、表权限下拉框、【重置】&【查询】按钮
2）数据权限列表：表名、表中文名、所属数据源、catalog、所属数据库、表负责人、表权限、列级权限、行级权限","1. 
2.","","3","功能测试","功能测试阶段","正常","0","1","2","通过","听筠","2026-03-17","","0000-00-00","1","",""
"181113","数据资产_STD(#23)","/版本迭代测试用例/v6.4.9/【数据安全】支持trino数据源权限管控(#10286)","【数据安全】支持trino数据源权限管控（涉及审批中心）(#15600)","验证【开发用户】-【资产-元数据-数据地图-数据表】-【权限申请】-【trino数据源】配置功能正确","1、平台存在trino数据源：trino_test
2、trino数据源内存在catalog：catalog1、catalog2
3、该数据源-catalog1下存在数据库：schema1
4、schema1下存在数据表table1
5、管理员已进入【资产-数据安全-数据权限管理-新增权限策略】页面
6、平台已存在身份为数据开发的用户：ty","1. 登录ty用户账密，进入【资产-元数据-数据地图】页面
2. 选择trino数据表：table1，点击【批量申请权限】
3. 鼠标悬浮【表级权限】处的“？”
4. 查看【权限】区域
5. 【权限】勾选DQL，【行列权限配置】开启行列级，配置【行列权限】为schema1-table1-字段1&字段2；【有效期】默认为永久，【申请原因】输入test，点击【确定】
6. 打开【资产-元数据-数据地图-数据表table1】，查看数据预览
7. 打开【数据质量】，新建规则任务，选择trino_test-catalog1-schema1-table1，查看数据预览
8. 切换至【离线开发】，查询trino表table1","1. 页面正常打开
2. 抽屉式展开表权限申请页
3. 提示：“hive、sparkthrift、starrocks、doris、trino、inceptor类型数据源配置权限信息后可在离线开发平台生效，其他类型数据源配置权限信息后仅在资产平台生效”
4. 显示DQL、DML、DDL，仅支持勾选DQL
5. 配置成功
6. 1）支持查看表table1的字段
2）只支持显示字段1和字段2的数据
7. 1）支持数据预览
2）只有字段1和字段2的数据显示
8. 支持查询，结果为行列级：table1：字段1和字段2","1. 
2. 
3. 
4. 
5. 
6. 
7. 
8.","","1","功能测试","功能测试阶段","正常","0","3","8","通过","听筠","2026-03-17","听筠","2026-03-20","2","",""
"181112","数据资产_STD(#23)","/版本迭代测试用例/v6.4.9/【数据安全】支持trino数据源权限管控(#10286)","【数据安全】支持trino数据源权限管控（涉及审批中心）(#15600)","验证【管理员】-【公共管理-审批中心-我已审批-元数据资产-表权限申请】-【审批详情】正确","1、资产平台发起trino数据源的表权限申请已审批","1. 管理员切换至【公共管理-审批中心】页
2. 点击【我已审批-元数据资产】tab页
3. 点击【审批详情】按钮
4. 查看详情","1. 【公共管理-审批中心】页正常打开
2. 页面正常打开，显示已审批的trino数据源的表权限申请
3. 抽屉展开表权限申请详情
4. 包含所属租户、申请时间、表名称、表类型、数据源、catalog、数据库、有效期、权限详情、审批流程","1. 
2. 
3. 
4.","","3","功能测试","功能测试阶段","正常","0","1","4","通过","听筠","2026-03-17","","0000-00-00","1","",""
"181111","数据资产_STD(#23)","/版本迭代测试用例/v6.4.9/【数据安全】支持trino数据源权限管控(#10286)","【数据安全】支持trino数据源权限管控（涉及审批中心）(#15600)","验证【管理员】-【公共管理-审批中心-待我审批-元数据资产-表权限申请】-【审批】正确","1、资产平台已发起trino数据源的表权限申请","1. 管理员切换至【公共管理-审批中心】页
2. 点击【待我审批-元数据资产】tab页
3. 点击【审批】按钮
4. 查看详情
5. 点击【通过】按钮","1. 【公共管理-审批中心】页正常打开
2. 页面正常打开，显示trino数据源的表权限申请
3. 抽屉展开表权限申请详情
4. 包含所属租户、申请时间、表名称、表类型、数据源、catalog、数据库、有效期、权限详情、审批流程、【拒绝】&【通过】按钮
5. 该表权限申请成功通过","1. 
2. 
3. 
4. 
5.","","3","功能测试","功能测试阶段","正常","0","1","5","通过","听筠","2026-03-17","","0000-00-00","1","",""
"181110","数据资产_STD(#23)","/版本迭代测试用例/v6.4.9/【数据安全】支持trino数据源权限管控(#10286)","【数据安全】支持trino数据源权限管控（涉及审批中心）(#15600)","验证【管理员】-【资产-数据安全-数据权限管理-权限回收】页面UI正确","1、平台存在trino数据源：trino_test
2、trino数据源内存在catalog：catalog1、catalog2
3、该数据源-catalog1下存在数据库：schema1
4、schema1下存在数据表table1
5、管理员已进入【资产-数据安全-数据权限管理】页面","1. 点击【权限回收】tab
2. 查看页面","1. 【权限回收】tab页正常打开
2. 从上往下依次显示为：
1）查询配置区域：数据源下拉框、数据库下拉框、数据表输入框、表权限下拉框、申请人输入框、【重置】&【查询】按钮
2）数据权限列表：申请人、数据源、catalog、数据库、数据表、表权限、有效期、状态、审批时间、操作
3）catalog无内容时显示为“--”，操作为“权限回收”，已回收内容置灰显示","1. 
2.","","3","功能测试","功能测试阶段","正常","0","1","2","通过","听筠","2026-03-17","","0000-00-00","1","",""
"181109","数据资产_STD(#23)","/版本迭代测试用例/v6.4.9/【数据安全】支持trino数据源权限管控(#10286)","【数据安全】支持trino数据源权限管控（涉及审批中心）(#15600)","验证【管理员】-【资产-数据安全-数据权限管理-新增权限策略】-【trino数据源】-新增功能正确","1、平台存在trino数据源：trino_test
2、trino数据源内存在catalog：catalog1、catalog2
3、该数据源-catalog1下存在数据库：schema1
4、schema1下存在数据表table1
5、管理员已进入【资产-数据安全-数据权限管理-新增权限策略】页面
6、平台已存在身份为访客的用户：tytest","1. 选择【数据源】：trino_test；
选择【catalog】：catalog1；
选择【数据库】：schema1；
选择【数据表】：table1
2. 选择【DQL】
3. 【有效期】默认永久，【是否开启行列权限配置】默认不开启，选择【用户】为tytest，点击【新增】按钮
4. 查看【权限分配】页面列表
5. 切换用户tytest，打开【资产-元数据-数据地图-数据表table1】，查看数据预览
6. 切换用户tytest，打开【数据质量】，新建规则任务，选择trino_test-catalog1-schema1-table1，查看数据预览
7. 切换用户tytest，打开【离线开发】，查询trino表table1","1. 选择成功
2. 下方显示【有效期】、【是否开启行列权限配置】
3. 提示“新增成功”，自动切回【权限分配】页面
4. 成功新增数据源为trino_test行，数据正确
5. 支持查看该表相关数据
6. 支持数据预览
7. 支持查询","1. 
2. 
3. 
4. 
5. 
6. 
7.","","1","功能测试","功能测试阶段","正常","0","2","7","通过","听筠","2026-03-17","听筠","2026-03-19","2","",""
"181108","数据资产_STD(#23)","/版本迭代测试用例/v6.4.9/【数据安全】支持trino数据源权限管控(#10286)","【数据安全】支持trino数据源权限管控（涉及审批中心）(#15600)","验证【管理员】-【资产-数据安全-数据权限管理-新增权限策略】-【trino数据源】-【表级权限】交互正确","1、平台存在trino数据源：trino_test
2、trino数据源内存在catalog：catalog1、catalog2
3、该数据源-catalog1下存在数据库：schema1
4、schema1下存在数据表table1
5、已进入【资产-数据安全-数据权限管理-新增权限策略】页面","1. 选择【数据源】：trino_test；
选择【catalog】：catalog1；
选择【数据库】：schema1；
选择【数据表】：table1
2. 鼠标悬浮【表级权限】处的“？”
3. 查看【表级权限】下拉框","1. 选择成功
2. 显示为：“hive、sparkthrift、starrocks、doris、trino、inceptor类型数据源配置权限信息后可在离线开发平台生效，其他类型数据源配置权限信息后仅在资产平台生效”
3. 包含【DML】、【DQL】、【DDL】，仅可选择【DQL】，其余两个置灰不可选","1. 
2. 
3.","","2","功能测试","功能测试阶段","正常","0","1","3","通过","听筠","2026-03-17","","0000-00-00","1","",""
"181107","数据资产_STD(#23)","/版本迭代测试用例/v6.4.9/【数据安全】支持trino数据源权限管控(#10286)","【数据安全】支持trino数据源权限管控（涉及审批中心）(#15600)","验证【管理员】-【资产-数据安全-数据权限管理-新增权限策略】-【trino数据源】配置交互正确","1、平台存在trino数据源：trino_test
2、trino数据源内存在catalog：catalog1、catalog2","1. 登录管理员账密，进入【资产-数据安全-数据权限管理】页面
2. 点击【新增】按钮
3. 点击【数据源】下拉框
4. 选择trino数据源
5. 点击【catalog】下拉框
6. 多选catalog下拉项","1. 页面正常打开
2. 进入【数据权限分配-新增权限策略】页面
3. 下拉项支持选择trino数据源：trino_test
4. 右侧显示【catalog】配置下拉框
5. 显示trino数据源内所有catalog：catalog1、catalog2
6. 仅支持单选","1. 
2. 
3. 
4. 
5. 
6.","","2","功能测试","功能测试阶段","正常","0","1","6","通过","听筠","2026-03-17","","0000-00-00","1","",""
