"用例编号","所属产品","所属模块","相关需求","用例标题","前置条件","步骤","预期","实际情况","关键词","优先级","用例类型","适用阶段","用例状态","B","R","S","结果","由谁创建","创建日期","最后修改者","修改日期","用例版本","相关用例"
"132742","数据资产_STD(#23)","/泸州老窖/数据安全(#7867)","","表级级别自动分级 验证【数据地图】-表详情-表字段-新增【关联标准】列","无","1. 1. 进入数据地图-A表详情页
2. 查看关联标准，点击标准名称","1. 跳转标准详情页
2.","1. 
2.","","3","功能测试","功能测试阶段","正常","0","1","2","通过","旺仔","2024-08-18","","0000-00-00","1","",""
"132741","数据资产_STD(#23)","/泸州老窖/数据安全(#7867)","","表级级别自动分级 验证【数据地图】-表详情-表字段-标记展示正确","无","1. 1. 进入数据地图-A表详情页
2. 查看字段标记","1. 1）表详情字段1展示标准A标记，同时展示安全等级1
2）点击字段1-标准，跳转标准详情页
3）字段2展示隐私等级1
2.","1. 
2.","","2","功能测试","功能测试阶段","正常","0","1","2","失败","旺仔","2024-08-18","","0000-00-00","1","",""
"132740","数据资产_STD(#23)","/泸州老窖/数据安全(#7867)","","表级级别自动分级 验证【数据地图】-表详情展示【安全级别】逻辑正确","无","1. 1. 进入数据地图-A表详情页
2. 查看表安全等级","1. 1）表详情展示安全等级为2
2）表详情展示隐私等级为2
2.","1. 
2.","","1","功能测试","功能测试阶段","正常","0","1","2","通过","旺仔","2024-08-18","","0000-00-00","1","",""
"132739","数据资产_STD(#23)","/泸州老窖/数据安全(#7867)","","自动分级管理 验证【手动分级】时，分级内容根据目录展示逻辑展示","无","1. 1）点击资产-数据安全-数据分级分类
2）点击【分级数据】-点击安全等级下拉框
3）选择隐私等级目录
4）点击手动分级，查看手动分级下拉框
2. 1）点击资产-数据安全-数据分级分类
2）点击【分级数据】-点击安全等级下拉框
3）选择安全等级目录
4）点击手动分级，查看手动分级下拉框
3. 1）点击资产-数据安全-数据分级分类
2）点击【分级数据】-点击安全等级下拉框
3）输入必填信息，选择隐私等级目录
4）点击手动分级，查看手动分级下拉框，选择分级
5）保存","1. 1）只展示隐私等级目录下的数据
2. 1）只展示安全等级目录下的数据
3. 保存成功","1. 
2. 
3.","","2","功能测试","功能测试阶段","正常","0","1","3","通过","旺仔","2024-08-18","","0000-00-00","1","",""
"132738","数据资产_STD(#23)","/泸州老窖/数据安全(#7867)","","自动分级管理 验证【分级数据】目录形式变更","无","1. 1）点击资产-数据安全-数据分级分类
2）点击【分级数据】
2. 1）点击资产-数据安全-数据分级分类
2）点击【分级数据】-点击安全等级下拉框
3. 1）点击资产-数据安全-数据分级分类
2）点击【分级数据】-点击安全等级下拉框
3）选择安全等级目录
4. 1）点击资产-数据安全-数据分级分类
2）点击【分级数据】-点击安全等级下拉框
3）选择隐私等级目录","1. 1）【数据级别】文案变更为【安全等级】
2. 可选择按照安全等级目录查看或者按照隐私等级目录查看
3. 1）目录展示正确
2）列表内容展示正确
4. 1）目录展示正确
2）列表内容展示正确","1. 
2. 
3. 
4.","","1","功能测试","功能测试阶段","正常","0","1","4","通过","旺仔","2024-08-18","","0000-00-00","1","",""
"132737","数据资产_STD(#23)","/泸州老窖/数据安全(#7867)","","自动分级管理 验证【自动分级】-【规则详情】-新增隐私等级内容","无","1. 1）点击资产-数据安全-数据分级分类
2）点击自动分级-选择已存在的规则A
3）点击A名称查看规则详情页","1. 1）详情页【所属分级】文案变更为【安全等级】
2）详情页正确展示【隐私等级】信息，展示在【安全等级】右侧","1.","","3","功能测试","功能测试阶段","正常","0","1","1","通过","旺仔","2024-08-18","","0000-00-00","1","",""
"132736","数据资产_STD(#23)","/泸州老窖/数据安全(#7867)","","自动分级管理 验证【自动分级】-【隐私等级】筛选按钮功能正确","无","1. 1）点击资产-数据安全-数据分级分类
2）点击自动分级-输入隐私等级内容
3）筛选","1. 1）存在即展示隐私等级内容
2）不存在则展示---","1.","","2","功能测试","功能测试阶段","正常","0","3","1","通过","旺仔","2024-08-18","","0000-00-00","1","",""
"132735","数据资产_STD(#23)","/泸州老窖/数据安全(#7867)","","自动分级管理 验证【自动分级】页面变更正确","无","1. 1）点击资产-数据安全-数据分级分类
2）点击自动分级","1. 1）【级别】筛选文案变更为【安全等级】
2）新增【隐私等级】筛选列","1.","","2","功能测试","功能测试阶段","正常","0","1","1","通过","旺仔","2024-08-18","","0000-00-00","1","",""
"132734","数据资产_STD(#23)","/泸州老窖/数据安全(#7867)","","自动分级管理 验证【添加规则】页面变更正确","无","1. 1）点击资产-数据安全-数据分级分类
2）点击自动分级-【添加】按钮添加规则","1. 1）【所属分级】改为【安全分级】
2）新增【隐私分级】
3）【安全分级】/【隐私分级】必选其中之一","1.","","2","功能测试","功能测试阶段","正常","0","1","1","通过","旺仔","2024-08-18","","0000-00-00","1","",""
"132733","数据资产_STD(#23)","/泸州老窖/数据安全(#7867)","","隐私等级管理 验证【隐私级别】-【置顶】按钮功能正确","无","1. 选择级别A，点击【置顶】按钮
2. 选择级别A，点击【取消置顶】按钮
3. 选择级别A，从第三行拖动到第一行","1. 移动置顶位置
2. 恢复原本位置
3. 1）拖动成功，位置变更成功
2）自动分级时，按照高级别为准","1. 
2. 
3.","","1","功能测试","功能测试阶段","正常","0","3","3","失败","旺仔","2024-08-18","","0000-00-00","1","",""
"132732","数据资产_STD(#23)","/泸州老窖/数据安全(#7867)","","隐私等级管理 验证【隐私级别】-【删除】按钮功能正确","无","1. 选择级别A，点击【删除】按钮
2. 选择级别A，点击【删除】按钮","1. 删除成功，页面刷新则不展示
2. 删除失败，提示“级别下存在分级字段或分级规则，需要下架该级别下的全部分级字段及删除全部分级规则才能删除”","1. 
2.","","2","功能测试","功能测试阶段","正常","0","1","2","失败","旺仔","2024-08-18","","0000-00-00","1","",""
"132731","数据资产_STD(#23)","/泸州老窖/数据安全(#7867)","","隐私等级管理 验证【隐私级别】-【编辑】按钮功能正确","无","1. 选择级别A，点击【编辑】按钮
2. 1）修改【级别名称】、【级别描述】
2）点击【取消】、【确认】按钮","1. 弹【添加级别】编辑弹窗
2. 1）点击【取消】按钮弹窗关闭，编辑不生效
2）点击【确定】按钮弹窗关闭，编辑生效","1. 
2.","","2","功能测试","功能测试阶段","正常","0","1","2","通过","旺仔","2024-08-18","","0000-00-00","1","",""
"132730","数据资产_STD(#23)","/泸州老窖/数据安全(#7867)","","隐私等级管理 验证【隐私级别】-【添加级别】按钮功能正确","无","1. 点击【添加级别】按钮
2. 【添加级别】弹窗校验
3. 1）输入【级别名称】AAA
2）输入【级别描述】XXX
3）点击【取消】/【确定】按钮","1. 弹【添加级别】弹窗
2. 1）展示关闭按钮“x“
2）展示必填输入框【级别名称】
3）展示【级别描述】文本输入框
4）展示【取消】、【确定】按钮
3. 1）点击【取消】按钮弹窗关闭，添加失败
2）点击【确定】按钮，弹窗关闭，添加成功","1. 
2. 
3.","","1","功能测试","功能测试阶段","正常","0","2","3","通过","旺仔","2024-08-18","","0000-00-00","1","",""
"132729","数据资产_STD(#23)","/泸州老窖/数据安全(#7867)","","隐私等级管理 验证【数据分级分类】-【级别管理】UI界面展示正确","无","1. 1）进入资产页面，点击【数据安全】Tab按钮
2）点击【数据分级分类】按钮","1. 1）原页面变更为【安全级别】
2）新增【隐私级别】页面","1.","","3","功能测试","功能测试阶段","正常","0","2","1","通过","旺仔","2024-08-18","","0000-00-00","1","",""
"132728","数据资产_STD(#23)","/泸州老窖/数据标准(#7866)","","码表管理 验证代码管理【导出】功能正确","无","1. 1）进入资产-【数据标准】-【标准基础】-【码表管理】
2）点击【导出】按钮，默认导出全部
2. 1）进入资产-【数据标准】-【标准基础】-【码表管理】
2）点击【导出】按钮，选择A、B两个目录导出","1. 1）导出【码表】信息正确
2）导出数据表和导入模版列头保持一致，导出文件命名为“代码信息_当日日期_当前时间”
2. 1）导出信息正确
2）导出数据表和导入模版列头保持一致，导出文件命名为“代码信息_当日日期_当前时间”","1. 
2.","","1","功能测试","功能测试阶段","正常","0","1","2","通过","旺仔","2024-08-18","","0000-00-00","1","",""
"132727","数据资产_STD(#23)","/泸州老窖/数据标准(#7866)","","码表管理 验证代码管理【导入】校验逻辑正确","无","1. 必填项校验
2. 字符长度校验
3. 必填项存在校验
4. 编码是否存在校验
5. 编码取值重复性校验
6. 错误原因展示逻辑","1. 若未填写批注提示/报错信息为“必填项未填写”
2. 若填写超过255字符，批注提示/报错信息为“填写数据字符超限”
3. 若一致则可以进行数据导入，若存在某一/多个必填列被删除，则报错信息为“缺少必填列xxx；xxx
4. 代码编号信息无法匹配已有编码，若为新增标准需清空代码编号
5. 批注提示/报错信息为“编码取值重复
6. 在导出错误文件的最右侧增加“错误原因”一列，若同一行存在多个报错内容，错误原因一列展示内容为中文分号拼接展示。","1. 
2. 
3. 
4. 
5. 
6.","","2","功能测试","功能测试阶段","正常","0","1","6","失败","旺仔","2024-08-18","","0000-00-00","1","",""
"132726","数据资产_STD(#23)","/泸州老窖/数据标准(#7866)","","码表管理 验证代码管理【导入】功能正确","无","1. 1）进入资产-【数据标准】-【标准基础】
2）点击码表-导入按钮，下载模板
2. 1）进入资产-【数据标准】-【标准基础】
2）点击码表-导入按钮，x字段字符长度超出
3）确认导入
3. 1）进入资产-【数据标准】-【标准基础】
2）点击码表-导入按钮，同一个代码下，编码取值重复
3）确认导入
4. 1）进入资产-【数据标准】-【标准基础】
2）点击码表-导入按钮，代码目录不存在
3）确认导入
5. 1）进入资产-【数据标准】-【标准基础】
2）点击码表-导入按钮，编码一致，信息不一致
3）确认导入
6. 1）进入资产-【数据标准】-【标准基础】
2）点击码表-导入按钮，空编码，信息正常
3）确认导入
7. 1）进入资产-【数据标准】-【标准基础】
2）点击码表-导入按钮，代码目录不存在
3）确认导入
4）点击下载导入失败的文件","1. 1）导入模版中在“代码管理”sheet页面“代码编码”字段调整到第一个，并且去掉“*”标识
2）导入模版中在“编码管理”sheet页面也增加“上级代码”、“代码状态”字段
2. 导入字符超限报错提示，导入失败
3. 编码取值重复报错，导入失败
4. 匹配不到则报错，导入失败
5. 同步更新，导入成功
6. 新增编码，导入成功
7. 校验到导入文件中存在部分数据，请修改后重新导入，点击导出错误文件","1. 
2. 
3. 
4. 
5. 
6. 
7.","","1","功能测试","功能测试阶段","正常","0","1","7","失败","旺仔","2024-08-18","","0000-00-00","1","",""
"132725","数据资产_STD(#23)","/泸州老窖/数据标准(#7866)","","码表管理 验证代码详情页展示正确","无","1. 1）进入资产-【数据标准】-【标准基础】-【码表管理】
2）选择已存在的【代码】，点击代码名称，查看详情","1. 详情页面展示新增字段【上级代码】/【代码状态】","1.","","3","功能测试","功能测试阶段","正常","0","1","1","通过","旺仔","2024-08-18","","0000-00-00","1","",""
"132724","数据资产_STD(#23)","/泸州老窖/数据标准(#7866)","","码表管理 验证代码编辑页面展示正确","无","1. 1）进入资产-【数据标准】-【标准基础】-【码表管理】
2）选择已存在的【代码】，点击编辑按钮","1. 1） 编辑页面展示新增字段【上级代码】/【代码状态】
2）不展示【代码编号】栏","1.","","3","功能测试","功能测试阶段","正常","0","1","1","通过","旺仔","2024-08-18","","0000-00-00","1","",""
"132723","数据资产_STD(#23)","/泸州老窖/数据标准(#7866)","","码表管理 验证【新建代码】-【码表内容】-【代码状态】字段校验","无","1. 1）进入资产-【数据标准】-【标准基础】-【码表管理】
2）点击【新建代码】-【代码状态】
3）可选有效/无效
4）保存","1. 保存成功","1.","","2","功能测试","功能测试阶段","正常","0","1","1","失败","旺仔","2024-08-18","","0000-00-00","1","",""
"132722","数据资产_STD(#23)","/泸州老窖/数据标准(#7866)","","码表管理 验证【新建代码】-【码表内容】-【上级代码】字段校验","无","1. 1）进入资产-【数据标准】-【标准基础】-【码表管理】
2）点击【新建代码】-【上级代码】
3）输入字符串","1. 1）最大输入255字段
2）非必填","1.","","2","功能测试","功能测试阶段","正常","0","1","1","通过","旺仔","2024-08-18","","0000-00-00","1","",""
"132721","数据资产_STD(#23)","/泸州老窖/数据标准(#7866)","","码表管理 验证【新建代码】-【编码取值】重复性校验","无","1. 1）进入资产-【数据标准】-【标准基础】-【码表管理】
2）点击【新建代码】-【编码取值】
3）输入1，1，2","1. 不可重复","1.","","2","功能测试","功能测试阶段","正常","0","1","1","通过","旺仔","2024-08-18","","0000-00-00","1","",""
"132720","数据资产_STD(#23)","/泸州老窖/数据标准(#7866)","","码表管理 验证【新建代码】页面变更","无","1. 1）进入资产-【数据标准】-【标准基础】-【码表管理】
2）点击【新建代码】
3）查看页面","1. 1）【代码编号】去除，改为自动生成
2）【码表内容】新增【上级代码】/【代码状态】字段","1.","","1","功能测试","功能测试阶段","正常","0","1","1","通过","旺仔","2024-08-18","","0000-00-00","1","",""
"132719","数据资产_STD(#23)","/泸州老窖/数据标准(#7866)","","标准维护管理 验证【数据库拾取】页面变更正确","无","1. 1）进入资产-【标准基础】
2）点击【数据库拾取】，查看拾取","1. 查看拾取列表隐藏状态、标准中文名、操作列，隐藏批量引用按钮","1.","","3","功能测试","功能测试阶段","正常","0","1","1","通过","旺仔","2024-08-18","","0000-00-00","1","",""
"132718","数据资产_STD(#23)","/泸州老窖/数据标准(#7866)","","标准维护管理 验证【行业模板】页面去除【引入标准】按钮","无","1. 1）进入资产-【标准基础】
2）点击【行业模板】","1. 右上角【引入标准】按钮去除不展示","1.","","3","功能测试","功能测试阶段","正常","0","1","1","通过","旺仔","2024-08-18","","0000-00-00","1","",""
"132717","数据资产_STD(#23)","/泸州老窖/数据标准(#7866)","","标准维护管理 验证【词根管理】-【被引用】查看标准功能正常","无","1. 1）进入资产-【标准基础】-【词根管理】
2）被引用数量为0
2. 1）进入资产-【标准基础】-【词根管理】
2）被引用数量为N
3）点击N
3. 1）进入被引用标准列表
2）页面UI check
4. 1）进入被引用标准列表
2）点击标准中文名称
5. 1）进入被引用标准列表
2）搜索框输入标准中文名/英文名模糊字段
3）输入不存在的字符串
4）输入特殊字符！@#¥%……&*
5）精准匹配","1. 无法下钻
2. 弹被引用标准列表
3. 列表展示字段包含中文名称、英文名称、英文缩写、业务定义、标准负责人、创建时间
4. 跳转查看标准详情页
5. 1）支持模糊/精准匹配
2）不存在则正确展示缺省页","1. 
2. 
3. 
4. 
5.","","2","功能测试","功能测试阶段","正常","0","1","5","失败","旺仔","2024-08-18","","0000-00-00","1","",""
"132716","数据资产_STD(#23)","/泸州老窖/数据标准(#7866)","","标准维护管理 验证【标准定义】-【导出标准】功能正常","无","1. 1）进入资产-数据标准页面
2）点击标准定义-点击【导出标准】按钮
2. 1）进入资产-数据标准页面
2）点击标准定义-点击【导出标准】按钮
3）搜索选择L1，导出
3. 1）进入资产-数据标准页面
2）点击标准定义-点击【导出标准】按钮
3）搜索选择L1-L2,导出
4. 1）进入资产-数据标准页面
2）点击标准定义-点击【导出标准】按钮
3）搜索选择L1-L2-L3,导出
5. 1）进入资产-数据标准页面
2）点击标准定义-点击【导出标准】按钮
3）搜索选择L1-L2A-L3a
4）搜索选择L1-L2A-L3b
5）搜索选择L1-L2B-L3
6）导出","1. 弹【导出目录】弹窗
2. 导出数据正确
3. 导出数据正确
4. 导出数据正确
5. 导出数据正确","1. 
2. 
3. 
4. 
5.","","1","功能测试","功能测试阶段","正常","0","1","5","通过","旺仔","2024-08-18","","0000-00-00","1","",""
"132715","数据资产_STD(#23)","/泸州老窖/数据标准(#7866)","","标准维护管理 验证【标准定义】-【导入标准】错误提示功能正常","无","1. 枚举值范围校验
2. 必填项校验
3. 字段类型校验
4. 字符长度校验
5. 必填列校验
6. 重复则覆盖-已发布校验
7. 编码信息匹配逻辑
8. 中文名，英文名校验
9. 错误原因展示逻辑","1. 若填写信息无法匹配枚举，批注提示/报错信息为“填写数据不在枚举范围内”
2. 必填项-若未填写批注提示/报错信息为“必填项未填写”
3. 若填写数据格式有误，批注提示/报错信息为“填写数据格式有误”
4. 若填写超过255字符，批注提示/报错信息为“填写数据字符超限”
5. 若存在某一/多个必填列被删除，则报错信息为“缺少必填列xxx；xxx”
6. 选择了“重复则覆盖”选项，但是重复标准为“已发布”标准，需要备注报错信息为“已发布标准不可更新”
7. 导入的编码若无法匹配到已有编码信息，批注提示/报错信息为“编码信息无法匹配已有编码，若为新增标准需清空编码值”
8. 导入的标准中文名称、英文名称需要做重复性校验，批注提示/报错信息为“标准名称重复”
9. 在导出错误文件的最右侧增加“错误原因”一列，若同一行存在多个报错内容，错误原因一列展示内容为中文分号拼接展示。","1. 
2. 
3. 
4. 
5. 
6. 
7. 
8. 
9.","","2","功能测试","功能测试阶段","正常","0","1","9","失败","旺仔","2024-08-18","","0000-00-00","1","",""
"132714","数据资产_STD(#23)","/泸州老窖/数据标准(#7866)","","标准维护管理 验证【标准定义】-【导入标准】功能正常","无","1. 1）进入资产-数据标准页面
2）点击标准定义-点击【导入标准】按钮
3）点击弹窗上【下载模版】按钮
2. 鼠标hover到【重复则覆盖更新】？上
3. 1）进入资产-数据标准页面
2）点击标准定义-点击【导入标准】按钮
3）上传Excel，【标准编码】/【其他列信息均符合规范】
4）点击【确认按钮】
4. 1）进入资产-数据标准页面
2）点击标准定义-点击【导入标准】按钮
3）上传Excel，【标准编码】已存在，选择【重复则跳过】
4）点击【确认按钮】
5. 1）进入资产-数据标准页面
2）点击标准定义-点击【导入标准】按钮
3）上传Excel，【标准编码】已存在，选择【重复则覆盖更新】
4）点击【确认按钮】
6. 1）进入资产-数据标准页面
2）点击标准定义-点击【导入标准】按钮
3）上传Excel，【标准编码】已存在，【标准目录】不存在，选择【重复则覆盖更新】
4）点击【确认按钮】
7. 1）点击错误提示弹窗的下载按钮","1. 1）模板Excel新增列【标准编码】，放第一列
2）新增“标准责任人工号”列，位于标准来源字段右侧
3）删除自定义属性列
4）自定义属性以单列形式展示，展示名称取属性的中文名，针对必填的自定义属性前面需要加一个“*”作为标识
2. 提示“若编码名称相同则更新原有标准信息（已发布标准除外）”
3. 上传成功，标准列表正确展示上传的标准
4. 上传成功，重复的标准编码不更新
5. 上传成功，重复的标准编码更新
6. 上传失败，提示“导入表格中存在错误数据，请检查后重新导入，点击导出错误文件。”
7. 成功导出错误文件","1. 
2. 
3. 
4. 
5. 
6. 
7.","","1","功能测试","功能测试阶段","正常","0","1","7","失败","旺仔","2024-08-18","","0000-00-00","1","",""
"132713","数据资产_STD(#23)","/泸州老窖/数据标准(#7866)","","标准维护管理 验证【标准定义】标准【操作】栏新增置顶操作","无","1. 1）进入资产-数据标准页面
2）点击标准定义-选择已存在的标准A
3）点击置顶
2. 1）进入资产-数据标准页面
2）点击标准定义-选择已存在的标准A
3）点击取消置顶","1. 1）在列表最上面
2）左边目录列表更新位置
2. 1）回归原先位置
2）左边目录列表更新位置","1. 
2.","","3","功能测试","功能测试阶段","正常","0","1","2","通过","旺仔","2024-08-18","","0000-00-00","1","",""
"132712","数据资产_STD(#23)","/泸州老窖/数据标准(#7866)","","标准维护管理 验证【标准定义】标准查看详情页面变更正确","无","1. 1）进入资产-数据标准页面
2）点击标准定义-选择已存在的标准A
3）点击查看详情","1. 详情页正确展示标准负责人，自定义属性等信息","1.","","3","功能测试","功能测试阶段","正常","0","1","1","失败","旺仔","2024-08-18","","0000-00-00","1","",""
"132711","数据资产_STD(#23)","/泸州老窖/数据标准(#7866)","","标准维护管理 验证【标准定义】编辑页面变更正确","无","1. 1）进入资产-数据标准页面
2）点击标准定义-选择已存在的标准A点击编辑按钮
3）编辑标准所有信息
4）点击保存按钮","1. 保存成功，编辑可修改所有信息","1.","","2","功能测试","功能测试阶段","正常","0","1","1","失败","旺仔","2024-08-18","","0000-00-00","1","",""
"132710","数据资产_STD(#23)","/泸州老窖/数据标准(#7866)","","标准维护管理 验证【标准定义】新增功能正确","无","1. 1）进入资产-数据标准页面
2）点击标准定义-点击新建标准按钮
3）输入标准所有信息，选择【自定义属性】，【标准负责人】等信息
4）点击保存按钮","1. 1）保存成功，标准新建成功
2）查看标准详情，标准详情信息展示正确","1.","","2","功能测试","功能测试阶段","正常","0","1","1","通过","旺仔","2024-08-18","","0000-00-00","1","",""
"132709","数据资产_STD(#23)","/泸州老窖/数据标准(#7866)","","标准维护管理 验证【标准定义】新增页面变更正确","无","1. 1）进入资产-数据标准页面
2）点击标准定义-【新建标准】按钮
3）验证页面删除【自定义属性】+添加属性按钮
4）页面不展示【自定义属性】标题
2. 1）进入资产-数据标准页面
2）点击标准定义-【新建标准】按钮
3）验证页面删除【自定义属性】+添加属性按钮
4）页面展示【自定义属性】标题，内容取自标准属性管理配置的属性信息
3. 1）进入资产-数据标准页面
2）点击标准定义-【新建标准】按钮
3）验证页面新增【标准负责人】字段","1. 标准属性没配置属性信息，则不展示【自定义属性】标题
2. 支持选择标准属性内已配置的属性信息
3. 展示组织架构内人员，可多选","1. 
2. 
3.","","1","功能测试","功能测试阶段","正常","0","1","3","通过","旺仔","2024-08-18","","0000-00-00","1","",""
"132708","数据资产_STD(#23)","/泸州老窖/数据标准(#7866)","","标准维护管理 验证【标准定义】页面新增【标准编码】列","无","1. 1）进入资产-数据标准页面
2）点击标准定义
2. 1）进入资产-数据标准页面
2）点击标准定义，新增标准1，2，3
3. 1）进入资产-数据标准页面
2）点击标准定义，新增标准1，2，3
3）删除标准3，新增标准4","1. 已存在的标准列表列新增【标准编码】列，在【中文名称】右边
2. 标准列表正确展示标准编码值
3. 标准列表正确展示标准编码值","1. 
2. 
3.","","2","功能测试","功能测试阶段","正常","0","1","3","通过","旺仔","2024-08-18","","0000-00-00","1","",""
"132707","数据资产_STD(#23)","/泸州老窖/数据标准(#7866)","","标准维护管理 验证【标准定义】-【已落标】/【可落标字段数】功能正常","无","1. 1）进入资产页面-数据标准
2）点击标准定义
3）导入已落标字段
4）查看已落标字段数
2. 1）进入资产页面-数据标准
2）点击标准定义
3）编辑，重新导入已落标字段
4）查看已落标字段数
3. 1）进入资产页面-数据标准
2）点击标准定义
3）点击已落标标记
4. 1）进入资产页面-数据标准
2）点击标准定义
3）导入可落标字段
4）查看可落标字段数
5. 1）进入资产页面-数据标准
2）点击标准定义
3）编辑，重新导入可落标字段
4）查看可落标字段数
6. 1）进入资产页面-数据标准
2）点击标准定义
3）点击可落标标记/已落标标记
7. 1）进入资产页面-数据标准
2）点击标准定义
3）点击可落标标记/已落标标记(均为0)","1. 统计数值正常
2. 字段数正确更新
3. 1）跳转已落标字段明细页面
2）点击字段可跳转表详情
3）页面搜索框校验正常
4）分页功能正常，分页后搜索功能正常
4. 统计数值正常
5. 字段数正确更新
6. 1）跳转可落标字段明细页面
2）点击字段可跳转表详情
3）页面搜索框校验正常
4）分页功能正常，分页后搜索功能正常
7. 数量是0时无法下钻","1. 
2. 
3. 
4. 
5. 
6. 
7.","","2","功能测试","功能测试阶段","正常","0","1","7","失败","旺仔","2024-08-18","","0000-00-00","1","",""
"132706","数据资产_STD(#23)","/泸州老窖/数据标准(#7866)","","标准维护管理 验证【数据标准】-【标准定义】列表支持展示列可配置","无","1. 1）进入资产页面-数据标准
2）点击标准定义
3）点击列表设置按钮，勾选所有列
4）点击保存
2. 1）进入资产页面-数据标准
2）点击标准定义
3）点击列表设置按钮，取消勾选某列
4）点击保存","1. 1)【标准定义】页面展示所有列信息
2)【中文名称】/【操作】列默认勾选
3）新增【绑定字段数】/【可落标字段数】列
2. 隐藏取消勾选的列","1. 
2.","","1","功能测试","功能测试阶段","正常","0","1","2","通过","旺仔","2024-08-18","","0000-00-00","1","",""
"132705","数据资产_STD(#23)","/泸州老窖/数据标准(#7866)","","标准维护管理 验证【数据标准】-【标准定义】列表支持查询条件可配置","无","1. 1）进入资产页面-数据标准
2）点击标准定义
3）筛选框输入 测试 模糊匹配
4）筛选框输入 测试用例 精准匹配
5）输入不存在的特殊字符串 !@#$%^&&*
2. 1）进入资产页面-数据标准-标准定义
2）点击筛选条件-【设置】按钮
3）选择所有的条件，保存
3. 1）进入资产页面-数据标准-标准定义
2）点击筛选条件-【设置】按钮
3）选择所有的条件，保存
4）所有的筛选条件框内都输入
5）点击搜索","1. 1）目录筛选框-支持模糊匹配，成功匹配出符合条件的目录
2）目录筛选框-支持精准匹配，成功匹配出符合条件的目录
3）目录筛选框-支持特殊字符，正确展示缺省页
2. 页面展示无异常，并正确展示所有筛选规则
3. 1）匹配出所有规则交集符合条件的目录
2）所有规则交集其中之一不符合则过滤不展示","1. 
2. 
3.","","3","功能测试","功能测试阶段","正常","0","1","3","失败","旺仔","2024-08-18","","0000-00-00","1","",""
"132704","数据资产_STD(#23)","/泸州老窖/数据标准(#7866)","","标准属性管理 验证【属性编辑】功能逻辑正常","无","1. 1）进入资产页面，点击【数据标准】
2）点击【标准管理】-【标准属性管理】按钮
3）选择【属性A-枚举类数据类型】，点击【编辑】按钮
2. 1）进入资产页面，点击【数据标准】
2）点击【标准管理】-【标准属性管理】按钮
3）选择【属性A-枚举类数据类型】，点击【编辑】按钮
4）删除属性A中枚举值a,二次弹窗确认删除
5）点击确定按钮保存
3. 1）进入资产页面，点击【数据标准】
2）点击【标准管理】-【标准属性管理】按钮
3）选择【属性A-文本框类数据类型】，点击【编辑】按钮","1. 1）仅支持修改属性中文名、枚举值、是否必填信息
2）枚举值删除弹二次弹窗确认信息
2. 已应用a枚举值选项的属性信息删除正常
3. 1）仅支持修改属性中文名、是否必填信息","1. 
2. 
3.","","2","功能测试","功能测试阶段","正常","0","1","3","通过","旺仔","2024-08-18","","0000-00-00","1","",""
"132703","数据资产_STD(#23)","/泸州老窖/数据标准(#7866)","","标准属性管理 验证【新增属性】-【枚举值】类型逻辑正常","无","1. 1）输入【属性名】
2）输入【属性中文名】
3）选择【属性类型】-【枚举值】
4）新增枚举值A/B，编辑A名称为C
5）移动B、C顺序
6）删除B枚举
7）选择非必填
8）点击【确认】按钮","1. 1）枚举值新增逻辑正常
2）枚举值名称变更正确
3）可移动枚举值位置
4）删除枚举值时弹二次弹窗提示","1.","","2","功能测试","功能测试阶段","正常","0","1","1","通过","旺仔","2024-08-18","","0000-00-00","1","",""
"132702","数据资产_STD(#23)","/泸州老窖/数据标准(#7866)","","标准属性管理 验证【新增属性】-【文本框】类型逻辑正常","无","1. 1）输入【属性名】
2）输入【属性中文名】
3）选择【属性类型】-【文本框】
4）【字段类型】分别选择【bigInt\string】
4）选择必填
5）点击【确认】按钮","1. 1）选择bigint后，只能输入bigint类型
2）选择string后，可输入任意字符串","1.","","2","功能测试","功能测试阶段","正常","0","1","1","失败","旺仔","2024-08-18","","0000-00-00","1","",""
"132701","数据资产_STD(#23)","/泸州老窖/数据标准(#7866)","","标准属性管理 验证【标准属性管理】页面【新增属性】功能正常","无","1. 1）点击【新增属性】按钮
2）【新增属性】弹窗校验
2. 1）输入【属性名】
2）输入【属性中文名】
3）选择【属性类型】-【文本框】
4）【字段类型】可选择【bigint、string】
4）选择必填
5）点击【确认】按钮
3. 1）输入【属性名】
2）输入【属性中文名】
3）选择【属性类型】-【枚举值】-【枚举选项编辑】
4）选择非必填
5）点击【确认】按钮","1. 1）弹窗展示X关闭按钮
2）属性名输入框
3）属性中文名输入框
4）属性类型单选框
5）是否必填勾选框
6）取消、确认按钮
2. 1）新增属性成功，页面记录数+1
2）【属性类型】列展示为【文本框】
3）bigint 只运行输入正整数
3. 1）新增属性成功，页面记录数+1
2）【属性类型】列展示为【枚举值】","1. 
2. 
3.","","1","功能测试","功能测试阶段","正常","0","1","3","通过","旺仔","2024-08-18","","0000-00-00","1","",""
"132700","数据资产_STD(#23)","/泸州老窖/数据标准(#7866)","","标准属性管理 验证【标准属性管理】页面【分页】功能正常","已存在100条属性记录","1. 点击页码跳转
2. 输入跳转页码，确认
3. 输入筛选条件，筛选，再分页跳转
4. 先跳转页面，再筛选
5. 选择一页展示记录条数","1. 正确展示跳转后页码的属性信息
2. 正确跳转到输入页码的属性信息页面
3. 逻辑正常
4. 逻辑正常
5. 正常切换展示","1. 
2. 
3. 
4. 
5.","","3","功能测试","功能测试阶段","正常","0","1","5","通过","旺仔","2024-08-18","","0000-00-00","1","",""
"132699","数据资产_STD(#23)","/泸州老窖/数据标准(#7866)","","标准属性管理 验证【标准属性管理】页面【筛选框】功能正常","标准属性已存在属性名,属性中文名分别为 test_shuxing，测试_用途","1. 1）输入“test_shuxing“,精准匹配
2. 1）输入“测试_用途”,精准匹配
3. 1）输入“test”,模糊匹配
4. 1）输入“测试”,模糊匹配
5. 1）输入“*~\/. ?^%$#@!”特殊字符
6. 1）输入随机字符串adahsjdh","1. 通过属性名精准匹配成功
2. 通过属性中文名精准匹配成功
3. 通过属性名模糊匹配成功
4. 通过属性中文名模糊匹配成功
5. 展示缺省页
6. 展示缺省页","1. 
2. 
3. 
4. 
5. 
6.","","3","功能测试","功能测试阶段","正常","0","1","6","通过","旺仔","2024-08-18","","0000-00-00","1","",""
"132698","数据资产_STD(#23)","/泸州老窖/数据标准(#7866)","","标准属性管理 验证【标准属性管理】页面UI展示正确","无","1. 1）进入资产页面，点击【数据标准】
2）点击【标准管理】-【标准属性管理】按钮","1. 1）展示【属性名】筛选框
2）展示【新增属性】按钮
3）展示【属性名】【属性中文名】【属性类型】【是否必填】【最近修改时间】【操作】列
4）展示属性行信息，属性【编辑】【删除】按钮
5）展示分页按钮","1.","","3","功能测试","功能测试阶段","正常","0","1","1","通过","旺仔","2024-08-18","","0000-00-00","1","",""
"132697","数据资产_STD(#23)","/泸州老窖/数据标准(#7866)","","标准属性管理 验证新增【标准属性管理】页面","无","1. 1）进入资产页面，点击【数据标准】
2）点击【标准管理】","1. 展示【标准属性管理】tab按钮","1.","","1","功能测试","功能测试阶段","正常","0","1","1","通过","旺仔","2024-08-18","","0000-00-00","1","",""
"132696","数据资产_STD(#23)","/泸州老窖/数据标准(#7866)","","标准目录管理 验证【数据标准目录】更新逻辑正确","无","1. 1）进入资产，编辑、新增、删除【数据资产目录】
2）点击【数据标准】Tab按钮，点击【标准定义】按钮
3）查看【数据标准目录】结构","1. 同步更新正确","1.","","1","功能测试","功能测试阶段","正常","0","1","1","通过","旺仔","2024-08-18","","0000-00-00","1","",""
"132695","数据资产_STD(#23)","/泸州老窖/数据标准(#7866)","","标准目录管理 验证【数据标准目录】-【新增标准】-只展示 L1～L3目录","无","1. 1）进入资产页面，点击【数据标准】Tab按钮
2）点击【标准定义】按钮，点击【新增标准】按钮
3）点击【标准目录】下拉框","1. 1）只展示L1、L2、L3目录","1.","","3","功能测试","功能测试阶段","正常","0","1","1","通过","旺仔","2024-08-18","","0000-00-00","1","",""
"132694","数据资产_STD(#23)","/泸州老窖/数据标准(#7866)","","标准目录管理 验证【数据标准目录】自动同步【数据资产目录】正常","无","1. 1）进入资产页面，点击【数据标准】Tab按钮
2）点击【标准定义】按钮，查看【数据标准目录】","1. 1）同步展示【数据资产目录】内容
2）只展示L1、L2、L3目录","1.","","2","功能测试","功能测试阶段","正常","0","1","1","通过","旺仔","2024-08-18","","0000-00-00","1","",""
"131604","数据资产_STD(#23)","/泸州老窖/数据资产目录(#7775)","","验证目录操作审计 - 列表- 翻页","无","1. “上一页”/“下一页”翻页
2. 指定页码翻页
3. 搜索后翻页：
先进行搜索查询；
再进行翻页
4. 翻页后搜索：
先翻页到最后一页（最后一页数据小于每页最大条数）；
再进行搜索查询（搜索后页数要小于搜索前页数）","1. 1）“上一页”数据正确；
2）“下一页”数据正确
2. 数据正确
3. 数据正确
4. 1）页码更新为第一页；
2）筛选数据正确","1. 
2. 
3. 
4.","","3","功能测试","功能测试阶段","正常","0","1","4","通过","shier","2024-07-31","buguang","2024-08-12","1","",""
"131603","数据资产_STD(#23)","/泸州老窖/数据资产目录(#7775)","","验证目录操作审计 - 列表- 筛选","无","1. 查看列表可筛选列
2. “级别”筛选“L1”
3. “级别”筛选“L2”
4. “级别”筛选“L3”
5. “级别”筛选“L4”
6. “操作类别”筛选“发布”
7. “操作类别”筛选“下线”
8. “操作类别”筛选“删除”","1. “级别”和“操作类别”列支持筛选
2. 列表返回当前租户下资产L1的审计记录
3. 列表返回当前租户下资产L2的审计记录
4. 列表返回当前租户下资产L3的审计记录
5. 列表返回当前租户下资产L4的审计记录
6. 列表返回当前租户下“发布”动作的审计记录
7. 列表返回当前租户下“下线”动作的审计记录
8. 列表返回当前租户下“删除”动作的审计记录","1. 
2. 
3. 
4. 
5. 
6. 
7. 
8.","","2","功能测试","功能测试阶段","正常","0","2","8","通过","shier","2024-07-31","buguang","2024-08-12","1","",""
"131602","数据资产_STD(#23)","/泸州老窖/数据资产目录(#7775)","","验证目录操作审计 - 列表- 查询","无","1. 默认查询：
默认状态下点击【查询】
2. 独立查询：
只进行“操作对象”查询，分别输入目录名称/数据表名
3. 独立查询：
只进行“编码”查询
4. 独立查询：
只进行“备注信息”查询
5. 独立查询：
只进行“操作时间”查询
6. 组合查询：
每个筛选项都选择；
点击【查询】
7. 重置查询：
每个筛选项都选择，并进行查询；
点击【重置】","1. 列表展示当前租户下资产所有L1～L4目录的操作审计记录
2. 模糊匹配，返回操作对象符合的审计记录
3. 根据输入“编码”模糊查询结果正确；
4. 模糊匹配，返回备注信息符合的审计记录
5. 根据选择“操作时间”精确查询结果正确；
-- 注意前端传参，开始时间和结束时间是否是0点和23点59分59秒
6. 筛选结果正确
7. 1）所有筛选项都恢复默认状态；
2）列表展示当前租户下资产所有L1～L4目录的操作审计记录","1. 
2. 
3. 
4. 
5. 
6. 
7.","","2","功能测试","功能测试阶段","正常","0","1","7","通过","shier","2024-07-31","buguang","2024-08-12","1","",""
"131601","数据资产_STD(#23)","/泸州老窖/数据资产目录(#7775)","","验证目录操作审计 - 列表- 排序","无","1. 查看默认排序
2. “操作时间”正序/倒序","1. 1）默认按照操作时间倒序排序；
2. 列表返回数据按正序/倒序显示正确","1. 
2.","","3","功能测试","功能测试阶段","正常","0","1","2","通过","shier","2024-07-31","buguang","2024-08-12","1","",""
"131600","数据资产_STD(#23)","/泸州老窖/数据资产目录(#7775)","","验证目录操作审计 - 列表- 数据","无","1. 查看列表数据","1. 返回当前租户下资产所有L1～L4目录的操作审计记录","1.","","1","功能测试","功能测试阶段","正常","0","2","1","通过","shier","2024-07-31","","0000-00-00","1","",""
"131599","数据资产_STD(#23)","/泸州老窖/数据资产目录(#7775)","","验证数据模型可以直接删除表","无","1. 数据模型处删除表","1. 新增所选L4层级（数据表）删除审计记录","1.","","2","功能测试","功能测试阶段","正常","0","1","1","通过","shier","2024-07-31","","0000-00-00","1","",""
"131598","数据资产_STD(#23)","/泸州老窖/数据资产目录(#7775)","","验证离线任务可以直接删除表","无","1. 离线任务执行drop语句删除表","1. 新增所选L4层级（数据表）删除审计记录","1.","","2","功能测试","功能测试阶段","正常","0","1","1","通过","shier","2024-07-31","","0000-00-00","1","",""
"131597","数据资产_STD(#23)","/泸州老窖/数据资产目录(#7775)","","验证元数据管理 - 删除表","无","1. 1）所选表为“草稿”状态；
2）点击“删除”icon
2. 1）所选表为“已下线”状态；
2）点击“删除”icon
3. 1）所选表为“已发布”状态；
2）点击“删除”icon
4. 查看【目录操作审计】","1. 1）删除弹窗增加“备注信息”输入框
2）能够正常删除
2. 1）删除弹窗增加“备注信息”输入框
2）能够正常删除
3. 提示：请先将数据表下线再进行删除操作
4. 新增所选L4层级（数据表）删除审计记录","1. 
2. 
3. 
4.","","2","功能测试","功能测试阶段","正常","0","1","4","通过","shier","2024-07-31","","0000-00-00","1","",""
"131596","数据资产_STD(#23)","/泸州老窖/数据资产目录(#7775)","","验证元数据管理 - 导出元数据","存在字段自定义属性应用于MySQL","1. 元数据管理页，点击【导出元数据】，进行导出元数据
2. 表详情页，进入某MySQL表详情页，点击【导出】，进行导出元数据","1. 导出的元数据内容正确，内容包含字段内置+自定义属性数据
2. 导出的元数据内容正确，内容包含字段内置+自定义属性数据","1. 
2.","","2","功能测试","功能测试阶段","正常","0","1","2","通过","shier","2024-07-31","","0000-00-00","1","",""
"131595","数据资产_STD(#23)","/泸州老窖/数据资产目录(#7775)","","验证元数据管理 - 导入元数据- 字段元数据导入失败的情况","无","1. excel中存在填写的数据库在数据地图中不存在
2. 针对trino类型，excel中存在填写的catalog在数据地图中不存在
3. excel中存在填写的数据表在数据地图中不存在
4. excel中存在填写的数据表，当前导入用户没有权限（不是该表负责人）
5. excel中存在填写的枚举类型自定义属性值不在枚举范围内
6. excel中存在填写的string文本框类型自定义属性值超过255个字符
7. excel中存在填写的bigint文本框类型自定义属性值填入非整数类型数据
8. excel中存在填写的树形目录类型自定义属性的值不在目录结构内；
9. excel中存在填写的自定义属性为必填项，但未填入值
10. excel中存在填写的字段中文名值超过255个字符
11. excel中存在填写的字段描述值超过128个字符
12. excel中存在填写的字段标签不符合规范","1. 导入失败，错误文件指出具体错误的单元格并提示：当前数据库/namespace未同步到资产中
2. 导入失败，错误文件指出具体错误的单元格并提示：当前catalog未同步到资产中
3. 导入失败，错误文件指出具体错误的单元格并提示：当前数据表未同步到资产中
4. 导入失败，错误文件指出具体错误的单元格并提示：无权限的数据表
5. 导入失败，错误文件指出具体错误的单元格并提示：错误数据，请查看字段元模型该属性信息
6. 导入失败，错误文件指出具体错误的单元格并提示：错误数据，请查看字段元模型该属性信息
7. 导入失败，错误文件指出具体错误的单元格并提示：错误数据，请查看字段元模型该属性信息
8. 导入失败，错误文件指出具体错误的单元格并提示：错误数据，请查看字段元模型该属性信息
9. 导入失败，错误文件指出具体错误的单元格并提示：必填数据，请查看元模型该属性信息
10. 
11. 
12. 导入失败，错误文件指出具体错误的单元格并提示：2-20个字符，不能以特殊字符及数字开头，只能包含特殊字符中的“.“，“_“或“-“","1. 
2. 
3. 
4. 
5. 
6. 
7. 
8. 
9. 
10. 
11. 
12.","","2","功能测试","功能测试阶段","正常","0","1","12","通过","shier","2024-07-31","shier","2024-07-31","1","",""
"131594","数据资产_STD(#23)","/泸州老窖/数据资产目录(#7775)","","验证元数据管理 - 导入元数据- 字段元数据导入成功的情况","无","1. 上传文件内容填写如下：
1）excel中必填项均有数据
2）excel中数据库、表名、字段名均在数据地图中存在
3）excel中自定义字段属性均应用于当前数据源类型
4）excel中自定义字段属性数据均填写正确
5）excel中输入多个字段标签（以英文分号分隔），且标签数据符合规范","1. 导入成功；
进入对应的表详情页，excel中对应的属性均更新正确","1.","","1","功能测试","功能测试阶段","正常","0","2","1","通过","shier","2024-07-31","","0000-00-00","1","",""
"131593","数据资产_STD(#23)","/泸州老窖/数据资产目录(#7775)","","验证元数据管理 - 导入元数据- 表元数据导入回归","无","1. “选择导入内容”选择“表元数据”；
上传文件，文件内容能够校验通过；
点击【确定】
2. “选择导入内容”选择“表元数据”；
上传文件，文件内容不能校验通过；
点击【确定】","1. 表元数据导入成功
2. 1）表元数据导入失败
2）导出的错误文件内容正确","1. 
2.","","3","功能测试","功能测试阶段","正常","0","1","2","通过","shier","2024-07-31","","0000-00-00","1","",""
"131592","数据资产_STD(#23)","/泸州老窖/数据资产目录(#7775)","","验证元数据管理 - 导入元数据- 弹窗交互优化","页面： 【元数据】-【元数据管理】页","1. 选择某个数据源，进入数据库列表页；
点击【导入元数据】
2. “选择导入内容”选择“表元数据”，点击【下载模版】
3. “选择导入内容”选择“字段元数据”，点击【下载模版】","1. 弹窗增加“选择导入内容”单选项，选项：表元数据、字段元数据
2. 下载的模版为表元数据导入模版
3. 1）下载的模版为字段元数据导入模版
2）模版excel中包含当前数据源类型支持的字段自定义属性，且必填标识正确","1. 
2. 
3.","","1","功能测试","功能测试阶段","正常","0","2","3","通过","shier","2024-07-31","","0000-00-00","1","",""
"131591","数据资产_STD(#23)","/泸州老窖/数据资产目录(#7775)","","验证元数据管理 - 字段元数据- 必填项校验","1）准备枚举属性A、string文本框属性B、bigint文本框属性C、树形目录属性D，且均为必填","1. 1）点击【编辑】；
2）A、B、C、D三列数据分别为空，直接点击【保存】","1. 提示必填","1.","","3","功能测试","功能测试阶段","正常","0","1","1","通过","shier","2024-07-31","buguang","2024-08-12","2","",""
"131590","数据资产_STD(#23)","/泸州老窖/数据资产目录(#7775)","","验证元数据管理 - 字段元数据- 批量编辑- 保存属性值","准备枚举属性A、string文本框属性B、bigint文本框属性C、树形目录属性D","1. 内置属性（非必填）均为空，直接点击【保存】
2. 内置属性（非必填）均完善数据，直接点击【保存】
3. 属性A、属性B、属性C、属性D列均完善数据，点击【保存】","1. 保存成功，字段内置属性值为空
2. 保存成功；
列表数据正确；
表详情页字段tab页数据也正确
3. 保存成功；
列表数据正确；
表详情页字段tab页数据也正确","1. 
2. 
3.","","1","功能测试","功能测试阶段","正常","0","3","3","失败","shier","2024-07-31","","0000-00-00","1","",""
"131589","数据资产_STD(#23)","/泸州老窖/数据资产目录(#7775)","","验证元数据管理 - 字段元数据- 批量编辑- 内置属性下拉枚举项","准备枚举属性A、string文本框属性B、bigint文本框属性C、树形目录属性D","1. 点击【批量编辑】
2. 查看“关联标准”选项
3. 查看“是否可落标”选项
4. 查看“是否已落标”选项
5. 查看“安全等级”选项
6. 查看“隐私等级”选项","1. 内置属性列均为下拉框；
2. 当前租户下已发布的数据标准
3. 选项为：“是”、“否”
4. 选项为：“是”、“否”
5. 当前租户下安全等级
6. 当前租户下隐私等级","1. 
2. 
3. 
4. 
5. 
6.","","1","功能测试","功能测试阶段","正常","0","2","6","失败","shier","2024-07-31","","0000-00-00","1","",""
"131588","数据资产_STD(#23)","/泸州老窖/数据资产目录(#7775)","","验证元数据管理 - 字段元数据- 列表- 翻页","无","1. “上一页”/“下一页”翻页
2. 指定页码翻页","1. 1）“上一页”数据正确；
2）“下一页”数据正确
2. 数据正确","1. 
2.","","3","功能测试","功能测试阶段","正常","0","1","2","通过","shier","2024-07-31","","0000-00-00","1","",""
"131587","数据资产_STD(#23)","/泸州老窖/数据资产目录(#7775)","","验证元数据管理 - 字段元数据- 列表- 数据","进入【元数据】-【元数据管理】-编辑-字段元数据","1. 查看字段数据","1. 展示当前表字段信息，数据与该表详情页字段tab页数据一致","1.","","1","功能测试","功能测试阶段","正常","0","2","1","通过","shier","2024-07-31","","0000-00-00","1","",""
"131586","数据资产_STD(#23)","/泸州老窖/数据资产目录(#7775)","","验证元数据管理 - 原页面优化","无","1. 进入【元数据】-【元数据管理】-编辑
2. 切换两个TAB页面","1. 页面分为“表元数据”和“字段元数据”两个TAB页
2. 页面展示和数据正确","1. 
2.","","2","功能测试","功能测试阶段","正常","0","1","2","通过","shier","2024-07-31","","0000-00-00","1","",""
"131585","数据资产_STD(#23)","/泸州老窖/数据资产目录(#7775)","","验证字段元模型 - 权限点","无","1. admin用户登陆
2. 管理员用户登陆
3. 数开用户登陆
4. 访客用户登陆","1. 可以查看字段元模型列表，并且支持新增/编辑/删除属性
2. 可以查看字段元模型列表，并且支持新增/编辑/删除属性
3. 可以查看字段元模型列表，无法新增/编辑/删除属性
4. 可以查看字段元模型列表，无法新增/编辑/删除属性","1. 
2. 
3. 
4.","","2","功能测试","功能测试阶段","正常","0","1","4","通过","shier","2024-07-31","","0000-00-00","1","",""
"131584","数据资产_STD(#23)","/泸州老窖/数据资产目录(#7775)","","验证字段元模型 - 自定义属性删除逻辑","1） 准备枚举属性A（枚举项：a1，a2，a3）、文本框属性B、树形目录属性D，应用于MySQL

2） 设置MySQL表1的自定义字段属性A的值为a2，自定义字段属性B值为XXX，自定义属性D的值为目录A3","1. 【字段元模型】TAB页删除文本框属性B；
查看MySQL表1的表详情页-表结构-字段TAB页
2. 【字段元模型】TAB页删除枚举类属性A的a2枚举项（只删除枚举项，不删除属性）；
查看MySQL表1的表详情页-表结构-字段TAB页
3. 【字段元模型】TAB页删除枚举类属性A
查看MySQL表1的表详情页-表结构-字段TAB页
4. 【字段元模型】TAB页删除树形目录类属性D的A3目录（只删除目录，不删除属性）；
查看MySQL表1的表详情页-表结构-字段TAB页
5. 【字段元模型】TAB页删除树形目录类属性D
查看MySQL表1的表详情页-表结构-字段TAB页","1. 字段列表不展示自定义属性B
2. 字段列表原自定义属性A值为a2的字段，该属性值变为空
3. 字段列表不展示自定义属性A
4. 字段列表原自定义属性D值为A3的字段，该属性值变为空
5. 字段列表不展示自定义属性D","1. 
2. 
3. 
4. 
5.","","2","功能测试","功能测试阶段","正常","0","1","5","通过","shier","2024-07-31","","0000-00-00","1","",""
"131583","数据资产_STD(#23)","/泸州老窖/数据资产目录(#7775)","","验证字段元模型 - 字段列表展示","1）准备枚举属性A、文本框属性B、C、树形目录属性D，均只应用于MySQL和Oracle
2） 需要查看两个数据：表详情页，元数据管理-字段元数据","1. 表详情页，查看MySQL表字段TAB页
2. 表详情页，查看Oracle表字段TAB页
3. 表详情页，查看非MySQL/Oracle表字段TAB页
4. 元数据管理页，查看MySQL表的字段元数据TAB页
5. 元数据管理页，查看Oracle表字段TAB页
6. 元数据管理页，查看非MySQL/Oracle表字段TAB页","1. 1）列表显示内置属性列，且属性正确；
2）列表增加属性A、B、C、D列，且数据正确
2. 1）列表显示内置属性列，且属性正确；
2）列表增加属性A、B、C、D列，且数据正确
3. 1）列表显示内置属性列，且属性正确；
2）列表没有属性A、B、C、D列
4. 1）列表显示内置属性列，且属性正确；
2）列表增加属性A、B、C、D列，且数据正确
5. 1）列表显示内置属性列，且属性正确；
2）列表增加属性A、B、C、D列，且数据正确
6. 1）列表显示内置属性列，且属性正确；
2）列表没有属性A、B、C、D列","1. 
2. 
3. 
4. 
5. 
6.","","1","功能测试","功能测试阶段","正常","0","1","6","通过","shier","2024-07-31","","0000-00-00","1","",""
"131582","数据资产_STD(#23)","/泸州老窖/数据资产目录(#7775)","","验证字段元模型 - 列表- 新增属性- 重复性校验","无","1. 枚举项重复性校验
2. 属性名重复性校验
3. 树形目录属性，同级目录重名校验","1. 提示重名错误
2. 提示重名错误
3. 提示重名错误","1. 
2. 
3.","","2","功能测试","功能测试阶段","正常","0","1","3","失败","shier","2024-07-31","","0000-00-00","1","",""
"131581","数据资产_STD(#23)","/泸州老窖/数据资产目录(#7775)","","验证字段元模型 - 列表- 新增属性- 逻辑","无","1. 新增文本框类型属性：
1）输入属性名、属性中文名
2）属性类型选择“文本框”
3）字段类型选择“bigint”
4）设置非必填
5）应用数据源类型选择“全部”
6）归属类别选择“业务属性”
2. 新增文本框类型属性：
1）输入属性名、属性中文名
2）属性类型选择“文本框”
3）字段类型选择“string”
4）设置非必填
5）应用数据源类型选择“全部”
6）归属类别选择“业务属性”
3. 新增文本框类型属性：
1）输入属性名、属性中文名
2）属性类型选择“文本框”
3）字段类型选择“string”
4）设置非必填
5）应用数据源类型选择“mysql”和“oracle”
6）归属类别选择“业务属性”
4. 新增枚举类型属性：
1）输入属性名、属性中文名
2）属性类型选择“枚举”
3）增加三个选项：A、B、C
4）设置非必填
5）应用数据源类型选择“mysql”和“oracle”
6）归属类别选择“业务属性”
5. 新增树形目录类型属性：
1）输入属性名、属性中文名
2）属性类型选择“树形目录”
3）增加两个目录：a->a1->a2; b->b1->b2
4）设置非必填
5）应用数据源类型选择“mysql”和“oracle”
6）归属类别选择“业务属性”","1. 新增属性成功
2. 新增属性成功
3. 新增属性成功
4. 新增属性成功
5. 新增属性成功","1. 
2. 
3. 
4. 
5.","","1","功能测试","功能测试阶段","正常","0","2","5","通过","shier","2024-07-31","","0000-00-00","1","",""
"131580","数据资产_STD(#23)","/泸州老窖/数据资产目录(#7775)","","验证字段元模型 - 列表- 新增属性- 交互","无","1. 点击【新增属性】
2. “属性类型”选择“文本框”
3. “属性类型”选择“枚举”
4. 查看“应用数据源类型”下拉项
5. 必填项校验
6. 按钮操作：
1）点击【取消】
2）点击【确定】","1. 弹出“新增属性”弹窗
2. “属性类型”下方新增“字段类型”下拉项：
1）下拉项为：string、bigint
2）“属性类型”切换为“枚举”时，“字段类型”不显示
3. 1）“属性类型”下方新增“选项”编辑模块：
2）“属性类型”切换为“文本框”时，“选项”不显示
4. 1）下拉项为资产支持的所有数据源类型+“全部”
2）该项为多选项，选择“全部”其他选项不可选中
5. 必填项为：所有表单元素都为必填项
6. 1）弹窗消失
2）触发新增接口，新增成功后，弹窗消失","1. 
2. 
3. 
4. 
5. 
6.","","2","功能测试","功能测试阶段","正常","0","1","6","通过","shier","2024-07-31","buguang","2024-08-12","2","",""
"131579","数据资产_STD(#23)","/泸州老窖/数据资产目录(#7775)","","验证字段元模型 - 列表- 删除","位置：元数据-元模型管理-字段元模型","1. 点击【删除】
2. 点击二次确认弹窗中的【删除】
3. 点击二次确认弹窗中的【取消】","1. 显示二次确认弹窗，弹窗标题为：删除xxx属性，弹窗提示内容为：属性删除后，已应用并完成维护的xxx属性将会清除！ 按钮：【取消】/【删除】
2. 1）属性删除成功；
2）列表刷新
3. 弹窗消失","1. 
2. 
3.","","2","功能测试","功能测试阶段","正常","0","1","3","通过","shier","2024-07-31","","0000-00-00","1","",""
"131578","数据资产_STD(#23)","/泸州老窖/数据资产目录(#7775)","","验证字段元模型 - 列表- 编辑","位置：元数据-元模型管理-字段元模型","1. 选择枚举类型属性，点击【编辑】
2. 编辑枚举类型属性：
1）修改中文名；
2）删除一个已有枚举项
3）修改一个已有枚举项
4）新增一个枚举项
5）修改归属类别
点击【确定】
3. 选择文本框类型属性，点击【编辑】
4. 编辑文本框类型属性：
1）修改中文名；
2）切换必填属性
3）修改归属类别
点击【确定】
5. 选择树形目录类型属性，点击【编辑】
6. 编辑树形目录类型属性：
1）修改中文名；
2）切换必填属性
3）修改归属类别
4）删除一个子目录
5）新增一个子目录
6）修改一个子目录
点击【确定】","1. 1）弹出“编辑属性”弹窗
2）弹窗数据加载正确
3）属性名、属性类型、应用数据源类型为不可编辑状态
2. 1）编辑枚举类型属性成功；
2）列表更新
3. 1）弹出“编辑属性”弹窗
2）弹窗数据加载正确
3）属性名、属性类型、字段类型、应用数据源类型为不可编辑状态
4. 1）编辑文本框类型属性成功；
2）列表更新
5. 1）弹出“编辑属性”弹窗
2）弹窗数据加载正确
3）属性名、属性类型、字段类型、应用数据源类型为不可编辑状态
6. 1）编辑树形目录类型属性成功；
2）列表更新","1. 
2. 
3. 
4. 
5. 
6.","","2","功能测试","功能测试阶段","正常","0","1","6","失败","shier","2024-07-31","","0000-00-00","1","",""
"131577","数据资产_STD(#23)","/泸州老窖/数据资产目录(#7775)","","验证字段元模型 - 列表- 翻页","位置：元数据-元模型管理-字段元模型","1. “上一页”/“下一页”翻页
2. 指定页码翻页
3. 筛选后翻页：
先进行筛选查询；
再进行翻页
4. 翻页后筛选：
先翻页到最后一页（最后一页数据小于每页最大条数）；
再进行筛选查询（筛选后页数要小于筛选前页数）","1. 1）“上一页”数据正确；
2）“下一页”数据正确
2. 数据正确
3. 数据正确
4. 1）页码更新为第一页；
2）筛选数据正确","1. 
2. 
3. 
4.","","3","功能测试","功能测试阶段","正常","0","1","4","通过","shier","2024-07-31","","0000-00-00","1","",""
"131576","数据资产_STD(#23)","/泸州老窖/数据资产目录(#7775)","","验证字段元模型 - 列表- 筛选","位置：元数据-元模型管理-字段元模型","1. 查看“属性类型”下拉项
2. “属性类型”选择“枚举”，点击【查询】
3. “属性类型”选择“文本框”，点击【查询】
4. “属性类型”选择“树形目录”，点击【查询】
5. 点击【重置】","1. 1）下拉项为：枚举、文本框
2）筛选项为单选
2. 返回枚举类型的属性
3. 返回文本框类型的属性
4. 返回树形目录类型的属性
5. 列表显示所有未删除的属性","1. 
2. 
3. 
4. 
5.","","2","功能测试","功能测试阶段","正常","0","1","5","失败","shier","2024-07-31","","0000-00-00","1","",""
"131575","数据资产_STD(#23)","/泸州老窖/数据资产目录(#7775)","","验证字段元模型 - 列表- 查询","无","1. 默认查询：
默认状态下点击【查询】
2. 独立查询：
只进行“属性名”查询
3. 独立查询：
只进行“属性中文名”查询
4. 独立查询：
只进行“属性类型”查询，分别选择“枚举”/“文本框”/“树形目录”查询
5. 组合查询：
每个筛选项都选择；
点击【查询】
6. 重置查询：
每个筛选项都选择，并进行查询；
点击【重置】","1. 列表展示当前租户下资产所有内置字段属性+自定义字段属性
2. 模糊匹配，返回属性名符合的审计记录
3. 模糊匹配，返回属性中文名符合的审计记录
4. 精确查询，返回对应类型的属性
5. 筛选结果正确
6. 1）所有筛选项都恢复默认状态；
2）列表展示当前租户下资产所有内置字段属性+自定义字段属性","1. 
2. 
3. 
4. 
5. 
6.","","2","功能测试","功能测试阶段","正常","0","1","6","通过","shier","2024-07-31","","0000-00-00","1","",""
"131574","数据资产_STD(#23)","/泸州老窖/数据资产目录(#7775)","","验证字段元模型 - 列表- 排序","位置：元数据-元模型管理-字段元模型","1. 查看默认排序","1. 列表数据默认按照新增时间倒序显示","1.","","3","功能测试","功能测试阶段","正常","0","1","1","通过","shier","2024-07-31","","0000-00-00","1","",""
"131573","数据资产_STD(#23)","/泸州老窖/数据资产目录(#7775)","","验证字段元模型 - 列表- 数据","位置：元数据-元模型管理-字段元模型","1. 查看列表
2. 查看内置属性","1. 1）列表展示当前租户下所有未删除的字段元模型数据
2）列表数据包括：属性名、属性中文名、属性类型、是否必填、归属类别、应用数据源类型、最近修改时间（精确到秒）
2. - standard，关联属性，枚举，非必填，应用全部数据源类型；
- be_standard，是否可落标，枚举，非必填，应用全部数据源类型；
- is_standard，是否已落标，枚举，非必填，应用全部数据源类型；
- security_level，安全等级，枚举，非必填，应用全部数据源类型；
- privacy_level，隐私等级，枚举，非必填，应用全部数据源类型；","1. 
2.","","1","功能测试","功能测试阶段","正常","0","2","2","失败","shier","2024-07-31","","0000-00-00","1","",""
"131572","数据资产_STD(#23)","/泸州老窖/数据资产目录(#7775)","","验证数据表元模型- 新增通用业务属性","无","1. 查看不同租户下，各元模型通用业务属性","1. 增加内置业务属性：数据管家（枚举）、归属部门（枚举）、数据责任人（枚举）、来源业务系统（string文本框）","1.","","2","功能测试","功能测试阶段","正常","0","1","1","通过","shier","2024-07-31","","0000-00-00","1","",""
"131571","数据资产_STD(#23)","/泸州老窖/数据资产目录(#7775)","","验证数据地图- 权限点","无","1. admin用户登陆
2. 管理员用户登陆
3. 数开用户登陆
4. 访客用户登陆","1. 可以查看数据表列表，并且支持导入/导出/发布/下线数据表
2. 可以查看数据表列表，并且支持导入/导出/发布/下线数据表
3. 可以查看数据表列表，无法导入/导出/发布/下线数据表
4. 可以查看数据表列表，无法导入/导出/发布/下线数据表","1. 
2. 
3. 
4.","","2","功能测试","功能测试阶段","正常","0","1","4","通过","shier","2024-07-31","","0000-00-00","1","",""
"131570","数据资产_STD(#23)","/泸州老窖/数据资产目录(#7775)","","验证数据地图- 数据预览条数配置-","无","1. 权限
2. 设置","1. 数开/访客进入任一表的表详情页-数据预览页面
2. 1）进入任一表详情页-数据预览页面；
2）点击【预览条数设置】","1. 
2.","","2","功能测试","功能测试阶段","正常","0","1","2","通过","shier","2024-07-31","","0000-00-00","1","",""
"131569","数据资产_STD(#23)","/泸州老窖/数据资产目录(#7775)","","验证数据地图- 表详情页- 业务属性增加项","无","1. 查看表业务属性","1. 业务属性增加“数据负责人”、“数据管家”、“负责部门”、“来源业务系统”","1.","","2","功能测试","功能测试阶段","正常","0","1","1","通过","shier","2024-07-31","","0000-00-00","1","",""
"131568","数据资产_STD(#23)","/泸州老窖/数据资产目录(#7775)","","验证数据地图- 表详情页- 基本信息-数据资产目录","无","1. 查看原“数据目录”
2. 查看“数据资产目录”
3. 当前表为“已发布”状态，且已关联L3目录；
4. 1）当前表为“已发布”状态，且未关联L3目录；
2）点击“数据资产目录”右侧的【添加】
5. 在弹窗中选择L3目录，点击【确定】
6. 当前表为“草稿”/“已下线”状态，且未关联L3目录；","1. “数据目录”重命名为“数据资源目录”
2. 显示当前数据表关联的L3目录
3. 该关联的目录可以取消
4. 1）弹出“添加数据资产目录”弹窗；
2）下拉框，显示L1～L2目录树
5. 该表关联所选L3目录成功
6. 无【添加】按钮","1. 
2. 
3. 
4. 
5. 
6.","","1","功能测试","功能测试阶段","正常","1","2","6","失败","shier","2024-07-31","","0000-00-00","1","",""
"131567","数据资产_STD(#23)","/泸州老窖/数据资产目录(#7775)","","验证数据地图- 表详情页- 字段标准覆盖率统计","无","1. 查看“标准覆盖率”","1. 标准覆盖率=已关联字段数量（关联标准）/总字段数量 * 100%，保留2位小数","1.","","2","功能测试","功能测试阶段","正常","0","1","1","失败","shier","2024-07-31","","0000-00-00","1","",""
"131566","数据资产_STD(#23)","/泸州老窖/数据资产目录(#7775)","","验证数据地图- 表详情页- 字段列表显示“目录编码”","无","1. 查看字段列表
2. 点击【批量编辑】","1. 字段列表，“字段名”右侧显示“目录编码”，展示对应字段L5编码
2. “目录编码”列不可编辑","1. 
2.","","2","功能测试","功能测试阶段","正常","0","1","2","失败","shier","2024-07-31","","0000-00-00","1","",""
"131565","数据资产_STD(#23)","/泸州老窖/数据资产目录(#7775)","","验证数据地图- 表详情页- 导出","无","1. 点击【导出】
2. 查看导出文件的“L4”sheet","1. 1）触发下载功能，下载文件成功，文件名格式为：数据资产目录_20240528_15:43:00.xlsx
2）文件内容为只包含L4 sheet
2. 展示当前数据表信息（目录编码、*所属数据源、*所属数据库、*数据表、*表中文名、*表负责人、*数据责任人工号、数据责任人、归属部门、所属公司、*数据管家工号、数据管家、*来源业务系统、标签（多个标签用英文分号分割）、自定义属性1、*自定义属性2、状态）","1. 
2.","","2","功能测试","功能测试阶段","正常","0","1","2","失败","shier","2024-07-31","","0000-00-00","1","",""
"131564","数据资产_STD(#23)","/泸州老窖/数据资产目录(#7775)","","验证数据地图- 表详情页- 删除表","无","1. 1）当前表为“草稿”状态；
2）点击“删除”icon
2. 1）当前表为“已下线”状态；
2）点击“删除”icon
3. 1）当前表为“已发布”状态；
2）点击“删除”icon
4. 查看【目录操作审计】","1. 1）删除弹窗增加“备注信息”输入框
2）能够正常删除
2. 1）删除弹窗增加“备注信息”输入框
2）能够正常删除
3. 提示：请先将数据表下线再进行删除操作
4. 新增所选L4层级（数据表）删除审计记录","1. 
2. 
3. 
4.","","1","功能测试","功能测试阶段","正常","0","2","4","通过","shier","2024-07-31","","0000-00-00","1","",""
"131563","数据资产_STD(#23)","/泸州老窖/数据资产目录(#7775)","","验证数据地图- 导出","无","1. 点击【导出】
2. 1）选择一个“导出业务对象”；
2）“导出维度”选择“数据表”
3）点击【确定】
3. 1）选择一个“导出业务对象”；
2）“导出维度”选择“字段”
3）点击【确定】
4. 1）选择多个“导出业务对象”；
2）“导出维度”选择“数据表”和“字段”
3）点击【确定】
5. 查看导出文件的“L4”sheet
6. 查看导出文件的“L5”sheet","1. 弹出“导出目录”弹窗，显示元素如下：
- “导出业务对象”下拉框，下拉选项为：L1～L3目录树；支持多选；
- “导出维度”下拉框，下拉选项为：数据表/字段；支持多选；
- “导出数据源类型”下拉框，下拉选项为：系统存在数据表的数据源类型；只有一个时，默认选中
2. 1）触发下载功能，下载文件成功，文件名格式为：数据资产目录_20240528_15:43:00.xlsx
2）文件内容为只有一个L4 sheet
3. 1）触发下载功能，下载文件成功，文件名格式为：数据资产目录_20240528_15:43:00.xlsx
2）文件内容为只有一个L5 sheet
4. 1）触发下载功能，下载文件成功，文件名格式为：数据资产目录_20240528_15:43:00.xlsx
2）文件内容为包含L4和L5 sheet
5. 展示所选L3目录下所有数据表信息（目录编码、*所属数据源、*所属数据库、*数据表、*表中文名、*表负责人、*数据责任人工号、数据责任人、归属部门、所属公司、*数据管家工号、数据管家、*来源业务系统、标签（多个标签用英文分号分割）、自定义属性1、*自定义属性2、状态）
6. 展示所选L3目录下所有数据表的字段信息（目录编码、*所属数据源、*所属数据库、*数据表、*字段名、*字段中文名、标签、关联标准、是否可落标、是否已落标、安全等级、隐私等级、自定义属性1、*自定义属性2、......）","1. 
2. 
3. 
4. 
5. 
6.","","2","功能测试","功能测试阶段","正常","0","1","6","通过","shier","2024-07-31","","0000-00-00","1","",""
"131562","数据资产_STD(#23)","/泸州老窖/数据资产目录(#7775)","","验证数据地图- 导入- L5（字段） 导入失败- “错误原因”列数据","无","1. 查看“导入错误文件”中“错误原因”列数据","1. 显示当前行导入错误的原因汇总，多个错误原因以中文分号分割","1.","","3","功能测试","功能测试阶段","正常","0","1","1","失败","shier","2024-07-31","","0000-00-00","1","",""
"131561","数据资产_STD(#23)","/泸州老窖/数据资产目录(#7775)","","验证数据地图- 导入- L5（字段） 导入失败- 其他错误","无","1. 导入文件中输入数据表信息：
- 存在必填项未输入的单元格
- 其他列数据格式正确
2. 导入文件中，缺少必填列（excel中删除：*所属数据源/*所属数据库/*数据表/*字段名/*字段中文名/标签/关联标准/是否可落标/是否已落标/安全等级/隐私等级/*自定义属性1）
3. 导入文件中输入数据表信息：
- string文本框属性列（“字段中文名”等）存在字符串长度超过255个字符
- 其他列数据格式正确","1. 导入错误，错误文件中提示对应未填的必填单元格批注：必填项未填写
2. 导入错误，提示：缺少必填列*所属数据源/*所属数据库/*数据表/*字段名/*字段中文名/标签/关联标准/是否可落标/是否已落标/安全等级/隐私等级/*自定义属性1
3. 导入错误，错误文件中提示对应单元格批注：填写数据字符超限","1. 
2. 
3.","","3","功能测试","功能测试阶段","正常","0","1","3","失败","shier","2024-07-31","","0000-00-00","1","",""
"131560","数据资产_STD(#23)","/泸州老窖/数据资产目录(#7775)","","验证数据地图- 导入- L5（字段） 导入失败- 自定义属性错误","无","1. 导入文件中输入数据表信息：
- bigint文本框属性列存在字符串数据
- 其他列数据格式正确
2. 导入文件中输入数据表信息：
- string文本框属性列存在字符串长度超过255个字符
- 其他列数据格式正确","1. 导入错误，错误文件中提示对应单元格批注：填写数据格式有误
2. 导入错误，错误文件中提示对应单元格批注：填写数据字符超限","1. 
2.","","2","功能测试","功能测试阶段","正常","0","1","2","失败","shier","2024-07-31","","0000-00-00","1","",""
"131559","数据资产_STD(#23)","/泸州老窖/数据资产目录(#7775)","","验证数据地图- 导入- L5（字段） 导入失败- “安全等级”/“隐私等级”不存在","无","1. 导入文件中输入数据表信息：
- “安全等级”列在当前租户下数据分级分类中不存在；
- 其他列数据格式正确
- “重复处理规则”选择“重复则覆盖更新”
2. 导入文件中输入数据表信息：
- “隐私等级”列在当前租户下数据分级分类中不存在；
- 其他列数据格式正确
- “重复处理规则”选择“重复则覆盖更新”","1. 错误文件中对应单元格批注提示：填写数据不在枚举范围内
2. 错误文件中对应单元格批注提示：填写数据不在枚举范围内","1. 
2.","","2","功能测试","功能测试阶段","正常","0","1","2","通过","shier","2024-07-31","","0000-00-00","1","",""
"131558","数据资产_STD(#23)","/泸州老窖/数据资产目录(#7775)","","验证数据地图- 导入- L5（字段） 导入失败- “是否可落标”/“是否已落标”错误","无","1. 导入文件中输入数据表信息：
- “是否可落标”列存在为非“是”或非“否”的值
- 其他列数据格式正确
- “重复处理规则”选择“重复则覆盖更新”
2. 导入文件中输入数据表信息：
- “是否已落标”列存在为非“是”或非“否”的值
- 其他列数据格式正确
- “重复处理规则”选择“重复则覆盖更新”","1. 错误文件中对应单元格批注提示：填写数据不在枚举范围内
2. 错误文件中对应单元格批注提示：填写数据不在枚举范围内","1. 
2.","","2","功能测试","功能测试阶段","正常","0","1","2","通过","shier","2024-07-31","","0000-00-00","1","",""
"131557","数据资产_STD(#23)","/泸州老窖/数据资产目录(#7775)","","验证数据地图- 导入- L5（字段） 导入失败- “关联标准”不存在","无","1. 导入文件中输入数据表信息：
- “关联标准”在当前租户下的数据标准中不存在；
- 其他列数据格式正确
- “重复处理规则”选择“重复则覆盖更新”","1. 错误文件中对应单元格批注提示：填写数据不在枚举范围内","1.","","2","功能测试","功能测试阶段","正常","0","1","1","通过","shier","2024-07-31","","0000-00-00","1","",""
"131556","数据资产_STD(#23)","/泸州老窖/数据资产目录(#7775)","","验证数据地图- 导入- L5（字段） 导入失败- “所属数据源”/“所属数据库”/“数据表”/“字段名”不存在","无","1. 导入文件中输入数据表信息：
- “所属数据源”在当前租户下不存在；
- 其他列数据格式正确
- “重复处理规则”选择“重复则覆盖更新”
2. 导入文件中输入数据表信息：
- “所属数据库”在当前租户下不存在（数据源-数据库为唯一）；
- 其他列数据格式正确
- “重复处理规则”选择“重复则覆盖更新”
3. 导入文件中输入数据表信息：
- “数据表”在当前租户下不存在（数据源-数据库-数据表为唯一）；
- 其他列数据格式正确
- “重复处理规则”选择“重复则覆盖更新”
4. 导入文件中输入数据表信息：
- “字段名”在当前租户下不存在（数据源-数据库-数据表-字段为唯一）；
- 其他列数据格式正确
- “重复处理规则”选择“重复则覆盖更新”","1. 错误文件中对应单元格批注提示：填写数据不在枚举范围内
2. 错误文件中对应单元格批注提示：填写数据不在枚举范围内
3. 错误文件中对应单元格批注提示：填写数据不在枚举范围内
4. 错误文件中对应单元格批注提示：填写数据不在枚举范围内","1. 
2. 
3. 
4.","","2","功能测试","功能测试阶段","正常","0","1","4","通过","shier","2024-07-31","shier","2024-07-31","1","",""
"131555","数据资产_STD(#23)","/泸州老窖/数据资产目录(#7775)","","验证数据地图- 导入- L5（字段） 导入成功","无","1. 导入文件中输入数据表信息：
- 数据表在系统中均已同步；
- 其他列数据格式正确
- “重复处理规则”选择“重复则跳过”
2. 导入文件中输入数据表信息：
- 数据表在系统中均已同步；
- 其他列数据格式正确
- “重复处理规则”选择“重复则覆盖更新”","1. 导入成功，文件中的数据表不做更新
2. 导入成功，文件中的数据表全部更新成功","1. 
2.","","1","功能测试","功能测试阶段","正常","0","2","2","通过","shier","2024-07-31","","0000-00-00","1","",""
"131554","数据资产_STD(#23)","/泸州老窖/数据资产目录(#7775)","","验证数据地图- 导入- L4（数据表） 导入失败- “错误原因”列数据","无","1. 查看“导入错误文件”中“错误原因”列数据","1. 显示当前行导入错误的原因汇总，多个错误原因以中文分号分割","1.","","3","功能测试","功能测试阶段","正常","0","1","1","通过","shier","2024-07-31","","0000-00-00","1","",""
"131553","数据资产_STD(#23)","/泸州老窖/数据资产目录(#7775)","","验证数据地图- 导入- L4（数据表） 导入失败- 其他错误","无","1. 导入文件中输入数据表信息：
- 存在必填项未输入的单元格
- 其他列数据格式正确
2. 导入文件中，缺少必填列（excel中删除：*所属数据源/*所属数据库/*数据表/*表中文名/*表负责人/*数据责任人工号/*数据管家工号/*来源业务系统/*自定义属性1）
3. 导入文件中输入数据表信息：
- string文本框属性列（“来源业务系统”/“表中文名”等）存在字符串长度超过255个字符
- 其他列数据格式正确","1. 导入错误，错误文件中提示对应未填的必填单元格批注：必填项未填写
2. 导入错误，提示：缺少必填列*所属数据源/*所属数据库/*数据表/*表中文名/*表负责人/*数据责任人工号/*数据管家工号/*来源业务系统/*自定义属性1
3. 导入错误，错误文件中提示对应单元格批注：填写数据字符超限","1. 
2. 
3.","","3","功能测试","功能测试阶段","正常","0","1","3","失败","shier","2024-07-31","","0000-00-00","1","",""
"131552","数据资产_STD(#23)","/泸州老窖/数据资产目录(#7775)","","验证数据地图- 导入- L4（数据表） 导入失败- 自定义属性错误","无","1. 导入文件中输入数据表信息：
- bigint文本框属性列存在字符串数据
- 其他列数据格式正确
2. 导入文件中输入数据表信息：
- string文本框属性列存在字符串长度超过255个字符
- 其他列数据格式正确","1. 导入错误，错误文件中提示对应单元格批注：填写数据格式有误
2. 导入错误，错误文件中提示对应单元格批注：填写数据字符超限","1. 
2.","","2","功能测试","功能测试阶段","正常","0","1","2","失败","shier","2024-07-31","","0000-00-00","1","",""
"131551","数据资产_STD(#23)","/泸州老窖/数据资产目录(#7775)","","验证数据地图- 导入- L4（数据表） 导入失败- “数据管家工号”错误","无","1. 导入文件中输入数据表信息：
- “数据责任人工号”列存在所填工号在系统中存在但不为“在职”状态
- 其他列数据格式正确
- “重复处理规则”选择“重复则覆盖更新”
2. 导入文件中输入数据表信息：
- “数据管家工号”列存在所填工号在系统中不存在
- 其他列数据格式正确
3. 导入文件中输入数据表信息：
- “数据管家工号”列存在所填工号在系统中存在但不为“在职”状态
- 其他列数据格式正确","1. 导入错误，错误文件中提示对应“数据责任人工号”单元格批注：填写数据不在枚举范围内
2. 导入错误，错误文件中提示对应“数据管家工号”单元格批注：填写数据不在枚举范围内
3. 导入错误，错误文件中提示对应“数据管家工号”单元格批注：填写数据不在枚举范围内","1. 
2. 
3.","","2","功能测试","功能测试阶段","正常","0","1","3","失败","shier","2024-07-31","","0000-00-00","1","",""
"131550","数据资产_STD(#23)","/泸州老窖/数据资产目录(#7775)","","验证数据地图- 导入- L4（数据表） 导入失败- “数据责任人工号”错误","无","1. 导入文件中输入数据表信息：
- “数据责任人工号”列存在所填工号在系统中存在但不为“在职”状态
- 其他列数据格式正确
- “重复处理规则”选择“重复则覆盖更新”
2. 导入文件中输入数据表信息：
- “数据责任人工号”列存在所填工号在系统中不存在
- 其他列数据格式正确
3. 导入文件中输入数据表信息：
- “数据责任人工号”列存在所填工号在系统中存在但不为“在职”状态
- 其他列数据格式正确","1. 导入错误，错误文件中提示对应“数据责任人工号”单元格批注：填写数据不在枚举范围内
2. 导入错误，错误文件中提示对应“数据责任人工号”单元格批注：填写数据不在枚举范围内
3. 导入错误，错误文件中提示对应“数据责任人工号”单元格批注：填写数据不在枚举范围内","1. 
2. 
3.","","2","功能测试","功能测试阶段","正常","0","1","3","失败","shier","2024-07-31","","0000-00-00","1","",""
"131549","数据资产_STD(#23)","/泸州老窖/数据资产目录(#7775)","","验证数据地图- 导入- L4（数据表） 导入失败- “表负责人”不存在","无","1. 导入文件中输入数据表信息：
- “表负责人”在当前租户下不存在；
- 其他列数据格式正确
- “重复处理规则”选择“重复则覆盖更新”","1. 对应单元格批注提示：填写数据不在枚举范围内","1.","","2","功能测试","功能测试阶段","正常","0","1","1","通过","shier","2024-07-31","","0000-00-00","1","",""
"131548","数据资产_STD(#23)","/泸州老窖/数据资产目录(#7775)","","验证数据地图- 导入- L4（数据表） 导入失败- “数据表”已发布","无","1. 导入文件中输入数据表信息：
- “数据表”在当前租户下为“已发布”状态；
- 其他列数据格式正确
- “重复处理规则”选择“重复则覆盖更新”","1. 对应单元格批注提示：已发布资产不可更新","1.","","1","功能测试","功能测试阶段","正常","0","2","1","通过","shier","2024-07-31","","0000-00-00","1","",""
"131547","数据资产_STD(#23)","/泸州老窖/数据资产目录(#7775)","","验证数据地图- 导入- L4（数据表） 导入失败- “所属数据源”/“所属数据库”/“数据表”不存在","无","1. 导入文件中输入数据表信息：
- “所属数据源”在当前租户下不存在；
- 其他列数据格式正确
- “重复处理规则”选择“重复则覆盖更新”
2. 导入文件中输入数据表信息：
- “所属数据库”在当前租户下不存在（数据源-数据库为唯一）；
- 其他列数据格式正确
- “重复处理规则”选择“重复则覆盖更新”
3. 导入文件中输入数据表信息：
- “数据表”在当前租户下不存在（数据源-数据库-数据表为唯一）；
- 其他列数据格式正确
- “重复处理规则”选择“重复则覆盖更新”","1. 对应单元格批注提示：填写数据不在枚举范围内
2. 对应单元格批注提示：填写数据不在枚举范围内
3. 对应单元格批注提示：填写数据不在枚举范围内","1. 
2. 
3.","","1","功能测试","功能测试阶段","正常","0","2","3","通过","shier","2024-07-31","","0000-00-00","1","",""
"131546","数据资产_STD(#23)","/泸州老窖/数据资产目录(#7775)","","验证数据地图- 导入- L4（数据表） 导入成功","无","1. 导入文件中输入数据表信息：
- 数据表在系统中均已同步，但不为“已发布”状态；
- 其他列数据格式正确
- “重复处理规则”选择“重复则跳过”
2. 导入文件中输入数据表信息：
- 数据表在系统中均已同步，但不为“已发布”状态；
- 其他列数据格式正确
- “重复处理规则”选择“重复则覆盖更新”","1. 导入成功，文件中的数据表不做更新
2. 导入成功，文件中的数据表全部更新成功","1. 
2.","","1","功能测试","功能测试阶段","正常","0","2","2","通过","shier","2024-07-31","","0000-00-00","1","",""
"131545","数据资产_STD(#23)","/泸州老窖/数据资产目录(#7775)","","验证数据地图- 导入- 导入模版","无","1. 在“导入目录”弹窗中点击【下载模版】
2. 查看模版excel中的sheet
3. 查看“L4”sheet的模版
4. 查看“L5”sheet的模版","1. 下载模版成功，格式为xlsx文件
2. excel文件中显示sheet与选择的“导入数据维度”一致：
- 导入数据维度，选择：L4；则excel中sheet只有L4
- 导入数据维度，选择：L4、L5；则excel中sheet有L4、L5
3. 标题行内容为：*所属数据源、*所属数据库、*数据表、*表中文名、*表负责人、*数据责任人工号、*数据管家工号、*来源业务系统、标签（多个标签用英文分号分割）、自定义属性1、*自定义属性2、......
4. 标题行内容为：*所属数据源、*所属数据库、*数据表、*字段名、*字段中文名、标签、关联标准、是否可落标、是否已落标、安全等级、隐私等级、自定义属性1、*自定义属性2、......","1. 
2. 
3. 
4.","","2","功能测试","功能测试阶段","正常","0","1","4","失败","shier","2024-07-31","","0000-00-00","1","",""
"131544","数据资产_STD(#23)","/泸州老窖/数据资产目录(#7775)","","验证数据地图- 导入- 导入弹窗","无","1. 1）租户下多个数据源类型下存在已同步表
2）点击【导入】
2. 1）租户下有且仅有一个数据源类型下存在已同步表
2）点击【导入】
3. 上传导入文件，点击【确定】并使得导入失败
4. 上传导入文件，点击【确定】并使得导入成功","1. 弹出“导入目录”弹窗，显示元素如下：
- “导入数据维度”多选下拉框，下拉选项为：L4、L5；
- “导入数据源类型”单选下拉框，下拉选项为：租户下已存在已同步表的数据源类型
- “重复处理规则”单选项，选项为：重复则跳过、重复则覆盖更新；
- “上传文件”控件；
2. 弹出“导入目录”弹窗，显示元素如下：
- “导入数据维度”多选下拉框，下拉选项为：L4、L5；
- “导入数据源类型”单选下拉框，下拉选项为：租户下已存在已同步表的数据源类型，且默认选中
- “重复处理规则”单选项，选项为：重复则跳过、重复则覆盖更新；
- “上传文件”控件；
3. 1）弹出“导入失败弹窗”，提示“导入表格中存在错误数据，请检查后重新导入。”；按钮：【取消】、【导出错误文件】
2）点击【导出错误文件】，触发下载文件功能
4. 提示导入成功，并关闭弹窗","1. 
2. 
3. 
4.","","2","功能测试","功能测试阶段","正常","0","1","4","通过","shier","2024-07-31","","0000-00-00","1","",""
"131543","数据资产_STD(#23)","/泸州老窖/数据资产目录(#7775)","","验证数据地图- 数据表结果- 默认“状态”","无","1. 元数据同步新表
2. 已同步表状态为“已发布”，重新对此表进行元数据同步
3. 数据模型建表并通过审批
4. 离线任务建表","1. 新表同步进来，状态为“草稿”
2. 表状态不变，仍然为“已发布”
3. 状态为“草稿”
4. 状态为“草稿”","1. 
2. 
3. 
4.","","2","功能测试","功能测试阶段","正常","0","1","4","通过","shier","2024-07-31","shier","2024-07-31","1","",""
"131542","数据资产_STD(#23)","/泸州老窖/数据资产目录(#7775)","","验证数据地图- 数据表结果- 查询结果列表- 列拖拽","无","","","","","2","功能测试","功能测试阶段","正常","0","1","0","通过","shier","2024-07-31","","0000-00-00","1","",""
"131541","数据资产_STD(#23)","/泸州老窖/数据资产目录(#7775)","","验证数据地图- 数据表结果- 查询结果列表- 发布","无","1. 选择“草稿”状态的数据表，点击【下线】
2. 二次确认发布
3. 选择“已下线”状态的数据表，点击【下线】
4. 二次确认发布
5. 查看【目录操作审计】","1. 弹出二次确认弹窗，弹窗元素如下：
- “备注信息”输入框
2. 1）下线成功；
2）该数据表状态更新为“已发布”
3. 弹出二次确认弹窗，弹窗元素如下：
- “备注信息”输入框
4. 1）下线成功；
2）该数据表状态更新为“已发布”
5. 新增2条所选L4层级目录的发布审计记录","1. 
2. 
3. 
4. 
5.","","1","功能测试","功能测试阶段","正常","0","2","5","通过","shier","2024-07-31","","0000-00-00","1","",""
"131540","数据资产_STD(#23)","/泸州老窖/数据资产目录(#7775)","","验证数据地图- 数据表结果- 查询结果列表- 下线","无","1. 选择“已发布”状态并已经关联目录的数据表，点击【下线】
2. 二次确认下线
3. 查看【目录操作审计】","1. 弹出二次确认弹窗，弹窗元素如下：
- “备注信息”输入框
2. 1）下线成功；
2）该数据表状态更新为“已下线”；
3）所选表与其关联目录解除关联关系
3. 新增所选L4层级目录的下线审计记录","1. 
2. 
3.","","1","功能测试","功能测试阶段","正常","0","2","3","通过","shier","2024-07-31","","0000-00-00","1","",""
"131539","数据资产_STD(#23)","/泸州老窖/数据资产目录(#7775)","","验证数据地图- 数据表结果- 查询结果列表- 置顶/取消置顶","无","1. 点击未置顶数据表的【置顶】按钮
2. 点击已置顶数据表的【取消置顶】按钮","1. 该数据表跳至列表第一页第一行
2. 该数据表跳至列表非置顶数据表第一行","1. 
2.","","3","功能测试","功能测试阶段","正常","0","1","2","通过","shier","2024-07-31","","0000-00-00","1","",""
"131538","数据资产_STD(#23)","/泸州老窖/数据资产目录(#7775)","","验证数据地图- 数据表结果- 查询结果列表- 筛选","无","1. 查看列表可筛选列
2. 状态筛选“草稿”
3. 状态筛选“已发布”
4. 状态筛选“已下线”","1. 只有“状态”列支持筛选，筛选项为：草稿、已发布、已下线
2. 列表返回所有草稿数据表
3. 列表返回所有已发布数据表
4. 列表返回所有已下线数据表","1. 
2. 
3. 
4.","","2","功能测试","功能测试阶段","正常","0","1","4","失败","shier","2024-07-31","","0000-00-00","1","",""
"131537","数据资产_STD(#23)","/泸州老窖/数据资产目录(#7775)","","验证数据地图- 数据表结果- 查询结果列表- 查询","无","1. 默认查询：
默认状态下点击【查询】
2. 独立查询：
只进行“归属部门”查询
3. 独立查询：
只进行“目录编码”查询
4. 独立查询：
只进行“状态”查询
5. 独立查询：
只进行“数据责任人”查询
6. 独立查询：
只进行“数据管家”查询
7. 独立查询：
只进行“创建时间”查询
8. 独立查询：
只进行“最近修改时间”查询
9. 独立查询：
只进行“创建人”查询
10. 独立查询：
只进行“更新人”查询
11. 独立查询：
只进行“表标签”查询
12. 独立查询：
只进行“安全等级”查询
13. 独立查询：
只进行“隐私等级”查询
14. 组合查询：
每个筛选项都选择；
点击【查询】
15. 重置查询：
每个筛选项都选择，并进行查询；
点击【重置】","1. 结果列表展示所有已同步的数据表
2. 根据选择“归属部门”精确查询，返回归属部门对应的已同步的数据表；
3. 根据输入“目录编码”模糊查询结果正确；
4. 根据选择的“状态”精确查询，返回对应草稿/已发布/已下线的数据表；
5. 根据选择“数据责任人”精确查询结果正确；
6. 根据选择“数据管家”精确查询结果正确；
7. 根据选择“创建时间”精确查询，返回表创建时间在此区域内的数据表；
-- 注意前端传参，开始时间和结束时间是否是0点和23点59分59秒
8. 根据选择“最近修改时间”精确查询，返回最新版本变更时间在此区域内的数据表；
-- 注意前端传参，开始时间和结束时间是否是0点和23点59分59秒
9. 根据选择“创建人”精确查询，返回同步操作人为所选用户的数据表；
10. 根据选择“更新人”精确查询，返回编辑（导入+编辑）操作人为所选用户的数据表；
11. 根据选择“标签”精确查询，返回对应标签的已同步的表；
12. 根据选择“安全等级”精确查询，返回对应安全等级的已同步的表；
13. 根据选择“隐私等级”精确查询，返回对应隐私等级的已同步的表；
14. 筛选结果正确
15. 1）所有筛选项都恢复默认状态；
2）结果列表展示所有已同步的数据表","1. 
2. 
3. 
4. 
5. 
6. 
7. 
8. 
9. 
10. 
11. 
12. 
13. 
14. 
15.","","2","功能测试","功能测试阶段","正常","0","1","15","失败","shier","2024-07-31","","0000-00-00","1","",""
"131536","数据资产_STD(#23)","/泸州老窖/数据资产目录(#7775)","","验证数据地图- 数据表结果- 查询结果列表- 翻页","无","1. “上一页”/“下一页”翻页
2. 指定页码翻页
3. 搜索后翻页：
先进行搜索查询；
再进行翻页
4. 翻页后搜索：
先翻页到最后一页（最后一页数据小于每页最大条数）；
再进行搜索查询（搜索后页数要小于搜索前页数）","1. 1）“上一页”数据正确；
2）“下一页”数据正确
2. 数据正确
3. 数据正确
4. 1）页码更新为第一页；
2）筛选数据正确","1. 
2. 
3. 
4.","","3","功能测试","功能测试阶段","正常","0","1","4","通过","shier","2024-07-31","","0000-00-00","1","",""
"131535","数据资产_STD(#23)","/泸州老窖/数据资产目录(#7775)","","验证数据地图- 数据表结果- 查询结果列表- 拖动排序","无","1. 将数据表B拖动到数据表A上方
2. 将数据表B拖动到置顶数据表C上方
3. 查询后拖动排序：
1）默认情况下，列表数据顺序为：数据表A、数据表B、数据表C、数据表D、数据表E、数据表F，数据表均为非置顶
2）通过查询条件进行查询，使得查询结果只有数据表B和数据表E
3）在当前查询条件下，将数据表E拖动到数据表B上方一个位置
4）重置查询条件，查看列表数据","1. 列表中数据表B在数据表A上方
2. 拖动失败
3. 数据表顺序为：A、E、B、C、D、F","1. 
2. 
3.","","2","功能测试","功能测试阶段","正常","0","1","3","通过","shier","2024-07-31","","0000-00-00","1","",""
"131534","数据资产_STD(#23)","/泸州老窖/数据资产目录(#7775)","","验证数据地图- 数据表结果- 查询结果列表- 排序","无","1. “创建时间”正序/倒序
2. “最近修改时间”正序/倒序","1. 列表返回数据按表创建时间正序/倒序显示正确
2. 列表返回数据按正序/倒序显示正确","1. 
2.","","3","功能测试","功能测试阶段","正常","0","1","2","通过","shier","2024-07-31","","0000-00-00","1","",""
"131533","数据资产_STD(#23)","/泸州老窖/数据资产目录(#7775)","","验证数据地图- 数据表结果- 查询结果列表- 数据","无","1. 查询条件：
- 资产类型：数据表
- 查询结果类型：数据表
2. 查看搜索结果列表字段数据","1. 结果列表展示所有已同步的数据表
2. 列表字段：目标编码、数据表、所属数据源、所属数据库、表中文名、所属部门、数据责任人、数据管家、状态、表标签、数据资产目录、创建时间、最近修改时间、操作","1. 
2.","","1","功能测试","功能测试阶段","正常","0","2","2","通过","shier","2024-07-31","","0000-00-00","1","",""
"131532","数据资产_STD(#23)","/泸州老窖/数据资产目录(#7775)","","验证数据地图- 数据表结果- 查询条件","无","1. 查询条件：
- 资产类型：数据表
2. 点击搜索设置icon
3. 搜索设置下拉项，选择N（N <= 9）个搜索条件，点击【确定】
4. 搜索设置下拉项，选择N（N  > 9）个搜索条件","1. 1）增加查询条件：归属部门；下拉项为显示从组织架构中获取的员工所属部门信息；
2）“归属部门”筛选条件右侧显示搜索设置icon；
2. 1）显示查询条件选项：
- 查询结果类型、数据表、数据源类型、数据源、数据库
- 状态
- 数据管家
- 目标编码
- 所属部门
- 表标签
- 数据责任人
- 创建时间
- 最近修改时间
- 创建人
- 更新人
- 安全等级
- 隐私等级
- 表负责人
2） “查询结果类型、数据表、数据源类型、数据源、数据库”选项默认勾选且不可取消
3. 查询区域，查询条件显示正确
4. 第10个选项无法勾选","1. 
2. 
3. 
4.","","2","功能测试","功能测试阶段","正常","0","1","4","通过","shier","2024-07-31","","0000-00-00","1","",""
"131531","数据资产_STD(#23)","/泸州老窖/数据资产目录(#7775)","","验证数据地图- 数据资产目录- 批量指定目录- 不同发布方式","测试数据表A～C如下：

表A：草稿，未关联目录

表B：已下线，已关联目录

表C：已发布，已关联目录","1. 1）“选择资源”配置为“手动配置”；
2）“发布目录”选择目录a3（L3）；
3）选择草稿/已下线/已发布的数据表
4）点击【确定】并二次确认
2. 1）“选择资源”配置为“批量发布”；
2）“发布目录”选择目录a3（L3）；
3）选择草稿、已下线、已发布的数据表
4）点击【确定】并二次确认
3. 1）“选择资源”配置为“整库发布”；
2）“发布目录”选择目录a3（L3）；
3）点击【确定】并二次确认
4. 不同发布方式，发布后，查看【目录操作审计】","1. 1）原“草稿”和“已下线”数据表与目录a3关联成功
2）原“草稿”和“已下线”数据表状态均更新为“已发布”
3）原“已发布”数据表关联目录不变
2. 1）原“草稿”和“已下线”数据表与目录a3关联成功
2）原“草稿”和“已下线”数据表状态均更新为“已发布”
3）原“已发布”数据表关联目录不变
3. 1）所选库下原“草稿”和“已下线”数据表与目录a3关联成功
2）原“草稿”和“已下线”数据表状态均更新为“已发布”；
3）原“已发布”数据表关联目录不变
4. 新增所选L4层级（数据表）发布审计记录","1. 
2. 
3. 
4.","","1","功能测试","功能测试阶段","正常","0","2","4","通过","shier","2024-07-31","","0000-00-00","1","",""
"131530","数据资产_STD(#23)","/泸州老窖/数据资产目录(#7775)","","验证数据地图- 数据资产目录- 批量指定目录- 交互","无","1. 点击“批量指定目录”icon
2. 输入必填信息，点击【确定】
3. 二次确认","1. 弹出“批量指定目录”弹窗：
- “发布目录”为单选目录下拉框，且只能选中L3目录；
- 提示文案：批量发布不可影响“已发布”数据表的所属目录
2. 提示：请确认是否将选择数据表进行数据目录指定？指定后默认数据表为已发布状态。
3. 提示发布成功","1. 
2. 
3.","","2","功能测试","功能测试阶段","正常","0","1","3","通过","shier","2024-07-31","","0000-00-00","1","",""
"131529","数据资产_STD(#23)","/泸州老窖/数据资产目录(#7775)","","验证数据地图- 数据资产目录- 联动数据表查询","无","1. 1）L3目录a3下存在绑定的数据表；
2）数据资产目录树中点击目录a3
2. 1）L3目录a3下存在绑定的数据表；
2）目录a3的L2目录为目录a2，L1目录为目录a1
2）数据资产目录树中点击目录a2
3. 1）L3目录a3下存在绑定的数据表；
2）目录a3的L2目录为目录a2，L1目录为目录a1
2）数据资产目录树中点击目录a1
4. 1）L3目录a3下不存在绑定的数据表；
2）数据资产目录树中点击目录a3","1. 右侧数据表结果，展示该目录下绑定的数据表
2. 无交互
3. 无交互
4. 右侧数据表结果为空，缺省提示正确","1. 
2. 
3. 
4.","","1","功能测试","功能测试阶段","正常","0","2","4","通过","shier","2024-07-31","","0000-00-00","1","",""
"131528","数据资产_STD(#23)","/泸州老窖/数据资产目录(#7775)","","验证数据地图- 数据资产目录- 展开/收起","无","1. 逐层展开目录
2. 逐层收起目录","1. 目录展开正常
2. 目录收起正常","1. 
2.","","3","功能测试","功能测试阶段","正常","0","1","2","通过","shier","2024-07-31","","0000-00-00","1","",""
"131526","数据资产_STD(#23)","/泸州老窖/数据资产目录(#7775)","","验证数据地图- 数据资产目录- 目录数据","无","1. 查看数据资产目录，目录数据
2. 查看L2目录右侧数据","1. 展示已发布的L1/L2/L3目录
2. L2目录右侧数据为下属L3目录数量","1. 
2.","","1","功能测试","功能测试阶段","正常","0","2","2","通过","shier","2024-07-31","","0000-00-00","1","",""
"131525","数据资产_STD(#23)","/泸州老窖/数据资产目录(#7775)","","验证数据地图- 查询非数据表，查询结果列表不变","无","1. 资产类型选择非“数据表”（即查询离线任务、实时任务、API等）
2. 资产类型选择“数据表”，查询结果类型选择“字段”/“视图”","1. 查询结果列表展示正确
2. 查询结果列表展示正确","1. 
2.","","3","功能测试","功能测试阶段","正常","0","1","2","通过","shier","2024-07-31","","0000-00-00","1","",""
"131524","数据资产_STD(#23)","/泸州老窖/数据资产目录(#7775)","","验证数据地图- 数据目录/数据资产目录切换","无","1. 进入数据地图页面，“资产类型”选择“数据表”，“查询结果类型”选择“数据表”
2. 在“数据资产目录”右侧，点击切换
3. 进入数据地图页面，“资产类型”选择非“数据表”
4. 进入数据地图页面，“资产类型”选择“数据表”，“查询结果类型”选择非“数据表”（即“字段”或“视图”）","1. 默认展示“数据资产目录”
2. 切换为“数据资源目录”
3. 默认展示“数据资源目录”，且不支持切换
4. 默认展示“数据资源目录”，且不支持切换","1. 
2. 
3. 
4.","","2","功能测试","功能测试阶段","正常","0","1","4","通过","shier","2024-07-31","","0000-00-00","1","",""
"131523","数据资产_STD(#23)","/泸州老窖/数据资产目录(#7775)","","验证组织架构信息更新","无","1. 实时从组织架构表获取数据","1. 数据信息包含：归属部门、数据责任人（工号、状态、名称）、数据管家（工号、状态、名称）、所属公司","1.","","1","功能测试","功能测试阶段","正常","0","1","1","通过","shier","2024-07-31","","0000-00-00","1","",""
"131522","数据资产_STD(#23)","/泸州老窖/数据资产目录(#7775)","","验证数据资产目录-目录管理- 权限点","无","1. admin用户登陆
2. 管理员用户登陆
3. 数开用户登陆
4. 访客用户登陆","1. 可以查看L1、L2、L3的目录列表，并且支持新增/编辑/删除/导入/导出目录
2. 可以查看L1、L2、L3的目录列表，并且支持新增/编辑/删除/导入/导出目录
3. 只能查看L1、L2、L3的目录列表，无法新增/编辑/删除/导入/导出目录
4. 只能查看L1、L2、L3的目录列表，无法新增/编辑/删除/导入/导出目录","1. 
2. 
3. 
4.","","2","功能测试","功能测试阶段","正常","0","1","4","失败","shier","2024-07-31","","0000-00-00","1","",""
"131521","数据资产_STD(#23)","/泸州老窖/数据资产目录(#7775)","","验证数据资产目录-目录管理- 导出","无","1. 点击【导出】
2. 选择“导出业务域”，点击【确定】
3. 选择导出的业务域L1下无L2目录
4. 选择导出的业务域L1下的L2目录无L3目录
5. 选择导出的业务域L1下的L2目录有L3目录
6. 查看导出文件的“L1”sheet
7. 查看导出文件的“L2”sheet
8. 查看导出文件的“L3”sheet","1. 弹出“导出目录”弹窗，显示元素如下：
- “导出业务域”下拉框，下拉选项为：L1目录列表；支持多选
2. 触发下载功能，下载文件成功，文件名格式为：数据资产目录_20240528_15:43:00.xlsx
3. 下载的文件中只有“L1”sheet
4. 下载的文件中只有“L1”、“L2”sheet
5. 下载的文件中有“L1”、“L2”、“L3”sheet
6. 展示所选L1目录的属性信息（编码、*目录中文名称、*目录英文名称、*数据责任人工号、数据责任人、归属部门、所属公司、数据责任人状态、创建时间、修改时间、自定义属性1、*自定义属性2、......）
7. 展示所选L1目录下所有L2目录的属性信息（*上级目录、编码、*目录中文名称、*目录英文名称、*数据责任人工号、数据责任人、归属部门、所属公司、数据责任人状态、创建时间、修改时间、自定义属性1、*自定义属性2、......）
8. 展示所选L1目录下所有L2目录的所有L3目录的属性信息（*上级目录（L1）、*上级目录（L2）、编码、*目录中文名称、*目录英文名称、*数据责任人工号、数据责任人、归属部门、所属公司、数据责任人状态、创建时间、修改时间、*数据管家工号、数据管家、数据管家状态、标签（多个标签用英文分毫分割）、自定义属性1、*自定义属性2、......）","1. 
2. 
3. 
4. 
5. 
6. 
7. 
8.","","1","功能测试","功能测试阶段","正常","0","3","8","失败","shier","2024-07-31","","0000-00-00","1","",""
"131519","数据资产_STD(#23)","/泸州老窖/数据资产目录(#7775)","","验证数据资产目录-目录管理- 导入- L3目录- 导入失败- 其他错误","无","1. 导入模版中输入目录信息：
- 存在必填项未输入的单元格
- 其他列数据格式正确
2. 导入模版中，缺少必填列（excel中删除*上级目录（L1）/*上级目录（L2）/*目录中文名称/*目录英文名称/*数据责任人工号/*业务定义/*自定义属性1）","1. 导入错误，错误文件中提示对应未填的必填单元格批注：必填项未填写
2. 导入错误，提示：缺少必填列*上级目录；*目录中文名称；*目录英文名称；*数据责任人工号；*业务定义；*自定义属性1","1. 
2.","","3","功能测试","功能测试阶段","正常","0","1","2","通过","shier","2024-07-31","","0000-00-00","1","",""
"131518","数据资产_STD(#23)","/泸州老窖/数据资产目录(#7775)","","验证数据资产目录-目录管理- 导入- L3目录- 导入失败- “目录中文名称”/“目录英文名称”错误","无","1. 导入模版中输入目录信息：
- 编码为空的数据，目录中文名称在系统L3目录中已存在
- 其他列数据格式正确
2. 导入模版中输入目录信息：
- 编码为空的数据，目录中文名称在系统L3目录中不存在，但在L1/L2中存在同名目录
- 其他列数据格式正确
3. 导入模版中输入目录信息：
- 编码为空的数据，目录英文名称在系统L3目录中已存在
- 其他列数据格式正确
4. 导入模版中输入目录信息：
- 编码为空的数据，目录英文名称在系统L3目录中不存在，但在L1/L2中存在同名目录
- 其他列数据格式正确","1. 导入错误，错误文件中提示对应单元格批注：目录名称重复
2. 导入成功，并新增该L3目录
3. 导入错误，错误文件中提示对应单元格批注：目录名称重复
4. 导入成功，并新增该L3目录","1. 
2. 
3. 
4.","","2","功能测试","功能测试阶段","正常","0","1","4","失败","shier","2024-07-31","","0000-00-00","1","",""
"131517","数据资产_STD(#23)","/泸州老窖/数据资产目录(#7775)","","验证数据资产目录-目录管理- 导入- L3目录- 导入失败- 自定义属性错误","无","1. 导入模版中输入目录信息：
- bigint文本框属性列存在字符串数据
- 其他列数据格式正确
2. 导入模版中输入目录信息：
- string文本框属性列存在字符串长度超过255个字符
- 其他列数据格式正确","1. 导入错误，错误文件中提示对应单元格批注：填写数据格式有误
2. 导入错误，错误文件中提示对应单元格批注：填写数据字符超限","1. 
2.","","2","功能测试","功能测试阶段","正常","0","1","2","失败","shier","2024-07-31","","0000-00-00","1","",""
"131516","数据资产_STD(#23)","/泸州老窖/数据资产目录(#7775)","","验证数据资产目录-目录管理- 导入- L3目录- 导入失败- “数据管家工号”错误","无","1. 导入模版中输入目录信息：
- “数据管家工号”列存在所填工号在系统中存在但不为“在职”状态
- 其他列数据格式正确
2. 导入模版中输入目录信息：
- “数据管家工号”列存在所填工号在系统中不存在
- 其他列数据格式正确
3. 导入模版中输入目录信息：
- “数据管家工号”列存在所填工号在系统中存在但不为“在职”状态
- 其他列数据格式正确","1. 导入错误，错误文件中提示对应“数据管家工号”单元格批注：填写数据不在枚举范围内
2. 导入错误，错误文件中提示对应“数据管家工号”单元格批注：填写数据不在枚举范围内
3. 导入错误，错误文件中提示对应“数据管家工号”单元格批注：填写数据不在枚举范围内","1. 
2. 
3.","","2","功能测试","功能测试阶段","正常","0","1","3","失败","shier","2024-07-31","","0000-00-00","1","",""
"131515","数据资产_STD(#23)","/泸州老窖/数据资产目录(#7775)","","验证数据资产目录-目录管理- 导入- L3目录- 导入失败- “数据责任人工号”错误","无","1. 导入模版中输入目录信息：
- “数据责任人工号”列存在所填工号在系统中存在但不为“在职”状态
- 其他列数据格式正确
2. 导入模版中输入目录信息：
- “数据责任人工号”列存在所填工号在系统中不存在
- 其他列数据格式正确
3. 导入模版中输入目录信息：
- “数据责任人工号”列存在所填工号在系统中存在但不为“在职”状态
- 其他列数据格式正确","1. 导入错误，错误文件中提示对应“数据责任人工号”单元格批注：填写数据不在枚举范围内
2. 导入错误，错误文件中提示对应“数据责任人工号”单元格批注：填写数据不在枚举范围内
3. 导入错误，错误文件中提示对应“数据责任人工号”单元格批注：填写数据不在枚举范围内","1. 
2. 
3.","","2","功能测试","功能测试阶段","正常","0","1","3","通过","shier","2024-07-31","","0000-00-00","1","",""
"131514","数据资产_STD(#23)","/泸州老窖/数据资产目录(#7775)","","验证数据资产目录-目录管理- 导入- L3目录- 导入失败- “编码”错误","无","1. 导入模版中输入目录信息：
- “编码”列存在不为空
- 系统中不存在所填编码
- 其他列数据格式正确
2. 导入模版中输入目录信息：
- “编码”列存在不为空
- 系统L3目录中不存在所填编码，但L1/L2/L4/L5存在此编码
- 其他列数据格式正确
3. 导入模版中输入目录信息：
- “编码”列存在不为空
- 系统L2目录中存在所填编码，但该目录为“已发布”状态
- 其他列数据格式正确","1. 导入错误，错误文件中提示对应“编码”单元格批注：编码信息无法匹配已有编码，若为新增目录需清空编码
2. 导入错误，错误文件中提示对应“编码”单元格批注：编码信息无法匹配已有编码，若为新增目录需清空编码
3. 导入错误，错误文件中提示对应“编码”单元格批注：已发布目录不可更新","1. 
2. 
3.","","1","功能测试","功能测试阶段","正常","0","2","3","通过","shier","2024-07-31","","0000-00-00","1","",""
"131513","数据资产_STD(#23)","/泸州老窖/数据资产目录(#7775)","","验证数据资产目录-目录管理- 导入- L3目录- 导入失败- “上级目录（L1）”/“上级目录（L2）”错误","无","1. 导入模版中输入目录信息：
- “上级目录（L1）”列存在所填目录名称在系统中不存在，或者为L2～L5的目录名称
- 其他列数据格式正确
2. 导入模版中输入目录信息：
- “上级目录（L2）”列存在所填目录名称在系统中不存在，或者为L1、L3、L4、L5的目录名称
- 其他列数据格式正确
3. 导入模版中输入目录信息：
-  “上级目录（L1）”列与“上级目录（L2）”列数据在系统中存在，但两者无关联关系
- 其他列数据格式正确","1. 导入错误，错误文件中提示对应单元格批注：填写数据不在枚举范围内
2. 导入错误，错误文件中提示对应单元格批注：填写数据不在枚举范围内
3. 导入错误，错误文件中提示对应单元格批注：填写数据不在枚举范围内","1. 
2. 
3.","","1","功能测试","功能测试阶段","正常","0","2","3","通过","shier","2024-07-31","","0000-00-00","1","",""
"131512","数据资产_STD(#23)","/泸州老窖/数据资产目录(#7775)","","验证数据资产目录-目录管理- 导入- L3目录- 导入成功","无","1. 导入模版中输入目录信息：
- “编码”列全为空
- 其他列数据格式正确
2. 导入模版中输入目录信息：
- “编码”列全不为空且数据均为草稿或已下线的L3目录编码
- 其他列数据格式正确
- “重复处理规则”选择“重复则覆盖更新”
3. 导入模版中输入目录信息：
- “编码”列全不为空且数据均为草稿或已下线的L3目录编码
- 其他列数据格式正确
- “重复处理规则”选择“重复则跳过”
4. 导入模版中输入目录信息：
- “编码”列全不为空且数据均为草稿或已下线的L3目录编码；
- “上级目录（L2）”数据在系统中存在，但与系统内对应L3目录的上级目录不一致；
- 其他列数据格式正确；
- “重复处理规则”选择“重复则覆盖更新”；","1. 导入成功，文件中的目录全部新建成功，并关联L2目录正确
2. 导入成功，文件中的目录全部更新成功
3. 导入成功，文件中的目录均不进行导入
4. 导入成功，文件中的目录全部更新成功，且上级目录关联正确","1. 
2. 
3. 
4.","","1","功能测试","功能测试阶段","正常","0","3","4","失败","shier","2024-07-31","","0000-00-00","1","",""
"131510","数据资产_STD(#23)","/泸州老窖/数据资产目录(#7775)","","验证数据资产目录-目录管理- 导入- L2目录- 导入失败- 其他错误","无","1. 导入模版中输入目录信息：
- 存在必填项未输入的单元格
- 其他列数据格式正确
2. 导入模版中，缺少必填列（excel中删除*上级目录/*目录中文名称/*目录英文名称/*数据责任人工号/*业务定义/*自定义属性1）","1. 导入错误，错误文件中提示对应未填的必填单元格批注：必填项未填写
2. 导入错误，提示：缺少必填列*上级目录；*目录中文名称；*目录英文名称；*数据责任人工号；*业务定义；*自定义属性1","1. 
2.","","3","功能测试","功能测试阶段","正常","0","1","2","通过","shier","2024-07-31","","0000-00-00","1","",""
"131509","数据资产_STD(#23)","/泸州老窖/数据资产目录(#7775)","","验证数据资产目录-目录管理- 导入- L2目录- 导入失败- “目录中文名称”/“目录英文名称”错误","无","1. 导入模版中输入目录信息：
- 编码为空的数据，目录中文名称在系统L2目录中已存在
- 其他列数据格式正确
2. 导入模版中输入目录信息：
- 编码为空的数据，目录中文名称在系统L2目录中不存在，但在L1/L3中存在同名目录
- 其他列数据格式正确
3. 导入模版中输入目录信息：
- 编码为空的数据，目录英文名称在系统L2目录中已存在
- 其他列数据格式正确
4. 导入模版中输入目录信息：
- 编码为空的数据，目录英文名称在系统L2目录中不存在，但在L1/L3中存在同名目录
- 其他列数据格式正确","1. 导入错误，错误文件中提示对应单元格批注：目录名称重复
2. 导入成功，并新增该L2目录
3. 导入错误，错误文件中提示对应单元格批注：目录名称重复
4. 导入成功，并新增该L2目录","1. 
2. 
3. 
4.","","2","功能测试","功能测试阶段","正常","0","1","4","通过","shier","2024-07-31","","0000-00-00","1","",""
"131508","数据资产_STD(#23)","/泸州老窖/数据资产目录(#7775)","","验证数据资产目录-目录管理- 导入- L2目录- 导入失败- 自定义属性错误","无","1. 导入模版中输入目录信息：
- bigint文本框属性列存在字符串数据
- 其他列数据格式正确
2. 导入模版中输入目录信息：
- string文本框属性列存在字符串长度超过255个字符
- 其他列数据格式正确","1. 导入错误，错误文件中提示对应单元格批注：填写数据格式有误
2. 导入错误，错误文件中提示对应单元格批注：填写数据字符超限","1. 
2.","","2","功能测试","功能测试阶段","正常","0","1","2","失败","shier","2024-07-31","","0000-00-00","1","",""
"131507","数据资产_STD(#23)","/泸州老窖/数据资产目录(#7775)","","验证数据资产目录-目录管理- 导入- L2目录- 导入失败- “数据责任人工号”错误","无","1. 导入模版中输入目录信息：
- “数据责任人工号”列存在所填工号在系统中存在但不为“在职”状态
- 其他列数据格式正确
2. 导入模版中输入目录信息：
- “数据责任人工号”列存在所填工号在系统中不存在
- 其他列数据格式正确
3. 导入模版中输入目录信息：
- “数据责任人工号”列存在所填工号在系统中存在但不为“在职”状态
- 其他列数据格式正确","1. 导入错误，错误文件中提示对应“数据责任人工号”单元格批注：填写数据不在枚举范围内
2. 导入错误，错误文件中提示对应“数据责任人工号”单元格批注：填写数据不在枚举范围内
3. 导入错误，错误文件中提示对应“数据责任人工号”单元格批注：填写数据不在枚举范围内","1. 
2. 
3.","","2","功能测试","功能测试阶段","正常","0","1","3","通过","shier","2024-07-31","","0000-00-00","1","",""
"131506","数据资产_STD(#23)","/泸州老窖/数据资产目录(#7775)","","验证数据资产目录-目录管理- 导入- L2目录- 导入失败- “编码”错误","无","1. 导入模版中输入目录信息：
- “编码”列存在不为空
- 系统中不存在所填编码
- 其他列数据格式正确
2. 导入模版中输入目录信息：
- “编码”列存在不为空
- 系统L2目录中不存在所填编码，但L2/L3/L4/L5存在此编码
- 其他列数据格式正确
3. 导入模版中输入目录信息：
- “编码”列存在不为空
- 系统L2目录中存在所填编码，但该目录为“已发布”状态
- 其他列数据格式正确","1. 导入错误，错误文件中提示对应“编码”单元格批注：编码信息无法匹配已有编码，若为新增目录需清空编码
2. 导入错误，错误文件中提示对应“编码”单元格批注：编码信息无法匹配已有编码，若为新增目录需清空编码
3. 导入错误，错误文件中提示对应“编码”单元格批注：已发布目录不可更新","1. 
2. 
3.","","1","功能测试","功能测试阶段","正常","0","2","3","通过","shier","2024-07-31","","0000-00-00","1","",""
"131505","数据资产_STD(#23)","/泸州老窖/数据资产目录(#7775)","","验证数据资产目录-目录管理- 导入- L2目录- 导入失败- “上级目录”错误","无","1. 导入模版中输入目录信息：
- “上级目录”列存在所填目录名称在系统中不存在，或者为L2～L5的目录名称
- 其他列数据格式正确","1. 导入错误，错误文件中提示对应单元格批注：填写数据不在枚举范围内","1.","","1","功能测试","功能测试阶段","正常","0","2","1","通过","shier","2024-07-31","","0000-00-00","1","",""
"131504","数据资产_STD(#23)","/泸州老窖/数据资产目录(#7775)","","验证数据资产目录-目录管理- 导入- L2目录- 导入成功","无","1. 导入模版中输入目录信息：
- “编码”列全为空
- 其他列数据格式正确
2. 导入模版中输入目录信息：
- “编码”列全不为空且数据均为草稿或已下线的L2目录编码
- 其他列数据格式正确
- “重复处理规则”选择“重复则覆盖更新”
3. 导入模版中输入目录信息：
- “编码”列全不为空且数据均为草稿或已下线的L2目录编码
- 其他列数据格式正确
- “重复处理规则”选择“重复则跳过”
4. 导入模版中输入目录信息：
- “编码”列全不为空且数据均为草稿或已下线的L2目录编码；
- “上级目录”所填数据在系统中存在，但与系统内对应L2目录的上级目录不一致；
- 其他列数据格式正确；
- “重复处理规则”选择“重复则覆盖更新”；","1. 导入成功，文件中的目录全部新建成功，并关联L1目录正确
2. 导入成功，文件中的目录全部更新成功
3. 导入成功，文件中的目录均不进行导入
4. 导入成功，文件中的目录全部更新成功，且上级目录关联正确","1. 
2. 
3. 
4.","","1","功能测试","功能测试阶段","正常","0","2","4","失败","shier","2024-07-31","","0000-00-00","1","",""
"131503","数据资产_STD(#23)","/泸州老窖/数据资产目录(#7775)","","验证数据资产目录-目录管理- 导入- L1目录- 导入失败- “错误原因”列数据","无","1. 查看“导入错误文件”中“错误原因”列数据","1. 显示当前行导入错误的原因汇总，多个错误原因以中文分号分割","1.","","3","功能测试","功能测试阶段","正常","0","1","1","通过","shier","2024-07-31","","0000-00-00","1","",""
"131502","数据资产_STD(#23)","/泸州老窖/数据资产目录(#7775)","","验证数据资产目录-目录管理- 导入- L1目录- 导入失败- 其他错误","无","1. 导入模版中输入目录信息：
- 存在必填项未输入的单元格
- 其他列数据格式正确
2. 导入模版中，缺少必填列（excel中删除*目录中文名称/*目录英文名称/*数据责任人工号/*业务定义/*自定义属性1）","1. 导入错误，错误文件中提示对应未填的必填单元格批注：必填项未填写
2. 导入错误，提示：缺少必填列*目录中文名称；*目录英文名称；*数据责任人工号；*业务定义；*自定义属性1","1. 
2.","","3","功能测试","功能测试阶段","正常","0","1","2","通过","shier","2024-07-31","","0000-00-00","1","",""
"131501","数据资产_STD(#23)","/泸州老窖/数据资产目录(#7775)","","验证数据资产目录-目录管理- 导入- L1目录- 导入失败- “目录中文名称”/“目录英文名称”错误","无","1. 导入模版中输入目录信息：
- 编码为空的数据，目录中文名称在系统L1目录中已存在
- 其他列数据格式正确
2. 导入模版中输入目录信息：
- 编码为空的数据，目录中文名称在系统L1目录中不存在，但在L2/L3中存在同名目录
- 其他列数据格式正确
3. 导入模版中输入目录信息：
- 编码为空的数据，目录英文名称在系统L1目录中已存在
- 其他列数据格式正确
4. 导入模版中输入目录信息：
- 编码为空的数据，目录英文名称在系统L1目录中不存在，但在L2/L3中存在同名目录
- 其他列数据格式正确","1. 导入错误，错误文件中提示对应单元格批注：目录名称重复
2. 导入成功，并新增该L1目录
3. 导入错误，错误文件中提示对应单元格批注：目录名称重复
4. 导入成功，并新增该L1目录","1. 
2. 
3. 
4.","","2","功能测试","功能测试阶段","正常","0","1","4","通过","shier","2024-07-31","","0000-00-00","1","",""
"131500","数据资产_STD(#23)","/泸州老窖/数据资产目录(#7775)","","验证数据资产目录-目录管理- 导入- L1目录- 导入失败- 自定义属性错误","无","1. 导入模版中输入目录信息：
- bigint文本框属性列存在字符串数据
- 其他列数据格式正确
2. 导入模版中输入目录信息：
- string文本框属性列存在字符串长度超过255个字符
- 其他列数据格式正确","1. 导入错误，错误文件中提示对应单元格批注：填写数据格式有误
2. 导入错误，错误文件中提示对应单元格批注：填写数据字符超限","1. 
2.","","2","功能测试","功能测试阶段","正常","0","1","2","失败","shier","2024-07-31","","0000-00-00","1","",""
"131499","数据资产_STD(#23)","/泸州老窖/数据资产目录(#7775)","","验证数据资产目录-目录管理- 导入- L1目录- 导入失败- “数据责任人工号”错误","无","1. 导入模版中输入目录信息：
- “数据责任人工号”列存在所填工号在系统中存在但不为“在职”状态
- 其他列数据格式正确
2. 导入模版中输入目录信息：
- “数据责任人工号”列存在所填工号在系统中不存在
- 其他列数据格式正确","1. 导入错误，错误文件中提示对应“数据责任人工号”单元格批注：填写数据不在枚举范围内
2. 导入错误，错误文件中提示对应“数据责任人工号”单元格批注：填写数据不在枚举范围内","1. 
2.","","2","功能测试","功能测试阶段","正常","0","1","2","通过","shier","2024-07-31","","0000-00-00","1","",""
"131498","数据资产_STD(#23)","/泸州老窖/数据资产目录(#7775)","","验证数据资产目录-目录管理- 导入- L1目录- 导入失败- “编码”错误","无","1. 导入模版中输入目录信息：
- “编码”列存在不为空
- 系统中不存在所填编码
- 其他列数据格式正确
2. 导入模版中输入目录信息：
- “编码”列存在不为空
- 系统L1目录中不存在所填编码，但L2/L3/L4/L5存在此编码
- 其他列数据格式正确
3. 导入模版中输入目录信息：
- “编码”列存在不为空
- 系统L1目录中存在所填编码，但该目录为“已发布”状态
- 其他列数据格式正确","1. 导入错误，错误文件中提示对应“编码”单元格批注：编码信息无法匹配已有编码，若为新增目录需清空编码
2. 导入错误，错误文件中提示对应“编码”单元格批注：编码信息无法匹配已有编码，若为新增目录需清空编码
3. 导入错误，错误文件中提示对应“编码”单元格批注：已发布目录不可更新","1. 
2. 
3.","","1","功能测试","功能测试阶段","正常","0","2","3","通过","shier","2024-07-31","","0000-00-00","1","",""
"131497","数据资产_STD(#23)","/泸州老窖/数据资产目录(#7775)","","验证数据资产目录-目录管理- 导入- L1目录- 导入成功","无","1. 导入模版中输入目录信息：
- “编码”列全为空
- 其他列数据格式正确
2. 导入模版中输入目录信息：
- “编码”列全不为空且数据均为草稿或已下线的L1目录编码
- 其他列数据格式正确
- “重复处理规则”选择“重复则覆盖更新”
3. 导入模版中输入目录信息：
- “编码”列全不为空且数据均为已存在的L1目录编码
- 其他列数据格式正确
- “重复处理规则”选择“重复则跳过”","1. 导入成功，文件中的目录全部新建成功
2. 导入成功，文件中的目录全部更新成功
3. 导入成功，文件中的目录均不进行导入","1. 
2. 
3.","","1","功能测试","功能测试阶段","正常","0","2","3","失败","shier","2024-07-31","","0000-00-00","1","",""
"131496","数据资产_STD(#23)","/泸州老窖/数据资产目录(#7775)","","验证数据资产目录-目录管理- 导入- 导入模版","无","1. 在“导入目录”弹窗中点击【下载模版】
2. 查看模版excel中的sheet
3. 查看“L1”sheet的模版
4. 查看“L2”sheet的模版
5. 查看“L3”sheet的模版","1. 下载模版成功，格式为xlsx文件
2. excel文件中显示sheet与选择的“导入数据维度”一致：
- 导入数据维度，选择：L1；则excel中sheet只有L1
- 导入数据维度，选择：L1、L2、L3；则excel中sheet有L1、L2、L3
3. 标题行内容为：编码、*目录中文名称、*目录英文名称、*数据责任人工号、*业务定义、自定义属性1、*自定义属性2、......
4. 标题行内容为：*上级目录、编码、*目录中文名称、*目录英文名称、*数据责任人工号、*业务定义、自定义属性1、*自定义属性2、......
5. 标题行内容为：*上级目录（L1）、*上级目录（L2）、编码、*目录中文名称、*目录英文名称、*数据责任人工号、*业务定义、*数据管家工号、标签（多个标签用英文分毫分割）、自定义属性1、*自定义属性2、......","1. 
2. 
3. 
4. 
5.","","2","功能测试","功能测试阶段","正常","0","1","5","失败","shier","2024-07-31","","0000-00-00","1","",""
"131495","数据资产_STD(#23)","/泸州老窖/数据资产目录(#7775)","","验证数据资产目录-目录管理- 导入- 导入弹窗","无","1. 点击【导入】
2. 上传导入文件，点击【确定】并使得导入失败
3. 上传导入文件，点击【确定】并使得导入成功","1. 弹出“导入目录”弹窗，显示元素如下：
- “导入数据维度”下拉框，下拉选项为：L1、L2、L3；
- “重复处理规则”单选项，选项为：重复则跳过、重复则覆盖更新；
- “上传文件”控件；
2. 1）弹出“导入失败弹窗”，提示“导入表格中存在错误数据，请检查后重新导入。”；按钮：【取消】、【导出错误文件】
2）点击【导出错误文件】，触发下载文件功能
3. 提示导入成功，并关闭弹窗","1. 
2. 
3.","","2","功能测试","功能测试阶段","正常","0","1","3","通过","shier","2024-07-31","","0000-00-00","1","",""
"131494","数据资产_STD(#23)","/泸州老窖/数据资产目录(#7775)","","验证数据资产目录-目录管理- L3- 批量发布","无","1. 筛选“已发布”的目录，点击【发布】
2. 选择“草稿”状态的多个目录，点击【下线】
3. 二次确认发布
4. 查看【目录操作审计】
5. 选择“已下线”状态的多个目录，点击【下线】
6. 二次确认发布
7. 查看【目录操作审计】","1. 提示无可发布的目录
2. 弹出二次确认弹窗，弹窗元素如下：
- “备注信息”输入框
- 提示文案：发布后的数据目录可进行资产关联
3. 1）下线成功；
2）该目录状态更新为“已发布”
4. 新增所选L3层级目录的发布审计记录
5. 弹出二次确认弹窗，弹窗元素如下：
- “备注信息”输入框
- 提示文案：发布后的数据目录可进行资产关联
6. 1）下线成功；
2）该目录状态更新为“已发布”
7. 新增所选L3层级目录的发布审计记录","1. 
2. 
3. 
4. 
5. 
6. 
7.","","1","功能测试","功能测试阶段","正常","0","2","7","通过","shier","2024-07-31","","0000-00-00","1","",""
"131493","数据资产_STD(#23)","/泸州老窖/数据资产目录(#7775)","","验证数据资产目录-目录管理- L3- 批量下线","无","1. 筛选“草稿”和“已下线”的目录，点击【下线】
2. 勾选“已发布”的多个目录，点击【下线】
3. 二次确认下线
4. 查看【目录操作审计】","1. 提示无可下线的目录
2. 弹出二次确认弹窗，弹窗元素如下：
- “备注信息”输入框
- 提示文案：下线后无法通过此数据目录进行资产查询，请谨慎操作
3. 1）下线成功；
2）该目录状态更新为“已下线”
4. 新增所选L3层级目录的下线审计记录","1. 
2. 
3. 
4.","","1","功能测试","功能测试阶段","正常","0","2","4","通过","shier","2024-07-31","","0000-00-00","1","",""
"131492","数据资产_STD(#23)","/泸州老窖/数据资产目录(#7775)","","验证数据资产目录-目录管理- L3- 批量删除","1）目录a3下存在数据表以及数据标准
3）目录b3下不存在数据表以及数据标准","1. 筛选“已发布”的目录，点击【删除】
2. 勾选目录a3和b3，点击【删除】
3. 弹窗中输入备注信息，点击【确定】
4. 查看数据地图中原先与目录a3绑定的数据表
5. 查看原先与目录a3绑定的数据标准
6. 查看【目录操作审计】","1. 提示无可删除的目录
2. 弹出“删除目录”弹窗：
弹窗包含“备注信息”输入框，以及提示信息：若存在数据表/标准关联了目录则清空关联目录信息
3. 目录a3和b3均被删除成功
4. 该数据表表详情页，“数据资产目录”为空
5. 该数据标准详情抽屉，“数据资产目录”为空
6. 新增所选L3层级目录的删除审计记录","1. 
2. 
3. 
4. 
5. 
6.","","1","功能测试","功能测试阶段","正常","0","2","6","通过","shier","2024-07-31","","0000-00-00","1","",""
"131491","数据资产_STD(#23)","/泸州老窖/数据资产目录(#7775)","","验证数据资产目录-目录管理- L3- 编辑目录- 失败","属性管理中，准备L2的自定义属性，包含枚举属性A、bigint文本框属性B，string文本框属性C、树形目录属性D","1. 未完善必填项，点击【确定】
2. 文本框输入内容长度超255个字符，点击【确定】
3. 目录中文名称或目录英文名称，与已有目录重名，点击【确定】
4. 原选中的“数据责任人”已不在“在职”列表中，点击【确定】
5. 树形目录属性原已选中的项已被删除，点击【确定】
6. 1）“上级目录”选择当前上级目录；
2）目录中文名称或目录英文名称，与所选上级目录下的已有其他L3目录重名；
3）点击【确定】；
7. 1）“上级目录”选择其他上级目录（非当前上级目录）；
2）目录中文名称或目录英文名称，与所选上级目录下的已有其他L3目录重名；
3）目录中文名称或目录英文名称，与当前上级目录下的L3目录无重名目录；
4）点击【确定】；","1. 提示必填
2. 提示错误信息
3. 提示重名错误信息
4. 提示错误
5. 提示错误
6. 提示重名错误信息
7. 提示重名错误信息","1. 
2. 
3. 
4. 
5. 
6. 
7.","","2","功能测试","功能测试阶段","正常","0","1","7","通过","shier","2024-07-31","","0000-00-00","1","",""
"131490","数据资产_STD(#23)","/泸州老窖/数据资产目录(#7775)","","验证数据资产目录-目录管理- L3- 编辑目录- 通过","属性管理中，准备L2的自定义属性，包含枚举属性A、bigint文本框属性B，string文本框属性C、树形目录属性D","1. “上级目录”选择当前上级目录，其他内容输入正确，点击【确定】
2. “上级目录”选择其他上级目录（非当前上级目录），其他内容输入正确，点击【确定】","1. 1）编辑目录成功；
2）弹窗关闭，列表刷新，该目录排序不变；
3）目录状态不变，为“草稿”/“已下线”状态
2. 1）编辑目录成功；
2）弹窗关闭
3）所选上级目录下的L3目录列表显示编辑后的目录","1. 
2.","","1","功能测试","功能测试阶段","正常","0","2","2","通过","shier","2024-07-31","","0000-00-00","1","",""
"131489","数据资产_STD(#23)","/泸州老窖/数据资产目录(#7775)","","验证数据资产目录-目录管理- L3- 编辑目录- 交互","属性管理中，准备L2的自定义属性，包含枚举属性A、bigint文本框属性B，string文本框属性C、树形目录属性D","1. 点击某目录的【编辑】","1. 1）弹出“编辑L3目录”弹窗，弹窗中表单元素与新建目录弹窗一致；
2）表单自动加载对应目录的数据","1.","","2","功能测试","功能测试阶段","正常","0","1","1","通过","shier","2024-07-31","","0000-00-00","1","",""
"131488","数据资产_STD(#23)","/泸州老窖/数据资产目录(#7775)","","验证数据资产目录-目录管理- L3- 新建目录- 失败","属性管理中，准备L2的自定义属性，包含枚举属性A、bigint文本框属性B，string文本框属性C、树形目录属性D","1. 未完善必填项，点击【确定】
2. 文本框输入内容长度超255个字符，点击【确定】
3. 1）“上级目录”选择当前上级目录；
2）目录中文名称或目录英文名称，与所选上级目录下的已有L3目录重名；
3）点击【确定】；
4. 1）“上级目录”选择其他上级目录（非当前上级目录）；
2）目录中文名称或目录英文名称，与所选上级目录下的已有L3目录重名；
3）目录中文名称或目录英文名称，与当前上级目录下的L3目录无重名目录；
4）点击【确定】；","1. 提示必填
2. 提示错误信息
3. 提示重名错误信息
4. 提示重名错误信息","1. 
2. 
3. 
4.","","2","功能测试","功能测试阶段","正常","0","1","4","通过","shier","2024-07-31","","0000-00-00","1","",""
"131487","数据资产_STD(#23)","/泸州老窖/数据资产目录(#7775)","","验证数据资产目录-目录管理- L3- 新建目录- 通过","属性管理中，准备L2的自定义属性，包含枚举属性A、bigint文本框属性B，string文本框属性C、树形目录属性D","1. “上级目录”选择当前上级目录，其他内容输入正确，点击【确定】
2. “上级目录”选择其他上级目录（非当前上级目录），其他内容输入正确，点击【确定】
3. 1）“上级目录”选择其他上级目录（非当前上级目录）；
2）目录中文名称或目录英文名称，在所选上级目录下的无重名的L23目录；
3）目录中文名称或目录英文名称，与当前上级目录下的已有L3目录重名；
4）点击【确定】；","1. 1）新建目录成功；
2）弹窗关闭，列刷新，新建目录排在非置顶目录第一行
2. 1）新建目录成功；
2）弹窗关闭
3）所选上级目录下的L3目录列表显示新建的目录
3. 1）新建目录成功；
2）弹窗关闭
3）所选上级目录下的L3目录列表显示新建的目录","1. 
2. 
3.","","1","功能测试","功能测试阶段","正常","0","2","3","通过","shier","2024-07-31","","0000-00-00","1","",""
"131486","数据资产_STD(#23)","/泸州老窖/数据资产目录(#7775)","","验证数据资产目录-目录管理- L3- 新建目录- 交互","属性管理中，准备L2的自定义属性，包含枚举属性A、bigint文本框属性B，string文本框属性C、树形目录属性D","1. 点击【新建目录】
2. 查看“上级目录”下拉项
3. 查看“数据责任人”下拉项
4. 选择“数据责任人”
5. 查看「自定义属性」-枚举属性A
6. 查看「自定义属性」-bigint文本框属性B
7. 查看「自定义属性」-string文本框属性C
8. 查看「自定义属性」- 树形目录属性D","1. 弹出“新建L3目录”弹窗：
1）「基本信息」部分，显示“上级目录”、“目录中文名称”、“目录英文名称”、“数据责任人”、“归属部门”、“所属公司”、“业务定义”，且均为必填项
2）「自定义属性」部分，显示自定义L1属性
2. 1）默认自动选中当前页面上级目录
2）下拉项为当前L1目录下所有L2目录
3. 下拉项为组织架构表中「在职」员工姓名列表，每项显示格式为：张三（0001，公司名称，部门名称）
4. “归属部门”和“所属公司”自动回填
5. 下拉选择框，下拉项展示正确
6. 数值输入框，只能输入正整数
7. 文本输入框，限制255个字符
8. 下拉目录选择框，树形目录展示正确","1. 
2. 
3. 
4. 
5. 
6. 
7. 
8.","","2","功能测试","功能测试阶段","正常","0","1","8","通过","shier","2024-07-31","","0000-00-00","1","",""
"131485","数据资产_STD(#23)","/泸州老窖/数据资产目录(#7775)","","验证数据资产目录-目录管理- L3- 查看详情","无","1. 点击任一目录的【查看详情】
2. 查看抽屉中「基本信息」部分
3. 查看抽屉中「自定义属性」部分","1. 右侧弹窗详情抽屉
2. 目录以下信息显示正确：
层级、上级层级（即上级目录名称）、中文名称、英文名称、编码、数据责任人、数据责任人工号、数据责任人状态、归属部门、所属公司、状态、业务定义、创建人、创建时间、更新人、更新时间
3. 显示该目录的自定义属性以及属性值","1. 
2. 
3.","","1","功能测试","功能测试阶段","正常","0","2","3","通过","shier","2024-07-31","","0000-00-00","1","",""
"131484","数据资产_STD(#23)","/泸州老窖/数据资产目录(#7775)","","验证数据资产目录-目录管理- L3- 列表- 列拖拽","无","1. 拖拽列
2. 刷新页面，查看列","1. 1）每次拖拽都触发接口保存
2）拖拽成功
2. 列为上次拖拽的顺序","1. 
2.","","3","功能测试","功能测试阶段","正常","0","2","2","通过","shier","2024-07-31","","0000-00-00","1","",""
"131483","数据资产_STD(#23)","/泸州老窖/数据资产目录(#7775)","","验证数据资产目录-目录管理- L3- 列表- 操作列按钮显示","无","1. 查看已发布状态目录
2. 查看草稿状态目录
3. 查看已下线状态目录","1. 操作列按钮为：【查看详情】、【置顶】或【取消置顶】
2. 操作列按钮为：【编辑】、【查看详情】、【置顶】或【取消置顶】
3. 操作列按钮为：【编辑】、【查看详情】、【置顶】或【取消置顶】","1. 
2. 
3.","","3","功能测试","功能测试阶段","正常","0","1","3","通过","shier","2024-07-31","","0000-00-00","1","",""
"131482","数据资产_STD(#23)","/泸州老窖/数据资产目录(#7775)","","验证数据资产目录-目录管理- L3- 列表- 置顶/取消置顶","无","1. 点击未置顶目录的【置顶】按钮
2. 点击已置顶目录的【取消置顶】按钮","1. 该目录跳至列表第一页第一行
2. 该目录跳至列表非置顶目录第一行","1. 
2.","","3","功能测试","功能测试阶段","正常","0","1","2","通过","shier","2024-07-31","","0000-00-00","1","",""
"131481","数据资产_STD(#23)","/泸州老窖/数据资产目录(#7775)","","验证数据资产目录-目录管理- L3- 列表- 拖动排序","无","1. 将目录B拖动到目录A上方
2. 将目录B拖动到置顶目录C上方
3. 查询后拖动排序：
1）默认情况下，列表数据顺序为：目录A、目录B、目录C、目录D、目录E、目录F，目录均为非置顶
2）通过查询条件进行查询，使得查询结果只有目录B和目录E
3）在当前查询条件下，将目录E拖动到目录B上方一个位置
4）重置查询条件，查看列表数据","1. 左侧树形目录中目录B在目录A上方
2. 拖动失败
3. 目录顺序为：A、E、B、C、D、F","1. 
2. 
3.","","2","功能测试","功能测试阶段","正常","0","2","3","通过","shier","2024-07-31","","0000-00-00","1","",""
"131480","数据资产_STD(#23)","/泸州老窖/数据资产目录(#7775)","","验证数据资产目录-目录管理- L3- 列表- 列表字段配置","无","1. 点击操作列右侧的设置icon
2. 在下拉框中，取消所有可取消的字段（即只保留“中文名称”和“操作”）并确定
3. 在下拉框中，点击全选并确定","1. 1）下拉框展示所有列表字段（目录属性+“操作”），可多选和全选；
- 下拉项为：层级、目录编码、归属部门、数据责任人、数据管家、状态、创建人、更新人、英文名称、所属公司、数据责任人工号、数据责任人状态、操作
2）已展示在列表的字段（目录属性+“操作”）为勾选状态；
3）“中文名称”、“操作”为默认勾选且不可取消
2. 列表只展示“中文名称”和“操作”列，且样式正确
3. 列表显示所有字段列，且样式正确","1. 
2. 
3.","","3","功能测试","功能测试阶段","正常","0","1","3","通过","shier","2024-07-31","","0000-00-00","1","",""
"131479","数据资产_STD(#23)","/泸州老窖/数据资产目录(#7775)","","验证数据资产目录-目录管理- L3- 列表- 翻页","无","1. “上一页”/“下一页”翻页
2. 指定页码翻页
3. 搜索后翻页：
先进行搜索查询；
再进行翻页
4. 翻页后搜索：
先翻页到最后一页（最后一页数据小于每页最大条数）；
再进行搜索查询（搜索后页数要小于搜索前页数）","1. 1）“上一页”数据正确；
2）“下一页”数据正确
2. 数据正确
3. 数据正确
4. 1）页码更新为第一页；
2）筛选数据正确","1. 
2. 
3. 
4.","","3","功能测试","功能测试阶段","正常","0","1","4","通过","shier","2024-07-31","","0000-00-00","1","",""
"131478","数据资产_STD(#23)","/泸州老窖/数据资产目录(#7775)","","验证数据资产目录-目录管理- L3- 列表- 筛选","无","1. 查看列表可筛选列
2. 状态筛选“草稿”
3. 状态筛选“已发布”
4. 状态筛选“已下线”","1. 只有“状态”列支持筛选，筛选项为：草稿、已发布、已下线
2. 列表返回所有草稿目录
3. 列表返回所有已发布目录
4. 列表返回所有已下线目录","1. 
2. 
3. 
4.","","2","功能测试","功能测试阶段","正常","0","1","4","通过","shier","2024-07-31","","0000-00-00","1","",""
"131477","数据资产_STD(#23)","/泸州老窖/数据资产目录(#7775)","","验证数据资产目录-目录管理- L3- 列表- 查询","无","1. 默认查询：
默认状态下点击【查询】
2. 独立查询：
只进行“中文名称”查询
3. 独立查询：
只进行“目录编码”查询
4. 独立查询：
只进行“归属部门”查询
5. 独立查询：
只进行“数据责任人”查询
6. 独立查询：
只进行“数据管家”查询
7. 独立查询：
只进行“创建时间”查询
8. 独立查询：
只进行“最近修改时间”查询
9. 独立查询：
只进行“创建人”查询
10. 独立查询：
只进行“更新人”查询
11. 组合查询：
每个筛选项都选择；
点击【查询】
12. 重置查询：
每个筛选项都选择，并进行查询；
点击【重置】","1. 列表展示所选L2目录下所有L3目录
2. 根据输入“中文名称”模糊查询结果正确；
3. 根据输入“目录编码”模糊查询结果正确；
4. 根据选择“归属部门”精确查询结果正确；
5. 根据选择“数据责任人”精确查询结果正确；
6. 根据选择“数据管家”精确查询结果正确；
7. 根据选择“创建时间”精确查询结果正确；
-- 注意前端传参，开始时间和结束时间是否是0点和23点59分59秒
8. 根据选择“最近修改时间”精确查询结果正确；
-- 注意前端传参，开始时间和结束时间是否是0点和23点59分59秒
9. 根据选择“创建人”精确查询结果正确；
10. 根据选择“更新人”精确查询结果正确；
11. 筛选结果正确
12. 1）所有筛选项都恢复默认状态；
2）列表显示所选L2目录下所有L3目录","1. 
2. 
3. 
4. 
5. 
6. 
7. 
8. 
9. 
10. 
11. 
12.","","2","功能测试","功能测试阶段","正常","0","2","12","通过","shier","2024-07-31","","0000-00-00","1","",""
"131476","数据资产_STD(#23)","/泸州老窖/数据资产目录(#7775)","","验证数据资产目录-目录管理- L3- 列表- 查询条件配置","无","1. 点击查询区域的【搜索配置】
2. 在下拉框中选择N（N<2）个查询条件
3. 在下拉框中选择N（N>8）个查询条件
4. 在下拉框中选择N（<2N<8）个查询条件","1. 1）下拉框展示所有查询条件，可多选和全选；
- 下拉项为：中文名称、创建时间、状态、数据管家、数据责任人、负责部门、目录编码、最近修改时间、创建人、更新人
2）已展示在查询区域的查询条件为勾选状态；
3）“中文名称”默认勾选且不可取消
2. 【确定】按钮禁用
3. 【确定】按钮禁用
4. 【确定】按钮可用，且确定后，查询条件区域，显示勾选的查询条件","1. 
2. 
3. 
4.","","3","功能测试","功能测试阶段","正常","0","1","4","通过","shier","2024-07-31","","0000-00-00","1","",""
"131475","数据资产_STD(#23)","/泸州老窖/数据资产目录(#7775)","","验证数据资产目录-目录管理- L3- 列表- 排序","无","1. 查看默认排序
2. “最近修改时间”正序/倒序","1. 1）非置顶目录默认按照创建时间倒序排序；
2）置顶目录按照置顶先后顺序展示
2. 列表返回数据按正序/倒序显示正确","1. 
2.","","3","功能测试","功能测试阶段","正常","0","1","2","通过","shier","2024-07-31","","0000-00-00","1","",""
"131474","数据资产_STD(#23)","/泸州老窖/数据资产目录(#7775)","","验证数据资产目录-目录管理- L3- 列表- 数据","无","1. 查看列表数据","1. 返回所选L2下所有L3目录","1.","","1","功能测试","功能测试阶段","正常","0","2","1","通过","shier","2024-07-31","","0000-00-00","1","",""
"131473","数据资产_STD(#23)","/泸州老窖/数据资产目录(#7775)","","验证数据资产目录-目录管理- L2- 批量发布","无","1. 筛选“已发布”的目录，点击【发布】
2. 选择“草稿”状态的多个目录，点击【下线】
3. 二次确认发布
4. 查看【目录操作审计】
5. 选择“已下线”状态的多个目录，点击【下线】
6. 二次确认发布
7. 查看【目录操作审计】","1. 提示无可发布的目录
2. 弹出二次确认弹窗，弹窗元素如下：
- “备注信息”输入框
- 提示文案：发布后的数据目录可进行资产关联
3. 1）下线成功；
2）该目录状态更新为“已发布”
4. 新增所选L2层级目录的发布审计记录
5. 弹出二次确认弹窗，弹窗元素如下：
- “备注信息”输入框
- 提示文案：发布后的数据目录可进行资产关联
6. 1）下线成功；
2）该目录状态更新为“已发布”
7. 新增所选L2层级目录的发布审计记录","1. 
2. 
3. 
4. 
5. 
6. 
7.","","2","功能测试","功能测试阶段","正常","0","1","7","通过","shier","2024-07-31","shier","2024-07-31","1","",""
"131472","数据资产_STD(#23)","/泸州老窖/数据资产目录(#7775)","","验证数据资产目录-目录管理- L2- 批量下线","无","1. 筛选“草稿”和“已下线”的目录，点击【下线】
2. 勾选“已发布”的多个目录，点击【下线】
3. 二次确认下线
4. 查看【目录操作审计】","1. 提示无可下线的目录
2. 弹出二次确认弹窗，弹窗元素如下：
- “备注信息”输入框
- 提示文案：下线后无法通过此数据目录进行资产查询，请谨慎操作
3. 1）下线成功；
2）该目录状态更新为“已下线”
4. 新增所选L2层级目录的下线审计记录","1. 
2. 
3. 
4.","","2","功能测试","功能测试阶段","正常","0","1","4","通过","shier","2024-07-31","shier","2024-07-31","1","",""
"131471","数据资产_STD(#23)","/泸州老窖/数据资产目录(#7775)","","验证数据资产目录-目录管理- L2- 批量删除","1）L2目录a2下包含L3目录a3
2）目录a3下存在数据表以及数据标准
3）L2目录b2下包含L3目录b3
4）目录b3下不存在数据表以及数据标准","1. 筛选“已发布”的目录，点击【删除】
2. 勾选目录a2和b2，点击【删除】
3. 弹窗中输入备注信息，点击【确定】
4. 查看数据地图中原先与目录a3绑定的数据表
5. 查看原先与目录a3绑定的数据标准
6. 查看【目录操作审计】","1. 提示无可删除的目录
2. 弹出“删除目录”弹窗：
弹窗包含“备注信息”输入框，以及提示信息：删除后该目录下关联的二级目录、三级目录均会被删除，若存在数据表/标准关联了下属三级目录则清空关联目录信息
3. 目录a2和b2，以及下属所有L3目录均被删除成功
4. 该数据表表详情页，“数据资产目录”为空
5. 该数据标准详情抽屉，“数据资产目录”为空
6. 新增所选L2层级目录及其L3层级目录的删除审计记录","1. 
2. 
3. 
4. 
5. 
6.","","2","功能测试","功能测试阶段","正常","0","1","6","通过","shier","2024-07-31","shier","2024-07-31","1","",""
"131470","数据资产_STD(#23)","/泸州老窖/数据资产目录(#7775)","","验证数据资产目录-目录管理- L2- 编辑目录- 失败","属性管理中，准备L2的自定义属性，包含枚举属性A、bigint文本框属性B，string文本框属性C、树形目录属性D","1. 未完善必填项，点击【确定】
2. 文本框输入内容长度超255个字符，点击【确定】
3. 目录中文名称或目录英文名称，与已有目录重名，点击【确定】
4. 原选中的“数据责任人”已不在“在职”列表中，点击【确定】
5. 树形目录属性原已选中的项已被删除，点击【确定】
6. 1）“上级目录”选择当前上级目录；
2）目录中文名称或目录英文名称，与所选上级目录下的已有其他L2目录重名；
3）点击【确定】；
7. 1）“上级目录”选择其他上级目录（非当前上级目录）；
2）目录中文名称或目录英文名称，与所选上级目录下的已有其他L2目录重名；
3）目录中文名称或目录英文名称，与当前上级目录下的L2目录无重名目录；
4）点击【确定】；","1. 提示必填
2. 提示错误信息
3. 提示重名错误信息
4. 提示错误
5. 提示错误
6. 提示重名错误信息
7. 提示重名错误信息","1. 
2. 
3. 
4. 
5. 
6. 
7.","","2","功能测试","功能测试阶段","正常","0","2","7","通过","shier","2024-07-31","","0000-00-00","1","",""
"131469","数据资产_STD(#23)","/泸州老窖/数据资产目录(#7775)","","验证数据资产目录-目录管理- L2- 编辑目录- 通过","属性管理中，准备L2的自定义属性，包含枚举属性A、bigint文本框属性B，string文本框属性C、树形目录属性D","1. “上级目录”选择当前上级目录，其他内容输入正确，点击【确定】
2. “上级目录”选择其他上级目录（非当前上级目录），其他内容输入正确，点击【确定】","1. 1）编辑目录成功；
2）弹窗关闭，列表刷新，该目录排序不变；
3）目录状态不变，为“草稿”/“已下线”状态
2. 1）编辑目录成功；
2）弹窗关闭
3）所选上级目录下的L2目录列表显示编辑后的目录","1. 
2.","","1","功能测试","功能测试阶段","正常","0","2","2","通过","shier","2024-07-31","","0000-00-00","1","",""
"131468","数据资产_STD(#23)","/泸州老窖/数据资产目录(#7775)","","验证数据资产目录-目录管理- L2- 编辑目录- 交互","属性管理中，准备L2的自定义属性，包含枚举属性A、bigint文本框属性B，string文本框属性C、树形目录属性D","1. 点击某目录的【编辑】","1. 1）弹出“编辑L2目录”弹窗，弹窗中表单元素与新建目录弹窗一致；
2）表单自动加载对应目录的数据","1.","","2","功能测试","功能测试阶段","正常","0","1","1","通过","shier","2024-07-31","","0000-00-00","1","",""
"131467","数据资产_STD(#23)","/泸州老窖/数据资产目录(#7775)","","验证数据资产目录-目录管理- L2- 新建目录- 失败","属性管理中，准备L2的自定义属性，包含枚举属性A、bigint文本框属性B，string文本框属性C、树形目录属性D","1. 未完善必填项，点击【确定】
2. 文本框输入内容长度超255个字符，点击【确定】
3. 1）“上级目录”选择当前上级目录；
2）目录中文名称或目录英文名称，与所选上级目录下的已有L2目录重名；
3）点击【确定】；
4. 1）“上级目录”选择其他上级目录（非当前上级目录）；
2）目录中文名称或目录英文名称，与所选上级目录下的已有L2目录重名；
3）目录中文名称或目录英文名称，与当前上级目录下的L2目录无重名目录；
4）点击【确定】；","1. 提示必填
2. 提示错误信息
3. 提示重名错误信息
4. 提示重名错误信息","1. 
2. 
3. 
4.","","2","功能测试","功能测试阶段","正常","0","2","4","通过","shier","2024-07-31","","0000-00-00","1","",""
"131466","数据资产_STD(#23)","/泸州老窖/数据资产目录(#7775)","","验证数据资产目录-目录管理- L2- 新建目录- 通过","属性管理中，准备L2的自定义属性，包含枚举属性A、bigint文本框属性B，string文本框属性C、树形目录属性D","1. “上级目录”选择当前上级目录，其他内容输入正确，点击【确定】
2. “上级目录”选择其他上级目录（非当前上级目录），其他内容输入正确，点击【确定】
3. 1）“上级目录”选择其他上级目录（非当前上级目录）；
2）目录中文名称或目录英文名称，在所选上级目录下的无重名的L2目录；
3）目录中文名称或目录英文名称，与当前上级目录下的已有L2目录重名；
4）点击【确定】；","1. 1）新建目录成功；
2）弹窗关闭，列表刷新，新建目录排在非置顶目录第一行
2. 1）新建目录成功；
2）弹窗关闭
3）所选上级目录下的L2目录列表显示新建的目录
3. 1）新建目录成功；
2）弹窗关闭
3）所选上级目录下的L2目录列表显示新建的目录","1. 
2. 
3.","","1","功能测试","功能测试阶段","正常","0","2","3","通过","shier","2024-07-31","","0000-00-00","1","",""
"131465","数据资产_STD(#23)","/泸州老窖/数据资产目录(#7775)","","验证数据资产目录-目录管理- L2- 新建目录- 交互","属性管理中，准备L2的自定义属性，包含枚举属性A、bigint文本框属性B，string文本框属性C、树形目录属性D","1. 点击【新建目录】
2. 查看“上级目录”下拉项
3. 查看“数据责任人”下拉项
4. 选择“数据责任人”
5. 查看「自定义属性」-枚举属性A
6. 查看「自定义属性」-bigint文本框属性B
7. 查看「自定义属性」-string文本框属性C
8. 查看「自定义属性」- 树形目录属性D","1. 弹出“新建L2目录”弹窗：
1）「基本信息」部分，显示“上级目录”、“目录中文名称”、“目录英文名称”、“数据责任人”、“归属部门”、“所属公司”、“业务定义”，且均为必填项
2）「自定义属性」部分，显示自定义L1属性
2. 1）默认自动选中当前页面上级目录
2）下拉项为所有L1目录
3. 下拉项为组织架构表中「在职」员工姓名列表，每项显示格式为：张三（0001，公司名称，部门名称）
4. “归属部门”和“所属公司”自动回填
5. 下拉选择框，下拉项展示正确
6. 数值输入框，只能输入正整数
7. 文本输入框，限制255个字符
8. 下拉目录选择框，树形目录展示正确","1. 
2. 
3. 
4. 
5. 
6. 
7. 
8.","","2","功能测试","功能测试阶段","正常","0","1","8","通过","shier","2024-07-31","","0000-00-00","1","",""
"131464","数据资产_STD(#23)","/泸州老窖/数据资产目录(#7775)","","验证数据资产目录-目录管理- L2- 查看详情","无","1. 点击任一目录的【查看详情】
2. 查看抽屉中「基本信息」部分
3. 查看抽屉中「自定义属性」部分","1. 右侧弹窗详情抽屉
2. 目录以下信息显示正确：
层级、上级层级（即上级目录名称）、中文名称、英文名称、编码、数据责任人、数据责任人工号、数据责任人状态、归属部门、所属公司、状态、业务定义、创建人、创建时间、更新人、更新时间
3. 显示该目录的自定义属性以及属性值","1. 
2. 
3.","","1","功能测试","功能测试阶段","正常","0","2","3","通过","shier","2024-07-31","","0000-00-00","1","",""
"131463","数据资产_STD(#23)","/泸州老窖/数据资产目录(#7775)","","验证数据资产目录-目录管理- L2- 列表- 列拖拽","无","1. 拖拽列
2. 刷新页面，查看列","1. 1）每次拖拽都触发接口保存
2）拖拽成功
2. 列为上次拖拽的顺序","1. 
2.","","3","功能测试","功能测试阶段","正常","0","1","2","通过","shier","2024-07-31","","0000-00-00","1","",""
"131462","数据资产_STD(#23)","/泸州老窖/数据资产目录(#7775)","","验证数据资产目录-目录管理- L2- 列表- 操作列按钮显示","无","1. 查看已发布状态目录
2. 查看草稿状态目录
3. 查看已下线状态目录","1. 操作列按钮为：【查看详情】、【置顶】或【取消置顶】
2. 操作列按钮为：【编辑】、【查看详情】、【置顶】或【取消置顶】
3. 操作列按钮为：【编辑】、【查看详情】、【置顶】或【取消置顶】","1. 
2. 
3.","","3","功能测试","功能测试阶段","正常","0","1","3","通过","shier","2024-07-31","","0000-00-00","1","",""
"131461","数据资产_STD(#23)","/泸州老窖/数据资产目录(#7775)","","验证数据资产目录-目录管理- L2- 列表- 置顶/取消置顶","无","1. 点击未置顶目录的【置顶】按钮
2. 点击已置顶目录的【取消置顶】按钮","1. 该目录跳至列表第一页第一行
2. 该目录跳至列表非置顶目录第一行","1. 
2.","","3","功能测试","功能测试阶段","正常","0","1","2","通过","shier","2024-07-31","","0000-00-00","1","",""
"131460","数据资产_STD(#23)","/泸州老窖/数据资产目录(#7775)","","验证数据资产目录-目录管理- L2- 列表- 拖动排序","无","1. 将目录B拖动到目录A上方
2. 将目录B拖动到置顶目录C上方
3. 查询后拖动排序：
1）默认情况下，列表数据顺序为：目录A、目录B、目录C、目录D、目录E、目录F，目录均为非置顶
2）通过查询条件进行查询，使得查询结果只有目录B和目录E
3）在当前查询条件下，将目录E拖动到目录B上方一个位置
4）重置查询条件，查看列表数据","1. 左侧树形目录中目录B在目录A上方
2. 拖动失败
3. 目录顺序为：A、E、B、C、D、F","1. 
2. 
3.","","2","功能测试","功能测试阶段","正常","0","2","3","通过","shier","2024-07-31","","0000-00-00","1","",""
"131459","数据资产_STD(#23)","/泸州老窖/数据资产目录(#7775)","","验证数据资产目录-目录管理- L2- 列表- 列表字段配置","无","1. 点击操作列右侧的设置icon
2. 在下拉框中，取消所有可取消的字段（即只保留“中文名称”和“操作”）并确定
3. 在下拉框中，点击全选并确定","1. 1）下拉框展示所有列表字段（目录属性+“操作”），可多选和全选；
- 下拉项为：层级、目录编码、归属部门、数据责任人、数据管家、状态、创建人、更新人、英文名称、所属公司、数据责任人工号、数据责任人状态、操作
2）已展示在列表的字段（目录属性+“操作”）为勾选状态；
3）“中文名称”、“操作”为默认勾选且不可取消
2. 列表只展示“中文名称”和“操作”列，且样式正确
3. 列表显示所有字段列，且样式正确","1. 
2. 
3.","","3","功能测试","功能测试阶段","正常","0","1","3","通过","shier","2024-07-31","","0000-00-00","1","",""
"131458","数据资产_STD(#23)","/泸州老窖/数据资产目录(#7775)","","验证数据资产目录-目录管理- L2- 列表- 翻页","无","1. “上一页”/“下一页”翻页
2. 指定页码翻页
3. 搜索后翻页：
先进行搜索查询；
再进行翻页
4. 翻页后搜索：
先翻页到最后一页（最后一页数据小于每页最大条数）；
再进行搜索查询（搜索后页数要小于搜索前页数）","1. 1）“上一页”数据正确；
2）“下一页”数据正确
2. 数据正确
3. 数据正确
4. 1）页码更新为第一页；
2）筛选数据正确","1. 
2. 
3. 
4.","","3","功能测试","功能测试阶段","正常","0","1","4","通过","shier","2024-07-31","","0000-00-00","1","",""
"131457","数据资产_STD(#23)","/泸州老窖/数据资产目录(#7775)","","验证数据资产目录-目录管理- L2- 列表- 筛选","无","1. 查看列表可筛选列
2. 状态筛选“草稿”
3. 状态筛选“已发布”
4. 状态筛选“已下线”","1. 只有“状态”列支持筛选，筛选项为：草稿、已发布、已下线
2. 列表返回所有草稿目录
3. 列表返回所有已发布目录
4. 列表返回所有已下线目录","1. 
2. 
3. 
4.","","2","功能测试","功能测试阶段","正常","0","1","4","通过","shier","2024-07-31","","0000-00-00","1","",""
"131456","数据资产_STD(#23)","/泸州老窖/数据资产目录(#7775)","","验证数据资产目录-目录管理- L2- 列表- 查询","无","1. 默认查询：
默认状态下点击【查询】
2. 独立查询：
只进行“中文名称”查询
3. 独立查询：
只进行“目录编码”查询
4. 独立查询：
只进行“归属部门”查询
5. 独立查询：
只进行“数据责任人”查询
6. 独立查询：
只进行“数据管家”查询
7. 独立查询：
只进行“创建时间”查询
8. 独立查询：
只进行“最近修改时间”查询
9. 独立查询：
只进行“创建人”查询
10. 独立查询：
只进行“更新人”查询
11. 组合查询：
每个筛选项都选择；
点击【查询】
12. 重置查询：
每个筛选项都选择，并进行查询；
点击【重置】","1. 列表展示所选L1目录下所有L2目录
2. 根据输入“中文名称”模糊查询结果正确；
3. 根据输入“目录编码”模糊查询结果正确；
4. 根据选择“归属部门”精确查询结果正确；
5. 根据选择“数据责任人”精确查询结果正确；
6. 根据选择“数据管家”精确查询结果正确；
7. 根据选择“创建时间”精确查询结果正确；
-- 注意前端传参，开始时间和结束时间是否是0点和23点59分59秒
8. 根据选择“最近修改时间”精确查询结果正确；
-- 注意前端传参，开始时间和结束时间是否是0点和23点59分59秒
9. 根据选择“创建人”精确查询结果正确；
10. 根据选择“更新人”精确查询结果正确；
11. 筛选结果正确
12. 1）所有筛选项都恢复默认状态；
2）列表展示所选L1目录下所有L2目录","1. 
2. 
3. 
4. 
5. 
6. 
7. 
8. 
9. 
10. 
11. 
12.","","2","功能测试","功能测试阶段","正常","0","2","12","通过","shier","2024-07-31","","0000-00-00","1","",""
"131455","数据资产_STD(#23)","/泸州老窖/数据资产目录(#7775)","","验证数据资产目录-目录管理- L2- 列表- 查询条件配置","无","1. 点击查询区域的【搜索配置】
2. 在下拉框中选择N（N<2）个查询条件
3. 在下拉框中选择N（N>8）个查询条件
4. 在下拉框中选择N（<2N<8）个查询条件","1. 1）下拉框展示所有查询条件，可多选和全选；
- 下拉项为：中文名称、创建时间、状态、数据管家、数据责任人、负责部门、目录编码、最近修改时间、创建人、更新人
2）已展示在查询区域的查询条件为勾选状态；
3）“中文名称”默认勾选且不可取消
2. 【确定】按钮禁用
3. 【确定】按钮禁用
4. 【确定】按钮可用，且确定后，查询条件区域，显示勾选的查询条件","1. 
2. 
3. 
4.","","3","功能测试","功能测试阶段","正常","0","1","4","通过","shier","2024-07-31","","0000-00-00","1","",""
"131454","数据资产_STD(#23)","/泸州老窖/数据资产目录(#7775)","","验证数据资产目录-目录管理- L2- 列表- 排序","无","1. 查看默认排序
2. “最近修改时间”正序/倒序","1. 1）非置顶目录默认按照创建时间倒序排序；
2）置顶目录按照置顶先后顺序展示
2. 列表返回数据按正序/倒序显示正确","1. 
2.","","3","功能测试","功能测试阶段","正常","0","1","2","通过","shier","2024-07-31","","0000-00-00","1","",""
"131453","数据资产_STD(#23)","/泸州老窖/数据资产目录(#7775)","","验证数据资产目录-目录管理- L2- 列表- 数据","无","1. 查看列表数据","1. 返回所选L1目录下所有L2目录","1.","","1","功能测试","功能测试阶段","正常","0","2","1","通过","shier","2024-07-31","","0000-00-00","1","",""
"131452","数据资产_STD(#23)","/泸州老窖/数据资产目录(#7775)","","验证数据资产目录-目录管理- L1- 批量发布","无","1. 筛选“已发布”的目录，点击【发布】
2. 选择“已发布”状态的多个目录，点击【下线】
3. 二次确认发布
4. 查看【目录操作审计】
5. 选择“已下线”状态的多个目录，点击【下线】
6. 二次确认发布
7. 查看【目录操作审计】","1. 提示无可发布的目录
2. 弹出二次确认弹窗，弹窗元素如下：
- “备注信息”输入框
- 提示文案：发布后的数据目录可进行资产关联
3. 1）下线成功；
2）该目录状态更新为“已发布”
4. 新增所选L1层级目录的的发布审计记录
5. 弹出二次确认弹窗，弹窗元素如下：
- “备注信息”输入框
- 提示文案：发布后的数据目录可进行资产关联
6. 1）下线成功；
2）该目录状态更新为“已发布”
7. 新增所选L1层级目录的的发布审计记录","1. 
2. 
3. 
4. 
5. 
6. 
7.","","1","功能测试","功能测试阶段","正常","0","4","7","通过","shier","2024-07-31","shier","2024-08-02","2","",""
"131451","数据资产_STD(#23)","/泸州老窖/数据资产目录(#7775)","","验证数据资产目录-目录管理- L1- 批量下线","无","1. 筛选“草稿”和“已下线”的目录，点击【下线】
2. 勾选“已发布”的多个目录，点击【下线】
3. 二次确认下线
4. 查看【目录操作审计】","1. 提示无可下线的目录
2. 弹出二次确认弹窗，弹窗元素如下：
- “备注信息”输入框
- 提示文案：下线后无法通过此数据目录进行资产查询，请谨慎操作
3. 1）下线成功；
2）该目录状态更新为“已下线”
4. 新增所选L1层级目录的的下线审计记录","1. 
2. 
3. 
4.","","1","功能测试","功能测试阶段","正常","0","6","4","通过","shier","2024-07-31","","0000-00-00","1","",""
"131450","数据资产_STD(#23)","/泸州老窖/数据资产目录(#7775)","","验证数据资产目录-目录管理- L1- 批量删除","1）L1目录a1下包含L2目录a2，以及L3目录a3
2）目录a3下存在数据表以及数据标准
3）L1目录b1下包含L2目录b2，以及L3目录b3
4）目录b3下不存在数据表以及数据标准","1. 筛选“已发布”的目录，点击【删除】
2. 勾选目录a1和b1，点击【删除】
3. 弹窗中输入备注信息，点击【确定】
4. 查看【目录操作审计】
5. 查看数据地图中原先与目录a3绑定的数据表
6. 查看原先与目录a3绑定的数据标准","1. 提示无可删除的目录
2. 弹出“删除目录”弹窗：
弹窗包含“备注信息”输入框，以及提示信息：删除后该目录下关联的二级目录、三级目录均会被删除，若存在数据表/标准关联了下属三级目录则清空关联目录信息
3. 目录a1和b1，以及下属所有L2和L3目录均被删除成功
4. 新增多条L1、L2、L3层级目录的的删除审计记录（每条目录都有一条审计记录）
5. 该数据表表详情页，“数据资产目录”为空
6. 该数据标准详情抽屉，“数据资产目录”为空","1. 
2. 
3. 
4. 
5. 
6.","","1","功能测试","功能测试阶段","正常","0","4","6","通过","shier","2024-07-31","","0000-00-00","1","",""
"131449","数据资产_STD(#23)","/泸州老窖/数据资产目录(#7775)","","验证数据资产目录-目录管理- L1- 编辑目录- 失败","属性管理中，准备L1的自定义属性，包含枚举属性A、bigint文本框属性B，string文本框属性C、树形目录属性D","1. 编辑弹窗中，未完善必填项，点击【确定】
2. 编辑弹窗中，文本框输入内容长度超255个字符，点击【确定】
3. 编辑弹窗中，目录中文名称或目录英文名称，与已有目录重名，点击【确定】
4. 编辑弹窗中，原选中的“数据责任人”已不在“在职”列表中，点击【确定】
5. 编辑弹窗中，树形目录属性原已选中的项已被删除，点击【确定】","1. 提示必填
2. 提示错误信息
3. 提示重名错误信息
4. 提示错误
5. 提示错误","1. 
2. 
3. 
4. 
5.","","2","功能测试","功能测试阶段","正常","0","1","5","通过","shier","2024-07-31","","0000-00-00","1","",""
"131448","数据资产_STD(#23)","/泸州老窖/数据资产目录(#7775)","","验证数据资产目录-目录管理- L1- 编辑目录- 通过","属性管理中，准备L1的自定义属性，包含枚举属性A、bigint文本框属性B，string文本框属性C、树形目录属性D","1. 编辑弹窗中，完善表单信息且输入内容格式正确，点击【确定】","1. 1）编辑目录成功；
2）弹窗关闭，列表刷新，该目录排序不变；
3）目录状态不变，为“草稿”/“已下线”状态","1.","","1","功能测试","功能测试阶段","正常","0","3","1","通过","shier","2024-07-31","","0000-00-00","1","",""
"131447","数据资产_STD(#23)","/泸州老窖/数据资产目录(#7775)","","验证数据资产目录-目录管理- L1- 编辑目录- 交互","属性管理中，准备L1的自定义属性，包含枚举属性A、bigint文本框属性B，string文本框属性C、树形目录属性D","1. 点击某目录的【编辑】","1. 1）弹出“编辑L1目录”弹窗，弹窗中表单元素与新建目录弹窗一致；
2）表单自动加载对应目录的数据","1.","","2","功能测试","功能测试阶段","正常","0","1","1","通过","shier","2024-07-31","","0000-00-00","1","",""
"131446","数据资产_STD(#23)","/泸州老窖/数据资产目录(#7775)","","验证数据资产目录-目录管理- L1- 新建目录- 失败","属性管理中，准备L1的自定义属性，包含枚举属性A、bigint文本框属性B，string文本框属性C、树形目录属性D","1. 新建弹窗中，未完善必填项，点击【确定】
2. 新建弹窗中，文本框输入内容长度超255个字符，点击【确定】
3. 新建弹窗中，目录中文名称或目录英文名称，与已有目录重名，点击【确定】","1. 提示必填
2. 提示错误信息
3. 提示重名错误信息","1. 
2. 
3.","","2","功能测试","功能测试阶段","正常","0","1","3","通过","shier","2024-07-31","","0000-00-00","1","",""
"131445","数据资产_STD(#23)","/泸州老窖/数据资产目录(#7775)","","验证数据资产目录-目录管理- L1- 新建目录- 通过","属性管理中，准备L1的自定义属性，包含枚举属性A、bigint文本框属性B，string文本框属性C、树形目录属性D","1. 新建弹窗中，完善表单信息且输入内容格式正确，点击【确定】","1. 1）新建目录成功；
2）弹窗关闭，列表刷新，新建目录排在非置顶目录第一行","1.","","1","功能测试","功能测试阶段","正常","0","4","1","通过","shier","2024-07-31","","0000-00-00","1","",""
"131444","数据资产_STD(#23)","/泸州老窖/数据资产目录(#7775)","","验证数据资产目录-目录管理- L1- 新建目录- 交互","属性管理中，准备L1的自定义属性，包含枚举属性A、bigint文本框属性B，string文本框属性C、树形目录属性D","1. 点击【新建目录】
2. 查看“数据责任人”下拉项
3. 选择“数据责任人”
4. 查看「自定义属性」-枚举属性A
5. 查看「自定义属性」-bigint文本框属性B
6. 查看「自定义属性」-string文本框属性C
7. 查看「自定义属性」- 树形目录属性D","1. 弹出“新建L1目录”弹窗：
1）「基本信息」部分，显示“目录中文名称”、“目录英文名称”、“数据责任人”、“归属部门”、“所属公司”、“业务定义”，且均为必填项
2）「自定义属性」部分，显示自定义L1属性
2. 下拉项为组织架构表中「在职」员工姓名列表，每项显示格式为：张三（0001，公司名称，部门名称）
3. “归属部门”和“所属公司”自动回填
4. 下拉选择框，下拉项展示正确
5. 数值输入框，只能输入正整数
6. 文本输入框，限制255个字符
7. 下拉目录选择框，树形目录展示正确","1. 
2. 
3. 
4. 
5. 
6. 
7.","","2","功能测试","功能测试阶段","正常","0","2","7","失败","shier","2024-07-31","","0000-00-00","1","",""
"131443","数据资产_STD(#23)","/泸州老窖/数据资产目录(#7775)","","验证数据资产目录-目录管理- L1- 查看详情","无","1. 点击任一目录的【查看详情】
2. 查看抽屉中「基本信息」部分
3. 查看抽屉中「自定义属性」部分","1. 右侧弹窗详情抽屉
2. 目录以下信息显示正确：
层级、中文名称、英文名称、编码、数据责任人、数据责任人工号、数据责任人状态、归属部门、所属公司、状态、业务定义、创建人、创建时间、更新人、更新时间
3. 显示该目录的自定义属性以及属性值","1. 
2. 
3.","","1","功能测试","功能测试阶段","正常","0","4","3","通过","shier","2024-07-31","","0000-00-00","1","",""
"131442","数据资产_STD(#23)","/泸州老窖/数据资产目录(#7775)","","验证数据资产目录-目录管理- L1- 列表- 列拖拽","无","1. 拖拽列
2. 刷新页面，查看列","1. 1）每次拖拽都触发接口保存
2）拖拽成功
2. 列为上次拖拽的顺序","1. 
2.","","3","功能测试","功能测试阶段","正常","0","1","2","通过","shier","2024-07-31","","0000-00-00","1","",""
"131441","数据资产_STD(#23)","/泸州老窖/数据资产目录(#7775)","","验证数据资产目录-目录管理- L1- 列表- 操作列按钮显示","无","1. 查看已发布状态目录
2. 查看草稿状态目录
3. 查看已下线状态目录","1. 操作列按钮为：【查看详情】、【置顶】或【取消置顶】
2. 操作列按钮为：【编辑】、【查看详情】、【置顶】或【取消置顶】
3. 操作列按钮为：【编辑】、【查看详情】、【置顶】或【取消置顶】","1. 
2. 
3.","","3","功能测试","功能测试阶段","正常","0","1","3","通过","shier","2024-07-31","","0000-00-00","1","",""
"131440","数据资产_STD(#23)","/泸州老窖/数据资产目录(#7775)","","验证数据资产目录-目录管理- L1- 列表- 置顶/取消置顶","无","1. 点击未置顶目录的【置顶】按钮
2. 点击已置顶目录的【取消置顶】按钮","1. 该目录跳至列表第一页第一行
2. 该目录跳至列表非置顶目录第一行","1. 
2.","","3","功能测试","功能测试阶段","正常","0","1","2","通过","shier","2024-07-31","","0000-00-00","1","",""
"131439","数据资产_STD(#23)","/泸州老窖/数据资产目录(#7775)","","验证数据资产目录-目录管理- L1- 列表- 拖动排序","无","1. 将目录B拖动到目录A上方
2. 将目录B拖动到置顶目录C上方
3. 查询后拖动排序：
1）默认情况下，列表数据顺序为：目录A、目录B、目录C、目录D、目录E、目录F，目录均为非置顶
2）通过查询条件进行查询，使得查询结果只有目录B和目录E
3）在当前查询条件下，将目录E拖动到目录B上方一个位置
4）重置查询条件，查看列表数据","1. 左侧树形目录中目录B在目录A上方
2. 拖动失败
3. 目录顺序为：A、E、B、C、D、F","1. 
2. 
3.","","2","功能测试","功能测试阶段","正常","0","2","3","通过","shier","2024-07-31","","0000-00-00","1","",""
"131438","数据资产_STD(#23)","/泸州老窖/数据资产目录(#7775)","","验证数据资产目录-目录管理- L1- 列表- 列表字段配置","无","1. 点击操作列右侧的设置icon
2. 在下拉框中，取消所有可取消的字段（即只保留“中文名称”和“操作”）并确定
3. 在下拉框中，点击全选并确定","1. 1）下拉框展示所有列表字段（目录属性+“操作”），可多选和全选；
- 下拉项为：层级、目录编码、归属部门、数据责任人、数据管家、状态、创建人、更新人、英文名称、所属公司、数据责任人工号、数据责任人状态、操作
2）已展示在列表的字段（目录属性+“操作”）为勾选状态；
3）“中文名称”、“操作”为默认勾选且不可取消
2. 列表只展示“中文名称”和“操作”列，且样式正确
3. 列表显示所有字段列，且样式正确","1. 
2. 
3.","","3","功能测试","功能测试阶段","正常","0","2","3","通过","shier","2024-07-31","","0000-00-00","1","",""
"131437","数据资产_STD(#23)","/泸州老窖/数据资产目录(#7775)","","验证数据资产目录-目录管理- L1- 列表- 翻页","无","1. “上一页”/“下一页”翻页
2. 指定页码翻页
3. 搜索后翻页：
先进行搜索查询；
再进行翻页
4. 翻页后搜索：
先翻页到最后一页（最后一页数据小于每页最大条数）；
再进行搜索查询（搜索后页数要小于搜索前页数）","1. 1）“上一页”数据正确；
2）“下一页”数据正确
2. 数据正确
3. 数据正确
4. 1）页码更新为第一页；
2）筛选数据正确","1. 
2. 
3. 
4.","","3","功能测试","功能测试阶段","正常","0","1","4","通过","shier","2024-07-31","","0000-00-00","1","",""
"131436","数据资产_STD(#23)","/泸州老窖/数据资产目录(#7775)","","验证数据资产目录-目录管理- L1- 列表- 筛选","无","1. 查看列表可筛选列
2. 状态筛选“草稿”
3. 状态筛选“已发布”
4. 状态筛选“已下线”","1. 只有“状态”列支持筛选，筛选项为：草稿、已发布、已下线
2. 列表返回所有草稿目录
3. 列表返回所有已发布目录
4. 列表返回所有已下线目录","1. 
2. 
3. 
4.","","2","功能测试","功能测试阶段","正常","0","1","4","通过","shier","2024-07-31","","0000-00-00","1","",""
"131435","数据资产_STD(#23)","/泸州老窖/数据资产目录(#7775)","","验证数据资产目录-目录管理- L1- 列表- 查询","无","1. 默认查询：
默认状态下点击【查询】
2. 独立查询：
只进行“中文名称”查询
3. 独立查询：
只进行“目录编码”查询
4. 独立查询：
只进行“归属部门”查询
5. 独立查询：
只进行“数据责任人”查询
6. 独立查询：
只进行“数据管家”查询
7. 独立查询：
只进行“创建时间”查询
8. 独立查询：
只进行“最近修改时间”查询
9. 独立查询：
只进行“创建人”查询
10. 独立查询：
只进行“更新人”查询
11. 组合查询：
每个筛选项都选择；
点击【查询】
12. 重置查询：
每个筛选项都选择，并进行查询；
点击【重置】","1. 列表展示当前租户下资产所有L1目录
2. 根据输入“中文名称”模糊查询结果正确；
3. 根据输入“目录编码”模糊查询结果正确；
4. 根据选择“归属部门”精确查询结果正确；
5. 根据选择“数据责任人”精确查询结果正确；
6. 根据选择“数据管家”精确查询结果正确；
7. 根据选择“创建时间”精确查询结果正确；
-- 注意前端传参，开始时间和结束时间是否是0点和23点59分59秒
8. 根据选择“最近修改时间”精确查询结果正确；
-- 注意前端传参，开始时间和结束时间是否是0点和23点59分59秒
9. 根据选择“创建人”精确查询结果正确；
10. 根据选择“更新人”精确查询结果正确；
11. 筛选结果正确
12. 1）所有筛选项都恢复默认状态；
2）列表显示当前租户下资产所有L1目录","1. 
2. 
3. 
4. 
5. 
6. 
7. 
8. 
9. 
10. 
11. 
12.","","2","功能测试","功能测试阶段","正常","0","2","12","通过","shier","2024-07-31","","0000-00-00","1","",""
"131434","数据资产_STD(#23)","/泸州老窖/数据资产目录(#7775)","","验证数据资产目录-目录管理- L1- 列表- 查询条件配置","无","1. 点击查询区域的【搜索配置】
2. 在下拉框中选择N（N<2）个查询条件
3. 在下拉框中选择N（N>8）个查询条件
4. 在下拉框中选择N（2<N<8）个查询条件","1. 1）下拉框展示所有查询条件，可多选和全选；
- 下拉项为：中文名称、创建时间、数据管家、数据责任人、负责部门、目录编码、最近修改时间、创建人、更新人
2）已展示在查询区域的查询条件为勾选状态；
3）“中文名称”默认勾选且不可取消
2. 【确定】按钮禁用
3. 【确定】按钮禁用
4. 【确定】按钮可用，且确定后，查询条件区域，显示勾选的查询条件","1. 
2. 
3. 
4.","","3","功能测试","功能测试阶段","正常","0","1","4","通过","shier","2024-07-31","","0000-00-00","1","",""
"131433","数据资产_STD(#23)","/泸州老窖/数据资产目录(#7775)","","验证数据资产目录-目录管理- L1- 列表- 排序","无","1. 查看默认排序
2. “最近修改时间”正序/倒序","1. 1）非置顶目录默认按照创建时间倒序排序；
2）置顶目录按照置顶先后顺序展示
2. 列表返回数据按正序/倒序显示正确","1. 
2.","","3","功能测试","功能测试阶段","正常","0","1","2","通过","shier","2024-07-31","","0000-00-00","1","",""
"131432","数据资产_STD(#23)","/泸州老窖/数据资产目录(#7775)","","验证数据资产目录-目录管理- L1- 列表- 数据","无","1. 查看列表数据","1. 返回当前租户下资产所有L1目录","1.","","1","功能测试","功能测试阶段","正常","0","2","1","通过","shier","2024-07-31","","0000-00-00","1","",""
"131431","数据资产_STD(#23)","/泸州老窖/数据资产目录(#7775)","","验证数据资产目录-目录管理- 树状目录- 目录数据","无","1. 查看目录结构数据
2. 右侧发布L1/L2/L3目录
3. 右侧下线L1/L2/L3目录
4. L1目录A1为“草稿”/“已下线”，下属L2目录A2为“已发布”","1. 目录为已发布L1-L2-L3的结构显示目录：
- L1
-- L2(下属L3目录数量)
--- L3
2. 左侧目录树直接显示发布的L1/L2/L3目录
3. 左侧目录树对应L1/L2/L3目录不显示
4. A1和A2均不在目录树中显示","1. 
2. 
3. 
4.","","1","功能测试","功能测试阶段","正常","0","2","4","通过","shier","2024-07-31","","0000-00-00","1","",""
"131430","数据资产_STD(#23)","/泸州老窖/数据资产目录(#7775)","","验证数据资产目录-属性管理（L1～L3）- 权限点","页面：

1）元数据-数据目录-属性管理-业务域属性（L1）

2）元数据-数据目录-属性管理-主题域属性（L2）

3）元数据-数据目录-属性管理-业务对象属性（L3）","1. admin用户登陆
2. 管理员用户登陆
3. 数开用户登陆
4. 访客用户登陆","1. 可以查看L1、L2、L3的业务属性列表，并且支持新增/编辑/删除属性
2. 可以查看L1、L2、L3的业务属性列表，并且支持新增/编辑/删除属性
3. 只能查看L1、L2、L3的业务属性列表，无法新增/编辑/删除属性
4. 只能查看L1、L2、L3的业务属性列表，无法新增/编辑/删除属性","1. 
2. 
3. 
4.","","2","功能测试","功能测试阶段","正常","0","1","4","失败","shier","2024-07-31","","0000-00-00","1","",""
"131429","数据资产_STD(#23)","/泸州老窖/数据资产目录(#7775)","","验证数据资产目录-属性管理（L1～L3）- 内置属性不可操作","页面：

1）元数据-数据目录-属性管理-业务域属性（L1）

2）元数据-数据目录-属性管理-主题域属性（L2）

3）元数据-数据目录-属性管理-业务对象属性（L3）","1. 查看L1/L2/L3的内置属性，操作列","1. 【编辑】和【删除】按钮禁用","1.","","3","功能测试","功能测试阶段","正常","0","1","1","通过","shier","2024-07-31","","0000-00-00","1","",""
"131428","数据资产_STD(#23)","/泸州老窖/数据资产目录(#7775)","","验证数据资产目录-属性管理（L1～L3）- 删除- 逻辑","页面：

1）元数据-数据目录-属性管理-业务域属性（L1）

2）元数据-数据目录-属性管理-主题域属性（L2）

3）元数据-数据目录-属性管理-业务对象属性（L3）","1. 删除自定义属性X","1. 列表不显示属性X","1.","","1","功能测试","功能测试阶段","正常","0","2","1","通过","shier","2024-07-31","","0000-00-00","1","",""
"131427","数据资产_STD(#23)","/泸州老窖/数据资产目录(#7775)","","验证数据资产目录-属性管理（L1～L3）- 删除- 交互","页面：

1）元数据-数据目录-属性管理-业务域属性（L1）

2）元数据-数据目录-属性管理-主题域属性（L2）

3）元数据-数据目录-属性管理-业务对象属性（L3）","1. 选择一个自定义属性，点击【删除】
2. 二次确认后","1. 显示二次确认弹窗
2. 提示删除成功，列表刷新","1. 
2.","","3","功能测试","功能测试阶段","正常","0","1","2","通过","shier","2024-07-31","","0000-00-00","1","",""
"131426","数据资产_STD(#23)","/泸州老窖/数据资产目录(#7775)","","验证数据资产目录-属性管理（L1～L3）- 编辑- 逻辑","页面：

1）元数据-数据目录-属性管理-业务域属性（L1）

2）元数据-数据目录-属性管理-主题域属性（L2）

3）元数据-数据目录-属性管理-业务对象属性（L3）","1. 1）在编辑弹窗中，修改所有元素值
2）点击【确定】","1. 列表中该属性数据更新正确","1.","","2","功能测试","功能测试阶段","正常","0","1","1","通过","shier","2024-07-31","","0000-00-00","1","",""
"131425","数据资产_STD(#23)","/泸州老窖/数据资产目录(#7775)","","验证数据资产目录-属性管理（L1～L3）- 编辑- 交互","页面：

1）元数据-数据目录-属性管理-业务域属性（L1）

2）元数据-数据目录-属性管理-主题域属性（L2）

3）元数据-数据目录-属性管理-业务对象属性（L3）","1. 选择一个自定义属性，点击【编辑】
2. 只输入必填项，点击【确定】
3. 存在一个必填项未输入，点击【确定】
4. 输入所有表单元素值，点击【确定】
5. 查看不可编辑项","1. 显示编辑弹窗
2. 1）弹窗关闭，提示编辑成功
2）列表刷新
3. 提示必填项不能空
4. 1）弹窗关闭，提示编辑成功
2）列表刷新
5. 属性名、属性类型为不可编辑状态","1. 
2. 
3. 
4. 
5.","","3","功能测试","功能测试阶段","正常","0","1","5","通过","shier","2024-07-31","","0000-00-00","1","",""
"131424","数据资产_STD(#23)","/泸州老窖/数据资产目录(#7775)","","验证数据资产目录-属性管理（L1～L3）- 新增- 逻辑","页面：

1）元数据-数据目录-属性管理-业务域属性（L1）

2）元数据-数据目录-属性管理-主题域属性（L2）

3）元数据-数据目录-属性管理-业务对象属性（L3）","1. 新增枚举属性：
1）属性类型为“枚举”，配置枚举选项
2）输入其他表单内容
3）点击【确定】
2. 新增枚举属性：
1）属性类型为“枚举”
2）输入其他表单内容
3）点击【确定】
3. 新增string类型文本框属性：
1）属性类型为“文本框”，字段类型为“string”
2）输入其他表单内容
3）点击【确定】
4. 新增bigint类型文本框属性：
1）属性类型为“文本框”，字段类型为“bigint”
2）输入其他表单内容
3）点击【确定】","1. 列表中显示新建的属性，且数据正确
2. 列表中显示新建的属性，且数据正确
3. 列表中显示新建的属性，且数据正确
4. 列表中显示新建的属性，且数据正确","1. 
2. 
3. 
4.","","1","功能测试","功能测试阶段","正常","0","2","4","通过","shier","2024-07-31","","0000-00-00","1","",""
"131423","数据资产_STD(#23)","/泸州老窖/数据资产目录(#7775)","","验证数据资产目录-属性管理（L1～L3）- 新增- 交互","页面：

1）元数据-数据目录-属性管理-业务域属性（L1）

2）元数据-数据目录-属性管理-主题域属性（L2）

3）元数据-数据目录-属性管理-业务对象属性（L3）","1. 点击【新增】
2. 必填项校验：
只输入必填项，点击【确定】
3. 必填项校验：
存在一个必填项未输入，点击【确定】
4. 必填项校验：
输入所有表单元素值，点击【确定】
5. 查看属性类型选项
6. 属性类型选择“枚举”
7. 属性类型选择“文本框”
8. 属性类型选择“树形目录”","1. 1）显示新增弹窗
2）弹窗初始元素：属性名、属性中文名、属性类型、是否必填
2. 1）弹窗关闭，提示新建成功
2）列表刷新
3. 提示必填项不能空
4. 1）弹窗关闭，提示新建成功
2）列表刷新
5. 选项包括“枚举”、“文本框”、“树形目录”
6. 下方显示“选项”配置区
7. 下方显示“字段类型”下拉项，下拉选项为：string和bigint
8. 下方显示“编辑目录”配置项","1. 
2. 
3. 
4. 
5. 
6. 
7. 
8.","","3","功能测试","功能测试阶段","正常","0","1","8","通过","shier","2024-07-31","","0000-00-00","1","",""
"131422","数据资产_STD(#23)","/泸州老窖/数据资产目录(#7775)","","验证数据资产目录-属性管理（L1～L3）- 列表- 翻页","页面：

1）元数据-数据目录-属性管理-业务域属性（L1）

2）元数据-数据目录-属性管理-主题域属性（L2）

3）元数据-数据目录-属性管理-业务对象属性（L3）","1. “上一页”/“下一页”翻页
2. 指定页码翻页
3. 搜索后翻页：
先进行搜索查询；
再进行翻页
4. 翻页后搜索：
先翻页到最后一页（最后一页数据小于每页最大条数）；
再进行搜索查询（搜索后页数要小于搜索前页数）","1. 1）“上一页”数据正确；
2）“下一页”数据正确
2. 数据正确
3. 数据正确
4. 1）页码更新为第一页；
2）筛选数据正确","1. 
2. 
3. 
4.","","3","功能测试","功能测试阶段","正常","0","1","4","通过","shier","2024-07-31","","0000-00-00","1","",""
"131421","数据资产_STD(#23)","/泸州老窖/数据资产目录(#7775)","","验证数据资产目录-属性管理（L1～L3）- 列表- 搜索","页面：

1）元数据-数据目录-属性管理-业务域属性（L1）

2）元数据-数据目录-属性管理-主题域属性（L2）

3）元数据-数据目录-属性管理-业务对象属性（L3）","1. 输入已存在的属性名
2. 输入不存在的属性名
3. 输入已存在的属性中文名
4. 输入不存在的属性中文名","1. 模糊返回符合所输申请人属性名相符的属性
2. 缺省提示正确
3. 模糊返回符合所输申请人属性中文名相符的属性
4. 缺省提示正确","1. 
2. 
3. 
4.","","2","功能测试","功能测试阶段","正常","0","1","4","通过","shier","2024-07-31","","0000-00-00","1","",""
"131420","数据资产_STD(#23)","/泸州老窖/数据资产目录(#7775)","","验证数据资产目录-属性管理（L1～L3）- 列表- 排序","页面：

1）元数据-数据目录-属性管理-业务域属性（L1）

2）元数据-数据目录-属性管理-主题域属性（L2）

3）元数据-数据目录-属性管理-业务对象属性（L3）","1. “最近修改时间”正序/倒序","1. 列表返回数据按正序/倒序显示正确","1.","","3","功能测试","功能测试阶段","正常","0","1","1","失败","shier","2024-07-31","","0000-00-00","1","",""
"131419","数据资产_STD(#23)","/泸州老窖/数据资产目录(#7775)","","验证数据资产目录-属性管理（L1～L3）- 列表- 数据","页面：

1）元数据-数据目录-属性管理-业务域属性（L1）

2）元数据-数据目录-属性管理-主题域属性（L2）

3）元数据-数据目录-属性管理-业务对象属性（L3）","1. 查看列表数据","1. 返回当前租户下资产L1/L2/L3的内置属性+自定义属性","1.","","1","功能测试","功能测试阶段","正常","0","2","1","通过","shier","2024-07-31","","0000-00-00","1","",""
"131418","数据资产_STD(#23)","/泸州老窖/数据资产目录(#7775)","","验证编码管理- 编码值自增- 编码值超过结束码","无","1. 1）L1当前编码值为99；
2）新增L1目录；
3）再次查看L1当前编码值","1. L1当前编码值为BD100","1.","","3","功能测试","功能测试阶段","正常","0","1","1","失败","shier","2024-07-31","","0000-00-00","1","",""
"131417","数据资产_STD(#23)","/泸州老窖/数据资产目录(#7775)","","验证编码管理- 编码值自增- L4～L5","假设测试步骤中所述的每张表均为P个字段","1. 1）记录L4和L5的当前编码值
2）通过元数据同步，同步N张新表（每张表P个字段）；
3）查看编码列表，L4和L5的当前编码值
2. 1）通过元数据同步，同步N张已同步的表（每张表P个字段）；
2）查看编码列表，L4和L5的当前编码值
3. 1）通过元数据同步，同步N张已同步的表:
- 有且仅有一张表与上次同步相比，新增了Q个字段
2）查看编码列表，L4和L5的当前编码值
4. 1）通过数据地图批量删除N张表（每张表P个字段）；
2）查看编码列表，L4和L5的当前编码值
5. 1）通过表详情页删除表（每张表P个字段）；
2）查看编码列表，L4和L5的当前编码值
6. 1）通过数据模型创建（审批通过）N张表（每张表P个字段）；
2）查看编码列表，L4和L5的当前编码值
7. 1）通过数据模型编辑一张表，添加了Q个字段:
2）查看编码列表，L4和L5的当前编码值
8. 1）通过数据模型删除N张表（每张表P个字段）；
2）查看编码列表，L4和L5的当前编码值
9. 1）通过离线任务创建N张表（每张表P个字段）；
2）查看编码列表，L4和L5的当前编码值
10. 1）通过离线任务ALTER一张表（该表已同步至资产数据地图），添加了Q个字段:
2）查看编码列表，L4和L5的当前编码值
11. 1）通过离线任务删除（drop）N张表（每张表P个字段，且已同步至资产数据地图）；
2）查看编码列表，L4和L5的当前编码值","1. 1）L4的当前编码值+N；
2）L5的当前编码值+(N*P)
2. L4和L5的当前编码值不变
3. 1）L4的当前编码值不变；
2）L5的当前编码值+Q
4. L4和L5的当前编码值不变
5. L4和L5的当前编码值不变
6. 1）L4的当前编码值+N；
2）L5的当前编码值+(N*P)
7. 1）L4的当前编码值不变；
2）L5的当前编码值+Q
8. L4和L5的当前编码值不变
9. 1）L4的当前编码值+N；
2）L5的当前编码值+(N*P)
10. 1）L4的当前编码值不变；
2）L5的当前编码值+Q
11. L4和L5的当前编码值不变","1. 
2. 
3. 
4. 
5. 
6. 
7. 
8. 
9. 
10. 
11.","","1","功能测试","功能测试阶段","正常","0","2","11","通过","shier","2024-07-31","","0000-00-00","1","",""
"131416","数据资产_STD(#23)","/泸州老窖/数据资产目录(#7775)","","验证编码管理- 编码值自增- L1～L3","无","1. 1）记录L1/L2/L3的当前编码值
2）在「元数据」-「数据目录」-「目录管理」页面，新建N个L1/L2/L3目录；
3）查看编码列表，L1/L2/L3的当前编码值
2. 1）在「元数据」-「数据目录」-「目录管理」页面，编辑一个L1/L2/L3目录；
2）查看编码列表，L1/L2/L3的当前编码值
3. 1）在「元数据」-「数据目录」-「目录管理」页面，删除N个L1/L2/L3目录；
2）查看编码列表，L1/L2/L3的当前编码值
4. 1）在「元数据」-「数据目录」-「目录管理」页面，导入L1/L2/L3目录：
- 导入文件中存在N个编码为空的数据，以及M（M>0）个编码不为空的数据
- 导入文件的数据，均导入成功
- “重复处理规则”为“重复则覆盖更新”
2）查看编码列表，L1/L2/L3的当前编码值","1. L1/L2/L3的当前编码值+N
2. L1/L2/L3的当前编码值不变
3. L1/L2/L3的当前编码值不变
4. L1/L2/L3的当前编码值+N","1. 
2. 
3. 
4.","","2","功能测试","功能测试阶段","正常","0","1","4","通过","shier","2024-07-31","","0000-00-00","1","",""
"131415","数据资产_STD(#23)","/泸州老窖/数据资产目录(#7775)","","验证编码管理- 重置- 重置后重新关联","无","1. 数据地图中所有表，只与目录A3（L3，编号为BO0001）关联
2. 删除数据地图中所有表
3. 重新同步表至数据地图
4. 将所有表与目录B3（L3，编号为BO0002）关联
5. 删除所有L3目录
6. 重新创建目录C3（L3，编号为BO0002）
7. 将所有表与目录C3（L3，编号为BO0002）关联","1. 
2. 与目录的关联关系也得删除
3. 无法通过目录A3查询到表
4. 关联成功，并可以通过目录B3查询到表
5. 所有L3目录与数据表/数据标准的关联关系被删除
6. 无法通过目录C3查询到表
7. 关联成功，并可以通过目录C3查询到表","1. 
2. 
3. 
4. 
5. 
6. 
7.","","3","功能测试","功能测试阶段","正常","0","1","7","通过","shier","2024-07-31","","0000-00-00","1","",""
"131414","数据资产_STD(#23)","/泸州老窖/数据资产目录(#7775)","","验证编码管理- 重置- 当前编码不存在未删除的数据","无","1. 点击【重置】
2. 在弹窗中，点击【确定】
3. 查看重置后的编码","1. 弹出提示弹窗，提示：重置后将对资产数据进行重新编码，对已经删除的资产数据不会进行数据库保留，请谨慎操作。
2. 弹窗关闭，触发重置
3. 该编码所有信息都重置为初始值","1. 
2. 
3.","","2","功能测试","功能测试阶段","正常","0","1","3","通过","shier","2024-07-31","","0000-00-00","1","",""
"131413","数据资产_STD(#23)","/泸州老窖/数据资产目录(#7775)","","验证编码管理- 重置- 当前编码存在未删除的数据","无","1. 点击【重置】
2. 在弹窗中，点击【确定】","1. 弹出提示弹窗，提示：存在编码数据，不可进行重置，请删除完所有数据后再进行重置操作
2. 弹窗关闭，不触发重置","1. 
2.","","2","功能测试","功能测试阶段","正常","0","1","2","通过","shier","2024-07-31","","0000-00-00","1","",""
"131412","数据资产_STD(#23)","/泸州老窖/数据资产目录(#7775)","","验证编码管理- 查询","无","1. 输入已存在的编码名称，回车搜索
2. 输入不存在的编码名称，回车搜索","1. 模糊查询，返回编码名称符合的数据
2. 缺省提示正确","1. 
2.","","2","功能测试","功能测试阶段","正常","0","1","2","通过","shier","2024-07-31","","0000-00-00","1","",""
"131411","数据资产_STD(#23)","/泸州老窖/数据资产目录(#7775)","","验证编码管理- 当前编码值租户隔离","存在租户下已经有L1～L5以及数据标准的数据","1. 切换不同租户","1. 显示当前租户下L1～L5以及数据标准的当前编码值","1.","","1","功能测试","功能测试阶段","正常","0","2","1","通过","shier","2024-07-31","","0000-00-00","1","",""
"131410","数据资产_STD(#23)","/泸州老窖/数据资产目录(#7775)","","验证编码管理- 数据初始化","进入页面：平台管理-编码管理","1. 查看列表数据","1. 1）展示L1～L5以及数据标准的编码信息
2）数据与原型设计一致，当前编码值数值位为0","1.","","1","功能测试","功能测试阶段","正常","0","2","1","通过","shier","2024-07-31","","0000-00-00","1","",""
