"用例编号","所属产品","所属模块","相关需求","用例标题","前置条件","步骤","预期","实际情况","关键词","优先级","用例类型","适用阶段","用例状态","B","R","S","结果","由谁创建","创建日期","最后修改者","修改日期","用例版本","相关用例"
"186485","数据资产_STD(#23)","/版本迭代测试用例/v6.4.11/【岚图】【数据资产】落标检查任务性能优化，规则sql合并/不同的数据类型(#10608)","【岚图】【数据资产】数据质量任务、落标检查任务性能优化，规则sql合并(#15862)","有车型 验证「有车型」-「不绑定车型关联字段」-「date/timestamp数据类型」校验逻辑正确","<p style=“font-size:14px;background-color:#FFFFFF;“>1、已存在表order_info</p>
<p style=“font-size:14px;background-color:#FFFFFF;“>CREATE TABLE IF NOT EXISTS tytest.order_info(<br /> user_id INT COMMENT&#039;用户ID&#039;,<br /> tall FLOAT COMMENT&#039;身高&#039;,<br /> weight DOUBLE COMMENT&#039;体重&#039;,<br /> amount DECIMAL(10,3) COMMENT&#039;金额&#039;,<br /> car_model STRING COMMENT&#039;车型&#039;,<br /> age BYTE COMMENT&#039;年龄&#039;,<br /> score SHORT COMMENT&#039;评分&#039;,<br /> total_orders LONG COMMENT&#039;总订单数&#039;,<br /> is_vip BOOLEAN COMMENT&#039;是否VIP&#039;,<br /> register_date DATE COMMENT&#039;注册日期&#039;,<br /> last_login TIMESTAMP COMMENT&#039;最后登录时间&#039;,<br /> user_name STRING COMMENT&#039;用户名（非数值字段）&#039;,<br /> order_amount_str STRING COMMENT&#039;订单金额字符串（数值字段）&#039;<br />)PARTITIONED BY(<br /> order_date STRING COMMENT&#039;订单日期，格式yyyy-MM-dd&#039;<br />);<br />-- 插入2026-01-12分区数据<br />INSERT INTO<br /> tytest.order_info PARTITION (order_date = &#039;2026-01-12&#039;)<br />VALUES<br /> (<br /> 1000,<br /> 160,<br /> NULL,<br /> 265.2,<br /> &#039;小米su7&#039;,<br /> 25,<br /> 80,<br /> 10,<br /> TRUE,<br /> DATE &#039;2024-01-01&#039;,<br /> TIMESTAMP &#039;2026-01-12 10:30:00&#039;,<br /> &#039;张三&#039;,<br /> &#039;265.20&#039;<br /> ),<br /> (<br /> 102,<br /> 170,<br /> 66,<br /> 140.80,<br /> &#039;小米su7&#039;,<br /> 30,<br /> 85,<br /> 5,<br /> FALSE,<br /> DATE &#039;2024-03-15&#039;,<br /> TIMESTAMP &#039;2026-01-12 14:20:00&#039;,<br /> &#039;李四&#039;,<br /> &#039;140.80&#039;<br /> ),<br /> (<br /> 1100,<br /> 180.23,<br /> 459897,<br /> 187,<br /> &#039;保时捷718&#039;,<br /> 35,<br /> 90,<br /> 3,<br /> TRUE,<br /> DATE &#039;2024-06-20&#039;,<br /> TIMESTAMP &#039;2026-01-12 09:15:00&#039;,<br /> &#039;王五&#039;,<br /> &#039;187.00&#039;<br /> );<br />-- 插入2026-01-13分区数据<br />INSERT INTO<br /> tytest.order_info PARTITION (order_date = &#039;2026-01-13&#039;)<br />VALUES<br /> (<br /> 1001,<br /> 160,<br /> NULL,<br /> 265,<br /> &#039;小米su7&#039;,<br /> 26,<br /> 82,<br /> 15,<br /> NULL,<br /> CAST(&#039;2024-01-15&#039; AS DATE),<br /> CAST(&#039;2026-01-13 11:00:00&#039; AS TIMESTAMP),<br /> &#039;赵六&#039;,<br /> &#039;265.00&#039;<br /> ),<br /> (<br /> 1001,<br /> 160,<br /> NULL,<br /> NULL,<br /> &#039;小米su7&#039;,<br /> 26,<br /> 82,<br /> 16,<br /> FALSE,<br /> CAST(NULL AS DATE),<br /> CAST(&#039;2026-01-13 15:30:00&#039; AS TIMESTAMP),<br /> &#039;孙七&#039;,<br /> NULL<br /> ),<br /> (<br /> 102,<br /> 170,<br /> 66,<br /> 15483.568,<br /> &#039;小米su7&#039;,<br /> 31,<br /> 87,<br /> 8,<br /> TRUE,<br /> CAST(&#039;2024-04-01&#039; AS DATE),<br /> CAST(NULL AS TIMESTAMP),<br /> &#039;周八&#039;,<br /> &#039;15483.568&#039;<br /> ),<br /> (<br /> 1001,<br /> 160,<br /> NULL,<br /> 265,<br /> &#039;小米su7&#039;,<br /> 26,<br /> 82,<br /> 17,<br /> FALSE,<br /> CAST(&#039;2024-01-15&#039; AS DATE),<br /> CAST(&#039;2026-01-13 18:20:00&#039; AS TIMESTAMP),<br /> &#039;吴九&#039;,<br /> &#039;265.00&#039;<br /> ),<br /> (<br /> 110030,<br /> 180.23,<br /> 459897,<br /> 80.55485,<br /> &#039;保时捷718&#039;,<br /> 36,<br /> 92,<br /> 5,<br /> NULL,<br /> CAST(&#039;2024-07-10&#039; AS DATE),<br /> CAST(NULL AS TIMESTAMP),<br /> &#039;郑十&#039;,<br /> &#039;80.55485&#039;<br /> ),<br /> (<br /> 110030,<br /> 180.23,<br /> 459897,<br /> 80.55485,<br /> &#039;保时捷718&#039;,<br /> 36,<br /> 92,<br /> 6,<br /> FALSE,<br /> CAST(&#039;2024-07-10&#039; AS DATE),<br /> CAST(&#039;2026-01-13 14:05:00&#039; AS TIMESTAMP),<br /> &#039;钱十一&#039;,<br /> &#039;80.55485&#039;<br /> ),<br /> (<br /> 11003,<br /> 180.23,<br /> 459897,<br /> NULL,<br /> &#039;保时捷718&#039;,<br /> 36,<br /> 92,<br /> 7,<br /> FALSE,<br /> CAST(NULL AS DATE),<br /> CAST(&#039;2026-01-13 16:40:00&#039; AS TIMESTAMP),<br /> &#039;孙十二&#039;,<br /> NULL<br /> ),<br /> (<br /> 1001,<br /> 160,<br /> NULL,<br /> 265,<br /> NULL,<br /> 26,<br /> 82,<br /> 17,<br /> FALSE,<br /> CAST(&#039;2024-01-15&#039; AS DATE),<br /> CAST(&#039;2026-01-13 18:20:00&#039; AS TIMESTAMP),<br /> &#039;李十三&#039;,<br /> &#039;265.00&#039;<br /> ),<br /> (<br /> 11003,<br /> 180.23,<br /> 459897,<br /> 80.55485,<br /> NULL,<br /> 36,<br /> 92,<br /> 5,<br /> NULL,<br /> CAST(&#039;2024-07-10&#039; AS DATE),<br /> CAST(NULL AS TIMESTAMP),<br /> &#039;王十四&#039;,<br /> &#039;80.55485&#039;<br /> );</p>
<p style=“font-size:14px;background-color:#FFFFFF;“>2、已存在标准目录：test</p>","1. 进入「资产-数据标准-标准定义」页面
2. 新建标准配置如下：
「中文名称」：「总额」
「英文名称」：「amount」
「英文缩写」：「at」
「标准目录」：「test」
「车型」：「小米su7，保时捷718」
1）小米su7：
「数据类型」：「数值型」
「数据长度」：「<=5」
「数据精度」：「3/2」
「是否允许为空」：「不可空」
「是否允许重复」：「不可重复」
「默认值」：「1」
「取值范围」：「>=10且<=280」
「初始值」：「2」
「无效值」：「0.1」
「精度倍数」：「2.2」
「偏移量」：「0.02」；
2）保时捷718：
「数据类型」：「数值型」
「数据长度」：「<=5」
「数据精度」：「3/2」
「是否允许为空」：「不可空」
「是否允许重复」：「不可重复」
「默认值」：「1」
「取值范围」：「>=180且<=999」
「初始值」：「2」
「无效值」：「0.1」
「精度倍数」：「2.2」
「偏移量」：「0.02」；
点击【上线】
3. 点击「标准映射」页面，进行标准映射
4. 给该标准绑定字段：绑定register_date、last_login字段
5. 点击「落标检查」页面，新增检查任务，检查内容配置如下：
「数据源」：「${DATASOURCE}」
「数据库」：「${DATABASE}」
「数据表」：「order_info」
不设置分区
「标准目录」：「test」
不绑定「车型关联字段」；
点击【下一步】
6. 开启register_date、last_login字段的检查，设置检查项为：全部；
点击【下一步】
7. 配置调度属性为按天运行，其余内容正确配置；点击【新增并立即执行】
8. 等待检查完成，查看【落标检查设置】tab列表
9. 点击【操作-查看结果详情】
10. 查看【落标检查结果】tab列表
11. 点击【操作-查看详情】
12. 点击列表里未达标检查项对应的的【操作-查看详情】
13. 根据文档步骤通过底层数据库查看该检查任务的sql
14. 等待该检查任务按周期运行完成，查看结果详情","1. 页面正常打开
2. 内容配置成功；
标准成功上线
3. 标准映射列表新增该标准
4. 字段绑定成功
5. 检查内容配置成功；
进入选择字段页面
6. 成功开启检查，检查项全部仅包含：空值数、重复数；
进入调度配置页面
7. 保存成功，任务进入检查中状态
8. 显示对应的正确数据表名称、所属数据源、所属数据库、检查字段数/总字段数、检查周期、检查状态、标准达标率、不达标字段数/检查失败数、最近编辑时间、最近检查时间、操作。
9. 跳转至【落标检查结果】tab
10. 显示对应的正确数据源、数据库、数据表、字段、检查状态、是否达标、检查开始时间、检查结束时间、操作。
11. 检查结果详情包含以下信息：
1）检查信息：检查数据源、数据库、数据表、字段与配置的内容一致；
2）检查结果列表：“空值数、重复数”检查项达标情况正确，开始检查时间、结束检查时间正确，未达标的检查项操作为“查看详情”
3）关联标准详情与前面配置的内容一致
12. 1）为脏数据明细，显示不符合检查项的数据，标红展示
2）行数<=100
13. 两个字段的空值数进行sql合并：
1）扫描一次源数据表
2）写在同一个select里面：用两个 SUM (CASE WHEN) 把规则并行计算；
3）结果插入同一张脏数据表
两个字段的重复数未进行sql合并：
1）两个字段的重复数单独分开去读取一遍源数据表；
​2）两个字段重复数的判断计算语句分开写，一条规则对应一个select语句，无SUM (CASE WHEN)并行计算逻辑
​3）两个字段的重复数脏数据分开存入不同的脏数据表
14. 检查项达标情况正确，详情正确，脏数据明细正确","1. 
2. 
3. 
4. 
5. 
6. 
7. 
8. 
9. 
10. 
11. 
12. 
13. 
14.","","1","功能测试","功能测试阶段","正常","0","4","14","通过","听筠","2026-06-03","听筠","2026-06-12","2","",""
"186484","数据资产_STD(#23)","/版本迭代测试用例/v6.4.11/【岚图】【数据资产】落标检查任务性能优化，规则sql合并/不同的数据类型(#10608)","【岚图】【数据资产】数据质量任务、落标检查任务性能优化，规则sql合并(#15862)","有车型 验证「有车型」-「不绑定车型关联字段」-「boolean数据类型」校验逻辑正确","<p style=“font-size:14px;background-color:#FFFFFF;“>1、已存在表order_info</p>
<p style=“font-size:14px;background-color:#FFFFFF;“>CREATE TABLE IF NOT EXISTS tytest.order_info(<br /> user_id INT COMMENT&#039;用户ID&#039;,<br /> tall FLOAT COMMENT&#039;身高&#039;,<br /> weight DOUBLE COMMENT&#039;体重&#039;,<br /> amount DECIMAL(10,3) COMMENT&#039;金额&#039;,<br /> car_model STRING COMMENT&#039;车型&#039;,<br /> age BYTE COMMENT&#039;年龄&#039;,<br /> score SHORT COMMENT&#039;评分&#039;,<br /> total_orders LONG COMMENT&#039;总订单数&#039;,<br /> is_vip BOOLEAN COMMENT&#039;是否VIP&#039;,<br /> register_date DATE COMMENT&#039;注册日期&#039;,<br /> last_login TIMESTAMP COMMENT&#039;最后登录时间&#039;,<br /> user_name STRING COMMENT&#039;用户名（非数值字段）&#039;,<br /> order_amount_str STRING COMMENT&#039;订单金额字符串（数值字段）&#039;<br />)PARTITIONED BY(<br /> order_date STRING COMMENT&#039;订单日期，格式yyyy-MM-dd&#039;<br />);<br />-- 插入2026-01-12分区数据<br />INSERT INTO<br /> tytest.order_info PARTITION (order_date = &#039;2026-01-12&#039;)<br />VALUES<br /> (<br /> 1000,<br /> 160,<br /> NULL,<br /> 265.2,<br /> &#039;小米su7&#039;,<br /> 25,<br /> 80,<br /> 10,<br /> TRUE,<br /> DATE &#039;2024-01-01&#039;,<br /> TIMESTAMP &#039;2026-01-12 10:30:00&#039;,<br /> &#039;张三&#039;,<br /> &#039;265.20&#039;<br /> ),<br /> (<br /> 102,<br /> 170,<br /> 66,<br /> 140.80,<br /> &#039;小米su7&#039;,<br /> 30,<br /> 85,<br /> 5,<br /> FALSE,<br /> DATE &#039;2024-03-15&#039;,<br /> TIMESTAMP &#039;2026-01-12 14:20:00&#039;,<br /> &#039;李四&#039;,<br /> &#039;140.80&#039;<br /> ),<br /> (<br /> 1100,<br /> 180.23,<br /> 459897,<br /> 187,<br /> &#039;保时捷718&#039;,<br /> 35,<br /> 90,<br /> 3,<br /> TRUE,<br /> DATE &#039;2024-06-20&#039;,<br /> TIMESTAMP &#039;2026-01-12 09:15:00&#039;,<br /> &#039;王五&#039;,<br /> &#039;187.00&#039;<br /> );<br />-- 插入2026-01-13分区数据<br />INSERT INTO<br /> tytest.order_info PARTITION (order_date = &#039;2026-01-13&#039;)<br />VALUES<br /> (<br /> 1001,<br /> 160,<br /> NULL,<br /> 265,<br /> &#039;小米su7&#039;,<br /> 26,<br /> 82,<br /> 15,<br /> NULL,<br /> CAST(&#039;2024-01-15&#039; AS DATE),<br /> CAST(&#039;2026-01-13 11:00:00&#039; AS TIMESTAMP),<br /> &#039;赵六&#039;,<br /> &#039;265.00&#039;<br /> ),<br /> (<br /> 1001,<br /> 160,<br /> NULL,<br /> NULL,<br /> &#039;小米su7&#039;,<br /> 26,<br /> 82,<br /> 16,<br /> FALSE,<br /> CAST(NULL AS DATE),<br /> CAST(&#039;2026-01-13 15:30:00&#039; AS TIMESTAMP),<br /> &#039;孙七&#039;,<br /> NULL<br /> ),<br /> (<br /> 102,<br /> 170,<br /> 66,<br /> 15483.568,<br /> &#039;小米su7&#039;,<br /> 31,<br /> 87,<br /> 8,<br /> TRUE,<br /> CAST(&#039;2024-04-01&#039; AS DATE),<br /> CAST(NULL AS TIMESTAMP),<br /> &#039;周八&#039;,<br /> &#039;15483.568&#039;<br /> ),<br /> (<br /> 1001,<br /> 160,<br /> NULL,<br /> 265,<br /> &#039;小米su7&#039;,<br /> 26,<br /> 82,<br /> 17,<br /> FALSE,<br /> CAST(&#039;2024-01-15&#039; AS DATE),<br /> CAST(&#039;2026-01-13 18:20:00&#039; AS TIMESTAMP),<br /> &#039;吴九&#039;,<br /> &#039;265.00&#039;<br /> ),<br /> (<br /> 110030,<br /> 180.23,<br /> 459897,<br /> 80.55485,<br /> &#039;保时捷718&#039;,<br /> 36,<br /> 92,<br /> 5,<br /> NULL,<br /> CAST(&#039;2024-07-10&#039; AS DATE),<br /> CAST(NULL AS TIMESTAMP),<br /> &#039;郑十&#039;,<br /> &#039;80.55485&#039;<br /> ),<br /> (<br /> 110030,<br /> 180.23,<br /> 459897,<br /> 80.55485,<br /> &#039;保时捷718&#039;,<br /> 36,<br /> 92,<br /> 6,<br /> FALSE,<br /> CAST(&#039;2024-07-10&#039; AS DATE),<br /> CAST(&#039;2026-01-13 14:05:00&#039; AS TIMESTAMP),<br /> &#039;钱十一&#039;,<br /> &#039;80.55485&#039;<br /> ),<br /> (<br /> 11003,<br /> 180.23,<br /> 459897,<br /> NULL,<br /> &#039;保时捷718&#039;,<br /> 36,<br /> 92,<br /> 7,<br /> FALSE,<br /> CAST(NULL AS DATE),<br /> CAST(&#039;2026-01-13 16:40:00&#039; AS TIMESTAMP),<br /> &#039;孙十二&#039;,<br /> NULL<br /> ),<br /> (<br /> 1001,<br /> 160,<br /> NULL,<br /> 265,<br /> NULL,<br /> 26,<br /> 82,<br /> 17,<br /> FALSE,<br /> CAST(&#039;2024-01-15&#039; AS DATE),<br /> CAST(&#039;2026-01-13 18:20:00&#039; AS TIMESTAMP),<br /> &#039;李十三&#039;,<br /> &#039;265.00&#039;<br /> ),<br /> (<br /> 11003,<br /> 180.23,<br /> 459897,<br /> 80.55485,<br /> NULL,<br /> 36,<br /> 92,<br /> 5,<br /> NULL,<br /> CAST(&#039;2024-07-10&#039; AS DATE),<br /> CAST(NULL AS TIMESTAMP),<br /> &#039;王十四&#039;,<br /> &#039;80.55485&#039;<br /> );</p>
<p style=“font-size:14px;background-color:#FFFFFF;“>2、已存在标准目录：test</p>","1. 进入「资产-数据标准-标准定义」页面
2. 新建标准配置如下：
「中文名称」：「总额」
「英文名称」：「amount」
「英文缩写」：「at」
「标准目录」：「test」
「车型」：「小米su7，保时捷718」
1）小米su7：
「数据类型」：「数值型」
「数据长度」：「<=5」
「数据精度」：「3/2」
「是否允许为空」：「不可空」
「是否允许重复」：「不可重复」
「默认值」：「1」
「取值范围」：「>=10且<=280」
「初始值」：「2」
「无效值」：「0.1」
「精度倍数」：「2.2」
「偏移量」：「0.02」；
2）保时捷718：
「数据类型」：「数值型」
「数据长度」：「<=5」
「数据精度」：「3/2」
「是否允许为空」：「不可空」
「是否允许重复」：「不可重复」
「默认值」：「1」
「取值范围」：「>=180且<=999」
「初始值」：「2」
「无效值」：「0.1」
「精度倍数」：「2.2」
「偏移量」：「0.02」；
点击【上线】
3. 点击「标准映射」页面，进行标准映射
4. 给该标准绑定字段：绑定is_vip字段
5. 点击「落标检查」页面，新增检查任务，检查内容配置如下：
「数据源」：「${DATASOURCE}」
「数据库」：「${DATABASE}」
「数据表」：「order_info」
不设置分区
「标准目录」：「test」
不绑定「车型关联字段」；
点击【下一步】
6. 开启is_vip字段的检查，设置检查项为：全部；
点击【下一步】
7. 配置调度属性为按天运行，其余内容正确配置；点击【新增并立即执行】
8. 等待检查完成，查看【落标检查设置】tab列表
9. 点击【操作-查看结果详情】
10. 查看【落标检查结果】tab列表
11. 点击【操作-查看详情】
12. 点击列表里未达标检查项对应的的【操作-查看详情】
13. 根据文档步骤通过底层数据库查看该检查任务的sql
14. 等待该检查任务按周期运行完成，查看结果详情","1. 页面正常打开
2. 内容配置成功；
标准成功上线
3. 标准映射列表新增该标准
4. 字段绑定成功
5. 检查内容配置成功；
进入选择字段页面
6. 成功开启检查，检查项全部仅包含：空值数；
进入调度配置页面
7. 保存成功，任务进入检查中状态
8. 显示对应的正确数据表名称、所属数据源、所属数据库、检查字段数/总字段数、检查周期、检查状态、标准达标率、不达标字段数/检查失败数、最近编辑时间、最近检查时间、操作。
9. 跳转至【落标检查结果】tab
10. 显示对应的正确数据源、数据库、数据表、字段、检查状态、是否达标、检查开始时间、检查结束时间、操作。
11. 检查结果详情包含以下信息：
1）检查信息：检查数据源、数据库、数据表、字段与配置的内容一致；
2）检查结果列表：“空值数”检查项达标情况正确，开始检查时间、结束检查时间正确，未达标的检查项操作为“查看详情”
3）关联标准详情与前面配置的内容一致
12. 1）为脏数据明细，显示不符合检查项的数据，标红展示
2）行数<=100
13. 两个字段的空值数进行sql合并：
1）扫描一次源数据表
2）写在同一个select里面：用两个 SUM (CASE WHEN) 把规则并行计算；
3）结果插入同一张脏数据表
14. 检查项达标情况正确，详情正确，脏数据明细正确","1. 
2. 
3. 
4. 
5. 
6. 
7. 
8. 
9. 
10. 
11. 
12. 
13. 
14.","","1","功能测试","功能测试阶段","正常","0","4","14","通过","听筠","2026-06-03","听筠","2026-06-12","2","",""
"186483","数据资产_STD(#23)","/版本迭代测试用例/v6.4.11/【岚图】【数据资产】落标检查任务性能优化，规则sql合并/不同的数据类型(#10608)","【岚图】【数据资产】数据质量任务、落标检查任务性能优化，规则sql合并(#15862)","有车型 验证「有车型」-「不绑定车型关联字段」-「string数据类型（数值）」校验逻辑正确","<p style=“font-size:14px;background-color:#FFFFFF;“>1、已存在表order_info</p>
<p style=“font-size:14px;background-color:#FFFFFF;“>CREATE TABLE IF NOT EXISTS tytest.order_info(<br /> user_id INT COMMENT&#039;用户ID&#039;,<br /> tall FLOAT COMMENT&#039;身高&#039;,<br /> weight DOUBLE COMMENT&#039;体重&#039;,<br /> amount DECIMAL(10,3) COMMENT&#039;金额&#039;,<br /> car_model STRING COMMENT&#039;车型&#039;,<br /> age BYTE COMMENT&#039;年龄&#039;,<br /> score SHORT COMMENT&#039;评分&#039;,<br /> total_orders LONG COMMENT&#039;总订单数&#039;,<br /> is_vip BOOLEAN COMMENT&#039;是否VIP&#039;,<br /> register_date DATE COMMENT&#039;注册日期&#039;,<br /> last_login TIMESTAMP COMMENT&#039;最后登录时间&#039;,<br /> user_name STRING COMMENT&#039;用户名（非数值字段）&#039;,<br /> order_amount_str STRING COMMENT&#039;订单金额字符串（数值字段）&#039;<br />)PARTITIONED BY(<br /> order_date STRING COMMENT&#039;订单日期，格式yyyy-MM-dd&#039;<br />);<br />-- 插入2026-01-12分区数据<br />INSERT INTO<br /> tytest.order_info PARTITION (order_date = &#039;2026-01-12&#039;)<br />VALUES<br /> (<br /> 1000,<br /> 160,<br /> NULL,<br /> 265.2,<br /> &#039;小米su7&#039;,<br /> 25,<br /> 80,<br /> 10,<br /> TRUE,<br /> DATE &#039;2024-01-01&#039;,<br /> TIMESTAMP &#039;2026-01-12 10:30:00&#039;,<br /> &#039;张三&#039;,<br /> &#039;265.20&#039;<br /> ),<br /> (<br /> 102,<br /> 170,<br /> 66,<br /> 140.80,<br /> &#039;小米su7&#039;,<br /> 30,<br /> 85,<br /> 5,<br /> FALSE,<br /> DATE &#039;2024-03-15&#039;,<br /> TIMESTAMP &#039;2026-01-12 14:20:00&#039;,<br /> &#039;李四&#039;,<br /> &#039;140.80&#039;<br /> ),<br /> (<br /> 1100,<br /> 180.23,<br /> 459897,<br /> 187,<br /> &#039;保时捷718&#039;,<br /> 35,<br /> 90,<br /> 3,<br /> TRUE,<br /> DATE &#039;2024-06-20&#039;,<br /> TIMESTAMP &#039;2026-01-12 09:15:00&#039;,<br /> &#039;王五&#039;,<br /> &#039;187.00&#039;<br /> );<br />-- 插入2026-01-13分区数据<br />INSERT INTO<br /> tytest.order_info PARTITION (order_date = &#039;2026-01-13&#039;)<br />VALUES<br /> (<br /> 1001,<br /> 160,<br /> NULL,<br /> 265,<br /> &#039;小米su7&#039;,<br /> 26,<br /> 82,<br /> 15,<br /> NULL,<br /> CAST(&#039;2024-01-15&#039; AS DATE),<br /> CAST(&#039;2026-01-13 11:00:00&#039; AS TIMESTAMP),<br /> &#039;赵六&#039;,<br /> &#039;265.00&#039;<br /> ),<br /> (<br /> 1001,<br /> 160,<br /> NULL,<br /> NULL,<br /> &#039;小米su7&#039;,<br /> 26,<br /> 82,<br /> 16,<br /> FALSE,<br /> CAST(NULL AS DATE),<br /> CAST(&#039;2026-01-13 15:30:00&#039; AS TIMESTAMP),<br /> &#039;孙七&#039;,<br /> NULL<br /> ),<br /> (<br /> 102,<br /> 170,<br /> 66,<br /> 15483.568,<br /> &#039;小米su7&#039;,<br /> 31,<br /> 87,<br /> 8,<br /> TRUE,<br /> CAST(&#039;2024-04-01&#039; AS DATE),<br /> CAST(NULL AS TIMESTAMP),<br /> &#039;周八&#039;,<br /> &#039;15483.568&#039;<br /> ),<br /> (<br /> 1001,<br /> 160,<br /> NULL,<br /> 265,<br /> &#039;小米su7&#039;,<br /> 26,<br /> 82,<br /> 17,<br /> FALSE,<br /> CAST(&#039;2024-01-15&#039; AS DATE),<br /> CAST(&#039;2026-01-13 18:20:00&#039; AS TIMESTAMP),<br /> &#039;吴九&#039;,<br /> &#039;265.00&#039;<br /> ),<br /> (<br /> 110030,<br /> 180.23,<br /> 459897,<br /> 80.55485,<br /> &#039;保时捷718&#039;,<br /> 36,<br /> 92,<br /> 5,<br /> NULL,<br /> CAST(&#039;2024-07-10&#039; AS DATE),<br /> CAST(NULL AS TIMESTAMP),<br /> &#039;郑十&#039;,<br /> &#039;80.55485&#039;<br /> ),<br /> (<br /> 110030,<br /> 180.23,<br /> 459897,<br /> 80.55485,<br /> &#039;保时捷718&#039;,<br /> 36,<br /> 92,<br /> 6,<br /> FALSE,<br /> CAST(&#039;2024-07-10&#039; AS DATE),<br /> CAST(&#039;2026-01-13 14:05:00&#039; AS TIMESTAMP),<br /> &#039;钱十一&#039;,<br /> &#039;80.55485&#039;<br /> ),<br /> (<br /> 11003,<br /> 180.23,<br /> 459897,<br /> NULL,<br /> &#039;保时捷718&#039;,<br /> 36,<br /> 92,<br /> 7,<br /> FALSE,<br /> CAST(NULL AS DATE),<br /> CAST(&#039;2026-01-13 16:40:00&#039; AS TIMESTAMP),<br /> &#039;孙十二&#039;,<br /> NULL<br /> ),<br /> (<br /> 1001,<br /> 160,<br /> NULL,<br /> 265,<br /> NULL,<br /> 26,<br /> 82,<br /> 17,<br /> FALSE,<br /> CAST(&#039;2024-01-15&#039; AS DATE),<br /> CAST(&#039;2026-01-13 18:20:00&#039; AS TIMESTAMP),<br /> &#039;李十三&#039;,<br /> &#039;265.00&#039;<br /> ),<br /> (<br /> 11003,<br /> 180.23,<br /> 459897,<br /> 80.55485,<br /> NULL,<br /> 36,<br /> 92,<br /> 5,<br /> NULL,<br /> CAST(&#039;2024-07-10&#039; AS DATE),<br /> CAST(NULL AS TIMESTAMP),<br /> &#039;王十四&#039;,<br /> &#039;80.55485&#039;<br /> );</p>
<p style=“font-size:14px;background-color:#FFFFFF;“>2、已存在标准目录：test</p>","1. 进入「资产-数据标准-标准定义」页面
2. 新建标准配置如下：
「中文名称」：「总额」
「英文名称」：「amount」
「英文缩写」：「at」
「标准目录」：「test」
「车型」：「小米su7，保时捷718」
1）小米su7：
「数据类型」：「数值型」
「数据长度」：「<=5」
「数据精度」：「3/2」
「是否允许为空」：「不可空」
「是否允许重复」：「不可重复」
「默认值」：「1」
「取值范围」：「>=10且<=280」
「初始值」：「2」
「无效值」：「0.1」
「精度倍数」：「2.2」
「偏移量」：「0.02」；
2）保时捷718：
「数据类型」：「数值型」
「数据长度」：「<=5」
「数据精度」：「3/2」
「是否允许为空」：「不可空」
「是否允许重复」：「不可重复」
「默认值」：「1」
「取值范围」：「>=180且<=999」
「初始值」：「2」
「无效值」：「0.1」
「精度倍数」：「2.2」
「偏移量」：「0.02」；
点击【上线】
3. 点击「标准映射」页面，进行标准映射
4. 给该标准绑定字段：绑定order_amount_str字段
5. 点击「落标检查」页面，新增检查任务，检查内容配置如下：
「数据源」：「${DATASOURCE}」
「数据库」：「${DATABASE}」
「数据表」：「order_info」
不设置分区
「标准目录」：「test」
不绑定「车型关联字段」；
点击【下一步】
6. 开启order_amount_str字段的检查，设置检查项为：全部；
点击【下一步】
7. 配置调度属性为按天运行，其余内容正确配置；点击【新增并立即执行】
8. 等待检查完成，查看【落标检查设置】tab列表
9. 点击【操作-查看结果详情】
10. 查看【落标检查结果】tab列表
11. 点击【操作-查看详情】
12. 点击列表里未达标检查项对应的的【操作-查看详情】
13. 根据文档步骤通过底层数据库查看该检查任务的sql
14. 等待该检查任务按周期运行完成，查看结果详情","1. 页面正常打开
2. 内容配置成功；
标准成功上线
3. 标准映射列表新增该标准
4. 字段绑定成功
5. 检查内容配置成功；
进入选择字段页面
6. 成功开启检查，检查项全部包含字符串长度、数据精度、精度倍数、空值数、重复数、取值范围；
进入调度配置页面
7. 保存成功，任务进入检查中状态
8. 显示对应的正确数据表名称、所属数据源、所属数据库、检查字段数/总字段数、检查周期、检查状态、标准达标率、不达标字段数/检查失败数、最近编辑时间、最近检查时间、操作。
9. 跳转至【落标检查结果】tab
10. 显示对应的正确数据源、数据库、数据表、字段、检查状态、是否达标、检查开始时间、检查结束时间、操作。
11. 检查结果详情包含以下信息：
1）检查信息：检查数据源、数据库、数据表、字段与配置的内容一致；
2）检查结果列表：各类检查项达标情况正确（数据精度、精度倍数、取值范围正常校验，包含达标和未达标情况），开始检查时间、结束检查时间正确，未达标的检查项操作为“查看详情”
3）关联标准详情与前面配置的内容一致
12. 1）为脏数据明细，显示不符合检查项的数据，标红展示
2）行数<=100
13. 每个字段里字符串长度、数据精度、空值数、取值范围、精度倍数的sql进行合并：
1）源表只扫描一次：FROM 后面的源表只出现 1 次；
​2）所有可合并规则写在同一个select里面：用多个 SUM (CASE WHEN) 把规则并行计算；
3）计算后再把结果拆成多行，每行代表单个规则进行输出，最终把结果插入同一张脏数据表
重复数sql不进行合并：
1）只有单个select计算语句，不参与SUM (CASE WHEN)并行计算逻辑
2）脏数据存储于另一张脏数据表
14. 检查项达标情况正确，详情正确，脏数据明细正确","1. 
2. 
3. 
4. 
5. 
6. 
7. 
8. 
9. 
10. 
11. 
12. 
13. 
14.","","1","功能测试","功能测试阶段","正常","0","4","14","通过","听筠","2026-06-03","听筠","2026-06-12","2","",""
"186482","数据资产_STD(#23)","/版本迭代测试用例/v6.4.11/【岚图】【数据资产】落标检查任务性能优化，规则sql合并/不同的数据类型(#10608)","【岚图】【数据资产】数据质量任务、落标检查任务性能优化，规则sql合并(#15862)","有车型 验证「有车型」-「不绑定车型关联字段」-「string数据类型（非数值）」校验逻辑正确","<p style=“font-size:14px;background-color:#FFFFFF;“>1、已存在表order_info</p>
<p style=“font-size:14px;background-color:#FFFFFF;“>CREATE TABLE IF NOT EXISTS tytest.order_info(<br /> user_id INT COMMENT&#039;用户ID&#039;,<br /> tall FLOAT COMMENT&#039;身高&#039;,<br /> weight DOUBLE COMMENT&#039;体重&#039;,<br /> amount DECIMAL(10,3) COMMENT&#039;金额&#039;,<br /> car_model STRING COMMENT&#039;车型&#039;,<br /> age BYTE COMMENT&#039;年龄&#039;,<br /> score SHORT COMMENT&#039;评分&#039;,<br /> total_orders LONG COMMENT&#039;总订单数&#039;,<br /> is_vip BOOLEAN COMMENT&#039;是否VIP&#039;,<br /> register_date DATE COMMENT&#039;注册日期&#039;,<br /> last_login TIMESTAMP COMMENT&#039;最后登录时间&#039;,<br /> user_name STRING COMMENT&#039;用户名（非数值字段）&#039;,<br /> order_amount_str STRING COMMENT&#039;订单金额字符串（数值字段）&#039;<br />)PARTITIONED BY(<br /> order_date STRING COMMENT&#039;订单日期，格式yyyy-MM-dd&#039;<br />);<br />-- 插入2026-01-12分区数据<br />INSERT INTO<br /> tytest.order_info PARTITION (order_date = &#039;2026-01-12&#039;)<br />VALUES<br /> (<br /> 1000,<br /> 160,<br /> NULL,<br /> 265.2,<br /> &#039;小米su7&#039;,<br /> 25,<br /> 80,<br /> 10,<br /> TRUE,<br /> DATE &#039;2024-01-01&#039;,<br /> TIMESTAMP &#039;2026-01-12 10:30:00&#039;,<br /> &#039;张三&#039;,<br /> &#039;265.20&#039;<br /> ),<br /> (<br /> 102,<br /> 170,<br /> 66,<br /> 140.80,<br /> &#039;小米su7&#039;,<br /> 30,<br /> 85,<br /> 5,<br /> FALSE,<br /> DATE &#039;2024-03-15&#039;,<br /> TIMESTAMP &#039;2026-01-12 14:20:00&#039;,<br /> &#039;李四&#039;,<br /> &#039;140.80&#039;<br /> ),<br /> (<br /> 1100,<br /> 180.23,<br /> 459897,<br /> 187,<br /> &#039;保时捷718&#039;,<br /> 35,<br /> 90,<br /> 3,<br /> TRUE,<br /> DATE &#039;2024-06-20&#039;,<br /> TIMESTAMP &#039;2026-01-12 09:15:00&#039;,<br /> &#039;王五&#039;,<br /> &#039;187.00&#039;<br /> );<br />-- 插入2026-01-13分区数据<br />INSERT INTO<br /> tytest.order_info PARTITION (order_date = &#039;2026-01-13&#039;)<br />VALUES<br /> (<br /> 1001,<br /> 160,<br /> NULL,<br /> 265,<br /> &#039;小米su7&#039;,<br /> 26,<br /> 82,<br /> 15,<br /> NULL,<br /> CAST(&#039;2024-01-15&#039; AS DATE),<br /> CAST(&#039;2026-01-13 11:00:00&#039; AS TIMESTAMP),<br /> &#039;赵六&#039;,<br /> &#039;265.00&#039;<br /> ),<br /> (<br /> 1001,<br /> 160,<br /> NULL,<br /> NULL,<br /> &#039;小米su7&#039;,<br /> 26,<br /> 82,<br /> 16,<br /> FALSE,<br /> CAST(NULL AS DATE),<br /> CAST(&#039;2026-01-13 15:30:00&#039; AS TIMESTAMP),<br /> &#039;孙七&#039;,<br /> NULL<br /> ),<br /> (<br /> 102,<br /> 170,<br /> 66,<br /> 15483.568,<br /> &#039;小米su7&#039;,<br /> 31,<br /> 87,<br /> 8,<br /> TRUE,<br /> CAST(&#039;2024-04-01&#039; AS DATE),<br /> CAST(NULL AS TIMESTAMP),<br /> &#039;周八&#039;,<br /> &#039;15483.568&#039;<br /> ),<br /> (<br /> 1001,<br /> 160,<br /> NULL,<br /> 265,<br /> &#039;小米su7&#039;,<br /> 26,<br /> 82,<br /> 17,<br /> FALSE,<br /> CAST(&#039;2024-01-15&#039; AS DATE),<br /> CAST(&#039;2026-01-13 18:20:00&#039; AS TIMESTAMP),<br /> &#039;吴九&#039;,<br /> &#039;265.00&#039;<br /> ),<br /> (<br /> 110030,<br /> 180.23,<br /> 459897,<br /> 80.55485,<br /> &#039;保时捷718&#039;,<br /> 36,<br /> 92,<br /> 5,<br /> NULL,<br /> CAST(&#039;2024-07-10&#039; AS DATE),<br /> CAST(NULL AS TIMESTAMP),<br /> &#039;郑十&#039;,<br /> &#039;80.55485&#039;<br /> ),<br /> (<br /> 110030,<br /> 180.23,<br /> 459897,<br /> 80.55485,<br /> &#039;保时捷718&#039;,<br /> 36,<br /> 92,<br /> 6,<br /> FALSE,<br /> CAST(&#039;2024-07-10&#039; AS DATE),<br /> CAST(&#039;2026-01-13 14:05:00&#039; AS TIMESTAMP),<br /> &#039;钱十一&#039;,<br /> &#039;80.55485&#039;<br /> ),<br /> (<br /> 11003,<br /> 180.23,<br /> 459897,<br /> NULL,<br /> &#039;保时捷718&#039;,<br /> 36,<br /> 92,<br /> 7,<br /> FALSE,<br /> CAST(NULL AS DATE),<br /> CAST(&#039;2026-01-13 16:40:00&#039; AS TIMESTAMP),<br /> &#039;孙十二&#039;,<br /> NULL<br /> ),<br /> (<br /> 1001,<br /> 160,<br /> NULL,<br /> 265,<br /> NULL,<br /> 26,<br /> 82,<br /> 17,<br /> FALSE,<br /> CAST(&#039;2024-01-15&#039; AS DATE),<br /> CAST(&#039;2026-01-13 18:20:00&#039; AS TIMESTAMP),<br /> &#039;李十三&#039;,<br /> &#039;265.00&#039;<br /> ),<br /> (<br /> 11003,<br /> 180.23,<br /> 459897,<br /> 80.55485,<br /> NULL,<br /> 36,<br /> 92,<br /> 5,<br /> NULL,<br /> CAST(&#039;2024-07-10&#039; AS DATE),<br /> CAST(NULL AS TIMESTAMP),<br /> &#039;王十四&#039;,<br /> &#039;80.55485&#039;<br /> );</p>
<p style=“font-size:14px;background-color:#FFFFFF;“>2、已存在标准目录：test</p>","1. 进入「资产-数据标准-标准定义」页面
2. 新建标准配置如下：
「中文名称」：「总额」
「英文名称」：「amount」
「英文缩写」：「at」
「标准目录」：「test」
「车型」：「小米su7，保时捷718」
1）小米su7：
「数据类型」：「数值型」
「数据长度」：「<=5」
「数据精度」：「3/2」
「是否允许为空」：「不可空」
「是否允许重复」：「不可重复」
「默认值」：「1」
「取值范围」：「>=10且<=280」
「初始值」：「2」
「无效值」：「0.1」
「精度倍数」：「2.2」
「偏移量」：「0.02」；
2）保时捷718：
「数据类型」：「数值型」
「数据长度」：「<=5」
「数据精度」：「3/2」
「是否允许为空」：「不可空」
「是否允许重复」：「不可重复」
「默认值」：「1」
「取值范围」：「>=180且<=999」
「初始值」：「2」
「无效值」：「0.1」
「精度倍数」：「2.2」
「偏移量」：「0.02」；
点击【上线】
3. 点击「标准映射」页面，进行标准映射
4. 给该标准绑定字段：绑定user_name 字段
5. 点击「落标检查」页面，新增检查任务，检查内容配置如下：
「数据源」：「${DATASOURCE}」
「数据库」：「${DATABASE}」
「数据表」：「order_info」
不设置分区
「标准目录」：「test」
不绑定「车型关联字段」；
点击【下一步】
6. 开启user_name 字段的检查，设置检查项为：全部；
点击【下一步】
7. 配置调度属性为按天运行，其余内容正确配置；点击【新增并立即执行】
8. 等待检查完成，查看【落标检查设置】tab列表
9. 点击【操作-查看结果详情】
10. 查看【落标检查结果】tab列表
11. 点击【操作-查看详情】
12. 点击列表里未达标检查项对应的的【操作-查看详情】
13. 根据文档步骤通过底层数据库查看该检查任务的sql
14. 等待该检查任务按周期运行完成，查看结果详情","1. 页面正常打开
2. 内容配置成功；
标准成功上线
3. 标准映射列表新增该标准
4. 字段绑定成功
5. 检查内容配置成功；
进入选择字段页面
6. 成功开启检查，检查项全部包含字符串长度、数据精度、精度倍数、空值数、重复数、取值范围；
进入调度配置页面
7. 保存成功，任务进入检查中状态
8. 显示对应的正确数据表名称、所属数据源、所属数据库、检查字段数/总字段数、检查周期、检查状态、标准达标率、不达标字段数/检查失败数、最近编辑时间、最近检查时间、操作。
9. 跳转至【落标检查结果】tab
10. 显示对应的正确数据源、数据库、数据表、字段、检查状态、是否达标、检查开始时间、检查结束时间、操作。
11. 检查结果详情包含以下信息：
1）检查信息：检查数据源、数据库、数据表、字段与配置的内容一致；
2）检查结果列表：各类检查项达标情况正确（数据精度、精度倍数、取值范围始终为达标），开始检查时间、结束检查时间正确，未达标的检查项操作为“查看详情”
3）关联标准详情与前面配置的内容一致
12. 1）为脏数据明细，显示不符合检查项的数据，标红展示
2）行数<=100
13. 每个字段里字符串长度、数据精度、空值数、取值范围、精度倍数的sql进行合并：
1）源表只扫描一次：FROM 后面的源表只出现 1 次；
​2）所有可合并规则写在同一个select里面：用多个 SUM (CASE WHEN) 把规则并行计算；
3）计算后再把结果拆成多行，每行代表单个规则进行输出，最终把结果插入同一张脏数据表
重复数sql不进行合并：
1）只有单个select计算语句，不参与SUM (CASE WHEN)并行计算逻辑
2）脏数据存储于另一张脏数据表
14. 检查项达标情况正确，详情正确，脏数据明细正确","1. 
2. 
3. 
4. 
5. 
6. 
7. 
8. 
9. 
10. 
11. 
12. 
13. 
14.","","1","功能测试","功能测试阶段","正常","0","4","14","通过","听筠","2026-06-03","听筠","2026-06-12","3","",""
"186481","数据资产_STD(#23)","/版本迭代测试用例/v6.4.11/【岚图】【数据资产】落标检查任务性能优化，规则sql合并/不同的数据类型(#10608)","【岚图】【数据资产】数据质量任务、落标检查任务性能优化，规则sql合并(#15862)","有车型 验证「有车型」-「不绑定车型关联字段」-「float/double/decimal数据类型」校验逻辑正确","1、已存在表order_info
CREATE TABLE IF NOT EXISTS tytest.order_info (
user_id INT COMMENT &#039;用户ID&#039;,
tall FLOAT COMMENT &#039;身高&#039;,
weight DOUBLE COMMENT &#039;体重&#039;,
amount DECIMAL(10,3) COMMENT &#039;金额&#039;,
car_model STRING COMMENT &#039;车型&#039;,
age BYTE COMMENT &#039;年龄&#039;,
score SHORT COMMENT &#039;评分&#039;,
total_orders LONG COMMENT &#039;总订单数&#039;,
is_vip BOOLEAN COMMENT &#039;是否VIP&#039;,
register_date DATE COMMENT &#039;注册日期&#039;,
last_login TIMESTAMP COMMENT &#039;最后登录时间&#039;
)
PARTITIONED BY (order_date STRING COMMENT &#039;订单日期，格式yyyy-MM-dd&#039;);
-- 插入2026-01-12分区数据
INSERT INTO tytest.order_info PARTITION (order_date=&#039;2026-01-12&#039;)
VALUES
(1000, 160, NULL, 265.2, &#039;小米su7&#039;, 25, 80, 10, TRUE, DATE &#039;2024-01-01&#039;, TIMESTAMP &#039;2026-01-12 10:30:00&#039;),
(102, 170, 66, 140.80, &#039;小米su7&#039;, 30, 85, 5, FALSE, DATE &#039;2024-03-15&#039;, TIMESTAMP &#039;2026-01-12 14:20:00&#039;),
(1100, 180.23, 459897, 187, &#039;保时捷718&#039;, 35, 90, 3, TRUE, DATE &#039;2024-06-20&#039;, TIMESTAMP &#039;2026-01-12 09:15:00&#039;);
-- 插入2026-01-13分区数据
INSERT INTO tytest.order_info PARTITION (order_date=&#039;2026-01-13&#039;)
VALUES
(1001, 160, NULL, 265, &#039;小米su7&#039;, 26, 82, 15, NULL, CAST(&#039;2024-01-15&#039; AS DATE), CAST(&#039;2026-01-13 11:00:00&#039; AS TIMESTAMP)),
(1001, 160, NULL, NULL, &#039;小米su7&#039;, 26, 82, 16, FALSE, CAST(NULL AS DATE), CAST(&#039;2026-01-13 15:30:00&#039; AS TIMESTAMP)),
(102, 170, 66, 15483.568, &#039;小米su7&#039;, 31, 87, 8, TRUE, CAST(&#039;2024-04-01&#039; AS DATE), CAST(NULL AS TIMESTAMP)),
(1001, 160, NULL, 265, &#039;小米su7&#039;, 26, 82, 17, FALSE, CAST(&#039;2024-01-15&#039; AS DATE), CAST(&#039;2026-01-13 18:20:00&#039; AS TIMESTAMP)),
(110030, 180.23, 459897, 80.55485, &#039;保时捷718&#039;, 36, 92, 5, NULL, CAST(&#039;2024-07-10&#039; AS DATE), CAST(NULL AS TIMESTAMP)),
(110030, 180.23, 459897, 80.55485, &#039;保时捷718&#039;, 36, 92, 6, FALSE, CAST(&#039;2024-07-10&#039; AS DATE), CAST(&#039;2026-01-13 14:05:00&#039; AS TIMESTAMP)),
(11003, 180.23, 459897, NULL, &#039;保时捷718&#039;, 36, 92, 7, FALSE, CAST(NULL AS DATE), CAST(&#039;2026-01-13 16:40:00&#039; AS TIMESTAMP)),
(1001, 160, NULL, 265, NULL, 26, 82, 17, FALSE, CAST(&#039;2024-01-15&#039; AS DATE), CAST(&#039;2026-01-13 18:20:00&#039; AS TIMESTAMP)),
(11003, 180.23, 459897, 80.55485, NULL, 36, 92, 5, NULL, CAST(&#039;2024-07-10&#039; AS DATE), CAST(NULL AS TIMESTAMP));

2、已存在标准目录：test","1. 进入「资产-数据标准-标准定义」页面
2. 新建标准配置如下：
「中文名称」：「总额」
「英文名称」：「amount」
「英文缩写」：「at」
「标准目录」：「test」
「车型」：「小米su7，保时捷718」
1）小米su7：
「数据类型」：「数值型」
「数据长度」：「<=5」
「数据精度」：「3/2」
「是否允许为空」：「不可空」
「是否允许重复」：「不可重复」
「默认值」：「1」
「取值范围」：「>=10且<=280」
「初始值」：「2」
「无效值」：「0.1」
「精度倍数」：「2.2」
「偏移量」：「0.02」；
2）保时捷718：
「数据类型」：「数值型」
「数据长度」：「<=5」
「数据精度」：「3/2」
「是否允许为空」：「不可空」
「是否允许重复」：「不可重复」
「默认值」：「1」
「取值范围」：「>=180且<=999」
「初始值」：「2」
「无效值」：「0.1」
「精度倍数」：「2.2」
「偏移量」：「0.02」；
点击【上线】
3. 点击「标准映射」页面，进行标准映射
4. 给该标准绑定字段：绑定tall、weight、amount字段
5. 点击「落标检查」页面，新增检查任务，检查内容配置如下：
「数据源」：「${DATASOURCE}」
「数据库」：「${DATABASE}」
「数据表」：「order_info」
不设置分区
「标准目录」：「test」
不绑定「车型关联字段」；
点击【下一步】
6. 开启tall、weight、amount字段的检查，设置检查项为：全部；
点击【下一步】
7. 配置调度属性为按天运行，其余内容正确配置；点击【新增并立即执行】
8. 等待检查完成，查看【落标检查设置】tab列表
9. 点击【操作-查看结果详情】
10. 查看【落标检查结果】tab列表
11. 点击【操作-查看详情】
12. 点击列表里未达标检查项对应的的【操作-查看详情】
13. 根据文档步骤通过底层数据库查看该检查任务的sql
14. 等待该检查任务按周期运行完成，查看结果详情","1. 页面正常打开
2. 内容配置成功；
标准成功上线
3. 标准映射列表新增该标准
4. 字段绑定成功
5. 检查内容配置成功；
进入选择字段页面
6. 成功开启检查，检查项全部包含字符串长度、数据精度、精度倍数、空值数、重复数、取值范围；
进入调度配置页面
7. 保存成功，任务进入检查中状态
8. 显示对应的正确数据表名称、所属数据源、所属数据库、检查字段数/总字段数、检查周期、检查状态、标准达标率、不达标字段数/检查失败数、最近编辑时间、最近检查时间、操作。
9. 跳转至【落标检查结果】tab
10. 显示对应的正确数据源、数据库、数据表、字段、检查状态、是否达标、检查开始时间、检查结束时间、操作。
11. 检查结果详情包含以下信息：
1）检查信息：检查数据源、数据库、数据表、字段与配置的内容一致；
2）检查结果列表：各类检查项达标情况正确，开始检查时间、结束检查时间正确，未达标的检查项操作为“查看详情”
3）关联标准详情与前面配置的内容一致
12. 1）为脏数据明细，显示不符合检查项的数据，标红展示
2）行数<=100
13. 每个字段里字符串长度、数据精度、空值数、取值范围、精度倍数的sql进行合并：
1）源表只扫描一次：FROM 后面的源表只出现 1 次；
​2）所有可合并规则写在同一个select里面：用多个 SUM (CASE WHEN) 把规则并行计算；
3）计算后再把结果拆成多行，每行代表单个规则进行输出，最终把结果插入同一张脏数据表
重复数sql不进行合并：
1）只有单个select计算语句，不参与SUM (CASE WHEN)并行计算逻辑
2）脏数据存储于另一张脏数据表
14. 检查项达标情况正确，详情正确，脏数据明细正确","1. 
2. 
3. 
4. 
5. 
6. 
7. 
8. 
9. 
10. 
11. 
12. 
13. 
14.","","3","功能测试","功能测试阶段","正常","0","2","14","通过","听筠","2026-06-03","","0000-00-00","1","",""
"186480","数据资产_STD(#23)","/版本迭代测试用例/v6.4.11/【岚图】【数据资产】落标检查任务性能优化，规则sql合并/不同的数据类型(#10608)","【岚图】【数据资产】数据质量任务、落标检查任务性能优化，规则sql合并(#15862)","有车型 验证「有车型」-「不绑定车型关联字段」-「byte/short/int/long数据类型」校验逻辑正确","1、已存在表order_info
CREATE TABLE IF NOT EXISTS tytest.order_info (
user_id INT COMMENT &#039;用户ID&#039;,
tall FLOAT COMMENT &#039;身高&#039;,
weight DOUBLE COMMENT &#039;体重&#039;,
amount DECIMAL(10,3) COMMENT &#039;金额&#039;,
car_model STRING COMMENT &#039;车型&#039;,
age BYTE COMMENT &#039;年龄&#039;,
score SHORT COMMENT &#039;评分&#039;,
total_orders LONG COMMENT &#039;总订单数&#039;,
is_vip BOOLEAN COMMENT &#039;是否VIP&#039;,
register_date DATE COMMENT &#039;注册日期&#039;,
last_login TIMESTAMP COMMENT &#039;最后登录时间&#039;
)
PARTITIONED BY (order_date STRING COMMENT &#039;订单日期，格式yyyy-MM-dd&#039;);
-- 插入2026-01-12分区数据
INSERT INTO tytest.order_info PARTITION (order_date=&#039;2026-01-12&#039;)
VALUES
(1000, 160, NULL, 265.2, &#039;小米su7&#039;, 25, 80, 10, TRUE, DATE &#039;2024-01-01&#039;, TIMESTAMP &#039;2026-01-12 10:30:00&#039;),
(102, 170, 66, 140.80, &#039;小米su7&#039;, 30, 85, 5, FALSE, DATE &#039;2024-03-15&#039;, TIMESTAMP &#039;2026-01-12 14:20:00&#039;),
(1100, 180.23, 459897, 187, &#039;保时捷718&#039;, 35, 90, 3, TRUE, DATE &#039;2024-06-20&#039;, TIMESTAMP &#039;2026-01-12 09:15:00&#039;);
-- 插入2026-01-13分区数据
INSERT INTO tytest.order_info PARTITION (order_date=&#039;2026-01-13&#039;)
VALUES
(1001, 160, NULL, 265, &#039;小米su7&#039;, 26, 82, 15, NULL, CAST(&#039;2024-01-15&#039; AS DATE), CAST(&#039;2026-01-13 11:00:00&#039; AS TIMESTAMP)),
(1001, 160, NULL, NULL, &#039;小米su7&#039;, 26, 82, 16, FALSE, CAST(NULL AS DATE), CAST(&#039;2026-01-13 15:30:00&#039; AS TIMESTAMP)),
(102, 170, 66, 15483.568, &#039;小米su7&#039;, 31, 87, 8, TRUE, CAST(&#039;2024-04-01&#039; AS DATE), CAST(NULL AS TIMESTAMP)),
(1001, 160, NULL, 265, &#039;小米su7&#039;, 26, 82, 17, FALSE, CAST(&#039;2024-01-15&#039; AS DATE), CAST(&#039;2026-01-13 18:20:00&#039; AS TIMESTAMP)),
(110030, 180.23, 459897, 80.55485, &#039;保时捷718&#039;, 36, 92, 5, NULL, CAST(&#039;2024-07-10&#039; AS DATE), CAST(NULL AS TIMESTAMP)),
(110030, 180.23, 459897, 80.55485, &#039;保时捷718&#039;, 36, 92, 6, FALSE, CAST(&#039;2024-07-10&#039; AS DATE), CAST(&#039;2026-01-13 14:05:00&#039; AS TIMESTAMP)),
(11003, 180.23, 459897, NULL, &#039;保时捷718&#039;, 36, 92, 7, FALSE, CAST(NULL AS DATE), CAST(&#039;2026-01-13 16:40:00&#039; AS TIMESTAMP)),
(1001, 160, NULL, 265, NULL, 26, 82, 17, FALSE, CAST(&#039;2024-01-15&#039; AS DATE), CAST(&#039;2026-01-13 18:20:00&#039; AS TIMESTAMP)),
(11003, 180.23, 459897, 80.55485, NULL, 36, 92, 5, NULL, CAST(&#039;2024-07-10&#039; AS DATE), CAST(NULL AS TIMESTAMP));

2、已存在标准目录：test","1. 进入「资产-数据标准-标准定义」页面
2. 新建标准配置如下：
「中文名称」：「用户ID」
「英文名称」：「user_id」
「英文缩写」：「uid」
「标准目录」：「test」
「车型」：「小米su7，保时捷718」
1）小米su7：
「数据类型」：「数值型」
「数据长度」：「<=4」
「数据精度」：「4/2」
「是否允许为空」：「不可空」
「是否允许重复」：「不可重复」
「默认值」：「1」
「取值范围」：「>=10且<=1200」
「初始值」：「2」
「无效值」：「0.1」
「精度倍数」：「2」
「偏移量」：「0.02」；
2）保时捷718：
「数据类型」：「数值型」
「数据长度」：「<=5」
「数据精度」：「5/2」
「是否允许为空」：「不可空」
「是否允许重复」：「不可重复」
「默认值」：「1」
「取值范围」：「>=100且<=1200」
「初始值」：「2」
「无效值」：「0.1」
「精度倍数」：「2」
「偏移量」：「0.02」；
点击【上线】
3. 点击「标准映射」页面，进行标准映射
4. 给该标准绑定字段：绑定user_id、age、score、total_orders字段
5. 点击「落标检查」页面，新增检查任务，检查内容配置如下：
「数据源」：「${DATASOURCE}」
「数据库」：「${DATABASE}」
「数据表」：「order_info」
「选择已有分区」：「dt=2026-01-12」
「标准目录」：「test」
不绑定「车型关联字段」；
点击【下一步】
6. 开启user_id、age、score、total_orders字段的检查，设置检查项为：全部；
点击【下一步】
7. 配置调度属性为按天运行，其余内容正确配置；点击【新增并立即执行】
8. 等待检查完成，查看【落标检查设置】tab列表
9. 点击【操作-查看结果详情】
10. 查看【落标检查结果】tab列表
11. 点击【操作-查看详情】
12. 点击列表里未达标检查项对应的的【操作-查看详情】
13. 根据文档步骤通过底层数据库查看该检查任务的sql
14. 等待该检查任务按周期运行完成，查看结果详情","1. 页面正常打开
2. 内容配置成功；
标准成功上线
3. 标准映射列表新增该标准
4. 字段绑定成功
5. 检查内容配置成功；
进入选择字段页面
6. 成功开启检查，检查项全部包含字符串长度、数据精度、精度倍数、空值数、重复数、取值范围；
进入调度配置页面
7. 保存成功，任务进入检查中状态
8. 显示对应的正确数据表名称、所属数据源、所属数据库、检查字段数/总字段数、检查周期、检查状态、标准达标率、不达标字段数/检查失败数、最近编辑时间、最近检查时间、操作。
9. 跳转至【落标检查结果】tab
10. 显示对应的正确数据源、数据库、数据表、字段、检查状态、是否达标、检查开始时间、检查结束时间、操作。
11. 检查结果详情包含以下信息：
1）检查信息：检查数据源、数据库、数据表、字段与配置的内容一致；
2）检查结果列表：各类检查项达标情况正确（数据精度只针对小数点前最大位进行校验），开始检查时间、结束检查时间正确，未达标的检查项操作为“查看详情”
3）关联标准详情与前面配置的内容一致
12. 1）为脏数据明细，显示不符合检查项的数据，标红展示
2）行数<=100
13. 每个字段里字符串长度、数据精度、空值数、取值范围、精度倍数的sql进行合并：
1）源表只扫描一次：FROM 后面的源表只出现 1 次；
​2）所有可合并规则写在同一个select里面：用多个 SUM (CASE WHEN) 把规则并行计算；
3）计算后再把结果拆成多行，每行代表单个规则进行输出，最终把结果插入同一张脏数据表
重复数sql不进行合并：
1）只有单个select计算语句，不参与SUM (CASE WHEN)并行计算逻辑
2）脏数据存储于另一张脏数据表
14. 检查项达标情况正确，详情正确，脏数据明细正确","1. 
2. 
3. 
4. 
5. 
6. 
7. 
8. 
9. 
10. 
11. 
12. 
13. 
14.","","3","功能测试","功能测试阶段","正常","0","2","14","通过","听筠","2026-06-03","","0000-00-00","1","",""
"186479","数据资产_STD(#23)","/版本迭代测试用例/v6.4.11/【岚图】【数据资产】落标检查任务性能优化，规则sql合并/不同的数据类型(#10608)","【岚图】【数据资产】数据质量任务、落标检查任务性能优化，规则sql合并(#15862)","有车型 验证「有车型」-「绑定车型关联字段」-「date/timestamp数据类型」校验逻辑正确","<p style=“font-size:14px;background-color:#FFFFFF;“>1、已存在表order_info</p>
<p style=“font-size:14px;background-color:#FFFFFF;“>CREATE TABLE IF NOT EXISTS tytest.order_info(<br /> user_id INT COMMENT&#039;用户ID&#039;,<br /> tall FLOAT COMMENT&#039;身高&#039;,<br /> weight DOUBLE COMMENT&#039;体重&#039;,<br /> amount DECIMAL(10,3) COMMENT&#039;金额&#039;,<br /> car_model STRING COMMENT&#039;车型&#039;,<br /> age BYTE COMMENT&#039;年龄&#039;,<br /> score SHORT COMMENT&#039;评分&#039;,<br /> total_orders LONG COMMENT&#039;总订单数&#039;,<br /> is_vip BOOLEAN COMMENT&#039;是否VIP&#039;,<br /> register_date DATE COMMENT&#039;注册日期&#039;,<br /> last_login TIMESTAMP COMMENT&#039;最后登录时间&#039;,<br /> user_name STRING COMMENT&#039;用户名（非数值字段）&#039;,<br /> order_amount_str STRING COMMENT&#039;订单金额字符串（数值字段）&#039;<br />)PARTITIONED BY(<br /> order_date STRING COMMENT&#039;订单日期，格式yyyy-MM-dd&#039;<br />);<br />-- 插入2026-01-12分区数据<br />INSERT INTO<br /> tytest.order_info PARTITION (order_date = &#039;2026-01-12&#039;)<br />VALUES<br /> (<br /> 1000,<br /> 160,<br /> NULL,<br /> 265.2,<br /> &#039;小米su7&#039;,<br /> 25,<br /> 80,<br /> 10,<br /> TRUE,<br /> DATE &#039;2024-01-01&#039;,<br /> TIMESTAMP &#039;2026-01-12 10:30:00&#039;,<br /> &#039;张三&#039;,<br /> &#039;265.20&#039;<br /> ),<br /> (<br /> 102,<br /> 170,<br /> 66,<br /> 140.80,<br /> &#039;小米su7&#039;,<br /> 30,<br /> 85,<br /> 5,<br /> FALSE,<br /> DATE &#039;2024-03-15&#039;,<br /> TIMESTAMP &#039;2026-01-12 14:20:00&#039;,<br /> &#039;李四&#039;,<br /> &#039;140.80&#039;<br /> ),<br /> (<br /> 1100,<br /> 180.23,<br /> 459897,<br /> 187,<br /> &#039;保时捷718&#039;,<br /> 35,<br /> 90,<br /> 3,<br /> TRUE,<br /> DATE &#039;2024-06-20&#039;,<br /> TIMESTAMP &#039;2026-01-12 09:15:00&#039;,<br /> &#039;王五&#039;,<br /> &#039;187.00&#039;<br /> );<br />-- 插入2026-01-13分区数据<br />INSERT INTO<br /> tytest.order_info PARTITION (order_date = &#039;2026-01-13&#039;)<br />VALUES<br /> (<br /> 1001,<br /> 160,<br /> NULL,<br /> 265,<br /> &#039;小米su7&#039;,<br /> 26,<br /> 82,<br /> 15,<br /> NULL,<br /> CAST(&#039;2024-01-15&#039; AS DATE),<br /> CAST(&#039;2026-01-13 11:00:00&#039; AS TIMESTAMP),<br /> &#039;赵六&#039;,<br /> &#039;265.00&#039;<br /> ),<br /> (<br /> 1001,<br /> 160,<br /> NULL,<br /> NULL,<br /> &#039;小米su7&#039;,<br /> 26,<br /> 82,<br /> 16,<br /> FALSE,<br /> CAST(NULL AS DATE),<br /> CAST(&#039;2026-01-13 15:30:00&#039; AS TIMESTAMP),<br /> &#039;孙七&#039;,<br /> NULL<br /> ),<br /> (<br /> 102,<br /> 170,<br /> 66,<br /> 15483.568,<br /> &#039;小米su7&#039;,<br /> 31,<br /> 87,<br /> 8,<br /> TRUE,<br /> CAST(&#039;2024-04-01&#039; AS DATE),<br /> CAST(NULL AS TIMESTAMP),<br /> &#039;周八&#039;,<br /> &#039;15483.568&#039;<br /> ),<br /> (<br /> 1001,<br /> 160,<br /> NULL,<br /> 265,<br /> &#039;小米su7&#039;,<br /> 26,<br /> 82,<br /> 17,<br /> FALSE,<br /> CAST(&#039;2024-01-15&#039; AS DATE),<br /> CAST(&#039;2026-01-13 18:20:00&#039; AS TIMESTAMP),<br /> &#039;吴九&#039;,<br /> &#039;265.00&#039;<br /> ),<br /> (<br /> 110030,<br /> 180.23,<br /> 459897,<br /> 80.55485,<br /> &#039;保时捷718&#039;,<br /> 36,<br /> 92,<br /> 5,<br /> NULL,<br /> CAST(&#039;2024-07-10&#039; AS DATE),<br /> CAST(NULL AS TIMESTAMP),<br /> &#039;郑十&#039;,<br /> &#039;80.55485&#039;<br /> ),<br /> (<br /> 110030,<br /> 180.23,<br /> 459897,<br /> 80.55485,<br /> &#039;保时捷718&#039;,<br /> 36,<br /> 92,<br /> 6,<br /> FALSE,<br /> CAST(&#039;2024-07-10&#039; AS DATE),<br /> CAST(&#039;2026-01-13 14:05:00&#039; AS TIMESTAMP),<br /> &#039;钱十一&#039;,<br /> &#039;80.55485&#039;<br /> ),<br /> (<br /> 11003,<br /> 180.23,<br /> 459897,<br /> NULL,<br /> &#039;保时捷718&#039;,<br /> 36,<br /> 92,<br /> 7,<br /> FALSE,<br /> CAST(NULL AS DATE),<br /> CAST(&#039;2026-01-13 16:40:00&#039; AS TIMESTAMP),<br /> &#039;孙十二&#039;,<br /> NULL<br /> ),<br /> (<br /> 1001,<br /> 160,<br /> NULL,<br /> 265,<br /> NULL,<br /> 26,<br /> 82,<br /> 17,<br /> FALSE,<br /> CAST(&#039;2024-01-15&#039; AS DATE),<br /> CAST(&#039;2026-01-13 18:20:00&#039; AS TIMESTAMP),<br /> &#039;李十三&#039;,<br /> &#039;265.00&#039;<br /> ),<br /> (<br /> 11003,<br /> 180.23,<br /> 459897,<br /> 80.55485,<br /> NULL,<br /> 36,<br /> 92,<br /> 5,<br /> NULL,<br /> CAST(&#039;2024-07-10&#039; AS DATE),<br /> CAST(NULL AS TIMESTAMP),<br /> &#039;王十四&#039;,<br /> &#039;80.55485&#039;<br /> );</p>
<p style=“font-size:14px;background-color:#FFFFFF;“>2、已存在标准目录：test</p>","1. 进入「资产-数据标准-标准定义」页面
2. 新建标准配置如下：
「中文名称」：「总额」
「英文名称」：「amount」
「英文缩写」：「at」
「标准目录」：「test」
「车型」：「小米su7，保时捷718」
1）小米su7：
「数据类型」：「数值型」
「数据长度」：「<=5」
「数据精度」：「3/2」
「是否允许为空」：「不可空」
「是否允许重复」：「不可重复」
「默认值」：「1」
「取值范围」：「>=10且<=280」
「初始值」：「2」
「无效值」：「0.1」
「精度倍数」：「2.2」
「偏移量」：「0.02」；
2）保时捷718：
「数据类型」：「数值型」
「数据长度」：「<=5」
「数据精度」：「3/2」
「是否允许为空」：「不可空」
「是否允许重复」：「不可重复」
「默认值」：「1」
「取值范围」：「>=180且<=999」
「初始值」：「2」
「无效值」：「0.1」
「精度倍数」：「2.2」
「偏移量」：「0.02」；
点击【上线】
3. 点击「标准映射」页面，进行标准映射
4. 给该标准绑定字段：绑定register_date、last_login字段
5. 点击「落标检查」页面，新增检查任务，检查内容配置如下：
「数据源」：「${DATASOURCE}」
「数据库」：「${DATABASE}」
「数据表」：「order_info」
不设置分区
「标准目录」：「test」
「车型关联字段」：「car_model」；
点击【下一步】
6. 开启register_date、last_login字段的检查，设置检查项为：全部；
点击【下一步】
7. 配置调度属性为按天运行，其余内容正确配置；点击【新增并立即执行】
8. 等待检查完成，查看【落标检查设置】tab列表
9. 点击【操作-查看结果详情】
10. 查看【落标检查结果】tab列表
11. 点击【操作-查看详情】
12. 点击列表里未达标检查项对应的的【操作-查看详情】
13. 根据文档步骤通过底层数据库查看该检查任务的sql
14. 等待该检查任务按周期运行完成，查看结果详情","1. 页面正常打开
2. 内容配置成功；
标准成功上线
3. 标准映射列表新增该标准
4. 字段绑定成功
5. 检查内容配置成功；
进入选择字段页面
6. 成功开启检查，检查项全部仅包含：空值数、重复数；
进入调度配置页面
7. 保存成功，任务进入检查中状态
8. 显示对应的正确数据表名称、所属数据源、所属数据库、检查字段数/总字段数、检查周期、检查状态、标准达标率、不达标字段数/检查失败数、最近编辑时间、最近检查时间、操作。
9. 跳转至【落标检查结果】tab
10. 显示对应的正确数据源、数据库、数据表、字段、检查状态、是否达标、检查开始时间、检查结束时间、操作。
11. 检查结果详情包含以下信息：
1）检查信息：检查数据源、数据库、数据表、字段与配置的内容一致；
2）检查结果列表：“空值数、重复数”检查项达标情况正确，开始检查时间、结束检查时间正确，未达标的检查项操作为“查看详情”
3）关联标准详情与前面配置的内容一致
12. 1）为脏数据明细，显示不符合检查项的数据，标红展示
2）行数<=100
13. 两个字段的空值数进行sql合并：
1）扫描一次源数据表
2）写在同一个select里面：用两个 SUM (CASE WHEN) 把规则并行计算；
3）结果插入同一张脏数据表
两个字段的重复数未进行sql合并：
1）两个字段的重复数单独分开去读取一遍源数据表；
​2）两个字段重复数的判断计算语句分开写，一条规则对应一个select语句，无SUM (CASE WHEN)并行计算逻辑
​3）两个字段的重复数脏数据分开存入不同的脏数据表
14. 检查项达标情况正确，详情正确，脏数据明细正确","1. 
2. 
3. 
4. 
5. 
6. 
7. 
8. 
9. 
10. 
11. 
12. 
13. 
14.","","1","功能测试","功能测试阶段","正常","0","4","14","通过","听筠","2026-06-03","听筠","2026-06-12","2","",""
"186478","数据资产_STD(#23)","/版本迭代测试用例/v6.4.11/【岚图】【数据资产】落标检查任务性能优化，规则sql合并/不同的数据类型(#10608)","【岚图】【数据资产】数据质量任务、落标检查任务性能优化，规则sql合并(#15862)","有车型 验证「有车型」-「绑定车型关联字段」-「boolean数据类型」校验逻辑正确","<p style=“font-size:14px;background-color:#FFFFFF;“>1、已存在表order_info</p>
<p style=“font-size:14px;background-color:#FFFFFF;“>CREATE TABLE IF NOT EXISTS tytest.order_info(<br /> user_id INT COMMENT&#039;用户ID&#039;,<br /> tall FLOAT COMMENT&#039;身高&#039;,<br /> weight DOUBLE COMMENT&#039;体重&#039;,<br /> amount DECIMAL(10,3) COMMENT&#039;金额&#039;,<br /> car_model STRING COMMENT&#039;车型&#039;,<br /> age BYTE COMMENT&#039;年龄&#039;,<br /> score SHORT COMMENT&#039;评分&#039;,<br /> total_orders LONG COMMENT&#039;总订单数&#039;,<br /> is_vip BOOLEAN COMMENT&#039;是否VIP&#039;,<br /> register_date DATE COMMENT&#039;注册日期&#039;,<br /> last_login TIMESTAMP COMMENT&#039;最后登录时间&#039;,<br /> user_name STRING COMMENT&#039;用户名（非数值字段）&#039;,<br /> order_amount_str STRING COMMENT&#039;订单金额字符串（数值字段）&#039;<br />)PARTITIONED BY(<br /> order_date STRING COMMENT&#039;订单日期，格式yyyy-MM-dd&#039;<br />);<br />-- 插入2026-01-12分区数据<br />INSERT INTO<br /> tytest.order_info PARTITION (order_date = &#039;2026-01-12&#039;)<br />VALUES<br /> (<br /> 1000,<br /> 160,<br /> NULL,<br /> 265.2,<br /> &#039;小米su7&#039;,<br /> 25,<br /> 80,<br /> 10,<br /> TRUE,<br /> DATE &#039;2024-01-01&#039;,<br /> TIMESTAMP &#039;2026-01-12 10:30:00&#039;,<br /> &#039;张三&#039;,<br /> &#039;265.20&#039;<br /> ),<br /> (<br /> 102,<br /> 170,<br /> 66,<br /> 140.80,<br /> &#039;小米su7&#039;,<br /> 30,<br /> 85,<br /> 5,<br /> FALSE,<br /> DATE &#039;2024-03-15&#039;,<br /> TIMESTAMP &#039;2026-01-12 14:20:00&#039;,<br /> &#039;李四&#039;,<br /> &#039;140.80&#039;<br /> ),<br /> (<br /> 1100,<br /> 180.23,<br /> 459897,<br /> 187,<br /> &#039;保时捷718&#039;,<br /> 35,<br /> 90,<br /> 3,<br /> TRUE,<br /> DATE &#039;2024-06-20&#039;,<br /> TIMESTAMP &#039;2026-01-12 09:15:00&#039;,<br /> &#039;王五&#039;,<br /> &#039;187.00&#039;<br /> );<br />-- 插入2026-01-13分区数据<br />INSERT INTO<br /> tytest.order_info PARTITION (order_date = &#039;2026-01-13&#039;)<br />VALUES<br /> (<br /> 1001,<br /> 160,<br /> NULL,<br /> 265,<br /> &#039;小米su7&#039;,<br /> 26,<br /> 82,<br /> 15,<br /> NULL,<br /> CAST(&#039;2024-01-15&#039; AS DATE),<br /> CAST(&#039;2026-01-13 11:00:00&#039; AS TIMESTAMP),<br /> &#039;赵六&#039;,<br /> &#039;265.00&#039;<br /> ),<br /> (<br /> 1001,<br /> 160,<br /> NULL,<br /> NULL,<br /> &#039;小米su7&#039;,<br /> 26,<br /> 82,<br /> 16,<br /> FALSE,<br /> CAST(NULL AS DATE),<br /> CAST(&#039;2026-01-13 15:30:00&#039; AS TIMESTAMP),<br /> &#039;孙七&#039;,<br /> NULL<br /> ),<br /> (<br /> 102,<br /> 170,<br /> 66,<br /> 15483.568,<br /> &#039;小米su7&#039;,<br /> 31,<br /> 87,<br /> 8,<br /> TRUE,<br /> CAST(&#039;2024-04-01&#039; AS DATE),<br /> CAST(NULL AS TIMESTAMP),<br /> &#039;周八&#039;,<br /> &#039;15483.568&#039;<br /> ),<br /> (<br /> 1001,<br /> 160,<br /> NULL,<br /> 265,<br /> &#039;小米su7&#039;,<br /> 26,<br /> 82,<br /> 17,<br /> FALSE,<br /> CAST(&#039;2024-01-15&#039; AS DATE),<br /> CAST(&#039;2026-01-13 18:20:00&#039; AS TIMESTAMP),<br /> &#039;吴九&#039;,<br /> &#039;265.00&#039;<br /> ),<br /> (<br /> 110030,<br /> 180.23,<br /> 459897,<br /> 80.55485,<br /> &#039;保时捷718&#039;,<br /> 36,<br /> 92,<br /> 5,<br /> NULL,<br /> CAST(&#039;2024-07-10&#039; AS DATE),<br /> CAST(NULL AS TIMESTAMP),<br /> &#039;郑十&#039;,<br /> &#039;80.55485&#039;<br /> ),<br /> (<br /> 110030,<br /> 180.23,<br /> 459897,<br /> 80.55485,<br /> &#039;保时捷718&#039;,<br /> 36,<br /> 92,<br /> 6,<br /> FALSE,<br /> CAST(&#039;2024-07-10&#039; AS DATE),<br /> CAST(&#039;2026-01-13 14:05:00&#039; AS TIMESTAMP),<br /> &#039;钱十一&#039;,<br /> &#039;80.55485&#039;<br /> ),<br /> (<br /> 11003,<br /> 180.23,<br /> 459897,<br /> NULL,<br /> &#039;保时捷718&#039;,<br /> 36,<br /> 92,<br /> 7,<br /> FALSE,<br /> CAST(NULL AS DATE),<br /> CAST(&#039;2026-01-13 16:40:00&#039; AS TIMESTAMP),<br /> &#039;孙十二&#039;,<br /> NULL<br /> ),<br /> (<br /> 1001,<br /> 160,<br /> NULL,<br /> 265,<br /> NULL,<br /> 26,<br /> 82,<br /> 17,<br /> FALSE,<br /> CAST(&#039;2024-01-15&#039; AS DATE),<br /> CAST(&#039;2026-01-13 18:20:00&#039; AS TIMESTAMP),<br /> &#039;李十三&#039;,<br /> &#039;265.00&#039;<br /> ),<br /> (<br /> 11003,<br /> 180.23,<br /> 459897,<br /> 80.55485,<br /> NULL,<br /> 36,<br /> 92,<br /> 5,<br /> NULL,<br /> CAST(&#039;2024-07-10&#039; AS DATE),<br /> CAST(NULL AS TIMESTAMP),<br /> &#039;王十四&#039;,<br /> &#039;80.55485&#039;<br /> );</p>
<p style=“font-size:14px;background-color:#FFFFFF;“>2、已存在标准目录：test</p>","1. 进入「资产-数据标准-标准定义」页面
2. 新建标准配置如下：
「中文名称」：「总额」
「英文名称」：「amount」
「英文缩写」：「at」
「标准目录」：「test」
「车型」：「小米su7，保时捷718」
1）小米su7：
「数据类型」：「数值型」
「数据长度」：「<=5」
「数据精度」：「3/2」
「是否允许为空」：「不可空」
「是否允许重复」：「不可重复」
「默认值」：「1」
「取值范围」：「>=10且<=280」
「初始值」：「2」
「无效值」：「0.1」
「精度倍数」：「2.2」
「偏移量」：「0.02」；
2）保时捷718：
「数据类型」：「数值型」
「数据长度」：「<=5」
「数据精度」：「3/2」
「是否允许为空」：「不可空」
「是否允许重复」：「不可重复」
「默认值」：「1」
「取值范围」：「>=180且<=999」
「初始值」：「2」
「无效值」：「0.1」
「精度倍数」：「2.2」
「偏移量」：「0.02」；
点击【上线】
3. 点击「标准映射」页面，进行标准映射
4. 给该标准绑定字段：绑定is_vip字段
5. 点击「落标检查」页面，新增检查任务，检查内容配置如下：
「数据源」：「${DATASOURCE}」
「数据库」：「${DATABASE}」
「数据表」：「order_info」
不设置分区
「标准目录」：「test」
「车型关联字段」：「car_model」；
点击【下一步】
6. 开启is_vip字段的检查，设置检查项为：全部；
点击【下一步】
7. 配置调度属性为按天运行，其余内容正确配置；点击【新增并立即执行】
8. 等待检查完成，查看【落标检查设置】tab列表
9. 点击【操作-查看结果详情】
10. 查看【落标检查结果】tab列表
11. 点击【操作-查看详情】
12. 点击列表里未达标检查项对应的的【操作-查看详情】
13. 根据文档步骤通过底层数据库查看该检查任务的sql
14. 等待该检查任务按周期运行完成，查看结果详情","1. 页面正常打开
2. 内容配置成功；
标准成功上线
3. 标准映射列表新增该标准
4. 字段绑定成功
5. 检查内容配置成功；
进入选择字段页面
6. 成功开启检查，检查项全部仅包含：空值数；
进入调度配置页面
7. 保存成功，任务进入检查中状态
8. 显示对应的正确数据表名称、所属数据源、所属数据库、检查字段数/总字段数、检查周期、检查状态、标准达标率、不达标字段数/检查失败数、最近编辑时间、最近检查时间、操作。
9. 跳转至【落标检查结果】tab
10. 显示对应的正确数据源、数据库、数据表、字段、检查状态、是否达标、检查开始时间、检查结束时间、操作。
11. 检查结果详情包含以下信息：
1）检查信息：检查数据源、数据库、数据表、字段与配置的内容一致；
2）检查结果列表：“空值数”检查项达标情况正确，开始检查时间、结束检查时间正确，未达标的检查项操作为“查看详情”
3）关联标准详情与前面配置的内容一致
12. 1）为脏数据明细，显示不符合检查项的数据，标红展示
2）行数<=100
13. 两个字段的空值数进行sql合并：
1）扫描一次源数据表
2）写在同一个select里面：用两个 SUM (CASE WHEN) 把规则并行计算；
3）结果插入同一张脏数据表
14. 检查项达标情况正确，详情正确，脏数据明细正确","1. 
2. 
3. 
4. 
5. 
6. 
7. 
8. 
9. 
10. 
11. 
12. 
13. 
14.","","1","功能测试","功能测试阶段","正常","0","4","14","通过","听筠","2026-06-03","听筠","2026-06-12","2","",""
"186477","数据资产_STD(#23)","/版本迭代测试用例/v6.4.11/【岚图】【数据资产】落标检查任务性能优化，规则sql合并/不同的数据类型(#10608)","【岚图】【数据资产】数据质量任务、落标检查任务性能优化，规则sql合并(#15862)","有车型 验证「有车型」-「绑定车型关联字段」-「string数据类型（数值）」校验逻辑正确","<p>1、已存在表order_info</p>
<p>CREATE TABLE IF NOT EXISTS tytest.order_info(<br /> user_id INT COMMENT&#039;用户ID&#039;,<br /> tall FLOAT COMMENT&#039;身高&#039;,<br /> weight DOUBLE COMMENT&#039;体重&#039;,<br /> amount DECIMAL(10,3) COMMENT&#039;金额&#039;,<br /> car_model STRING COMMENT&#039;车型&#039;,<br /> age BYTE COMMENT&#039;年龄&#039;,<br /> score SHORT COMMENT&#039;评分&#039;,<br /> total_orders LONG COMMENT&#039;总订单数&#039;,<br /> is_vip BOOLEAN COMMENT&#039;是否VIP&#039;,<br /> register_date DATE COMMENT&#039;注册日期&#039;,<br /> last_login TIMESTAMP COMMENT&#039;最后登录时间&#039;,<br /> user_name STRING COMMENT&#039;用户名（非数值字段）&#039;,<br /> order_amount_str STRING COMMENT&#039;订单金额字符串（数值字段）&#039;<br />)PARTITIONED BY(<br /> order_date STRING COMMENT&#039;订单日期，格式yyyy-MM-dd&#039;<br />);<br /><br />-- 插入2026-01-12分区数据<br />INSERT INTO<br /> tytest.order_info PARTITION (order_date = &#039;2026-01-12&#039;)<br />VALUES<br /> (<br /> 1000,<br /> 160,<br /> NULL,<br /> 265.2,<br /> &#039;小米su7&#039;,<br /> 25,<br /> 80,<br /> 10,<br /> TRUE,<br /> DATE &#039;2024-01-01&#039;,<br /> TIMESTAMP &#039;2026-01-12 10:30:00&#039;,<br /> &#039;张三&#039;,<br /> &#039;265.20&#039;<br /> ),<br /> (<br /> 102,<br /> 170,<br /> 66,<br /> 140.80,<br /> &#039;小米su7&#039;,<br /> 30,<br /> 85,<br /> 5,<br /> FALSE,<br /> DATE &#039;2024-03-15&#039;,<br /> TIMESTAMP &#039;2026-01-12 14:20:00&#039;,<br /> &#039;李四&#039;,<br /> &#039;140.80&#039;<br /> ),<br /> (<br /> 1100,<br /> 180.23,<br /> 459897,<br /> 187,<br /> &#039;保时捷718&#039;,<br /> 35,<br /> 90,<br /> 3,<br /> TRUE,<br /> DATE &#039;2024-06-20&#039;,<br /> TIMESTAMP &#039;2026-01-12 09:15:00&#039;,<br /> &#039;王五&#039;,<br /> &#039;187.00&#039;<br /> );<br /><br />-- 插入2026-01-13分区数据<br />INSERT INTO<br /> tytest.order_info PARTITION (order_date = &#039;2026-01-13&#039;)<br />VALUES<br /> (<br /> 1001,<br /> 160,<br /> NULL,<br /> 265,<br /> &#039;小米su7&#039;,<br /> 26,<br /> 82,<br /> 15,<br /> NULL,<br /> CAST(&#039;2024-01-15&#039; AS DATE),<br /> CAST(&#039;2026-01-13 11:00:00&#039; AS TIMESTAMP),<br /> &#039;赵六&#039;,<br /> &#039;265.00&#039;<br /> ),<br /> (<br /> 1001,<br /> 160,<br /> NULL,<br /> NULL,<br /> &#039;小米su7&#039;,<br /> 26,<br /> 82,<br /> 16,<br /> FALSE,<br /> CAST(NULL AS DATE),<br /> CAST(&#039;2026-01-13 15:30:00&#039; AS TIMESTAMP),<br /> &#039;孙七&#039;,<br /> NULL<br /> ),<br /> (<br /> 102,<br /> 170,<br /> 66,<br /> 15483.568,<br /> &#039;小米su7&#039;,<br /> 31,<br /> 87,<br /> 8,<br /> TRUE,<br /> CAST(&#039;2024-04-01&#039; AS DATE),<br /> CAST(NULL AS TIMESTAMP),<br /> &#039;周八&#039;,<br /> &#039;15483.568&#039;<br /> ),<br /> (<br /> 1001,<br /> 160,<br /> NULL,<br /> 265,<br /> &#039;小米su7&#039;,<br /> 26,<br /> 82,<br /> 17,<br /> FALSE,<br /> CAST(&#039;2024-01-15&#039; AS DATE),<br /> CAST(&#039;2026-01-13 18:20:00&#039; AS TIMESTAMP),<br /> &#039;吴九&#039;,<br /> &#039;265.00&#039;<br /> ),<br /> (<br /> 110030,<br /> 180.23,<br /> 459897,<br /> 80.55485,<br /> &#039;保时捷718&#039;,<br /> 36,<br /> 92,<br /> 5,<br /> NULL,<br /> CAST(&#039;2024-07-10&#039; AS DATE),<br /> CAST(NULL AS TIMESTAMP),<br /> &#039;郑十&#039;,<br /> &#039;80.55485&#039;<br /> ),<br /> (<br /> 110030,<br /> 180.23,<br /> 459897,<br /> 80.55485,<br /> &#039;保时捷718&#039;,<br /> 36,<br /> 92,<br /> 6,<br /> FALSE,<br /> CAST(&#039;2024-07-10&#039; AS DATE),<br /> CAST(&#039;2026-01-13 14:05:00&#039; AS TIMESTAMP),<br /> &#039;钱十一&#039;,<br /> &#039;80.55485&#039;<br /> ),<br /> (<br /> 11003,<br /> 180.23,<br /> 459897,<br /> NULL,<br /> &#039;保时捷718&#039;,<br /> 36,<br /> 92,<br /> 7,<br /> FALSE,<br /> CAST(NULL AS DATE),<br /> CAST(&#039;2026-01-13 16:40:00&#039; AS TIMESTAMP),<br /> &#039;孙十二&#039;,<br /> NULL<br /> ),<br /> (<br /> 1001,<br /> 160,<br /> NULL,<br /> 265,<br /> NULL,<br /> 26,<br /> 82,<br /> 17,<br /> FALSE,<br /> CAST(&#039;2024-01-15&#039; AS DATE),<br /> CAST(&#039;2026-01-13 18:20:00&#039; AS TIMESTAMP),<br /> &#039;李十三&#039;,<br /> &#039;265.00&#039;<br /> ),<br /> (<br /> 11003,<br /> 180.23,<br /> 459897,<br /> 80.55485,<br /> NULL,<br /> 36,<br /> 92,<br /> 5,<br /> NULL,<br /> CAST(&#039;2024-07-10&#039; AS DATE),<br /> CAST(NULL AS TIMESTAMP),<br /> &#039;王十四&#039;,<br /> &#039;80.55485&#039;<br /> );</p>
<p>2、已存在标准目录：test</p>","1. 进入「资产-数据标准-标准定义」页面
2. 新建标准配置如下：
「中文名称」：「总额」
「英文名称」：「amount」
「英文缩写」：「at」
「标准目录」：「test」
「车型」：「小米su7，保时捷718」
1）小米su7：
「数据类型」：「数值型」
「数据长度」：「<=5」
「数据精度」：「3/2」
「是否允许为空」：「不可空」
「是否允许重复」：「不可重复」
「默认值」：「1」
「取值范围」：「>=10且<=280」
「初始值」：「2」
「无效值」：「0.1」
「精度倍数」：「2.2」
「偏移量」：「0.02」；
2）保时捷718：
「数据类型」：「数值型」
「数据长度」：「<=5」
「数据精度」：「3/2」
「是否允许为空」：「不可空」
「是否允许重复」：「不可重复」
「默认值」：「1」
「取值范围」：「>=180且<=999」
「初始值」：「2」
「无效值」：「0.1」
「精度倍数」：「2.2」
「偏移量」：「0.02」；
点击【上线】
3. 点击「标准映射」页面，进行标准映射
4. 给该标准绑定字段：绑定order_amount_str字段
5. 点击「落标检查」页面，新增检查任务，检查内容配置如下：
「数据源」：「${DATASOURCE}」
「数据库」：「${DATABASE}」
「数据表」：「order_info」
不设置分区
「标准目录」：「test」
「车型关联字段」：「car_model」；
点击【下一步】
6. 开启order_amount_str字段的检查，设置检查项为：全部；
点击【下一步】
7. 配置调度属性为按天运行，其余内容正确配置；点击【新增并立即执行】
8. 等待检查完成，查看【落标检查设置】tab列表
9. 点击【操作-查看结果详情】
10. 查看【落标检查结果】tab列表
11. 点击【操作-查看详情】
12. 点击列表里未达标检查项对应的的【操作-查看详情】
13. 根据文档步骤通过底层数据库查看该检查任务的sql
14. 等待该检查任务按周期运行完成，查看结果详情","1. 页面正常打开
2. 内容配置成功；
标准成功上线
3. 标准映射列表新增该标准
4. 字段绑定成功
5. 检查内容配置成功；
进入选择字段页面
6. 成功开启检查，检查项全部包含字符串长度、数据精度、精度倍数、空值数、重复数、取值范围；
进入调度配置页面
7. 保存成功，任务进入检查中状态
8. 显示对应的正确数据表名称、所属数据源、所属数据库、检查字段数/总字段数、检查周期、检查状态、标准达标率、不达标字段数/检查失败数、最近编辑时间、最近检查时间、操作。
9. 跳转至【落标检查结果】tab
10. 显示对应的正确数据源、数据库、数据表、字段、检查状态、是否达标、检查开始时间、检查结束时间、操作。
11. 检查结果详情包含以下信息：
1）检查信息：检查数据源、数据库、数据表、字段与配置的内容一致；
2）检查结果列表：各类检查项达标情况正确（数据精度（整数格式的按小数点后位数进行校验）、精度倍数、取值范围正常校验，包含达标和未达标情况），开始检查时间、结束检查时间正确，未达标的检查项操作为“查看详情”
3）关联标准详情与前面配置的内容一致
12. 1）为脏数据明细，显示不符合检查项的数据，标红展示
2）行数<=100
13. 每个字段里字符串长度、数据精度、空值数、取值范围、精度倍数的sql进行合并：
1）源表只扫描一次：FROM 后面的源表只出现 1 次；
​2）所有可合并规则写在同一个select里面：用多个 SUM (CASE WHEN) 把规则并行计算；
3）计算后再把结果拆成多行，每行代表单个规则进行输出，最终把结果插入同一张脏数据表
重复数sql不进行合并：
1）只有单个select计算语句，不参与SUM (CASE WHEN)并行计算逻辑
2）脏数据存储于另一张脏数据表
14. 检查项达标情况正确，详情正确，脏数据明细正确","1. 
2. 
3. 
4. 
5. 
6. 
7. 
8. 
9. 
10. 
11. 
12. 
13. 
14.","","1","功能测试","功能测试阶段","正常","0","3","14","通过","听筠","2026-06-03","听筠","2026-06-12","3","",""
"186476","数据资产_STD(#23)","/版本迭代测试用例/v6.4.11/【岚图】【数据资产】落标检查任务性能优化，规则sql合并/不同的数据类型(#10608)","【岚图】【数据资产】数据质量任务、落标检查任务性能优化，规则sql合并(#15862)","有车型 验证「有车型」-「绑定车型关联字段」-「string数据类型（非数值）」校验逻辑正确","<p>1、已存在表order_info</p>
<p>CREATE TABLE IF NOT EXISTS tytest.order_info(<br /> user_id INT COMMENT&#039;用户ID&#039;,<br /> tall FLOAT COMMENT&#039;身高&#039;,<br /> weight DOUBLE COMMENT&#039;体重&#039;,<br /> amount DECIMAL(10,3) COMMENT&#039;金额&#039;,<br /> car_model STRING COMMENT&#039;车型&#039;,<br /> age BYTE COMMENT&#039;年龄&#039;,<br /> score SHORT COMMENT&#039;评分&#039;,<br /> total_orders LONG COMMENT&#039;总订单数&#039;,<br /> is_vip BOOLEAN COMMENT&#039;是否VIP&#039;,<br /> register_date DATE COMMENT&#039;注册日期&#039;,<br /> last_login TIMESTAMP COMMENT&#039;最后登录时间&#039;,<br /> user_name STRING COMMENT&#039;用户名（非数值字段）&#039;,<br /> order_amount_str STRING COMMENT&#039;订单金额字符串（数值字段）&#039;<br />)PARTITIONED BY(<br /> order_date STRING COMMENT&#039;订单日期，格式yyyy-MM-dd&#039;<br />);<br /><br />-- 插入2026-01-12分区数据<br />INSERT INTO<br /> tytest.order_info PARTITION (order_date = &#039;2026-01-12&#039;)<br />VALUES<br /> (<br /> 1000,<br /> 160,<br /> NULL,<br /> 265.2,<br /> &#039;小米su7&#039;,<br /> 25,<br /> 80,<br /> 10,<br /> TRUE,<br /> DATE &#039;2024-01-01&#039;,<br /> TIMESTAMP &#039;2026-01-12 10:30:00&#039;,<br /> &#039;张三&#039;,<br /> &#039;265.20&#039;<br /> ),<br /> (<br /> 102,<br /> 170,<br /> 66,<br /> 140.80,<br /> &#039;小米su7&#039;,<br /> 30,<br /> 85,<br /> 5,<br /> FALSE,<br /> DATE &#039;2024-03-15&#039;,<br /> TIMESTAMP &#039;2026-01-12 14:20:00&#039;,<br /> &#039;李四&#039;,<br /> &#039;140.80&#039;<br /> ),<br /> (<br /> 1100,<br /> 180.23,<br /> 459897,<br /> 187,<br /> &#039;保时捷718&#039;,<br /> 35,<br /> 90,<br /> 3,<br /> TRUE,<br /> DATE &#039;2024-06-20&#039;,<br /> TIMESTAMP &#039;2026-01-12 09:15:00&#039;,<br /> &#039;王五&#039;,<br /> &#039;187.00&#039;<br /> );<br /><br />-- 插入2026-01-13分区数据<br />INSERT INTO<br /> tytest.order_info PARTITION (order_date = &#039;2026-01-13&#039;)<br />VALUES<br /> (<br /> 1001,<br /> 160,<br /> NULL,<br /> 265,<br /> &#039;小米su7&#039;,<br /> 26,<br /> 82,<br /> 15,<br /> NULL,<br /> CAST(&#039;2024-01-15&#039; AS DATE),<br /> CAST(&#039;2026-01-13 11:00:00&#039; AS TIMESTAMP),<br /> &#039;赵六&#039;,<br /> &#039;265.00&#039;<br /> ),<br /> (<br /> 1001,<br /> 160,<br /> NULL,<br /> NULL,<br /> &#039;小米su7&#039;,<br /> 26,<br /> 82,<br /> 16,<br /> FALSE,<br /> CAST(NULL AS DATE),<br /> CAST(&#039;2026-01-13 15:30:00&#039; AS TIMESTAMP),<br /> &#039;孙七&#039;,<br /> NULL<br /> ),<br /> (<br /> 102,<br /> 170,<br /> 66,<br /> 15483.568,<br /> &#039;小米su7&#039;,<br /> 31,<br /> 87,<br /> 8,<br /> TRUE,<br /> CAST(&#039;2024-04-01&#039; AS DATE),<br /> CAST(NULL AS TIMESTAMP),<br /> &#039;周八&#039;,<br /> &#039;15483.568&#039;<br /> ),<br /> (<br /> 1001,<br /> 160,<br /> NULL,<br /> 265,<br /> &#039;小米su7&#039;,<br /> 26,<br /> 82,<br /> 17,<br /> FALSE,<br /> CAST(&#039;2024-01-15&#039; AS DATE),<br /> CAST(&#039;2026-01-13 18:20:00&#039; AS TIMESTAMP),<br /> &#039;吴九&#039;,<br /> &#039;265.00&#039;<br /> ),<br /> (<br /> 110030,<br /> 180.23,<br /> 459897,<br /> 80.55485,<br /> &#039;保时捷718&#039;,<br /> 36,<br /> 92,<br /> 5,<br /> NULL,<br /> CAST(&#039;2024-07-10&#039; AS DATE),<br /> CAST(NULL AS TIMESTAMP),<br /> &#039;郑十&#039;,<br /> &#039;80.55485&#039;<br /> ),<br /> (<br /> 110030,<br /> 180.23,<br /> 459897,<br /> 80.55485,<br /> &#039;保时捷718&#039;,<br /> 36,<br /> 92,<br /> 6,<br /> FALSE,<br /> CAST(&#039;2024-07-10&#039; AS DATE),<br /> CAST(&#039;2026-01-13 14:05:00&#039; AS TIMESTAMP),<br /> &#039;钱十一&#039;,<br /> &#039;80.55485&#039;<br /> ),<br /> (<br /> 11003,<br /> 180.23,<br /> 459897,<br /> NULL,<br /> &#039;保时捷718&#039;,<br /> 36,<br /> 92,<br /> 7,<br /> FALSE,<br /> CAST(NULL AS DATE),<br /> CAST(&#039;2026-01-13 16:40:00&#039; AS TIMESTAMP),<br /> &#039;孙十二&#039;,<br /> NULL<br /> ),<br /> (<br /> 1001,<br /> 160,<br /> NULL,<br /> 265,<br /> NULL,<br /> 26,<br /> 82,<br /> 17,<br /> FALSE,<br /> CAST(&#039;2024-01-15&#039; AS DATE),<br /> CAST(&#039;2026-01-13 18:20:00&#039; AS TIMESTAMP),<br /> &#039;李十三&#039;,<br /> &#039;265.00&#039;<br /> ),<br /> (<br /> 11003,<br /> 180.23,<br /> 459897,<br /> 80.55485,<br /> NULL,<br /> 36,<br /> 92,<br /> 5,<br /> NULL,<br /> CAST(&#039;2024-07-10&#039; AS DATE),<br /> CAST(NULL AS TIMESTAMP),<br /> &#039;王十四&#039;,<br /> &#039;80.55485&#039;<br /> );</p>
<p>2、已存在标准目录：test</p>","1. 进入「资产-数据标准-标准定义」页面
2. 新建标准配置如下：
「中文名称」：「总额」
「英文名称」：「amount」
「英文缩写」：「at」
「标准目录」：「test」
「车型」：「小米su7，保时捷718」
1）小米su7：
「数据类型」：「数值型」
「数据长度」：「<=5」
「数据精度」：「3/2」
「是否允许为空」：「不可空」
「是否允许重复」：「不可重复」
「默认值」：「1」
「取值范围」：「>=10且<=280」
「初始值」：「2」
「无效值」：「0.1」
「精度倍数」：「2.2」
「偏移量」：「0.02」；
2）保时捷718：
「数据类型」：「数值型」
「数据长度」：「<=5」
「数据精度」：「3/2」
「是否允许为空」：「不可空」
「是否允许重复」：「不可重复」
「默认值」：「1」
「取值范围」：「>=180且<=999」
「初始值」：「2」
「无效值」：「0.1」
「精度倍数」：「2.2」
「偏移量」：「0.02」；
点击【上线】
3. 点击「标准映射」页面，进行标准映射
4. 给该标准绑定字段：绑定user_name 字段
5. 点击「落标检查」页面，新增检查任务，检查内容配置如下：
「数据源」：「${DATASOURCE}」
「数据库」：「${DATABASE}」
「数据表」：「order_info」
不设置分区
「标准目录」：「test」
「车型关联字段」：「car_model」；
点击【下一步】
6. 开启user_name 字段的检查，设置检查项为：全部；
点击【下一步】
7. 配置调度属性为按天运行，其余内容正确配置；点击【新增并立即执行】
8. 等待检查完成，查看【落标检查设置】tab列表
9. 点击【操作-查看结果详情】
10. 查看【落标检查结果】tab列表
11. 点击【操作-查看详情】
12. 点击列表里未达标检查项对应的的【操作-查看详情】
13. 根据文档步骤通过底层数据库查看该检查任务的sql
14. 等待该检查任务按周期运行完成，查看结果详情","1. 页面正常打开
2. 内容配置成功；
标准成功上线
3. 标准映射列表新增该标准
4. 字段绑定成功
5. 检查内容配置成功；
进入选择字段页面
6. 成功开启检查，检查项全部包含字符串长度、数据精度、精度倍数、空值数、重复数、取值范围；
进入调度配置页面
7. 保存成功，任务进入检查中状态
8. 显示对应的正确数据表名称、所属数据源、所属数据库、检查字段数/总字段数、检查周期、检查状态、标准达标率、不达标字段数/检查失败数、最近编辑时间、最近检查时间、操作。
9. 跳转至【落标检查结果】tab
10. 显示对应的正确数据源、数据库、数据表、字段、检查状态、是否达标、检查开始时间、检查结束时间、操作。
11. 检查结果详情包含以下信息：
1）检查信息：检查数据源、数据库、数据表、字段与配置的内容一致；
2）检查结果列表：各类检查项达标情况正确（数据精度按小数点后位数进行检查，精度倍数、取值范围始终为达标），开始检查时间、结束检查时间正确，未达标的检查项操作为“查看详情”
3）关联标准详情与前面配置的内容一致
12. 1）为脏数据明细，显示不符合检查项的数据，标红展示
2）行数<=100
13. 每个字段里字符串长度、数据精度、空值数、取值范围、精度倍数的sql进行合并：
1）源表只扫描一次：FROM 后面的源表只出现 1 次；
​2）所有可合并规则写在同一个select里面：用多个 SUM (CASE WHEN) 把规则并行计算；
3）计算后再把结果拆成多行，每行代表单个规则进行输出，最终把结果插入同一张脏数据表
重复数sql不进行合并：
1）只有单个select计算语句，不参与SUM (CASE WHEN)并行计算逻辑
2）脏数据存储于另一张脏数据表
14. 检查项达标情况正确，详情正确，脏数据明细正确","1. 
2. 
3. 
4. 
5. 
6. 
7. 
8. 
9. 
10. 
11. 
12. 
13. 
14.","","1","功能测试","功能测试阶段","正常","0","3","14","通过","听筠","2026-06-03","听筠","2026-06-12","3","",""
"186475","数据资产_STD(#23)","/版本迭代测试用例/v6.4.11/【岚图】【数据资产】落标检查任务性能优化，规则sql合并/不同的数据类型(#10608)","【岚图】【数据资产】数据质量任务、落标检查任务性能优化，规则sql合并(#15862)","有车型 验证「有车型」-「绑定车型关联字段」-「float/double/decimal数据类型」校验逻辑正确","1、已存在表order_info
CREATE TABLE IF NOT EXISTS tytest.order_info (
user_id INT COMMENT &#039;用户ID&#039;,
tall FLOAT COMMENT &#039;身高&#039;,
weight DOUBLE COMMENT &#039;体重&#039;,
amount DECIMAL(10,3) COMMENT &#039;金额&#039;,
car_model STRING COMMENT &#039;车型&#039;,
age BYTE COMMENT &#039;年龄&#039;,
score SHORT COMMENT &#039;评分&#039;,
total_orders LONG COMMENT &#039;总订单数&#039;,
is_vip BOOLEAN COMMENT &#039;是否VIP&#039;,
register_date DATE COMMENT &#039;注册日期&#039;,
last_login TIMESTAMP COMMENT &#039;最后登录时间&#039;
)
PARTITIONED BY (order_date STRING COMMENT &#039;订单日期，格式yyyy-MM-dd&#039;);
-- 插入2026-01-12分区数据
INSERT INTO tytest.order_info PARTITION (order_date=&#039;2026-01-12&#039;)
VALUES
(1000, 160, NULL, 265.2, &#039;小米su7&#039;, 25, 80, 10, TRUE, DATE &#039;2024-01-01&#039;, TIMESTAMP &#039;2026-01-12 10:30:00&#039;),
(102, 170, 66, 140.80, &#039;小米su7&#039;, 30, 85, 5, FALSE, DATE &#039;2024-03-15&#039;, TIMESTAMP &#039;2026-01-12 14:20:00&#039;),
(1100, 180.23, 459897, 187, &#039;保时捷718&#039;, 35, 90, 3, TRUE, DATE &#039;2024-06-20&#039;, TIMESTAMP &#039;2026-01-12 09:15:00&#039;);
-- 插入2026-01-13分区数据
INSERT INTO tytest.order_info PARTITION (order_date=&#039;2026-01-13&#039;)
VALUES
(1001, 160, NULL, 265, &#039;小米su7&#039;, 26, 82, 15, NULL, CAST(&#039;2024-01-15&#039; AS DATE), CAST(&#039;2026-01-13 11:00:00&#039; AS TIMESTAMP)),
(1001, 160, NULL, NULL, &#039;小米su7&#039;, 26, 82, 16, FALSE, CAST(NULL AS DATE), CAST(&#039;2026-01-13 15:30:00&#039; AS TIMESTAMP)),
(102, 170, 66, 15483.568, &#039;小米su7&#039;, 31, 87, 8, TRUE, CAST(&#039;2024-04-01&#039; AS DATE), CAST(NULL AS TIMESTAMP)),
(1001, 160, NULL, 265, &#039;小米su7&#039;, 26, 82, 17, FALSE, CAST(&#039;2024-01-15&#039; AS DATE), CAST(&#039;2026-01-13 18:20:00&#039; AS TIMESTAMP)),
(110030, 180.23, 459897, 80.55485, &#039;保时捷718&#039;, 36, 92, 5, NULL, CAST(&#039;2024-07-10&#039; AS DATE), CAST(NULL AS TIMESTAMP)),
(110030, 180.23, 459897, 80.55485, &#039;保时捷718&#039;, 36, 92, 6, FALSE, CAST(&#039;2024-07-10&#039; AS DATE), CAST(&#039;2026-01-13 14:05:00&#039; AS TIMESTAMP)),
(11003, 180.23, 459897, NULL, &#039;保时捷718&#039;, 36, 92, 7, FALSE, CAST(NULL AS DATE), CAST(&#039;2026-01-13 16:40:00&#039; AS TIMESTAMP)),
(1001, 160, NULL, 265, NULL, 26, 82, 17, FALSE, CAST(&#039;2024-01-15&#039; AS DATE), CAST(&#039;2026-01-13 18:20:00&#039; AS TIMESTAMP)),
(11003, 180.23, 459897, 80.55485, NULL, 36, 92, 5, NULL, CAST(&#039;2024-07-10&#039; AS DATE), CAST(NULL AS TIMESTAMP));

2、已存在标准目录：test","1. 进入「资产-数据标准-标准定义」页面
2. 新建标准配置如下：
「中文名称」：「总额」
「英文名称」：「amount」
「英文缩写」：「at」
「标准目录」：「test」
「车型」：「小米su7，保时捷718」
1）小米su7：
「数据类型」：「数值型」
「数据长度」：「<=5」
「数据精度」：「3/2」
「是否允许为空」：「不可空」
「是否允许重复」：「不可重复」
「默认值」：「1」
「取值范围」：「>=10且<=280」
「初始值」：「2」
「无效值」：「0.1」
「精度倍数」：「2.2」
「偏移量」：「0.02」；
2）保时捷718：
「数据类型」：「数值型」
「数据长度」：「<=5」
「数据精度」：「3/2」
「是否允许为空」：「不可空」
「是否允许重复」：「不可重复」
「默认值」：「1」
「取值范围」：「>=180且<=999」
「初始值」：「2」
「无效值」：「0.1」
「精度倍数」：「2.2」
「偏移量」：「0.02」；
点击【上线】
3. 点击「标准映射」页面，进行标准映射
4. 给该标准绑定字段：绑定tall、weight、amount字段
5. 点击「落标检查」页面，新增检查任务，检查内容配置如下：
「数据源」：「${DATASOURCE}」
「数据库」：「${DATABASE}」
「数据表」：「order_info」
不设置分区
「标准目录」：「test」
「车型关联字段」：「car_model」；
点击【下一步】
6. 开启tall、weight、amount字段的检查，设置检查项为：全部；
点击【下一步】
7. 配置调度属性为按天运行，其余内容正确配置；点击【新增并立即执行】
8. 等待检查完成，查看【落标检查设置】tab列表
9. 点击【操作-查看结果详情】
10. 查看【落标检查结果】tab列表
11. 点击【操作-查看详情】
12. 点击列表里未达标检查项对应的的【操作-查看详情】
13. 根据文档步骤通过底层数据库查看该检查任务的sql
14. 等待该检查任务按周期运行完成，查看结果详情","1. 页面正常打开
2. 内容配置成功；
标准成功上线
3. 标准映射列表新增该标准
4. 字段绑定成功
5. 检查内容配置成功；
进入选择字段页面
6. 成功开启检查，检查项全部包含字符串长度、数据精度、精度倍数、空值数、重复数、取值范围；
进入调度配置页面
7. 保存成功，任务进入检查中状态
8. 显示对应的正确数据表名称、所属数据源、所属数据库、检查字段数/总字段数、检查周期、检查状态、标准达标率、不达标字段数/检查失败数、最近编辑时间、最近检查时间、操作。
9. 跳转至【落标检查结果】tab
10. 显示对应的正确数据源、数据库、数据表、字段、检查状态、是否达标、检查开始时间、检查结束时间、操作。
11. 检查结果详情包含以下信息：
1）检查信息：检查数据源、数据库、数据表、字段与配置的内容一致；
2）检查结果列表：各类检查项达标情况正确，开始检查时间、结束检查时间正确，未达标的检查项操作为“查看详情”
3）关联标准详情与前面配置的内容一致
12. 1）为脏数据明细，显示不符合检查项的数据，标红展示
2）行数<=100
13. 每个字段里字符串长度、数据精度、空值数、取值范围、精度倍数的sql进行合并：
1）源表只扫描一次：FROM 后面的源表只出现 1 次；
​2）所有可合并规则写在同一个select里面：用多个 SUM (CASE WHEN) 把规则并行计算；
3）计算后再把结果拆成多行，每行代表单个规则进行输出，最终把结果插入同一张脏数据表
重复数sql不进行合并：
1）只有单个select计算语句，不参与SUM (CASE WHEN)并行计算逻辑
2）脏数据存储于另一张脏数据表
14. 检查项达标情况正确，详情正确，脏数据明细正确","1. 
2. 
3. 
4. 
5. 
6. 
7. 
8. 
9. 
10. 
11. 
12. 
13. 
14.","","2","功能测试","功能测试阶段","正常","0","2","14","通过","听筠","2026-06-03","","0000-00-00","1","",""
"186474","数据资产_STD(#23)","/版本迭代测试用例/v6.4.11/【岚图】【数据资产】落标检查任务性能优化，规则sql合并/不同的数据类型(#10608)","【岚图】【数据资产】数据质量任务、落标检查任务性能优化，规则sql合并(#15862)","有车型 验证「有车型」-「绑定车型关联字段」-「byte/short/int/long数据类型」校验逻辑正确","1、已存在表order_info
CREATE TABLE IF NOT EXISTS tytest.order_info (
user_id INT COMMENT &#039;用户ID&#039;,
tall FLOAT COMMENT &#039;身高&#039;,
weight DOUBLE COMMENT &#039;体重&#039;,
amount DECIMAL(10,3) COMMENT &#039;金额&#039;,
car_model STRING COMMENT &#039;车型&#039;,
age BYTE COMMENT &#039;年龄&#039;,
score SHORT COMMENT &#039;评分&#039;,
total_orders LONG COMMENT &#039;总订单数&#039;,
is_vip BOOLEAN COMMENT &#039;是否VIP&#039;,
register_date DATE COMMENT &#039;注册日期&#039;,
last_login TIMESTAMP COMMENT &#039;最后登录时间&#039;
)
PARTITIONED BY (order_date STRING COMMENT &#039;订单日期，格式yyyy-MM-dd&#039;);
-- 插入2026-01-12分区数据
INSERT INTO tytest.order_info PARTITION (order_date=&#039;2026-01-12&#039;)
VALUES
(1000, 160, NULL, 265.2, &#039;小米su7&#039;, 25, 80, 10, TRUE, DATE &#039;2024-01-01&#039;, TIMESTAMP &#039;2026-01-12 10:30:00&#039;),
(102, 170, 66, 140.80, &#039;小米su7&#039;, 30, 85, 5, FALSE, DATE &#039;2024-03-15&#039;, TIMESTAMP &#039;2026-01-12 14:20:00&#039;),
(1100, 180.23, 459897, 187, &#039;保时捷718&#039;, 35, 90, 3, TRUE, DATE &#039;2024-06-20&#039;, TIMESTAMP &#039;2026-01-12 09:15:00&#039;);
-- 插入2026-01-13分区数据
INSERT INTO tytest.order_info PARTITION (order_date=&#039;2026-01-13&#039;)
VALUES
(1001, 160, NULL, 265, &#039;小米su7&#039;, 26, 82, 15, NULL, CAST(&#039;2024-01-15&#039; AS DATE), CAST(&#039;2026-01-13 11:00:00&#039; AS TIMESTAMP)),
(1001, 160, NULL, NULL, &#039;小米su7&#039;, 26, 82, 16, FALSE, CAST(NULL AS DATE), CAST(&#039;2026-01-13 15:30:00&#039; AS TIMESTAMP)),
(102, 170, 66, 15483.568, &#039;小米su7&#039;, 31, 87, 8, TRUE, CAST(&#039;2024-04-01&#039; AS DATE), CAST(NULL AS TIMESTAMP)),
(1001, 160, NULL, 265, &#039;小米su7&#039;, 26, 82, 17, FALSE, CAST(&#039;2024-01-15&#039; AS DATE), CAST(&#039;2026-01-13 18:20:00&#039; AS TIMESTAMP)),
(110030, 180.23, 459897, 80.55485, &#039;保时捷718&#039;, 36, 92, 5, NULL, CAST(&#039;2024-07-10&#039; AS DATE), CAST(NULL AS TIMESTAMP)),
(110030, 180.23, 459897, 80.55485, &#039;保时捷718&#039;, 36, 92, 6, FALSE, CAST(&#039;2024-07-10&#039; AS DATE), CAST(&#039;2026-01-13 14:05:00&#039; AS TIMESTAMP)),
(11003, 180.23, 459897, NULL, &#039;保时捷718&#039;, 36, 92, 7, FALSE, CAST(NULL AS DATE), CAST(&#039;2026-01-13 16:40:00&#039; AS TIMESTAMP)),
(1001, 160, NULL, 265, NULL, 26, 82, 17, FALSE, CAST(&#039;2024-01-15&#039; AS DATE), CAST(&#039;2026-01-13 18:20:00&#039; AS TIMESTAMP)),
(11003, 180.23, 459897, 80.55485, NULL, 36, 92, 5, NULL, CAST(&#039;2024-07-10&#039; AS DATE), CAST(NULL AS TIMESTAMP));

2、已存在标准目录：test","1. 进入「资产-数据标准-标准定义」页面
2. 新建标准配置如下：
「中文名称」：「用户ID」
「英文名称」：「user_id」
「英文缩写」：「uid」
「标准目录」：「test」
「车型」：「小米su7，保时捷718」
1）小米su7：
「数据类型」：「数值型」
「数据长度」：「<=4」
「数据精度」：「4/2」
「是否允许为空」：「不可空」
「是否允许重复」：「不可重复」
「默认值」：「1」
「取值范围」：「>=10且<=1200」
「初始值」：「2」
「无效值」：「0.1」
「精度倍数」：「2」
「偏移量」：「0.02」；
2）保时捷718：
「数据类型」：「数值型」
「数据长度」：「<=5」
「数据精度」：「5/2」
「是否允许为空」：「不可空」
「是否允许重复」：「不可重复」
「默认值」：「1」
「取值范围」：「>=100且<=1200」
「初始值」：「2」
「无效值」：「0.1」
「精度倍数」：「2」
「偏移量」：「0.02」；
点击【上线】
3. 点击「标准映射」页面，进行标准映射
4. 给该标准绑定字段：绑定user_id、age、score、total_orders字段
5. 点击「落标检查」页面，新增检查任务，检查内容配置如下：
「数据源」：「${DATASOURCE}」
「数据库」：「${DATABASE}」
「数据表」：「order_info」
「选择已有分区」：「dt=2026-01-12」
「标准目录」：「test」
「车型关联字段」：「car_model」；
点击【下一步】
6. 开启user_id、age、score、total_orders字段的检查，设置检查项为：全部；
点击【下一步】
7. 配置调度属性为按天运行，其余内容正确配置；点击【新增并立即执行】
8. 等待检查完成，查看【落标检查设置】tab列表
9. 点击【操作-查看结果详情】
10. 查看【落标检查结果】tab列表
11. 点击【操作-查看详情】
12. 点击列表里未达标检查项对应的的【操作-查看详情】
13. 根据文档步骤通过底层数据库查看该检查任务的sql
14. 等待该检查任务按周期运行完成，查看结果详情","1. 页面正常打开
2. 内容配置成功；
标准成功上线
3. 标准映射列表新增该标准
4. 字段绑定成功
5. 检查内容配置成功；
进入选择字段页面
6. 成功开启检查，检查项全部包含字符串长度、数据精度、精度倍数、空值数、重复数、取值范围；
进入调度配置页面
7. 保存成功，任务进入检查中状态
8. 显示对应的正确数据表名称、所属数据源、所属数据库、检查字段数/总字段数、检查周期、检查状态、标准达标率、不达标字段数/检查失败数、最近编辑时间、最近检查时间、操作。
9. 跳转至【落标检查结果】tab
10. 显示对应的正确数据源、数据库、数据表、字段、检查状态、是否达标、检查开始时间、检查结束时间、操作。
11. 检查结果详情包含以下信息：
1）检查信息：检查数据源、数据库、数据表、字段与配置的内容一致；
2）检查结果列表：各类检查项达标情况正确（数据精度只针对小数点前最大位进行校验），开始检查时间、结束检查时间正确，未达标的检查项操作为“查看详情”
3）关联标准详情与前面配置的内容一致
12. 1）为脏数据明细，显示不符合检查项的数据，标红展示
2）行数<=100
13. 每个字段里字符串长度、数据精度、空值数、取值范围、精度倍数的sql进行合并：
1）源表只扫描一次：FROM 后面的源表只出现 1 次；
​2）所有可合并规则写在同一个select里面：用多个 SUM (CASE WHEN) 把规则并行计算；
3）计算后再把结果拆成多行，每行代表单个规则进行输出，最终把结果插入同一张脏数据表
重复数sql不进行合并：
1）只有单个select计算语句，不参与SUM (CASE WHEN)并行计算逻辑
2）脏数据存储于另一张脏数据表
14. 检查项达标情况正确，详情正确，脏数据明细正确","1. 
2. 
3. 
4. 
5. 
6. 
7. 
8. 
9. 
10. 
11. 
12. 
13. 
14.","","2","功能测试","功能测试阶段","正常","0","2","14","通过","听筠","2026-06-03","","0000-00-00","1","",""
"186473","数据资产_STD(#23)","/版本迭代测试用例/v6.4.11/【岚图】【数据资产】落标检查任务性能优化，规则sql合并/不同的数据类型(#10608)","【岚图】【数据资产】数据质量任务、落标检查任务性能优化，规则sql合并(#15862)","无车型 验证「无车型」-「date/timestamp数据类型」校验逻辑正确","1、已存在表test_info_1
CREATE TABLE tytest.test_info_1 (
id INT COMMENT &#039;用户ID&#039;,
string_num STRING COMMENT &#039;string类型的编号&#039;,
name STRING COMMENT &#039;姓名&#039;,
money DOUBLE COMMENT &#039;金额&#039;,
byte_field BYTE COMMENT &#039;byte类型字段&#039;,
short_field SHORT COMMENT &#039;short类型字段&#039;,
long_field LONG COMMENT &#039;long类型字段&#039;,
float_field FLOAT COMMENT &#039;float类型字段&#039;,
decimal_field DECIMAL(10,2) COMMENT &#039;decimal类型字段&#039;,
boolean_field BOOLEAN COMMENT &#039;boolean类型字段&#039;,
date_field DATE COMMENT &#039;date类型字段&#039;,
timestamp_field TIMESTAMP COMMENT &#039;timestamp类型字段&#039;
)
COMMENT &#039;测试信息表&#039;
PARTITIONED BY (
dt STRING COMMENT &#039;分区日期，格式：yyyy-MM-dd&#039;
)
STORED AS ORC;
-- dt = &#039;2026-05-27&#039;
INSERT INTO tytest.test_info_1 PARTITION (dt=&#039;2026-05-27&#039;)
VALUES
(2, &#039;A001&#039;, &#039;王小明&#039;, 4.00, 20, 1, 10, 65.5, 99.99, TRUE, DATE &#039;2025-01-01&#039;, TIMESTAMP &#039;2026-05-27 08:30:00&#039;),
(4, &#039;B002&#039;, &#039;陈小红&#039;, 6.00, 25, 200, 200, 70.2, 199.99, FALSE, DATE &#039;2025-02-15&#039;, TIMESTAMP &#039;2026-05-27 10:15:00&#039;),
(6, &#039;C003&#039;, &#039;张大力&#039;, 10.00, 30, 300, 300, 75.8, 299.99, TRUE, DATE &#039;2025-03-20&#039;, TIMESTAMP &#039;2026-05-27 14:45:00&#039;),
(8, &#039;D004&#039;, &#039;李芳芳&#039;, 14.00, 22, 150, 150, 68.3, 399.99, FALSE, DATE &#039;2025-04-10&#039;, TIMESTAMP &#039;2026-05-27 09:20:00&#039;),
(10, &#039;E005&#039;, &#039;刘建国&#039;, 18.00, 28, 250, 250, 72.6, 499.99, TRUE, DATE &#039;2025-05-05&#039;, TIMESTAMP &#039;2026-05-27 16:00:00&#039;),
(12, &#039;F006&#039;, &#039;赵丽丽&#039;, 20.00, 35, 350, 350, 80.1, 599.99, FALSE, DATE &#039;2025-06-25&#039;, TIMESTAMP &#039;2026-05-27 11:30:00&#039;);
-- dt = &#039;2026-05-28&#039;
INSERT INTO tytest.test_info_1 PARTITION (dt=&#039;2026-05-28&#039;)
VALUES
(101, &#039;XYZ001&#039;, &#039;欧阳静&#039;, 24.00, 100, 32767, NULL, 85.5, 888.88, FALSE, CAST(NULL AS DATE), CAST(&#039;2026-05-28 09:00:00&#039; AS TIMESTAMP)),
(102, &#039;XYZ002&#039;, &#039;慕容白&#039;, NULL, -50, -200, -5000, -10.5, -94879459.99, NULL, CAST(&#039;2024-11-15&#039; AS DATE), CAST(NULL AS TIMESTAMP)),
(NULL, &#039;XYZ003&#039;, &#039;令狐冲&#039;, 123.45, 107, 32767, 9223372036854775807, 99.9984545, 1234.56, FALSE, CAST(&#039;2024-10-20&#039; AS DATE), CAST(&#039;2026-05-28 15:45:00&#039; AS TIMESTAMP)),
(102, &#039;XYZ001&#039;, &#039;欧阳静&#039;, 25.001548952140236541, NULL, NULL, 0, NULL, 1234.56, TRUE, CAST(&#039;2024-11-15&#039; AS DATE), CAST(&#039;2026-05-28 11:20:00&#039; AS TIMESTAMP)),
(105, NULL, NULL, 18.50, 100, 999, 0, 88.8, NULL, FALSE, CAST(&#039;2024-08-05&#039; AS DATE), CAST(&#039;2026-05-28 14:10:00&#039; AS TIMESTAMP)),
(106, &#039;XYZ003&#039;, NULL, 123.45, 107, 999, 90, 88.8, 888.88, TRUE, CAST(&#039;2024-07-25&#039; AS DATE), CAST(&#039;2026-05-28 09:00:00&#039; AS TIMESTAMP));
2、已存在标准目录：test","1. 进入「资产-数据标准-标准定义」页面
2. 新建标准配置如下：
「中文名称」：「姓名」
「英文名称」：「name」
「英文缩写」：「ne」
「标准目录」：「test」
无车型
「数据类型」：「字符型」
「数据长度」：「<=3」
「数据精度」：「2/2」
「是否允许为空」：「不可空」
「是否允许重复」：「不可重复」
「默认值」：「1」
「取值范围」：「>1且<=50」
「初始值」：「2」
「无效值」：「0.1」
「精度倍数」：「2」
「偏移量」：「0.02」；
点击【上线】
3. 点击「标准映射」页面，进行标准映射
4. 给该标准绑定字段：绑定date_field、timestamp_field字段
5. 点击「落标检查」页面，新增检查任务，检查内容配置如下：
「数据源」：「${DATASOURCE}」
「数据库」：「${DATABASE}」
「数据表」：「test_info_1」
不设置分区
「标准目录」：「test」
不配置「车型关联字段」；
点击【下一步】
6. 开启date_field、timestamp_field字段的检查，设置检查项为：全部；
点击【下一步】
7. 配置调度属性为按天运行，其余内容正确配置；点击【新增并立即执行】
8. 等待检查完成，查看【落标检查设置】tab列表
9. 点击【操作-查看结果详情】
10. 查看【落标检查结果】tab列表
11. 点击【操作-查看详情】
12. 点击列表里未达标检查项对应的的【操作-查看详情】
13. 根据文档步骤通过底层数据库查看该检查任务的sql
14. 等待该检查任务按周期运行完成，查看结果详情","1. 页面正常打开
2. 内容配置成功；
标准成功上线
3. 标准映射列表新增该标准
4. 字段绑定成功
5. 检查内容配置成功；
进入选择字段页面
6. 成功开启检查，检查项全部仅包含：空值数、重复数；
进入调度配置页面
7. 保存成功，任务进入检查中状态
8. 显示对应的正确数据表名称、所属数据源、所属数据库、检查字段数/总字段数、检查周期、检查状态、标准达标率、不达标字段数/检查失败数、最近编辑时间、最近检查时间、操作。
9. 跳转至【落标检查结果】tab
10. 显示对应的正确数据源、数据库、数据表、字段、检查状态、是否达标、检查开始时间、检查结束时间、操作。
11. 检查结果详情包含以下信息：
1）检查信息：检查数据源、数据库、数据表、字段与配置的内容一致；
2）检查结果列表：“空值数、重复数”检查项达标情况正确，开始检查时间、结束检查时间正确，未达标的检查项操作为“查看详情”
3）关联标准详情与前面配置的内容一致
12. 1）为脏数据明细，显示不符合检查项的数据，标红展示
2）行数<=100
13. 两个字段的空值数进行sql合并：
1）扫描一次源数据表
2）写在同一个select里面：用两个 SUM (CASE WHEN) 把规则并行计算；
3）结果插入同一张脏数据表
两个字段的重复数未进行sql合并：
1）两个字段的重复数单独分开去读取一遍源数据表；
​2）两个字段重复数的判断计算语句分开写，一条规则对应一个select语句，无SUM (CASE WHEN)并行计算逻辑
​3）两个字段的重复数脏数据分开存入不同的脏数据表
14. 检查项达标情况正确，详情正确，脏数据明细正确","1. 
2. 
3. 
4. 
5. 
6. 
7. 
8. 
9. 
10. 
11. 
12. 
13. 
14.","","1","功能测试","功能测试阶段","正常","0","4","14","通过","听筠","2026-06-03","听筠","2026-06-12","2","",""
"186472","数据资产_STD(#23)","/版本迭代测试用例/v6.4.11/【岚图】【数据资产】落标检查任务性能优化，规则sql合并/不同的数据类型(#10608)","【岚图】【数据资产】数据质量任务、落标检查任务性能优化，规则sql合并(#15862)","无车型 验证「无车型」-「boolean数据类型」校验逻辑正确","1、已存在表test_info_1
CREATE TABLE tytest.test_info_1 (
id INT COMMENT &#039;用户ID&#039;,
string_num STRING COMMENT &#039;string类型的编号&#039;,
name STRING COMMENT &#039;姓名&#039;,
money DOUBLE COMMENT &#039;金额&#039;,
byte_field BYTE COMMENT &#039;byte类型字段&#039;,
short_field SHORT COMMENT &#039;short类型字段&#039;,
long_field LONG COMMENT &#039;long类型字段&#039;,
float_field FLOAT COMMENT &#039;float类型字段&#039;,
decimal_field DECIMAL(10,2) COMMENT &#039;decimal类型字段&#039;,
boolean_field BOOLEAN COMMENT &#039;boolean类型字段&#039;,
date_field DATE COMMENT &#039;date类型字段&#039;,
timestamp_field TIMESTAMP COMMENT &#039;timestamp类型字段&#039;
)
COMMENT &#039;测试信息表&#039;
PARTITIONED BY (
dt STRING COMMENT &#039;分区日期，格式：yyyy-MM-dd&#039;
)
STORED AS ORC;
-- dt = &#039;2026-05-27&#039;
INSERT INTO tytest.test_info_1 PARTITION (dt=&#039;2026-05-27&#039;)
VALUES
(2, &#039;A001&#039;, &#039;王小明&#039;, 4.00, 20, 1, 10, 65.5, 99.99, TRUE, DATE &#039;2025-01-01&#039;, TIMESTAMP &#039;2026-05-27 08:30:00&#039;),
(4, &#039;B002&#039;, &#039;陈小红&#039;, 6.00, 25, 200, 200, 70.2, 199.99, FALSE, DATE &#039;2025-02-15&#039;, TIMESTAMP &#039;2026-05-27 10:15:00&#039;),
(6, &#039;C003&#039;, &#039;张大力&#039;, 10.00, 30, 300, 300, 75.8, 299.99, TRUE, DATE &#039;2025-03-20&#039;, TIMESTAMP &#039;2026-05-27 14:45:00&#039;),
(8, &#039;D004&#039;, &#039;李芳芳&#039;, 14.00, 22, 150, 150, 68.3, 399.99, FALSE, DATE &#039;2025-04-10&#039;, TIMESTAMP &#039;2026-05-27 09:20:00&#039;),
(10, &#039;E005&#039;, &#039;刘建国&#039;, 18.00, 28, 250, 250, 72.6, 499.99, TRUE, DATE &#039;2025-05-05&#039;, TIMESTAMP &#039;2026-05-27 16:00:00&#039;),
(12, &#039;F006&#039;, &#039;赵丽丽&#039;, 20.00, 35, 350, 350, 80.1, 599.99, FALSE, DATE &#039;2025-06-25&#039;, TIMESTAMP &#039;2026-05-27 11:30:00&#039;);
-- dt = &#039;2026-05-28&#039;
INSERT INTO tytest.test_info_1 PARTITION (dt=&#039;2026-05-28&#039;)
VALUES
(101, &#039;XYZ001&#039;, &#039;欧阳静&#039;, 24.00, 100, 32767, NULL, 85.5, 888.88, FALSE, CAST(NULL AS DATE), CAST(&#039;2026-05-28 09:00:00&#039; AS TIMESTAMP)),
(102, &#039;XYZ002&#039;, &#039;慕容白&#039;, NULL, -50, -200, -5000, -10.5, -94879459.99, NULL, CAST(&#039;2024-11-15&#039; AS DATE), CAST(NULL AS TIMESTAMP)),
(NULL, &#039;XYZ003&#039;, &#039;令狐冲&#039;, 123.45, 107, 32767, 9223372036854775807, 99.9984545, 1234.56, FALSE, CAST(&#039;2024-10-20&#039; AS DATE), CAST(&#039;2026-05-28 15:45:00&#039; AS TIMESTAMP)),
(102, &#039;XYZ001&#039;, &#039;欧阳静&#039;, 25.001548952140236541, NULL, NULL, 0, NULL, 1234.56, TRUE, CAST(&#039;2024-11-15&#039; AS DATE), CAST(&#039;2026-05-28 11:20:00&#039; AS TIMESTAMP)),
(105, NULL, NULL, 18.50, 100, 999, 0, 88.8, NULL, FALSE, CAST(&#039;2024-08-05&#039; AS DATE), CAST(&#039;2026-05-28 14:10:00&#039; AS TIMESTAMP)),
(106, &#039;XYZ003&#039;, NULL, 123.45, 107, 999, 90, 88.8, 888.88, TRUE, CAST(&#039;2024-07-25&#039; AS DATE), CAST(&#039;2026-05-28 09:00:00&#039; AS TIMESTAMP));
2、已存在标准目录：test","1. 进入「资产-数据标准-标准定义」页面
2. 新建标准配置如下：
「中文名称」：「姓名」
「英文名称」：「name」
「英文缩写」：「ne」
「标准目录」：「test」
无车型
「数据类型」：「字符型」
「数据长度」：「<=3」
「数据精度」：「2/2」
「是否允许为空」：「不可空」
「是否允许重复」：「不可重复」
「默认值」：「1」
「取值范围」：「>1且<=50」
「初始值」：「2」
「无效值」：「0.1」
「精度倍数」：「2」
「偏移量」：「0.02」；
点击【上线】
3. 点击「标准映射」页面，进行标准映射
4. 给该标准绑定字段：绑定boolean_field字段
5. 点击「落标检查」页面，新增检查任务，检查内容配置如下：
「数据源」：「${DATASOURCE}」
「数据库」：「${DATABASE}」
「数据表」：「test_info_1」
不设置分区
「标准目录」：「test」
不配置「车型关联字段」；
点击【下一步】
6. 开启boolean_field字段的检查，设置检查项为：全部；
点击【下一步】
7. 配置调度属性为按天运行，其余内容正确配置；点击【新增并立即执行】
8. 等待检查完成，查看【落标检查设置】tab列表
9. 点击【操作-查看结果详情】
10. 查看【落标检查结果】tab列表
11. 点击【操作-查看详情】
12. 点击列表里未达标检查项对应的的【操作-查看详情】
13. 根据文档步骤通过底层数据库查看该检查任务的sql
14. 等待该检查任务按周期运行完成，查看结果详情","1. 页面正常打开
2. 内容配置成功；
标准成功上线
3. 标准映射列表新增该标准
4. 字段绑定成功
5. 检查内容配置成功；
进入选择字段页面
6. 成功开启检查，检查项全部仅包含：空值数；
进入调度配置页面
7. 保存成功，任务进入检查中状态
8. 显示对应的正确数据表名称、所属数据源、所属数据库、检查字段数/总字段数、检查周期、检查状态、标准达标率、不达标字段数/检查失败数、最近编辑时间、最近检查时间、操作。
9. 跳转至【落标检查结果】tab
10. 显示对应的正确数据源、数据库、数据表、字段、检查状态、是否达标、检查开始时间、检查结束时间、操作。
11. 检查结果详情包含以下信息：
1）检查信息：检查数据源、数据库、数据表、字段与配置的内容一致；
2）检查结果列表：“空值数”检查项达标情况正确，开始检查时间、结束检查时间正确，未达标的检查项操作为“查看详情”
3）关联标准详情与前面配置的内容一致
12. 1）为脏数据明细，显示不符合检查项的数据，标红展示
2）行数<=100
13. 两个字段的空值数进行sql合并：
1）扫描一次源数据表
2）写在同一个select里面：用两个 SUM (CASE WHEN) 把规则并行计算；
3）结果插入同一张脏数据表
14. 检查项达标情况正确，详情正确，脏数据明细正确","1. 
2. 
3. 
4. 
5. 
6. 
7. 
8. 
9. 
10. 
11. 
12. 
13. 
14.","","1","功能测试","功能测试阶段","正常","0","4","14","通过","听筠","2026-06-03","听筠","2026-06-12","2","",""
"186471","数据资产_STD(#23)","/版本迭代测试用例/v6.4.11/【岚图】【数据资产】落标检查任务性能优化，规则sql合并/不同的数据类型(#10608)","【岚图】【数据资产】数据质量任务、落标检查任务性能优化，规则sql合并(#15862)","无车型 验证「无车型」-「string数据类型（数值）」校验逻辑正确","<p>1、已存在表test_info_1&nbsp;</p>
<p>CREATE TABLE tytest.test_info_1 (<br />&nbsp; &nbsp; id INT COMMENT &#039;用户ID&#039;,<br />&nbsp; &nbsp; string_num STRING COMMENT &#039;string类型的编号&#039;,<br />&nbsp; &nbsp; name STRING COMMENT &#039;姓名&#039;,<br />&nbsp; &nbsp; money DOUBLE COMMENT &#039;金额&#039;,<br />&nbsp; &nbsp; byte_field TINYINT COMMENT &#039;byte类型字段&#039;,<br />&nbsp; &nbsp; short_field SMALLINT COMMENT &#039;short类型字段&#039;,<br />&nbsp; &nbsp; long_field BIGINT COMMENT &#039;long类型字段&#039;,<br />&nbsp; &nbsp; float_field FLOAT COMMENT &#039;float类型字段&#039;,<br />&nbsp; &nbsp; decimal_field DECIMAL(10,2) COMMENT &#039;decimal类型字段&#039;,<br />&nbsp; &nbsp; boolean_field BOOLEAN COMMENT &#039;boolean类型字段&#039;,<br />&nbsp; &nbsp; date_field DATE COMMENT &#039;date类型字段&#039;,<br />&nbsp; &nbsp; timestamp_field TIMESTAMP COMMENT &#039;timestamp类型字段&#039;<br />)<br />COMMENT &#039;测试信息表&#039;<br />PARTITIONED BY (<br />&nbsp; &nbsp; dt STRING COMMENT &#039;分区日期，格式：yyyy-MM-dd&#039;<br />)<br />STORED AS ORC;<br />-- 插入数据<br />INSERT INTO tytest.test_info_1 PARTITION (dt=&#039;2026-05-27&#039;)<br />VALUES&nbsp;<br />(2, &#039;1001&#039;, &#039;王小明&#039;, 4.00, 20, 1, 10, 65.5, 99.99, TRUE, DATE &#039;2025-01-01&#039;, TIMESTAMP &#039;2026-05-27 08:30:00&#039;),<br />(4, &#039;1002&#039;, &#039;陈小红&#039;, 6.00, 25, 200, 200, 70.2, 199.99, FALSE, DATE &#039;2025-02-15&#039;, TIMESTAMP &#039;2026-05-27 10:15:00&#039;),<br />(6, &#039;1003&#039;, &#039;张大力&#039;, 10.00, 30, 300, 300, 75.8, 299.99, TRUE, DATE &#039;2025-03-20&#039;, TIMESTAMP &#039;2026-05-27 14:45:00&#039;),<br />(8, &#039;1004&#039;, &#039;李芳芳&#039;, 14.00, 22, 150, 150, 68.3, 399.99, FALSE, DATE &#039;2025-04-10&#039;, TIMESTAMP &#039;2026-05-27 09:20:00&#039;),<br />(10, &#039;1005&#039;, &#039;刘建国&#039;, 18.00, 28, 250, 250, 72.6, 499.99, TRUE, DATE &#039;2025-05-05&#039;, TIMESTAMP &#039;2026-05-27 16:00:00&#039;),<br />(12, &#039;1006&#039;, &#039;赵丽丽&#039;, 20.00, 35, 350, 350, 80.1, 599.99, FALSE, DATE &#039;2025-06-25&#039;, TIMESTAMP &#039;2026-05-27 11:30:00&#039;);<br />INSERT INTO tytest.test_info_1 PARTITION (dt=&#039;2026-05-28&#039;)<br />VALUES&nbsp;<br />(101, &#039;2001&#039;, &#039;欧阳静&#039;, 24.00, 100, 32767, NULL, 85.5, 888.88, FALSE, CAST(NULL AS DATE), CAST(&#039;2026-05-28 09:00:00&#039; AS TIMESTAMP)),<br />(102, &#039;2002&#039;, &#039;慕容白&#039;, NULL, -50, -200, -5000, -10.5, -94879459.99, NULL, CAST(&#039;2024-11-15&#039; AS DATE), CAST(NULL AS TIMESTAMP)),<br />(NULL, &#039;2003&#039;, &#039;令狐冲&#039;, 123.45, 107, 32767, 9223372036854775807, 99.9984545, 1234.56, FALSE, CAST(&#039;2024-10-20&#039; AS DATE), CAST(&#039;2026-05-28 15:45:00&#039; AS TIMESTAMP)),<br />(102, &#039;2001&#039;, &#039;欧阳静&#039;, 25.001548952140236541, NULL, NULL, 0, NULL, 1234.56, TRUE, CAST(&#039;2024-11-15&#039; AS DATE), CAST(&#039;2026-05-28 11:20:00&#039; AS TIMESTAMP)),<br />(105, NULL, NULL, 18.50, 100, 999, 0, 88.8, NULL, FALSE, CAST(&#039;2024-08-05&#039; AS DATE), CAST(&#039;2026-05-28 14:10:00&#039; AS TIMESTAMP)),<br />(106, &#039;2003&#039;, NULL, 123.45, 107, 999, 90, 88.8, 888.88, TRUE, CAST(&#039;2024-07-25&#039; AS DATE), CAST(&#039;2026-05-28 09:00:00&#039; AS TIMESTAMP));</p>
<p>2、已存在标准目录：test</p>","1. 进入「资产-数据标准-标准定义」页面
2. 新建标准配置如下：
「中文名称」：「姓名」
「英文名称」：「name」
「英文缩写」：「ne」
「标准目录」：「test」
无车型
「数据类型」：「字符型」
「数据长度」：「<=3」
「数据精度」：「2/2」
「是否允许为空」：「不可空」
「是否允许重复」：「不可重复」
「默认值」：「1」
「取值范围」：「>1且<=50」
「初始值」：「2」
「无效值」：「0.1」
「精度倍数」：「2」
「偏移量」：「0.02」；
点击【上线】
3. 点击「标准映射」页面，进行标准映射
4. 给该标准绑定字段：绑定string_num字段
5. 点击「落标检查」页面，新增检查任务，检查内容配置如下：
「数据源」：「${DATASOURCE}」
「数据库」：「${DATABASE}」
「数据表」：「test_info_1」
不设置分区
「标准目录」：「test」
不配置「车型关联字段」；
点击【下一步】
6. 开启string_num字段的检查，设置检查项为：全部；
点击【下一步】
7. 配置调度属性为按天运行，其余内容正确配置；点击【新增并立即执行】
8. 等待检查完成，查看【落标检查设置】tab列表
9. 点击【操作-查看结果详情】
10. 查看【落标检查结果】tab列表
11. 点击【操作-查看详情】
12. 点击列表里未达标检查项对应的的【操作-查看详情】
13. 根据文档步骤通过底层数据库查看该检查任务的sql
14. 等待该检查任务按周期运行完成，查看结果详情","1. 页面正常打开
2. 内容配置成功；
标准成功上线
3. 标准映射列表新增该标准
4. 字段绑定成功
5. 检查内容配置成功；
进入选择字段页面
6. 成功开启检查，检查项全部包含：字符串长度、数据精度、精度倍数、空值数、取值范围、重复数；
进入调度配置页面
7. 保存成功，任务进入检查中状态
8. 显示对应的正确数据表名称、所属数据源、所属数据库、检查字段数/总字段数、检查周期、检查状态、标准达标率、不达标字段数/检查失败数、最近编辑时间、最近检查时间、操作。
9. 跳转至【落标检查结果】tab
10. 显示对应的正确数据源、数据库、数据表、字段、检查状态、是否达标、检查开始时间、检查结束时间、操作。
11. 检查结果详情包含以下信息：
1）检查信息：检查数据源、数据库、数据表、字段与配置的内容一致；
2）检查结果列表：各类检查项达标情况正确（数据精度、精度倍数、取值范围正常校验，包含达标和未达标情况），开始检查时间、结束检查时间正确，未达标的检查项操作为“查看详情”
3）关联标准详情与前面配置的内容一致
12. 1）为脏数据明细，显示不符合检查项的数据，标红展示
2）行数<=100
13. 每个字段里字符串长度、数据精度、空值数、取值范围、精度倍数的sql进行合并：
1）源表只扫描一次：FROM 后面的源表只出现 1 次；
​2）所有可合并规则写在同一个select里面：用多个 SUM (CASE WHEN) 把规则并行计算；
3）计算后再把结果拆成多行，每行代表单个规则进行输出，最终把结果插入同一张脏数据表
重复数sql不进行合并：
1）只有单个select计算语句，不参与SUM (CASE WHEN)并行计算逻辑
2）脏数据存储于另一张脏数据表
14. 检查项达标情况正确，详情正确，脏数据明细正确","1. 
2. 
3. 
4. 
5. 
6. 
7. 
8. 
9. 
10. 
11. 
12. 
13. 
14.","","1","功能测试","功能测试阶段","正常","1","4","14","通过","听筠","2026-06-03","听筠","2026-06-11","2","",""
"186470","数据资产_STD(#23)","/版本迭代测试用例/v6.4.11/【岚图】【数据资产】落标检查任务性能优化，规则sql合并/不同的数据类型(#10608)","【岚图】【数据资产】数据质量任务、落标检查任务性能优化，规则sql合并(#15862)","无车型 验证「无车型」-「string数据类型（非数值）」校验逻辑正确","1、已存在表test_info_1
CREATE TABLE tytest.test_info_1 (
id INT COMMENT &#039;用户ID&#039;,
string_num STRING COMMENT &#039;string类型的编号&#039;,
name STRING COMMENT &#039;姓名&#039;,
money DOUBLE COMMENT &#039;金额&#039;,
byte_field BYTE COMMENT &#039;byte类型字段&#039;,
short_field SHORT COMMENT &#039;short类型字段&#039;,
long_field LONG COMMENT &#039;long类型字段&#039;,
float_field FLOAT COMMENT &#039;float类型字段&#039;,
decimal_field DECIMAL(10,2) COMMENT &#039;decimal类型字段&#039;,
boolean_field BOOLEAN COMMENT &#039;boolean类型字段&#039;,
date_field DATE COMMENT &#039;date类型字段&#039;,
timestamp_field TIMESTAMP COMMENT &#039;timestamp类型字段&#039;
)
COMMENT &#039;测试信息表&#039;
PARTITIONED BY (
dt STRING COMMENT &#039;分区日期，格式：yyyy-MM-dd&#039;
)
STORED AS ORC;
-- dt = &#039;2026-05-27&#039;
INSERT INTO tytest.test_info_1 PARTITION (dt=&#039;2026-05-27&#039;)
VALUES
(2, &#039;A001&#039;, &#039;王小明&#039;, 4.00, 20, 1, 10, 65.5, 99.99, TRUE, DATE &#039;2025-01-01&#039;, TIMESTAMP &#039;2026-05-27 08:30:00&#039;),
(4, &#039;B002&#039;, &#039;陈小红&#039;, 6.00, 25, 200, 200, 70.2, 199.99, FALSE, DATE &#039;2025-02-15&#039;, TIMESTAMP &#039;2026-05-27 10:15:00&#039;),
(6, &#039;C003&#039;, &#039;张大力&#039;, 10.00, 30, 300, 300, 75.8, 299.99, TRUE, DATE &#039;2025-03-20&#039;, TIMESTAMP &#039;2026-05-27 14:45:00&#039;),
(8, &#039;D004&#039;, &#039;李芳芳&#039;, 14.00, 22, 150, 150, 68.3, 399.99, FALSE, DATE &#039;2025-04-10&#039;, TIMESTAMP &#039;2026-05-27 09:20:00&#039;),
(10, &#039;E005&#039;, &#039;刘建国&#039;, 18.00, 28, 250, 250, 72.6, 499.99, TRUE, DATE &#039;2025-05-05&#039;, TIMESTAMP &#039;2026-05-27 16:00:00&#039;),
(12, &#039;F006&#039;, &#039;赵丽丽&#039;, 20.00, 35, 350, 350, 80.1, 599.99, FALSE, DATE &#039;2025-06-25&#039;, TIMESTAMP &#039;2026-05-27 11:30:00&#039;);
-- dt = &#039;2026-05-28&#039;
INSERT INTO tytest.test_info_1 PARTITION (dt=&#039;2026-05-28&#039;)
VALUES
(101, &#039;XYZ001&#039;, &#039;欧阳静&#039;, 24.00, 100, 32767, NULL, 85.5, 888.88, FALSE, CAST(NULL AS DATE), CAST(&#039;2026-05-28 09:00:00&#039; AS TIMESTAMP)),
(102, &#039;XYZ002&#039;, &#039;慕容白&#039;, NULL, -50, -200, -5000, -10.5, -94879459.99, NULL, CAST(&#039;2024-11-15&#039; AS DATE), CAST(NULL AS TIMESTAMP)),
(NULL, &#039;XYZ003&#039;, &#039;令狐冲&#039;, 123.45, 107, 32767, 9223372036854775807, 99.9984545, 1234.56, FALSE, CAST(&#039;2024-10-20&#039; AS DATE), CAST(&#039;2026-05-28 15:45:00&#039; AS TIMESTAMP)),
(102, &#039;XYZ001&#039;, &#039;欧阳静&#039;, 25.001548952140236541, NULL, NULL, 0, NULL, 1234.56, TRUE, CAST(&#039;2024-11-15&#039; AS DATE), CAST(&#039;2026-05-28 11:20:00&#039; AS TIMESTAMP)),
(105, NULL, NULL, 18.50, 100, 999, 0, 88.8, NULL, FALSE, CAST(&#039;2024-08-05&#039; AS DATE), CAST(&#039;2026-05-28 14:10:00&#039; AS TIMESTAMP)),
(106, &#039;XYZ003&#039;, NULL, 123.45, 107, 999, 90, 88.8, 888.88, TRUE, CAST(&#039;2024-07-25&#039; AS DATE), CAST(&#039;2026-05-28 09:00:00&#039; AS TIMESTAMP));
2、已存在标准目录：test","1. 进入「资产-数据标准-标准定义」页面
2. 新建标准配置如下：
「中文名称」：「姓名」
「英文名称」：「name」
「英文缩写」：「ne」
「标准目录」：「test」
无车型
「数据类型」：「字符型」
「数据长度」：「<=3」
「数据精度」：「2/2」
「是否允许为空」：「不可空」
「是否允许重复」：「不可重复」
「默认值」：「1」
「取值范围」：「>1且<=50」
「初始值」：「2」
「无效值」：「0.1」
「精度倍数」：「2」
「偏移量」：「0.02」；
点击【上线】
3. 点击「标准映射」页面，进行标准映射
4. 给该标准绑定字段：绑定name字段
5. 点击「落标检查」页面，新增检查任务，检查内容配置如下：
「数据源」：「${DATASOURCE}」
「数据库」：「${DATABASE}」
「数据表」：「test_info_1」
不设置分区
「标准目录」：「test」
不配置「车型关联字段」；
点击【下一步】
6. 开启name字段的检查，设置检查项为：全部；
点击【下一步】
7. 配置调度属性为按天运行，其余内容正确配置；点击【新增并立即执行】
8. 等待检查完成，查看【落标检查设置】tab列表
9. 点击【操作-查看结果详情】
10. 查看【落标检查结果】tab列表
11. 点击【操作-查看详情】
12. 点击列表里未达标检查项对应的的【操作-查看详情】
13. 根据文档步骤通过底层数据库查看该检查任务的sql
14. 等待该检查任务按周期运行完成，查看结果详情","1. 页面正常打开
2. 内容配置成功；
标准成功上线
3. 标准映射列表新增该标准
4. 字段绑定成功
5. 检查内容配置成功；
进入选择字段页面
6. 成功开启检查，检查项全部包含：字符串长度、数据精度、精度倍数、空值数、取值范围、重复数；
进入调度配置页面
7. 保存成功，任务进入检查中状态
8. 显示对应的正确数据表名称、所属数据源、所属数据库、检查字段数/总字段数、检查周期、检查状态、标准达标率、不达标字段数/检查失败数、最近编辑时间、最近检查时间、操作。
9. 跳转至【落标检查结果】tab
10. 显示对应的正确数据源、数据库、数据表、字段、检查状态、是否达标、检查开始时间、检查结束时间、操作。
11. 检查结果详情包含以下信息：
1）检查信息：检查数据源、数据库、数据表、字段与配置的内容一致；
2）检查结果列表：各类检查项达标情况正确（精度倍数、取值范围始终为达标，数据精度按小数点后最大位进行校验），开始检查时间、结束检查时间正确，未达标的检查项操作为“查看详情”
3）关联标准详情与前面配置的内容一致
12. 1）为脏数据明细，显示不符合检查项的数据，标红展示
2）行数<=100
13. 每个字段里字符串长度、数据精度、空值数、取值范围、精度倍数的sql进行合并：
1）源表只扫描一次：FROM 后面的源表只出现 1 次；
​2）所有可合并规则写在同一个select里面：用多个 SUM (CASE WHEN) 把规则并行计算；
3）计算后再把结果拆成多行，每行代表单个规则进行输出，最终把结果插入同一张脏数据表
重复数sql不进行合并：
1）只有单个select计算语句，不参与SUM (CASE WHEN)并行计算逻辑
2）脏数据存储于另一张脏数据表
14. 检查项达标情况正确，详情正确，脏数据明细正确","1. 
2. 
3. 
4. 
5. 
6. 
7. 
8. 
9. 
10. 
11. 
12. 
13. 
14.","","1","功能测试","功能测试阶段","正常","0","4","14","通过","听筠","2026-06-03","听筠","2026-07-21","2","",""
"186469","数据资产_STD(#23)","/版本迭代测试用例/v6.4.11/【岚图】【数据资产】落标检查任务性能优化，规则sql合并/不同的数据类型(#10608)","【岚图】【数据资产】数据质量任务、落标检查任务性能优化，规则sql合并(#15862)","无车型 验证「无车型」-「float/double/decimal数据类型」校验逻辑正确","1、已存在表test_info_1
CREATE TABLE tytest.test_info_1 (
id INT COMMENT &#039;用户ID&#039;,
string_num STRING COMMENT &#039;string类型的编号&#039;,
name STRING COMMENT &#039;姓名&#039;,
money DOUBLE COMMENT &#039;金额&#039;,
byte_field BYTE COMMENT &#039;byte类型字段&#039;,
short_field SHORT COMMENT &#039;short类型字段&#039;,
long_field LONG COMMENT &#039;long类型字段&#039;,
float_field FLOAT COMMENT &#039;float类型字段&#039;,
decimal_field DECIMAL(10,2) COMMENT &#039;decimal类型字段&#039;,
boolean_field BOOLEAN COMMENT &#039;boolean类型字段&#039;,
date_field DATE COMMENT &#039;date类型字段&#039;,
timestamp_field TIMESTAMP COMMENT &#039;timestamp类型字段&#039;
)
COMMENT &#039;测试信息表&#039;
PARTITIONED BY (
dt STRING COMMENT &#039;分区日期，格式：yyyy-MM-dd&#039;
)
STORED AS ORC;
-- dt = &#039;2026-05-27&#039;
INSERT INTO tytest.test_info_1 PARTITION (dt=&#039;2026-05-27&#039;)
VALUES
(2, &#039;A001&#039;, &#039;王小明&#039;, 4.00, 20, 1, 10, 65.5, 99.99, TRUE, DATE &#039;2025-01-01&#039;, TIMESTAMP &#039;2026-05-27 08:30:00&#039;),
(4, &#039;B002&#039;, &#039;陈小红&#039;, 6.00, 25, 200, 200, 70.2, 199.99, FALSE, DATE &#039;2025-02-15&#039;, TIMESTAMP &#039;2026-05-27 10:15:00&#039;),
(6, &#039;C003&#039;, &#039;张大力&#039;, 10.00, 30, 300, 300, 75.8, 299.99, TRUE, DATE &#039;2025-03-20&#039;, TIMESTAMP &#039;2026-05-27 14:45:00&#039;),
(8, &#039;D004&#039;, &#039;李芳芳&#039;, 14.00, 22, 150, 150, 68.3, 399.99, FALSE, DATE &#039;2025-04-10&#039;, TIMESTAMP &#039;2026-05-27 09:20:00&#039;),
(10, &#039;E005&#039;, &#039;刘建国&#039;, 18.00, 28, 250, 250, 72.6, 499.99, TRUE, DATE &#039;2025-05-05&#039;, TIMESTAMP &#039;2026-05-27 16:00:00&#039;),
(12, &#039;F006&#039;, &#039;赵丽丽&#039;, 20.00, 35, 350, 350, 80.1, 599.99, FALSE, DATE &#039;2025-06-25&#039;, TIMESTAMP &#039;2026-05-27 11:30:00&#039;);
-- dt = &#039;2026-05-28&#039;
INSERT INTO tytest.test_info_1 PARTITION (dt=&#039;2026-05-28&#039;)
VALUES
(101, &#039;XYZ001&#039;, &#039;欧阳静&#039;, 24.00, 100, 32767, NULL, 85.5, 888.88, FALSE, CAST(NULL AS DATE), CAST(&#039;2026-05-28 09:00:00&#039; AS TIMESTAMP)),
(102, &#039;XYZ002&#039;, &#039;慕容白&#039;, NULL, -50, -200, -5000, -10.5, -94879459.99, NULL, CAST(&#039;2024-11-15&#039; AS DATE), CAST(NULL AS TIMESTAMP)),
(NULL, &#039;XYZ003&#039;, &#039;令狐冲&#039;, 123.45, 107, 32767, 9223372036854775807, 99.9984545, 1234.56, FALSE, CAST(&#039;2024-10-20&#039; AS DATE), CAST(&#039;2026-05-28 15:45:00&#039; AS TIMESTAMP)),
(102, &#039;XYZ001&#039;, &#039;欧阳静&#039;, 25.001548952140236541, NULL, NULL, 0, NULL, 1234.56, TRUE, CAST(&#039;2024-11-15&#039; AS DATE), CAST(&#039;2026-05-28 11:20:00&#039; AS TIMESTAMP)),
(105, NULL, NULL, 18.50, 100, 999, 0, 88.8, NULL, FALSE, CAST(&#039;2024-08-05&#039; AS DATE), CAST(&#039;2026-05-28 14:10:00&#039; AS TIMESTAMP)),
(106, &#039;XYZ003&#039;, NULL, 123.45, 107, 999, 90, 88.8, 888.88, TRUE, CAST(&#039;2024-07-25&#039; AS DATE), CAST(&#039;2026-05-28 09:00:00&#039; AS TIMESTAMP));

2、已存在标准目录：test","1. 进入「资产-数据标准-标准定义」页面
2. 新建标准配置如下：
「中文名称」：「金额」
「英文名称」：「money」
「英文缩写」：「my」
「标准目录」：「test」
无车型
「数据类型」：「字符型」
「数据长度」：「<=6」
「数据精度」：「2/2」
「是否允许为空」：「不可空」
「是否允许重复」：「不可重复」
「默认值」：「1」
「取值范围」：「>1且<=50」
「初始值」：「2」
「无效值」：「0.1」
「精度倍数」：「2」
「偏移量」：「0.02」；
点击【上线】
3. 点击「标准映射」页面，进行标准映射
4. 给该标准绑定字段：绑定float_field、decimal_field、money字段
5. 点击「落标检查」页面，新增检查任务，检查内容配置如下：
「数据源」：「${DATASOURCE}」
「数据库」：「${DATABASE}」
「数据表」：「test_info_1」
不设置分区
「标准目录」：「test」
不配置「车型关联字段」；
点击【下一步】
6. 开启float_field、decimal_field、money字段的检查，设置检查项为：全部；
点击【下一步】
7. 配置调度属性为按天运行，其余内容正确配置；点击【新增并立即执行】
8. 等待检查完成，查看【落标检查设置】tab列表
9. 点击【操作-查看结果详情】
10. 查看【落标检查结果】tab列表
11. 点击【操作-查看详情】
12. 点击列表里未达标检查项对应的的【操作-查看详情】
13. 根据文档步骤通过底层数据库查看该检查任务的sql
14. 等待该检查任务按周期运行完成，查看结果详情","1. 页面正常打开
2. 内容配置成功；
标准成功上线
3. 标准映射列表新增该标准
4. 字段绑定成功
5. 检查内容配置成功；
进入选择字段页面
6. 成功开启检查，检查项全部包含：字符串长度、数据精度、精度倍数、空值数、取值范围、重复数；
进入调度配置页面
7. 保存成功，任务进入检查中状态
8. 显示对应的正确数据表名称、所属数据源、所属数据库、检查字段数/总字段数、检查周期、检查状态、标准达标率、不达标字段数/检查失败数、最近编辑时间、最近检查时间、操作。
9. 跳转至【落标检查结果】tab
10. 显示对应的正确数据源、数据库、数据表、字段、检查状态、是否达标、检查开始时间、检查结束时间、操作。
11. 检查结果详情包含以下信息：
1）检查信息：检查数据源、数据库、数据表、字段与配置的内容一致；
2）检查结果列表：各类检查项达标情况正确，开始检查时间、结束检查时间正确，未达标的检查项操作为“查看详情”
3）关联标准详情与前面配置的内容一致
12. 1）为脏数据明细，显示不符合检查项的数据，标红展示
2）行数<=100
13. 每个字段里字符串长度、数据精度、空值数、取值范围、精度倍数的sql进行合并：
1）源表只扫描一次：FROM 后面的源表只出现 1 次；
​2）所有可合并规则写在同一个select里面：用多个 SUM (CASE WHEN) 把规则并行计算；
3）计算后再把结果拆成多行，每行代表单个规则进行输出，最终把结果插入同一张脏数据表
重复数sql不进行合并：
1）只有单个select计算语句，不参与SUM (CASE WHEN)并行计算逻辑
2）脏数据存储于另一张脏数据表
14. 检查项达标情况正确，详情正确，脏数据明细正确","1. 
2. 
3. 
4. 
5. 
6. 
7. 
8. 
9. 
10. 
11. 
12. 
13. 
14.","","2","功能测试","功能测试阶段","正常","1","2","14","通过","听筠","2026-06-03","","0000-00-00","1","",""
"186468","数据资产_STD(#23)","/版本迭代测试用例/v6.4.11/【岚图】【数据资产】落标检查任务性能优化，规则sql合并/不同的数据类型(#10608)","【岚图】【数据资产】数据质量任务、落标检查任务性能优化，规则sql合并(#15862)","无车型 验证「无车型」-「byte/short/int/long数据类型」校验逻辑正确","1、已存在表test_info_1
CREATE TABLE tytest.test_info_1 (
id INT COMMENT &#039;用户ID&#039;,
string_num STRING COMMENT &#039;string类型的编号&#039;,
name STRING COMMENT &#039;姓名&#039;,
money DOUBLE COMMENT &#039;金额&#039;,
byte_field BYTE COMMENT &#039;byte类型字段&#039;,
short_field SHORT COMMENT &#039;short类型字段&#039;,
long_field LONG COMMENT &#039;long类型字段&#039;,
float_field FLOAT COMMENT &#039;float类型字段&#039;,
decimal_field DECIMAL(10,2) COMMENT &#039;decimal类型字段&#039;,
boolean_field BOOLEAN COMMENT &#039;boolean类型字段&#039;,
date_field DATE COMMENT &#039;date类型字段&#039;,
timestamp_field TIMESTAMP COMMENT &#039;timestamp类型字段&#039;
)
COMMENT &#039;测试信息表&#039;
PARTITIONED BY (
dt STRING COMMENT &#039;分区日期，格式：yyyy-MM-dd&#039;
)
STORED AS ORC;
-- dt = &#039;2026-05-27&#039;
INSERT INTO tytest.test_info_1 PARTITION (dt=&#039;2026-05-27&#039;)
VALUES
(2, &#039;A001&#039;, &#039;王小明&#039;, 4.00, 20, 1, 10, 65.5, 99.99, TRUE, DATE &#039;2025-01-01&#039;, TIMESTAMP &#039;2026-05-27 08:30:00&#039;),
(4, &#039;B002&#039;, &#039;陈小红&#039;, 6.00, 25, 200, 200, 70.2, 199.99, FALSE, DATE &#039;2025-02-15&#039;, TIMESTAMP &#039;2026-05-27 10:15:00&#039;),
(6, &#039;C003&#039;, &#039;张大力&#039;, 10.00, 30, 300, 300, 75.8, 299.99, TRUE, DATE &#039;2025-03-20&#039;, TIMESTAMP &#039;2026-05-27 14:45:00&#039;),
(8, &#039;D004&#039;, &#039;李芳芳&#039;, 14.00, 22, 150, 150, 68.3, 399.99, FALSE, DATE &#039;2025-04-10&#039;, TIMESTAMP &#039;2026-05-27 09:20:00&#039;),
(10, &#039;E005&#039;, &#039;刘建国&#039;, 18.00, 28, 250, 250, 72.6, 499.99, TRUE, DATE &#039;2025-05-05&#039;, TIMESTAMP &#039;2026-05-27 16:00:00&#039;),
(12, &#039;F006&#039;, &#039;赵丽丽&#039;, 20.00, 35, 350, 350, 80.1, 599.99, FALSE, DATE &#039;2025-06-25&#039;, TIMESTAMP &#039;2026-05-27 11:30:00&#039;);
-- dt = &#039;2026-05-28&#039;
INSERT INTO tytest.test_info_1 PARTITION (dt=&#039;2026-05-28&#039;)
VALUES
(101, &#039;XYZ001&#039;, &#039;欧阳静&#039;, 24.00, 100, 32767, NULL, 85.5, 888.88, FALSE, CAST(NULL AS DATE), CAST(&#039;2026-05-28 09:00:00&#039; AS TIMESTAMP)),
(102, &#039;XYZ002&#039;, &#039;慕容白&#039;, NULL, -50, -200, -5000, -10.5, -94879459.99, NULL, CAST(&#039;2024-11-15&#039; AS DATE), CAST(NULL AS TIMESTAMP)),
(NULL, &#039;XYZ003&#039;, &#039;令狐冲&#039;, 123.45, 107, 32767, 9223372036854775807, 99.9984545, 1234.56, FALSE, CAST(&#039;2024-10-20&#039; AS DATE), CAST(&#039;2026-05-28 15:45:00&#039; AS TIMESTAMP)),
(102, &#039;XYZ001&#039;, &#039;欧阳静&#039;, 25.001548952140236541, NULL, NULL, 0, NULL, 1234.56, TRUE, CAST(&#039;2024-11-15&#039; AS DATE), CAST(&#039;2026-05-28 11:20:00&#039; AS TIMESTAMP)),
(105, NULL, NULL, 18.50, 100, 999, 0, 88.8, NULL, FALSE, CAST(&#039;2024-08-05&#039; AS DATE), CAST(&#039;2026-05-28 14:10:00&#039; AS TIMESTAMP)),
(106, &#039;XYZ003&#039;, NULL, 123.45, 107, 999, 90, 88.8, 888.88, TRUE, CAST(&#039;2024-07-25&#039; AS DATE), CAST(&#039;2026-05-28 09:00:00&#039; AS TIMESTAMP));

2、已存在标准目录：test","1. 进入「资产-数据标准-标准定义」页面
2. 新建标准配置如下：
「中文名称」：「ID」
「英文名称」：「id」
「英文缩写」：「id」
「标准目录」：「test」
无车型
「数据类型」：「数值型」
「数据长度」：「<=2」
「数据精度」：「2/1」
「是否允许为空」：「不可空」
「是否允许重复」：「不可重复」
「默认值」：「1」
「取值范围」：「>=1且<102」
「初始值」：「2」
「无效值」：「0.1」
「精度倍数」：「2」
「偏移量」：「0.02」；
点击【上线】
3. 点击「标准映射」页面，进行标准映射
4. 给该标准绑定字段：绑定id、byte_field、short_field、long_field字段
5. 点击「落标检查」页面，新增检查任务，检查内容配置如下：
「数据源」：「${DATASOURCE}」
「数据库」：「${DATABASE}」
「数据表」：「test_info_1」
不设置分区
「标准目录」：「test」
不配置「车型关联字段」；
点击【下一步】
6. 开启id、byte_field、short_field、long_field字段的检查，设置检查项为：全部；
点击【下一步】
7. 配置调度属性为按天运行，其余内容正确配置；点击【新增并立即执行】
8. 等待检查完成，查看【落标检查设置】tab列表
9. 点击【操作-查看结果详情】
10. 查看【落标检查结果】tab列表
11. 点击【操作-查看详情】
12. 点击列表里未达标检查项对应的的【操作-查看详情】
13. 根据文档步骤通过底层数据库查看该检查任务的sql
14. 等待该检查任务按周期运行完成，查看结果详情","1. 页面正常打开
2. 内容配置成功；
标准成功上线
3. 标准映射列表新增该标准
4. 字段绑定成功
5. 检查内容配置成功；
进入选择字段页面
6. 成功开启检查，检查项全部包含：字符串长度、数据精度、精度倍数、空值数、取值范围、重复数；
进入调度配置页面
7. 保存成功，任务进入检查中状态
8. 显示对应的正确数据表名称、所属数据源、所属数据库、检查字段数/总字段数、检查周期、检查状态、标准达标率、不达标字段数/检查失败数、最近编辑时间、最近检查时间、操作。
9. 跳转至【落标检查结果】tab
10. 显示对应的正确数据源、数据库、数据表、字段、检查状态、是否达标、检查开始时间、检查结束时间、操作。
11. 检查结果详情包含以下信息：
1）检查信息：检查数据源、数据库、数据表、字段与配置的内容一致；
2）检查结果列表：各类检查项达标情况正确（数据精度只针对小数点前最大位进行校验），开始检查时间、结束检查时间正确，未达标的检查项操作为“查看详情”
3）关联标准详情与前面配置的内容一致
12. 1）为脏数据明细，显示不符合检查项的数据，标红展示
2）行数<=100
13. 每个字段里字符串长度、数据精度、空值数、取值范围、精度倍数的sql进行合并：
1）源表只扫描一次：FROM 后面的源表只出现 1 次；
​2）所有可合并规则写在同一个select里面：用多个 SUM (CASE WHEN) 把规则并行计算；
3）计算后再把结果拆成多行，每行代表单个规则进行输出，最终把结果插入同一张脏数据表
重复数sql不进行合并：
1）只有单个select计算语句，不参与SUM (CASE WHEN)并行计算逻辑
2）脏数据存储于另一张脏数据表
14. 检查项达标情况正确，详情正确，脏数据明细正确","1. 
2. 
3. 
4. 
5. 
6. 
7. 
8. 
9. 
10. 
11. 
12. 
13. 
14.","","2","功能测试","功能测试阶段","正常","1","2","14","通过","听筠","2026-06-03","","0000-00-00","1","",""
"186467","数据资产_STD(#23)","/版本迭代测试用例/v6.4.11/【岚图】【数据资产】落标检查任务性能优化，规则sql合并/可合并+不可合并(#10607)","【岚图】【数据资产】数据质量任务、落标检查任务性能优化，规则sql合并(#15862)","有车型 验证「有车型」-「不绑定车型关联字段」-「字符串长度+数据精度+精度倍数+空值数+取值范围+重复数」校验功能","<p style=“font-size:14px;background-color:#FFFFFF;“>1、已存在表order_info</p>
<p style=“font-size:14px;background-color:#FFFFFF;“>CREATE TABLE IF NOT EXISTS tytest.order_info(<br /> user_id INT COMMENT&#039;用户ID&#039;,<br /> tall FLOAT COMMENT&#039;身高&#039;,<br /> weight DOUBLE COMMENT&#039;体重&#039;,<br /> amount DECIMAL(10,3) COMMENT&#039;金额&#039;,<br /> car_model STRING COMMENT&#039;车型&#039;,<br /> age BYTE COMMENT&#039;年龄&#039;,<br /> score SHORT COMMENT&#039;评分&#039;,<br /> total_orders LONG COMMENT&#039;总订单数&#039;,<br /> is_vip BOOLEAN COMMENT&#039;是否VIP&#039;,<br /> register_date DATE COMMENT&#039;注册日期&#039;,<br /> last_login TIMESTAMP COMMENT&#039;最后登录时间&#039;,<br /> user_name STRING COMMENT&#039;用户名（非数值字段）&#039;,<br /> order_amount_str STRING COMMENT&#039;订单金额字符串（数值字段）&#039;<br />)PARTITIONED BY(<br /> order_date STRING COMMENT&#039;订单日期，格式yyyy-MM-dd&#039;<br />);<br />-- 插入2026-01-12分区数据<br />INSERT INTO<br /> tytest.order_info PARTITION (order_date = &#039;2026-01-12&#039;)<br />VALUES<br /> (<br /> 1000,<br /> 160,<br /> NULL,<br /> 265.2,<br /> &#039;小米su7&#039;,<br /> 25,<br /> 80,<br /> 10,<br /> TRUE,<br /> DATE &#039;2024-01-01&#039;,<br /> TIMESTAMP &#039;2026-01-12 10:30:00&#039;,<br /> &#039;张三&#039;,<br /> &#039;265.20&#039;<br /> ),<br /> (<br /> 102,<br /> 170,<br /> 66,<br /> 140.80,<br /> &#039;小米su7&#039;,<br /> 30,<br /> 85,<br /> 5,<br /> FALSE,<br /> DATE &#039;2024-03-15&#039;,<br /> TIMESTAMP &#039;2026-01-12 14:20:00&#039;,<br /> &#039;李四&#039;,<br /> &#039;140.80&#039;<br /> ),<br /> (<br /> 1100,<br /> 180.23,<br /> 459897,<br /> 187,<br /> &#039;保时捷718&#039;,<br /> 35,<br /> 90,<br /> 3,<br /> TRUE,<br /> DATE &#039;2024-06-20&#039;,<br /> TIMESTAMP &#039;2026-01-12 09:15:00&#039;,<br /> &#039;王五&#039;,<br /> &#039;187.00&#039;<br /> );<br />-- 插入2026-01-13分区数据<br />INSERT INTO<br /> tytest.order_info PARTITION (order_date = &#039;2026-01-13&#039;)<br />VALUES<br /> (<br /> 1001,<br /> 160,<br /> NULL,<br /> 265,<br /> &#039;小米su7&#039;,<br /> 26,<br /> 82,<br /> 15,<br /> NULL,<br /> CAST(&#039;2024-01-15&#039; AS DATE),<br /> CAST(&#039;2026-01-13 11:00:00&#039; AS TIMESTAMP),<br /> &#039;赵六&#039;,<br /> &#039;265.00&#039;<br /> ),<br /> (<br /> 1001,<br /> 160,<br /> NULL,<br /> NULL,<br /> &#039;小米su7&#039;,<br /> 26,<br /> 82,<br /> 16,<br /> FALSE,<br /> CAST(NULL AS DATE),<br /> CAST(&#039;2026-01-13 15:30:00&#039; AS TIMESTAMP),<br /> &#039;孙七&#039;,<br /> NULL<br /> ),<br /> (<br /> 102,<br /> 170,<br /> 66,<br /> 15483.568,<br /> &#039;小米su7&#039;,<br /> 31,<br /> 87,<br /> 8,<br /> TRUE,<br /> CAST(&#039;2024-04-01&#039; AS DATE),<br /> CAST(NULL AS TIMESTAMP),<br /> &#039;周八&#039;,<br /> &#039;15483.568&#039;<br /> ),<br /> (<br /> 1001,<br /> 160,<br /> NULL,<br /> 265,<br /> &#039;小米su7&#039;,<br /> 26,<br /> 82,<br /> 17,<br /> FALSE,<br /> CAST(&#039;2024-01-15&#039; AS DATE),<br /> CAST(&#039;2026-01-13 18:20:00&#039; AS TIMESTAMP),<br /> &#039;吴九&#039;,<br /> &#039;265.00&#039;<br /> ),<br /> (<br /> 110030,<br /> 180.23,<br /> 459897,<br /> 80.55485,<br /> &#039;保时捷718&#039;,<br /> 36,<br /> 92,<br /> 5,<br /> NULL,<br /> CAST(&#039;2024-07-10&#039; AS DATE),<br /> CAST(NULL AS TIMESTAMP),<br /> &#039;郑十&#039;,<br /> &#039;80.55485&#039;<br /> ),<br /> (<br /> 110030,<br /> 180.23,<br /> 459897,<br /> 80.55485,<br /> &#039;保时捷718&#039;,<br /> 36,<br /> 92,<br /> 6,<br /> FALSE,<br /> CAST(&#039;2024-07-10&#039; AS DATE),<br /> CAST(&#039;2026-01-13 14:05:00&#039; AS TIMESTAMP),<br /> &#039;钱十一&#039;,<br /> &#039;80.55485&#039;<br /> ),<br /> (<br /> 11003,<br /> 180.23,<br /> 459897,<br /> NULL,<br /> &#039;保时捷718&#039;,<br /> 36,<br /> 92,<br /> 7,<br /> FALSE,<br /> CAST(NULL AS DATE),<br /> CAST(&#039;2026-01-13 16:40:00&#039; AS TIMESTAMP),<br /> &#039;孙十二&#039;,<br /> NULL<br /> ),<br /> (<br /> 1001,<br /> 160,<br /> NULL,<br /> 265,<br /> NULL,<br /> 26,<br /> 82,<br /> 17,<br /> FALSE,<br /> CAST(&#039;2024-01-15&#039; AS DATE),<br /> CAST(&#039;2026-01-13 18:20:00&#039; AS TIMESTAMP),<br /> &#039;李十三&#039;,<br /> &#039;265.00&#039;<br /> ),<br /> (<br /> 11003,<br /> 180.23,<br /> 459897,<br /> 80.55485,<br /> NULL,<br /> 36,<br /> 92,<br /> 5,<br /> NULL,<br /> CAST(&#039;2024-07-10&#039; AS DATE),<br /> CAST(NULL AS TIMESTAMP),<br /> &#039;王十四&#039;,<br /> &#039;80.55485&#039;<br /> );</p>
<p style=“font-size:14px;background-color:#FFFFFF;“>2、已存在标准目录：test</p>","1. 进入「资产-数据标准-标准定义」页面
2. 新建标准配置如下：
「中文名称」：「总额」
「英文名称」：「amount」
「英文缩写」：「at」
「标准目录」：「test」
「车型」：「小米su7，保时捷718」
1）小米su7：
「数据类型」：「数值型」
「数据长度」：「<=5」
「数据精度」：「3/2」
「是否允许为空」：「不可空」
「是否允许重复」：「不可重复」
「默认值」：「1」
「取值范围」：「>=10且<=280」
「初始值」：「2」
「无效值」：「0.1」
「精度倍数」：「2.2」
「偏移量」：「0.02」；
2）保时捷718：
「数据类型」：「数值型」
「数据长度」：「<=5」
「数据精度」：「3/2」
「是否允许为空」：「不可空」
「是否允许重复」：「不可重复」
「默认值」：「1」
「取值范围」：「>=180且<=999」
「初始值」：「2」
「无效值」：「0.1」
「精度倍数」：「2.2」
「偏移量」：「0.02」；
点击【上线】
3. 点击「标准映射」页面，进行标准映射
4. 给该标准绑定字段：绑定amount字段
5. 点击「落标检查」页面，新增检查任务，检查内容配置如下：
「数据源」：「${DATASOURCE}」
「数据库」：「${DATABASE}」
「数据表」：「order_info」
「选择已有分区」：「dt=2026-01-12」
「标准目录」：「test」
不绑定「车型关联字段」；
点击【下一步】
6. 开启money字段的检查，设置检查项为：字符串长度、数据精度、空值数、取值范围、精度倍数、重复数；
点击【下一步】
7. 配置调度属性为按天运行，其余内容正确配置；点击【新增并立即执行】
8. 等待检查完成，查看【落标检查设置】tab列表
9. 点击【操作-查看结果详情】
10. 查看【落标检查结果】tab列表
11. 点击【操作-查看详情】
12. 根据文档步骤通过底层数据库查看该检查任务的sql
13. 等待该检查任务按周期运行完成，查看结果详情","1. 页面正常打开
2. 内容配置成功；
标准成功上线
3. 标准映射列表新增该标准
4. 字段绑定成功
5. 检查内容配置成功；
进入选择字段页面
6. 成功开启检查并设置检查项；
进入调度配置页面
7. 保存成功，任务进入检查中状态
8. 1）显示对应的正确数据表名称、所属数据源、所属数据库、检查字段数/总字段数、检查周期、检查状态、标准达标率、不达标字段数/检查失败数、最近编辑时间、最近检查时间、操作。
2）其中标准达标率为“100%”，不达标字段数/检查失败数为“0/0”
9. 跳转至【落标检查结果】tab
10. 1）显示对应的正确数据源、数据库、数据表、字段、检查状态、是否达标、检查开始时间、检查结束时间、操作。
2）其中检查状态为“检查完成”，是否达标为“达标”
11. 检查结果详情包含以下信息：
1）检查信息：检查数据源、数据库、数据表、字段与配置的内容一致；
2）检查结果列表：字符串长度、数据精度、空值数、取值范围、精度倍数、重复数都显示“达标”，开始检查时间、结束检查时间正确，操作为“--”
3）关联标准详情与前面配置的内容一致
12. 字符串长度、数据精度、空值数、取值范围、精度倍数sql进行合并：
1）源表只扫描一次：FROM 后面的源表只出现 1 次；
​2）所有可合并规则写在同一个select里面：用多个 SUM (CASE WHEN) 把规则并行计算；
3）计算后再把结果拆成多行，每行代表单个规则进行输出，最终把结果插入同一张脏数据表
重复数sql不进行合并：
1）只有单个select计算语句，不参与SUM (CASE WHEN)并行计算逻辑
2）脏数据存储于另一张脏数据表
13. 6个检查项都达标，详情正确","1. 
2. 
3. 
4. 
5. 
6. 
7. 
8. 
9. 
10. 
11. 
12. 
13.","","1","功能测试","功能测试阶段","正常","0","4","13","通过","听筠","2026-06-03","听筠","2026-06-10","1","",""
"186466","数据资产_STD(#23)","/版本迭代测试用例/v6.4.11/【岚图】【数据资产】落标检查任务性能优化，规则sql合并/可合并+不可合并(#10607)","【岚图】【数据资产】数据质量任务、落标检查任务性能优化，规则sql合并(#15862)","有车型 验证「有车型」-「不绑定车型关联字段」-「取值范围+重复数」校验功能","1、已存在表order_info
CREATE TABLE IF NOT EXISTS tytest.order_info (
user_id INT COMMENT &#039;用户ID&#039;,
tall FLOAT COMMENT &#039;身高&#039;,
weight DOUBLE COMMENT &#039;体重&#039;,
amount DECIMAL(10,3) COMMENT &#039;金额&#039;,
car_model STRING COMMENT &#039;车型&#039;,
age BYTE COMMENT &#039;年龄&#039;,
score SHORT COMMENT &#039;评分&#039;,
total_orders LONG COMMENT &#039;总订单数&#039;,
is_vip BOOLEAN COMMENT &#039;是否VIP&#039;,
register_date DATE COMMENT &#039;注册日期&#039;,
last_login TIMESTAMP COMMENT &#039;最后登录时间&#039;
)
PARTITIONED BY (order_date STRING COMMENT &#039;订单日期，格式yyyy-MM-dd&#039;);
-- 插入2026-01-12分区数据
INSERT INTO tytest.order_info PARTITION (order_date=&#039;2026-01-12&#039;)
VALUES
(1000, 160, NULL, 265.2, &#039;小米su7&#039;, 25, 80, 10, TRUE, DATE &#039;2024-01-01&#039;, TIMESTAMP &#039;2026-01-12 10:30:00&#039;),
(102, 170, 66, 140.80, &#039;小米su7&#039;, 30, 85, 5, FALSE, DATE &#039;2024-03-15&#039;, TIMESTAMP &#039;2026-01-12 14:20:00&#039;),
(1100, 180.23, 459897, 187, &#039;保时捷718&#039;, 35, 90, 3, TRUE, DATE &#039;2024-06-20&#039;, TIMESTAMP &#039;2026-01-12 09:15:00&#039;);
-- 插入2026-01-13分区数据
INSERT INTO tytest.order_info PARTITION (order_date=&#039;2026-01-13&#039;)
VALUES
(1001, 160, NULL, 265, &#039;小米su7&#039;, 26, 82, 15, NULL, CAST(&#039;2024-01-15&#039; AS DATE), CAST(&#039;2026-01-13 11:00:00&#039; AS TIMESTAMP)),
(1001, 160, NULL, NULL, &#039;小米su7&#039;, 26, 82, 16, FALSE, CAST(NULL AS DATE), CAST(&#039;2026-01-13 15:30:00&#039; AS TIMESTAMP)),
(102, 170, 66, 15483.568, &#039;小米su7&#039;, 31, 87, 8, TRUE, CAST(&#039;2024-04-01&#039; AS DATE), CAST(NULL AS TIMESTAMP)),
(1001, 160, NULL, 265, &#039;小米su7&#039;, 26, 82, 17, FALSE, CAST(&#039;2024-01-15&#039; AS DATE), CAST(&#039;2026-01-13 18:20:00&#039; AS TIMESTAMP)),
(110030, 180.23, 459897, 80.55485, &#039;保时捷718&#039;, 36, 92, 5, NULL, CAST(&#039;2024-07-10&#039; AS DATE), CAST(NULL AS TIMESTAMP)),
(110030, 180.23, 459897, 80.55485, &#039;保时捷718&#039;, 36, 92, 6, FALSE, CAST(&#039;2024-07-10&#039; AS DATE), CAST(&#039;2026-01-13 14:05:00&#039; AS TIMESTAMP)),
(11003, 180.23, 459897, NULL, &#039;保时捷718&#039;, 36, 92, 7, FALSE, CAST(NULL AS DATE), CAST(&#039;2026-01-13 16:40:00&#039; AS TIMESTAMP)),
(1001, 160, NULL, 265, NULL, 26, 82, 17, FALSE, CAST(&#039;2024-01-15&#039; AS DATE), CAST(&#039;2026-01-13 18:20:00&#039; AS TIMESTAMP)),
(11003, 180.23, 459897, 80.55485, NULL, 36, 92, 5, NULL, CAST(&#039;2024-07-10&#039; AS DATE), CAST(NULL AS TIMESTAMP));
2、已存在标准目录：test","1. 进入「资产-数据标准-标准定义」页面
2. 新建标准配置如下：
「中文名称」：「总额」
「英文名称」：「amount」
「英文缩写」：「at」
「标准目录」：「test」
「车型」：「小米su7，保时捷718」
1）小米su7：
「数据类型」：「数值型」
「数据长度」：「<=5」
「数据精度」：「3/2」
「是否允许为空」：「不可空」
「是否允许重复」：「不可重复」
「默认值」：「1」
「取值范围」：「>=10且<=280」
「初始值」：「2」
「无效值」：「0.1」
「精度倍数」：「2.2」
「偏移量」：「0.02」；
2）保时捷718：
「数据类型」：「数值型」
「数据长度」：「<=5」
「数据精度」：「3/2」
「是否允许为空」：「不可空」
「是否允许重复」：「不可重复」
「默认值」：「1」
「取值范围」：「>=180且<=999」
「初始值」：「2」
「无效值」：「0.1」
「精度倍数」：「2.2」
「偏移量」：「0.02」；
点击【上线】
3. 点击「标准映射」页面，进行标准映射
4. 给该标准绑定字段：绑定amount字段
5. 点击「落标检查」页面，新增检查任务，检查内容配置如下：
「数据源」：「${DATASOURCE}」
「数据库」：「${DATABASE}」
「数据表」：「order_info」
「选择已有分区」：「dt=2026-01-12」
「标准目录」：「test」
不绑定「车型关联字段」；
点击【下一步】
6. 开启amount字段的检查，设置检查项为：取值范围、重复数；
点击【下一步】
7. 配置调度属性为按天运行，其余内容正确配置；点击【新增并立即执行】
8. 等待检查完成，查看【落标检查设置】tab列表
9. 点击【操作-查看结果详情】
10. 查看【落标检查结果】tab列表
11. 点击【操作-查看详情】
12. 根据文档步骤通过底层数据库查看该检查任务的sql
13. 等待该检查任务按周期运行完成，查看结果详情","1. 页面正常打开
2. 内容配置成功；
标准成功上线
3. 标准映射列表新增该标准
4. 字段绑定成功
5. 检查内容配置成功；
进入选择字段页面
6. 成功开启检查并设置检查项；
进入调度配置页面
7. 保存成功，任务进入检查中状态
8. 1）显示对应的正确数据表名称、所属数据源、所属数据库、检查字段数/总字段数、检查周期、检查状态、标准达标率、不达标字段数/检查失败数、最近编辑时间、最近检查时间、操作。
2）其中标准达标率为“100%”，不达标字段数/检查失败数为“0/0”
9. 跳转至【落标检查结果】tab
10. 1）显示对应的正确数据源、数据库、数据表、字段、检查状态、是否达标、检查开始时间、检查结束时间、操作。
2）其中检查状态为“检查完成”，是否达标为“达标”
11. 检查结果详情包含以下信息：
1）检查信息：检查数据源、数据库、数据表、字段与配置的内容一致；
2）检查结果列表：取值范围、重复数都显示“达标”，开始检查时间、结束检查时间正确，操作为“--”
3）关联标准详情与前面配置的内容一致
12. sql未进行合并：
1）每一条校验规则，都单独去读取一遍源数据表；
​2）各个规则的判断计算语句都是分开写的，一条规则对应一个select语句，无并行计算逻辑
​3）不同规则的数据分开存入不同的脏数据表
13. 检查项都达标，详情正确","1. 
2. 
3. 
4. 
5. 
6. 
7. 
8. 
9. 
10. 
11. 
12. 
13.","","2","功能测试","功能测试阶段","正常","0","2","13","通过","听筠","2026-06-03","听筠","2026-06-10","2","",""
"186465","数据资产_STD(#23)","/版本迭代测试用例/v6.4.11/【岚图】【数据资产】落标检查任务性能优化，规则sql合并/可合并+不可合并(#10607)","【岚图】【数据资产】数据质量任务、落标检查任务性能优化，规则sql合并(#15862)","有车型 验证「有车型」-「不绑定车型关联字段」-「空值数+重复数」校验功能","1、已存在表order_info
CREATE TABLE IF NOT EXISTS tytest.order_info (
user_id INT COMMENT &#039;用户ID&#039;,
tall FLOAT COMMENT &#039;身高&#039;,
weight DOUBLE COMMENT &#039;体重&#039;,
amount DECIMAL(10,3) COMMENT &#039;金额&#039;,
car_model STRING COMMENT &#039;车型&#039;,
age BYTE COMMENT &#039;年龄&#039;,
score SHORT COMMENT &#039;评分&#039;,
total_orders LONG COMMENT &#039;总订单数&#039;,
is_vip BOOLEAN COMMENT &#039;是否VIP&#039;,
register_date DATE COMMENT &#039;注册日期&#039;,
last_login TIMESTAMP COMMENT &#039;最后登录时间&#039;
)
PARTITIONED BY (order_date STRING COMMENT &#039;订单日期，格式yyyy-MM-dd&#039;);
-- 插入2026-01-12分区数据
INSERT INTO tytest.order_info PARTITION (order_date=&#039;2026-01-12&#039;)
VALUES
(1000, 160, NULL, 265.2, &#039;小米su7&#039;, 25, 80, 10, TRUE, DATE &#039;2024-01-01&#039;, TIMESTAMP &#039;2026-01-12 10:30:00&#039;),
(102, 170, 66, 140.80, &#039;小米su7&#039;, 30, 85, 5, FALSE, DATE &#039;2024-03-15&#039;, TIMESTAMP &#039;2026-01-12 14:20:00&#039;),
(1100, 180.23, 459897, 187, &#039;保时捷718&#039;, 35, 90, 3, TRUE, DATE &#039;2024-06-20&#039;, TIMESTAMP &#039;2026-01-12 09:15:00&#039;);
-- 插入2026-01-13分区数据
INSERT INTO tytest.order_info PARTITION (order_date=&#039;2026-01-13&#039;)
VALUES
(1001, 160, NULL, 265, &#039;小米su7&#039;, 26, 82, 15, NULL, CAST(&#039;2024-01-15&#039; AS DATE), CAST(&#039;2026-01-13 11:00:00&#039; AS TIMESTAMP)),
(1001, 160, NULL, NULL, &#039;小米su7&#039;, 26, 82, 16, FALSE, CAST(NULL AS DATE), CAST(&#039;2026-01-13 15:30:00&#039; AS TIMESTAMP)),
(102, 170, 66, 15483.568, &#039;小米su7&#039;, 31, 87, 8, TRUE, CAST(&#039;2024-04-01&#039; AS DATE), CAST(NULL AS TIMESTAMP)),
(1001, 160, NULL, 265, &#039;小米su7&#039;, 26, 82, 17, FALSE, CAST(&#039;2024-01-15&#039; AS DATE), CAST(&#039;2026-01-13 18:20:00&#039; AS TIMESTAMP)),
(110030, 180.23, 459897, 80.55485, &#039;保时捷718&#039;, 36, 92, 5, NULL, CAST(&#039;2024-07-10&#039; AS DATE), CAST(NULL AS TIMESTAMP)),
(110030, 180.23, 459897, 80.55485, &#039;保时捷718&#039;, 36, 92, 6, FALSE, CAST(&#039;2024-07-10&#039; AS DATE), CAST(&#039;2026-01-13 14:05:00&#039; AS TIMESTAMP)),
(11003, 180.23, 459897, NULL, &#039;保时捷718&#039;, 36, 92, 7, FALSE, CAST(NULL AS DATE), CAST(&#039;2026-01-13 16:40:00&#039; AS TIMESTAMP)),
(1001, 160, NULL, 265, NULL, 26, 82, 17, FALSE, CAST(&#039;2024-01-15&#039; AS DATE), CAST(&#039;2026-01-13 18:20:00&#039; AS TIMESTAMP)),
(11003, 180.23, 459897, 80.55485, NULL, 36, 92, 5, NULL, CAST(&#039;2024-07-10&#039; AS DATE), CAST(NULL AS TIMESTAMP));
2、已存在标准目录：test","1. 进入「资产-数据标准-标准定义」页面
2. 新建标准配置如下：
「中文名称」：「总额」
「英文名称」：「amount」
「英文缩写」：「at」
「标准目录」：「test」
「车型」：「小米su7，保时捷718」
1）小米su7：
「数据类型」：「数值型」
「数据长度」：「<=5」
「数据精度」：「3/2」
「是否允许为空」：「不可空」
「是否允许重复」：「不可重复」
「默认值」：「1」
「取值范围」：「>=10且<=280」
「初始值」：「2」
「无效值」：「0.1」
「精度倍数」：「2.2」
「偏移量」：「0.02」；
2）保时捷718：
「数据类型」：「数值型」
「数据长度」：「<=5」
「数据精度」：「3/2」
「是否允许为空」：「不可空」
「是否允许重复」：「不可重复」
「默认值」：「1」
「取值范围」：「>=180且<=999」
「初始值」：「2」
「无效值」：「0.1」
「精度倍数」：「2.2」
「偏移量」：「0.02」；
点击【上线】
3. 点击「标准映射」页面，进行标准映射
4. 给该标准绑定字段：绑定amount字段
5. 点击「落标检查」页面，新增检查任务，检查内容配置如下：
「数据源」：「${DATASOURCE}」
「数据库」：「${DATABASE}」
「数据表」：「order_info」
「选择已有分区」：「dt=2026-01-12」
「标准目录」：「test」
不绑定「车型关联字段」；
点击【下一步】
6. 开启amount字段的检查，设置检查项为：空值数、重复数；
点击【下一步】
7. 配置调度属性为按天运行，其余内容正确配置；点击【新增并立即执行】
8. 等待检查完成，查看【落标检查设置】tab列表
9. 点击【操作-查看结果详情】
10. 查看【落标检查结果】tab列表
11. 点击【操作-查看详情】
12. 根据文档步骤通过底层数据库查看该检查任务的sql
13. 等待该检查任务按周期运行完成，查看结果详情","1. 页面正常打开
2. 内容配置成功；
标准成功上线
3. 标准映射列表新增该标准
4. 字段绑定成功
5. 检查内容配置成功；
进入选择字段页面
6. 成功开启检查并设置检查项；
进入调度配置页面
7. 保存成功，任务进入检查中状态
8. 1）显示对应的正确数据表名称、所属数据源、所属数据库、检查字段数/总字段数、检查周期、检查状态、标准达标率、不达标字段数/检查失败数、最近编辑时间、最近检查时间、操作。
2）其中标准达标率为“100%”，不达标字段数/检查失败数为“0/0”
9. 跳转至【落标检查结果】tab
10. 1）显示对应的正确数据源、数据库、数据表、字段、检查状态、是否达标、检查开始时间、检查结束时间、操作。
2）其中检查状态为“检查完成”，是否达标为“达标”
11. 检查结果详情包含以下信息：
1）检查信息：检查数据源、数据库、数据表、字段与配置的内容一致；
2）检查结果列表：空值数、重复数都显示“达标”，开始检查时间、结束检查时间正确，操作为“--”
3）关联标准详情与前面配置的内容一致
12. sql未进行合并：
1）每一条校验规则，都单独去读取一遍源数据表；
​2）各个规则的判断计算语句都是分开写的，一条规则对应一个select语句，无并行计算逻辑
​3）不同规则的数据分开存入不同的脏数据表
13. 检查项都达标，详情正确","1. 
2. 
3. 
4. 
5. 
6. 
7. 
8. 
9. 
10. 
11. 
12. 
13.","","2","功能测试","功能测试阶段","正常","0","2","13","通过","听筠","2026-06-03","听筠","2026-06-10","2","",""
"186464","数据资产_STD(#23)","/版本迭代测试用例/v6.4.11/【岚图】【数据资产】落标检查任务性能优化，规则sql合并/可合并+不可合并(#10607)","【岚图】【数据资产】数据质量任务、落标检查任务性能优化，规则sql合并(#15862)","有车型 验证「有车型」-「不绑定车型关联字段」-「精度倍数+重复数」校验功能","1、已存在表order_info
CREATE TABLE IF NOT EXISTS tytest.order_info (
user_id INT COMMENT &#039;用户ID&#039;,
tall FLOAT COMMENT &#039;身高&#039;,
weight DOUBLE COMMENT &#039;体重&#039;,
amount DECIMAL(10,3) COMMENT &#039;金额&#039;,
car_model STRING COMMENT &#039;车型&#039;,
age BYTE COMMENT &#039;年龄&#039;,
score SHORT COMMENT &#039;评分&#039;,
total_orders LONG COMMENT &#039;总订单数&#039;,
is_vip BOOLEAN COMMENT &#039;是否VIP&#039;,
register_date DATE COMMENT &#039;注册日期&#039;,
last_login TIMESTAMP COMMENT &#039;最后登录时间&#039;
)
PARTITIONED BY (order_date STRING COMMENT &#039;订单日期，格式yyyy-MM-dd&#039;);
-- 插入2026-01-12分区数据
INSERT INTO tytest.order_info PARTITION (order_date=&#039;2026-01-12&#039;)
VALUES
(1000, 160, NULL, 265.2, &#039;小米su7&#039;, 25, 80, 10, TRUE, DATE &#039;2024-01-01&#039;, TIMESTAMP &#039;2026-01-12 10:30:00&#039;),
(102, 170, 66, 140.80, &#039;小米su7&#039;, 30, 85, 5, FALSE, DATE &#039;2024-03-15&#039;, TIMESTAMP &#039;2026-01-12 14:20:00&#039;),
(1100, 180.23, 459897, 187, &#039;保时捷718&#039;, 35, 90, 3, TRUE, DATE &#039;2024-06-20&#039;, TIMESTAMP &#039;2026-01-12 09:15:00&#039;);
-- 插入2026-01-13分区数据
INSERT INTO tytest.order_info PARTITION (order_date=&#039;2026-01-13&#039;)
VALUES
(1001, 160, NULL, 265, &#039;小米su7&#039;, 26, 82, 15, NULL, CAST(&#039;2024-01-15&#039; AS DATE), CAST(&#039;2026-01-13 11:00:00&#039; AS TIMESTAMP)),
(1001, 160, NULL, NULL, &#039;小米su7&#039;, 26, 82, 16, FALSE, CAST(NULL AS DATE), CAST(&#039;2026-01-13 15:30:00&#039; AS TIMESTAMP)),
(102, 170, 66, 15483.568, &#039;小米su7&#039;, 31, 87, 8, TRUE, CAST(&#039;2024-04-01&#039; AS DATE), CAST(NULL AS TIMESTAMP)),
(1001, 160, NULL, 265, &#039;小米su7&#039;, 26, 82, 17, FALSE, CAST(&#039;2024-01-15&#039; AS DATE), CAST(&#039;2026-01-13 18:20:00&#039; AS TIMESTAMP)),
(110030, 180.23, 459897, 80.55485, &#039;保时捷718&#039;, 36, 92, 5, NULL, CAST(&#039;2024-07-10&#039; AS DATE), CAST(NULL AS TIMESTAMP)),
(110030, 180.23, 459897, 80.55485, &#039;保时捷718&#039;, 36, 92, 6, FALSE, CAST(&#039;2024-07-10&#039; AS DATE), CAST(&#039;2026-01-13 14:05:00&#039; AS TIMESTAMP)),
(11003, 180.23, 459897, NULL, &#039;保时捷718&#039;, 36, 92, 7, FALSE, CAST(NULL AS DATE), CAST(&#039;2026-01-13 16:40:00&#039; AS TIMESTAMP)),
(1001, 160, NULL, 265, NULL, 26, 82, 17, FALSE, CAST(&#039;2024-01-15&#039; AS DATE), CAST(&#039;2026-01-13 18:20:00&#039; AS TIMESTAMP)),
(11003, 180.23, 459897, 80.55485, NULL, 36, 92, 5, NULL, CAST(&#039;2024-07-10&#039; AS DATE), CAST(NULL AS TIMESTAMP));
2、已存在标准目录：test","1. 进入「资产-数据标准-标准定义」页面
2. 新建标准配置如下：
「中文名称」：「总额」
「英文名称」：「amount」
「英文缩写」：「at」
「标准目录」：「test」
「车型」：「小米su7，保时捷718」
1）小米su7：
「数据类型」：「数值型」
「数据长度」：「<=5」
「数据精度」：「3/2」
「是否允许为空」：「不可空」
「是否允许重复」：「不可重复」
「默认值」：「1」
「取值范围」：「>=10且<=280」
「初始值」：「2」
「无效值」：「0.1」
「精度倍数」：「2.2」
「偏移量」：「0.02」；
2）保时捷718：
「数据类型」：「数值型」
「数据长度」：「<=5」
「数据精度」：「3/2」
「是否允许为空」：「不可空」
「是否允许重复」：「不可重复」
「默认值」：「1」
「取值范围」：「>=180且<=999」
「初始值」：「2」
「无效值」：「0.1」
「精度倍数」：「2.2」
「偏移量」：「0.02」；
点击【上线】
3. 点击「标准映射」页面，进行标准映射
4. 给该标准绑定字段：绑定amount字段
5. 点击「落标检查」页面，新增检查任务，检查内容配置如下：
「数据源」：「${DATASOURCE}」
「数据库」：「${DATABASE}」
「数据表」：「order_info」
「选择已有分区」：「dt=2026-01-12」
「标准目录」：「test」
不绑定「车型关联字段」；
点击【下一步】
6. 开启amount字段的检查，设置检查项为：精度倍数、重复数；
点击【下一步】
7. 配置调度属性为按天运行，其余内容正确配置；点击【新增并立即执行】
8. 等待检查完成，查看【落标检查设置】tab列表
9. 点击【操作-查看结果详情】
10. 查看【落标检查结果】tab列表
11. 点击【操作-查看详情】
12. 根据文档步骤通过底层数据库查看该检查任务的sql
13. 等待该检查任务按周期运行完成，查看结果详情","1. 页面正常打开
2. 内容配置成功；
标准成功上线
3. 标准映射列表新增该标准
4. 字段绑定成功
5. 检查内容配置成功；
进入选择字段页面
6. 成功开启检查并设置检查项；
进入调度配置页面
7. 保存成功，任务进入检查中状态
8. 1）显示对应的正确数据表名称、所属数据源、所属数据库、检查字段数/总字段数、检查周期、检查状态、标准达标率、不达标字段数/检查失败数、最近编辑时间、最近检查时间、操作。
2）其中标准达标率为“100%”，不达标字段数/检查失败数为“0/0”
9. 跳转至【落标检查结果】tab
10. 1）显示对应的正确数据源、数据库、数据表、字段、检查状态、是否达标、检查开始时间、检查结束时间、操作。
2）其中检查状态为“检查完成”，是否达标为“达标”
11. 检查结果详情包含以下信息：
1）检查信息：检查数据源、数据库、数据表、字段与配置的内容一致；
2）检查结果列表：精度倍数、重复数都显示“达标”，开始检查时间、结束检查时间正确，操作为“--”
3）关联标准详情与前面配置的内容一致
12. sql未进行合并：
1）每一条校验规则，都单独去读取一遍源数据表；
​2）各个规则的判断计算语句都是分开写的，一条规则对应一个select语句，无并行计算逻辑
​3）不同规则的数据分开存入不同的脏数据表
13. 检查项都达标，详情正确","1. 
2. 
3. 
4. 
5. 
6. 
7. 
8. 
9. 
10. 
11. 
12. 
13.","","2","功能测试","功能测试阶段","正常","0","2","13","通过","听筠","2026-06-03","听筠","2026-06-10","2","",""
"186463","数据资产_STD(#23)","/版本迭代测试用例/v6.4.11/【岚图】【数据资产】落标检查任务性能优化，规则sql合并/可合并+不可合并(#10607)","【岚图】【数据资产】数据质量任务、落标检查任务性能优化，规则sql合并(#15862)","有车型 验证「有车型」-「不绑定车型关联字段」-「数据精度+重复数」校验功能","1、已存在表order_info
CREATE TABLE IF NOT EXISTS tytest.order_info (
user_id INT COMMENT &#039;用户ID&#039;,
tall FLOAT COMMENT &#039;身高&#039;,
weight DOUBLE COMMENT &#039;体重&#039;,
amount DECIMAL(10,3) COMMENT &#039;金额&#039;,
car_model STRING COMMENT &#039;车型&#039;,
age BYTE COMMENT &#039;年龄&#039;,
score SHORT COMMENT &#039;评分&#039;,
total_orders LONG COMMENT &#039;总订单数&#039;,
is_vip BOOLEAN COMMENT &#039;是否VIP&#039;,
register_date DATE COMMENT &#039;注册日期&#039;,
last_login TIMESTAMP COMMENT &#039;最后登录时间&#039;
)
PARTITIONED BY (order_date STRING COMMENT &#039;订单日期，格式yyyy-MM-dd&#039;);
-- 插入2026-01-12分区数据
INSERT INTO tytest.order_info PARTITION (order_date=&#039;2026-01-12&#039;)
VALUES
(1000, 160, NULL, 265.2, &#039;小米su7&#039;, 25, 80, 10, TRUE, DATE &#039;2024-01-01&#039;, TIMESTAMP &#039;2026-01-12 10:30:00&#039;),
(102, 170, 66, 140.80, &#039;小米su7&#039;, 30, 85, 5, FALSE, DATE &#039;2024-03-15&#039;, TIMESTAMP &#039;2026-01-12 14:20:00&#039;),
(1100, 180.23, 459897, 187, &#039;保时捷718&#039;, 35, 90, 3, TRUE, DATE &#039;2024-06-20&#039;, TIMESTAMP &#039;2026-01-12 09:15:00&#039;);
-- 插入2026-01-13分区数据
INSERT INTO tytest.order_info PARTITION (order_date=&#039;2026-01-13&#039;)
VALUES
(1001, 160, NULL, 265, &#039;小米su7&#039;, 26, 82, 15, NULL, CAST(&#039;2024-01-15&#039; AS DATE), CAST(&#039;2026-01-13 11:00:00&#039; AS TIMESTAMP)),
(1001, 160, NULL, NULL, &#039;小米su7&#039;, 26, 82, 16, FALSE, CAST(NULL AS DATE), CAST(&#039;2026-01-13 15:30:00&#039; AS TIMESTAMP)),
(102, 170, 66, 15483.568, &#039;小米su7&#039;, 31, 87, 8, TRUE, CAST(&#039;2024-04-01&#039; AS DATE), CAST(NULL AS TIMESTAMP)),
(1001, 160, NULL, 265, &#039;小米su7&#039;, 26, 82, 17, FALSE, CAST(&#039;2024-01-15&#039; AS DATE), CAST(&#039;2026-01-13 18:20:00&#039; AS TIMESTAMP)),
(110030, 180.23, 459897, 80.55485, &#039;保时捷718&#039;, 36, 92, 5, NULL, CAST(&#039;2024-07-10&#039; AS DATE), CAST(NULL AS TIMESTAMP)),
(110030, 180.23, 459897, 80.55485, &#039;保时捷718&#039;, 36, 92, 6, FALSE, CAST(&#039;2024-07-10&#039; AS DATE), CAST(&#039;2026-01-13 14:05:00&#039; AS TIMESTAMP)),
(11003, 180.23, 459897, NULL, &#039;保时捷718&#039;, 36, 92, 7, FALSE, CAST(NULL AS DATE), CAST(&#039;2026-01-13 16:40:00&#039; AS TIMESTAMP)),
(1001, 160, NULL, 265, NULL, 26, 82, 17, FALSE, CAST(&#039;2024-01-15&#039; AS DATE), CAST(&#039;2026-01-13 18:20:00&#039; AS TIMESTAMP)),
(11003, 180.23, 459897, 80.55485, NULL, 36, 92, 5, NULL, CAST(&#039;2024-07-10&#039; AS DATE), CAST(NULL AS TIMESTAMP));
2、已存在标准目录：test","1. 进入「资产-数据标准-标准定义」页面
2. 新建标准配置如下：
「中文名称」：「总额」
「英文名称」：「amount」
「英文缩写」：「at」
「标准目录」：「test」
「车型」：「小米su7，保时捷718」
1）小米su7：
「数据类型」：「数值型」
「数据长度」：「<=5」
「数据精度」：「3/2」
「是否允许为空」：「不可空」
「是否允许重复」：「不可重复」
「默认值」：「1」
「取值范围」：「>=10且<=280」
「初始值」：「2」
「无效值」：「0.1」
「精度倍数」：「2.2」
「偏移量」：「0.02」；
2）保时捷718：
「数据类型」：「数值型」
「数据长度」：「<=5」
「数据精度」：「3/2」
「是否允许为空」：「不可空」
「是否允许重复」：「不可重复」
「默认值」：「1」
「取值范围」：「>=180且<=999」
「初始值」：「2」
「无效值」：「0.1」
「精度倍数」：「2.2」
「偏移量」：「0.02」；
点击【上线】
3. 点击「标准映射」页面，进行标准映射
4. 给该标准绑定字段：绑定amount字段
5. 点击「落标检查」页面，新增检查任务，检查内容配置如下：
「数据源」：「${DATASOURCE}」
「数据库」：「${DATABASE}」
「数据表」：「order_info」
「选择已有分区」：「dt=2026-01-13」
「标准目录」：「test」
不绑定「车型关联字段」；
点击【下一步】
6. 开启amount字段的检查，设置检查项为：数据精度、重复数；
点击【下一步】
7. 配置调度属性为按天运行，其余内容正确配置；点击【新增并立即执行】
8. 等待检查完成，查看【落标检查设置】tab列表
9. 点击【操作-查看结果详情】
10. 查看【落标检查结果】tab列表
11. 点击【操作-查看详情】
12. 点击列表里检查项对应的的【操作-查看详情】
13. 根据文档步骤通过底层数据库查看该检查任务的sql
14. 等待该检查任务按周期运行完成，查看结果详情","1. 页面正常打开
2. 内容配置成功；
标准成功上线
3. 标准映射列表新增该标准
4. 字段绑定成功
5. 检查内容配置成功；
进入选择字段页面
6. 成功开启检查并设置检查项；
进入调度配置页面
7. 保存成功，任务进入检查中状态
8. 1）显示对应的正确数据表名称、所属数据源、所属数据库、检查字段数/总字段数、检查周期、检查状态、标准达标率、不达标字段数/检查失败数、最近编辑时间、最近检查时间、操作。
2）其中标准达标率为“0%”，不达标字段数/检查失败数为“1/0”
9. 跳转至【落标检查结果】tab
10. 1）显示对应的正确数据源、数据库、数据表、字段、检查状态、是否达标、检查开始时间、检查结束时间、操作。
2）其中检查状态为“检查完成”，是否达标为“未达标”
11. 检查结果详情包含以下信息：
1）检查信息：检查数据源、数据库、数据表、字段与配置的内容一致；
2）检查结果列表：数据精度、重复数显示“未达标”，开始检查时间、结束检查时间正确，操作为“查看详情”
3）关联标准详情与前面配置的内容一致
12. 1）为脏数据明细，显示不符合检查项的数据，标红展示
2）行数<=100
13. sql未进行合并：
1）每一条校验规则，都单独去读取一遍源数据表；
​2）各个规则的判断计算语句都是分开写的，一条规则对应一个select语句，无并行计算逻辑
​3）不同规则的数据分开存入不同的脏数据表
14. 数据精度、重复数未达标，详情正确","1. 
2. 
3. 
4. 
5. 
6. 
7. 
8. 
9. 
10. 
11. 
12. 
13. 
14.","","2","功能测试","功能测试阶段","正常","0","2","14","通过","听筠","2026-06-03","听筠","2026-06-10","2","",""
"186462","数据资产_STD(#23)","/版本迭代测试用例/v6.4.11/【岚图】【数据资产】落标检查任务性能优化，规则sql合并/可合并+不可合并(#10607)","【岚图】【数据资产】数据质量任务、落标检查任务性能优化，规则sql合并(#15862)","有车型 验证「有车型」-「不绑定车型关联字段」-「字符串长度+重复数」校验功能","1、已存在表order_info
CREATE TABLE IF NOT EXISTS tytest.order_info (
user_id INT COMMENT &#039;用户ID&#039;,
tall FLOAT COMMENT &#039;身高&#039;,
weight DOUBLE COMMENT &#039;体重&#039;,
amount DECIMAL(10,3) COMMENT &#039;金额&#039;,
car_model STRING COMMENT &#039;车型&#039;,
age BYTE COMMENT &#039;年龄&#039;,
score SHORT COMMENT &#039;评分&#039;,
total_orders LONG COMMENT &#039;总订单数&#039;,
is_vip BOOLEAN COMMENT &#039;是否VIP&#039;,
register_date DATE COMMENT &#039;注册日期&#039;,
last_login TIMESTAMP COMMENT &#039;最后登录时间&#039;
)
PARTITIONED BY (order_date STRING COMMENT &#039;订单日期，格式yyyy-MM-dd&#039;);
-- 插入2026-01-12分区数据
INSERT INTO tytest.order_info PARTITION (order_date=&#039;2026-01-12&#039;)
VALUES
(1000, 160, NULL, 265.2, &#039;小米su7&#039;, 25, 80, 10, TRUE, DATE &#039;2024-01-01&#039;, TIMESTAMP &#039;2026-01-12 10:30:00&#039;),
(102, 170, 66, 140.80, &#039;小米su7&#039;, 30, 85, 5, FALSE, DATE &#039;2024-03-15&#039;, TIMESTAMP &#039;2026-01-12 14:20:00&#039;),
(1100, 180.23, 459897, 187, &#039;保时捷718&#039;, 35, 90, 3, TRUE, DATE &#039;2024-06-20&#039;, TIMESTAMP &#039;2026-01-12 09:15:00&#039;);
-- 插入2026-01-13分区数据
INSERT INTO tytest.order_info PARTITION (order_date=&#039;2026-01-13&#039;)
VALUES
(1001, 160, NULL, 265, &#039;小米su7&#039;, 26, 82, 15, NULL, CAST(&#039;2024-01-15&#039; AS DATE), CAST(&#039;2026-01-13 11:00:00&#039; AS TIMESTAMP)),
(1001, 160, NULL, NULL, &#039;小米su7&#039;, 26, 82, 16, FALSE, CAST(NULL AS DATE), CAST(&#039;2026-01-13 15:30:00&#039; AS TIMESTAMP)),
(102, 170, 66, 15483.568, &#039;小米su7&#039;, 31, 87, 8, TRUE, CAST(&#039;2024-04-01&#039; AS DATE), CAST(NULL AS TIMESTAMP)),
(1001, 160, NULL, 265, &#039;小米su7&#039;, 26, 82, 17, FALSE, CAST(&#039;2024-01-15&#039; AS DATE), CAST(&#039;2026-01-13 18:20:00&#039; AS TIMESTAMP)),
(110030, 180.23, 459897, 80.55485, &#039;保时捷718&#039;, 36, 92, 5, NULL, CAST(&#039;2024-07-10&#039; AS DATE), CAST(NULL AS TIMESTAMP)),
(110030, 180.23, 459897, 80.55485, &#039;保时捷718&#039;, 36, 92, 6, FALSE, CAST(&#039;2024-07-10&#039; AS DATE), CAST(&#039;2026-01-13 14:05:00&#039; AS TIMESTAMP)),
(11003, 180.23, 459897, NULL, &#039;保时捷718&#039;, 36, 92, 7, FALSE, CAST(NULL AS DATE), CAST(&#039;2026-01-13 16:40:00&#039; AS TIMESTAMP)),
(1001, 160, NULL, 265, NULL, 26, 82, 17, FALSE, CAST(&#039;2024-01-15&#039; AS DATE), CAST(&#039;2026-01-13 18:20:00&#039; AS TIMESTAMP)),
(11003, 180.23, 459897, 80.55485, NULL, 36, 92, 5, NULL, CAST(&#039;2024-07-10&#039; AS DATE), CAST(NULL AS TIMESTAMP));
2、已存在标准目录：test","1. 进入「资产-数据标准-标准定义」页面
2. 新建标准配置如下：
「中文名称」：「总额」
「英文名称」：「amount」
「英文缩写」：「at」
「标准目录」：「test」
「车型」：「小米su7，保时捷718」
1）小米su7：
「数据类型」：「数值型」
「数据长度」：「<=5」
「数据精度」：「3/2」
「是否允许为空」：「不可空」
「是否允许重复」：「不可重复」
「默认值」：「1」
「取值范围」：「>=10且<=280」
「初始值」：「2」
「无效值」：「0.1」
「精度倍数」：「2.2」
「偏移量」：「0.02」；
2）保时捷718：
「数据类型」：「数值型」
「数据长度」：「<=5」
「数据精度」：「3/2」
「是否允许为空」：「不可空」
「是否允许重复」：「不可重复」
「默认值」：「1」
「取值范围」：「>=180且<=999」
「初始值」：「2」
「无效值」：「0.1」
「精度倍数」：「2.2」
「偏移量」：「0.02」；
点击【上线】
3. 点击「标准映射」页面，进行标准映射
4. 给该标准绑定字段：绑定amount字段
5. 点击「落标检查」页面，新增检查任务，检查内容配置如下：
「数据源」：「${DATASOURCE}」
「数据库」：「${DATABASE}」
「数据表」：「order_info」
「选择已有分区」：「dt=2026-01-13」
「标准目录」：「test」
不绑定「车型关联字段」；
点击【下一步】
6. 开启amount字段的检查，设置检查项为：字符串长度、重复数；
点击【下一步】
7. 配置调度属性为按天运行，其余内容正确配置；点击【新增并立即执行】
8. 等待检查完成，查看【落标检查设置】tab列表
9. 点击【操作-查看结果详情】
10. 查看【落标检查结果】tab列表
11. 点击【操作-查看详情】
12. 点击列表里检查项对应的的【操作-查看详情】
13. 根据文档步骤通过底层数据库查看该检查任务的sql
14. 等待该检查任务按周期运行完成，查看结果详情","1. 页面正常打开
2. 内容配置成功；
标准成功上线
3. 标准映射列表新增该标准
4. 字段绑定成功
5. 检查内容配置成功；
进入选择字段页面
6. 成功开启检查并设置检查项；
进入调度配置页面
7. 保存成功，任务进入检查中状态
8. 1）显示对应的正确数据表名称、所属数据源、所属数据库、检查字段数/总字段数、检查周期、检查状态、标准达标率、不达标字段数/检查失败数、最近编辑时间、最近检查时间、操作。
2）其中标准达标率为“0%”，不达标字段数/检查失败数为“1/0”
9. 跳转至【落标检查结果】tab
10. 1）显示对应的正确数据源、数据库、数据表、字段、检查状态、是否达标、检查开始时间、检查结束时间、操作。
2）其中检查状态为“检查完成”，是否达标为“未达标”
11. 检查结果详情包含以下信息：
1）检查信息：检查数据源、数据库、数据表、字段与配置的内容一致；
2）检查结果列表：字符串长度、重复数显示“未达标”，开始检查时间、结束检查时间正确，操作为“查看详情”
3）关联标准详情与前面配置的内容一致
12. 1）为脏数据明细，显示不符合检查项的数据，标红展示
2）行数<=100
13. sql未进行合并：
1）每一条校验规则，都单独去读取一遍源数据表；
​2）各个规则的判断计算语句都是分开写的，一条规则对应一个select语句，无并行计算逻辑
​3）不同规则的数据分开存入不同的脏数据表
14. 字符串长度、重复数未达标，详情正确","1. 
2. 
3. 
4. 
5. 
6. 
7. 
8. 
9. 
10. 
11. 
12. 
13. 
14.","","2","功能测试","功能测试阶段","正常","0","2","14","通过","听筠","2026-06-03","听筠","2026-06-10","2","",""
"186461","数据资产_STD(#23)","/版本迭代测试用例/v6.4.11/【岚图】【数据资产】落标检查任务性能优化，规则sql合并/可合并+不可合并(#10607)","【岚图】【数据资产】数据质量任务、落标检查任务性能优化，规则sql合并(#15862)","有车型 验证「有车型」-「绑定车型关联字段」-「字符串长度+数据精度+精度倍数+空值数+取值范围+重复数」校验功能","<p style=“font-size:14px;background-color:#FFFFFF;“>1、已存在表order_info</p>
<p style=“font-size:14px;background-color:#FFFFFF;“>CREATE TABLE IF NOT EXISTS tytest.order_info(<br /> user_id INT COMMENT&#039;用户ID&#039;,<br /> tall FLOAT COMMENT&#039;身高&#039;,<br /> weight DOUBLE COMMENT&#039;体重&#039;,<br /> amount DECIMAL(10,3) COMMENT&#039;金额&#039;,<br /> car_model STRING COMMENT&#039;车型&#039;,<br /> age BYTE COMMENT&#039;年龄&#039;,<br /> score SHORT COMMENT&#039;评分&#039;,<br /> total_orders LONG COMMENT&#039;总订单数&#039;,<br /> is_vip BOOLEAN COMMENT&#039;是否VIP&#039;,<br /> register_date DATE COMMENT&#039;注册日期&#039;,<br /> last_login TIMESTAMP COMMENT&#039;最后登录时间&#039;,<br /> user_name STRING COMMENT&#039;用户名（非数值字段）&#039;,<br /> order_amount_str STRING COMMENT&#039;订单金额字符串（数值字段）&#039;<br />)PARTITIONED BY(<br /> order_date STRING COMMENT&#039;订单日期，格式yyyy-MM-dd&#039;<br />);<br />-- 插入2026-01-12分区数据<br />INSERT INTO<br /> tytest.order_info PARTITION (order_date = &#039;2026-01-12&#039;)<br />VALUES<br /> (<br /> 1000,<br /> 160,<br /> NULL,<br /> 265.2,<br /> &#039;小米su7&#039;,<br /> 25,<br /> 80,<br /> 10,<br /> TRUE,<br /> DATE &#039;2024-01-01&#039;,<br /> TIMESTAMP &#039;2026-01-12 10:30:00&#039;,<br /> &#039;张三&#039;,<br /> &#039;265.20&#039;<br /> ),<br /> (<br /> 102,<br /> 170,<br /> 66,<br /> 140.80,<br /> &#039;小米su7&#039;,<br /> 30,<br /> 85,<br /> 5,<br /> FALSE,<br /> DATE &#039;2024-03-15&#039;,<br /> TIMESTAMP &#039;2026-01-12 14:20:00&#039;,<br /> &#039;李四&#039;,<br /> &#039;140.80&#039;<br /> ),<br /> (<br /> 1100,<br /> 180.23,<br /> 459897,<br /> 187,<br /> &#039;保时捷718&#039;,<br /> 35,<br /> 90,<br /> 3,<br /> TRUE,<br /> DATE &#039;2024-06-20&#039;,<br /> TIMESTAMP &#039;2026-01-12 09:15:00&#039;,<br /> &#039;王五&#039;,<br /> &#039;187.00&#039;<br /> );<br />-- 插入2026-01-13分区数据<br />INSERT INTO<br /> tytest.order_info PARTITION (order_date = &#039;2026-01-13&#039;)<br />VALUES<br /> (<br /> 1001,<br /> 160,<br /> NULL,<br /> 265,<br /> &#039;小米su7&#039;,<br /> 26,<br /> 82,<br /> 15,<br /> NULL,<br /> CAST(&#039;2024-01-15&#039; AS DATE),<br /> CAST(&#039;2026-01-13 11:00:00&#039; AS TIMESTAMP),<br /> &#039;赵六&#039;,<br /> &#039;265.00&#039;<br /> ),<br /> (<br /> 1001,<br /> 160,<br /> NULL,<br /> NULL,<br /> &#039;小米su7&#039;,<br /> 26,<br /> 82,<br /> 16,<br /> FALSE,<br /> CAST(NULL AS DATE),<br /> CAST(&#039;2026-01-13 15:30:00&#039; AS TIMESTAMP),<br /> &#039;孙七&#039;,<br /> NULL<br /> ),<br /> (<br /> 102,<br /> 170,<br /> 66,<br /> 15483.568,<br /> &#039;小米su7&#039;,<br /> 31,<br /> 87,<br /> 8,<br /> TRUE,<br /> CAST(&#039;2024-04-01&#039; AS DATE),<br /> CAST(NULL AS TIMESTAMP),<br /> &#039;周八&#039;,<br /> &#039;15483.568&#039;<br /> ),<br /> (<br /> 1001,<br /> 160,<br /> NULL,<br /> 265,<br /> &#039;小米su7&#039;,<br /> 26,<br /> 82,<br /> 17,<br /> FALSE,<br /> CAST(&#039;2024-01-15&#039; AS DATE),<br /> CAST(&#039;2026-01-13 18:20:00&#039; AS TIMESTAMP),<br /> &#039;吴九&#039;,<br /> &#039;265.00&#039;<br /> ),<br /> (<br /> 110030,<br /> 180.23,<br /> 459897,<br /> 80.55485,<br /> &#039;保时捷718&#039;,<br /> 36,<br /> 92,<br /> 5,<br /> NULL,<br /> CAST(&#039;2024-07-10&#039; AS DATE),<br /> CAST(NULL AS TIMESTAMP),<br /> &#039;郑十&#039;,<br /> &#039;80.55485&#039;<br /> ),<br /> (<br /> 110030,<br /> 180.23,<br /> 459897,<br /> 80.55485,<br /> &#039;保时捷718&#039;,<br /> 36,<br /> 92,<br /> 6,<br /> FALSE,<br /> CAST(&#039;2024-07-10&#039; AS DATE),<br /> CAST(&#039;2026-01-13 14:05:00&#039; AS TIMESTAMP),<br /> &#039;钱十一&#039;,<br /> &#039;80.55485&#039;<br /> ),<br /> (<br /> 11003,<br /> 180.23,<br /> 459897,<br /> NULL,<br /> &#039;保时捷718&#039;,<br /> 36,<br /> 92,<br /> 7,<br /> FALSE,<br /> CAST(NULL AS DATE),<br /> CAST(&#039;2026-01-13 16:40:00&#039; AS TIMESTAMP),<br /> &#039;孙十二&#039;,<br /> NULL<br /> ),<br /> (<br /> 1001,<br /> 160,<br /> NULL,<br /> 265,<br /> NULL,<br /> 26,<br /> 82,<br /> 17,<br /> FALSE,<br /> CAST(&#039;2024-01-15&#039; AS DATE),<br /> CAST(&#039;2026-01-13 18:20:00&#039; AS TIMESTAMP),<br /> &#039;李十三&#039;,<br /> &#039;265.00&#039;<br /> ),<br /> (<br /> 11003,<br /> 180.23,<br /> 459897,<br /> 80.55485,<br /> NULL,<br /> 36,<br /> 92,<br /> 5,<br /> NULL,<br /> CAST(&#039;2024-07-10&#039; AS DATE),<br /> CAST(NULL AS TIMESTAMP),<br /> &#039;王十四&#039;,<br /> &#039;80.55485&#039;<br /> );</p>
<p style=“font-size:14px;background-color:#FFFFFF;“>2、已存在标准目录：test</p>","1. 进入「资产-数据标准-标准定义」页面
2. 新建标准配置如下：
「中文名称」：「总额」
「英文名称」：「amount」
「英文缩写」：「at」
「标准目录」：「test」
「车型」：「小米su7，保时捷718」
1）小米su7：
「数据类型」：「数值型」
「数据长度」：「<=5」
「数据精度」：「3/2」
「是否允许为空」：「不可空」
「是否允许重复」：「不可重复」
「默认值」：「1」
「取值范围」：「>=10且<=280」
「初始值」：「2」
「无效值」：「0.1」
「精度倍数」：「2.2」
「偏移量」：「0.02」；
2）保时捷718：
「数据类型」：「数值型」
「数据长度」：「<=5」
「数据精度」：「3/2」
「是否允许为空」：「不可空」
「是否允许重复」：「不可重复」
「默认值」：「1」
「取值范围」：「>=180且<=999」
「初始值」：「2」
「无效值」：「0.1」
「精度倍数」：「2.2」
「偏移量」：「0.02」；
点击【上线】
3. 点击「标准映射」页面，进行标准映射
4. 给该标准绑定字段：绑定amount字段
5. 点击「落标检查」页面，新增检查任务，检查内容配置如下：
「数据源」：「${DATASOURCE}」
「数据库」：「${DATABASE}」
「数据表」：「order_info」
「选择已有分区」：「dt=2026-01-12」
「标准目录」：「test」
「车型关联字段」：「car_model」；
点击【下一步】
6. 开启amount字段的检查，设置检查项为：字符串长度、数据精度、空值数、取值范围、精度倍数、重复数；
点击【下一步】
7. 配置调度属性为按天运行，其余内容正确配置；点击【新增并立即执行】
8. 等待检查完成，查看【落标检查设置】tab列表
9. 点击【操作-查看结果详情】
10. 查看【落标检查结果】tab列表
11. 点击【操作-查看详情】
12. 根据文档步骤通过底层数据库查看该检查任务的sql
13. 等待该检查任务按周期运行完成，查看结果详情","1. 页面正常打开
2. 内容配置成功；
标准成功上线
3. 标准映射列表新增该标准
4. 字段绑定成功
5. 检查内容配置成功；
进入选择字段页面
6. 成功开启检查并设置检查项；
进入调度配置页面
7. 保存成功，任务进入检查中状态
8. 1）显示对应的正确数据表名称、所属数据源、所属数据库、检查字段数/总字段数、检查周期、检查状态、标准达标率、不达标字段数/检查失败数、最近编辑时间、最近检查时间、操作。
2）其中标准达标率为“100%”，不达标字段数/检查失败数为“0/0”
9. 跳转至【落标检查结果】tab
10. 1）显示对应的正确数据源、数据库、数据表、字段、检查状态、是否达标、检查开始时间、检查结束时间、操作。
2）其中检查状态为“检查完成”，是否达标为“达标”
11. 检查结果详情包含以下信息：
1）检查信息：检查数据源、数据库、数据表、字段与配置的内容一致；
2）检查结果列表：字符串长度、数据精度、空值数、取值范围、精度倍数都显示“达标”，开始检查时间、结束检查时间正确，操作为“--”
3）关联标准详情与前面配置的内容一致
12. 字符串长度、数据精度、空值数、取值范围、精度倍数sql进行合并：
1）源表只扫描一次：FROM 后面的源表只出现 1 次；
​2）所有可合并规则写在同一个select里面：用多个 SUM (CASE WHEN) 把规则并行计算；
3）计算后再把结果拆成多行，每行代表单个规则进行输出，最终把结果插入同一张脏数据表
重复数sql不进行合并：
1）只有单个select计算语句，不参与SUM (CASE WHEN)并行计算逻辑
2）脏数据存储于另一张脏数据表
13. 字符串长度、数据精度、空值数、取值范围、精度倍数、重复数6个检查项都达标，详情正确","1. 
2. 
3. 
4. 
5. 
6. 
7. 
8. 
9. 
10. 
11. 
12. 
13.","","1","功能测试","功能测试阶段","正常","0","4","13","通过","听筠","2026-06-03","听筠","2026-06-10","2","",""
"186460","数据资产_STD(#23)","/版本迭代测试用例/v6.4.11/【岚图】【数据资产】落标检查任务性能优化，规则sql合并/可合并+不可合并(#10607)","【岚图】【数据资产】数据质量任务、落标检查任务性能优化，规则sql合并(#15862)","有车型 验证「有车型」-「绑定车型关联字段」-「取值范围+重复数」校验功能","1、已存在表order_info
CREATE TABLE IF NOT EXISTS tytest.order_info (
user_id INT COMMENT &#039;用户ID&#039;,
tall FLOAT COMMENT &#039;身高&#039;,
weight DOUBLE COMMENT &#039;体重&#039;,
amount DECIMAL(10,3) COMMENT &#039;金额&#039;,
car_model STRING COMMENT &#039;车型&#039;,
age BYTE COMMENT &#039;年龄&#039;,
score SHORT COMMENT &#039;评分&#039;,
total_orders LONG COMMENT &#039;总订单数&#039;,
is_vip BOOLEAN COMMENT &#039;是否VIP&#039;,
register_date DATE COMMENT &#039;注册日期&#039;,
last_login TIMESTAMP COMMENT &#039;最后登录时间&#039;
)
PARTITIONED BY (order_date STRING COMMENT &#039;订单日期，格式yyyy-MM-dd&#039;);
-- 插入2026-01-12分区数据
INSERT INTO tytest.order_info PARTITION (order_date=&#039;2026-01-12&#039;)
VALUES
(1000, 160, NULL, 265.2, &#039;小米su7&#039;, 25, 80, 10, TRUE, DATE &#039;2024-01-01&#039;, TIMESTAMP &#039;2026-01-12 10:30:00&#039;),
(102, 170, 66, 140.80, &#039;小米su7&#039;, 30, 85, 5, FALSE, DATE &#039;2024-03-15&#039;, TIMESTAMP &#039;2026-01-12 14:20:00&#039;),
(1100, 180.23, 459897, 187, &#039;保时捷718&#039;, 35, 90, 3, TRUE, DATE &#039;2024-06-20&#039;, TIMESTAMP &#039;2026-01-12 09:15:00&#039;);
-- 插入2026-01-13分区数据
INSERT INTO tytest.order_info PARTITION (order_date=&#039;2026-01-13&#039;)
VALUES
(1001, 160, NULL, 265, &#039;小米su7&#039;, 26, 82, 15, NULL, CAST(&#039;2024-01-15&#039; AS DATE), CAST(&#039;2026-01-13 11:00:00&#039; AS TIMESTAMP)),
(1001, 160, NULL, NULL, &#039;小米su7&#039;, 26, 82, 16, FALSE, CAST(NULL AS DATE), CAST(&#039;2026-01-13 15:30:00&#039; AS TIMESTAMP)),
(102, 170, 66, 15483.568, &#039;小米su7&#039;, 31, 87, 8, TRUE, CAST(&#039;2024-04-01&#039; AS DATE), CAST(NULL AS TIMESTAMP)),
(1001, 160, NULL, 265, &#039;小米su7&#039;, 26, 82, 17, FALSE, CAST(&#039;2024-01-15&#039; AS DATE), CAST(&#039;2026-01-13 18:20:00&#039; AS TIMESTAMP)),
(110030, 180.23, 459897, 80.55485, &#039;保时捷718&#039;, 36, 92, 5, NULL, CAST(&#039;2024-07-10&#039; AS DATE), CAST(NULL AS TIMESTAMP)),
(110030, 180.23, 459897, 80.55485, &#039;保时捷718&#039;, 36, 92, 6, FALSE, CAST(&#039;2024-07-10&#039; AS DATE), CAST(&#039;2026-01-13 14:05:00&#039; AS TIMESTAMP)),
(11003, 180.23, 459897, NULL, &#039;保时捷718&#039;, 36, 92, 7, FALSE, CAST(NULL AS DATE), CAST(&#039;2026-01-13 16:40:00&#039; AS TIMESTAMP)),
(1001, 160, NULL, 265, NULL, 26, 82, 17, FALSE, CAST(&#039;2024-01-15&#039; AS DATE), CAST(&#039;2026-01-13 18:20:00&#039; AS TIMESTAMP)),
(11003, 180.23, 459897, 80.55485, NULL, 36, 92, 5, NULL, CAST(&#039;2024-07-10&#039; AS DATE), CAST(NULL AS TIMESTAMP));
2、已存在标准目录：test","1. 进入「资产-数据标准-标准定义」页面
2. 新建标准配置如下：
「中文名称」：「总额」
「英文名称」：「amount」
「英文缩写」：「at」
「标准目录」：「test」
「车型」：「小米su7，保时捷718」
1）小米su7：
「数据类型」：「数值型」
「数据长度」：「<=5」
「数据精度」：「3/2」
「是否允许为空」：「不可空」
「是否允许重复」：「不可重复」
「默认值」：「1」
「取值范围」：「>=10且<=280」
「初始值」：「2」
「无效值」：「0.1」
「精度倍数」：「2.2」
「偏移量」：「0.02」；
2）保时捷718：
「数据类型」：「数值型」
「数据长度」：「<=5」
「数据精度」：「3/2」
「是否允许为空」：「不可空」
「是否允许重复」：「不可重复」
「默认值」：「1」
「取值范围」：「>=180且<=999」
「初始值」：「2」
「无效值」：「0.1」
「精度倍数」：「2.2」
「偏移量」：「0.02」；
点击【上线】
3. 点击「标准映射」页面，进行标准映射
4. 给该标准绑定字段：绑定amount字段
5. 点击「落标检查」页面，新增检查任务，检查内容配置如下：
「数据源」：「${DATASOURCE}」
「数据库」：「${DATABASE}」
「数据表」：「order_info」
「选择已有分区」：「dt=2026-01-13」
「标准目录」：「test」
「车型关联字段」：「car_model」；
点击【下一步】
6. 开启amount字段的检查，设置检查项为：取值范围、重复数；
点击【下一步】
7. 配置调度属性为按天运行，其余内容正确配置；点击【新增并立即执行】
8. 等待检查完成，查看【落标检查设置】tab列表
9. 点击【操作-查看结果详情】
10. 查看【落标检查结果】tab列表
11. 点击【操作-查看详情】
12. 点击列表里检查项对应的的【操作-查看详情】
13. 根据文档步骤通过底层数据库查看该检查任务的sql
14. 等待该检查任务按周期运行完成，查看结果详情","1. 页面正常打开
2. 内容配置成功；
标准成功上线
3. 标准映射列表新增该标准
4. 字段绑定成功
5. 检查内容配置成功；
进入选择字段页面
6. 成功开启检查并设置检查项；
进入调度配置页面
7. 保存成功，任务进入检查中状态
8. 1）显示对应的正确数据表名称、所属数据源、所属数据库、检查字段数/总字段数、检查周期、检查状态、标准达标率、不达标字段数/检查失败数、最近编辑时间、最近检查时间、操作。
2）其中标准达标率为“0%”，不达标字段数/检查失败数为“1/0”
9. 跳转至【落标检查结果】tab
10. 1）显示对应的正确数据源、数据库、数据表、字段、检查状态、是否达标、检查开始时间、检查结束时间、操作。
2）其中检查状态为“检查完成”，是否达标为“未达标”
11. 检查结果详情包含以下信息：
1）检查信息：检查数据源、数据库、数据表、字段与配置的内容一致；
2）检查结果列表：取值范围、重复数显示“未达标”，开始检查时间、结束检查时间正确，操作为“查看详情”
3）关联标准详情与前面配置的内容一致
12. 1）为脏数据明细，显示不符合检查项的数据，标红展示
2）行数<=100
13. sql未进行合并：
1）每一条校验规则，都单独去读取一遍源数据表；
​2）各个规则的判断计算语句都是分开写的，一条规则对应一个select语句，无并行计算逻辑
​3）不同规则的数据分开存入不同的脏数据表
14. 取值范围、重复数未达标，详情正确","1. 
2. 
3. 
4. 
5. 
6. 
7. 
8. 
9. 
10. 
11. 
12. 
13. 
14.","","2","功能测试","功能测试阶段","正常","0","2","14","通过","听筠","2026-06-03","听筠","2026-06-10","2","",""
"186459","数据资产_STD(#23)","/版本迭代测试用例/v6.4.11/【岚图】【数据资产】落标检查任务性能优化，规则sql合并/可合并+不可合并(#10607)","【岚图】【数据资产】数据质量任务、落标检查任务性能优化，规则sql合并(#15862)","有车型 验证「有车型」-「绑定车型关联字段」-「空值数+重复数」校验功能","1、已存在表order_info
CREATE TABLE IF NOT EXISTS tytest.order_info (
user_id INT COMMENT &#039;用户ID&#039;,
tall FLOAT COMMENT &#039;身高&#039;,
weight DOUBLE COMMENT &#039;体重&#039;,
amount DECIMAL(10,3) COMMENT &#039;金额&#039;,
car_model STRING COMMENT &#039;车型&#039;,
age BYTE COMMENT &#039;年龄&#039;,
score SHORT COMMENT &#039;评分&#039;,
total_orders LONG COMMENT &#039;总订单数&#039;,
is_vip BOOLEAN COMMENT &#039;是否VIP&#039;,
register_date DATE COMMENT &#039;注册日期&#039;,
last_login TIMESTAMP COMMENT &#039;最后登录时间&#039;
)
PARTITIONED BY (order_date STRING COMMENT &#039;订单日期，格式yyyy-MM-dd&#039;);
-- 插入2026-01-12分区数据
INSERT INTO tytest.order_info PARTITION (order_date=&#039;2026-01-12&#039;)
VALUES
(1000, 160, NULL, 265.2, &#039;小米su7&#039;, 25, 80, 10, TRUE, DATE &#039;2024-01-01&#039;, TIMESTAMP &#039;2026-01-12 10:30:00&#039;),
(102, 170, 66, 140.80, &#039;小米su7&#039;, 30, 85, 5, FALSE, DATE &#039;2024-03-15&#039;, TIMESTAMP &#039;2026-01-12 14:20:00&#039;),
(1100, 180.23, 459897, 187, &#039;保时捷718&#039;, 35, 90, 3, TRUE, DATE &#039;2024-06-20&#039;, TIMESTAMP &#039;2026-01-12 09:15:00&#039;);
-- 插入2026-01-13分区数据
INSERT INTO tytest.order_info PARTITION (order_date=&#039;2026-01-13&#039;)
VALUES
(1001, 160, NULL, 265, &#039;小米su7&#039;, 26, 82, 15, NULL, CAST(&#039;2024-01-15&#039; AS DATE), CAST(&#039;2026-01-13 11:00:00&#039; AS TIMESTAMP)),
(1001, 160, NULL, NULL, &#039;小米su7&#039;, 26, 82, 16, FALSE, CAST(NULL AS DATE), CAST(&#039;2026-01-13 15:30:00&#039; AS TIMESTAMP)),
(102, 170, 66, 15483.568, &#039;小米su7&#039;, 31, 87, 8, TRUE, CAST(&#039;2024-04-01&#039; AS DATE), CAST(NULL AS TIMESTAMP)),
(1001, 160, NULL, 265, &#039;小米su7&#039;, 26, 82, 17, FALSE, CAST(&#039;2024-01-15&#039; AS DATE), CAST(&#039;2026-01-13 18:20:00&#039; AS TIMESTAMP)),
(110030, 180.23, 459897, 80.55485, &#039;保时捷718&#039;, 36, 92, 5, NULL, CAST(&#039;2024-07-10&#039; AS DATE), CAST(NULL AS TIMESTAMP)),
(110030, 180.23, 459897, 80.55485, &#039;保时捷718&#039;, 36, 92, 6, FALSE, CAST(&#039;2024-07-10&#039; AS DATE), CAST(&#039;2026-01-13 14:05:00&#039; AS TIMESTAMP)),
(11003, 180.23, 459897, NULL, &#039;保时捷718&#039;, 36, 92, 7, FALSE, CAST(NULL AS DATE), CAST(&#039;2026-01-13 16:40:00&#039; AS TIMESTAMP)),
(1001, 160, NULL, 265, NULL, 26, 82, 17, FALSE, CAST(&#039;2024-01-15&#039; AS DATE), CAST(&#039;2026-01-13 18:20:00&#039; AS TIMESTAMP)),
(11003, 180.23, 459897, 80.55485, NULL, 36, 92, 5, NULL, CAST(&#039;2024-07-10&#039; AS DATE), CAST(NULL AS TIMESTAMP));
2、已存在标准目录：test","1. 进入「资产-数据标准-标准定义」页面
2. 新建标准配置如下：
「中文名称」：「总额」
「英文名称」：「amount」
「英文缩写」：「at」
「标准目录」：「test」
「车型」：「小米su7，保时捷718」
1）小米su7：
「数据类型」：「数值型」
「数据长度」：「<=5」
「数据精度」：「3/2」
「是否允许为空」：「不可空」
「是否允许重复」：「不可重复」
「默认值」：「1」
「取值范围」：「>=10且<=280」
「初始值」：「2」
「无效值」：「0.1」
「精度倍数」：「2.2」
「偏移量」：「0.02」；
2）保时捷718：
「数据类型」：「数值型」
「数据长度」：「<=5」
「数据精度」：「3/2」
「是否允许为空」：「不可空」
「是否允许重复」：「不可重复」
「默认值」：「1」
「取值范围」：「>=180且<=999」
「初始值」：「2」
「无效值」：「0.1」
「精度倍数」：「2.2」
「偏移量」：「0.02」；
点击【上线】
3. 点击「标准映射」页面，进行标准映射
4. 给该标准绑定字段：绑定amount字段
5. 点击「落标检查」页面，新增检查任务，检查内容配置如下：
「数据源」：「${DATASOURCE}」
「数据库」：「${DATABASE}」
「数据表」：「order_info」
「选择已有分区」：「dt=2026-01-12」
「标准目录」：「test」
「车型关联字段」：「car_model」；
点击【下一步】
6. 开启amount字段的检查，设置检查项为：空值数、重复数；
点击【下一步】
7. 配置调度属性为按天运行，其余内容正确配置；点击【新增并立即执行】
8. 等待检查完成，查看【落标检查设置】tab列表
9. 点击【操作-查看结果详情】
10. 查看【落标检查结果】tab列表
11. 点击【操作-查看详情】
12. 根据文档步骤通过底层数据库查看该检查任务的sql
13. 等待该检查任务按周期运行完成，查看结果详情","1. 页面正常打开
2. 内容配置成功；
标准成功上线
3. 标准映射列表新增该标准
4. 字段绑定成功
5. 检查内容配置成功；
进入选择字段页面
6. 成功开启检查并设置检查项；
进入调度配置页面
7. 保存成功，任务进入检查中状态
8. 1）显示对应的正确数据表名称、所属数据源、所属数据库、检查字段数/总字段数、检查周期、检查状态、标准达标率、不达标字段数/检查失败数、最近编辑时间、最近检查时间、操作。
2）其中标准达标率为“100%”，不达标字段数/检查失败数为“0/0”
9. 跳转至【落标检查结果】tab
10. 1）显示对应的正确数据源、数据库、数据表、字段、检查状态、是否达标、检查开始时间、检查结束时间、操作。
2）其中检查状态为“检查完成”，是否达标为“达标”
11. 检查结果详情包含以下信息：
1）检查信息：检查数据源、数据库、数据表、字段与配置的内容一致；
2）检查结果列表：空值数、重复数都显示“达标”，开始检查时间、结束检查时间正确，操作为“--”
3）关联标准详情与前面配置的内容一致
12. sql未进行合并：
1）每一条校验规则，都单独去读取一遍源数据表；
​2）各个规则的判断计算语句都是分开写的，一条规则对应一个select语句，无并行计算逻辑
​3）不同规则的数据分开存入不同的脏数据表
13. 检查项都达标，详情正确","1. 
2. 
3. 
4. 
5. 
6. 
7. 
8. 
9. 
10. 
11. 
12. 
13.","","2","功能测试","功能测试阶段","正常","0","2","13","通过","听筠","2026-06-03","听筠","2026-06-10","2","",""
"186458","数据资产_STD(#23)","/版本迭代测试用例/v6.4.11/【岚图】【数据资产】落标检查任务性能优化，规则sql合并/可合并+不可合并(#10607)","【岚图】【数据资产】数据质量任务、落标检查任务性能优化，规则sql合并(#15862)","有车型 验证「有车型」-「绑定车型关联字段」-「精度倍数+重复数」校验功能","1、已存在表order_info
CREATE TABLE IF NOT EXISTS tytest.order_info (
user_id INT COMMENT &#039;用户ID&#039;,
tall FLOAT COMMENT &#039;身高&#039;,
weight DOUBLE COMMENT &#039;体重&#039;,
amount DECIMAL(10,3) COMMENT &#039;金额&#039;,
car_model STRING COMMENT &#039;车型&#039;,
age BYTE COMMENT &#039;年龄&#039;,
score SHORT COMMENT &#039;评分&#039;,
total_orders LONG COMMENT &#039;总订单数&#039;,
is_vip BOOLEAN COMMENT &#039;是否VIP&#039;,
register_date DATE COMMENT &#039;注册日期&#039;,
last_login TIMESTAMP COMMENT &#039;最后登录时间&#039;
)
PARTITIONED BY (order_date STRING COMMENT &#039;订单日期，格式yyyy-MM-dd&#039;);
-- 插入2026-01-12分区数据
INSERT INTO tytest.order_info PARTITION (order_date=&#039;2026-01-12&#039;)
VALUES
(1000, 160, NULL, 265.2, &#039;小米su7&#039;, 25, 80, 10, TRUE, DATE &#039;2024-01-01&#039;, TIMESTAMP &#039;2026-01-12 10:30:00&#039;),
(102, 170, 66, 140.80, &#039;小米su7&#039;, 30, 85, 5, FALSE, DATE &#039;2024-03-15&#039;, TIMESTAMP &#039;2026-01-12 14:20:00&#039;),
(1100, 180.23, 459897, 187, &#039;保时捷718&#039;, 35, 90, 3, TRUE, DATE &#039;2024-06-20&#039;, TIMESTAMP &#039;2026-01-12 09:15:00&#039;);
-- 插入2026-01-13分区数据
INSERT INTO tytest.order_info PARTITION (order_date=&#039;2026-01-13&#039;)
VALUES
(1001, 160, NULL, 265, &#039;小米su7&#039;, 26, 82, 15, NULL, CAST(&#039;2024-01-15&#039; AS DATE), CAST(&#039;2026-01-13 11:00:00&#039; AS TIMESTAMP)),
(1001, 160, NULL, NULL, &#039;小米su7&#039;, 26, 82, 16, FALSE, CAST(NULL AS DATE), CAST(&#039;2026-01-13 15:30:00&#039; AS TIMESTAMP)),
(102, 170, 66, 15483.568, &#039;小米su7&#039;, 31, 87, 8, TRUE, CAST(&#039;2024-04-01&#039; AS DATE), CAST(NULL AS TIMESTAMP)),
(1001, 160, NULL, 265, &#039;小米su7&#039;, 26, 82, 17, FALSE, CAST(&#039;2024-01-15&#039; AS DATE), CAST(&#039;2026-01-13 18:20:00&#039; AS TIMESTAMP)),
(110030, 180.23, 459897, 80.55485, &#039;保时捷718&#039;, 36, 92, 5, NULL, CAST(&#039;2024-07-10&#039; AS DATE), CAST(NULL AS TIMESTAMP)),
(110030, 180.23, 459897, 80.55485, &#039;保时捷718&#039;, 36, 92, 6, FALSE, CAST(&#039;2024-07-10&#039; AS DATE), CAST(&#039;2026-01-13 14:05:00&#039; AS TIMESTAMP)),
(11003, 180.23, 459897, NULL, &#039;保时捷718&#039;, 36, 92, 7, FALSE, CAST(NULL AS DATE), CAST(&#039;2026-01-13 16:40:00&#039; AS TIMESTAMP)),
(1001, 160, NULL, 265, NULL, 26, 82, 17, FALSE, CAST(&#039;2024-01-15&#039; AS DATE), CAST(&#039;2026-01-13 18:20:00&#039; AS TIMESTAMP)),
(11003, 180.23, 459897, 80.55485, NULL, 36, 92, 5, NULL, CAST(&#039;2024-07-10&#039; AS DATE), CAST(NULL AS TIMESTAMP));
2、已存在标准目录：test","1. 进入「资产-数据标准-标准定义」页面
2. 新建标准配置如下：
「中文名称」：「总额」
「英文名称」：「amount」
「英文缩写」：「at」
「标准目录」：「test」
「车型」：「小米su7，保时捷718」
1）小米su7：
「数据类型」：「数值型」
「数据长度」：「<=5」
「数据精度」：「3/2」
「是否允许为空」：「不可空」
「是否允许重复」：「不可重复」
「默认值」：「1」
「取值范围」：「>=10且<=280」
「初始值」：「2」
「无效值」：「0.1」
「精度倍数」：「2.2」
「偏移量」：「0.02」；
2）保时捷718：
「数据类型」：「数值型」
「数据长度」：「<=5」
「数据精度」：「3/2」
「是否允许为空」：「不可空」
「是否允许重复」：「不可重复」
「默认值」：「1」
「取值范围」：「>=180且<=999」
「初始值」：「2」
「无效值」：「0.1」
「精度倍数」：「2.2」
「偏移量」：「0.02」；
点击【上线】
3. 点击「标准映射」页面，进行标准映射
4. 给该标准绑定字段：绑定amount字段
5. 点击「落标检查」页面，新增检查任务，检查内容配置如下：
「数据源」：「${DATASOURCE}」
「数据库」：「${DATABASE}」
「数据表」：「order_info」
不设置分区
「标准目录」：「test」
「车型关联字段」：「car_model」；
点击【下一步】
6. 开启amount字段的检查，设置检查项为：精度倍数、重复数；
点击【下一步】
7. 配置调度属性为按天运行，其余内容正确配置；点击【新增并立即执行】
8. 等待检查完成，查看【落标检查设置】tab列表
9. 点击【操作-查看结果详情】
10. 查看【落标检查结果】tab列表
11. 点击【操作-查看详情】
12. 点击列表里检查项对应的的【操作-查看详情】
13. 根据文档步骤通过底层数据库查看该检查任务的sql
14. 等待该检查任务按周期运行完成，查看结果详情","1. 页面正常打开
2. 内容配置成功；
标准成功上线
3. 标准映射列表新增该标准
4. 字段绑定成功
5. 检查内容配置成功；
进入选择字段页面
6. 成功开启检查并设置检查项；
进入调度配置页面
7. 保存成功，任务进入检查中状态
8. 1）显示对应的正确数据表名称、所属数据源、所属数据库、检查字段数/总字段数、检查周期、检查状态、标准达标率、不达标字段数/检查失败数、最近编辑时间、最近检查时间、操作。
2）其中标准达标率为“0%”，不达标字段数/检查失败数为“1/0”
9. 跳转至【落标检查结果】tab
10. 1）显示对应的正确数据源、数据库、数据表、字段、检查状态、是否达标、检查开始时间、检查结束时间、操作。
2）其中检查状态为“检查完成”，是否达标为“未达标”
11. 检查结果详情包含以下信息：
1）检查信息：检查数据源、数据库、数据表、字段与配置的内容一致；
2）检查结果列表：精度倍数、重复数显示“未达标”，开始检查时间、结束检查时间正确，操作为“查看详情”
3）关联标准详情与前面配置的内容一致
12. 1）为脏数据明细，显示不符合检查项的数据，标红展示
2）行数<=100
13. sql未进行合并：
1）每一条校验规则，都单独去读取一遍源数据表；
​2）各个规则的判断计算语句都是分开写的，一条规则对应一个select语句，无并行计算逻辑
​3）不同规则的数据分开存入不同的脏数据表
14. 精度倍数、重复数未达标，详情正确","1. 
2. 
3. 
4. 
5. 
6. 
7. 
8. 
9. 
10. 
11. 
12. 
13. 
14.","","2","功能测试","功能测试阶段","正常","0","2","14","通过","听筠","2026-06-03","听筠","2026-06-10","2","",""
"186457","数据资产_STD(#23)","/版本迭代测试用例/v6.4.11/【岚图】【数据资产】落标检查任务性能优化，规则sql合并/可合并+不可合并(#10607)","【岚图】【数据资产】数据质量任务、落标检查任务性能优化，规则sql合并(#15862)","有车型 验证「有车型」-「绑定车型关联字段」-「数据精度+重复数」校验功能","1、已存在表order_info
CREATE TABLE IF NOT EXISTS tytest.order_info (
user_id INT COMMENT &#039;用户ID&#039;,
tall FLOAT COMMENT &#039;身高&#039;,
weight DOUBLE COMMENT &#039;体重&#039;,
amount DECIMAL(10,3) COMMENT &#039;金额&#039;,
car_model STRING COMMENT &#039;车型&#039;,
age BYTE COMMENT &#039;年龄&#039;,
score SHORT COMMENT &#039;评分&#039;,
total_orders LONG COMMENT &#039;总订单数&#039;,
is_vip BOOLEAN COMMENT &#039;是否VIP&#039;,
register_date DATE COMMENT &#039;注册日期&#039;,
last_login TIMESTAMP COMMENT &#039;最后登录时间&#039;
)
PARTITIONED BY (order_date STRING COMMENT &#039;订单日期，格式yyyy-MM-dd&#039;);
-- 插入2026-01-12分区数据
INSERT INTO tytest.order_info PARTITION (order_date=&#039;2026-01-12&#039;)
VALUES
(1000, 160, NULL, 265.2, &#039;小米su7&#039;, 25, 80, 10, TRUE, DATE &#039;2024-01-01&#039;, TIMESTAMP &#039;2026-01-12 10:30:00&#039;),
(102, 170, 66, 140.80, &#039;小米su7&#039;, 30, 85, 5, FALSE, DATE &#039;2024-03-15&#039;, TIMESTAMP &#039;2026-01-12 14:20:00&#039;),
(1100, 180.23, 459897, 187, &#039;保时捷718&#039;, 35, 90, 3, TRUE, DATE &#039;2024-06-20&#039;, TIMESTAMP &#039;2026-01-12 09:15:00&#039;);
-- 插入2026-01-13分区数据
INSERT INTO tytest.order_info PARTITION (order_date=&#039;2026-01-13&#039;)
VALUES
(1001, 160, NULL, 265, &#039;小米su7&#039;, 26, 82, 15, NULL, CAST(&#039;2024-01-15&#039; AS DATE), CAST(&#039;2026-01-13 11:00:00&#039; AS TIMESTAMP)),
(1001, 160, NULL, NULL, &#039;小米su7&#039;, 26, 82, 16, FALSE, CAST(NULL AS DATE), CAST(&#039;2026-01-13 15:30:00&#039; AS TIMESTAMP)),
(102, 170, 66, 15483.568, &#039;小米su7&#039;, 31, 87, 8, TRUE, CAST(&#039;2024-04-01&#039; AS DATE), CAST(NULL AS TIMESTAMP)),
(1001, 160, NULL, 265, &#039;小米su7&#039;, 26, 82, 17, FALSE, CAST(&#039;2024-01-15&#039; AS DATE), CAST(&#039;2026-01-13 18:20:00&#039; AS TIMESTAMP)),
(110030, 180.23, 459897, 80.55485, &#039;保时捷718&#039;, 36, 92, 5, NULL, CAST(&#039;2024-07-10&#039; AS DATE), CAST(NULL AS TIMESTAMP)),
(110030, 180.23, 459897, 80.55485, &#039;保时捷718&#039;, 36, 92, 6, FALSE, CAST(&#039;2024-07-10&#039; AS DATE), CAST(&#039;2026-01-13 14:05:00&#039; AS TIMESTAMP)),
(11003, 180.23, 459897, NULL, &#039;保时捷718&#039;, 36, 92, 7, FALSE, CAST(NULL AS DATE), CAST(&#039;2026-01-13 16:40:00&#039; AS TIMESTAMP)),
(1001, 160, NULL, 265, NULL, 26, 82, 17, FALSE, CAST(&#039;2024-01-15&#039; AS DATE), CAST(&#039;2026-01-13 18:20:00&#039; AS TIMESTAMP)),
(11003, 180.23, 459897, 80.55485, NULL, 36, 92, 5, NULL, CAST(&#039;2024-07-10&#039; AS DATE), CAST(NULL AS TIMESTAMP));
2、已存在标准目录：test","1. 进入「资产-数据标准-标准定义」页面
2. 新建标准配置如下：
「中文名称」：「总额」
「英文名称」：「amount」
「英文缩写」：「at」
「标准目录」：「test」
「车型」：「小米su7，保时捷718」
1）小米su7：
「数据类型」：「数值型」
「数据长度」：「<=5」
「数据精度」：「3/2」
「是否允许为空」：「不可空」
「是否允许重复」：「不可重复」
「默认值」：「1」
「取值范围」：「>=10且<=280」
「初始值」：「2」
「无效值」：「0.1」
「精度倍数」：「2.2」
「偏移量」：「0.02」；
2）保时捷718：
「数据类型」：「数值型」
「数据长度」：「<=5」
「数据精度」：「3/2」
「是否允许为空」：「不可空」
「是否允许重复」：「不可重复」
「默认值」：「1」
「取值范围」：「>=180且<=999」
「初始值」：「2」
「无效值」：「0.1」
「精度倍数」：「2.2」
「偏移量」：「0.02」；
点击【上线】
3. 点击「标准映射」页面，进行标准映射
4. 给该标准绑定字段：绑定amount字段
5. 点击「落标检查」页面，新增检查任务，检查内容配置如下：
「数据源」：「${DATASOURCE}」
「数据库」：「${DATABASE}」
「数据表」：「order_info」
「选择已有分区」：「dt=2026-01-13」
「标准目录」：「test」
「车型关联字段」：「car_model」；
点击【下一步】
6. 开启amount字段的检查，设置检查项为：数据精度、重复数；
点击【下一步】
7. 配置调度属性为按天运行，其余内容正确配置；点击【新增并立即执行】
8. 等待检查完成，查看【落标检查设置】tab列表
9. 点击【操作-查看结果详情】
10. 查看【落标检查结果】tab列表
11. 点击【操作-查看详情】
12. 点击列表里检查项对应的的【操作-查看详情】
13. 根据文档步骤通过底层数据库查看该检查任务的sql
14. 等待该检查任务按周期运行完成，查看结果详情","1. 页面正常打开
2. 内容配置成功；
标准成功上线
3. 标准映射列表新增该标准
4. 字段绑定成功
5. 检查内容配置成功；
进入选择字段页面
6. 成功开启检查并设置检查项；
进入调度配置页面
7. 保存成功，任务进入检查中状态
8. 1）显示对应的正确数据表名称、所属数据源、所属数据库、检查字段数/总字段数、检查周期、检查状态、标准达标率、不达标字段数/检查失败数、最近编辑时间、最近检查时间、操作。
2）其中标准达标率为“0%”，不达标字段数/检查失败数为“1/0”
9. 跳转至【落标检查结果】tab
10. 1）显示对应的正确数据源、数据库、数据表、字段、检查状态、是否达标、检查开始时间、检查结束时间、操作。
2）其中检查状态为“检查完成”，是否达标为“未达标”
11. 检查结果详情包含以下信息：
1）检查信息：检查数据源、数据库、数据表、字段与配置的内容一致；
2）检查结果列表：数据精度、重复数显示“未达标”，开始检查时间、结束检查时间正确，操作为“查看详情”
3）关联标准详情与前面配置的内容一致
12. 1）为脏数据明细，显示不符合检查项的数据，标红展示
2）行数<=100
13. sql未进行合并：
1）每一条校验规则，都单独去读取一遍源数据表；
​2）各个规则的判断计算语句都是分开写的，一条规则对应一个select语句，无并行计算逻辑
​3）不同规则的数据分开存入不同的脏数据表
14. 数据精度、重复数未达标，详情正确","1. 
2. 
3. 
4. 
5. 
6. 
7. 
8. 
9. 
10. 
11. 
12. 
13. 
14.","","2","功能测试","功能测试阶段","正常","0","2","14","通过","听筠","2026-06-03","听筠","2026-06-10","2","",""
"186456","数据资产_STD(#23)","/版本迭代测试用例/v6.4.11/【岚图】【数据资产】落标检查任务性能优化，规则sql合并/可合并+不可合并(#10607)","【岚图】【数据资产】数据质量任务、落标检查任务性能优化，规则sql合并(#15862)","有车型 验证「有车型」-「绑定车型关联字段」-「字符串长度+重复数」校验功能","1、已存在表order_info
CREATE TABLE IF NOT EXISTS tytest.order_info (
user_id INT COMMENT &#039;用户ID&#039;,
tall FLOAT COMMENT &#039;身高&#039;,
weight DOUBLE COMMENT &#039;体重&#039;,
amount DECIMAL(10,3) COMMENT &#039;金额&#039;,
car_model STRING COMMENT &#039;车型&#039;,
age BYTE COMMENT &#039;年龄&#039;,
score SHORT COMMENT &#039;评分&#039;,
total_orders LONG COMMENT &#039;总订单数&#039;,
is_vip BOOLEAN COMMENT &#039;是否VIP&#039;,
register_date DATE COMMENT &#039;注册日期&#039;,
last_login TIMESTAMP COMMENT &#039;最后登录时间&#039;
)
PARTITIONED BY (order_date STRING COMMENT &#039;订单日期，格式yyyy-MM-dd&#039;);
-- 插入2026-01-12分区数据
INSERT INTO tytest.order_info PARTITION (order_date=&#039;2026-01-12&#039;)
VALUES
(1000, 160, NULL, 265.2, &#039;小米su7&#039;, 25, 80, 10, TRUE, DATE &#039;2024-01-01&#039;, TIMESTAMP &#039;2026-01-12 10:30:00&#039;),
(102, 170, 66, 140.80, &#039;小米su7&#039;, 30, 85, 5, FALSE, DATE &#039;2024-03-15&#039;, TIMESTAMP &#039;2026-01-12 14:20:00&#039;),
(1100, 180.23, 459897, 187, &#039;保时捷718&#039;, 35, 90, 3, TRUE, DATE &#039;2024-06-20&#039;, TIMESTAMP &#039;2026-01-12 09:15:00&#039;);
-- 插入2026-01-13分区数据
INSERT INTO tytest.order_info PARTITION (order_date=&#039;2026-01-13&#039;)
VALUES
(1001, 160, NULL, 265, &#039;小米su7&#039;, 26, 82, 15, NULL, CAST(&#039;2024-01-15&#039; AS DATE), CAST(&#039;2026-01-13 11:00:00&#039; AS TIMESTAMP)),
(1001, 160, NULL, NULL, &#039;小米su7&#039;, 26, 82, 16, FALSE, CAST(NULL AS DATE), CAST(&#039;2026-01-13 15:30:00&#039; AS TIMESTAMP)),
(102, 170, 66, 15483.568, &#039;小米su7&#039;, 31, 87, 8, TRUE, CAST(&#039;2024-04-01&#039; AS DATE), CAST(NULL AS TIMESTAMP)),
(1001, 160, NULL, 265, &#039;小米su7&#039;, 26, 82, 17, FALSE, CAST(&#039;2024-01-15&#039; AS DATE), CAST(&#039;2026-01-13 18:20:00&#039; AS TIMESTAMP)),
(110030, 180.23, 459897, 80.55485, &#039;保时捷718&#039;, 36, 92, 5, NULL, CAST(&#039;2024-07-10&#039; AS DATE), CAST(NULL AS TIMESTAMP)),
(110030, 180.23, 459897, 80.55485, &#039;保时捷718&#039;, 36, 92, 6, FALSE, CAST(&#039;2024-07-10&#039; AS DATE), CAST(&#039;2026-01-13 14:05:00&#039; AS TIMESTAMP)),
(11003, 180.23, 459897, NULL, &#039;保时捷718&#039;, 36, 92, 7, FALSE, CAST(NULL AS DATE), CAST(&#039;2026-01-13 16:40:00&#039; AS TIMESTAMP)),
(1001, 160, NULL, 265, NULL, 26, 82, 17, FALSE, CAST(&#039;2024-01-15&#039; AS DATE), CAST(&#039;2026-01-13 18:20:00&#039; AS TIMESTAMP)),
(11003, 180.23, 459897, 80.55485, NULL, 36, 92, 5, NULL, CAST(&#039;2024-07-10&#039; AS DATE), CAST(NULL AS TIMESTAMP));
2、已存在标准目录：test","1. 进入「资产-数据标准-标准定义」页面
2. 新建标准配置如下：
「中文名称」：「总额」
「英文名称」：「amount」
「英文缩写」：「at」
「标准目录」：「test」
「车型」：「小米su7，保时捷718」
1）小米su7：
「数据类型」：「数值型」
「数据长度」：「<=5」
「数据精度」：「3/2」
「是否允许为空」：「不可空」
「是否允许重复」：「不可重复」
「默认值」：「1」
「取值范围」：「>=10且<=280」
「初始值」：「2」
「无效值」：「0.1」
「精度倍数」：「2.2」
「偏移量」：「0.02」；
2）保时捷718：
「数据类型」：「数值型」
「数据长度」：「<=5」
「数据精度」：「3/2」
「是否允许为空」：「不可空」
「是否允许重复」：「不可重复」
「默认值」：「1」
「取值范围」：「>=180且<=999」
「初始值」：「2」
「无效值」：「0.1」
「精度倍数」：「2.2」
「偏移量」：「0.02」；
点击【上线】
3. 点击「标准映射」页面，进行标准映射
4. 给该标准绑定字段：绑定amount字段
5. 点击「落标检查」页面，新增检查任务，检查内容配置如下：
「数据源」：「${DATASOURCE}」
「数据库」：「${DATABASE}」
「数据表」：「order_info」
「选择已有分区」：「dt=2026-01-12」
「标准目录」：「test」
「车型关联字段」：「car_model」；
点击【下一步】
6. 开启amount字段的检查，设置检查项为：字符串长度、重复数；
点击【下一步】
7. 配置调度属性为按天运行，其余内容正确配置；点击【新增并立即执行】
8. 等待检查完成，查看【落标检查设置】tab列表
9. 点击【操作-查看结果详情】
10. 查看【落标检查结果】tab列表
11. 点击【操作-查看详情】
12. 根据文档步骤通过底层数据库查看该检查任务的sql
13. 等待该检查任务按周期运行完成，查看结果详情","1. 页面正常打开
2. 内容配置成功；
标准成功上线
3. 标准映射列表新增该标准
4. 字段绑定成功
5. 检查内容配置成功；
进入选择字段页面
6. 成功开启检查并设置检查项；
进入调度配置页面
7. 保存成功，任务进入检查中状态
8. 1）显示对应的正确数据表名称、所属数据源、所属数据库、检查字段数/总字段数、检查周期、检查状态、标准达标率、不达标字段数/检查失败数、最近编辑时间、最近检查时间、操作。
2）其中标准达标率为“100%”，不达标字段数/检查失败数为“0/0”
9. 跳转至【落标检查结果】tab
10. 1）显示对应的正确数据源、数据库、数据表、字段、检查状态、是否达标、检查开始时间、检查结束时间、操作。
2）其中检查状态为“检查完成”，是否达标为“达标”
11. 检查结果详情包含以下信息：
1）检查信息：检查数据源、数据库、数据表、字段与配置的内容一致；
2）检查结果列表：字符串长度、重复数都显示“达标”，开始检查时间、结束检查时间正确，操作为“--”
3）关联标准详情与前面配置的内容一致
12. sql未进行合并：
1）每一条校验规则，都单独去读取一遍源数据表；
​2）各个规则的判断计算语句都是分开写的，一条规则对应一个select语句，无并行计算逻辑
​3）不同规则的数据分开存入不同的脏数据表
13. 该检查项达标，详情正确","1. 
2. 
3. 
4. 
5. 
6. 
7. 
8. 
9. 
10. 
11. 
12. 
13.","","2","功能测试","功能测试阶段","正常","0","2","13","通过","听筠","2026-06-03","听筠","2026-06-10","2","",""
"186455","数据资产_STD(#23)","/版本迭代测试用例/v6.4.11/【岚图】【数据资产】落标检查任务性能优化，规则sql合并/可合并+不可合并(#10607)","【岚图】【数据资产】数据质量任务、落标检查任务性能优化，规则sql合并(#15862)","无车型 验证「无车型」-「字符串长度+数据精度+精度倍数+空值数+取值范围+重复数」校验功能","1、已存在表test_info_1
CREATE TABLE tytest.test_info_1 (
id INT COMMENT &#039;用户ID&#039;,
string_num STRING COMMENT &#039;string类型的编号&#039;,
name STRING COMMENT &#039;姓名&#039;,
money DOUBLE COMMENT &#039;金额&#039;,
byte_field BYTE COMMENT &#039;byte类型字段&#039;,
short_field SHORT COMMENT &#039;short类型字段&#039;,
long_field LONG COMMENT &#039;long类型字段&#039;,
float_field FLOAT COMMENT &#039;float类型字段&#039;,
decimal_field DECIMAL(10,2) COMMENT &#039;decimal类型字段&#039;,
boolean_field BOOLEAN COMMENT &#039;boolean类型字段&#039;,
date_field DATE COMMENT &#039;date类型字段&#039;,
timestamp_field TIMESTAMP COMMENT &#039;timestamp类型字段&#039;
)
COMMENT &#039;测试信息表&#039;
PARTITIONED BY (
dt STRING COMMENT &#039;分区日期，格式：yyyy-MM-dd&#039;
)
STORED AS ORC;
-- dt = &#039;2026-05-27&#039;
INSERT INTO tytest.test_info_1 PARTITION (dt=&#039;2026-05-27&#039;)
VALUES
(2, &#039;A001&#039;, &#039;王小明&#039;, 4.00, 20, 1, 10, 65.5, 99.99, TRUE, DATE &#039;2025-01-01&#039;, TIMESTAMP &#039;2026-05-27 08:30:00&#039;),
(4, &#039;B002&#039;, &#039;陈小红&#039;, 6.00, 25, 200, 200, 70.2, 199.99, FALSE, DATE &#039;2025-02-15&#039;, TIMESTAMP &#039;2026-05-27 10:15:00&#039;),
(6, &#039;C003&#039;, &#039;张大力&#039;, 10.00, 30, 300, 300, 75.8, 299.99, TRUE, DATE &#039;2025-03-20&#039;, TIMESTAMP &#039;2026-05-27 14:45:00&#039;),
(8, &#039;D004&#039;, &#039;李芳芳&#039;, 14.00, 22, 150, 150, 68.3, 399.99, FALSE, DATE &#039;2025-04-10&#039;, TIMESTAMP &#039;2026-05-27 09:20:00&#039;),
(10, &#039;E005&#039;, &#039;刘建国&#039;, 18.00, 28, 250, 250, 72.6, 499.99, TRUE, DATE &#039;2025-05-05&#039;, TIMESTAMP &#039;2026-05-27 16:00:00&#039;),
(12, &#039;F006&#039;, &#039;赵丽丽&#039;, 20.00, 35, 350, 350, 80.1, 599.99, FALSE, DATE &#039;2025-06-25&#039;, TIMESTAMP &#039;2026-05-27 11:30:00&#039;);
-- dt = &#039;2026-05-28&#039;
INSERT INTO tytest.test_info_1 PARTITION (dt=&#039;2026-05-28&#039;)
VALUES
(101, &#039;XYZ001&#039;, &#039;欧阳静&#039;, 24.00, 100, 32767, NULL, 85.5, 888.88, FALSE, CAST(NULL AS DATE), CAST(&#039;2026-05-28 09:00:00&#039; AS TIMESTAMP)),
(102, &#039;XYZ002&#039;, &#039;慕容白&#039;, NULL, -50, -200, -5000, -10.5, -94879459.99, NULL, CAST(&#039;2024-11-15&#039; AS DATE), CAST(NULL AS TIMESTAMP)),
(NULL, &#039;XYZ003&#039;, &#039;令狐冲&#039;, 123.45, 107, 32767, 9223372036854775807, 99.9984545, 1234.56, FALSE, CAST(&#039;2024-10-20&#039; AS DATE), CAST(&#039;2026-05-28 15:45:00&#039; AS TIMESTAMP)),
(102, &#039;XYZ001&#039;, &#039;欧阳静&#039;, 25.001548952140236541, NULL, NULL, 0, NULL, 1234.56, TRUE, CAST(&#039;2024-11-15&#039; AS DATE), CAST(&#039;2026-05-28 11:20:00&#039; AS TIMESTAMP)),
(105, NULL, NULL, 18.50, 100, 999, 0, 88.8, NULL, FALSE, CAST(&#039;2024-08-05&#039; AS DATE), CAST(&#039;2026-05-28 14:10:00&#039; AS TIMESTAMP)),
(106, &#039;XYZ003&#039;, NULL, 123.45, 107, 999, 90, 88.8, 888.88, TRUE, CAST(&#039;2024-07-25&#039; AS DATE), CAST(&#039;2026-05-28 09:00:00&#039; AS TIMESTAMP));
2、已存在标准目录：test","1. 进入「资产-数据标准-标准定义」页面
2. 新建标准配置如下：
「中文名称」：「金额」
「英文名称」：「money」
「英文缩写」：「my」
「标准目录」：「test」
无车型
「数据类型」：「字符型」
「数据长度」：「<=20」
「数据精度」：「2/2」
「是否允许为空」：「不可空」
「是否允许重复」：「不可重复」
「默认值」：「1」
「取值范围」：「>1且<=50」
「初始值」：「2」
「无效值」：「0.1」
「精度倍数」：「2」
「偏移量」：「0.02」；
点击【上线】
3. 点击「标准映射」页面，进行标准映射
4. 给该标准绑定字段：绑定money字段
5. 点击「落标检查」页面，新增检查任务，检查内容配置如下：
「数据源」：「${DATASOURCE}」
「数据库」：「${DATABASE}」
「数据表」：「test_info_1」
「选择已有分区」：「dt=2026-05-27」
「标准目录」：「test」
不配置「车型关联字段」；
点击【下一步】
6. 开启money字段的检查，设置检查项为：字符串长度、数据精度、空值数、取值范围、精度倍数、重复数；
点击【下一步】
7. 配置调度属性为按天运行，其余内容正确配置；点击【新增并立即执行】
8. 等待检查完成，查看【落标检查设置】tab列表
9. 点击【操作-查看结果详情】
10. 查看【落标检查结果】tab列表
11. 点击【操作-查看详情】
12. 根据文档步骤通过底层数据库查看该检查任务的sql
13. 等待该检查任务按周期运行完成，查看结果详情","1. 页面正常打开
2. 内容配置成功；
标准成功上线
3. 标准映射列表新增该标准
4. 字段绑定成功
5. 检查内容配置成功；
进入选择字段页面
6. 成功开启检查并设置检查项；
进入调度配置页面
7. 保存成功，任务进入检查中状态
8. 1）显示对应的正确数据表名称、所属数据源、所属数据库、检查字段数/总字段数、检查周期、检查状态、标准达标率、不达标字段数/检查失败数、最近编辑时间、最近检查时间、操作。
2）其中标准达标率为“100%”，不达标字段数/检查失败数为“0/0”
9. 跳转至【落标检查结果】tab
10. 1）显示对应的正确数据源、数据库、数据表、字段、检查状态、是否达标、检查开始时间、检查结束时间、操作。
2）其中检查状态为“检查完成”，是否达标为“达标”
11. 检查结果详情包含以下信息：
1）检查信息：检查数据源、数据库、数据表、字段与配置的内容一致；
2）检查结果列表：字符串长度、数据精度、空值数、取值范围、精度倍数、重复数都显示“达标”，开始检查时间、结束检查时间正确，操作为“--”
3）关联标准详情与前面配置的内容一致
12. 字符串长度、数据精度、空值数、取值范围、精度倍数sql进行合并：
1）源表只扫描一次：FROM 后面的源表只出现 1 次；
​2）所有可合并规则写在同一个select里面：用多个 SUM (CASE WHEN) 把规则并行计算；
3）计算后再把结果拆成多行，每行代表单个规则进行输出，最终把结果插入同一张脏数据表
重复数sql不进行合并：
1）只有单个select计算语句，不参与SUM (CASE WHEN)并行计算逻辑
2）脏数据存储于另一张脏数据表
13. 6个检查项都达标，详情正确","1. 
2. 
3. 
4. 
5. 
6. 
7. 
8. 
9. 
10. 
11. 
12. 
13.","","1","功能测试","功能测试阶段","正常","0","4","13","通过","听筠","2026-06-03","听筠","2026-06-10","1","",""
"186454","数据资产_STD(#23)","/版本迭代测试用例/v6.4.11/【岚图】【数据资产】落标检查任务性能优化，规则sql合并/可合并+不可合并(#10607)","【岚图】【数据资产】数据质量任务、落标检查任务性能优化，规则sql合并(#15862)","无车型 验证「无车型」-「取值范围+重复数」校验功能","1、已存在表test_info_1
CREATE TABLE tytest.test_info_1 (
id INT COMMENT &#039;用户ID&#039;,
string_num STRING COMMENT &#039;string类型的编号&#039;,
name STRING COMMENT &#039;姓名&#039;,
money DOUBLE COMMENT &#039;金额&#039;,
byte_field BYTE COMMENT &#039;byte类型字段&#039;,
short_field SHORT COMMENT &#039;short类型字段&#039;,
long_field LONG COMMENT &#039;long类型字段&#039;,
float_field FLOAT COMMENT &#039;float类型字段&#039;,
decimal_field DECIMAL(10,2) COMMENT &#039;decimal类型字段&#039;,
boolean_field BOOLEAN COMMENT &#039;boolean类型字段&#039;,
date_field DATE COMMENT &#039;date类型字段&#039;,
timestamp_field TIMESTAMP COMMENT &#039;timestamp类型字段&#039;
)
COMMENT &#039;测试信息表&#039;
PARTITIONED BY (
dt STRING COMMENT &#039;分区日期，格式：yyyy-MM-dd&#039;
)
STORED AS ORC;
-- dt = &#039;2026-05-27&#039;
INSERT INTO tytest.test_info_1 PARTITION (dt=&#039;2026-05-27&#039;)
VALUES
(2, &#039;A001&#039;, &#039;王小明&#039;, 4.00, 20, 1, 10, 65.5, 99.99, TRUE, DATE &#039;2025-01-01&#039;, TIMESTAMP &#039;2026-05-27 08:30:00&#039;),
(4, &#039;B002&#039;, &#039;陈小红&#039;, 6.00, 25, 200, 200, 70.2, 199.99, FALSE, DATE &#039;2025-02-15&#039;, TIMESTAMP &#039;2026-05-27 10:15:00&#039;),
(6, &#039;C003&#039;, &#039;张大力&#039;, 10.00, 30, 300, 300, 75.8, 299.99, TRUE, DATE &#039;2025-03-20&#039;, TIMESTAMP &#039;2026-05-27 14:45:00&#039;),
(8, &#039;D004&#039;, &#039;李芳芳&#039;, 14.00, 22, 150, 150, 68.3, 399.99, FALSE, DATE &#039;2025-04-10&#039;, TIMESTAMP &#039;2026-05-27 09:20:00&#039;),
(10, &#039;E005&#039;, &#039;刘建国&#039;, 18.00, 28, 250, 250, 72.6, 499.99, TRUE, DATE &#039;2025-05-05&#039;, TIMESTAMP &#039;2026-05-27 16:00:00&#039;),
(12, &#039;F006&#039;, &#039;赵丽丽&#039;, 20.00, 35, 350, 350, 80.1, 599.99, FALSE, DATE &#039;2025-06-25&#039;, TIMESTAMP &#039;2026-05-27 11:30:00&#039;);
-- dt = &#039;2026-05-28&#039;
INSERT INTO tytest.test_info_1 PARTITION (dt=&#039;2026-05-28&#039;)
VALUES
(101, &#039;XYZ001&#039;, &#039;欧阳静&#039;, 24.00, 100, 32767, NULL, 85.5, 888.88, FALSE, CAST(NULL AS DATE), CAST(&#039;2026-05-28 09:00:00&#039; AS TIMESTAMP)),
(102, &#039;XYZ002&#039;, &#039;慕容白&#039;, NULL, -50, -200, -5000, -10.5, -94879459.99, NULL, CAST(&#039;2024-11-15&#039; AS DATE), CAST(NULL AS TIMESTAMP)),
(NULL, &#039;XYZ003&#039;, &#039;令狐冲&#039;, 123.45, 107, 32767, 9223372036854775807, 99.9984545, 1234.56, FALSE, CAST(&#039;2024-10-20&#039; AS DATE), CAST(&#039;2026-05-28 15:45:00&#039; AS TIMESTAMP)),
(102, &#039;XYZ001&#039;, &#039;欧阳静&#039;, 25.001548952140236541, NULL, NULL, 0, NULL, 1234.56, TRUE, CAST(&#039;2024-11-15&#039; AS DATE), CAST(&#039;2026-05-28 11:20:00&#039; AS TIMESTAMP)),
(105, NULL, NULL, 18.50, 100, 999, 0, 88.8, NULL, FALSE, CAST(&#039;2024-08-05&#039; AS DATE), CAST(&#039;2026-05-28 14:10:00&#039; AS TIMESTAMP)),
(106, &#039;XYZ003&#039;, NULL, 123.45, 107, 999, 90, 88.8, 888.88, TRUE, CAST(&#039;2024-07-25&#039; AS DATE), CAST(&#039;2026-05-28 09:00:00&#039; AS TIMESTAMP));
2、已存在标准目录：test","1. 进入「资产-数据标准-标准定义」页面
2. 新建标准配置如下：
「中文名称」：「金额」
「英文名称」：「money」
「英文缩写」：「my」
「标准目录」：「test」
无车型
「数据类型」：「字符型」
「数据长度」：「<=20」
「数据精度」：「2/2」
「是否允许为空」：「不可空」
「是否允许重复」：「不可重复」
「默认值」：「1」
「取值范围」：「>1且<=50」
「初始值」：「2」
「无效值」：「0.1」
「精度倍数」：「2」
「偏移量」：「0.02」；
点击【上线】
3. 点击「标准映射」页面，进行标准映射
4. 给该标准绑定字段：绑定money字段
5. 点击「落标检查」页面，新增检查任务，检查内容配置如下：
「数据源」：「${DATASOURCE}」
「数据库」：「${DATABASE}」
「数据表」：「test_info_1」
不设置分区
「标准目录」：「test」
不配置「车型关联字段」；
点击【下一步】
6. 开启money字段的检查，设置检查项为：取值范围、重复数；
点击【下一步】
7. 配置调度属性为按天运行，其余内容正确配置；点击【新增并立即执行】
8. 等待检查完成，查看【落标检查设置】tab列表
9. 点击【操作-查看结果详情】
10. 查看【落标检查结果】tab列表
11. 点击【操作-查看详情】
12. 点击列表里检查项对应的的【操作-查看详情】
13. 根据文档步骤通过底层数据库查看该检查任务的sql
14. 等待该检查任务按周期运行完成，查看结果详情","1. 页面正常打开
2. 内容配置成功；
标准成功上线
3. 标准映射列表新增该标准
4. 字段绑定成功
5. 检查内容配置成功；
进入选择字段页面
6. 成功开启检查并设置检查项；
进入调度配置页面
7. 保存成功，任务进入检查中状态
8. 1）显示对应的正确数据表名称、所属数据源、所属数据库、检查字段数/总字段数、检查周期、检查状态、标准达标率、不达标字段数/检查失败数、最近编辑时间、最近检查时间、操作。
2）其中标准达标率为“0%”，不达标字段数/检查失败数为“1/0”
9. 跳转至【落标检查结果】tab
10. 1）显示对应的正确数据源、数据库、数据表、字段、检查状态、是否达标、检查开始时间、检查结束时间、操作。
2）其中检查状态为“检查完成”，是否达标为“未达标”
11. 检查结果详情包含以下信息：
1）检查信息：检查数据源、数据库、数据表、字段与配置的内容一致；
2）检查结果列表：取值范围、重复数显示“未达标”，开始检查时间、结束检查时间正确，操作为“查看详情”
3）关联标准详情与前面配置的内容一致
12. 1）为脏数据明细，显示不符合检查项的数据，标红展示
2）行数<=100
13. sql未进行合并：
1）每一条校验规则，都单独去读取一遍源数据表；
​2）各个规则的判断计算语句都是分开写的，一条规则对应一个select语句，无并行计算逻辑
​3）不同规则的数据分开存入不同的脏数据表
14. 取值范围未达标、重复数达标，详情正确，脏数据明细正确","1. 
2. 
3. 
4. 
5. 
6. 
7. 
8. 
9. 
10. 
11. 
12. 
13. 
14.","","2","功能测试","功能测试阶段","正常","0","2","14","通过","听筠","2026-06-03","听筠","2026-06-10","2","",""
"186453","数据资产_STD(#23)","/版本迭代测试用例/v6.4.11/【岚图】【数据资产】落标检查任务性能优化，规则sql合并/可合并+不可合并(#10607)","【岚图】【数据资产】数据质量任务、落标检查任务性能优化，规则sql合并(#15862)","无车型 验证「无车型」-「空值数+重复数」校验功能","1、已存在表test_info_1
CREATE TABLE tytest.test_info_1 (
id INT COMMENT &#039;用户ID&#039;,
string_num STRING COMMENT &#039;string类型的编号&#039;,
name STRING COMMENT &#039;姓名&#039;,
money DOUBLE COMMENT &#039;金额&#039;,
byte_field BYTE COMMENT &#039;byte类型字段&#039;,
short_field SHORT COMMENT &#039;short类型字段&#039;,
long_field LONG COMMENT &#039;long类型字段&#039;,
float_field FLOAT COMMENT &#039;float类型字段&#039;,
decimal_field DECIMAL(10,2) COMMENT &#039;decimal类型字段&#039;,
boolean_field BOOLEAN COMMENT &#039;boolean类型字段&#039;,
date_field DATE COMMENT &#039;date类型字段&#039;,
timestamp_field TIMESTAMP COMMENT &#039;timestamp类型字段&#039;
)
COMMENT &#039;测试信息表&#039;
PARTITIONED BY (
dt STRING COMMENT &#039;分区日期，格式：yyyy-MM-dd&#039;
)
STORED AS ORC;
-- dt = &#039;2026-05-27&#039;
INSERT INTO tytest.test_info_1 PARTITION (dt=&#039;2026-05-27&#039;)
VALUES
(2, &#039;A001&#039;, &#039;王小明&#039;, 4.00, 20, 1, 10, 65.5, 99.99, TRUE, DATE &#039;2025-01-01&#039;, TIMESTAMP &#039;2026-05-27 08:30:00&#039;),
(4, &#039;B002&#039;, &#039;陈小红&#039;, 6.00, 25, 200, 200, 70.2, 199.99, FALSE, DATE &#039;2025-02-15&#039;, TIMESTAMP &#039;2026-05-27 10:15:00&#039;),
(6, &#039;C003&#039;, &#039;张大力&#039;, 10.00, 30, 300, 300, 75.8, 299.99, TRUE, DATE &#039;2025-03-20&#039;, TIMESTAMP &#039;2026-05-27 14:45:00&#039;),
(8, &#039;D004&#039;, &#039;李芳芳&#039;, 14.00, 22, 150, 150, 68.3, 399.99, FALSE, DATE &#039;2025-04-10&#039;, TIMESTAMP &#039;2026-05-27 09:20:00&#039;),
(10, &#039;E005&#039;, &#039;刘建国&#039;, 18.00, 28, 250, 250, 72.6, 499.99, TRUE, DATE &#039;2025-05-05&#039;, TIMESTAMP &#039;2026-05-27 16:00:00&#039;),
(12, &#039;F006&#039;, &#039;赵丽丽&#039;, 20.00, 35, 350, 350, 80.1, 599.99, FALSE, DATE &#039;2025-06-25&#039;, TIMESTAMP &#039;2026-05-27 11:30:00&#039;);
-- dt = &#039;2026-05-28&#039;
INSERT INTO tytest.test_info_1 PARTITION (dt=&#039;2026-05-28&#039;)
VALUES
(101, &#039;XYZ001&#039;, &#039;欧阳静&#039;, 24.00, 100, 32767, NULL, 85.5, 888.88, FALSE, CAST(NULL AS DATE), CAST(&#039;2026-05-28 09:00:00&#039; AS TIMESTAMP)),
(102, &#039;XYZ002&#039;, &#039;慕容白&#039;, NULL, -50, -200, -5000, -10.5, -94879459.99, NULL, CAST(&#039;2024-11-15&#039; AS DATE), CAST(NULL AS TIMESTAMP)),
(NULL, &#039;XYZ003&#039;, &#039;令狐冲&#039;, 123.45, 107, 32767, 9223372036854775807, 99.9984545, 1234.56, FALSE, CAST(&#039;2024-10-20&#039; AS DATE), CAST(&#039;2026-05-28 15:45:00&#039; AS TIMESTAMP)),
(102, &#039;XYZ001&#039;, &#039;欧阳静&#039;, 25.001548952140236541, NULL, NULL, 0, NULL, 1234.56, TRUE, CAST(&#039;2024-11-15&#039; AS DATE), CAST(&#039;2026-05-28 11:20:00&#039; AS TIMESTAMP)),
(105, NULL, NULL, 18.50, 100, 999, 0, 88.8, NULL, FALSE, CAST(&#039;2024-08-05&#039; AS DATE), CAST(&#039;2026-05-28 14:10:00&#039; AS TIMESTAMP)),
(106, &#039;XYZ003&#039;, NULL, 123.45, 107, 999, 90, 88.8, 888.88, TRUE, CAST(&#039;2024-07-25&#039; AS DATE), CAST(&#039;2026-05-28 09:00:00&#039; AS TIMESTAMP));
2、已存在标准目录：test","1. 进入「资产-数据标准-标准定义」页面
2. 新建标准配置如下：
「中文名称」：「金额」
「英文名称」：「money」
「英文缩写」：「my」
「标准目录」：「test」
无车型
「数据类型」：「字符型」
「数据长度」：「<=20」
「数据精度」：「2/2」
「是否允许为空」：「不可空」
「是否允许重复」：「不可重复」
「默认值」：「1」
「取值范围」：「>1且<=50」
「初始值」：「2」
「无效值」：「0.1」
「精度倍数」：「2」
「偏移量」：「0.02」；
点击【上线】
3. 点击「标准映射」页面，进行标准映射
4. 给该标准绑定字段：绑定money字段
5. 点击「落标检查」页面，新增检查任务，检查内容配置如下：
「数据源」：「${DATASOURCE}」
「数据库」：「${DATABASE}」
「数据表」：「test_info_1」
「手动输入分区」：「dt=2026-05-28」
「标准目录」：「test」
不配置「车型关联字段」；
点击【下一步】
6. 开启money字段的检查，设置检查项为：空值数、重复数；
点击【下一步】
7. 配置调度属性为按天运行，其余内容正确配置；点击【新增并立即执行】
8. 等待检查完成，查看【落标检查设置】tab列表
9. 点击【操作-查看结果详情】
10. 查看【落标检查结果】tab列表
11. 点击【操作-查看详情】
12. 点击列表里检查项对应的的【操作-查看详情】
13. 根据文档步骤通过底层数据库查看该检查任务的sql
14. 等待该检查任务按周期运行完成，查看结果详情","1. 页面正常打开
2. 内容配置成功；
标准成功上线
3. 标准映射列表新增该标准
4. 字段绑定成功
5. 检查内容配置成功；
进入选择字段页面
6. 成功开启检查并设置检查项；
进入调度配置页面
7. 保存成功，任务进入检查中状态
8. 1）显示对应的正确数据表名称、所属数据源、所属数据库、检查字段数/总字段数、检查周期、检查状态、标准达标率、不达标字段数/检查失败数、最近编辑时间、最近检查时间、操作。
2）其中标准达标率为“0%”，不达标字段数/检查失败数为“1/0”
9. 跳转至【落标检查结果】tab
10. 1）显示对应的正确数据源、数据库、数据表、字段、检查状态、是否达标、检查开始时间、检查结束时间、操作。
2）其中检查状态为“检查完成”，是否达标为“未达标”
11. 检查结果详情包含以下信息：
1）检查信息：检查数据源、数据库、数据表、字段与配置的内容一致；
2）检查结果列表：空值数、重复数显示“未达标”，开始检查时间、结束检查时间正确，操作为“查看详情”
3）关联标准详情与前面配置的内容一致
12. 1）为脏数据明细，显示不符合检查项的数据，标红展示
2）行数<=100
13. sql未进行合并：
1）每一条校验规则，都单独去读取一遍源数据表；
​2）各个规则的判断计算语句都是分开写的，一条规则对应一个select语句，无并行计算逻辑
​3）不同规则的数据分开存入不同的脏数据表
14. 空值数、重复数未达标，详情正确，脏数据明细正确","1. 
2. 
3. 
4. 
5. 
6. 
7. 
8. 
9. 
10. 
11. 
12. 
13. 
14.","","2","功能测试","功能测试阶段","正常","0","2","14","通过","听筠","2026-06-03","听筠","2026-06-10","2","",""
"186452","数据资产_STD(#23)","/版本迭代测试用例/v6.4.11/【岚图】【数据资产】落标检查任务性能优化，规则sql合并/可合并+不可合并(#10607)","【岚图】【数据资产】数据质量任务、落标检查任务性能优化，规则sql合并(#15862)","无车型 验证「无车型」-「精度倍数+重复数」校验功能","1、已存在表test_info_1
CREATE TABLE tytest.test_info_1 (
id INT COMMENT &#039;用户ID&#039;,
string_num STRING COMMENT &#039;string类型的编号&#039;,
name STRING COMMENT &#039;姓名&#039;,
money DOUBLE COMMENT &#039;金额&#039;,
byte_field BYTE COMMENT &#039;byte类型字段&#039;,
short_field SHORT COMMENT &#039;short类型字段&#039;,
long_field LONG COMMENT &#039;long类型字段&#039;,
float_field FLOAT COMMENT &#039;float类型字段&#039;,
decimal_field DECIMAL(10,2) COMMENT &#039;decimal类型字段&#039;,
boolean_field BOOLEAN COMMENT &#039;boolean类型字段&#039;,
date_field DATE COMMENT &#039;date类型字段&#039;,
timestamp_field TIMESTAMP COMMENT &#039;timestamp类型字段&#039;
)
COMMENT &#039;测试信息表&#039;
PARTITIONED BY (
dt STRING COMMENT &#039;分区日期，格式：yyyy-MM-dd&#039;
)
STORED AS ORC;
-- dt = &#039;2026-05-27&#039;
INSERT INTO tytest.test_info_1 PARTITION (dt=&#039;2026-05-27&#039;)
VALUES
(2, &#039;A001&#039;, &#039;王小明&#039;, 4.00, 20, 1, 10, 65.5, 99.99, TRUE, DATE &#039;2025-01-01&#039;, TIMESTAMP &#039;2026-05-27 08:30:00&#039;),
(4, &#039;B002&#039;, &#039;陈小红&#039;, 6.00, 25, 200, 200, 70.2, 199.99, FALSE, DATE &#039;2025-02-15&#039;, TIMESTAMP &#039;2026-05-27 10:15:00&#039;),
(6, &#039;C003&#039;, &#039;张大力&#039;, 10.00, 30, 300, 300, 75.8, 299.99, TRUE, DATE &#039;2025-03-20&#039;, TIMESTAMP &#039;2026-05-27 14:45:00&#039;),
(8, &#039;D004&#039;, &#039;李芳芳&#039;, 14.00, 22, 150, 150, 68.3, 399.99, FALSE, DATE &#039;2025-04-10&#039;, TIMESTAMP &#039;2026-05-27 09:20:00&#039;),
(10, &#039;E005&#039;, &#039;刘建国&#039;, 18.00, 28, 250, 250, 72.6, 499.99, TRUE, DATE &#039;2025-05-05&#039;, TIMESTAMP &#039;2026-05-27 16:00:00&#039;),
(12, &#039;F006&#039;, &#039;赵丽丽&#039;, 20.00, 35, 350, 350, 80.1, 599.99, FALSE, DATE &#039;2025-06-25&#039;, TIMESTAMP &#039;2026-05-27 11:30:00&#039;);
-- dt = &#039;2026-05-28&#039;
INSERT INTO tytest.test_info_1 PARTITION (dt=&#039;2026-05-28&#039;)
VALUES
(101, &#039;XYZ001&#039;, &#039;欧阳静&#039;, 24.00, 100, 32767, NULL, 85.5, 888.88, FALSE, CAST(NULL AS DATE), CAST(&#039;2026-05-28 09:00:00&#039; AS TIMESTAMP)),
(102, &#039;XYZ002&#039;, &#039;慕容白&#039;, NULL, -50, -200, -5000, -10.5, -94879459.99, NULL, CAST(&#039;2024-11-15&#039; AS DATE), CAST(NULL AS TIMESTAMP)),
(NULL, &#039;XYZ003&#039;, &#039;令狐冲&#039;, 123.45, 107, 32767, 9223372036854775807, 99.9984545, 1234.56, FALSE, CAST(&#039;2024-10-20&#039; AS DATE), CAST(&#039;2026-05-28 15:45:00&#039; AS TIMESTAMP)),
(102, &#039;XYZ001&#039;, &#039;欧阳静&#039;, 25.001548952140236541, NULL, NULL, 0, NULL, 1234.56, TRUE, CAST(&#039;2024-11-15&#039; AS DATE), CAST(&#039;2026-05-28 11:20:00&#039; AS TIMESTAMP)),
(105, NULL, NULL, 18.50, 100, 999, 0, 88.8, NULL, FALSE, CAST(&#039;2024-08-05&#039; AS DATE), CAST(&#039;2026-05-28 14:10:00&#039; AS TIMESTAMP)),
(106, &#039;XYZ003&#039;, NULL, 123.45, 107, 999, 90, 88.8, 888.88, TRUE, CAST(&#039;2024-07-25&#039; AS DATE), CAST(&#039;2026-05-28 09:00:00&#039; AS TIMESTAMP));
2、已存在标准目录：test","1. 进入「资产-数据标准-标准定义」页面
2. 新建标准配置如下：
「中文名称」：「金额」
「英文名称」：「money」
「英文缩写」：「my」
「标准目录」：「test」
无车型
「数据类型」：「字符型」
「数据长度」：「<=20」
「数据精度」：「2/2」
「是否允许为空」：「不可空」
「是否允许重复」：「不可重复」
「默认值」：「1」
「取值范围」：「>1且<=50」
「初始值」：「2」
「无效值」：「0.1」
「精度倍数」：「2」
「偏移量」：「0.02」；
点击【上线】
3. 点击「标准映射」页面，进行标准映射
4. 给该标准绑定字段：绑定money字段
5. 点击「落标检查」页面，新增检查任务，检查内容配置如下：
「数据源」：「${DATASOURCE}」
「数据库」：「${DATABASE}」
「数据表」：「test_info_1」
「选择已有分区」：「dt=2026-05-27」
「标准目录」：「test」
不配置「车型关联字段」；
点击【下一步】
6. 开启money字段的检查，设置检查项为：精度倍数、重复数；
点击【下一步】
7. 配置调度属性为按天运行，其余内容正确配置；点击【新增并立即执行】
8. 等待检查完成，查看【落标检查设置】tab列表
9. 点击【操作-查看结果详情】
10. 查看【落标检查结果】tab列表
11. 点击【操作-查看详情】
12. 根据文档步骤通过底层数据库查看该检查任务的sql
13. 等待该检查任务按周期运行完成，查看结果详情","1. 页面正常打开
2. 内容配置成功；
标准成功上线
3. 标准映射列表新增该标准
4. 字段绑定成功
5. 检查内容配置成功；
进入选择字段页面
6. 成功开启检查并设置检查项；
进入调度配置页面
7. 保存成功，任务进入检查中状态
8. 1）显示对应的正确数据表名称、所属数据源、所属数据库、检查字段数/总字段数、检查周期、检查状态、标准达标率、不达标字段数/检查失败数、最近编辑时间、最近检查时间、操作。
2）其中标准达标率为“100%”，不达标字段数/检查失败数为“0/0”
9. 跳转至【落标检查结果】tab
10. 1）显示对应的正确数据源、数据库、数据表、字段、检查状态、是否达标、检查开始时间、检查结束时间、操作。
2）其中检查状态为“检查完成”，是否达标为“达标”
11. 检查结果详情包含以下信息：
1）检查信息：检查数据源、数据库、数据表、字段与配置的内容一致；
2）检查结果列表：精度倍数、重复数都显示“达标”，开始检查时间、结束检查时间正确，操作为“--”
3）关联标准详情与前面配置的内容一致
12. sql未进行合并：
1）每一条校验规则，都单独去读取一遍源数据表；
​2）各个规则的判断计算语句都是分开写的，一条规则对应一个select语句，无并行计算逻辑
​3）不同规则的数据分开存入不同的脏数据表
13. 该检查项达标，详情正确","1. 
2. 
3. 
4. 
5. 
6. 
7. 
8. 
9. 
10. 
11. 
12. 
13.","","2","功能测试","功能测试阶段","正常","0","2","13","通过","听筠","2026-06-03","听筠","2026-06-10","2","",""
"186451","数据资产_STD(#23)","/版本迭代测试用例/v6.4.11/【岚图】【数据资产】落标检查任务性能优化，规则sql合并/可合并+不可合并(#10607)","【岚图】【数据资产】数据质量任务、落标检查任务性能优化，规则sql合并(#15862)","无车型 验证「无车型」-「数据精度+重复数」校验功能","1、已存在表test_info_1
CREATE TABLE tytest.test_info_1 (
id INT COMMENT &#039;用户ID&#039;,
string_num STRING COMMENT &#039;string类型的编号&#039;,
name STRING COMMENT &#039;姓名&#039;,
money DOUBLE COMMENT &#039;金额&#039;,
byte_field BYTE COMMENT &#039;byte类型字段&#039;,
short_field SHORT COMMENT &#039;short类型字段&#039;,
long_field LONG COMMENT &#039;long类型字段&#039;,
float_field FLOAT COMMENT &#039;float类型字段&#039;,
decimal_field DECIMAL(10,2) COMMENT &#039;decimal类型字段&#039;,
boolean_field BOOLEAN COMMENT &#039;boolean类型字段&#039;,
date_field DATE COMMENT &#039;date类型字段&#039;,
timestamp_field TIMESTAMP COMMENT &#039;timestamp类型字段&#039;
)
COMMENT &#039;测试信息表&#039;
PARTITIONED BY (
dt STRING COMMENT &#039;分区日期，格式：yyyy-MM-dd&#039;
)
STORED AS ORC;
-- dt = &#039;2026-05-27&#039;
INSERT INTO tytest.test_info_1 PARTITION (dt=&#039;2026-05-27&#039;)
VALUES
(2, &#039;A001&#039;, &#039;王小明&#039;, 4.00, 20, 1, 10, 65.5, 99.99, TRUE, DATE &#039;2025-01-01&#039;, TIMESTAMP &#039;2026-05-27 08:30:00&#039;),
(4, &#039;B002&#039;, &#039;陈小红&#039;, 6.00, 25, 200, 200, 70.2, 199.99, FALSE, DATE &#039;2025-02-15&#039;, TIMESTAMP &#039;2026-05-27 10:15:00&#039;),
(6, &#039;C003&#039;, &#039;张大力&#039;, 10.00, 30, 300, 300, 75.8, 299.99, TRUE, DATE &#039;2025-03-20&#039;, TIMESTAMP &#039;2026-05-27 14:45:00&#039;),
(8, &#039;D004&#039;, &#039;李芳芳&#039;, 14.00, 22, 150, 150, 68.3, 399.99, FALSE, DATE &#039;2025-04-10&#039;, TIMESTAMP &#039;2026-05-27 09:20:00&#039;),
(10, &#039;E005&#039;, &#039;刘建国&#039;, 18.00, 28, 250, 250, 72.6, 499.99, TRUE, DATE &#039;2025-05-05&#039;, TIMESTAMP &#039;2026-05-27 16:00:00&#039;),
(12, &#039;F006&#039;, &#039;赵丽丽&#039;, 20.00, 35, 350, 350, 80.1, 599.99, FALSE, DATE &#039;2025-06-25&#039;, TIMESTAMP &#039;2026-05-27 11:30:00&#039;);
-- dt = &#039;2026-05-28&#039;
INSERT INTO tytest.test_info_1 PARTITION (dt=&#039;2026-05-28&#039;)
VALUES
(101, &#039;XYZ001&#039;, &#039;欧阳静&#039;, 24.00, 100, 32767, NULL, 85.5, 888.88, FALSE, CAST(NULL AS DATE), CAST(&#039;2026-05-28 09:00:00&#039; AS TIMESTAMP)),
(102, &#039;XYZ002&#039;, &#039;慕容白&#039;, NULL, -50, -200, -5000, -10.5, -94879459.99, NULL, CAST(&#039;2024-11-15&#039; AS DATE), CAST(NULL AS TIMESTAMP)),
(NULL, &#039;XYZ003&#039;, &#039;令狐冲&#039;, 123.45, 107, 32767, 9223372036854775807, 99.9984545, 1234.56, FALSE, CAST(&#039;2024-10-20&#039; AS DATE), CAST(&#039;2026-05-28 15:45:00&#039; AS TIMESTAMP)),
(102, &#039;XYZ001&#039;, &#039;欧阳静&#039;, 25.001548952140236541, NULL, NULL, 0, NULL, 1234.56, TRUE, CAST(&#039;2024-11-15&#039; AS DATE), CAST(&#039;2026-05-28 11:20:00&#039; AS TIMESTAMP)),
(105, NULL, NULL, 18.50, 100, 999, 0, 88.8, NULL, FALSE, CAST(&#039;2024-08-05&#039; AS DATE), CAST(&#039;2026-05-28 14:10:00&#039; AS TIMESTAMP)),
(106, &#039;XYZ003&#039;, NULL, 123.45, 107, 999, 90, 88.8, 888.88, TRUE, CAST(&#039;2024-07-25&#039; AS DATE), CAST(&#039;2026-05-28 09:00:00&#039; AS TIMESTAMP));
2、已存在标准目录：test","1. 进入「资产-数据标准-标准定义」页面
2. 新建标准配置如下：
「中文名称」：「金额」
「英文名称」：「money」
「英文缩写」：「my」
「标准目录」：「test」
无车型
「数据类型」：「字符型」
「数据长度」：「<=20」
「数据精度」：「2/2」
「是否允许为空」：「不可空」
「是否允许重复」：「不可重复」
「默认值」：「1」
「取值范围」：「>1且<=50」
「初始值」：「2」
「无效值」：「0.1」
「精度倍数」：「2」
「偏移量」：「0.02」；
点击【上线】
3. 点击「标准映射」页面，进行标准映射
4. 给该标准绑定字段：绑定money字段
5. 点击「落标检查」页面，新增检查任务，检查内容配置如下：
「数据源」：「${DATASOURCE}」
「数据库」：「${DATABASE}」
「数据表」：「test_info_1」
「选择已有分区」：「dt=2026-05-27」
「标准目录」：「test」
不配置「车型关联字段」；
点击【下一步】
6. 开启money字段的检查，设置检查项为：数据精度、重复数；
点击【下一步】
7. 配置调度属性为按天运行，其余内容正确配置；点击【新增并立即执行】
8. 等待检查完成，查看【落标检查设置】tab列表
9. 点击【操作-查看结果详情】
10. 查看【落标检查结果】tab列表
11. 点击【操作-查看详情】
12. 根据文档步骤通过底层数据库查看该检查任务的sql
13. 等待该检查任务按周期运行完成，查看结果详情","1. 页面正常打开
2. 内容配置成功；
标准成功上线
3. 标准映射列表新增该标准
4. 字段绑定成功
5. 检查内容配置成功；
进入选择字段页面
6. 成功开启检查并设置检查项；
进入调度配置页面
7. 保存成功，任务进入检查中状态
8. 1）显示对应的正确数据表名称、所属数据源、所属数据库、检查字段数/总字段数、检查周期、检查状态、标准达标率、不达标字段数/检查失败数、最近编辑时间、最近检查时间、操作。
2）其中标准达标率为“100%”，不达标字段数/检查失败数为“0/0”
9. 跳转至【落标检查结果】tab
10. 1）显示对应的正确数据源、数据库、数据表、字段、检查状态、是否达标、检查开始时间、检查结束时间、操作。
2）其中检查状态为“检查完成”，是否达标为“达标”
11. 检查结果详情包含以下信息：
1）检查信息：检查数据源、数据库、数据表、字段与配置的内容一致；
2）检查结果列表：数据精度、重复数都显示达标，开始检查时间、结束检查时间正确，操作为“--”
3）关联标准详情与前面配置的内容一致
12. sql未进行合并：
1）每一条校验规则，都单独去读取一遍源数据表；
​2）各个规则的判断计算语句都是分开写的，一条规则对应一个select语句，无并行计算逻辑
​3）不同规则的数据分开存入不同的脏数据表
13. 检查项都达标，详情正确","1. 
2. 
3. 
4. 
5. 
6. 
7. 
8. 
9. 
10. 
11. 
12. 
13.","","2","功能测试","功能测试阶段","正常","0","2","13","通过","听筠","2026-06-03","听筠","2026-06-10","2","",""
"186450","数据资产_STD(#23)","/版本迭代测试用例/v6.4.11/【岚图】【数据资产】落标检查任务性能优化，规则sql合并/可合并+不可合并(#10607)","【岚图】【数据资产】数据质量任务、落标检查任务性能优化，规则sql合并(#15862)","无车型 验证「无车型」-「字符串长度+重复数」校验功能","1、已存在表test_info_1
CREATE TABLE tytest.test_info_1 (
id INT COMMENT &#039;用户ID&#039;,
string_num STRING COMMENT &#039;string类型的编号&#039;,
name STRING COMMENT &#039;姓名&#039;,
money DOUBLE COMMENT &#039;金额&#039;,
byte_field BYTE COMMENT &#039;byte类型字段&#039;,
short_field SHORT COMMENT &#039;short类型字段&#039;,
long_field LONG COMMENT &#039;long类型字段&#039;,
float_field FLOAT COMMENT &#039;float类型字段&#039;,
decimal_field DECIMAL(10,2) COMMENT &#039;decimal类型字段&#039;,
boolean_field BOOLEAN COMMENT &#039;boolean类型字段&#039;,
date_field DATE COMMENT &#039;date类型字段&#039;,
timestamp_field TIMESTAMP COMMENT &#039;timestamp类型字段&#039;
)
COMMENT &#039;测试信息表&#039;
PARTITIONED BY (
dt STRING COMMENT &#039;分区日期，格式：yyyy-MM-dd&#039;
)
STORED AS ORC;
-- dt = &#039;2026-05-27&#039;
INSERT INTO tytest.test_info_1 PARTITION (dt=&#039;2026-05-27&#039;)
VALUES
(2, &#039;A001&#039;, &#039;王小明&#039;, 4.00, 20, 1, 10, 65.5, 99.99, TRUE, DATE &#039;2025-01-01&#039;, TIMESTAMP &#039;2026-05-27 08:30:00&#039;),
(4, &#039;B002&#039;, &#039;陈小红&#039;, 6.00, 25, 200, 200, 70.2, 199.99, FALSE, DATE &#039;2025-02-15&#039;, TIMESTAMP &#039;2026-05-27 10:15:00&#039;),
(6, &#039;C003&#039;, &#039;张大力&#039;, 10.00, 30, 300, 300, 75.8, 299.99, TRUE, DATE &#039;2025-03-20&#039;, TIMESTAMP &#039;2026-05-27 14:45:00&#039;),
(8, &#039;D004&#039;, &#039;李芳芳&#039;, 14.00, 22, 150, 150, 68.3, 399.99, FALSE, DATE &#039;2025-04-10&#039;, TIMESTAMP &#039;2026-05-27 09:20:00&#039;),
(10, &#039;E005&#039;, &#039;刘建国&#039;, 18.00, 28, 250, 250, 72.6, 499.99, TRUE, DATE &#039;2025-05-05&#039;, TIMESTAMP &#039;2026-05-27 16:00:00&#039;),
(12, &#039;F006&#039;, &#039;赵丽丽&#039;, 20.00, 35, 350, 350, 80.1, 599.99, FALSE, DATE &#039;2025-06-25&#039;, TIMESTAMP &#039;2026-05-27 11:30:00&#039;);
-- dt = &#039;2026-05-28&#039;
INSERT INTO tytest.test_info_1 PARTITION (dt=&#039;2026-05-28&#039;)
VALUES
(101, &#039;XYZ001&#039;, &#039;欧阳静&#039;, 24.00, 100, 32767, NULL, 85.5, 888.88, FALSE, CAST(NULL AS DATE), CAST(&#039;2026-05-28 09:00:00&#039; AS TIMESTAMP)),
(102, &#039;XYZ002&#039;, &#039;慕容白&#039;, NULL, -50, -200, -5000, -10.5, -94879459.99, NULL, CAST(&#039;2024-11-15&#039; AS DATE), CAST(NULL AS TIMESTAMP)),
(NULL, &#039;XYZ003&#039;, &#039;令狐冲&#039;, 123.45, 107, 32767, 9223372036854775807, 99.9984545, 1234.56, FALSE, CAST(&#039;2024-10-20&#039; AS DATE), CAST(&#039;2026-05-28 15:45:00&#039; AS TIMESTAMP)),
(102, &#039;XYZ001&#039;, &#039;欧阳静&#039;, 25.001548952140236541, NULL, NULL, 0, NULL, 1234.56, TRUE, CAST(&#039;2024-11-15&#039; AS DATE), CAST(&#039;2026-05-28 11:20:00&#039; AS TIMESTAMP)),
(105, NULL, NULL, 18.50, 100, 999, 0, 88.8, NULL, FALSE, CAST(&#039;2024-08-05&#039; AS DATE), CAST(&#039;2026-05-28 14:10:00&#039; AS TIMESTAMP)),
(106, &#039;XYZ003&#039;, NULL, 123.45, 107, 999, 90, 88.8, 888.88, TRUE, CAST(&#039;2024-07-25&#039; AS DATE), CAST(&#039;2026-05-28 09:00:00&#039; AS TIMESTAMP));
2、已存在标准目录：test","1. 进入「资产-数据标准-标准定义」页面
2. 新建标准配置如下：
「中文名称」：「金额」
「英文名称」：「money」
「英文缩写」：「my」
「标准目录」：「test」
无车型
「数据类型」：「字符型」
「数据长度」：「<=20」
「数据精度」：「2/2」
「是否允许为空」：「不可空」
「是否允许重复」：「不可重复」
「默认值」：「1」
「取值范围」：「>1且<=50」
「初始值」：「2」
「无效值」：「0.1」
「精度倍数」：「2」
「偏移量」：「0.02」；
点击【上线】
3. 点击「标准映射」页面，进行标准映射
4. 给该标准绑定字段：绑定money字段
5. 点击「落标检查」页面，新增检查任务，检查内容配置如下：
「数据源」：「${DATASOURCE}」
「数据库」：「${DATABASE}」
「数据表」：「test_info_1」
不设置分区
「标准目录」：「test」
不配置「车型关联字段」；
点击【下一步】
6. 开启money字段的检查，设置检查项为：字符串长度、重复数；
点击【下一步】
7. 配置调度属性为按天运行，其余内容正确配置；点击【新增并立即执行】
8. 等待检查完成，查看【落标检查设置】tab列表
9. 点击【操作-查看结果详情】
10. 查看【落标检查结果】tab列表
11. 点击【操作-查看详情】
12. 点击列表里字符串长度检查项对应的的【操作-查看详情】
13. 根据文档步骤通过底层数据库查看该检查任务的sql
14. 等待该检查任务按周期运行完成，查看结果详情","1. 页面正常打开
2. 内容配置成功；
标准成功上线
3. 标准映射列表新增该标准
4. 字段绑定成功
5. 检查内容配置成功；
进入选择字段页面
6. 成功开启检查并设置检查项；
进入调度配置页面
7. 保存成功，任务进入检查中状态
8. 1）显示对应的正确数据表名称、所属数据源、所属数据库、检查字段数/总字段数、检查周期、检查状态、标准达标率、不达标字段数/检查失败数、最近编辑时间、最近检查时间、操作。
2）其中标准达标率为“0%”，不达标字段数/检查失败数为“1/0”
9. 跳转至【落标检查结果】tab
10. 1）显示对应的正确数据源、数据库、数据表、字段、检查状态、是否达标、检查开始时间、检查结束时间、操作。
2）其中检查状态为“检查完成”，是否达标为“未达标”
11. 检查结果详情包含以下信息：
1）检查信息：检查数据源、数据库、数据表、字段与配置的内容一致；
2）检查结果列表：字符串长度、重复数显示“未达标”，开始检查时间、结束检查时间正确，操作为“查看详情”
3）关联标准详情与前面配置的内容一致
12. 1）为脏数据明细，显示不符合检查项的数据，标红展示
2）行数<=100
13. sql未进行合并：
1）每一条校验规则，都单独去读取一遍源数据表；
​2）各个规则的判断计算语句都是分开写的，一条规则对应一个select语句，无并行计算逻辑
​3）不同规则的数据分开存入不同的脏数据表
14. 字符串长度、重复数未达标，详情正确，脏数据明细正确","1. 
2. 
3. 
4. 
5. 
6. 
7. 
8. 
9. 
10. 
11. 
12. 
13. 
14.","","2","功能测试","功能测试阶段","正常","0","2","14","通过","听筠","2026-06-03","听筠","2026-06-10","3","",""
"186449","数据资产_STD(#23)","/版本迭代测试用例/v6.4.11/【岚图】【数据资产】落标检查任务性能优化，规则sql合并/不可合并(#10606)","【岚图】【数据资产】数据质量任务、落标检查任务性能优化，规则sql合并(#15862)","有车型 验证「有车型」-「不绑定车型关联字段」-「重复数」校验功能","<p style=“font-size:14px;background-color:#FFFFFF;“>1、已存在表order_info</p>
<p style=“font-size:14px;background-color:#FFFFFF;“>CREATE TABLE IF NOT EXISTS tytest.order_info(<br /> user_id INT COMMENT&#039;用户ID&#039;,<br /> tall FLOAT COMMENT&#039;身高&#039;,<br /> weight DOUBLE COMMENT&#039;体重&#039;,<br /> amount DECIMAL(10,3) COMMENT&#039;金额&#039;,<br /> car_model STRING COMMENT&#039;车型&#039;,<br /> age BYTE COMMENT&#039;年龄&#039;,<br /> score SHORT COMMENT&#039;评分&#039;,<br /> total_orders LONG COMMENT&#039;总订单数&#039;,<br /> is_vip BOOLEAN COMMENT&#039;是否VIP&#039;,<br /> register_date DATE COMMENT&#039;注册日期&#039;,<br /> last_login TIMESTAMP COMMENT&#039;最后登录时间&#039;,<br /> user_name STRING COMMENT&#039;用户名（非数值字段）&#039;,<br /> order_amount_str STRING COMMENT&#039;订单金额字符串（数值字段）&#039;<br />)PARTITIONED BY(<br /> order_date STRING COMMENT&#039;订单日期，格式yyyy-MM-dd&#039;<br />);<br />-- 插入2026-01-12分区数据<br />INSERT INTO<br /> tytest.order_info PARTITION (order_date = &#039;2026-01-12&#039;)<br />VALUES<br /> (<br /> 1000,<br /> 160,<br /> NULL,<br /> 265.2,<br /> &#039;小米su7&#039;,<br /> 25,<br /> 80,<br /> 10,<br /> TRUE,<br /> DATE &#039;2024-01-01&#039;,<br /> TIMESTAMP &#039;2026-01-12 10:30:00&#039;,<br /> &#039;张三&#039;,<br /> &#039;265.20&#039;<br /> ),<br /> (<br /> 102,<br /> 170,<br /> 66,<br /> 140.80,<br /> &#039;小米su7&#039;,<br /> 30,<br /> 85,<br /> 5,<br /> FALSE,<br /> DATE &#039;2024-03-15&#039;,<br /> TIMESTAMP &#039;2026-01-12 14:20:00&#039;,<br /> &#039;李四&#039;,<br /> &#039;140.80&#039;<br /> ),<br /> (<br /> 1100,<br /> 180.23,<br /> 459897,<br /> 187,<br /> &#039;保时捷718&#039;,<br /> 35,<br /> 90,<br /> 3,<br /> TRUE,<br /> DATE &#039;2024-06-20&#039;,<br /> TIMESTAMP &#039;2026-01-12 09:15:00&#039;,<br /> &#039;王五&#039;,<br /> &#039;187.00&#039;<br /> );<br />-- 插入2026-01-13分区数据<br />INSERT INTO<br /> tytest.order_info PARTITION (order_date = &#039;2026-01-13&#039;)<br />VALUES<br /> (<br /> 1001,<br /> 160,<br /> NULL,<br /> 265,<br /> &#039;小米su7&#039;,<br /> 26,<br /> 82,<br /> 15,<br /> NULL,<br /> CAST(&#039;2024-01-15&#039; AS DATE),<br /> CAST(&#039;2026-01-13 11:00:00&#039; AS TIMESTAMP),<br /> &#039;赵六&#039;,<br /> &#039;265.00&#039;<br /> ),<br /> (<br /> 1001,<br /> 160,<br /> NULL,<br /> NULL,<br /> &#039;小米su7&#039;,<br /> 26,<br /> 82,<br /> 16,<br /> FALSE,<br /> CAST(NULL AS DATE),<br /> CAST(&#039;2026-01-13 15:30:00&#039; AS TIMESTAMP),<br /> &#039;孙七&#039;,<br /> NULL<br /> ),<br /> (<br /> 102,<br /> 170,<br /> 66,<br /> 15483.568,<br /> &#039;小米su7&#039;,<br /> 31,<br /> 87,<br /> 8,<br /> TRUE,<br /> CAST(&#039;2024-04-01&#039; AS DATE),<br /> CAST(NULL AS TIMESTAMP),<br /> &#039;周八&#039;,<br /> &#039;15483.568&#039;<br /> ),<br /> (<br /> 1001,<br /> 160,<br /> NULL,<br /> 265,<br /> &#039;小米su7&#039;,<br /> 26,<br /> 82,<br /> 17,<br /> FALSE,<br /> CAST(&#039;2024-01-15&#039; AS DATE),<br /> CAST(&#039;2026-01-13 18:20:00&#039; AS TIMESTAMP),<br /> &#039;吴九&#039;,<br /> &#039;265.00&#039;<br /> ),<br /> (<br /> 110030,<br /> 180.23,<br /> 459897,<br /> 80.55485,<br /> &#039;保时捷718&#039;,<br /> 36,<br /> 92,<br /> 5,<br /> NULL,<br /> CAST(&#039;2024-07-10&#039; AS DATE),<br /> CAST(NULL AS TIMESTAMP),<br /> &#039;郑十&#039;,<br /> &#039;80.55485&#039;<br /> ),<br /> (<br /> 110030,<br /> 180.23,<br /> 459897,<br /> 80.55485,<br /> &#039;保时捷718&#039;,<br /> 36,<br /> 92,<br /> 6,<br /> FALSE,<br /> CAST(&#039;2024-07-10&#039; AS DATE),<br /> CAST(&#039;2026-01-13 14:05:00&#039; AS TIMESTAMP),<br /> &#039;钱十一&#039;,<br /> &#039;80.55485&#039;<br /> ),<br /> (<br /> 11003,<br /> 180.23,<br /> 459897,<br /> NULL,<br /> &#039;保时捷718&#039;,<br /> 36,<br /> 92,<br /> 7,<br /> FALSE,<br /> CAST(NULL AS DATE),<br /> CAST(&#039;2026-01-13 16:40:00&#039; AS TIMESTAMP),<br /> &#039;孙十二&#039;,<br /> NULL<br /> ),<br /> (<br /> 1001,<br /> 160,<br /> NULL,<br /> 265,<br /> NULL,<br /> 26,<br /> 82,<br /> 17,<br /> FALSE,<br /> CAST(&#039;2024-01-15&#039; AS DATE),<br /> CAST(&#039;2026-01-13 18:20:00&#039; AS TIMESTAMP),<br /> &#039;李十三&#039;,<br /> &#039;265.00&#039;<br /> ),<br /> (<br /> 11003,<br /> 180.23,<br /> 459897,<br /> 80.55485,<br /> NULL,<br /> 36,<br /> 92,<br /> 5,<br /> NULL,<br /> CAST(&#039;2024-07-10&#039; AS DATE),<br /> CAST(NULL AS TIMESTAMP),<br /> &#039;王十四&#039;,<br /> &#039;80.55485&#039;<br /> );</p>
<p style=“font-size:14px;background-color:#FFFFFF;“>2、已存在标准目录：test</p>","1. 进入「资产-数据标准-标准定义」页面
2. 新建标准配置如下：
「中文名称」：「总额」
「英文名称」：「amount」
「英文缩写」：「at」
「标准目录」：「test」
「车型」：「小米su7，保时捷718」
1）小米su7：
「数据类型」：「数值型」
「数据长度」：「<=5」
「数据精度」：「3/2」
「是否允许为空」：「不可空」
「是否允许重复」：「不可重复」
「默认值」：「1」
「取值范围」：「>=10且<=280」
「初始值」：「2」
「无效值」：「0.1」
「精度倍数」：「2.2」
「偏移量」：「0.02」；
2）保时捷718：
「数据类型」：「数值型」
「数据长度」：「<=5」
「数据精度」：「3/2」
「是否允许为空」：「不可空」
「是否允许重复」：「不可重复」
「默认值」：「1」
「取值范围」：「>=180且<=999」
「初始值」：「2」
「无效值」：「0.1」
「精度倍数」：「2.2」
「偏移量」：「0.02」；
点击【上线】
3. 点击「标准映射」页面，进行标准映射
4. 给该标准绑定字段：绑定amount字段
5. 点击「落标检查」页面，新增检查任务，检查内容配置如下：
「数据源」：「${DATASOURCE}」
「数据库」：「${DATABASE}」
「数据表」：「order_info」
「选择已有分区」：「dt=2026-01-12」
「标准目录」：「test」
「车型关联字段」：「car_model」；
点击【下一步】
6. 开启amount字段的检查，设置检查项为：重复数；
点击【下一步】
7. 配置调度属性为按天运行，其余内容正确配置；点击【新增并立即执行】
8. 等待检查完成，查看【落标检查设置】tab列表
9. 点击【操作-查看结果详情】
10. 查看【落标检查结果】tab列表
11. 点击【操作-查看详情】
12. 根据文档步骤通过底层数据库查看该检查任务的sql
13. 等待该检查任务按周期运行完成，查看结果详情","1. 页面正常打开
2. 内容配置成功；
标准成功上线
3. 标准映射列表新增该标准
4. 字段绑定成功
5. 检查内容配置成功；
进入选择字段页面
6. 成功开启检查并设置检查项；
进入调度配置页面
7. 保存成功，任务进入检查中状态
8. 1）显示对应的正确数据表名称、所属数据源、所属数据库、检查字段数/总字段数、检查周期、检查状态、标准达标率、不达标字段数/检查失败数、最近编辑时间、最近检查时间、操作。
2）其中标准达标率为“100%”，不达标字段数/检查失败数为“0/0”
9. 跳转至【落标检查结果】tab
10. 1）显示对应的正确数据源、数据库、数据表、字段、检查状态、是否达标、检查开始时间、检查结束时间、操作。
2）其中检查状态为“检查完成”，是否达标为“达标”
11. 检查结果详情包含以下信息：
1）检查信息：检查数据源、数据库、数据表、字段与配置的内容一致；
2）检查结果列表：重复数显示“达标”，开始检查时间、结束检查时间正确，操作为“--”
3）关联标准详情与前面配置的内容一致
12. sql未进行合并：
只有单个select语句，无SUM (CASE WHEN)并行计算逻辑
13. 该检查项达标，详情正确","1. 
2. 
3. 
4. 
5. 
6. 
7. 
8. 
9. 
10. 
11. 
12. 
13.","","1","功能测试","功能测试阶段","正常","0","3","13","通过","听筠","2026-06-03","听筠","2026-06-09","1","",""
"186448","数据资产_STD(#23)","/版本迭代测试用例/v6.4.11/【岚图】【数据资产】落标检查任务性能优化，规则sql合并/不可合并(#10606)","【岚图】【数据资产】数据质量任务、落标检查任务性能优化，规则sql合并(#15862)","有车型 验证「有车型」-「不绑定车型关联字段」-「取值范围」校验功能","1、已存在表order_info
CREATE TABLE IF NOT EXISTS tytest.order_info (
user_id INT COMMENT &#039;用户ID&#039;,
tall FLOAT COMMENT &#039;身高&#039;,
weight DOUBLE COMMENT &#039;体重&#039;,
amount DECIMAL(10,3) COMMENT &#039;金额&#039;,
car_model STRING COMMENT &#039;车型&#039;,
age BYTE COMMENT &#039;年龄&#039;,
score SHORT COMMENT &#039;评分&#039;,
total_orders LONG COMMENT &#039;总订单数&#039;,
is_vip BOOLEAN COMMENT &#039;是否VIP&#039;,
register_date DATE COMMENT &#039;注册日期&#039;,
last_login TIMESTAMP COMMENT &#039;最后登录时间&#039;
)
PARTITIONED BY (order_date STRING COMMENT &#039;订单日期，格式yyyy-MM-dd&#039;);
-- 插入2026-01-12分区数据
INSERT INTO tytest.order_info PARTITION (order_date=&#039;2026-01-12&#039;)
VALUES
(1000, 160, NULL, 265.2, &#039;小米su7&#039;, 25, 80, 10, TRUE, DATE &#039;2024-01-01&#039;, TIMESTAMP &#039;2026-01-12 10:30:00&#039;),
(102, 170, 66, 140.80, &#039;小米su7&#039;, 30, 85, 5, FALSE, DATE &#039;2024-03-15&#039;, TIMESTAMP &#039;2026-01-12 14:20:00&#039;),
(1100, 180.23, 459897, 187, &#039;保时捷718&#039;, 35, 90, 3, TRUE, DATE &#039;2024-06-20&#039;, TIMESTAMP &#039;2026-01-12 09:15:00&#039;);
-- 插入2026-01-13分区数据
INSERT INTO tytest.order_info PARTITION (order_date=&#039;2026-01-13&#039;)
VALUES
(1001, 160, NULL, 265, &#039;小米su7&#039;, 26, 82, 15, NULL, CAST(&#039;2024-01-15&#039; AS DATE), CAST(&#039;2026-01-13 11:00:00&#039; AS TIMESTAMP)),
(1001, 160, NULL, NULL, &#039;小米su7&#039;, 26, 82, 16, FALSE, CAST(NULL AS DATE), CAST(&#039;2026-01-13 15:30:00&#039; AS TIMESTAMP)),
(102, 170, 66, 15483.568, &#039;小米su7&#039;, 31, 87, 8, TRUE, CAST(&#039;2024-04-01&#039; AS DATE), CAST(NULL AS TIMESTAMP)),
(1001, 160, NULL, 265, &#039;小米su7&#039;, 26, 82, 17, FALSE, CAST(&#039;2024-01-15&#039; AS DATE), CAST(&#039;2026-01-13 18:20:00&#039; AS TIMESTAMP)),
(110030, 180.23, 459897, 80.55485, &#039;保时捷718&#039;, 36, 92, 5, NULL, CAST(&#039;2024-07-10&#039; AS DATE), CAST(NULL AS TIMESTAMP)),
(110030, 180.23, 459897, 80.55485, &#039;保时捷718&#039;, 36, 92, 6, FALSE, CAST(&#039;2024-07-10&#039; AS DATE), CAST(&#039;2026-01-13 14:05:00&#039; AS TIMESTAMP)),
(11003, 180.23, 459897, NULL, &#039;保时捷718&#039;, 36, 92, 7, FALSE, CAST(NULL AS DATE), CAST(&#039;2026-01-13 16:40:00&#039; AS TIMESTAMP)),
(1001, 160, NULL, 265, NULL, 26, 82, 17, FALSE, CAST(&#039;2024-01-15&#039; AS DATE), CAST(&#039;2026-01-13 18:20:00&#039; AS TIMESTAMP)),
(11003, 180.23, 459897, 80.55485, NULL, 36, 92, 5, NULL, CAST(&#039;2024-07-10&#039; AS DATE), CAST(NULL AS TIMESTAMP));
2、已存在标准目录：test","1. 进入「资产-数据标准-标准定义」页面
2. 新建标准配置如下：
「中文名称」：「总额」
「英文名称」：「amount」
「英文缩写」：「at」
「标准目录」：「test」
「车型」：「小米su7，保时捷718」
1）小米su7：
「数据类型」：「数值型」
「数据长度」：「<=5」
「数据精度」：「3/2」
「是否允许为空」：「不可空」
「是否允许重复」：「不可重复」
「默认值」：「1」
「取值范围」：「>=10且<=280」
「初始值」：「2」
「无效值」：「0.1」
「精度倍数」：「2.2」
「偏移量」：「0.02」；
2）保时捷718：
「数据类型」：「数值型」
「数据长度」：「<=5」
「数据精度」：「3/2」
「是否允许为空」：「不可空」
「是否允许重复」：「不可重复」
「默认值」：「1」
「取值范围」：「>=180且<=999」
「初始值」：「2」
「无效值」：「0.1」
「精度倍数」：「2.2」
「偏移量」：「0.02」；
点击【上线】
3. 点击「标准映射」页面，进行标准映射
4. 给该标准绑定字段：绑定amount字段
5. 点击「落标检查」页面，新增检查任务，检查内容配置如下：
「数据源」：「${DATASOURCE}」
「数据库」：「${DATABASE}」
「数据表」：「order_info」
「选择已有分区」：「dt=2026-01-12」
「标准目录」：「test」
不绑定「车型关联字段」；
点击【下一步】
6. 开启amount字段的检查，设置检查项为：取值范围；
点击【下一步】
7. 配置调度属性为按天运行，其余内容正确配置；点击【新增并立即执行】
8. 等待检查完成，查看【落标检查设置】tab列表
9. 点击【操作-查看结果详情】
10. 查看【落标检查结果】tab列表
11. 点击【操作-查看详情】
12. 根据文档步骤通过底层数据库查看该检查任务的sql
13. 等待该检查任务按周期运行完成，查看结果详情","1. 页面正常打开
2. 内容配置成功；
标准成功上线
3. 标准映射列表新增该标准
4. 字段绑定成功
5. 检查内容配置成功；
进入选择字段页面
6. 成功开启检查并设置检查项；
进入调度配置页面
7. 保存成功，任务进入检查中状态
8. 1）显示对应的正确数据表名称、所属数据源、所属数据库、检查字段数/总字段数、检查周期、检查状态、标准达标率、不达标字段数/检查失败数、最近编辑时间、最近检查时间、操作。
2）其中标准达标率为“100%”，不达标字段数/检查失败数为“0/0”
9. 跳转至【落标检查结果】tab
10. 1）显示对应的正确数据源、数据库、数据表、字段、检查状态、是否达标、检查开始时间、检查结束时间、操作。
2）其中检查状态为“检查完成”，是否达标为“达标”
11. 检查结果详情包含以下信息：
1）检查信息：检查数据源、数据库、数据表、字段与配置的内容一致；
2）检查结果列表：取值范围显示“达标”，开始检查时间、结束检查时间正确，操作为“--”
3）关联标准详情与前面配置的内容一致
12. sql未进行合并：
只有单个select语句，无并行计算逻辑
13. 该检查项达标，详情正确","1. 
2. 
3. 
4. 
5. 
6. 
7. 
8. 
9. 
10. 
11. 
12. 
13.","","3","功能测试","功能测试阶段","正常","0","2","13","通过","听筠","2026-06-03","听筠","2026-06-09","2","",""
"186447","数据资产_STD(#23)","/版本迭代测试用例/v6.4.11/【岚图】【数据资产】落标检查任务性能优化，规则sql合并/不可合并(#10606)","【岚图】【数据资产】数据质量任务、落标检查任务性能优化，规则sql合并(#15862)","有车型 验证「有车型」-「不绑定车型关联字段」-「空值数」校验功能","1、已存在表order_info
CREATE TABLE IF NOT EXISTS tytest.order_info (
user_id INT COMMENT &#039;用户ID&#039;,
tall FLOAT COMMENT &#039;身高&#039;,
weight DOUBLE COMMENT &#039;体重&#039;,
amount DECIMAL(10,3) COMMENT &#039;金额&#039;,
car_model STRING COMMENT &#039;车型&#039;,
age BYTE COMMENT &#039;年龄&#039;,
score SHORT COMMENT &#039;评分&#039;,
total_orders LONG COMMENT &#039;总订单数&#039;,
is_vip BOOLEAN COMMENT &#039;是否VIP&#039;,
register_date DATE COMMENT &#039;注册日期&#039;,
last_login TIMESTAMP COMMENT &#039;最后登录时间&#039;
)
PARTITIONED BY (order_date STRING COMMENT &#039;订单日期，格式yyyy-MM-dd&#039;);
-- 插入2026-01-12分区数据
INSERT INTO tytest.order_info PARTITION (order_date=&#039;2026-01-12&#039;)
VALUES
(1000, 160, NULL, 265.2, &#039;小米su7&#039;, 25, 80, 10, TRUE, DATE &#039;2024-01-01&#039;, TIMESTAMP &#039;2026-01-12 10:30:00&#039;),
(102, 170, 66, 140.80, &#039;小米su7&#039;, 30, 85, 5, FALSE, DATE &#039;2024-03-15&#039;, TIMESTAMP &#039;2026-01-12 14:20:00&#039;),
(1100, 180.23, 459897, 187, &#039;保时捷718&#039;, 35, 90, 3, TRUE, DATE &#039;2024-06-20&#039;, TIMESTAMP &#039;2026-01-12 09:15:00&#039;);
-- 插入2026-01-13分区数据
INSERT INTO tytest.order_info PARTITION (order_date=&#039;2026-01-13&#039;)
VALUES
(1001, 160, NULL, 265, &#039;小米su7&#039;, 26, 82, 15, NULL, CAST(&#039;2024-01-15&#039; AS DATE), CAST(&#039;2026-01-13 11:00:00&#039; AS TIMESTAMP)),
(1001, 160, NULL, NULL, &#039;小米su7&#039;, 26, 82, 16, FALSE, CAST(NULL AS DATE), CAST(&#039;2026-01-13 15:30:00&#039; AS TIMESTAMP)),
(102, 170, 66, 15483.568, &#039;小米su7&#039;, 31, 87, 8, TRUE, CAST(&#039;2024-04-01&#039; AS DATE), CAST(NULL AS TIMESTAMP)),
(1001, 160, NULL, 265, &#039;小米su7&#039;, 26, 82, 17, FALSE, CAST(&#039;2024-01-15&#039; AS DATE), CAST(&#039;2026-01-13 18:20:00&#039; AS TIMESTAMP)),
(110030, 180.23, 459897, 80.55485, &#039;保时捷718&#039;, 36, 92, 5, NULL, CAST(&#039;2024-07-10&#039; AS DATE), CAST(NULL AS TIMESTAMP)),
(110030, 180.23, 459897, 80.55485, &#039;保时捷718&#039;, 36, 92, 6, FALSE, CAST(&#039;2024-07-10&#039; AS DATE), CAST(&#039;2026-01-13 14:05:00&#039; AS TIMESTAMP)),
(11003, 180.23, 459897, NULL, &#039;保时捷718&#039;, 36, 92, 7, FALSE, CAST(NULL AS DATE), CAST(&#039;2026-01-13 16:40:00&#039; AS TIMESTAMP)),
(1001, 160, NULL, 265, NULL, 26, 82, 17, FALSE, CAST(&#039;2024-01-15&#039; AS DATE), CAST(&#039;2026-01-13 18:20:00&#039; AS TIMESTAMP)),
(11003, 180.23, 459897, 80.55485, NULL, 36, 92, 5, NULL, CAST(&#039;2024-07-10&#039; AS DATE), CAST(NULL AS TIMESTAMP));
2、已存在标准目录：test","1. 进入「资产-数据标准-标准定义」页面
2. 新建标准配置如下：
「中文名称」：「总额」
「英文名称」：「amount」
「英文缩写」：「at」
「标准目录」：「test」
「车型」：「小米su7，保时捷718」
1）小米su7：
「数据类型」：「数值型」
「数据长度」：「<=5」
「数据精度」：「3/2」
「是否允许为空」：「不可空」
「是否允许重复」：「不可重复」
「默认值」：「1」
「取值范围」：「>=10且<=280」
「初始值」：「2」
「无效值」：「0.1」
「精度倍数」：「2.2」
「偏移量」：「0.02」；
2）保时捷718：
「数据类型」：「数值型」
「数据长度」：「<=5」
「数据精度」：「3/2」
「是否允许为空」：「不可空」
「是否允许重复」：「不可重复」
「默认值」：「1」
「取值范围」：「>=180且<=999」
「初始值」：「2」
「无效值」：「0.1」
「精度倍数」：「2.2」
「偏移量」：「0.02」；
点击【上线】
3. 点击「标准映射」页面，进行标准映射
4. 给该标准绑定字段：绑定amount字段
5. 点击「落标检查」页面，新增检查任务，检查内容配置如下：
「数据源」：「${DATASOURCE}」
「数据库」：「${DATABASE}」
「数据表」：「order_info」
「选择已有分区」：「dt=2026-01-12」
「标准目录」：「test」
不绑定「车型关联字段」；
点击【下一步】
6. 开启amount字段的检查，设置检查项为：空值数；
点击【下一步】
7. 配置调度属性为按天运行，其余内容正确配置；点击【新增并立即执行】
8. 等待检查完成，查看【落标检查设置】tab列表
9. 点击【操作-查看结果详情】
10. 查看【落标检查结果】tab列表
11. 点击【操作-查看详情】
12. 根据文档步骤通过底层数据库查看该检查任务的sql
13. 等待该检查任务按周期运行完成，查看结果详情","1. 页面正常打开
2. 内容配置成功；
标准成功上线
3. 标准映射列表新增该标准
4. 字段绑定成功
5. 检查内容配置成功；
进入选择字段页面
6. 成功开启检查并设置检查项；
进入调度配置页面
7. 保存成功，任务进入检查中状态
8. 1）显示对应的正确数据表名称、所属数据源、所属数据库、检查字段数/总字段数、检查周期、检查状态、标准达标率、不达标字段数/检查失败数、最近编辑时间、最近检查时间、操作。
2）其中标准达标率为“100%”，不达标字段数/检查失败数为“0/0”
9. 跳转至【落标检查结果】tab
10. 1）显示对应的正确数据源、数据库、数据表、字段、检查状态、是否达标、检查开始时间、检查结束时间、操作。
2）其中检查状态为“检查完成”，是否达标为“达标”
11. 检查结果详情包含以下信息：
1）检查信息：检查数据源、数据库、数据表、字段与配置的内容一致；
2）检查结果列表：空值数显示“达标”，开始检查时间、结束检查时间正确，操作为“--”
3）关联标准详情与前面配置的内容一致
12. sql未进行合并：
只有单个select语句，无并行计算逻辑
13. 该检查项达标，详情正确","1. 
2. 
3. 
4. 
5. 
6. 
7. 
8. 
9. 
10. 
11. 
12. 
13.","","3","功能测试","功能测试阶段","正常","0","2","13","通过","听筠","2026-06-03","听筠","2026-06-09","2","",""
"186446","数据资产_STD(#23)","/版本迭代测试用例/v6.4.11/【岚图】【数据资产】落标检查任务性能优化，规则sql合并/不可合并(#10606)","【岚图】【数据资产】数据质量任务、落标检查任务性能优化，规则sql合并(#15862)","有车型 验证「有车型」-「不绑定车型关联字段」-「精度倍数」校验功能","1、已存在表order_info
CREATE TABLE IF NOT EXISTS tytest.order_info (
user_id INT COMMENT &#039;用户ID&#039;,
tall FLOAT COMMENT &#039;身高&#039;,
weight DOUBLE COMMENT &#039;体重&#039;,
amount DECIMAL(10,3) COMMENT &#039;金额&#039;,
car_model STRING COMMENT &#039;车型&#039;,
age BYTE COMMENT &#039;年龄&#039;,
score SHORT COMMENT &#039;评分&#039;,
total_orders LONG COMMENT &#039;总订单数&#039;,
is_vip BOOLEAN COMMENT &#039;是否VIP&#039;,
register_date DATE COMMENT &#039;注册日期&#039;,
last_login TIMESTAMP COMMENT &#039;最后登录时间&#039;
)
PARTITIONED BY (order_date STRING COMMENT &#039;订单日期，格式yyyy-MM-dd&#039;);
-- 插入2026-01-12分区数据
INSERT INTO tytest.order_info PARTITION (order_date=&#039;2026-01-12&#039;)
VALUES
(1000, 160, NULL, 265.2, &#039;小米su7&#039;, 25, 80, 10, TRUE, DATE &#039;2024-01-01&#039;, TIMESTAMP &#039;2026-01-12 10:30:00&#039;),
(102, 170, 66, 140.80, &#039;小米su7&#039;, 30, 85, 5, FALSE, DATE &#039;2024-03-15&#039;, TIMESTAMP &#039;2026-01-12 14:20:00&#039;),
(1100, 180.23, 459897, 187, &#039;保时捷718&#039;, 35, 90, 3, TRUE, DATE &#039;2024-06-20&#039;, TIMESTAMP &#039;2026-01-12 09:15:00&#039;);
-- 插入2026-01-13分区数据
INSERT INTO tytest.order_info PARTITION (order_date=&#039;2026-01-13&#039;)
VALUES
(1001, 160, NULL, 265, &#039;小米su7&#039;, 26, 82, 15, NULL, CAST(&#039;2024-01-15&#039; AS DATE), CAST(&#039;2026-01-13 11:00:00&#039; AS TIMESTAMP)),
(1001, 160, NULL, NULL, &#039;小米su7&#039;, 26, 82, 16, FALSE, CAST(NULL AS DATE), CAST(&#039;2026-01-13 15:30:00&#039; AS TIMESTAMP)),
(102, 170, 66, 15483.568, &#039;小米su7&#039;, 31, 87, 8, TRUE, CAST(&#039;2024-04-01&#039; AS DATE), CAST(NULL AS TIMESTAMP)),
(1001, 160, NULL, 265, &#039;小米su7&#039;, 26, 82, 17, FALSE, CAST(&#039;2024-01-15&#039; AS DATE), CAST(&#039;2026-01-13 18:20:00&#039; AS TIMESTAMP)),
(110030, 180.23, 459897, 80.55485, &#039;保时捷718&#039;, 36, 92, 5, NULL, CAST(&#039;2024-07-10&#039; AS DATE), CAST(NULL AS TIMESTAMP)),
(110030, 180.23, 459897, 80.55485, &#039;保时捷718&#039;, 36, 92, 6, FALSE, CAST(&#039;2024-07-10&#039; AS DATE), CAST(&#039;2026-01-13 14:05:00&#039; AS TIMESTAMP)),
(11003, 180.23, 459897, NULL, &#039;保时捷718&#039;, 36, 92, 7, FALSE, CAST(NULL AS DATE), CAST(&#039;2026-01-13 16:40:00&#039; AS TIMESTAMP)),
(1001, 160, NULL, 265, NULL, 26, 82, 17, FALSE, CAST(&#039;2024-01-15&#039; AS DATE), CAST(&#039;2026-01-13 18:20:00&#039; AS TIMESTAMP)),
(11003, 180.23, 459897, 80.55485, NULL, 36, 92, 5, NULL, CAST(&#039;2024-07-10&#039; AS DATE), CAST(NULL AS TIMESTAMP));
2、已存在标准目录：test","1. 进入「资产-数据标准-标准定义」页面
2. 新建标准配置如下：
「中文名称」：「总额」
「英文名称」：「amount」
「英文缩写」：「at」
「标准目录」：「test」
「车型」：「小米su7，保时捷718」
1）小米su7：
「数据类型」：「数值型」
「数据长度」：「<=5」
「数据精度」：「3/2」
「是否允许为空」：「不可空」
「是否允许重复」：「不可重复」
「默认值」：「1」
「取值范围」：「>=10且<=280」
「初始值」：「2」
「无效值」：「0.1」
「精度倍数」：「2.2」
「偏移量」：「0.02」；
2）保时捷718：
「数据类型」：「数值型」
「数据长度」：「<=5」
「数据精度」：「3/2」
「是否允许为空」：「不可空」
「是否允许重复」：「不可重复」
「默认值」：「1」
「取值范围」：「>=180且<=999」
「初始值」：「2」
「无效值」：「0.1」
「精度倍数」：「2.2」
「偏移量」：「0.02」；
点击【上线】
3. 点击「标准映射」页面，进行标准映射
4. 给该标准绑定字段：绑定amount字段
5. 点击「落标检查」页面，新增检查任务，检查内容配置如下：
「数据源」：「${DATASOURCE}」
「数据库」：「${DATABASE}」
「数据表」：「order_info」
「选择已有分区」：「dt=2026-01-12」
「标准目录」：「test」
不绑定「车型关联字段」；
点击【下一步】
6. 开启amount字段的检查，设置检查项为：精度倍数；
点击【下一步】
7. 配置调度属性为按天运行，其余内容正确配置；点击【新增并立即执行】
8. 等待检查完成，查看【落标检查设置】tab列表
9. 点击【操作-查看结果详情】
10. 查看【落标检查结果】tab列表
11. 点击【操作-查看详情】
12. 根据文档步骤通过底层数据库查看该检查任务的sql
13. 等待该检查任务按周期运行完成，查看结果详情","1. 页面正常打开
2. 内容配置成功；
标准成功上线
3. 标准映射列表新增该标准
4. 字段绑定成功
5. 检查内容配置成功；
进入选择字段页面
6. 成功开启检查并设置检查项；
进入调度配置页面
7. 保存成功，任务进入检查中状态
8. 1）显示对应的正确数据表名称、所属数据源、所属数据库、检查字段数/总字段数、检查周期、检查状态、标准达标率、不达标字段数/检查失败数、最近编辑时间、最近检查时间、操作。
2）其中标准达标率为“100%”，不达标字段数/检查失败数为“0/0”
9. 跳转至【落标检查结果】tab
10. 1）显示对应的正确数据源、数据库、数据表、字段、检查状态、是否达标、检查开始时间、检查结束时间、操作。
2）其中检查状态为“检查完成”，是否达标为“达标”
11. 检查结果详情包含以下信息：
1）检查信息：检查数据源、数据库、数据表、字段与配置的内容一致；
2）检查结果列表：精度倍数显示“达标”，开始检查时间、结束检查时间正确，操作为“--”
3）关联标准详情与前面配置的内容一致
12. sql未进行合并：
只有单个select语句，无并行计算逻辑
13. 该检查项达标，详情正确","1. 
2. 
3. 
4. 
5. 
6. 
7. 
8. 
9. 
10. 
11. 
12. 
13.","","3","功能测试","功能测试阶段","正常","0","2","13","通过","听筠","2026-06-03","听筠","2026-06-09","2","",""
"186445","数据资产_STD(#23)","/版本迭代测试用例/v6.4.11/【岚图】【数据资产】落标检查任务性能优化，规则sql合并/不可合并(#10606)","【岚图】【数据资产】数据质量任务、落标检查任务性能优化，规则sql合并(#15862)","有车型 验证「有车型」-「不绑定车型关联字段」-「数据精度」校验功能","1、已存在表order_info
CREATE TABLE IF NOT EXISTS tytest.order_info (
user_id INT COMMENT &#039;用户ID&#039;,
tall FLOAT COMMENT &#039;身高&#039;,
weight DOUBLE COMMENT &#039;体重&#039;,
amount DECIMAL(10,3) COMMENT &#039;金额&#039;,
car_model STRING COMMENT &#039;车型&#039;,
age BYTE COMMENT &#039;年龄&#039;,
score SHORT COMMENT &#039;评分&#039;,
total_orders LONG COMMENT &#039;总订单数&#039;,
is_vip BOOLEAN COMMENT &#039;是否VIP&#039;,
register_date DATE COMMENT &#039;注册日期&#039;,
last_login TIMESTAMP COMMENT &#039;最后登录时间&#039;
)
PARTITIONED BY (order_date STRING COMMENT &#039;订单日期，格式yyyy-MM-dd&#039;);
-- 插入2026-01-12分区数据
INSERT INTO tytest.order_info PARTITION (order_date=&#039;2026-01-12&#039;)
VALUES
(1000, 160, NULL, 265.2, &#039;小米su7&#039;, 25, 80, 10, TRUE, DATE &#039;2024-01-01&#039;, TIMESTAMP &#039;2026-01-12 10:30:00&#039;),
(102, 170, 66, 140.80, &#039;小米su7&#039;, 30, 85, 5, FALSE, DATE &#039;2024-03-15&#039;, TIMESTAMP &#039;2026-01-12 14:20:00&#039;),
(1100, 180.23, 459897, 187, &#039;保时捷718&#039;, 35, 90, 3, TRUE, DATE &#039;2024-06-20&#039;, TIMESTAMP &#039;2026-01-12 09:15:00&#039;);
-- 插入2026-01-13分区数据
INSERT INTO tytest.order_info PARTITION (order_date=&#039;2026-01-13&#039;)
VALUES
(1001, 160, NULL, 265, &#039;小米su7&#039;, 26, 82, 15, NULL, CAST(&#039;2024-01-15&#039; AS DATE), CAST(&#039;2026-01-13 11:00:00&#039; AS TIMESTAMP)),
(1001, 160, NULL, NULL, &#039;小米su7&#039;, 26, 82, 16, FALSE, CAST(NULL AS DATE), CAST(&#039;2026-01-13 15:30:00&#039; AS TIMESTAMP)),
(102, 170, 66, 15483.568, &#039;小米su7&#039;, 31, 87, 8, TRUE, CAST(&#039;2024-04-01&#039; AS DATE), CAST(NULL AS TIMESTAMP)),
(1001, 160, NULL, 265, &#039;小米su7&#039;, 26, 82, 17, FALSE, CAST(&#039;2024-01-15&#039; AS DATE), CAST(&#039;2026-01-13 18:20:00&#039; AS TIMESTAMP)),
(110030, 180.23, 459897, 80.55485, &#039;保时捷718&#039;, 36, 92, 5, NULL, CAST(&#039;2024-07-10&#039; AS DATE), CAST(NULL AS TIMESTAMP)),
(110030, 180.23, 459897, 80.55485, &#039;保时捷718&#039;, 36, 92, 6, FALSE, CAST(&#039;2024-07-10&#039; AS DATE), CAST(&#039;2026-01-13 14:05:00&#039; AS TIMESTAMP)),
(11003, 180.23, 459897, NULL, &#039;保时捷718&#039;, 36, 92, 7, FALSE, CAST(NULL AS DATE), CAST(&#039;2026-01-13 16:40:00&#039; AS TIMESTAMP)),
(1001, 160, NULL, 265, NULL, 26, 82, 17, FALSE, CAST(&#039;2024-01-15&#039; AS DATE), CAST(&#039;2026-01-13 18:20:00&#039; AS TIMESTAMP)),
(11003, 180.23, 459897, 80.55485, NULL, 36, 92, 5, NULL, CAST(&#039;2024-07-10&#039; AS DATE), CAST(NULL AS TIMESTAMP));
2、已存在标准目录：test","1. 进入「资产-数据标准-标准定义」页面
2. 新建标准配置如下：
「中文名称」：「总额」
「英文名称」：「amount」
「英文缩写」：「at」
「标准目录」：「test」
「车型」：「小米su7，保时捷718」
1）小米su7：
「数据类型」：「数值型」
「数据长度」：「<=5」
「数据精度」：「3/2」
「是否允许为空」：「不可空」
「是否允许重复」：「不可重复」
「默认值」：「1」
「取值范围」：「>=10且<=280」
「初始值」：「2」
「无效值」：「0.1」
「精度倍数」：「2.2」
「偏移量」：「0.02」；
2）保时捷718：
「数据类型」：「数值型」
「数据长度」：「<=5」
「数据精度」：「3/2」
「是否允许为空」：「不可空」
「是否允许重复」：「不可重复」
「默认值」：「1」
「取值范围」：「>=180且<=999」
「初始值」：「2」
「无效值」：「0.1」
「精度倍数」：「2.2」
「偏移量」：「0.02」；
点击【上线】
3. 点击「标准映射」页面，进行标准映射
4. 给该标准绑定字段：绑定amount字段
5. 点击「落标检查」页面，新增检查任务，检查内容配置如下：
「数据源」：「${DATASOURCE}」
「数据库」：「${DATABASE}」
「数据表」：「order_info」
「选择已有分区」：「dt=2026-01-13」
「标准目录」：「test」
不绑定「车型关联字段」；
点击【下一步】
6. 开启amount字段的检查，设置检查项为：数据精度；
点击【下一步】
7. 配置调度属性为按天运行，其余内容正确配置；点击【新增并立即执行】
8. 等待检查完成，查看【落标检查设置】tab列表
9. 点击【操作-查看结果详情】
10. 查看【落标检查结果】tab列表
11. 点击【操作-查看详情】
12. 点击列表里检查项对应的的【操作-查看详情】
13. 根据文档步骤通过底层数据库查看该检查任务的sql
14. 等待该检查任务按周期运行完成，查看结果详情","1. 页面正常打开
2. 内容配置成功；
标准成功上线
3. 标准映射列表新增该标准
4. 字段绑定成功
5. 检查内容配置成功；
进入选择字段页面
6. 成功开启检查并设置检查项；
进入调度配置页面
7. 保存成功，任务进入检查中状态
8. 1）显示对应的正确数据表名称、所属数据源、所属数据库、检查字段数/总字段数、检查周期、检查状态、标准达标率、不达标字段数/检查失败数、最近编辑时间、最近检查时间、操作。
2）其中标准达标率为“0%”，不达标字段数/检查失败数为“1/0”
9. 跳转至【落标检查结果】tab
10. 1）显示对应的正确数据源、数据库、数据表、字段、检查状态、是否达标、检查开始时间、检查结束时间、操作。
2）其中检查状态为“检查完成”，是否达标为“未达标”
11. 检查结果详情包含以下信息：
1）检查信息：检查数据源、数据库、数据表、字段与配置的内容一致；
2）检查结果列表：数据精度显示“未达标”，开始检查时间、结束检查时间正确，操作为“查看详情”
3）关联标准详情与前面配置的内容一致
12. 1）为脏数据明细，显示不符合检查项的数据，标红展示
2）行数<=100
13. sql未进行合并：
只有单个select语句，无并行计算逻辑
14. 该检查项未达标，详情正确","1. 
2. 
3. 
4. 
5. 
6. 
7. 
8. 
9. 
10. 
11. 
12. 
13. 
14.","","3","功能测试","功能测试阶段","正常","0","2","14","通过","听筠","2026-06-03","听筠","2026-06-09","2","",""
"186444","数据资产_STD(#23)","/版本迭代测试用例/v6.4.11/【岚图】【数据资产】落标检查任务性能优化，规则sql合并/不可合并(#10606)","【岚图】【数据资产】数据质量任务、落标检查任务性能优化，规则sql合并(#15862)","有车型 验证「有车型」-「不绑定车型关联字段」-「字符串长度」校验功能","1、已存在表order_info
CREATE TABLE IF NOT EXISTS tytest.order_info (
user_id INT COMMENT &#039;用户ID&#039;,
tall FLOAT COMMENT &#039;身高&#039;,
weight DOUBLE COMMENT &#039;体重&#039;,
amount DECIMAL(10,3) COMMENT &#039;金额&#039;,
car_model STRING COMMENT &#039;车型&#039;,
age BYTE COMMENT &#039;年龄&#039;,
score SHORT COMMENT &#039;评分&#039;,
total_orders LONG COMMENT &#039;总订单数&#039;,
is_vip BOOLEAN COMMENT &#039;是否VIP&#039;,
register_date DATE COMMENT &#039;注册日期&#039;,
last_login TIMESTAMP COMMENT &#039;最后登录时间&#039;
)
PARTITIONED BY (order_date STRING COMMENT &#039;订单日期，格式yyyy-MM-dd&#039;);
-- 插入2026-01-12分区数据
INSERT INTO tytest.order_info PARTITION (order_date=&#039;2026-01-12&#039;)
VALUES
(1000, 160, NULL, 265.2, &#039;小米su7&#039;, 25, 80, 10, TRUE, DATE &#039;2024-01-01&#039;, TIMESTAMP &#039;2026-01-12 10:30:00&#039;),
(102, 170, 66, 140.80, &#039;小米su7&#039;, 30, 85, 5, FALSE, DATE &#039;2024-03-15&#039;, TIMESTAMP &#039;2026-01-12 14:20:00&#039;),
(1100, 180.23, 459897, 187, &#039;保时捷718&#039;, 35, 90, 3, TRUE, DATE &#039;2024-06-20&#039;, TIMESTAMP &#039;2026-01-12 09:15:00&#039;);
-- 插入2026-01-13分区数据
INSERT INTO tytest.order_info PARTITION (order_date=&#039;2026-01-13&#039;)
VALUES
(1001, 160, NULL, 265, &#039;小米su7&#039;, 26, 82, 15, NULL, CAST(&#039;2024-01-15&#039; AS DATE), CAST(&#039;2026-01-13 11:00:00&#039; AS TIMESTAMP)),
(1001, 160, NULL, NULL, &#039;小米su7&#039;, 26, 82, 16, FALSE, CAST(NULL AS DATE), CAST(&#039;2026-01-13 15:30:00&#039; AS TIMESTAMP)),
(102, 170, 66, 15483.568, &#039;小米su7&#039;, 31, 87, 8, TRUE, CAST(&#039;2024-04-01&#039; AS DATE), CAST(NULL AS TIMESTAMP)),
(1001, 160, NULL, 265, &#039;小米su7&#039;, 26, 82, 17, FALSE, CAST(&#039;2024-01-15&#039; AS DATE), CAST(&#039;2026-01-13 18:20:00&#039; AS TIMESTAMP)),
(110030, 180.23, 459897, 80.55485, &#039;保时捷718&#039;, 36, 92, 5, NULL, CAST(&#039;2024-07-10&#039; AS DATE), CAST(NULL AS TIMESTAMP)),
(110030, 180.23, 459897, 80.55485, &#039;保时捷718&#039;, 36, 92, 6, FALSE, CAST(&#039;2024-07-10&#039; AS DATE), CAST(&#039;2026-01-13 14:05:00&#039; AS TIMESTAMP)),
(11003, 180.23, 459897, NULL, &#039;保时捷718&#039;, 36, 92, 7, FALSE, CAST(NULL AS DATE), CAST(&#039;2026-01-13 16:40:00&#039; AS TIMESTAMP)),
(1001, 160, NULL, 265, NULL, 26, 82, 17, FALSE, CAST(&#039;2024-01-15&#039; AS DATE), CAST(&#039;2026-01-13 18:20:00&#039; AS TIMESTAMP)),
(11003, 180.23, 459897, 80.55485, NULL, 36, 92, 5, NULL, CAST(&#039;2024-07-10&#039; AS DATE), CAST(NULL AS TIMESTAMP));
2、已存在标准目录：test","1. 进入「资产-数据标准-标准定义」页面
2. 新建标准配置如下：
「中文名称」：「总额」
「英文名称」：「amount」
「英文缩写」：「at」
「标准目录」：「test」
「车型」：「小米su7，保时捷718」
1）小米su7：
「数据类型」：「数值型」
「数据长度」：「<=5」
「数据精度」：「3/2」
「是否允许为空」：「不可空」
「是否允许重复」：「不可重复」
「默认值」：「1」
「取值范围」：「>=10且<=280」
「初始值」：「2」
「无效值」：「0.1」
「精度倍数」：「2.2」
「偏移量」：「0.02」；
2）保时捷718：
「数据类型」：「数值型」
「数据长度」：「<=5」
「数据精度」：「3/2」
「是否允许为空」：「不可空」
「是否允许重复」：「不可重复」
「默认值」：「1」
「取值范围」：「>=180且<=999」
「初始值」：「2」
「无效值」：「0.1」
「精度倍数」：「2.2」
「偏移量」：「0.02」；
点击【上线】
3. 点击「标准映射」页面，进行标准映射
4. 给该标准绑定字段：绑定amount字段
5. 点击「落标检查」页面，新增检查任务，检查内容配置如下：
「数据源」：「${DATASOURCE}」
「数据库」：「${DATABASE}」
「数据表」：「order_info」
「选择已有分区」：「dt=2026-01-13」
「标准目录」：「test」
不绑定「车型关联字段」；
点击【下一步】
6. 开启amount字段的检查，设置检查项为：字符串长度；
点击【下一步】
7. 配置调度属性为按天运行，其余内容正确配置；点击【新增并立即执行】
8. 等待检查完成，查看【落标检查设置】tab列表
9. 点击【操作-查看结果详情】
10. 查看【落标检查结果】tab列表
11. 点击【操作-查看详情】
12. 点击列表里检查项对应的的【操作-查看详情】
13. 根据文档步骤通过底层数据库查看该检查任务的sql
14. 等待该检查任务按周期运行完成，查看结果详情","1. 页面正常打开
2. 内容配置成功；
标准成功上线
3. 标准映射列表新增该标准
4. 字段绑定成功
5. 检查内容配置成功；
进入选择字段页面
6. 成功开启检查并设置检查项；
进入调度配置页面
7. 保存成功，任务进入检查中状态
8. 1）显示对应的正确数据表名称、所属数据源、所属数据库、检查字段数/总字段数、检查周期、检查状态、标准达标率、不达标字段数/检查失败数、最近编辑时间、最近检查时间、操作。
2）其中标准达标率为“0%”，不达标字段数/检查失败数为“1/0”
9. 跳转至【落标检查结果】tab
10. 1）显示对应的正确数据源、数据库、数据表、字段、检查状态、是否达标、检查开始时间、检查结束时间、操作。
2）其中检查状态为“检查完成”，是否达标为“未达标”
11. 检查结果详情包含以下信息：
1）检查信息：检查数据源、数据库、数据表、字段与配置的内容一致；
2）检查结果列表：字符串长度显示“未达标”，开始检查时间、结束检查时间正确，操作为“查看详情”
3）关联标准详情与前面配置的内容一致
12. 1）为脏数据明细，显示不符合检查项的数据，标红展示
2）行数<=100
13. sql未进行合并：
只有单个select语句，无并行计算逻辑
14. 该检查项未达标，详情正确","1. 
2. 
3. 
4. 
5. 
6. 
7. 
8. 
9. 
10. 
11. 
12. 
13. 
14.","","3","功能测试","功能测试阶段","正常","0","2","14","通过","听筠","2026-06-03","听筠","2026-06-09","2","",""
"186443","数据资产_STD(#23)","/版本迭代测试用例/v6.4.11/【岚图】【数据资产】落标检查任务性能优化，规则sql合并/不可合并(#10606)","【岚图】【数据资产】数据质量任务、落标检查任务性能优化，规则sql合并(#15862)","有车型 验证「有车型」-「绑定车型关联字段」-「重复数」校验功能","1、已存在表order_info
CREATE TABLE IF NOT EXISTS tytest.order_info (
user_id INT COMMENT &#039;用户ID&#039;,
tall FLOAT COMMENT &#039;身高&#039;,
weight DOUBLE COMMENT &#039;体重&#039;,
amount DECIMAL(10,3) COMMENT &#039;金额&#039;,
car_model STRING COMMENT &#039;车型&#039;,
age BYTE COMMENT &#039;年龄&#039;,
score SHORT COMMENT &#039;评分&#039;,
total_orders LONG COMMENT &#039;总订单数&#039;,
is_vip BOOLEAN COMMENT &#039;是否VIP&#039;,
register_date DATE COMMENT &#039;注册日期&#039;,
last_login TIMESTAMP COMMENT &#039;最后登录时间&#039;
)
PARTITIONED BY (order_date STRING COMMENT &#039;订单日期，格式yyyy-MM-dd&#039;);
-- 插入2026-01-12分区数据
INSERT INTO tytest.order_info PARTITION (order_date=&#039;2026-01-12&#039;)
VALUES
(1000, 160, NULL, 265.2, &#039;小米su7&#039;, 25, 80, 10, TRUE, DATE &#039;2024-01-01&#039;, TIMESTAMP &#039;2026-01-12 10:30:00&#039;),
(102, 170, 66, 140.80, &#039;小米su7&#039;, 30, 85, 5, FALSE, DATE &#039;2024-03-15&#039;, TIMESTAMP &#039;2026-01-12 14:20:00&#039;),
(1100, 180.23, 459897, 187, &#039;保时捷718&#039;, 35, 90, 3, TRUE, DATE &#039;2024-06-20&#039;, TIMESTAMP &#039;2026-01-12 09:15:00&#039;);
-- 插入2026-01-13分区数据
INSERT INTO tytest.order_info PARTITION (order_date=&#039;2026-01-13&#039;)
VALUES
(1001, 160, NULL, 265, &#039;小米su7&#039;, 26, 82, 15, NULL, CAST(&#039;2024-01-15&#039; AS DATE), CAST(&#039;2026-01-13 11:00:00&#039; AS TIMESTAMP)),
(1001, 160, NULL, NULL, &#039;小米su7&#039;, 26, 82, 16, FALSE, CAST(NULL AS DATE), CAST(&#039;2026-01-13 15:30:00&#039; AS TIMESTAMP)),
(102, 170, 66, 15483.568, &#039;小米su7&#039;, 31, 87, 8, TRUE, CAST(&#039;2024-04-01&#039; AS DATE), CAST(NULL AS TIMESTAMP)),
(1001, 160, NULL, 265, &#039;小米su7&#039;, 26, 82, 17, FALSE, CAST(&#039;2024-01-15&#039; AS DATE), CAST(&#039;2026-01-13 18:20:00&#039; AS TIMESTAMP)),
(110030, 180.23, 459897, 80.55485, &#039;保时捷718&#039;, 36, 92, 5, NULL, CAST(&#039;2024-07-10&#039; AS DATE), CAST(NULL AS TIMESTAMP)),
(110030, 180.23, 459897, 80.55485, &#039;保时捷718&#039;, 36, 92, 6, FALSE, CAST(&#039;2024-07-10&#039; AS DATE), CAST(&#039;2026-01-13 14:05:00&#039; AS TIMESTAMP)),
(11003, 180.23, 459897, NULL, &#039;保时捷718&#039;, 36, 92, 7, FALSE, CAST(NULL AS DATE), CAST(&#039;2026-01-13 16:40:00&#039; AS TIMESTAMP)),
(1001, 160, NULL, 265, NULL, 26, 82, 17, FALSE, CAST(&#039;2024-01-15&#039; AS DATE), CAST(&#039;2026-01-13 18:20:00&#039; AS TIMESTAMP)),
(11003, 180.23, 459897, 80.55485, NULL, 36, 92, 5, NULL, CAST(&#039;2024-07-10&#039; AS DATE), CAST(NULL AS TIMESTAMP));

2、已存在标准目录：test","1. 进入「资产-数据标准-标准定义」页面
2. 新建标准配置如下：
「中文名称」：「总额」
「英文名称」：「amount」
「英文缩写」：「at」
「标准目录」：「test」
「车型」：「小米su7，保时捷718」
1）小米su7：
「数据类型」：「数值型」
「数据长度」：「<=5」
「数据精度」：「3/2」
「是否允许为空」：「不可空」
「是否允许重复」：「不可重复」
「默认值」：「1」
「取值范围」：「>=10且<=280」
「初始值」：「2」
「无效值」：「0.1」
「精度倍数」：「2.2」
「偏移量」：「0.02」；
2）保时捷718：
「数据类型」：「数值型」
「数据长度」：「<=5」
「数据精度」：「3/2」
「是否允许为空」：「不可空」
「是否允许重复」：「不可重复」
「默认值」：「1」
「取值范围」：「>=180且<=999」
「初始值」：「2」
「无效值」：「0.1」
「精度倍数」：「2.2」
「偏移量」：「0.02」；
点击【上线】
3. 点击「标准映射」页面，进行标准映射
4. 给该标准绑定字段：绑定amount字段
5. 点击「落标检查」页面，新增检查任务，检查内容配置如下：
「数据源」：「${DATASOURCE}」
「数据库」：「${DATABASE}」
「数据表」：「order_info」
「选择已有分区」：「dt=2026-01-12」
「标准目录」：「test」
「车型关联字段」：「car_model」；
点击【下一步】
6. 开启amount字段的检查，设置检查项为：重复数；
点击【下一步】
7. 配置调度属性为按天运行，其余内容正确配置；点击【新增并立即执行】
8. 等待检查完成，查看【落标检查设置】tab列表
9. 点击【操作-查看结果详情】
10. 查看【落标检查结果】tab列表
11. 点击【操作-查看详情】
12. 根据文档步骤通过底层数据库查看该检查任务的sql
13. 等待该检查任务按周期运行完成，查看结果详情","1. 页面正常打开
2. 内容配置成功；
标准成功上线
3. 标准映射列表新增该标准
4. 字段绑定成功
5. 检查内容配置成功；
进入选择字段页面
6. 成功开启检查并设置检查项；
进入调度配置页面
7. 保存成功，任务进入检查中状态
8. 1）显示对应的正确数据表名称、所属数据源、所属数据库、检查字段数/总字段数、检查周期、检查状态、标准达标率、不达标字段数/检查失败数、最近编辑时间、最近检查时间、操作。
2）其中标准达标率为“100%”，不达标字段数/检查失败数为“0/0”
9. 跳转至【落标检查结果】tab
10. 1）显示对应的正确数据源、数据库、数据表、字段、检查状态、是否达标、检查开始时间、检查结束时间、操作。
2）其中检查状态为“检查完成”，是否达标为“达标”
11. 检查结果详情包含以下信息：
1）检查信息：检查数据源、数据库、数据表、字段与配置的内容一致；
2）检查结果列表：重复数显示“达标”，开始检查时间、结束检查时间正确，操作为“--”
3）关联标准详情与前面配置的内容一致
12. sql未进行合并：
只有单个select语句，无SUM (CASE WHEN)并行计算逻辑
13. 该检查项达标，详情正确","1. 
2. 
3. 
4. 
5. 
6. 
7. 
8. 
9. 
10. 
11. 
12. 
13.","","3","功能测试","功能测试阶段","正常","0","2","13","通过","听筠","2026-06-03","","0000-00-00","1","",""
"186442","数据资产_STD(#23)","/版本迭代测试用例/v6.4.11/【岚图】【数据资产】落标检查任务性能优化，规则sql合并/不可合并(#10606)","【岚图】【数据资产】数据质量任务、落标检查任务性能优化，规则sql合并(#15862)","有车型 验证「有车型」-「绑定车型关联字段」-「取值范围」校验功能","<p style=“font-size:14px;background-color:#FFFFFF;“>1、已存在表order_info</p>
<p style=“font-size:14px;background-color:#FFFFFF;“>CREATE TABLE IF NOT EXISTS tytest.order_info(<br /> user_id INT COMMENT&#039;用户ID&#039;,<br /> tall FLOAT COMMENT&#039;身高&#039;,<br /> weight DOUBLE COMMENT&#039;体重&#039;,<br /> amount DECIMAL(10,3) COMMENT&#039;金额&#039;,<br /> car_model STRING COMMENT&#039;车型&#039;,<br /> age BYTE COMMENT&#039;年龄&#039;,<br /> score SHORT COMMENT&#039;评分&#039;,<br /> total_orders LONG COMMENT&#039;总订单数&#039;,<br /> is_vip BOOLEAN COMMENT&#039;是否VIP&#039;,<br /> register_date DATE COMMENT&#039;注册日期&#039;,<br /> last_login TIMESTAMP COMMENT&#039;最后登录时间&#039;,<br /> user_name STRING COMMENT&#039;用户名（非数值字段）&#039;,<br /> order_amount_str STRING COMMENT&#039;订单金额字符串（数值字段）&#039;<br />)PARTITIONED BY(<br /> order_date STRING COMMENT&#039;订单日期，格式yyyy-MM-dd&#039;<br />);<br />-- 插入2026-01-12分区数据<br />INSERT INTO<br /> tytest.order_info PARTITION (order_date = &#039;2026-01-12&#039;)<br />VALUES<br /> (<br /> 1000,<br /> 160,<br /> NULL,<br /> 265.2,<br /> &#039;小米su7&#039;,<br /> 25,<br /> 80,<br /> 10,<br /> TRUE,<br /> DATE &#039;2024-01-01&#039;,<br /> TIMESTAMP &#039;2026-01-12 10:30:00&#039;,<br /> &#039;张三&#039;,<br /> &#039;265.20&#039;<br /> ),<br /> (<br /> 102,<br /> 170,<br /> 66,<br /> 140.80,<br /> &#039;小米su7&#039;,<br /> 30,<br /> 85,<br /> 5,<br /> FALSE,<br /> DATE &#039;2024-03-15&#039;,<br /> TIMESTAMP &#039;2026-01-12 14:20:00&#039;,<br /> &#039;李四&#039;,<br /> &#039;140.80&#039;<br /> ),<br /> (<br /> 1100,<br /> 180.23,<br /> 459897,<br /> 187,<br /> &#039;保时捷718&#039;,<br /> 35,<br /> 90,<br /> 3,<br /> TRUE,<br /> DATE &#039;2024-06-20&#039;,<br /> TIMESTAMP &#039;2026-01-12 09:15:00&#039;,<br /> &#039;王五&#039;,<br /> &#039;187.00&#039;<br /> );<br />-- 插入2026-01-13分区数据<br />INSERT INTO<br /> tytest.order_info PARTITION (order_date = &#039;2026-01-13&#039;)<br />VALUES<br /> (<br /> 1001,<br /> 160,<br /> NULL,<br /> 265,<br /> &#039;小米su7&#039;,<br /> 26,<br /> 82,<br /> 15,<br /> NULL,<br /> CAST(&#039;2024-01-15&#039; AS DATE),<br /> CAST(&#039;2026-01-13 11:00:00&#039; AS TIMESTAMP),<br /> &#039;赵六&#039;,<br /> &#039;265.00&#039;<br /> ),<br /> (<br /> 1001,<br /> 160,<br /> NULL,<br /> NULL,<br /> &#039;小米su7&#039;,<br /> 26,<br /> 82,<br /> 16,<br /> FALSE,<br /> CAST(NULL AS DATE),<br /> CAST(&#039;2026-01-13 15:30:00&#039; AS TIMESTAMP),<br /> &#039;孙七&#039;,<br /> NULL<br /> ),<br /> (<br /> 102,<br /> 170,<br /> 66,<br /> 15483.568,<br /> &#039;小米su7&#039;,<br /> 31,<br /> 87,<br /> 8,<br /> TRUE,<br /> CAST(&#039;2024-04-01&#039; AS DATE),<br /> CAST(NULL AS TIMESTAMP),<br /> &#039;周八&#039;,<br /> &#039;15483.568&#039;<br /> ),<br /> (<br /> 1001,<br /> 160,<br /> NULL,<br /> 265,<br /> &#039;小米su7&#039;,<br /> 26,<br /> 82,<br /> 17,<br /> FALSE,<br /> CAST(&#039;2024-01-15&#039; AS DATE),<br /> CAST(&#039;2026-01-13 18:20:00&#039; AS TIMESTAMP),<br /> &#039;吴九&#039;,<br /> &#039;265.00&#039;<br /> ),<br /> (<br /> 110030,<br /> 180.23,<br /> 459897,<br /> 80.55485,<br /> &#039;保时捷718&#039;,<br /> 36,<br /> 92,<br /> 5,<br /> NULL,<br /> CAST(&#039;2024-07-10&#039; AS DATE),<br /> CAST(NULL AS TIMESTAMP),<br /> &#039;郑十&#039;,<br /> &#039;80.55485&#039;<br /> ),<br /> (<br /> 110030,<br /> 180.23,<br /> 459897,<br /> 80.55485,<br /> &#039;保时捷718&#039;,<br /> 36,<br /> 92,<br /> 6,<br /> FALSE,<br /> CAST(&#039;2024-07-10&#039; AS DATE),<br /> CAST(&#039;2026-01-13 14:05:00&#039; AS TIMESTAMP),<br /> &#039;钱十一&#039;,<br /> &#039;80.55485&#039;<br /> ),<br /> (<br /> 11003,<br /> 180.23,<br /> 459897,<br /> NULL,<br /> &#039;保时捷718&#039;,<br /> 36,<br /> 92,<br /> 7,<br /> FALSE,<br /> CAST(NULL AS DATE),<br /> CAST(&#039;2026-01-13 16:40:00&#039; AS TIMESTAMP),<br /> &#039;孙十二&#039;,<br /> NULL<br /> ),<br /> (<br /> 1001,<br /> 160,<br /> NULL,<br /> 265,<br /> NULL,<br /> 26,<br /> 82,<br /> 17,<br /> FALSE,<br /> CAST(&#039;2024-01-15&#039; AS DATE),<br /> CAST(&#039;2026-01-13 18:20:00&#039; AS TIMESTAMP),<br /> &#039;李十三&#039;,<br /> &#039;265.00&#039;<br /> ),<br /> (<br /> 11003,<br /> 180.23,<br /> 459897,<br /> 80.55485,<br /> NULL,<br /> 36,<br /> 92,<br /> 5,<br /> NULL,<br /> CAST(&#039;2024-07-10&#039; AS DATE),<br /> CAST(NULL AS TIMESTAMP),<br /> &#039;王十四&#039;,<br /> &#039;80.55485&#039;<br /> );</p>
<p style=“font-size:14px;background-color:#FFFFFF;“>2、已存在标准目录：test</p>","1. 进入「资产-数据标准-标准定义」页面
2. 新建标准配置如下：
「中文名称」：「总额」
「英文名称」：「amount」
「英文缩写」：「at」
「标准目录」：「test」
「车型」：「小米su7，保时捷718」
1）小米su7：
「数据类型」：「数值型」
「数据长度」：「<=5」
「数据精度」：「3/2」
「是否允许为空」：「不可空」
「是否允许重复」：「不可重复」
「默认值」：「1」
「取值范围」：「>=10且<=280」
「初始值」：「2」
「无效值」：「0.1」
「精度倍数」：「2.2」
「偏移量」：「0.02」；
2）保时捷718：
「数据类型」：「数值型」
「数据长度」：「<=5」
「数据精度」：「3/2」
「是否允许为空」：「不可空」
「是否允许重复」：「不可重复」
「默认值」：「1」
「取值范围」：「>=180且<=999」
「初始值」：「2」
「无效值」：「0.1」
「精度倍数」：「2.2」
「偏移量」：「0.02」；
点击【上线】
3. 点击「标准映射」页面，进行标准映射
4. 给该标准绑定字段：绑定amount字段
5. 点击「落标检查」页面，新增检查任务，检查内容配置如下：
「数据源」：「${DATASOURCE}」
「数据库」：「${DATABASE}」
「数据表」：「order_info」
「选择已有分区」：「dt=2026-01-13」
「标准目录」：「test」
「车型关联字段」：「car_model」；
点击【下一步】
6. 开启amount字段的检查，设置检查项为：取值范围；
点击【下一步】
7. 配置调度属性为按天运行，其余内容正确配置；点击【新增并立即执行】
8. 等待检查完成，查看【落标检查设置】tab列表
9. 点击【操作-查看结果详情】
10. 查看【落标检查结果】tab列表
11. 点击【操作-查看详情】
12. 点击列表里检查项对应的的【操作-查看详情】
13. 根据文档步骤通过底层数据库查看该检查任务的sql
14. 等待该检查任务按周期运行完成，查看结果详情","1. 页面正常打开
2. 内容配置成功；
标准成功上线
3. 标准映射列表新增该标准
4. 字段绑定成功
5. 检查内容配置成功；
进入选择字段页面
6. 成功开启检查并设置检查项；
进入调度配置页面
7. 保存成功，任务进入检查中状态
8. 1）显示对应的正确数据表名称、所属数据源、所属数据库、检查字段数/总字段数、检查周期、检查状态、标准达标率、不达标字段数/检查失败数、最近编辑时间、最近检查时间、操作。
2）其中标准达标率为“0%”，不达标字段数/检查失败数为“1/0”
9. 跳转至【落标检查结果】tab
10. 1）显示对应的正确数据源、数据库、数据表、字段、检查状态、是否达标、检查开始时间、检查结束时间、操作。
2）其中检查状态为“检查完成”，是否达标为“未达标”
11. 检查结果详情包含以下信息：
1）检查信息：检查数据源、数据库、数据表、字段与配置的内容一致；
2）检查结果列表：取值范围显示“未达标”，开始检查时间、结束检查时间正确，操作为“查看详情”
3）关联标准详情与前面配置的内容一致
12. 1）为脏数据明细，显示不符合检查项的数据，标红展示
2）行数<=100
13. sql未进行合并：
只有单个select语句，无并行计算逻辑
14. 该检查项未达标，详情正确","1. 
2. 
3. 
4. 
5. 
6. 
7. 
8. 
9. 
10. 
11. 
12. 
13. 
14.","","1","功能测试","功能测试阶段","正常","0","4","14","通过","听筠","2026-06-03","听筠","2026-06-09","2","",""
"186441","数据资产_STD(#23)","/版本迭代测试用例/v6.4.11/【岚图】【数据资产】落标检查任务性能优化，规则sql合并/不可合并(#10606)","【岚图】【数据资产】数据质量任务、落标检查任务性能优化，规则sql合并(#15862)","有车型 验证「有车型」-「绑定车型关联字段」-「空值数」校验功能","1、已存在表order_info
CREATE TABLE IF NOT EXISTS tytest.order_info (
user_id INT COMMENT &#039;用户ID&#039;,
tall FLOAT COMMENT &#039;身高&#039;,
weight DOUBLE COMMENT &#039;体重&#039;,
amount DECIMAL(10,3) COMMENT &#039;金额&#039;,
car_model STRING COMMENT &#039;车型&#039;,
age BYTE COMMENT &#039;年龄&#039;,
score SHORT COMMENT &#039;评分&#039;,
total_orders LONG COMMENT &#039;总订单数&#039;,
is_vip BOOLEAN COMMENT &#039;是否VIP&#039;,
register_date DATE COMMENT &#039;注册日期&#039;,
last_login TIMESTAMP COMMENT &#039;最后登录时间&#039;
)
PARTITIONED BY (order_date STRING COMMENT &#039;订单日期，格式yyyy-MM-dd&#039;);
-- 插入2026-01-12分区数据
INSERT INTO tytest.order_info PARTITION (order_date=&#039;2026-01-12&#039;)
VALUES
(1000, 160, NULL, 265.2, &#039;小米su7&#039;, 25, 80, 10, TRUE, DATE &#039;2024-01-01&#039;, TIMESTAMP &#039;2026-01-12 10:30:00&#039;),
(102, 170, 66, 140.80, &#039;小米su7&#039;, 30, 85, 5, FALSE, DATE &#039;2024-03-15&#039;, TIMESTAMP &#039;2026-01-12 14:20:00&#039;),
(1100, 180.23, 459897, 187, &#039;保时捷718&#039;, 35, 90, 3, TRUE, DATE &#039;2024-06-20&#039;, TIMESTAMP &#039;2026-01-12 09:15:00&#039;);
-- 插入2026-01-13分区数据
INSERT INTO tytest.order_info PARTITION (order_date=&#039;2026-01-13&#039;)
VALUES
(1001, 160, NULL, 265, &#039;小米su7&#039;, 26, 82, 15, NULL, CAST(&#039;2024-01-15&#039; AS DATE), CAST(&#039;2026-01-13 11:00:00&#039; AS TIMESTAMP)),
(1001, 160, NULL, NULL, &#039;小米su7&#039;, 26, 82, 16, FALSE, CAST(NULL AS DATE), CAST(&#039;2026-01-13 15:30:00&#039; AS TIMESTAMP)),
(102, 170, 66, 15483.568, &#039;小米su7&#039;, 31, 87, 8, TRUE, CAST(&#039;2024-04-01&#039; AS DATE), CAST(NULL AS TIMESTAMP)),
(1001, 160, NULL, 265, &#039;小米su7&#039;, 26, 82, 17, FALSE, CAST(&#039;2024-01-15&#039; AS DATE), CAST(&#039;2026-01-13 18:20:00&#039; AS TIMESTAMP)),
(110030, 180.23, 459897, 80.55485, &#039;保时捷718&#039;, 36, 92, 5, NULL, CAST(&#039;2024-07-10&#039; AS DATE), CAST(NULL AS TIMESTAMP)),
(110030, 180.23, 459897, 80.55485, &#039;保时捷718&#039;, 36, 92, 6, FALSE, CAST(&#039;2024-07-10&#039; AS DATE), CAST(&#039;2026-01-13 14:05:00&#039; AS TIMESTAMP)),
(11003, 180.23, 459897, NULL, &#039;保时捷718&#039;, 36, 92, 7, FALSE, CAST(NULL AS DATE), CAST(&#039;2026-01-13 16:40:00&#039; AS TIMESTAMP)),
(1001, 160, NULL, 265, NULL, 26, 82, 17, FALSE, CAST(&#039;2024-01-15&#039; AS DATE), CAST(&#039;2026-01-13 18:20:00&#039; AS TIMESTAMP)),
(11003, 180.23, 459897, 80.55485, NULL, 36, 92, 5, NULL, CAST(&#039;2024-07-10&#039; AS DATE), CAST(NULL AS TIMESTAMP));
2、已存在标准目录：test","1. 进入「资产-数据标准-标准定义」页面
2. 新建标准配置如下：
「中文名称」：「总额」
「英文名称」：「amount」
「英文缩写」：「at」
「标准目录」：「test」
「车型」：「小米su7，保时捷718」
1）小米su7：
「数据类型」：「数值型」
「数据长度」：「<=5」
「数据精度」：「3/2」
「是否允许为空」：「不可空」
「是否允许重复」：「不可重复」
「默认值」：「1」
「取值范围」：「>=10且<=280」
「初始值」：「2」
「无效值」：「0.1」
「精度倍数」：「2.2」
「偏移量」：「0.02」；
2）保时捷718：
「数据类型」：「数值型」
「数据长度」：「<=5」
「数据精度」：「3/2」
「是否允许为空」：「不可空」
「是否允许重复」：「不可重复」
「默认值」：「1」
「取值范围」：「>=180且<=999」
「初始值」：「2」
「无效值」：「0.1」
「精度倍数」：「2.2」
「偏移量」：「0.02」；
点击【上线】
3. 点击「标准映射」页面，进行标准映射
4. 给该标准绑定字段：绑定amount字段
5. 点击「落标检查」页面，新增检查任务，检查内容配置如下：
「数据源」：「${DATASOURCE}」
「数据库」：「${DATABASE}」
「数据表」：「order_info」
「选择已有分区」：「dt=2026-01-12」
「标准目录」：「test」
「车型关联字段」：「car_model」；
点击【下一步】
6. 开启amount字段的检查，设置检查项为：空值数；
点击【下一步】
7. 配置调度属性为按天运行，其余内容正确配置；点击【新增并立即执行】
8. 等待检查完成，查看【落标检查设置】tab列表
9. 点击【操作-查看结果详情】
10. 查看【落标检查结果】tab列表
11. 点击【操作-查看详情】
12. 根据文档步骤通过底层数据库查看该检查任务的sql
13. 等待该检查任务按周期运行完成，查看结果详情","1. 页面正常打开
2. 内容配置成功；
标准成功上线
3. 标准映射列表新增该标准
4. 字段绑定成功
5. 检查内容配置成功；
进入选择字段页面
6. 成功开启检查并设置检查项；
进入调度配置页面
7. 保存成功，任务进入检查中状态
8. 1）显示对应的正确数据表名称、所属数据源、所属数据库、检查字段数/总字段数、检查周期、检查状态、标准达标率、不达标字段数/检查失败数、最近编辑时间、最近检查时间、操作。
2）其中标准达标率为“100%”，不达标字段数/检查失败数为“0/0”
9. 跳转至【落标检查结果】tab
10. 1）显示对应的正确数据源、数据库、数据表、字段、检查状态、是否达标、检查开始时间、检查结束时间、操作。
2）其中检查状态为“检查完成”，是否达标为“达标”
11. 检查结果详情包含以下信息：
1）检查信息：检查数据源、数据库、数据表、字段与配置的内容一致；
2）检查结果列表：空值数显示达标，开始检查时间、结束检查时间正确，操作为“--”
3）关联标准详情与前面配置的内容一致
12. sql未进行合并：
只有单个select语句，无并行计算逻辑
13. 该检查项达标，详情正确","1. 
2. 
3. 
4. 
5. 
6. 
7. 
8. 
9. 
10. 
11. 
12. 
13.","","3","功能测试","功能测试阶段","正常","0","2","13","通过","听筠","2026-06-03","听筠","2026-06-09","2","",""
"186440","数据资产_STD(#23)","/版本迭代测试用例/v6.4.11/【岚图】【数据资产】落标检查任务性能优化，规则sql合并/不可合并(#10606)","【岚图】【数据资产】数据质量任务、落标检查任务性能优化，规则sql合并(#15862)","有车型 验证「有车型」-「绑定车型关联字段」-「精度倍数」校验功能","1、已存在表order_info
CREATE TABLE IF NOT EXISTS tytest.order_info (
user_id INT COMMENT &#039;用户ID&#039;,
tall FLOAT COMMENT &#039;身高&#039;,
weight DOUBLE COMMENT &#039;体重&#039;,
amount DECIMAL(10,3) COMMENT &#039;金额&#039;,
car_model STRING COMMENT &#039;车型&#039;,
age BYTE COMMENT &#039;年龄&#039;,
score SHORT COMMENT &#039;评分&#039;,
total_orders LONG COMMENT &#039;总订单数&#039;,
is_vip BOOLEAN COMMENT &#039;是否VIP&#039;,
register_date DATE COMMENT &#039;注册日期&#039;,
last_login TIMESTAMP COMMENT &#039;最后登录时间&#039;
)
PARTITIONED BY (order_date STRING COMMENT &#039;订单日期，格式yyyy-MM-dd&#039;);
-- 插入2026-01-12分区数据
INSERT INTO tytest.order_info PARTITION (order_date=&#039;2026-01-12&#039;)
VALUES
(1000, 160, NULL, 265.2, &#039;小米su7&#039;, 25, 80, 10, TRUE, DATE &#039;2024-01-01&#039;, TIMESTAMP &#039;2026-01-12 10:30:00&#039;),
(102, 170, 66, 140.80, &#039;小米su7&#039;, 30, 85, 5, FALSE, DATE &#039;2024-03-15&#039;, TIMESTAMP &#039;2026-01-12 14:20:00&#039;),
(1100, 180.23, 459897, 187, &#039;保时捷718&#039;, 35, 90, 3, TRUE, DATE &#039;2024-06-20&#039;, TIMESTAMP &#039;2026-01-12 09:15:00&#039;);
-- 插入2026-01-13分区数据
INSERT INTO tytest.order_info PARTITION (order_date=&#039;2026-01-13&#039;)
VALUES
(1001, 160, NULL, 265, &#039;小米su7&#039;, 26, 82, 15, NULL, CAST(&#039;2024-01-15&#039; AS DATE), CAST(&#039;2026-01-13 11:00:00&#039; AS TIMESTAMP)),
(1001, 160, NULL, NULL, &#039;小米su7&#039;, 26, 82, 16, FALSE, CAST(NULL AS DATE), CAST(&#039;2026-01-13 15:30:00&#039; AS TIMESTAMP)),
(102, 170, 66, 15483.568, &#039;小米su7&#039;, 31, 87, 8, TRUE, CAST(&#039;2024-04-01&#039; AS DATE), CAST(NULL AS TIMESTAMP)),
(1001, 160, NULL, 265, &#039;小米su7&#039;, 26, 82, 17, FALSE, CAST(&#039;2024-01-15&#039; AS DATE), CAST(&#039;2026-01-13 18:20:00&#039; AS TIMESTAMP)),
(110030, 180.23, 459897, 80.55485, &#039;保时捷718&#039;, 36, 92, 5, NULL, CAST(&#039;2024-07-10&#039; AS DATE), CAST(NULL AS TIMESTAMP)),
(110030, 180.23, 459897, 80.55485, &#039;保时捷718&#039;, 36, 92, 6, FALSE, CAST(&#039;2024-07-10&#039; AS DATE), CAST(&#039;2026-01-13 14:05:00&#039; AS TIMESTAMP)),
(11003, 180.23, 459897, NULL, &#039;保时捷718&#039;, 36, 92, 7, FALSE, CAST(NULL AS DATE), CAST(&#039;2026-01-13 16:40:00&#039; AS TIMESTAMP)),
(1001, 160, NULL, 265, NULL, 26, 82, 17, FALSE, CAST(&#039;2024-01-15&#039; AS DATE), CAST(&#039;2026-01-13 18:20:00&#039; AS TIMESTAMP)),
(11003, 180.23, 459897, 80.55485, NULL, 36, 92, 5, NULL, CAST(&#039;2024-07-10&#039; AS DATE), CAST(NULL AS TIMESTAMP));
2、已存在标准目录：test","1. 进入「资产-数据标准-标准定义」页面
2. 新建标准配置如下：
「中文名称」：「总额」
「英文名称」：「amount」
「英文缩写」：「at」
「标准目录」：「test」
「车型」：「小米su7，保时捷718」
1）小米su7：
「数据类型」：「数值型」
「数据长度」：「<=5」
「数据精度」：「3/2」
「是否允许为空」：「不可空」
「是否允许重复」：「不可重复」
「默认值」：「1」
「取值范围」：「>=10且<=280」
「初始值」：「2」
「无效值」：「0.1」
「精度倍数」：「2.2」
「偏移量」：「0.02」；
2）保时捷718：
「数据类型」：「数值型」
「数据长度」：「<=5」
「数据精度」：「3/2」
「是否允许为空」：「不可空」
「是否允许重复」：「不可重复」
「默认值」：「1」
「取值范围」：「>=180且<=999」
「初始值」：「2」
「无效值」：「0.1」
「精度倍数」：「2.2」
「偏移量」：「0.02」；
点击【上线】
3. 点击「标准映射」页面，进行标准映射
4. 给该标准绑定字段：绑定amount字段
5. 点击「落标检查」页面，新增检查任务，检查内容配置如下：
「数据源」：「${DATASOURCE}」
「数据库」：「${DATABASE}」
「数据表」：「order_info」
不设置分区
「标准目录」：「test」
「车型关联字段」：「car_model」；
点击【下一步】
6. 开启amount字段的检查，设置检查项为：精度倍数；
点击【下一步】
7. 配置调度属性为按天运行，其余内容正确配置；点击【新增并立即执行】
8. 等待检查完成，查看【落标检查设置】tab列表
9. 点击【操作-查看结果详情】
10. 查看【落标检查结果】tab列表
11. 点击【操作-查看详情】
12. 点击列表里检查项对应的的【操作-查看详情】
13. 根据文档步骤通过底层数据库查看该检查任务的sql
14. 等待该检查任务按周期运行完成，查看结果详情","1. 页面正常打开
2. 内容配置成功；
标准成功上线
3. 标准映射列表新增该标准
4. 字段绑定成功
5. 检查内容配置成功；
进入选择字段页面
6. 成功开启检查并设置检查项；
进入调度配置页面
7. 保存成功，任务进入检查中状态
8. 1）显示对应的正确数据表名称、所属数据源、所属数据库、检查字段数/总字段数、检查周期、检查状态、标准达标率、不达标字段数/检查失败数、最近编辑时间、最近检查时间、操作。
2）其中标准达标率为“0%”，不达标字段数/检查失败数为“1/0”
9. 跳转至【落标检查结果】tab
10. 1）显示对应的正确数据源、数据库、数据表、字段、检查状态、是否达标、检查开始时间、检查结束时间、操作。
2）其中检查状态为“检查完成”，是否达标为“未达标”
11. 检查结果详情包含以下信息：
1）检查信息：检查数据源、数据库、数据表、字段与配置的内容一致；
2）检查结果列表：精度倍数显示“未达标”，开始检查时间、结束检查时间正确，操作为“查看详情”
3）关联标准详情与前面配置的内容一致
12. 1）为脏数据明细，显示不符合检查项的数据，标红展示
2）行数<=100
13. sql未进行合并：
只有单个select语句，无并行计算逻辑
14. 该检查项未达标，详情正确","1. 
2. 
3. 
4. 
5. 
6. 
7. 
8. 
9. 
10. 
11. 
12. 
13. 
14.","","3","功能测试","功能测试阶段","正常","0","2","14","通过","听筠","2026-06-03","听筠","2026-06-09","2","",""
"186439","数据资产_STD(#23)","/版本迭代测试用例/v6.4.11/【岚图】【数据资产】落标检查任务性能优化，规则sql合并/不可合并(#10606)","【岚图】【数据资产】数据质量任务、落标检查任务性能优化，规则sql合并(#15862)","有车型 验证「有车型」-「绑定车型关联字段」-「数据精度」校验功能","1、已存在表order_info
CREATE TABLE IF NOT EXISTS tytest.order_info (
user_id INT COMMENT &#039;用户ID&#039;,
tall FLOAT COMMENT &#039;身高&#039;,
weight DOUBLE COMMENT &#039;体重&#039;,
amount DECIMAL(10,3) COMMENT &#039;金额&#039;,
car_model STRING COMMENT &#039;车型&#039;,
age BYTE COMMENT &#039;年龄&#039;,
score SHORT COMMENT &#039;评分&#039;,
total_orders LONG COMMENT &#039;总订单数&#039;,
is_vip BOOLEAN COMMENT &#039;是否VIP&#039;,
register_date DATE COMMENT &#039;注册日期&#039;,
last_login TIMESTAMP COMMENT &#039;最后登录时间&#039;
)
PARTITIONED BY (order_date STRING COMMENT &#039;订单日期，格式yyyy-MM-dd&#039;);
-- 插入2026-01-12分区数据
INSERT INTO tytest.order_info PARTITION (order_date=&#039;2026-01-12&#039;)
VALUES
(1000, 160, NULL, 265.2, &#039;小米su7&#039;, 25, 80, 10, TRUE, DATE &#039;2024-01-01&#039;, TIMESTAMP &#039;2026-01-12 10:30:00&#039;),
(102, 170, 66, 140.80, &#039;小米su7&#039;, 30, 85, 5, FALSE, DATE &#039;2024-03-15&#039;, TIMESTAMP &#039;2026-01-12 14:20:00&#039;),
(1100, 180.23, 459897, 187, &#039;保时捷718&#039;, 35, 90, 3, TRUE, DATE &#039;2024-06-20&#039;, TIMESTAMP &#039;2026-01-12 09:15:00&#039;);
-- 插入2026-01-13分区数据
INSERT INTO tytest.order_info PARTITION (order_date=&#039;2026-01-13&#039;)
VALUES
(1001, 160, NULL, 265, &#039;小米su7&#039;, 26, 82, 15, NULL, CAST(&#039;2024-01-15&#039; AS DATE), CAST(&#039;2026-01-13 11:00:00&#039; AS TIMESTAMP)),
(1001, 160, NULL, NULL, &#039;小米su7&#039;, 26, 82, 16, FALSE, CAST(NULL AS DATE), CAST(&#039;2026-01-13 15:30:00&#039; AS TIMESTAMP)),
(102, 170, 66, 15483.568, &#039;小米su7&#039;, 31, 87, 8, TRUE, CAST(&#039;2024-04-01&#039; AS DATE), CAST(NULL AS TIMESTAMP)),
(1001, 160, NULL, 265, &#039;小米su7&#039;, 26, 82, 17, FALSE, CAST(&#039;2024-01-15&#039; AS DATE), CAST(&#039;2026-01-13 18:20:00&#039; AS TIMESTAMP)),
(110030, 180.23, 459897, 80.55485, &#039;保时捷718&#039;, 36, 92, 5, NULL, CAST(&#039;2024-07-10&#039; AS DATE), CAST(NULL AS TIMESTAMP)),
(110030, 180.23, 459897, 80.55485, &#039;保时捷718&#039;, 36, 92, 6, FALSE, CAST(&#039;2024-07-10&#039; AS DATE), CAST(&#039;2026-01-13 14:05:00&#039; AS TIMESTAMP)),
(11003, 180.23, 459897, NULL, &#039;保时捷718&#039;, 36, 92, 7, FALSE, CAST(NULL AS DATE), CAST(&#039;2026-01-13 16:40:00&#039; AS TIMESTAMP)),
(1001, 160, NULL, 265, NULL, 26, 82, 17, FALSE, CAST(&#039;2024-01-15&#039; AS DATE), CAST(&#039;2026-01-13 18:20:00&#039; AS TIMESTAMP)),
(11003, 180.23, 459897, 80.55485, NULL, 36, 92, 5, NULL, CAST(&#039;2024-07-10&#039; AS DATE), CAST(NULL AS TIMESTAMP));
2、已存在标准目录：test","1. 进入「资产-数据标准-标准定义」页面
2. 新建标准配置如下：
「中文名称」：「总额」
「英文名称」：「amount」
「英文缩写」：「at」
「标准目录」：「test」
「车型」：「小米su7，保时捷718」
1）小米su7：
「数据类型」：「数值型」
「数据长度」：「<=5」
「数据精度」：「3/2」
「是否允许为空」：「不可空」
「是否允许重复」：「不可重复」
「默认值」：「1」
「取值范围」：「>=10且<=280」
「初始值」：「2」
「无效值」：「0.1」
「精度倍数」：「2.2」
「偏移量」：「0.02」；
2）保时捷718：
「数据类型」：「数值型」
「数据长度」：「<=5」
「数据精度」：「3/2」
「是否允许为空」：「不可空」
「是否允许重复」：「不可重复」
「默认值」：「1」
「取值范围」：「>=180且<=999」
「初始值」：「2」
「无效值」：「0.1」
「精度倍数」：「2.2」
「偏移量」：「0.02」；
点击【上线】
3. 点击「标准映射」页面，进行标准映射
4. 给该标准绑定字段：绑定amount字段
5. 点击「落标检查」页面，新增检查任务，检查内容配置如下：
「数据源」：「${DATASOURCE}」
「数据库」：「${DATABASE}」
「数据表」：「order_info」
「选择已有分区」：「dt=2026-01-13」
「标准目录」：「test」
「车型关联字段」：「car_model」；
点击【下一步】
6. 开启amount字段的检查，设置检查项为：数据精度；
点击【下一步】
7. 配置调度属性为按天运行，其余内容正确配置；点击【新增并立即执行】
8. 等待检查完成，查看【落标检查设置】tab列表
9. 点击【操作-查看结果详情】
10. 查看【落标检查结果】tab列表
11. 点击【操作-查看详情】
12. 点击列表里检查项对应的的【操作-查看详情】
13. 根据文档步骤通过底层数据库查看该检查任务的sql
14. 等待该检查任务按周期运行完成，查看结果详情","1. 页面正常打开
2. 内容配置成功；
标准成功上线
3. 标准映射列表新增该标准
4. 字段绑定成功
5. 检查内容配置成功；
进入选择字段页面
6. 成功开启检查并设置检查项；
进入调度配置页面
7. 保存成功，任务进入检查中状态
8. 1）显示对应的正确数据表名称、所属数据源、所属数据库、检查字段数/总字段数、检查周期、检查状态、标准达标率、不达标字段数/检查失败数、最近编辑时间、最近检查时间、操作。
2）其中标准达标率为“0%”，不达标字段数/检查失败数为“1/0”
9. 跳转至【落标检查结果】tab
10. 1）显示对应的正确数据源、数据库、数据表、字段、检查状态、是否达标、检查开始时间、检查结束时间、操作。
2）其中检查状态为“检查完成”，是否达标为“未达标”
11. 检查结果详情包含以下信息：
1）检查信息：检查数据源、数据库、数据表、字段与配置的内容一致；
2）检查结果列表：数据精度显示“未达标”，开始检查时间、结束检查时间正确，操作为“查看详情”
3）关联标准详情与前面配置的内容一致
12. 1）为脏数据明细，显示不符合检查项的数据，标红展示
2）行数<=100
13. sql未进行合并：
只有单个select语句，无并行计算逻辑
14. 该检查项未达标，详情正确","1. 
2. 
3. 
4. 
5. 
6. 
7. 
8. 
9. 
10. 
11. 
12. 
13. 
14.","","3","功能测试","功能测试阶段","正常","0","2","14","通过","听筠","2026-06-03","听筠","2026-06-09","2","",""
"186438","数据资产_STD(#23)","/版本迭代测试用例/v6.4.11/【岚图】【数据资产】落标检查任务性能优化，规则sql合并/不可合并(#10606)","【岚图】【数据资产】数据质量任务、落标检查任务性能优化，规则sql合并(#15862)","有车型 验证「有车型」-「绑定车型关联字段」-「字符串长度」校验功能","1、已存在表order_info
CREATE TABLE IF NOT EXISTS tytest.order_info (
user_id INT COMMENT &#039;用户ID&#039;,
tall FLOAT COMMENT &#039;身高&#039;,
weight DOUBLE COMMENT &#039;体重&#039;,
amount DECIMAL(10,3) COMMENT &#039;金额&#039;,
car_model STRING COMMENT &#039;车型&#039;,
age BYTE COMMENT &#039;年龄&#039;,
score SHORT COMMENT &#039;评分&#039;,
total_orders LONG COMMENT &#039;总订单数&#039;,
is_vip BOOLEAN COMMENT &#039;是否VIP&#039;,
register_date DATE COMMENT &#039;注册日期&#039;,
last_login TIMESTAMP COMMENT &#039;最后登录时间&#039;
)
PARTITIONED BY (order_date STRING COMMENT &#039;订单日期，格式yyyy-MM-dd&#039;);
-- 插入2026-01-12分区数据
INSERT INTO tytest.order_info PARTITION (order_date=&#039;2026-01-12&#039;)
VALUES
(1000, 160, NULL, 265.2, &#039;小米su7&#039;, 25, 80, 10, TRUE, DATE &#039;2024-01-01&#039;, TIMESTAMP &#039;2026-01-12 10:30:00&#039;),
(102, 170, 66, 140.80, &#039;小米su7&#039;, 30, 85, 5, FALSE, DATE &#039;2024-03-15&#039;, TIMESTAMP &#039;2026-01-12 14:20:00&#039;),
(1100, 180.23, 459897, 187, &#039;保时捷718&#039;, 35, 90, 3, TRUE, DATE &#039;2024-06-20&#039;, TIMESTAMP &#039;2026-01-12 09:15:00&#039;);
-- 插入2026-01-13分区数据
INSERT INTO tytest.order_info PARTITION (order_date=&#039;2026-01-13&#039;)
VALUES
(1001, 160, NULL, 265, &#039;小米su7&#039;, 26, 82, 15, NULL, CAST(&#039;2024-01-15&#039; AS DATE), CAST(&#039;2026-01-13 11:00:00&#039; AS TIMESTAMP)),
(1001, 160, NULL, NULL, &#039;小米su7&#039;, 26, 82, 16, FALSE, CAST(NULL AS DATE), CAST(&#039;2026-01-13 15:30:00&#039; AS TIMESTAMP)),
(102, 170, 66, 15483.568, &#039;小米su7&#039;, 31, 87, 8, TRUE, CAST(&#039;2024-04-01&#039; AS DATE), CAST(NULL AS TIMESTAMP)),
(1001, 160, NULL, 265, &#039;小米su7&#039;, 26, 82, 17, FALSE, CAST(&#039;2024-01-15&#039; AS DATE), CAST(&#039;2026-01-13 18:20:00&#039; AS TIMESTAMP)),
(110030, 180.23, 459897, 80.55485, &#039;保时捷718&#039;, 36, 92, 5, NULL, CAST(&#039;2024-07-10&#039; AS DATE), CAST(NULL AS TIMESTAMP)),
(110030, 180.23, 459897, 80.55485, &#039;保时捷718&#039;, 36, 92, 6, FALSE, CAST(&#039;2024-07-10&#039; AS DATE), CAST(&#039;2026-01-13 14:05:00&#039; AS TIMESTAMP)),
(11003, 180.23, 459897, NULL, &#039;保时捷718&#039;, 36, 92, 7, FALSE, CAST(NULL AS DATE), CAST(&#039;2026-01-13 16:40:00&#039; AS TIMESTAMP)),
(1001, 160, NULL, 265, NULL, 26, 82, 17, FALSE, CAST(&#039;2024-01-15&#039; AS DATE), CAST(&#039;2026-01-13 18:20:00&#039; AS TIMESTAMP)),
(11003, 180.23, 459897, 80.55485, NULL, 36, 92, 5, NULL, CAST(&#039;2024-07-10&#039; AS DATE), CAST(NULL AS TIMESTAMP));
2、已存在标准目录：test","1. 进入「资产-数据标准-标准定义」页面
2. 新建标准配置如下：
「中文名称」：「总额」
「英文名称」：「amount」
「英文缩写」：「at」
「标准目录」：「test」
「车型」：「小米su7，保时捷718」
1）小米su7：
「数据类型」：「数值型」
「数据长度」：「<=5」
「数据精度」：「3/2」
「是否允许为空」：「不可空」
「是否允许重复」：「不可重复」
「默认值」：「1」
「取值范围」：「>=10且<=280」
「初始值」：「2」
「无效值」：「0.1」
「精度倍数」：「2.2」
「偏移量」：「0.02」；
2）保时捷718：
「数据类型」：「数值型」
「数据长度」：「<=5」
「数据精度」：「3/2」
「是否允许为空」：「不可空」
「是否允许重复」：「不可重复」
「默认值」：「1」
「取值范围」：「>=180且<=999」
「初始值」：「2」
「无效值」：「0.1」
「精度倍数」：「2.2」
「偏移量」：「0.02」；
点击【上线】
3. 点击「标准映射」页面，进行标准映射
4. 给该标准绑定字段：绑定amount字段
5. 点击「落标检查」页面，新增检查任务，检查内容配置如下：
「数据源」：「${DATASOURCE}」
「数据库」：「${DATABASE}」
「数据表」：「order_info」
「选择已有分区」：「dt=2026-01-12」
「标准目录」：「test」
「车型关联字段」：「car_model」；
点击【下一步】
6. 开启amount字段的检查，设置检查项为：字符串长度；
点击【下一步】
7. 配置调度属性为按天运行，其余内容正确配置；点击【新增并立即执行】
8. 等待检查完成，查看【落标检查设置】tab列表
9. 点击【操作-查看结果详情】
10. 查看【落标检查结果】tab列表
11. 点击【操作-查看详情】
12. 根据文档步骤通过底层数据库查看该检查任务的sql
13. 等待该检查任务按周期运行完成，查看结果详情","1. 页面正常打开
2. 内容配置成功；
标准成功上线
3. 标准映射列表新增该标准
4. 字段绑定成功
5. 检查内容配置成功；
进入选择字段页面
6. 成功开启检查并设置检查项；
进入调度配置页面
7. 保存成功，任务进入检查中状态
8. 1）显示对应的正确数据表名称、所属数据源、所属数据库、检查字段数/总字段数、检查周期、检查状态、标准达标率、不达标字段数/检查失败数、最近编辑时间、最近检查时间、操作。
2）其中标准达标率为“100%”，不达标字段数/检查失败数为“0/0”
9. 跳转至【落标检查结果】tab
10. 1）显示对应的正确数据源、数据库、数据表、字段、检查状态、是否达标、检查开始时间、检查结束时间、操作。
2）其中检查状态为“检查完成”，是否达标为“达标”
11. 检查结果详情包含以下信息：
1）检查信息：检查数据源、数据库、数据表、字段与配置的内容一致；
2）检查结果列表：字符串长度显示“达标”，开始检查时间、结束检查时间正确，操作为“--”
3）关联标准详情与前面配置的内容一致
12. sql未进行合并：
只有单个select语句，无并行计算逻辑
13. 该检查项达标，详情正确","1. 
2. 
3. 
4. 
5. 
6. 
7. 
8. 
9. 
10. 
11. 
12. 
13.","","3","功能测试","功能测试阶段","正常","0","2","13","通过","听筠","2026-06-03","听筠","2026-06-09","2","",""
"186437","数据资产_STD(#23)","/版本迭代测试用例/v6.4.11/【岚图】【数据资产】落标检查任务性能优化，规则sql合并/不可合并(#10606)","【岚图】【数据资产】数据质量任务、落标检查任务性能优化，规则sql合并(#15862)","无车型 验证「无车型」-「重复数」校验功能","1、已存在表test_info_1
CREATE TABLE tytest.test_info_1 (
id INT COMMENT &#039;用户ID&#039;,
string_num STRING COMMENT &#039;string类型的编号&#039;,
name STRING COMMENT &#039;姓名&#039;,
money DOUBLE COMMENT &#039;金额&#039;,
byte_field BYTE COMMENT &#039;byte类型字段&#039;,
short_field SHORT COMMENT &#039;short类型字段&#039;,
long_field LONG COMMENT &#039;long类型字段&#039;,
float_field FLOAT COMMENT &#039;float类型字段&#039;,
decimal_field DECIMAL(10,2) COMMENT &#039;decimal类型字段&#039;,
boolean_field BOOLEAN COMMENT &#039;boolean类型字段&#039;,
date_field DATE COMMENT &#039;date类型字段&#039;,
timestamp_field TIMESTAMP COMMENT &#039;timestamp类型字段&#039;
)
COMMENT &#039;测试信息表&#039;
PARTITIONED BY (
dt STRING COMMENT &#039;分区日期，格式：yyyy-MM-dd&#039;
)
STORED AS ORC;
-- dt = &#039;2026-05-27&#039;
INSERT INTO tytest.test_info_1 PARTITION (dt=&#039;2026-05-27&#039;)
VALUES
(2, &#039;A001&#039;, &#039;王小明&#039;, 4.00, 20, 1, 10, 65.5, 99.99, TRUE, DATE &#039;2025-01-01&#039;, TIMESTAMP &#039;2026-05-27 08:30:00&#039;),
(4, &#039;B002&#039;, &#039;陈小红&#039;, 6.00, 25, 200, 200, 70.2, 199.99, FALSE, DATE &#039;2025-02-15&#039;, TIMESTAMP &#039;2026-05-27 10:15:00&#039;),
(6, &#039;C003&#039;, &#039;张大力&#039;, 10.00, 30, 300, 300, 75.8, 299.99, TRUE, DATE &#039;2025-03-20&#039;, TIMESTAMP &#039;2026-05-27 14:45:00&#039;),
(8, &#039;D004&#039;, &#039;李芳芳&#039;, 14.00, 22, 150, 150, 68.3, 399.99, FALSE, DATE &#039;2025-04-10&#039;, TIMESTAMP &#039;2026-05-27 09:20:00&#039;),
(10, &#039;E005&#039;, &#039;刘建国&#039;, 18.00, 28, 250, 250, 72.6, 499.99, TRUE, DATE &#039;2025-05-05&#039;, TIMESTAMP &#039;2026-05-27 16:00:00&#039;),
(12, &#039;F006&#039;, &#039;赵丽丽&#039;, 20.00, 35, 350, 350, 80.1, 599.99, FALSE, DATE &#039;2025-06-25&#039;, TIMESTAMP &#039;2026-05-27 11:30:00&#039;);
-- dt = &#039;2026-05-28&#039;
INSERT INTO tytest.test_info_1 PARTITION (dt=&#039;2026-05-28&#039;)
VALUES
(101, &#039;XYZ001&#039;, &#039;欧阳静&#039;, 24.00, 100, 32767, NULL, 85.5, 888.88, FALSE, CAST(NULL AS DATE), CAST(&#039;2026-05-28 09:00:00&#039; AS TIMESTAMP)),
(102, &#039;XYZ002&#039;, &#039;慕容白&#039;, NULL, -50, -200, -5000, -10.5, -94879459.99, NULL, CAST(&#039;2024-11-15&#039; AS DATE), CAST(NULL AS TIMESTAMP)),
(NULL, &#039;XYZ003&#039;, &#039;令狐冲&#039;, 123.45, 107, 32767, 9223372036854775807, 99.9984545, 1234.56, FALSE, CAST(&#039;2024-10-20&#039; AS DATE), CAST(&#039;2026-05-28 15:45:00&#039; AS TIMESTAMP)),
(102, &#039;XYZ001&#039;, &#039;欧阳静&#039;, 25.001548952140236541, NULL, NULL, 0, NULL, 1234.56, TRUE, CAST(&#039;2024-11-15&#039; AS DATE), CAST(&#039;2026-05-28 11:20:00&#039; AS TIMESTAMP)),
(105, NULL, NULL, 18.50, 100, 999, 0, 88.8, NULL, FALSE, CAST(&#039;2024-08-05&#039; AS DATE), CAST(&#039;2026-05-28 14:10:00&#039; AS TIMESTAMP)),
(106, &#039;XYZ003&#039;, NULL, 123.45, 107, 999, 90, 88.8, 888.88, TRUE, CAST(&#039;2024-07-25&#039; AS DATE), CAST(&#039;2026-05-28 09:00:00&#039; AS TIMESTAMP));

2、已存在标准目录：test","1. 进入「资产-数据标准-标准定义」页面
2. 新建标准配置如下：
「中文名称」：「金额」
「英文名称」：「money」
「英文缩写」：「my」
「标准目录」：「test」
无车型
「数据类型」：「字符型」
「数据长度」：「<=20」
「数据精度」：「2/2」
「是否允许为空」：「不可空」
「是否允许重复」：「不可重复」
「默认值」：「1」
「取值范围」：「>1且<=50」
「初始值」：「2」
「无效值」：「0.1」
「精度倍数」：「2」
「偏移量」：「0.02」；
点击【上线】
3. 点击「标准映射」页面，进行标准映射
4. 给该标准绑定字段：绑定money字段
5. 点击「落标检查」页面，新增检查任务，检查内容配置如下：
「数据源」：「${DATASOURCE}」
「数据库」：「${DATABASE}」
「数据表」：「test_info_1」
「选择已有分区」：「dt=2026-05-27」
「标准目录」：「test」
不配置「车型关联字段」；
点击【下一步】
6. 开启money字段的检查，设置检查项为：重复数；
点击【下一步】
7. 配置调度属性为按天运行，其余内容正确配置；点击【新增并立即执行】
8. 等待检查完成，查看【落标检查设置】tab列表
9. 点击【操作-查看结果详情】
10. 查看【落标检查结果】tab列表
11. 点击【操作-查看详情】
12. 根据文档步骤通过底层数据库查看该检查任务的sql
13. 等待该检查任务按周期运行完成，查看结果详情","1. 页面正常打开
2. 内容配置成功；
标准成功上线
3. 标准映射列表新增该标准
4. 字段绑定成功
5. 检查内容配置成功；
进入选择字段页面
6. 成功开启检查并设置检查项；
进入调度配置页面
7. 保存成功，任务进入检查中状态
8. 1）显示对应的正确数据表名称、所属数据源、所属数据库、检查字段数/总字段数、检查周期、检查状态、标准达标率、不达标字段数/检查失败数、最近编辑时间、最近检查时间、操作。
2）其中标准达标率为“100%”，不达标字段数/检查失败数为“0/0”
9. 跳转至【落标检查结果】tab
10. 1）显示对应的正确数据源、数据库、数据表、字段、检查状态、是否达标、检查开始时间、检查结束时间、操作。
2）其中检查状态为“检查完成”，是否达标为“达标”
11. 检查结果详情包含以下信息：
1）检查信息：检查数据源、数据库、数据表、字段与配置的内容一致；
2）检查结果列表：重复数显示“达标”，开始检查时间、结束检查时间正确，操作为“--”
3）关联标准详情与前面配置的内容一致
12. sql未进行合并：
只有单个select语句，无SUM (CASE WHEN)并行计算逻辑
13. 该检查项达标，详情正确","1. 
2. 
3. 
4. 
5. 
6. 
7. 
8. 
9. 
10. 
11. 
12. 
13.","","3","功能测试","功能测试阶段","正常","0","2","13","通过","听筠","2026-06-03","","0000-00-00","1","",""
"186436","数据资产_STD(#23)","/版本迭代测试用例/v6.4.11/【岚图】【数据资产】落标检查任务性能优化，规则sql合并/不可合并(#10606)","【岚图】【数据资产】数据质量任务、落标检查任务性能优化，规则sql合并(#15862)","无车型 验证「无车型」-「取值范围」校验功能","1、已存在表test_info_1
CREATE TABLE tytest.test_info_1 (
id INT COMMENT &#039;用户ID&#039;,
string_num STRING COMMENT &#039;string类型的编号&#039;,
name STRING COMMENT &#039;姓名&#039;,
money DOUBLE COMMENT &#039;金额&#039;,
byte_field BYTE COMMENT &#039;byte类型字段&#039;,
short_field SHORT COMMENT &#039;short类型字段&#039;,
long_field LONG COMMENT &#039;long类型字段&#039;,
float_field FLOAT COMMENT &#039;float类型字段&#039;,
decimal_field DECIMAL(10,2) COMMENT &#039;decimal类型字段&#039;,
boolean_field BOOLEAN COMMENT &#039;boolean类型字段&#039;,
date_field DATE COMMENT &#039;date类型字段&#039;,
timestamp_field TIMESTAMP COMMENT &#039;timestamp类型字段&#039;
)
COMMENT &#039;测试信息表&#039;
PARTITIONED BY (
dt STRING COMMENT &#039;分区日期，格式：yyyy-MM-dd&#039;
)
STORED AS ORC;
-- dt = &#039;2026-05-27&#039;
INSERT INTO tytest.test_info_1 PARTITION (dt=&#039;2026-05-27&#039;)
VALUES
(2, &#039;A001&#039;, &#039;王小明&#039;, 4.00, 20, 1, 10, 65.5, 99.99, TRUE, DATE &#039;2025-01-01&#039;, TIMESTAMP &#039;2026-05-27 08:30:00&#039;),
(4, &#039;B002&#039;, &#039;陈小红&#039;, 6.00, 25, 200, 200, 70.2, 199.99, FALSE, DATE &#039;2025-02-15&#039;, TIMESTAMP &#039;2026-05-27 10:15:00&#039;),
(6, &#039;C003&#039;, &#039;张大力&#039;, 10.00, 30, 300, 300, 75.8, 299.99, TRUE, DATE &#039;2025-03-20&#039;, TIMESTAMP &#039;2026-05-27 14:45:00&#039;),
(8, &#039;D004&#039;, &#039;李芳芳&#039;, 14.00, 22, 150, 150, 68.3, 399.99, FALSE, DATE &#039;2025-04-10&#039;, TIMESTAMP &#039;2026-05-27 09:20:00&#039;),
(10, &#039;E005&#039;, &#039;刘建国&#039;, 18.00, 28, 250, 250, 72.6, 499.99, TRUE, DATE &#039;2025-05-05&#039;, TIMESTAMP &#039;2026-05-27 16:00:00&#039;),
(12, &#039;F006&#039;, &#039;赵丽丽&#039;, 20.00, 35, 350, 350, 80.1, 599.99, FALSE, DATE &#039;2025-06-25&#039;, TIMESTAMP &#039;2026-05-27 11:30:00&#039;);
-- dt = &#039;2026-05-28&#039;
INSERT INTO tytest.test_info_1 PARTITION (dt=&#039;2026-05-28&#039;)
VALUES
(101, &#039;XYZ001&#039;, &#039;欧阳静&#039;, 24.00, 100, 32767, NULL, 85.5, 888.88, FALSE, CAST(NULL AS DATE), CAST(&#039;2026-05-28 09:00:00&#039; AS TIMESTAMP)),
(102, &#039;XYZ002&#039;, &#039;慕容白&#039;, NULL, -50, -200, -5000, -10.5, -94879459.99, NULL, CAST(&#039;2024-11-15&#039; AS DATE), CAST(NULL AS TIMESTAMP)),
(NULL, &#039;XYZ003&#039;, &#039;令狐冲&#039;, 123.45, 107, 32767, 9223372036854775807, 99.9984545, 1234.56, FALSE, CAST(&#039;2024-10-20&#039; AS DATE), CAST(&#039;2026-05-28 15:45:00&#039; AS TIMESTAMP)),
(102, &#039;XYZ001&#039;, &#039;欧阳静&#039;, 25.001548952140236541, NULL, NULL, 0, NULL, 1234.56, TRUE, CAST(&#039;2024-11-15&#039; AS DATE), CAST(&#039;2026-05-28 11:20:00&#039; AS TIMESTAMP)),
(105, NULL, NULL, 18.50, 100, 999, 0, 88.8, NULL, FALSE, CAST(&#039;2024-08-05&#039; AS DATE), CAST(&#039;2026-05-28 14:10:00&#039; AS TIMESTAMP)),
(106, &#039;XYZ003&#039;, NULL, 123.45, 107, 999, 90, 88.8, 888.88, TRUE, CAST(&#039;2024-07-25&#039; AS DATE), CAST(&#039;2026-05-28 09:00:00&#039; AS TIMESTAMP));
2、已存在标准目录：test","1. 进入「资产-数据标准-标准定义」页面
2. 新建标准配置如下：
「中文名称」：「金额」
「英文名称」：「money」
「英文缩写」：「my」
「标准目录」：「test」
无车型
「数据类型」：「字符型」
「数据长度」：「<=20」
「数据精度」：「2/2」
「是否允许为空」：「不可空」
「是否允许重复」：「不可重复」
「默认值」：「1」
「取值范围」：「>1且<=50」
「初始值」：「2」
「无效值」：「0.1」
「精度倍数」：「2」
「偏移量」：「0.02」；
点击【上线】
3. 点击「标准映射」页面，进行标准映射
4. 给该标准绑定字段：绑定money字段
5. 点击「落标检查」页面，新增检查任务，检查内容配置如下：
「数据源」：「${DATASOURCE}」
「数据库」：「${DATABASE}」
「数据表」：「test_info_1」
不设置分区
「标准目录」：「test」
不配置「车型关联字段」；
点击【下一步】
6. 开启money字段的检查，设置检查项为：取值范围；
点击【下一步】
7. 配置调度属性为按天运行，其余内容正确配置；点击【新增并立即执行】
8. 等待检查完成，查看【落标检查设置】tab列表
9. 点击【操作-查看结果详情】
10. 查看【落标检查结果】tab列表
11. 点击【操作-查看详情】
12. 点击列表里检查项对应的的【操作-查看详情】
13. 根据文档步骤通过底层数据库查看该检查任务的sql
14. 等待该检查任务按周期运行完成，查看结果详情","1. 页面正常打开
2. 内容配置成功；
标准成功上线
3. 标准映射列表新增该标准
4. 字段绑定成功
5. 检查内容配置成功；
进入选择字段页面
6. 成功开启检查并设置检查项；
进入调度配置页面
7. 保存成功，任务进入检查中状态
8. 1）显示对应的正确数据表名称、所属数据源、所属数据库、检查字段数/总字段数、检查周期、检查状态、标准达标率、不达标字段数/检查失败数、最近编辑时间、最近检查时间、操作。
2）其中标准达标率为“0%”，不达标字段数/检查失败数为“1/0”
9. 跳转至【落标检查结果】tab
10. 1）显示对应的正确数据源、数据库、数据表、字段、检查状态、是否达标、检查开始时间、检查结束时间、操作。
2）其中检查状态为“检查完成”，是否达标为“未达标”
11. 检查结果详情包含以下信息：
1）检查信息：检查数据源、数据库、数据表、字段与配置的内容一致；
2）检查结果列表：取值范围显示“未达标”，开始检查时间、结束检查时间正确，操作为“查看详情”
3）关联标准详情与前面配置的内容一致
12. 1）为脏数据明细，显示不符合检查项的数据，标红展示
2）行数<=100
13. sql未进行合并：
只有单个select计算语句，无并行计算逻辑
14. 该检查项未达标，详情正确，脏数据明细正确","1. 
2. 
3. 
4. 
5. 
6. 
7. 
8. 
9. 
10. 
11. 
12. 
13. 
14.","","3","功能测试","功能测试阶段","正常","0","2","14","通过","听筠","2026-06-03","听筠","2026-06-09","2","",""
"186435","数据资产_STD(#23)","/版本迭代测试用例/v6.4.11/【岚图】【数据资产】落标检查任务性能优化，规则sql合并/不可合并(#10606)","【岚图】【数据资产】数据质量任务、落标检查任务性能优化，规则sql合并(#15862)","无车型 验证「无车型」-「空值数」校验功能","1、已存在表test_info_1
CREATE TABLE tytest.test_info_1 (
id INT COMMENT &#039;用户ID&#039;,
string_num STRING COMMENT &#039;string类型的编号&#039;,
name STRING COMMENT &#039;姓名&#039;,
money DOUBLE COMMENT &#039;金额&#039;,
byte_field BYTE COMMENT &#039;byte类型字段&#039;,
short_field SHORT COMMENT &#039;short类型字段&#039;,
long_field LONG COMMENT &#039;long类型字段&#039;,
float_field FLOAT COMMENT &#039;float类型字段&#039;,
decimal_field DECIMAL(10,2) COMMENT &#039;decimal类型字段&#039;,
boolean_field BOOLEAN COMMENT &#039;boolean类型字段&#039;,
date_field DATE COMMENT &#039;date类型字段&#039;,
timestamp_field TIMESTAMP COMMENT &#039;timestamp类型字段&#039;
)
COMMENT &#039;测试信息表&#039;
PARTITIONED BY (
dt STRING COMMENT &#039;分区日期，格式：yyyy-MM-dd&#039;
)
STORED AS ORC;
-- dt = &#039;2026-05-27&#039;
INSERT INTO tytest.test_info_1 PARTITION (dt=&#039;2026-05-27&#039;)
VALUES
(2, &#039;A001&#039;, &#039;王小明&#039;, 4.00, 20, 1, 10, 65.5, 99.99, TRUE, DATE &#039;2025-01-01&#039;, TIMESTAMP &#039;2026-05-27 08:30:00&#039;),
(4, &#039;B002&#039;, &#039;陈小红&#039;, 6.00, 25, 200, 200, 70.2, 199.99, FALSE, DATE &#039;2025-02-15&#039;, TIMESTAMP &#039;2026-05-27 10:15:00&#039;),
(6, &#039;C003&#039;, &#039;张大力&#039;, 10.00, 30, 300, 300, 75.8, 299.99, TRUE, DATE &#039;2025-03-20&#039;, TIMESTAMP &#039;2026-05-27 14:45:00&#039;),
(8, &#039;D004&#039;, &#039;李芳芳&#039;, 14.00, 22, 150, 150, 68.3, 399.99, FALSE, DATE &#039;2025-04-10&#039;, TIMESTAMP &#039;2026-05-27 09:20:00&#039;),
(10, &#039;E005&#039;, &#039;刘建国&#039;, 18.00, 28, 250, 250, 72.6, 499.99, TRUE, DATE &#039;2025-05-05&#039;, TIMESTAMP &#039;2026-05-27 16:00:00&#039;),
(12, &#039;F006&#039;, &#039;赵丽丽&#039;, 20.00, 35, 350, 350, 80.1, 599.99, FALSE, DATE &#039;2025-06-25&#039;, TIMESTAMP &#039;2026-05-27 11:30:00&#039;);
-- dt = &#039;2026-05-28&#039;
INSERT INTO tytest.test_info_1 PARTITION (dt=&#039;2026-05-28&#039;)
VALUES
(101, &#039;XYZ001&#039;, &#039;欧阳静&#039;, 24.00, 100, 32767, NULL, 85.5, 888.88, FALSE, CAST(NULL AS DATE), CAST(&#039;2026-05-28 09:00:00&#039; AS TIMESTAMP)),
(102, &#039;XYZ002&#039;, &#039;慕容白&#039;, NULL, -50, -200, -5000, -10.5, -94879459.99, NULL, CAST(&#039;2024-11-15&#039; AS DATE), CAST(NULL AS TIMESTAMP)),
(NULL, &#039;XYZ003&#039;, &#039;令狐冲&#039;, 123.45, 107, 32767, 9223372036854775807, 99.9984545, 1234.56, FALSE, CAST(&#039;2024-10-20&#039; AS DATE), CAST(&#039;2026-05-28 15:45:00&#039; AS TIMESTAMP)),
(102, &#039;XYZ001&#039;, &#039;欧阳静&#039;, 25.001548952140236541, NULL, NULL, 0, NULL, 1234.56, TRUE, CAST(&#039;2024-11-15&#039; AS DATE), CAST(&#039;2026-05-28 11:20:00&#039; AS TIMESTAMP)),
(105, NULL, NULL, 18.50, 100, 999, 0, 88.8, NULL, FALSE, CAST(&#039;2024-08-05&#039; AS DATE), CAST(&#039;2026-05-28 14:10:00&#039; AS TIMESTAMP)),
(106, &#039;XYZ003&#039;, NULL, 123.45, 107, 999, 90, 88.8, 888.88, TRUE, CAST(&#039;2024-07-25&#039; AS DATE), CAST(&#039;2026-05-28 09:00:00&#039; AS TIMESTAMP));
2、已存在标准目录：test","1. 进入「资产-数据标准-标准定义」页面
2. 新建标准配置如下：
「中文名称」：「金额」
「英文名称」：「money」
「英文缩写」：「my」
「标准目录」：「test」
无车型
「数据类型」：「字符型」
「数据长度」：「<=20」
「数据精度」：「2/2」
「是否允许为空」：「不可空」
「是否允许重复」：「不可重复」
「默认值」：「1」
「取值范围」：「>1且<=50」
「初始值」：「2」
「无效值」：「0.1」
「精度倍数」：「2」
「偏移量」：「0.02」；
点击【上线】
3. 点击「标准映射」页面，进行标准映射
4. 给该标准绑定字段：绑定money字段
5. 点击「落标检查」页面，新增检查任务，检查内容配置如下：
「数据源」：「${DATASOURCE}」
「数据库」：「${DATABASE}」
「数据表」：「test_info_1」
「手动输入分区」：「dt=2026-05-28」
「标准目录」：「test」
不配置「车型关联字段」；
点击【下一步】
6. 开启money字段的检查，设置检查项为：空值数；
点击【下一步】
7. 配置调度属性为按天运行，其余内容正确配置；点击【新增并立即执行】
8. 等待检查完成，查看【落标检查设置】tab列表
9. 点击【操作-查看结果详情】
10. 查看【落标检查结果】tab列表
11. 点击【操作-查看详情】
12. 点击列表里检查项对应的的【操作-查看详情】
13. 根据文档步骤通过底层数据库查看该检查任务的sql
14. 等待该检查任务按周期运行完成，查看结果详情","1. 页面正常打开
2. 内容配置成功；
标准成功上线
3. 标准映射列表新增该标准
4. 字段绑定成功
5. 检查内容配置成功；
进入选择字段页面
6. 成功开启检查并设置检查项；
进入调度配置页面
7. 保存成功，任务进入检查中状态
8. 1）显示对应的正确数据表名称、所属数据源、所属数据库、检查字段数/总字段数、检查周期、检查状态、标准达标率、不达标字段数/检查失败数、最近编辑时间、最近检查时间、操作。
2）其中标准达标率为“0%”，不达标字段数/检查失败数为“1/0”
9. 跳转至【落标检查结果】tab
10. 1）显示对应的正确数据源、数据库、数据表、字段、检查状态、是否达标、检查开始时间、检查结束时间、操作。
2）其中检查状态为“检查完成”，是否达标为“未达标”
11. 检查结果详情包含以下信息：
1）检查信息：检查数据源、数据库、数据表、字段与配置的内容一致；
2）检查结果列表：空值数显示“未达标”，开始检查时间、结束检查时间正确，操作为“查看详情”
3）关联标准详情与前面配置的内容一致
12. 1）为脏数据明细，显示不符合检查项的数据，标红展示
2）行数<=100
13. sql未进行合并：
只有单个select计算语句，无并行计算逻辑
14. 该检查项未达标，详情正确，脏数据明细正确","1. 
2. 
3. 
4. 
5. 
6. 
7. 
8. 
9. 
10. 
11. 
12. 
13. 
14.","","3","功能测试","功能测试阶段","正常","0","2","14","通过","听筠","2026-06-03","听筠","2026-06-09","2","",""
"186434","数据资产_STD(#23)","/版本迭代测试用例/v6.4.11/【岚图】【数据资产】落标检查任务性能优化，规则sql合并/不可合并(#10606)","【岚图】【数据资产】数据质量任务、落标检查任务性能优化，规则sql合并(#15862)","无车型 验证「无车型」-「精度倍数」校验功能","1、已存在表test_info_1
CREATE TABLE tytest.test_info_1 (
id INT COMMENT &#039;用户ID&#039;,
string_num STRING COMMENT &#039;string类型的编号&#039;,
name STRING COMMENT &#039;姓名&#039;,
money DOUBLE COMMENT &#039;金额&#039;,
byte_field BYTE COMMENT &#039;byte类型字段&#039;,
short_field SHORT COMMENT &#039;short类型字段&#039;,
long_field LONG COMMENT &#039;long类型字段&#039;,
float_field FLOAT COMMENT &#039;float类型字段&#039;,
decimal_field DECIMAL(10,2) COMMENT &#039;decimal类型字段&#039;,
boolean_field BOOLEAN COMMENT &#039;boolean类型字段&#039;,
date_field DATE COMMENT &#039;date类型字段&#039;,
timestamp_field TIMESTAMP COMMENT &#039;timestamp类型字段&#039;
)
COMMENT &#039;测试信息表&#039;
PARTITIONED BY (
dt STRING COMMENT &#039;分区日期，格式：yyyy-MM-dd&#039;
)
STORED AS ORC;
-- dt = &#039;2026-05-27&#039;
INSERT INTO tytest.test_info_1 PARTITION (dt=&#039;2026-05-27&#039;)
VALUES
(2, &#039;A001&#039;, &#039;王小明&#039;, 4.00, 20, 1, 10, 65.5, 99.99, TRUE, DATE &#039;2025-01-01&#039;, TIMESTAMP &#039;2026-05-27 08:30:00&#039;),
(4, &#039;B002&#039;, &#039;陈小红&#039;, 6.00, 25, 200, 200, 70.2, 199.99, FALSE, DATE &#039;2025-02-15&#039;, TIMESTAMP &#039;2026-05-27 10:15:00&#039;),
(6, &#039;C003&#039;, &#039;张大力&#039;, 10.00, 30, 300, 300, 75.8, 299.99, TRUE, DATE &#039;2025-03-20&#039;, TIMESTAMP &#039;2026-05-27 14:45:00&#039;),
(8, &#039;D004&#039;, &#039;李芳芳&#039;, 14.00, 22, 150, 150, 68.3, 399.99, FALSE, DATE &#039;2025-04-10&#039;, TIMESTAMP &#039;2026-05-27 09:20:00&#039;),
(10, &#039;E005&#039;, &#039;刘建国&#039;, 18.00, 28, 250, 250, 72.6, 499.99, TRUE, DATE &#039;2025-05-05&#039;, TIMESTAMP &#039;2026-05-27 16:00:00&#039;),
(12, &#039;F006&#039;, &#039;赵丽丽&#039;, 20.00, 35, 350, 350, 80.1, 599.99, FALSE, DATE &#039;2025-06-25&#039;, TIMESTAMP &#039;2026-05-27 11:30:00&#039;);
-- dt = &#039;2026-05-28&#039;
INSERT INTO tytest.test_info_1 PARTITION (dt=&#039;2026-05-28&#039;)
VALUES
(101, &#039;XYZ001&#039;, &#039;欧阳静&#039;, 24.00, 100, 32767, NULL, 85.5, 888.88, FALSE, CAST(NULL AS DATE), CAST(&#039;2026-05-28 09:00:00&#039; AS TIMESTAMP)),
(102, &#039;XYZ002&#039;, &#039;慕容白&#039;, NULL, -50, -200, -5000, -10.5, -94879459.99, NULL, CAST(&#039;2024-11-15&#039; AS DATE), CAST(NULL AS TIMESTAMP)),
(NULL, &#039;XYZ003&#039;, &#039;令狐冲&#039;, 123.45, 107, 32767, 9223372036854775807, 99.9984545, 1234.56, FALSE, CAST(&#039;2024-10-20&#039; AS DATE), CAST(&#039;2026-05-28 15:45:00&#039; AS TIMESTAMP)),
(102, &#039;XYZ001&#039;, &#039;欧阳静&#039;, 25.001548952140236541, NULL, NULL, 0, NULL, 1234.56, TRUE, CAST(&#039;2024-11-15&#039; AS DATE), CAST(&#039;2026-05-28 11:20:00&#039; AS TIMESTAMP)),
(105, NULL, NULL, 18.50, 100, 999, 0, 88.8, NULL, FALSE, CAST(&#039;2024-08-05&#039; AS DATE), CAST(&#039;2026-05-28 14:10:00&#039; AS TIMESTAMP)),
(106, &#039;XYZ003&#039;, NULL, 123.45, 107, 999, 90, 88.8, 888.88, TRUE, CAST(&#039;2024-07-25&#039; AS DATE), CAST(&#039;2026-05-28 09:00:00&#039; AS TIMESTAMP));
2、已存在标准目录：test","1. 进入「资产-数据标准-标准定义」页面
2. 新建标准配置如下：
「中文名称」：「金额」
「英文名称」：「money」
「英文缩写」：「my」
「标准目录」：「test」
无车型
「数据类型」：「字符型」
「数据长度」：「<=20」
「数据精度」：「2/2」
「是否允许为空」：「不可空」
「是否允许重复」：「不可重复」
「默认值」：「1」
「取值范围」：「>1且<=50」
「初始值」：「2」
「无效值」：「0.1」
「精度倍数」：「2」
「偏移量」：「0.02」；
点击【上线】
3. 点击「标准映射」页面，进行标准映射
4. 给该标准绑定字段：绑定money字段
5. 点击「落标检查」页面，新增检查任务，检查内容配置如下：
「数据源」：「${DATASOURCE}」
「数据库」：「${DATABASE}」
「数据表」：「test_info_1」
「选择已有分区」：「dt=2026-05-27」
「标准目录」：「test」
不配置「车型关联字段」；
点击【下一步】
6. 开启money字段的检查，设置检查项为：精度倍数；
点击【下一步】
7. 配置调度属性为按天运行，其余内容正确配置；点击【新增并立即执行】
8. 等待检查完成，查看【落标检查设置】tab列表
9. 点击【操作-查看结果详情】
10. 查看【落标检查结果】tab列表
11. 点击【操作-查看详情】
12. 根据文档步骤通过底层数据库查看该检查任务的sql
13. 等待该检查任务按周期运行完成，查看结果详情","1. 页面正常打开
2. 内容配置成功；
标准成功上线
3. 标准映射列表新增该标准
4. 字段绑定成功
5. 检查内容配置成功；
进入选择字段页面
6. 成功开启检查并设置检查项；
进入调度配置页面
7. 保存成功，任务进入检查中状态
8. 1）显示对应的正确数据表名称、所属数据源、所属数据库、检查字段数/总字段数、检查周期、检查状态、标准达标率、不达标字段数/检查失败数、最近编辑时间、最近检查时间、操作。
2）其中标准达标率为“100%”，不达标字段数/检查失败数为“0/0”
9. 跳转至【落标检查结果】tab
10. 1）显示对应的正确数据源、数据库、数据表、字段、检查状态、是否达标、检查开始时间、检查结束时间、操作。
2）其中检查状态为“检查完成”，是否达标为“达标”
11. 检查结果详情包含以下信息：
1）检查信息：检查数据源、数据库、数据表、字段与配置的内容一致；
2）检查结果列表：精度倍数显示“达标”，开始检查时间、结束检查时间正确，操作为“--”
3）关联标准详情与前面配置的内容一致
12. sql未进行合并：
只有单个select语句，无并行计算逻辑
13. 该检查项达标，详情正确","1. 
2. 
3. 
4. 
5. 
6. 
7. 
8. 
9. 
10. 
11. 
12. 
13.","","1","功能测试","功能测试阶段","正常","0","4","13","通过","听筠","2026-06-03","听筠","2026-06-09","2","",""
"186433","数据资产_STD(#23)","/版本迭代测试用例/v6.4.11/【岚图】【数据资产】落标检查任务性能优化，规则sql合并/不可合并(#10606)","【岚图】【数据资产】数据质量任务、落标检查任务性能优化，规则sql合并(#15862)","无车型 验证「无车型」-「数据精度」校验功能","1、已存在表test_info_1
CREATE TABLE tytest.test_info_1 (
id INT COMMENT &#039;用户ID&#039;,
string_num STRING COMMENT &#039;string类型的编号&#039;,
name STRING COMMENT &#039;姓名&#039;,
money DOUBLE COMMENT &#039;金额&#039;,
byte_field BYTE COMMENT &#039;byte类型字段&#039;,
short_field SHORT COMMENT &#039;short类型字段&#039;,
long_field LONG COMMENT &#039;long类型字段&#039;,
float_field FLOAT COMMENT &#039;float类型字段&#039;,
decimal_field DECIMAL(10,2) COMMENT &#039;decimal类型字段&#039;,
boolean_field BOOLEAN COMMENT &#039;boolean类型字段&#039;,
date_field DATE COMMENT &#039;date类型字段&#039;,
timestamp_field TIMESTAMP COMMENT &#039;timestamp类型字段&#039;
)
COMMENT &#039;测试信息表&#039;
PARTITIONED BY (
dt STRING COMMENT &#039;分区日期，格式：yyyy-MM-dd&#039;
)
STORED AS ORC;
-- dt = &#039;2026-05-27&#039;
INSERT INTO tytest.test_info_1 PARTITION (dt=&#039;2026-05-27&#039;)
VALUES
(2, &#039;A001&#039;, &#039;王小明&#039;, 4.00, 20, 1, 10, 65.5, 99.99, TRUE, DATE &#039;2025-01-01&#039;, TIMESTAMP &#039;2026-05-27 08:30:00&#039;),
(4, &#039;B002&#039;, &#039;陈小红&#039;, 6.00, 25, 200, 200, 70.2, 199.99, FALSE, DATE &#039;2025-02-15&#039;, TIMESTAMP &#039;2026-05-27 10:15:00&#039;),
(6, &#039;C003&#039;, &#039;张大力&#039;, 10.00, 30, 300, 300, 75.8, 299.99, TRUE, DATE &#039;2025-03-20&#039;, TIMESTAMP &#039;2026-05-27 14:45:00&#039;),
(8, &#039;D004&#039;, &#039;李芳芳&#039;, 14.00, 22, 150, 150, 68.3, 399.99, FALSE, DATE &#039;2025-04-10&#039;, TIMESTAMP &#039;2026-05-27 09:20:00&#039;),
(10, &#039;E005&#039;, &#039;刘建国&#039;, 18.00, 28, 250, 250, 72.6, 499.99, TRUE, DATE &#039;2025-05-05&#039;, TIMESTAMP &#039;2026-05-27 16:00:00&#039;),
(12, &#039;F006&#039;, &#039;赵丽丽&#039;, 20.00, 35, 350, 350, 80.1, 599.99, FALSE, DATE &#039;2025-06-25&#039;, TIMESTAMP &#039;2026-05-27 11:30:00&#039;);
-- dt = &#039;2026-05-28&#039;
INSERT INTO tytest.test_info_1 PARTITION (dt=&#039;2026-05-28&#039;)
VALUES
(101, &#039;XYZ001&#039;, &#039;欧阳静&#039;, 24.00, 100, 32767, NULL, 85.5, 888.88, FALSE, CAST(NULL AS DATE), CAST(&#039;2026-05-28 09:00:00&#039; AS TIMESTAMP)),
(102, &#039;XYZ002&#039;, &#039;慕容白&#039;, NULL, -50, -200, -5000, -10.5, -94879459.99, NULL, CAST(&#039;2024-11-15&#039; AS DATE), CAST(NULL AS TIMESTAMP)),
(NULL, &#039;XYZ003&#039;, &#039;令狐冲&#039;, 123.45, 107, 32767, 9223372036854775807, 99.9984545, 1234.56, FALSE, CAST(&#039;2024-10-20&#039; AS DATE), CAST(&#039;2026-05-28 15:45:00&#039; AS TIMESTAMP)),
(102, &#039;XYZ001&#039;, &#039;欧阳静&#039;, 25.001548952140236541, NULL, NULL, 0, NULL, 1234.56, TRUE, CAST(&#039;2024-11-15&#039; AS DATE), CAST(&#039;2026-05-28 11:20:00&#039; AS TIMESTAMP)),
(105, NULL, NULL, 18.50, 100, 999, 0, 88.8, NULL, FALSE, CAST(&#039;2024-08-05&#039; AS DATE), CAST(&#039;2026-05-28 14:10:00&#039; AS TIMESTAMP)),
(106, &#039;XYZ003&#039;, NULL, 123.45, 107, 999, 90, 88.8, 888.88, TRUE, CAST(&#039;2024-07-25&#039; AS DATE), CAST(&#039;2026-05-28 09:00:00&#039; AS TIMESTAMP));
2、已存在标准目录：test","1. 进入「资产-数据标准-标准定义」页面
2. 新建标准配置如下：
「中文名称」：「金额」
「英文名称」：「money」
「英文缩写」：「my」
「标准目录」：「test」
无车型
「数据类型」：「字符型」
「数据长度」：「<=20」
「数据精度」：「2/2」
「是否允许为空」：「不可空」
「是否允许重复」：「不可重复」
「默认值」：「1」
「取值范围」：「>1且<=50」
「初始值」：「2」
「无效值」：「0.1」
「精度倍数」：「2」
「偏移量」：「0.02」；
点击【上线】
3. 点击「标准映射」页面，进行标准映射
4. 给该标准绑定字段：绑定money字段
5. 点击「落标检查」页面，新增检查任务，检查内容配置如下：
「数据源」：「${DATASOURCE}」
「数据库」：「${DATABASE}」
「数据表」：「test_info_1」
「选择已有分区」：「dt=2026-05-27」
「标准目录」：「test」
不配置「车型关联字段」；
点击【下一步】
6. 开启money字段的检查，设置检查项为：数据精度；
点击【下一步】
7. 配置调度属性为按天运行，其余内容正确配置；点击【新增并立即执行】
8. 等待检查完成，查看【落标检查设置】tab列表
9. 点击【操作-查看结果详情】
10. 查看【落标检查结果】tab列表
11. 点击【操作-查看详情】
12. 根据文档步骤通过底层数据库查看该检查任务的sql
13. 等待该检查任务按周期运行完成，查看结果详情","1. 页面正常打开
2. 内容配置成功；
标准成功上线
3. 标准映射列表新增该标准
4. 字段绑定成功
5. 检查内容配置成功；
进入选择字段页面
6. 成功开启检查并设置检查项；
进入调度配置页面
7. 保存成功，任务进入检查中状态
8. 1）显示对应的正确数据表名称、所属数据源、所属数据库、检查字段数/总字段数、检查周期、检查状态、标准达标率、不达标字段数/检查失败数、最近编辑时间、最近检查时间、操作。
2）其中标准达标率为“100%”，不达标字段数/检查失败数为“0/0”
9. 跳转至【落标检查结果】tab
10. 1）显示对应的正确数据源、数据库、数据表、字段、检查状态、是否达标、检查开始时间、检查结束时间、操作。
2）其中检查状态为“检查完成”，是否达标为“达标”
11. 检查结果详情包含以下信息：
1）检查信息：检查数据源、数据库、数据表、字段与配置的内容一致；
2）检查结果列表：数据精度显示“达标”，开始检查时间、结束检查时间正确，操作为“--”
3）关联标准详情与前面配置的内容一致
12. sql未进行合并：
只有单个select语句，无并行计算逻辑
13. 该检查项达标，详情正确","1. 
2. 
3. 
4. 
5. 
6. 
7. 
8. 
9. 
10. 
11. 
12. 
13.","","3","功能测试","功能测试阶段","正常","0","2","13","通过","听筠","2026-06-03","听筠","2026-06-09","2","",""
"186432","数据资产_STD(#23)","/版本迭代测试用例/v6.4.11/【岚图】【数据资产】落标检查任务性能优化，规则sql合并/不可合并(#10606)","【岚图】【数据资产】数据质量任务、落标检查任务性能优化，规则sql合并(#15862)","无车型 验证「无车型」-「字符串长度」校验功能","1、已存在表test_info_1
CREATE TABLE tytest.test_info_1 (
id INT COMMENT &#039;用户ID&#039;,
string_num STRING COMMENT &#039;string类型的编号&#039;,
name STRING COMMENT &#039;姓名&#039;,
money DOUBLE COMMENT &#039;金额&#039;,
byte_field BYTE COMMENT &#039;byte类型字段&#039;,
short_field SHORT COMMENT &#039;short类型字段&#039;,
long_field LONG COMMENT &#039;long类型字段&#039;,
float_field FLOAT COMMENT &#039;float类型字段&#039;,
decimal_field DECIMAL(10,2) COMMENT &#039;decimal类型字段&#039;,
boolean_field BOOLEAN COMMENT &#039;boolean类型字段&#039;,
date_field DATE COMMENT &#039;date类型字段&#039;,
timestamp_field TIMESTAMP COMMENT &#039;timestamp类型字段&#039;
)
COMMENT &#039;测试信息表&#039;
PARTITIONED BY (
dt STRING COMMENT &#039;分区日期，格式：yyyy-MM-dd&#039;
)
STORED AS ORC;
-- dt = &#039;2026-05-27&#039;
INSERT INTO tytest.test_info_1 PARTITION (dt=&#039;2026-05-27&#039;)
VALUES
(2, &#039;A001&#039;, &#039;王小明&#039;, 4.00, 20, 1, 10, 65.5, 99.99, TRUE, DATE &#039;2025-01-01&#039;, TIMESTAMP &#039;2026-05-27 08:30:00&#039;),
(4, &#039;B002&#039;, &#039;陈小红&#039;, 6.00, 25, 200, 200, 70.2, 199.99, FALSE, DATE &#039;2025-02-15&#039;, TIMESTAMP &#039;2026-05-27 10:15:00&#039;),
(6, &#039;C003&#039;, &#039;张大力&#039;, 10.00, 30, 300, 300, 75.8, 299.99, TRUE, DATE &#039;2025-03-20&#039;, TIMESTAMP &#039;2026-05-27 14:45:00&#039;),
(8, &#039;D004&#039;, &#039;李芳芳&#039;, 14.00, 22, 150, 150, 68.3, 399.99, FALSE, DATE &#039;2025-04-10&#039;, TIMESTAMP &#039;2026-05-27 09:20:00&#039;),
(10, &#039;E005&#039;, &#039;刘建国&#039;, 18.00, 28, 250, 250, 72.6, 499.99, TRUE, DATE &#039;2025-05-05&#039;, TIMESTAMP &#039;2026-05-27 16:00:00&#039;),
(12, &#039;F006&#039;, &#039;赵丽丽&#039;, 20.00, 35, 350, 350, 80.1, 599.99, FALSE, DATE &#039;2025-06-25&#039;, TIMESTAMP &#039;2026-05-27 11:30:00&#039;);
-- dt = &#039;2026-05-28&#039;
INSERT INTO tytest.test_info_1 PARTITION (dt=&#039;2026-05-28&#039;)
VALUES
(101, &#039;XYZ001&#039;, &#039;欧阳静&#039;, 24.00, 100, 32767, NULL, 85.5, 888.88, FALSE, CAST(NULL AS DATE), CAST(&#039;2026-05-28 09:00:00&#039; AS TIMESTAMP)),
(102, &#039;XYZ002&#039;, &#039;慕容白&#039;, NULL, -50, -200, -5000, -10.5, -94879459.99, NULL, CAST(&#039;2024-11-15&#039; AS DATE), CAST(NULL AS TIMESTAMP)),
(NULL, &#039;XYZ003&#039;, &#039;令狐冲&#039;, 123.45, 107, 32767, 9223372036854775807, 99.9984545, 1234.56, FALSE, CAST(&#039;2024-10-20&#039; AS DATE), CAST(&#039;2026-05-28 15:45:00&#039; AS TIMESTAMP)),
(102, &#039;XYZ001&#039;, &#039;欧阳静&#039;, 25.001548952140236541, NULL, NULL, 0, NULL, 1234.56, TRUE, CAST(&#039;2024-11-15&#039; AS DATE), CAST(&#039;2026-05-28 11:20:00&#039; AS TIMESTAMP)),
(105, NULL, NULL, 18.50, 100, 999, 0, 88.8, NULL, FALSE, CAST(&#039;2024-08-05&#039; AS DATE), CAST(&#039;2026-05-28 14:10:00&#039; AS TIMESTAMP)),
(106, &#039;XYZ003&#039;, NULL, 123.45, 107, 999, 90, 88.8, 888.88, TRUE, CAST(&#039;2024-07-25&#039; AS DATE), CAST(&#039;2026-05-28 09:00:00&#039; AS TIMESTAMP));
2、已存在标准目录：test","1. 进入「资产-数据标准-标准定义」页面
2. 新建标准配置如下：
「中文名称」：「金额」
「英文名称」：「money」
「英文缩写」：「my」
「标准目录」：「test」
无车型
「数据类型」：「字符型」
「数据长度」：「<=20」
「数据精度」：「2/2」
「是否允许为空」：「不可空」
「是否允许重复」：「不可重复」
「默认值」：「1」
「取值范围」：「>1且<=50」
「初始值」：「2」
「无效值」：「0.1」
「精度倍数」：「2」
「偏移量」：「0.02」；
点击【上线】
3. 点击「标准映射」页面，进行标准映射
4. 给该标准绑定字段：绑定money字段
5. 点击「落标检查」页面，新增检查任务，检查内容配置如下：
「数据源」：「${DATASOURCE}」
「数据库」：「${DATABASE}」
「数据表」：「test_info_1」
不设置分区
「标准目录」：「test」
不配置「车型关联字段」；
点击【下一步】
6. 开启money字段的检查，设置检查项为：字符串长度；
点击【下一步】
7. 配置调度属性为按天运行，其余内容正确配置；点击【新增并立即执行】
8. 等待检查完成，查看【落标检查设置】tab列表
9. 点击【操作-查看结果详情】
10. 查看【落标检查结果】tab列表
11. 点击【操作-查看详情】
12. 点击列表里检查项对应的的【操作-查看详情】
13. 根据文档步骤通过底层数据库查看该检查任务的sql
14. 等待该检查任务按周期运行完成，查看结果详情","1. 页面正常打开
2. 内容配置成功；
标准成功上线
3. 标准映射列表新增该标准
4. 字段绑定成功
5. 检查内容配置成功；
进入选择字段页面
6. 成功开启检查并设置检查项；
进入调度配置页面
7. 保存成功，任务进入检查中状态
8. 1）显示对应的正确数据表名称、所属数据源、所属数据库、检查字段数/总字段数、检查周期、检查状态、标准达标率、不达标字段数/检查失败数、最近编辑时间、最近检查时间、操作。
2）其中标准达标率为“0%”，不达标字段数/检查失败数为“1/0”
9. 跳转至【落标检查结果】tab
10. 1）显示对应的正确数据源、数据库、数据表、字段、检查状态、是否达标、检查开始时间、检查结束时间、操作。
2）其中检查状态为“检查完成”，是否达标为“未达标”
11. 检查结果详情包含以下信息：
1）检查信息：检查数据源、数据库、数据表、字段与配置的内容一致；
2）检查结果列表：字符串长度显示“未达标”，开始检查时间、结束检查时间正确，操作为“查看详情”
3）关联标准详情与前面配置的内容一致
12. 1）为脏数据明细，显示不符合检查项的数据，标红展示
2）行数<=100
13. sql未进行合并：
只有单个select计算语句，无并行计算逻辑
14. 该检查项未达标，详情正确，脏数据明细正确","1. 
2. 
3. 
4. 
5. 
6. 
7. 
8. 
9. 
10. 
11. 
12. 
13. 
14.","","3","功能测试","功能测试阶段","正常","0","2","14","通过","听筠","2026-06-03","听筠","2026-06-09","2","",""
"186431","数据资产_STD(#23)","/版本迭代测试用例/v6.4.11/【岚图】【数据资产】落标检查任务性能优化，规则sql合并/可合并(#10605)","【岚图】【数据资产】数据质量任务、落标检查任务性能优化，规则sql合并(#15862)","有车型 验证「有车型」-「不绑定车型关联字段」-「字符串长度+数据精度+精度倍数+空值数+取值范围」校验全未达标功能","1、已存在表order_info
CREATE TABLE IF NOT EXISTS tytest.order_info (
user_id INT COMMENT &#039;用户ID&#039;,
tall FLOAT COMMENT &#039;身高&#039;,
weight DOUBLE COMMENT &#039;体重&#039;,
amount DECIMAL(10,3) COMMENT &#039;金额&#039;,
car_model STRING COMMENT &#039;车型&#039;,
age BYTE COMMENT &#039;年龄&#039;,
score SHORT COMMENT &#039;评分&#039;,
total_orders LONG COMMENT &#039;总订单数&#039;,
is_vip BOOLEAN COMMENT &#039;是否VIP&#039;,
register_date DATE COMMENT &#039;注册日期&#039;,
last_login TIMESTAMP COMMENT &#039;最后登录时间&#039;
)
PARTITIONED BY (order_date STRING COMMENT &#039;订单日期，格式yyyy-MM-dd&#039;);
-- 插入2026-01-12分区数据
INSERT INTO tytest.order_info PARTITION (order_date=&#039;2026-01-12&#039;)
VALUES
(1000, 160, NULL, 265.2, &#039;小米su7&#039;, 25, 80, 10, TRUE, DATE &#039;2024-01-01&#039;, TIMESTAMP &#039;2026-01-12 10:30:00&#039;),
(102, 170, 66, 140.80, &#039;小米su7&#039;, 30, 85, 5, FALSE, DATE &#039;2024-03-15&#039;, TIMESTAMP &#039;2026-01-12 14:20:00&#039;),
(1100, 180.23, 459897, 187, &#039;保时捷718&#039;, 35, 90, 3, TRUE, DATE &#039;2024-06-20&#039;, TIMESTAMP &#039;2026-01-12 09:15:00&#039;);
-- 插入2026-01-13分区数据
INSERT INTO tytest.order_info PARTITION (order_date=&#039;2026-01-13&#039;)
VALUES
(1001, 160, NULL, 265, &#039;小米su7&#039;, 26, 82, 15, NULL, CAST(&#039;2024-01-15&#039; AS DATE), CAST(&#039;2026-01-13 11:00:00&#039; AS TIMESTAMP)),
(1001, 160, NULL, NULL, &#039;小米su7&#039;, 26, 82, 16, FALSE, CAST(NULL AS DATE), CAST(&#039;2026-01-13 15:30:00&#039; AS TIMESTAMP)),
(102, 170, 66, 15483.568, &#039;小米su7&#039;, 31, 87, 8, TRUE, CAST(&#039;2024-04-01&#039; AS DATE), CAST(NULL AS TIMESTAMP)),
(1001, 160, NULL, 265, &#039;小米su7&#039;, 26, 82, 17, FALSE, CAST(&#039;2024-01-15&#039; AS DATE), CAST(&#039;2026-01-13 18:20:00&#039; AS TIMESTAMP)),
(110030, 180.23, 459897, 80.55485, &#039;保时捷718&#039;, 36, 92, 5, NULL, CAST(&#039;2024-07-10&#039; AS DATE), CAST(NULL AS TIMESTAMP)),
(110030, 180.23, 459897, 80.55485, &#039;保时捷718&#039;, 36, 92, 6, FALSE, CAST(&#039;2024-07-10&#039; AS DATE), CAST(&#039;2026-01-13 14:05:00&#039; AS TIMESTAMP)),
(11003, 180.23, 459897, NULL, &#039;保时捷718&#039;, 36, 92, 7, FALSE, CAST(NULL AS DATE), CAST(&#039;2026-01-13 16:40:00&#039; AS TIMESTAMP)),
(1001, 160, NULL, 265, NULL, 26, 82, 17, FALSE, CAST(&#039;2024-01-15&#039; AS DATE), CAST(&#039;2026-01-13 18:20:00&#039; AS TIMESTAMP)),
(11003, 180.23, 459897, 80.55485, NULL, 36, 92, 5, NULL, CAST(&#039;2024-07-10&#039; AS DATE), CAST(NULL AS TIMESTAMP));
2、已存在标准目录：test","1. 进入「资产-数据标准-标准定义」页面
2. 新建标准配置如下：
「中文名称」：「总额」
「英文名称」：「amount」
「英文缩写」：「at」
「标准目录」：「test」
「车型」：「小米su7，保时捷718」
1）小米su7：
「数据类型」：「数值型」
「数据长度」：「<=5」
「数据精度」：「3/2」
「是否允许为空」：「不可空」
「是否允许重复」：「不可重复」
「默认值」：「1」
「取值范围」：「>=10且<=280」
「初始值」：「2」
「无效值」：「0.1」
「精度倍数」：「2.2」
「偏移量」：「0.02」；
2）保时捷718：
「数据类型」：「数值型」
「数据长度」：「<=5」
「数据精度」：「3/2」
「是否允许为空」：「不可空」
「是否允许重复」：「不可重复」
「默认值」：「1」
「取值范围」：「>=180且<=999」
「初始值」：「2」
「无效值」：「0.1」
「精度倍数」：「2.2」
「偏移量」：「0.02」；
点击【上线】
3. 点击「标准映射」页面，进行标准映射
4. 给该标准绑定字段：绑定amount字段
5. 点击「落标检查」页面，新增检查任务，检查内容配置如下：
「数据源」：「${DATASOURCE}」
「数据库」：「${DATABASE}」
「数据表」：「order_info」
「选择已有分区」：「dt=2026-01-13」
「标准目录」：「test」
不绑定「车型关联字段」；
点击【下一步】
6. 开启amount字段的检查，设置检查项为：字符串长度、数据精度、空值数、取值范围、精度倍数；
点击【下一步】
7. 配置调度属性为按天运行，其余内容正确配置；点击【新增并立即执行】
8. 等待检查完成，查看【落标检查设置】tab列表
9. 点击【操作-查看结果详情】
10. 查看【落标检查结果】tab列表
11. 点击【操作-查看详情】
12. 点击列表里检查项对应的的【操作-查看详情】
13. 根据文档步骤通过底层数据库查看该检查任务的sql
14. 等待该检查任务按周期运行完成，查看结果详情","1. 页面正常打开
2. 内容配置成功；
标准成功上线
3. 标准映射列表新增该标准
4. 字段绑定成功
5. 检查内容配置成功；
进入选择字段页面
6. 成功开启检查并设置检查项；
进入调度配置页面
7. 保存成功，任务进入检查中状态
8. 1）显示对应的正确数据表名称、所属数据源、所属数据库、检查字段数/总字段数、检查周期、检查状态、标准达标率、不达标字段数/检查失败数、最近编辑时间、最近检查时间、操作。
2）其中标准达标率为“0%”，不达标字段数/检查失败数为“1/0”
9. 跳转至【落标检查结果】tab
10. 1）显示对应的正确数据源、数据库、数据表、字段、检查状态、是否达标、检查开始时间、检查结束时间、操作。
2）其中检查状态为“检查完成”，是否达标为“未达标”
11. 检查结果详情包含以下信息：
1）检查信息：检查数据源、数据库、数据表、字段与配置的内容一致；
2）检查结果列表：字符串长度、数据精度、空值数、取值范围、精度倍数都显示“未达标”，开始检查时间、结束检查时间正确，操作为“查看详情”
3）关联标准详情与前面配置的内容一致
12. 1）为脏数据明细，显示不符合检查项的数据，标红展示
2）行数<=100
13. sql进行合并：
1）源表只扫描一次：FROM 后面的源表只出现 1 次；
​2）所有可合并规则写在同一个select里面：用多个 SUM (CASE WHEN) 把规则并行计算；
3）计算后再把结果拆成多行，每行代表单个规则进行输出，最终把结果插入同一张脏数据表
14. 5个检查项都未达标，详情正确","1. 
2. 
3. 
4. 
5. 
6. 
7. 
8. 
9. 
10. 
11. 
12. 
13. 
14.","","2","功能测试","功能测试阶段","正常","0","2","14","通过","听筠","2026-06-03","听筠","2026-06-08","1","",""
"186430","数据资产_STD(#23)","/版本迭代测试用例/v6.4.11/【岚图】【数据资产】落标检查任务性能优化，规则sql合并/可合并(#10605)","【岚图】【数据资产】数据质量任务、落标检查任务性能优化，规则sql合并(#15862)","有车型 验证「有车型」-「不绑定车型关联字段」-「字符串长度+数据精度+精度倍数+空值数+取值范围」校验全达标功能","1、已存在表order_info
CREATE TABLE IF NOT EXISTS tytest.order_info (
user_id INT COMMENT &#039;用户ID&#039;,
tall FLOAT COMMENT &#039;身高&#039;,
weight DOUBLE COMMENT &#039;体重&#039;,
amount DECIMAL(10,3) COMMENT &#039;金额&#039;,
car_model STRING COMMENT &#039;车型&#039;,
age BYTE COMMENT &#039;年龄&#039;,
score SHORT COMMENT &#039;评分&#039;,
total_orders LONG COMMENT &#039;总订单数&#039;,
is_vip BOOLEAN COMMENT &#039;是否VIP&#039;,
register_date DATE COMMENT &#039;注册日期&#039;,
last_login TIMESTAMP COMMENT &#039;最后登录时间&#039;
)
PARTITIONED BY (order_date STRING COMMENT &#039;订单日期，格式yyyy-MM-dd&#039;);
-- 插入2026-01-12分区数据
INSERT INTO tytest.order_info PARTITION (order_date=&#039;2026-01-12&#039;)
VALUES
(1000, 160, NULL, 265.2, &#039;小米su7&#039;, 25, 80, 10, TRUE, DATE &#039;2024-01-01&#039;, TIMESTAMP &#039;2026-01-12 10:30:00&#039;),
(102, 170, 66, 140.80, &#039;小米su7&#039;, 30, 85, 5, FALSE, DATE &#039;2024-03-15&#039;, TIMESTAMP &#039;2026-01-12 14:20:00&#039;),
(1100, 180.23, 459897, 187, &#039;保时捷718&#039;, 35, 90, 3, TRUE, DATE &#039;2024-06-20&#039;, TIMESTAMP &#039;2026-01-12 09:15:00&#039;);
-- 插入2026-01-13分区数据
INSERT INTO tytest.order_info PARTITION (order_date=&#039;2026-01-13&#039;)
VALUES
(1001, 160, NULL, 265, &#039;小米su7&#039;, 26, 82, 15, NULL, CAST(&#039;2024-01-15&#039; AS DATE), CAST(&#039;2026-01-13 11:00:00&#039; AS TIMESTAMP)),
(1001, 160, NULL, NULL, &#039;小米su7&#039;, 26, 82, 16, FALSE, CAST(NULL AS DATE), CAST(&#039;2026-01-13 15:30:00&#039; AS TIMESTAMP)),
(102, 170, 66, 15483.568, &#039;小米su7&#039;, 31, 87, 8, TRUE, CAST(&#039;2024-04-01&#039; AS DATE), CAST(NULL AS TIMESTAMP)),
(1001, 160, NULL, 265, &#039;小米su7&#039;, 26, 82, 17, FALSE, CAST(&#039;2024-01-15&#039; AS DATE), CAST(&#039;2026-01-13 18:20:00&#039; AS TIMESTAMP)),
(110030, 180.23, 459897, 80.55485, &#039;保时捷718&#039;, 36, 92, 5, NULL, CAST(&#039;2024-07-10&#039; AS DATE), CAST(NULL AS TIMESTAMP)),
(110030, 180.23, 459897, 80.55485, &#039;保时捷718&#039;, 36, 92, 6, FALSE, CAST(&#039;2024-07-10&#039; AS DATE), CAST(&#039;2026-01-13 14:05:00&#039; AS TIMESTAMP)),
(11003, 180.23, 459897, NULL, &#039;保时捷718&#039;, 36, 92, 7, FALSE, CAST(NULL AS DATE), CAST(&#039;2026-01-13 16:40:00&#039; AS TIMESTAMP)),
(1001, 160, NULL, 265, NULL, 26, 82, 17, FALSE, CAST(&#039;2024-01-15&#039; AS DATE), CAST(&#039;2026-01-13 18:20:00&#039; AS TIMESTAMP)),
(11003, 180.23, 459897, 80.55485, NULL, 36, 92, 5, NULL, CAST(&#039;2024-07-10&#039; AS DATE), CAST(NULL AS TIMESTAMP));
2、已存在标准目录：test","1. 进入「资产-数据标准-标准定义」页面
2. 新建标准配置如下：
「中文名称」：「总额」
「英文名称」：「amount」
「英文缩写」：「at」
「标准目录」：「test」
「车型」：「小米su7，保时捷718」
1）小米su7：
「数据类型」：「数值型」
「数据长度」：「<=5」
「数据精度」：「3/2」
「是否允许为空」：「不可空」
「是否允许重复」：「不可重复」
「默认值」：「1」
「取值范围」：「>=10且<=280」
「初始值」：「2」
「无效值」：「0.1」
「精度倍数」：「2.2」
「偏移量」：「0.02」；
2）保时捷718：
「数据类型」：「数值型」
「数据长度」：「<=5」
「数据精度」：「3/2」
「是否允许为空」：「不可空」
「是否允许重复」：「不可重复」
「默认值」：「1」
「取值范围」：「>=180且<=999」
「初始值」：「2」
「无效值」：「0.1」
「精度倍数」：「2.2」
「偏移量」：「0.02」；
点击【上线】
3. 点击「标准映射」页面，进行标准映射
4. 给该标准绑定字段：绑定amount字段
5. 点击「落标检查」页面，新增检查任务，检查内容配置如下：
「数据源」：「${DATASOURCE}」
「数据库」：「${DATABASE}」
「数据表」：「order_info」
「选择已有分区」：「dt=2026-01-12」
「标准目录」：「test」
不绑定「车型关联字段」；
点击【下一步】
6. 开启amount字段的检查，设置检查项为：字符串长度、数据精度、空值数、取值范围、精度倍数；
点击【下一步】
7. 配置调度属性为按天运行，其余内容正确配置；点击【新增并立即执行】
8. 等待检查完成，查看【落标检查设置】tab列表
9. 点击【操作-查看结果详情】
10. 查看【落标检查结果】tab列表
11. 点击【操作-查看详情】
12. 根据文档步骤通过底层数据库查看该检查任务的sql
13. 等待该检查任务按周期运行完成，查看结果详情","1. 页面正常打开
2. 内容配置成功；
标准成功上线
3. 标准映射列表新增该标准
4. 字段绑定成功
5. 检查内容配置成功；
进入选择字段页面
6. 成功开启检查并设置检查项；
进入调度配置页面
7. 保存成功，任务进入检查中状态
8. 1）显示对应的正确数据表名称、所属数据源、所属数据库、检查字段数/总字段数、检查周期、检查状态、标准达标率、不达标字段数/检查失败数、最近编辑时间、最近检查时间、操作。
2）其中标准达标率为“100%”，不达标字段数/检查失败数为“0/0”
9. 跳转至【落标检查结果】tab
10. 1）显示对应的正确数据源、数据库、数据表、字段、检查状态、是否达标、检查开始时间、检查结束时间、操作。
2）其中检查状态为“检查完成”，是否达标为“达标”
11. 检查结果详情包含以下信息：
1）检查信息：检查数据源、数据库、数据表、字段与配置的内容一致；
2）检查结果列表：字符串长度、数据精度、空值数、取值范围、精度倍数都显示“达标”，开始检查时间、结束检查时间正确，操作为“--”
3）关联标准详情与前面配置的内容一致
12. sql进行合并：
1）源表只扫描一次：FROM 后面的源表只出现 1 次；
​2）所有可合并规则写在同一个select里面：用多个 SUM (CASE WHEN) 把规则并行计算；
3）计算后再把结果拆成多行，每行代表单个规则进行输出，最终把结果插入同一张脏数据表
13. 5个检查项都达标，详情正确","1. 
2. 
3. 
4. 
5. 
6. 
7. 
8. 
9. 
10. 
11. 
12. 
13.","","2","功能测试","功能测试阶段","正常","0","2","13","通过","听筠","2026-06-03","听筠","2026-06-08","1","",""
"186429","数据资产_STD(#23)","/版本迭代测试用例/v6.4.11/【岚图】【数据资产】落标检查任务性能优化，规则sql合并/可合并(#10605)","【岚图】【数据资产】数据质量任务、落标检查任务性能优化，规则sql合并(#15862)","有车型 验证「有车型」-「绑定车型关联字段」-「字符串长度+数据精度+精度倍数+空值数+取值范围」校验全未达标功能","1、已存在表order_info
CREATE TABLE IF NOT EXISTS tytest.order_info (
user_id INT COMMENT &#039;用户ID&#039;,
tall FLOAT COMMENT &#039;身高&#039;,
weight DOUBLE COMMENT &#039;体重&#039;,
amount DECIMAL(10,3) COMMENT &#039;金额&#039;,
car_model STRING COMMENT &#039;车型&#039;,
age BYTE COMMENT &#039;年龄&#039;,
score SHORT COMMENT &#039;评分&#039;,
total_orders LONG COMMENT &#039;总订单数&#039;,
is_vip BOOLEAN COMMENT &#039;是否VIP&#039;,
register_date DATE COMMENT &#039;注册日期&#039;,
last_login TIMESTAMP COMMENT &#039;最后登录时间&#039;
)
PARTITIONED BY (order_date STRING COMMENT &#039;订单日期，格式yyyy-MM-dd&#039;);
-- 插入2026-01-12分区数据
INSERT INTO tytest.order_info PARTITION (order_date=&#039;2026-01-12&#039;)
VALUES
(1000, 160, NULL, 265.2, &#039;小米su7&#039;, 25, 80, 10, TRUE, DATE &#039;2024-01-01&#039;, TIMESTAMP &#039;2026-01-12 10:30:00&#039;),
(102, 170, 66, 140.80, &#039;小米su7&#039;, 30, 85, 5, FALSE, DATE &#039;2024-03-15&#039;, TIMESTAMP &#039;2026-01-12 14:20:00&#039;),
(1100, 180.23, 459897, 187, &#039;保时捷718&#039;, 35, 90, 3, TRUE, DATE &#039;2024-06-20&#039;, TIMESTAMP &#039;2026-01-12 09:15:00&#039;);
-- 插入2026-01-13分区数据
INSERT INTO tytest.order_info PARTITION (order_date=&#039;2026-01-13&#039;)
VALUES
(1001, 160, NULL, 265, &#039;小米su7&#039;, 26, 82, 15, NULL, CAST(&#039;2024-01-15&#039; AS DATE), CAST(&#039;2026-01-13 11:00:00&#039; AS TIMESTAMP)),
(1001, 160, NULL, NULL, &#039;小米su7&#039;, 26, 82, 16, FALSE, CAST(NULL AS DATE), CAST(&#039;2026-01-13 15:30:00&#039; AS TIMESTAMP)),
(102, 170, 66, 15483.568, &#039;小米su7&#039;, 31, 87, 8, TRUE, CAST(&#039;2024-04-01&#039; AS DATE), CAST(NULL AS TIMESTAMP)),
(1001, 160, NULL, 265, &#039;小米su7&#039;, 26, 82, 17, FALSE, CAST(&#039;2024-01-15&#039; AS DATE), CAST(&#039;2026-01-13 18:20:00&#039; AS TIMESTAMP)),
(110030, 180.23, 459897, 80.55485, &#039;保时捷718&#039;, 36, 92, 5, NULL, CAST(&#039;2024-07-10&#039; AS DATE), CAST(NULL AS TIMESTAMP)),
(110030, 180.23, 459897, 80.55485, &#039;保时捷718&#039;, 36, 92, 6, FALSE, CAST(&#039;2024-07-10&#039; AS DATE), CAST(&#039;2026-01-13 14:05:00&#039; AS TIMESTAMP)),
(11003, 180.23, 459897, NULL, &#039;保时捷718&#039;, 36, 92, 7, FALSE, CAST(NULL AS DATE), CAST(&#039;2026-01-13 16:40:00&#039; AS TIMESTAMP)),
(1001, 160, NULL, 265, NULL, 26, 82, 17, FALSE, CAST(&#039;2024-01-15&#039; AS DATE), CAST(&#039;2026-01-13 18:20:00&#039; AS TIMESTAMP)),
(11003, 180.23, 459897, 80.55485, NULL, 36, 92, 5, NULL, CAST(&#039;2024-07-10&#039; AS DATE), CAST(NULL AS TIMESTAMP));
2、已存在标准目录：test","1. 进入「资产-数据标准-标准定义」页面
2. 新建标准配置如下：
「中文名称」：「总额」
「英文名称」：「amount」
「英文缩写」：「at」
「标准目录」：「test」
「车型」：「小米su7，保时捷718」
1）小米su7：
「数据类型」：「数值型」
「数据长度」：「<=5」
「数据精度」：「3/2」
「是否允许为空」：「不可空」
「是否允许重复」：「不可重复」
「默认值」：「1」
「取值范围」：「>=10且<=280」
「初始值」：「2」
「无效值」：「0.1」
「精度倍数」：「2.2」
「偏移量」：「0.02」；
2）保时捷718：
「数据类型」：「数值型」
「数据长度」：「<=5」
「数据精度」：「3/2」
「是否允许为空」：「不可空」
「是否允许重复」：「不可重复」
「默认值」：「1」
「取值范围」：「>=180且<=999」
「初始值」：「2」
「无效值」：「0.1」
「精度倍数」：「2.2」
「偏移量」：「0.02」；
点击【上线】
3. 点击「标准映射」页面，进行标准映射
4. 给该标准绑定字段：绑定amount字段
5. 点击「落标检查」页面，新增检查任务，检查内容配置如下：
「数据源」：「${DATASOURCE}」
「数据库」：「${DATABASE}」
「数据表」：「order_info」
「选择已有分区」：「dt=2026-01-13」
「标准目录」：「test」
「车型关联字段」：「car_model」；
点击【下一步】
6. 开启amount字段的检查，设置检查项为：字符串长度、数据精度、空值数、取值范围、精度倍数；
点击【下一步】
7. 配置调度属性为按天运行，其余内容正确配置；点击【新增并立即执行】
8. 等待检查完成，查看【落标检查设置】tab列表
9. 点击【操作-查看结果详情】
10. 查看【落标检查结果】tab列表
11. 点击【操作-查看详情】
12. 点击列表里检查项对应的的【操作-查看详情】
13. 根据文档步骤通过底层数据库查看该检查任务的sql
14. 等待该检查任务按周期运行完成，查看结果详情","1. 页面正常打开
2. 内容配置成功；
标准成功上线
3. 标准映射列表新增该标准
4. 字段绑定成功
5. 检查内容配置成功；
进入选择字段页面
6. 成功开启检查并设置检查项；
进入调度配置页面
7. 保存成功，任务进入检查中状态
8. 1）显示对应的正确数据表名称、所属数据源、所属数据库、检查字段数/总字段数、检查周期、检查状态、标准达标率、不达标字段数/检查失败数、最近编辑时间、最近检查时间、操作。
2）其中标准达标率为“0%”，不达标字段数/检查失败数为“1/0”
9. 跳转至【落标检查结果】tab
10. 1）显示对应的正确数据源、数据库、数据表、字段、检查状态、是否达标、检查开始时间、检查结束时间、操作。
2）其中检查状态为“检查完成”，是否达标为“未达标”
11. 检查结果详情包含以下信息：
1）检查信息：检查数据源、数据库、数据表、字段与配置的内容一致；
2）检查结果列表：字符串长度、数据精度、空值数、取值范围、精度倍数都显示“未达标”，开始检查时间、结束检查时间正确，操作为“查看详情”
3）关联标准详情与前面配置的内容一致
12. 为脏数据明细，显示不符合检查项的数据，标红展示
13. sql进行合并：
1）源表只扫描一次：FROM 后面的源表只出现 1 次；
​2）所有可合并规则写在同一个select里面：用多个 SUM (CASE WHEN) 把规则并行计算；
3）计算后再把结果拆成多行，每行代表单个规则进行输出，最终把结果插入同一张脏数据表
14. 5个检查项都未达标，详情正确","1. 
2. 
3. 
4. 
5. 
6. 
7. 
8. 
9. 
10. 
11. 
12. 
13. 
14.","","2","功能测试","功能测试阶段","正常","0","3","14","通过","听筠","2026-06-03","听筠","2026-06-08","1","",""
"186428","数据资产_STD(#23)","/版本迭代测试用例/v6.4.11/【岚图】【数据资产】落标检查任务性能优化，规则sql合并/可合并(#10605)","【岚图】【数据资产】数据质量任务、落标检查任务性能优化，规则sql合并(#15862)","有车型 验证「有车型」-「绑定车型关联字段」-「字符串长度+数据精度+精度倍数+空值数+取值范围」校验全达标功能","<p style=“font-size:14px;background-color:#FFFFFF;“>1、已存在表order_info</p>
<p style=“font-size:14px;background-color:#FFFFFF;“>CREATE TABLE IF NOT EXISTS tytest.order_info(<br /> user_id INT COMMENT&#039;用户ID&#039;,<br /> tall FLOAT COMMENT&#039;身高&#039;,<br /> weight DOUBLE COMMENT&#039;体重&#039;,<br /> amount DECIMAL(10,3) COMMENT&#039;金额&#039;,<br /> car_model STRING COMMENT&#039;车型&#039;,<br /> age BYTE COMMENT&#039;年龄&#039;,<br /> score SHORT COMMENT&#039;评分&#039;,<br /> total_orders LONG COMMENT&#039;总订单数&#039;,<br /> is_vip BOOLEAN COMMENT&#039;是否VIP&#039;,<br /> register_date DATE COMMENT&#039;注册日期&#039;,<br /> last_login TIMESTAMP COMMENT&#039;最后登录时间&#039;,<br /> user_name STRING COMMENT&#039;用户名（非数值字段）&#039;,<br /> order_amount_str STRING COMMENT&#039;订单金额字符串（数值字段）&#039;<br />)PARTITIONED BY(<br /> order_date STRING COMMENT&#039;订单日期，格式yyyy-MM-dd&#039;<br />);<br />-- 插入2026-01-12分区数据<br />INSERT INTO<br /> tytest.order_info PARTITION (order_date = &#039;2026-01-12&#039;)<br />VALUES<br /> (<br /> 1000,<br /> 160,<br /> NULL,<br /> 265.2,<br /> &#039;小米su7&#039;,<br /> 25,<br /> 80,<br /> 10,<br /> TRUE,<br /> DATE &#039;2024-01-01&#039;,<br /> TIMESTAMP &#039;2026-01-12 10:30:00&#039;,<br /> &#039;张三&#039;,<br /> &#039;265.20&#039;<br /> ),<br /> (<br /> 102,<br /> 170,<br /> 66,<br /> 140.80,<br /> &#039;小米su7&#039;,<br /> 30,<br /> 85,<br /> 5,<br /> FALSE,<br /> DATE &#039;2024-03-15&#039;,<br /> TIMESTAMP &#039;2026-01-12 14:20:00&#039;,<br /> &#039;李四&#039;,<br /> &#039;140.80&#039;<br /> ),<br /> (<br /> 1100,<br /> 180.23,<br /> 459897,<br /> 187,<br /> &#039;保时捷718&#039;,<br /> 35,<br /> 90,<br /> 3,<br /> TRUE,<br /> DATE &#039;2024-06-20&#039;,<br /> TIMESTAMP &#039;2026-01-12 09:15:00&#039;,<br /> &#039;王五&#039;,<br /> &#039;187.00&#039;<br /> );<br />-- 插入2026-01-13分区数据<br />INSERT INTO<br /> tytest.order_info PARTITION (order_date = &#039;2026-01-13&#039;)<br />VALUES<br /> (<br /> 1001,<br /> 160,<br /> NULL,<br /> 265,<br /> &#039;小米su7&#039;,<br /> 26,<br /> 82,<br /> 15,<br /> NULL,<br /> CAST(&#039;2024-01-15&#039; AS DATE),<br /> CAST(&#039;2026-01-13 11:00:00&#039; AS TIMESTAMP),<br /> &#039;赵六&#039;,<br /> &#039;265.00&#039;<br /> ),<br /> (<br /> 1001,<br /> 160,<br /> NULL,<br /> NULL,<br /> &#039;小米su7&#039;,<br /> 26,<br /> 82,<br /> 16,<br /> FALSE,<br /> CAST(NULL AS DATE),<br /> CAST(&#039;2026-01-13 15:30:00&#039; AS TIMESTAMP),<br /> &#039;孙七&#039;,<br /> NULL<br /> ),<br /> (<br /> 102,<br /> 170,<br /> 66,<br /> 15483.568,<br /> &#039;小米su7&#039;,<br /> 31,<br /> 87,<br /> 8,<br /> TRUE,<br /> CAST(&#039;2024-04-01&#039; AS DATE),<br /> CAST(NULL AS TIMESTAMP),<br /> &#039;周八&#039;,<br /> &#039;15483.568&#039;<br /> ),<br /> (<br /> 1001,<br /> 160,<br /> NULL,<br /> 265,<br /> &#039;小米su7&#039;,<br /> 26,<br /> 82,<br /> 17,<br /> FALSE,<br /> CAST(&#039;2024-01-15&#039; AS DATE),<br /> CAST(&#039;2026-01-13 18:20:00&#039; AS TIMESTAMP),<br /> &#039;吴九&#039;,<br /> &#039;265.00&#039;<br /> ),<br /> (<br /> 110030,<br /> 180.23,<br /> 459897,<br /> 80.55485,<br /> &#039;保时捷718&#039;,<br /> 36,<br /> 92,<br /> 5,<br /> NULL,<br /> CAST(&#039;2024-07-10&#039; AS DATE),<br /> CAST(NULL AS TIMESTAMP),<br /> &#039;郑十&#039;,<br /> &#039;80.55485&#039;<br /> ),<br /> (<br /> 110030,<br /> 180.23,<br /> 459897,<br /> 80.55485,<br /> &#039;保时捷718&#039;,<br /> 36,<br /> 92,<br /> 6,<br /> FALSE,<br /> CAST(&#039;2024-07-10&#039; AS DATE),<br /> CAST(&#039;2026-01-13 14:05:00&#039; AS TIMESTAMP),<br /> &#039;钱十一&#039;,<br /> &#039;80.55485&#039;<br /> ),<br /> (<br /> 11003,<br /> 180.23,<br /> 459897,<br /> NULL,<br /> &#039;保时捷718&#039;,<br /> 36,<br /> 92,<br /> 7,<br /> FALSE,<br /> CAST(NULL AS DATE),<br /> CAST(&#039;2026-01-13 16:40:00&#039; AS TIMESTAMP),<br /> &#039;孙十二&#039;,<br /> NULL<br /> ),<br /> (<br /> 1001,<br /> 160,<br /> NULL,<br /> 265,<br /> NULL,<br /> 26,<br /> 82,<br /> 17,<br /> FALSE,<br /> CAST(&#039;2024-01-15&#039; AS DATE),<br /> CAST(&#039;2026-01-13 18:20:00&#039; AS TIMESTAMP),<br /> &#039;李十三&#039;,<br /> &#039;265.00&#039;<br /> ),<br /> (<br /> 11003,<br /> 180.23,<br /> 459897,<br /> 80.55485,<br /> NULL,<br /> 36,<br /> 92,<br /> 5,<br /> NULL,<br /> CAST(&#039;2024-07-10&#039; AS DATE),<br /> CAST(NULL AS TIMESTAMP),<br /> &#039;王十四&#039;,<br /> &#039;80.55485&#039;<br /> );</p>
<p style=“font-size:14px;background-color:#FFFFFF;“>2、已存在标准目录：test</p>","1. 进入「资产-数据标准-标准定义」页面
2. 新建标准配置如下：
「中文名称」：「总额」
「英文名称」：「amount」
「英文缩写」：「at」
「标准目录」：「test」
「车型」：「小米su7，保时捷718」
1）小米su7：
「数据类型」：「数值型」
「数据长度」：「<=7」
「数据精度」：「3/3」
「是否允许为空」：「不可空」
「是否允许重复」：「不可重复」
「默认值」：「1」
「取值范围」：「>=10且<=280」
「初始值」：「2」
「无效值」：「0.1」
「精度倍数」：「0.2」
「偏移量」：「0.02」；
2）保时捷718：
「数据类型」：「数值型」
「数据长度」：「<=7」
「数据精度」：「3/3」
「是否允许为空」：「不可空」
「是否允许重复」：「不可重复」
「默认值」：「1」
「取值范围」：「>=180且<=999」
「初始值」：「2」
「无效值」：「0.1」
「精度倍数」：「2.2」
「偏移量」：「0.02」；
点击【上线】
3. 点击「标准映射」页面，进行标准映射
4. 给该标准绑定字段：绑定amount字段
5. 点击「落标检查」页面，新增检查任务，检查内容配置如下：
「数据源」：「${DATASOURCE}」
「数据库」：「${DATABASE}」
「数据表」：「order_info」
「选择已有分区」：「dt=2026-01-12」
「标准目录」：「test」
「车型关联字段」：「car_model」；
点击【下一步】
6. 开启amount字段的检查，设置检查项为：字符串长度、数据精度、空值数、取值范围、精度倍数；
点击【下一步】
7. 配置调度属性为按天运行，其余内容正确配置；点击【新增并立即执行】
8. 等待检查完成，查看【落标检查设置】tab列表
9. 点击【操作-查看结果详情】
10. 查看【落标检查结果】tab列表
11. 点击【操作-查看详情】
12. 根据文档步骤通过底层数据库查看该检查任务的sql
13. 等待该检查任务按周期运行完成，查看结果详情","1. 页面正常打开
2. 内容配置成功；
标准成功上线
3. 标准映射列表新增该标准
4. 字段绑定成功
5. 检查内容配置成功；
进入选择字段页面
6. 成功开启检查并设置检查项；
进入调度配置页面
7. 保存成功，任务进入检查中状态
8. 1）显示对应的正确数据表名称、所属数据源、所属数据库、检查字段数/总字段数、检查周期、检查状态、标准达标率、不达标字段数/检查失败数、最近编辑时间、最近检查时间、操作。
2）其中标准达标率为“100%”，不达标字段数/检查失败数为“0/0”
9. 跳转至【落标检查结果】tab
10. 1）显示对应的正确数据源、数据库、数据表、字段、检查状态、是否达标、检查开始时间、检查结束时间、操作。
2）其中检查状态为“检查完成”，是否达标为“达标”
11. 检查结果详情包含以下信息：
1）检查信息：检查数据源、数据库、数据表、字段与配置的内容一致；
2）检查结果列表：字符串长度、数据精度、空值数、取值范围、精度倍数都显示“达标”，开始检查时间、结束检查时间正确，操作为“--”
3）关联标准详情与前面配置的内容一致
12. sql进行合并：
1）源表只扫描一次：FROM 后面的源表只出现 1 次；
​2）所有可合并规则写在同一个select里面：用多个 SUM (CASE WHEN) 把规则并行计算；
3）计算后再把结果拆成多行，每行代表单个规则进行输出，最终把结果插入同一张脏数据表
13. 5个检查项都达标，详情正确","1. 
2. 
3. 
4. 
5. 
6. 
7. 
8. 
9. 
10. 
11. 
12. 
13.","","1","功能测试","功能测试阶段","正常","0","5","13","通过","听筠","2026-06-03","听筠","2026-07-20","2","",""
"186427","数据资产_STD(#23)","/版本迭代测试用例/v6.4.11/【岚图】【数据资产】落标检查任务性能优化，规则sql合并/可合并(#10605)","【岚图】【数据资产】数据质量任务、落标检查任务性能优化，规则sql合并(#15862)","无车型 验证「无车型」-「字符串长度+数据精度+精度倍数+空值数+取值范围」校验全未达标功能","1、已存在表test_info_1
CREATE TABLE tytest.test_info_1 (
id INT COMMENT &#039;用户ID&#039;,
string_num STRING COMMENT &#039;string类型的编号&#039;,
name STRING COMMENT &#039;姓名&#039;,
money DOUBLE COMMENT &#039;金额&#039;,
byte_field BYTE COMMENT &#039;byte类型字段&#039;,
short_field SHORT COMMENT &#039;short类型字段&#039;,
long_field LONG COMMENT &#039;long类型字段&#039;,
float_field FLOAT COMMENT &#039;float类型字段&#039;,
decimal_field DECIMAL(10,2) COMMENT &#039;decimal类型字段&#039;,
boolean_field BOOLEAN COMMENT &#039;boolean类型字段&#039;,
date_field DATE COMMENT &#039;date类型字段&#039;,
timestamp_field TIMESTAMP COMMENT &#039;timestamp类型字段&#039;
)
COMMENT &#039;测试信息表&#039;
PARTITIONED BY (
dt STRING COMMENT &#039;分区日期，格式：yyyy-MM-dd&#039;
)
STORED AS ORC;
-- dt = &#039;2026-05-27&#039;
INSERT INTO tytest.test_info_1 PARTITION (dt=&#039;2026-05-27&#039;)
VALUES
(2, &#039;A001&#039;, &#039;王小明&#039;, 4.00, 20, 1, 10, 65.5, 99.99, TRUE, DATE &#039;2025-01-01&#039;, TIMESTAMP &#039;2026-05-27 08:30:00&#039;),
(4, &#039;B002&#039;, &#039;陈小红&#039;, 6.00, 25, 200, 200, 70.2, 199.99, FALSE, DATE &#039;2025-02-15&#039;, TIMESTAMP &#039;2026-05-27 10:15:00&#039;),
(6, &#039;C003&#039;, &#039;张大力&#039;, 10.00, 30, 300, 300, 75.8, 299.99, TRUE, DATE &#039;2025-03-20&#039;, TIMESTAMP &#039;2026-05-27 14:45:00&#039;),
(8, &#039;D004&#039;, &#039;李芳芳&#039;, 14.00, 22, 150, 150, 68.3, 399.99, FALSE, DATE &#039;2025-04-10&#039;, TIMESTAMP &#039;2026-05-27 09:20:00&#039;),
(10, &#039;E005&#039;, &#039;刘建国&#039;, 18.00, 28, 250, 250, 72.6, 499.99, TRUE, DATE &#039;2025-05-05&#039;, TIMESTAMP &#039;2026-05-27 16:00:00&#039;),
(12, &#039;F006&#039;, &#039;赵丽丽&#039;, 20.00, 35, 350, 350, 80.1, 599.99, FALSE, DATE &#039;2025-06-25&#039;, TIMESTAMP &#039;2026-05-27 11:30:00&#039;);
-- dt = &#039;2026-05-28&#039;
INSERT INTO tytest.test_info_1 PARTITION (dt=&#039;2026-05-28&#039;)
VALUES
(101, &#039;XYZ001&#039;, &#039;欧阳静&#039;, 24.00, 100, 32767, NULL, 85.5, 888.88, FALSE, CAST(NULL AS DATE), CAST(&#039;2026-05-28 09:00:00&#039; AS TIMESTAMP)),
(102, &#039;XYZ002&#039;, &#039;慕容白&#039;, NULL, -50, -200, -5000, -10.5, -94879459.99, NULL, CAST(&#039;2024-11-15&#039; AS DATE), CAST(NULL AS TIMESTAMP)),
(NULL, &#039;XYZ003&#039;, &#039;令狐冲&#039;, 123.45, 107, 32767, 9223372036854775807, 99.9984545, 1234.56, FALSE, CAST(&#039;2024-10-20&#039; AS DATE), CAST(&#039;2026-05-28 15:45:00&#039; AS TIMESTAMP)),
(102, &#039;XYZ001&#039;, &#039;欧阳静&#039;, 25.001548952140236541, NULL, NULL, 0, NULL, 1234.56, TRUE, CAST(&#039;2024-11-15&#039; AS DATE), CAST(&#039;2026-05-28 11:20:00&#039; AS TIMESTAMP)),
(105, NULL, NULL, 18.50, 100, 999, 0, 88.8, NULL, FALSE, CAST(&#039;2024-08-05&#039; AS DATE), CAST(&#039;2026-05-28 14:10:00&#039; AS TIMESTAMP)),
(106, &#039;XYZ003&#039;, NULL, 123.45, 107, 999, 90, 88.8, 888.88, TRUE, CAST(&#039;2024-07-25&#039; AS DATE), CAST(&#039;2026-05-28 09:00:00&#039; AS TIMESTAMP));
2、已存在标准目录：test","1. 进入「资产-数据标准-标准定义」页面
2. 新建标准配置如下：
「中文名称」：「金额」
「英文名称」：「money」
「英文缩写」：「my」
「标准目录」：「test」
无车型
「数据类型」：「字符型」
「数据长度」：「<=10」
「数据精度」：「2/2」
「是否允许为空」：「不可空」
「是否允许重复」：「不可重复」
「默认值」：「1」
「取值范围」：「>1且<=50」
「初始值」：「2」
「无效值」：「0.1」
「精度倍数」：「2」
「偏移量」：「0.02」；
点击【上线】
3. 点击「标准映射」页面，进行标准映射
4. 给该标准绑定字段：绑定money字段
5. 点击「落标检查」页面，新增检查任务，检查内容配置如下：
「数据源」：「${DATASOURCE}」
「数据库」：「${DATABASE}」
「数据表」：「test_info_1」
「手动输入分区」：「dt=2026-05-28」
「标准目录」：「test」
不配置「车型关联字段」；
点击【下一步】
6. 开启money字段的检查，设置检查项为：字符串长度、数据精度、空值数、取值范围、精度倍数；
点击【下一步】
7. 配置调度属性为按天运行，其余内容正确配置；点击【新增并立即执行】
8. 等待检查完成，查看【落标检查设置】tab列表
9. 点击【操作-查看结果详情】
10. 查看【落标检查结果】tab列表
11. 点击【操作-查看详情】
12. 点击列表里检查项对应的的【操作-查看详情】
13. 根据文档步骤通过底层数据库查看该检查任务的sql
14. 等待该检查任务按周期运行完成，查看结果详情","1. 页面正常打开
2. 内容配置成功；
标准成功上线
3. 标准映射列表新增该标准
4. 字段绑定成功
5. 检查内容配置成功；
进入选择字段页面
6. 成功开启检查并设置检查项；
进入调度配置页面
7. 保存成功，任务进入检查中状态
8. 1）显示对应的正确数据表名称、所属数据源、所属数据库、检查字段数/总字段数、检查周期、检查状态、标准达标率、不达标字段数/检查失败数、最近编辑时间、最近检查时间、操作。
2）其中标准达标率为“0%”，不达标字段数/检查失败数为“1/0”
9. 跳转至【落标检查结果】tab
10. 1）显示对应的正确数据源、数据库、数据表、字段、检查状态、是否达标、检查开始时间、检查结束时间、操作。
2）其中检查状态为“检查完成”，是否达标为“未达标”
11. 检查结果详情包含以下信息：
1）检查信息：检查数据源、数据库、数据表、字段与配置的内容一致；
2）检查结果列表：字符串长度、数据精度、空值数、取值范围、精度倍数都显示“未达标”，开始检查时间、结束检查时间正确，操作为“查看详情”
3）关联标准详情与前面配置的内容一致
12. 1）为脏数据明细，显示不符合检查项的数据，标红展示
2）行数<=100
13. sql进行合并：
1）源表只扫描一次：FROM 后面的源表只出现 1 次；
​2）所有可合并规则写在同一个select里面：用多个 SUM (CASE WHEN) 把规则并行计算；
3）计算后再把结果拆成多行，每行代表单个规则进行输出，最终把结果插入同一张脏数据表
14. 5个检查项都未达标，详情正确，脏数据明细正确","1. 
2. 
3. 
4. 
5. 
6. 
7. 
8. 
9. 
10. 
11. 
12. 
13. 
14.","","1","功能测试","功能测试阶段","正常","0","3","14","通过","听筠","2026-06-03","听筠","2026-06-08","2","",""
"186426","数据资产_STD(#23)","/版本迭代测试用例/v6.4.11/【岚图】【数据资产】落标检查任务性能优化，规则sql合并/可合并(#10605)","【岚图】【数据资产】数据质量任务、落标检查任务性能优化，规则sql合并(#15862)","无车型 验证「无车型」-「字符串长度+数据精度+精度倍数+空值数+取值范围」校验全达标功能","1、已存在表test_info_1
CREATE TABLE tytest.test_info_1 (
id INT COMMENT &#039;用户ID&#039;,
string_num STRING COMMENT &#039;string类型的编号&#039;,
name STRING COMMENT &#039;姓名&#039;,
money DOUBLE COMMENT &#039;金额&#039;,
byte_field BYTE COMMENT &#039;byte类型字段&#039;,
short_field SHORT COMMENT &#039;short类型字段&#039;,
long_field LONG COMMENT &#039;long类型字段&#039;,
float_field FLOAT COMMENT &#039;float类型字段&#039;,
decimal_field DECIMAL(10,2) COMMENT &#039;decimal类型字段&#039;,
boolean_field BOOLEAN COMMENT &#039;boolean类型字段&#039;,
date_field DATE COMMENT &#039;date类型字段&#039;,
timestamp_field TIMESTAMP COMMENT &#039;timestamp类型字段&#039;
)
COMMENT &#039;测试信息表&#039;
PARTITIONED BY (
dt STRING COMMENT &#039;分区日期，格式：yyyy-MM-dd&#039;
)
STORED AS ORC;
-- dt = &#039;2026-05-27&#039;
INSERT INTO tytest.test_info_1 PARTITION (dt=&#039;2026-05-27&#039;)
VALUES
(2, &#039;A001&#039;, &#039;王小明&#039;, 4.00, 20, 1, 10, 65.5, 99.99, TRUE, DATE &#039;2025-01-01&#039;, TIMESTAMP &#039;2026-05-27 08:30:00&#039;),
(4, &#039;B002&#039;, &#039;陈小红&#039;, 6.00, 25, 200, 200, 70.2, 199.99, FALSE, DATE &#039;2025-02-15&#039;, TIMESTAMP &#039;2026-05-27 10:15:00&#039;),
(6, &#039;C003&#039;, &#039;张大力&#039;, 10.00, 30, 300, 300, 75.8, 299.99, TRUE, DATE &#039;2025-03-20&#039;, TIMESTAMP &#039;2026-05-27 14:45:00&#039;),
(8, &#039;D004&#039;, &#039;李芳芳&#039;, 14.00, 22, 150, 150, 68.3, 399.99, FALSE, DATE &#039;2025-04-10&#039;, TIMESTAMP &#039;2026-05-27 09:20:00&#039;),
(10, &#039;E005&#039;, &#039;刘建国&#039;, 18.00, 28, 250, 250, 72.6, 499.99, TRUE, DATE &#039;2025-05-05&#039;, TIMESTAMP &#039;2026-05-27 16:00:00&#039;),
(12, &#039;F006&#039;, &#039;赵丽丽&#039;, 20.00, 35, 350, 350, 80.1, 599.99, FALSE, DATE &#039;2025-06-25&#039;, TIMESTAMP &#039;2026-05-27 11:30:00&#039;);
-- dt = &#039;2026-05-28&#039;
INSERT INTO tytest.test_info_1 PARTITION (dt=&#039;2026-05-28&#039;)
VALUES
(101, &#039;XYZ001&#039;, &#039;欧阳静&#039;, 24.00, 100, 32767, NULL, 85.5, 888.88, FALSE, CAST(NULL AS DATE), CAST(&#039;2026-05-28 09:00:00&#039; AS TIMESTAMP)),
(102, &#039;XYZ002&#039;, &#039;慕容白&#039;, NULL, -50, -200, -5000, -10.5, -94879459.99, NULL, CAST(&#039;2024-11-15&#039; AS DATE), CAST(NULL AS TIMESTAMP)),
(NULL, &#039;XYZ003&#039;, &#039;令狐冲&#039;, 123.45, 107, 32767, 9223372036854775807, 99.9984545, 1234.56, FALSE, CAST(&#039;2024-10-20&#039; AS DATE), CAST(&#039;2026-05-28 15:45:00&#039; AS TIMESTAMP)),
(102, &#039;XYZ001&#039;, &#039;欧阳静&#039;, 25.001548952140236541, NULL, NULL, 0, NULL, 1234.56, TRUE, CAST(&#039;2024-11-15&#039; AS DATE), CAST(&#039;2026-05-28 11:20:00&#039; AS TIMESTAMP)),
(105, NULL, NULL, 18.50, 100, 999, 0, 88.8, NULL, FALSE, CAST(&#039;2024-08-05&#039; AS DATE), CAST(&#039;2026-05-28 14:10:00&#039; AS TIMESTAMP)),
(106, &#039;XYZ003&#039;, NULL, 123.45, 107, 999, 90, 88.8, 888.88, TRUE, CAST(&#039;2024-07-25&#039; AS DATE), CAST(&#039;2026-05-28 09:00:00&#039; AS TIMESTAMP));
2、已存在标准目录：test","1. 进入「资产-数据标准-标准定义」页面
2. 新建标准配置如下：
「中文名称」：「金额」
「英文名称」：「money」
「英文缩写」：「my」
「标准目录」：「test」
无车型
「数据类型」：「字符型」
「数据长度」：「<=10」
「数据精度」：「2/2」
「是否允许为空」：「不可空」
「是否允许重复」：「不可重复」
「默认值」：「1」
「取值范围」：「>1且<=50」
「初始值」：「2」
「无效值」：「0.1」
「精度倍数」：「2」
「偏移量」：「0.02」；
点击【上线】
3. 点击「标准映射」页面，进行标准映射
4. 给该标准绑定字段：绑定money字段
5. 点击「落标检查」页面，新增检查任务，检查内容配置如下：
「数据源」：「${DATASOURCE}」
「数据库」：「${DATABASE}」
「数据表」：「test_info_1」
「选择已有分区」：「dt=2026-05-27」
「标准目录」：「test」
不配置「车型关联字段」；
点击【下一步】
6. 开启money字段的检查，设置检查项为：字符串长度、数据精度、空值数、取值范围、精度倍数；
点击【下一步】
7. 配置调度属性为按天运行，其余内容正确配置；点击【新增并立即执行】
8. 等待检查完成，查看【落标检查设置】tab列表
9. 点击【操作-查看结果详情】
10. 查看【落标检查结果】tab列表
11. 点击【操作-查看详情】
12. 根据文档步骤通过底层数据库查看该检查任务的sql
13. 等待该检查任务按周期运行完成，查看结果详情","1. 页面正常打开
2. 内容配置成功；
标准成功上线
3. 标准映射列表新增该标准
4. 字段绑定成功
5. 检查内容配置成功；
进入选择字段页面
6. 成功开启检查并设置检查项；
进入调度配置页面
7. 保存成功，任务进入检查中状态
8. 1）显示对应的正确数据表名称、所属数据源、所属数据库、检查字段数/总字段数、检查周期、检查状态、标准达标率、不达标字段数/检查失败数、最近编辑时间、最近检查时间、操作。
2）其中标准达标率为“100%”，不达标字段数/检查失败数为“0/0”
9. 跳转至【落标检查结果】tab
10. 1）显示对应的正确数据源、数据库、数据表、字段、检查状态、是否达标、检查开始时间、检查结束时间、操作。
2）其中检查状态为“检查完成”，是否达标为“达标”
11. 检查结果详情包含以下信息：
1）检查信息：检查数据源、数据库、数据表、字段与配置的内容一致；
2）检查结果列表：字符串长度、数据精度、空值数、取值范围、精度倍数都显示“达标”，开始检查时间、结束检查时间正确，操作为“--”
3）关联标准详情与前面配置的内容一致
12. sql进行合并：
1）源表只扫描一次：FROM 后面的源表只出现 1 次；
​2）所有可合并规则写在同一个select里面：用多个 SUM (CASE WHEN) 把规则并行计算；
3）计算后再把结果拆成多行，每行代表单个规则进行输出，最终把结果插入同一张脏数据表
13. 5个检查项都达标，详情正确","1. 
2. 
3. 
4. 
5. 
6. 
7. 
8. 
9. 
10. 
11. 
12. 
13.","","2","功能测试","功能测试阶段","正常","0","2","13","通过","听筠","2026-06-03","听筠","2026-07-20","2","",""
