"用例编号","所属产品","所属模块","相关需求","用例标题","前置条件","步骤","预期","实际情况","关键词","优先级","用例类型","适用阶段","用例状态","B","R","S","结果","由谁创建","创建日期","最后修改者","修改日期","用例版本","相关用例"
"186485","数据资产_STD(#23)","/版本迭代测试用例/v6.4.11/【岚图】【数据资产】落标检查任务性能优化，规则sql合并/不同的数据类型(#10608)","【岚图】【数据资产】数据质量任务、落标检查任务性能优化，规则sql合并(#15862)","有车型 验证「有车型」-「不绑定车型关联字段」-「date/timestamp数据类型」校验逻辑正确","1、已存在表order_info
CREATE TABLE IF NOT EXISTS pw_test.order_info (
user_id INT COMMENT &#039;用户ID&#039;,
tall FLOAT COMMENT &#039;身高&#039;,
weight DOUBLE COMMENT &#039;体重&#039;,
amount DECIMAL(10,3) COMMENT &#039;金额&#039;,
car_model STRING COMMENT &#039;车型&#039;,
age BYTE COMMENT &#039;年龄&#039;,
score SHORT COMMENT &#039;评分&#039;,
total_orders LONG COMMENT &#039;总订单数&#039;,
is_vip BOOLEAN COMMENT &#039;是否VIP&#039;,
register_date DATE COMMENT &#039;注册日期&#039;,
last_login TIMESTAMP COMMENT &#039;最后登录时间&#039;
)
PARTITIONED BY (order_date STRING COMMENT &#039;订单日期，格式yyyy-MM-dd&#039;);
-- 插入2026-01-12分区数据
INSERT INTO pw_test.order_info PARTITION (order_date=&#039;2026-01-12&#039;)
VALUES
(1000, 160, NULL, 265.2, &#039;小米su7&#039;, 25, 80, 10, TRUE, DATE &#039;2024-01-01&#039;, TIMESTAMP &#039;2026-01-12 10:30:00&#039;),
(102, 170, 66, 140.80, &#039;小米su7&#039;, 30, 85, 5, FALSE, DATE &#039;2024-03-15&#039;, TIMESTAMP &#039;2026-01-12 14:20:00&#039;),
(1100, 180.23, 459897, 187, &#039;保时捷718&#039;, 35, 90, 3, TRUE, DATE &#039;2024-06-20&#039;, TIMESTAMP &#039;2026-01-12 09:15:00&#039;);
-- 插入2026-01-13分区数据
INSERT INTO pw_test.order_info PARTITION (order_date=&#039;2026-01-13&#039;)
VALUES
(1001, 160, NULL, 265, &#039;小米su7&#039;, 26, 82, 15, NULL, CAST(&#039;2024-01-15&#039; AS DATE), CAST(&#039;2026-01-13 11:00:00&#039; AS TIMESTAMP)),
(1001, 160, NULL, NULL, &#039;小米su7&#039;, 26, 82, 16, FALSE, CAST(NULL AS DATE), CAST(&#039;2026-01-13 15:30:00&#039; AS TIMESTAMP)),
(102, 170, 66, 15483.568, &#039;小米su7&#039;, 31, 87, 8, TRUE, CAST(&#039;2024-04-01&#039; AS DATE), CAST(NULL AS TIMESTAMP)),
(1001, 160, NULL, 265, &#039;小米su7&#039;, 26, 82, 17, FALSE, CAST(&#039;2024-01-15&#039; AS DATE), CAST(&#039;2026-01-13 18:20:00&#039; AS TIMESTAMP)),
(110030, 180.23, 459897, 80.55485, &#039;保时捷718&#039;, 36, 92, 5, NULL, CAST(&#039;2024-07-10&#039; AS DATE), CAST(NULL AS TIMESTAMP)),
(110030, 180.23, 459897, 80.55485, &#039;保时捷718&#039;, 36, 92, 6, FALSE, CAST(&#039;2024-07-10&#039; AS DATE), CAST(&#039;2026-01-13 14:05:00&#039; AS TIMESTAMP)),
(11003, 180.23, 459897, NULL, &#039;保时捷718&#039;, 36, 92, 7, FALSE, CAST(NULL AS DATE), CAST(&#039;2026-01-13 16:40:00&#039; AS TIMESTAMP)),
(1001, 160, NULL, 265, NULL, 26, 82, 17, FALSE, CAST(&#039;2024-01-15&#039; AS DATE), CAST(&#039;2026-01-13 18:20:00&#039; AS TIMESTAMP)),
(11003, 180.23, 459897, 80.55485, NULL, 36, 92, 5, NULL, CAST(&#039;2024-07-10&#039; AS DATE), CAST(NULL AS TIMESTAMP));
2、已存在标准目录：test","1. 进入「资产-数据标准-标准定义」页面
2. 新建标准配置如下：
「中文名称」：「总额」
「英文名称」：「amount」
「英文缩写」：「at」
「标准目录」：「test」
「车型」：「小米su7，保时捷718」
1）小米su7：
「数据类型」：「数值型」
「数据长度」：「<=5」
「数据精度」：「3/2」
「是否允许为空」：「不可空」
「是否允许重复」：「不可重复」
「默认值」：「1」
「取值范围」：「>=10且<=280」
「初始值」：「2」
「无效值」：「0.1」
「精度倍数」：「2.2」
「偏移量」：「0.02」；
2）保时捷718：
「数据类型」：「数值型」
「数据长度」：「<=5」
「数据精度」：「3/2」
「是否允许为空」：「不可空」
「是否允许重复」：「不可重复」
「默认值」：「1」
「取值范围」：「>=180且<=999」
「初始值」：「2」
「无效值」：「0.1」
「精度倍数」：「2.2」
「偏移量」：「0.02」；
点击【上线】
3. 点击「标准映射」页面，进行标准映射
4. 给该标准绑定字段：绑定register_date、last_login字段
5. 点击「落标检查」页面，新增检查任务，检查内容配置如下：
「数据源」：「${DATASOURCE}」
「数据库」：「${DATABASE}」
「数据表」：「order_info」
不设置分区
「标准目录」：「test」
不绑定「车型关联字段」；
点击【下一步】
6. 开启register_date、last_login字段的检查，设置检查项为：全部；
点击【下一步】
7. 配置调度属性为按天运行，其余内容正确配置；点击【新增并立即执行】
8. 等待检查完成，查看【落标检查设置】tab列表
9. 点击【操作-查看结果详情】
10. 查看【落标检查结果】tab列表
11. 点击【操作-查看详情】
12. 点击列表里未达标检查项对应的的【操作-查看详情】
13. 根据文档步骤通过底层数据库查看该检查任务的sql
14. 等待该检查任务按周期运行完成，查看结果详情","1. 页面正常打开
2. 内容配置成功；
标准成功上线
3. 标准映射列表新增该标准
4. 字段绑定成功
5. 检查内容配置成功；
进入选择字段页面
6. 成功开启检查，检查项全部仅包含：空值数、重复数；
进入调度配置页面
7. 保存成功，任务进入检查中状态
8. 显示对应的正确数据表名称、所属数据源、所属数据库、检查字段数/总字段数、检查周期、检查状态、标准达标率、不达标字段数/检查失败数、最近编辑时间、最近检查时间、操作。
9. 跳转至【落标检查结果】tab
10. 显示对应的正确数据源、数据库、数据表、字段、检查状态、是否达标、检查开始时间、检查结束时间、操作。
11. 检查结果详情包含以下信息：
1）检查信息：检查数据源、数据库、数据表、字段与配置的内容一致；
2）检查结果列表：“空值数、重复数”检查项达标情况正确，开始检查时间、结束检查时间正确，未达标的检查项操作为“查看详情”
3）关联标准详情与前面配置的内容一致
12. 1）为脏数据明细，显示不符合检查项的数据，标红展示
2）行数<=100
13. 两个字段的空值数进行sql合并：
1）扫描一次源数据表
2）写在同一个select里面：用两个 SUM (CASE WHEN) 把规则并行计算；
3）结果插入同一张脏数据表
两个字段的重复数未进行sql合并：
1）两个字段的重复数单独分开去读取一遍源数据表；
​2）两个字段重复数的判断计算语句分开写，一条规则对应一个select语句，无SUM (CASE WHEN)并行计算逻辑
​3）两个字段的重复数脏数据分开存入不同的脏数据表
14. 检查项达标情况正确，详情正确，脏数据明细正确","1. 
2. 
3. 
4. 
5. 
6. 
7. 
8. 
9. 
10. 
11. 
12. 
13. 
14.","","1","功能测试","功能测试阶段","正常","0","1","14","通过","听筠","2026-06-03","听筠","2026-06-03","2","",""
"186484","数据资产_STD(#23)","/版本迭代测试用例/v6.4.11/【岚图】【数据资产】落标检查任务性能优化，规则sql合并/不同的数据类型(#10608)","【岚图】【数据资产】数据质量任务、落标检查任务性能优化，规则sql合并(#15862)","有车型 验证「有车型」-「不绑定车型关联字段」-「boolean数据类型」校验逻辑正确","1、已存在表order_info
CREATE TABLE IF NOT EXISTS pw_test.order_info (
user_id INT COMMENT &#039;用户ID&#039;,
tall FLOAT COMMENT &#039;身高&#039;,
weight DOUBLE COMMENT &#039;体重&#039;,
amount DECIMAL(10,3) COMMENT &#039;金额&#039;,
car_model STRING COMMENT &#039;车型&#039;,
age BYTE COMMENT &#039;年龄&#039;,
score SHORT COMMENT &#039;评分&#039;,
total_orders LONG COMMENT &#039;总订单数&#039;,
is_vip BOOLEAN COMMENT &#039;是否VIP&#039;,
register_date DATE COMMENT &#039;注册日期&#039;,
last_login TIMESTAMP COMMENT &#039;最后登录时间&#039;
)
PARTITIONED BY (order_date STRING COMMENT &#039;订单日期，格式yyyy-MM-dd&#039;);
-- 插入2026-01-12分区数据
INSERT INTO pw_test.order_info PARTITION (order_date=&#039;2026-01-12&#039;)
VALUES
(1000, 160, NULL, 265.2, &#039;小米su7&#039;, 25, 80, 10, TRUE, DATE &#039;2024-01-01&#039;, TIMESTAMP &#039;2026-01-12 10:30:00&#039;),
(102, 170, 66, 140.80, &#039;小米su7&#039;, 30, 85, 5, FALSE, DATE &#039;2024-03-15&#039;, TIMESTAMP &#039;2026-01-12 14:20:00&#039;),
(1100, 180.23, 459897, 187, &#039;保时捷718&#039;, 35, 90, 3, TRUE, DATE &#039;2024-06-20&#039;, TIMESTAMP &#039;2026-01-12 09:15:00&#039;);
-- 插入2026-01-13分区数据
INSERT INTO pw_test.order_info PARTITION (order_date=&#039;2026-01-13&#039;)
VALUES
(1001, 160, NULL, 265, &#039;小米su7&#039;, 26, 82, 15, NULL, CAST(&#039;2024-01-15&#039; AS DATE), CAST(&#039;2026-01-13 11:00:00&#039; AS TIMESTAMP)),
(1001, 160, NULL, NULL, &#039;小米su7&#039;, 26, 82, 16, FALSE, CAST(NULL AS DATE), CAST(&#039;2026-01-13 15:30:00&#039; AS TIMESTAMP)),
(102, 170, 66, 15483.568, &#039;小米su7&#039;, 31, 87, 8, TRUE, CAST(&#039;2024-04-01&#039; AS DATE), CAST(NULL AS TIMESTAMP)),
(1001, 160, NULL, 265, &#039;小米su7&#039;, 26, 82, 17, FALSE, CAST(&#039;2024-01-15&#039; AS DATE), CAST(&#039;2026-01-13 18:20:00&#039; AS TIMESTAMP)),
(110030, 180.23, 459897, 80.55485, &#039;保时捷718&#039;, 36, 92, 5, NULL, CAST(&#039;2024-07-10&#039; AS DATE), CAST(NULL AS TIMESTAMP)),
(110030, 180.23, 459897, 80.55485, &#039;保时捷718&#039;, 36, 92, 6, FALSE, CAST(&#039;2024-07-10&#039; AS DATE), CAST(&#039;2026-01-13 14:05:00&#039; AS TIMESTAMP)),
(11003, 180.23, 459897, NULL, &#039;保时捷718&#039;, 36, 92, 7, FALSE, CAST(NULL AS DATE), CAST(&#039;2026-01-13 16:40:00&#039; AS TIMESTAMP)),
(1001, 160, NULL, 265, NULL, 26, 82, 17, FALSE, CAST(&#039;2024-01-15&#039; AS DATE), CAST(&#039;2026-01-13 18:20:00&#039; AS TIMESTAMP)),
(11003, 180.23, 459897, 80.55485, NULL, 36, 92, 5, NULL, CAST(&#039;2024-07-10&#039; AS DATE), CAST(NULL AS TIMESTAMP));
2、已存在标准目录：test","1. 进入「资产-数据标准-标准定义」页面
2. 新建标准配置如下：
「中文名称」：「总额」
「英文名称」：「amount」
「英文缩写」：「at」
「标准目录」：「test」
「车型」：「小米su7，保时捷718」
1）小米su7：
「数据类型」：「数值型」
「数据长度」：「<=5」
「数据精度」：「3/2」
「是否允许为空」：「不可空」
「是否允许重复」：「不可重复」
「默认值」：「1」
「取值范围」：「>=10且<=280」
「初始值」：「2」
「无效值」：「0.1」
「精度倍数」：「2.2」
「偏移量」：「0.02」；
2）保时捷718：
「数据类型」：「数值型」
「数据长度」：「<=5」
「数据精度」：「3/2」
「是否允许为空」：「不可空」
「是否允许重复」：「不可重复」
「默认值」：「1」
「取值范围」：「>=180且<=999」
「初始值」：「2」
「无效值」：「0.1」
「精度倍数」：「2.2」
「偏移量」：「0.02」；
点击【上线】
3. 点击「标准映射」页面，进行标准映射
4. 给该标准绑定字段：绑定is_vip字段
5. 点击「落标检查」页面，新增检查任务，检查内容配置如下：
「数据源」：「${DATASOURCE}」
「数据库」：「${DATABASE}」
「数据表」：「order_info」
不设置分区
「标准目录」：「test」
不绑定「车型关联字段」；
点击【下一步】
6. 开启is_vip字段的检查，设置检查项为：全部；
点击【下一步】
7. 配置调度属性为按天运行，其余内容正确配置；点击【新增并立即执行】
8. 等待检查完成，查看【落标检查设置】tab列表
9. 点击【操作-查看结果详情】
10. 查看【落标检查结果】tab列表
11. 点击【操作-查看详情】
12. 点击列表里未达标检查项对应的的【操作-查看详情】
13. 根据文档步骤通过底层数据库查看该检查任务的sql
14. 等待该检查任务按周期运行完成，查看结果详情","1. 页面正常打开
2. 内容配置成功；
标准成功上线
3. 标准映射列表新增该标准
4. 字段绑定成功
5. 检查内容配置成功；
进入选择字段页面
6. 成功开启检查，检查项全部仅包含：空值数；
进入调度配置页面
7. 保存成功，任务进入检查中状态
8. 显示对应的正确数据表名称、所属数据源、所属数据库、检查字段数/总字段数、检查周期、检查状态、标准达标率、不达标字段数/检查失败数、最近编辑时间、最近检查时间、操作。
9. 跳转至【落标检查结果】tab
10. 显示对应的正确数据源、数据库、数据表、字段、检查状态、是否达标、检查开始时间、检查结束时间、操作。
11. 检查结果详情包含以下信息：
1）检查信息：检查数据源、数据库、数据表、字段与配置的内容一致；
2）检查结果列表：“空值数”检查项达标情况正确，开始检查时间、结束检查时间正确，未达标的检查项操作为“查看详情”
3）关联标准详情与前面配置的内容一致
12. 1）为脏数据明细，显示不符合检查项的数据，标红展示
2）行数<=100
13. 两个字段的空值数进行sql合并：
1）扫描一次源数据表
2）写在同一个select里面：用两个 SUM (CASE WHEN) 把规则并行计算；
3）结果插入同一张脏数据表
14. 检查项达标情况正确，详情正确，脏数据明细正确","1. 
2. 
3. 
4. 
5. 
6. 
7. 
8. 
9. 
10. 
11. 
12. 
13. 
14.","","1","功能测试","功能测试阶段","正常","0","1","14","通过","听筠","2026-06-03","听筠","2026-06-03","2","",""
"186483","数据资产_STD(#23)","/版本迭代测试用例/v6.4.11/【岚图】【数据资产】落标检查任务性能优化，规则sql合并/不同的数据类型(#10608)","【岚图】【数据资产】数据质量任务、落标检查任务性能优化，规则sql合并(#15862)","有车型 验证「有车型」-「不绑定车型关联字段」-「string数据类型（数值）」校验逻辑正确","1、已存在表order_info
CREATE TABLE IF NOT EXISTS pw_test.order_info (
user_id INT COMMENT &#039;用户ID&#039;,
tall FLOAT COMMENT &#039;身高&#039;,
weight DOUBLE COMMENT &#039;体重&#039;,
amount DECIMAL(10,3) COMMENT &#039;金额&#039;,
car_model STRING COMMENT &#039;车型&#039;,
age BYTE COMMENT &#039;年龄&#039;,
score SHORT COMMENT &#039;评分&#039;,
total_orders LONG COMMENT &#039;总订单数&#039;,
is_vip BOOLEAN COMMENT &#039;是否VIP&#039;,
register_date DATE COMMENT &#039;注册日期&#039;,
last_login TIMESTAMP COMMENT &#039;最后登录时间&#039;
)
PARTITIONED BY (order_date STRING COMMENT &#039;订单日期，格式yyyy-MM-dd&#039;);
-- 插入2026-01-12分区数据
INSERT INTO pw_test.order_info PARTITION (order_date=&#039;2026-01-12&#039;)
VALUES
(1000, 160, NULL, 265.2, &#039;小米su7&#039;, 25, 80, 10, TRUE, DATE &#039;2024-01-01&#039;, TIMESTAMP &#039;2026-01-12 10:30:00&#039;),
(102, 170, 66, 140.80, &#039;小米su7&#039;, 30, 85, 5, FALSE, DATE &#039;2024-03-15&#039;, TIMESTAMP &#039;2026-01-12 14:20:00&#039;),
(1100, 180.23, 459897, 187, &#039;保时捷718&#039;, 35, 90, 3, TRUE, DATE &#039;2024-06-20&#039;, TIMESTAMP &#039;2026-01-12 09:15:00&#039;);
-- 插入2026-01-13分区数据
INSERT INTO pw_test.order_info PARTITION (order_date=&#039;2026-01-13&#039;)
VALUES
(1001, 160, NULL, 265, &#039;小米su7&#039;, 26, 82, 15, NULL, CAST(&#039;2024-01-15&#039; AS DATE), CAST(&#039;2026-01-13 11:00:00&#039; AS TIMESTAMP)),
(1001, 160, NULL, NULL, &#039;小米su7&#039;, 26, 82, 16, FALSE, CAST(NULL AS DATE), CAST(&#039;2026-01-13 15:30:00&#039; AS TIMESTAMP)),
(102, 170, 66, 15483.568, &#039;小米su7&#039;, 31, 87, 8, TRUE, CAST(&#039;2024-04-01&#039; AS DATE), CAST(NULL AS TIMESTAMP)),
(1001, 160, NULL, 265, &#039;小米su7&#039;, 26, 82, 17, FALSE, CAST(&#039;2024-01-15&#039; AS DATE), CAST(&#039;2026-01-13 18:20:00&#039; AS TIMESTAMP)),
(110030, 180.23, 459897, 80.55485, &#039;保时捷718&#039;, 36, 92, 5, NULL, CAST(&#039;2024-07-10&#039; AS DATE), CAST(NULL AS TIMESTAMP)),
(110030, 180.23, 459897, 80.55485, &#039;保时捷718&#039;, 36, 92, 6, FALSE, CAST(&#039;2024-07-10&#039; AS DATE), CAST(&#039;2026-01-13 14:05:00&#039; AS TIMESTAMP)),
(11003, 180.23, 459897, NULL, &#039;保时捷718&#039;, 36, 92, 7, FALSE, CAST(NULL AS DATE), CAST(&#039;2026-01-13 16:40:00&#039; AS TIMESTAMP)),
(1001, 160, NULL, 265, NULL, 26, 82, 17, FALSE, CAST(&#039;2024-01-15&#039; AS DATE), CAST(&#039;2026-01-13 18:20:00&#039; AS TIMESTAMP)),
(11003, 180.23, 459897, 80.55485, NULL, 36, 92, 5, NULL, CAST(&#039;2024-07-10&#039; AS DATE), CAST(NULL AS TIMESTAMP));

2、已存在标准目录：test","1. 进入「资产-数据标准-标准定义」页面
2. 新建标准配置如下：
「中文名称」：「总额」
「英文名称」：「amount」
「英文缩写」：「at」
「标准目录」：「test」
「车型」：「小米su7，保时捷718」
1）小米su7：
「数据类型」：「数值型」
「数据长度」：「<=5」
「数据精度」：「3/2」
「是否允许为空」：「不可空」
「是否允许重复」：「不可重复」
「默认值」：「1」
「取值范围」：「>=10且<=280」
「初始值」：「2」
「无效值」：「0.1」
「精度倍数」：「2.2」
「偏移量」：「0.02」；
2）保时捷718：
「数据类型」：「数值型」
「数据长度」：「<=5」
「数据精度」：「3/2」
「是否允许为空」：「不可空」
「是否允许重复」：「不可重复」
「默认值」：「1」
「取值范围」：「>=180且<=999」
「初始值」：「2」
「无效值」：「0.1」
「精度倍数」：「2.2」
「偏移量」：「0.02」；
点击【上线】
3. 点击「标准映射」页面，进行标准映射
4. 给该标准绑定字段：绑定car_model字段
5. 点击「落标检查」页面，新增检查任务，检查内容配置如下：
「数据源」：「${DATASOURCE}」
「数据库」：「${DATABASE}」
「数据表」：「order_info」
不设置分区
「标准目录」：「test」
不绑定「车型关联字段」；
点击【下一步】
6. 开启car_model字段的检查，设置检查项为：全部；
点击【下一步】
7. 配置调度属性为按天运行，其余内容正确配置；点击【新增并立即执行】
8. 等待检查完成，查看【落标检查设置】tab列表
9. 点击【操作-查看结果详情】
10. 查看【落标检查结果】tab列表
11. 点击【操作-查看详情】
12. 点击列表里未达标检查项对应的的【操作-查看详情】
13. 根据文档步骤通过底层数据库查看该检查任务的sql
14. 等待该检查任务按周期运行完成，查看结果详情","1. 页面正常打开
2. 内容配置成功；
标准成功上线
3. 标准映射列表新增该标准
4. 字段绑定成功
5. 检查内容配置成功；
进入选择字段页面
6. 成功开启检查，检查项全部包含字符串长度、数据精度、精度倍数、空值数、重复数、取值范围；
进入调度配置页面
7. 保存成功，任务进入检查中状态
8. 显示对应的正确数据表名称、所属数据源、所属数据库、检查字段数/总字段数、检查周期、检查状态、标准达标率、不达标字段数/检查失败数、最近编辑时间、最近检查时间、操作。
9. 跳转至【落标检查结果】tab
10. 显示对应的正确数据源、数据库、数据表、字段、检查状态、是否达标、检查开始时间、检查结束时间、操作。
11. 检查结果详情包含以下信息：
1）检查信息：检查数据源、数据库、数据表、字段与配置的内容一致；
2）检查结果列表：各类检查项达标情况正确（数据精度、精度倍数、取值范围正常校验，包含达标和未达标情况），开始检查时间、结束检查时间正确，未达标的检查项操作为“查看详情”
3）关联标准详情与前面配置的内容一致
12. 1）为脏数据明细，显示不符合检查项的数据，标红展示
2）行数<=100
13. 每个字段里字符串长度、数据精度、空值数、取值范围、精度倍数的sql进行合并：
1）源表只扫描一次：FROM 后面的源表只出现 1 次；
​2）所有可合并规则写在同一个select里面：用多个 SUM (CASE WHEN) 把规则并行计算；
3）计算后再把结果拆成多行，每行代表单个规则进行输出，最终把结果插入同一张脏数据表
重复数sql不进行合并：
1）只有单个select计算语句，不参与SUM (CASE WHEN)并行计算逻辑
2）脏数据存储于另一张脏数据表
14. 检查项达标情况正确，详情正确，脏数据明细正确","1. 
2. 
3. 
4. 
5. 
6. 
7. 
8. 
9. 
10. 
11. 
12. 
13. 
14.","","1","功能测试","功能测试阶段","正常","0","1","14","通过","听筠","2026-06-03","","0000-00-00","1","",""
"186482","数据资产_STD(#23)","/版本迭代测试用例/v6.4.11/【岚图】【数据资产】落标检查任务性能优化，规则sql合并/不同的数据类型(#10608)","【岚图】【数据资产】数据质量任务、落标检查任务性能优化，规则sql合并(#15862)","有车型 验证「有车型」-「不绑定车型关联字段」-「string数据类型（非数值）」校验逻辑正确","1、已存在表order_info
CREATE TABLE IF NOT EXISTS pw_test.order_info (
user_id INT COMMENT &#039;用户ID&#039;,
tall FLOAT COMMENT &#039;身高&#039;,
weight DOUBLE COMMENT &#039;体重&#039;,
amount DECIMAL(10,3) COMMENT &#039;金额&#039;,
car_model STRING COMMENT &#039;车型&#039;,
age BYTE COMMENT &#039;年龄&#039;,
score SHORT COMMENT &#039;评分&#039;,
total_orders LONG COMMENT &#039;总订单数&#039;,
is_vip BOOLEAN COMMENT &#039;是否VIP&#039;,
register_date DATE COMMENT &#039;注册日期&#039;,
last_login TIMESTAMP COMMENT &#039;最后登录时间&#039;
)
PARTITIONED BY (order_date STRING COMMENT &#039;订单日期，格式yyyy-MM-dd&#039;);
-- 插入2026-01-12分区数据
INSERT INTO pw_test.order_info PARTITION (order_date=&#039;2026-01-12&#039;)
VALUES
(1000, 160, NULL, 265.2, &#039;小米su7&#039;, 25, 80, 10, TRUE, DATE &#039;2024-01-01&#039;, TIMESTAMP &#039;2026-01-12 10:30:00&#039;),
(102, 170, 66, 140.80, &#039;小米su7&#039;, 30, 85, 5, FALSE, DATE &#039;2024-03-15&#039;, TIMESTAMP &#039;2026-01-12 14:20:00&#039;),
(1100, 180.23, 459897, 187, &#039;保时捷718&#039;, 35, 90, 3, TRUE, DATE &#039;2024-06-20&#039;, TIMESTAMP &#039;2026-01-12 09:15:00&#039;);
-- 插入2026-01-13分区数据
INSERT INTO pw_test.order_info PARTITION (order_date=&#039;2026-01-13&#039;)
VALUES
(1001, 160, NULL, 265, &#039;小米su7&#039;, 26, 82, 15, NULL, CAST(&#039;2024-01-15&#039; AS DATE), CAST(&#039;2026-01-13 11:00:00&#039; AS TIMESTAMP)),
(1001, 160, NULL, NULL, &#039;小米su7&#039;, 26, 82, 16, FALSE, CAST(NULL AS DATE), CAST(&#039;2026-01-13 15:30:00&#039; AS TIMESTAMP)),
(102, 170, 66, 15483.568, &#039;小米su7&#039;, 31, 87, 8, TRUE, CAST(&#039;2024-04-01&#039; AS DATE), CAST(NULL AS TIMESTAMP)),
(1001, 160, NULL, 265, &#039;小米su7&#039;, 26, 82, 17, FALSE, CAST(&#039;2024-01-15&#039; AS DATE), CAST(&#039;2026-01-13 18:20:00&#039; AS TIMESTAMP)),
(110030, 180.23, 459897, 80.55485, &#039;保时捷718&#039;, 36, 92, 5, NULL, CAST(&#039;2024-07-10&#039; AS DATE), CAST(NULL AS TIMESTAMP)),
(110030, 180.23, 459897, 80.55485, &#039;保时捷718&#039;, 36, 92, 6, FALSE, CAST(&#039;2024-07-10&#039; AS DATE), CAST(&#039;2026-01-13 14:05:00&#039; AS TIMESTAMP)),
(11003, 180.23, 459897, NULL, &#039;保时捷718&#039;, 36, 92, 7, FALSE, CAST(NULL AS DATE), CAST(&#039;2026-01-13 16:40:00&#039; AS TIMESTAMP)),
(1001, 160, NULL, 265, NULL, 26, 82, 17, FALSE, CAST(&#039;2024-01-15&#039; AS DATE), CAST(&#039;2026-01-13 18:20:00&#039; AS TIMESTAMP)),
(11003, 180.23, 459897, 80.55485, NULL, 36, 92, 5, NULL, CAST(&#039;2024-07-10&#039; AS DATE), CAST(NULL AS TIMESTAMP));

2、已存在标准目录：test","1. 进入「资产-数据标准-标准定义」页面
2. 新建标准配置如下：
「中文名称」：「总额」
「英文名称」：「amount」
「英文缩写」：「at」
「标准目录」：「test」
「车型」：「小米su7，保时捷718」
1）小米su7：
「数据类型」：「数值型」
「数据长度」：「<=5」
「数据精度」：「3/2」
「是否允许为空」：「不可空」
「是否允许重复」：「不可重复」
「默认值」：「1」
「取值范围」：「>=10且<=280」
「初始值」：「2」
「无效值」：「0.1」
「精度倍数」：「2.2」
「偏移量」：「0.02」；
2）保时捷718：
「数据类型」：「数值型」
「数据长度」：「<=5」
「数据精度」：「3/2」
「是否允许为空」：「不可空」
「是否允许重复」：「不可重复」
「默认值」：「1」
「取值范围」：「>=180且<=999」
「初始值」：「2」
「无效值」：「0.1」
「精度倍数」：「2.2」
「偏移量」：「0.02」；
点击【上线】
3. 点击「标准映射」页面，进行标准映射
4. 给该标准绑定字段：绑定car_model字段
5. 点击「落标检查」页面，新增检查任务，检查内容配置如下：
「数据源」：「${DATASOURCE}」
「数据库」：「${DATABASE}」
「数据表」：「order_info」
不设置分区
「标准目录」：「test」
不绑定「车型关联字段」；
点击【下一步】
6. 开启car_model字段的检查，设置检查项为：全部；
点击【下一步】
7. 配置调度属性为按天运行，其余内容正确配置；点击【新增并立即执行】
8. 等待检查完成，查看【落标检查设置】tab列表
9. 点击【操作-查看结果详情】
10. 查看【落标检查结果】tab列表
11. 点击【操作-查看详情】
12. 点击列表里未达标检查项对应的的【操作-查看详情】
13. 根据文档步骤通过底层数据库查看该检查任务的sql
14. 等待该检查任务按周期运行完成，查看结果详情","1. 页面正常打开
2. 内容配置成功；
标准成功上线
3. 标准映射列表新增该标准
4. 字段绑定成功
5. 检查内容配置成功；
进入选择字段页面
6. 成功开启检查，检查项全部包含字符串长度、数据精度、精度倍数、空值数、重复数、取值范围；
进入调度配置页面
7. 保存成功，任务进入检查中状态
8. 显示对应的正确数据表名称、所属数据源、所属数据库、检查字段数/总字段数、检查周期、检查状态、标准达标率、不达标字段数/检查失败数、最近编辑时间、最近检查时间、操作。
9. 跳转至【落标检查结果】tab
10. 显示对应的正确数据源、数据库、数据表、字段、检查状态、是否达标、检查开始时间、检查结束时间、操作。
11. 检查结果详情包含以下信息：
1）检查信息：检查数据源、数据库、数据表、字段与配置的内容一致；
2）检查结果列表：各类检查项达标情况正确（数据精度、精度倍数、取值范围始终为达标），开始检查时间、结束检查时间正确，未达标的检查项操作为“查看详情”
3）关联标准详情与前面配置的内容一致
12. 1）为脏数据明细，显示不符合检查项的数据，标红展示
2）行数<=100
13. 每个字段里字符串长度、数据精度、空值数、取值范围、精度倍数的sql进行合并：
1）源表只扫描一次：FROM 后面的源表只出现 1 次；
​2）所有可合并规则写在同一个select里面：用多个 SUM (CASE WHEN) 把规则并行计算；
3）计算后再把结果拆成多行，每行代表单个规则进行输出，最终把结果插入同一张脏数据表
重复数sql不进行合并：
1）只有单个select计算语句，不参与SUM (CASE WHEN)并行计算逻辑
2）脏数据存储于另一张脏数据表
14. 检查项达标情况正确，详情正确，脏数据明细正确","1. 
2. 
3. 
4. 
5. 
6. 
7. 
8. 
9. 
10. 
11. 
12. 
13. 
14.","","1","功能测试","功能测试阶段","正常","0","1","14","通过","听筠","2026-06-03","","0000-00-00","1","",""
"186481","数据资产_STD(#23)","/版本迭代测试用例/v6.4.11/【岚图】【数据资产】落标检查任务性能优化，规则sql合并/不同的数据类型(#10608)","【岚图】【数据资产】数据质量任务、落标检查任务性能优化，规则sql合并(#15862)","有车型 验证「有车型」-「不绑定车型关联字段」-「float/double/decimal数据类型」校验逻辑正确","1、已存在表order_info
CREATE TABLE IF NOT EXISTS pw_test.order_info (
user_id INT COMMENT &#039;用户ID&#039;,
tall FLOAT COMMENT &#039;身高&#039;,
weight DOUBLE COMMENT &#039;体重&#039;,
amount DECIMAL(10,3) COMMENT &#039;金额&#039;,
car_model STRING COMMENT &#039;车型&#039;,
age BYTE COMMENT &#039;年龄&#039;,
score SHORT COMMENT &#039;评分&#039;,
total_orders LONG COMMENT &#039;总订单数&#039;,
is_vip BOOLEAN COMMENT &#039;是否VIP&#039;,
register_date DATE COMMENT &#039;注册日期&#039;,
last_login TIMESTAMP COMMENT &#039;最后登录时间&#039;
)
PARTITIONED BY (order_date STRING COMMENT &#039;订单日期，格式yyyy-MM-dd&#039;);
-- 插入2026-01-12分区数据
INSERT INTO pw_test.order_info PARTITION (order_date=&#039;2026-01-12&#039;)
VALUES
(1000, 160, NULL, 265.2, &#039;小米su7&#039;, 25, 80, 10, TRUE, DATE &#039;2024-01-01&#039;, TIMESTAMP &#039;2026-01-12 10:30:00&#039;),
(102, 170, 66, 140.80, &#039;小米su7&#039;, 30, 85, 5, FALSE, DATE &#039;2024-03-15&#039;, TIMESTAMP &#039;2026-01-12 14:20:00&#039;),
(1100, 180.23, 459897, 187, &#039;保时捷718&#039;, 35, 90, 3, TRUE, DATE &#039;2024-06-20&#039;, TIMESTAMP &#039;2026-01-12 09:15:00&#039;);
-- 插入2026-01-13分区数据
INSERT INTO pw_test.order_info PARTITION (order_date=&#039;2026-01-13&#039;)
VALUES
(1001, 160, NULL, 265, &#039;小米su7&#039;, 26, 82, 15, NULL, CAST(&#039;2024-01-15&#039; AS DATE), CAST(&#039;2026-01-13 11:00:00&#039; AS TIMESTAMP)),
(1001, 160, NULL, NULL, &#039;小米su7&#039;, 26, 82, 16, FALSE, CAST(NULL AS DATE), CAST(&#039;2026-01-13 15:30:00&#039; AS TIMESTAMP)),
(102, 170, 66, 15483.568, &#039;小米su7&#039;, 31, 87, 8, TRUE, CAST(&#039;2024-04-01&#039; AS DATE), CAST(NULL AS TIMESTAMP)),
(1001, 160, NULL, 265, &#039;小米su7&#039;, 26, 82, 17, FALSE, CAST(&#039;2024-01-15&#039; AS DATE), CAST(&#039;2026-01-13 18:20:00&#039; AS TIMESTAMP)),
(110030, 180.23, 459897, 80.55485, &#039;保时捷718&#039;, 36, 92, 5, NULL, CAST(&#039;2024-07-10&#039; AS DATE), CAST(NULL AS TIMESTAMP)),
(110030, 180.23, 459897, 80.55485, &#039;保时捷718&#039;, 36, 92, 6, FALSE, CAST(&#039;2024-07-10&#039; AS DATE), CAST(&#039;2026-01-13 14:05:00&#039; AS TIMESTAMP)),
(11003, 180.23, 459897, NULL, &#039;保时捷718&#039;, 36, 92, 7, FALSE, CAST(NULL AS DATE), CAST(&#039;2026-01-13 16:40:00&#039; AS TIMESTAMP)),
(1001, 160, NULL, 265, NULL, 26, 82, 17, FALSE, CAST(&#039;2024-01-15&#039; AS DATE), CAST(&#039;2026-01-13 18:20:00&#039; AS TIMESTAMP)),
(11003, 180.23, 459897, 80.55485, NULL, 36, 92, 5, NULL, CAST(&#039;2024-07-10&#039; AS DATE), CAST(NULL AS TIMESTAMP));

2、已存在标准目录：test","1. 进入「资产-数据标准-标准定义」页面
2. 新建标准配置如下：
「中文名称」：「总额」
「英文名称」：「amount」
「英文缩写」：「at」
「标准目录」：「test」
「车型」：「小米su7，保时捷718」
1）小米su7：
「数据类型」：「数值型」
「数据长度」：「<=5」
「数据精度」：「3/2」
「是否允许为空」：「不可空」
「是否允许重复」：「不可重复」
「默认值」：「1」
「取值范围」：「>=10且<=280」
「初始值」：「2」
「无效值」：「0.1」
「精度倍数」：「2.2」
「偏移量」：「0.02」；
2）保时捷718：
「数据类型」：「数值型」
「数据长度」：「<=5」
「数据精度」：「3/2」
「是否允许为空」：「不可空」
「是否允许重复」：「不可重复」
「默认值」：「1」
「取值范围」：「>=180且<=999」
「初始值」：「2」
「无效值」：「0.1」
「精度倍数」：「2.2」
「偏移量」：「0.02」；
点击【上线】
3. 点击「标准映射」页面，进行标准映射
4. 给该标准绑定字段：绑定tall、weight、amount字段
5. 点击「落标检查」页面，新增检查任务，检查内容配置如下：
「数据源」：「${DATASOURCE}」
「数据库」：「${DATABASE}」
「数据表」：「order_info」
不设置分区
「标准目录」：「test」
不绑定「车型关联字段」；
点击【下一步】
6. 开启tall、weight、amount字段的检查，设置检查项为：全部；
点击【下一步】
7. 配置调度属性为按天运行，其余内容正确配置；点击【新增并立即执行】
8. 等待检查完成，查看【落标检查设置】tab列表
9. 点击【操作-查看结果详情】
10. 查看【落标检查结果】tab列表
11. 点击【操作-查看详情】
12. 点击列表里未达标检查项对应的的【操作-查看详情】
13. 根据文档步骤通过底层数据库查看该检查任务的sql
14. 等待该检查任务按周期运行完成，查看结果详情","1. 页面正常打开
2. 内容配置成功；
标准成功上线
3. 标准映射列表新增该标准
4. 字段绑定成功
5. 检查内容配置成功；
进入选择字段页面
6. 成功开启检查，检查项全部包含字符串长度、数据精度、精度倍数、空值数、重复数、取值范围；
进入调度配置页面
7. 保存成功，任务进入检查中状态
8. 显示对应的正确数据表名称、所属数据源、所属数据库、检查字段数/总字段数、检查周期、检查状态、标准达标率、不达标字段数/检查失败数、最近编辑时间、最近检查时间、操作。
9. 跳转至【落标检查结果】tab
10. 显示对应的正确数据源、数据库、数据表、字段、检查状态、是否达标、检查开始时间、检查结束时间、操作。
11. 检查结果详情包含以下信息：
1）检查信息：检查数据源、数据库、数据表、字段与配置的内容一致；
2）检查结果列表：各类检查项达标情况正确，开始检查时间、结束检查时间正确，未达标的检查项操作为“查看详情”
3）关联标准详情与前面配置的内容一致
12. 1）为脏数据明细，显示不符合检查项的数据，标红展示
2）行数<=100
13. 每个字段里字符串长度、数据精度、空值数、取值范围、精度倍数的sql进行合并：
1）源表只扫描一次：FROM 后面的源表只出现 1 次；
​2）所有可合并规则写在同一个select里面：用多个 SUM (CASE WHEN) 把规则并行计算；
3）计算后再把结果拆成多行，每行代表单个规则进行输出，最终把结果插入同一张脏数据表
重复数sql不进行合并：
1）只有单个select计算语句，不参与SUM (CASE WHEN)并行计算逻辑
2）脏数据存储于另一张脏数据表
14. 检查项达标情况正确，详情正确，脏数据明细正确","1. 
2. 
3. 
4. 
5. 
6. 
7. 
8. 
9. 
10. 
11. 
12. 
13. 
14.","","3","功能测试","功能测试阶段","正常","0","0","14","","听筠","2026-06-03","","0000-00-00","1","",""
"186480","数据资产_STD(#23)","/版本迭代测试用例/v6.4.11/【岚图】【数据资产】落标检查任务性能优化，规则sql合并/不同的数据类型(#10608)","【岚图】【数据资产】数据质量任务、落标检查任务性能优化，规则sql合并(#15862)","有车型 验证「有车型」-「不绑定车型关联字段」-「byte/short/int/long数据类型」校验逻辑正确","1、已存在表order_info
CREATE TABLE IF NOT EXISTS pw_test.order_info (
user_id INT COMMENT &#039;用户ID&#039;,
tall FLOAT COMMENT &#039;身高&#039;,
weight DOUBLE COMMENT &#039;体重&#039;,
amount DECIMAL(10,3) COMMENT &#039;金额&#039;,
car_model STRING COMMENT &#039;车型&#039;,
age BYTE COMMENT &#039;年龄&#039;,
score SHORT COMMENT &#039;评分&#039;,
total_orders LONG COMMENT &#039;总订单数&#039;,
is_vip BOOLEAN COMMENT &#039;是否VIP&#039;,
register_date DATE COMMENT &#039;注册日期&#039;,
last_login TIMESTAMP COMMENT &#039;最后登录时间&#039;
)
PARTITIONED BY (order_date STRING COMMENT &#039;订单日期，格式yyyy-MM-dd&#039;);
-- 插入2026-01-12分区数据
INSERT INTO pw_test.order_info PARTITION (order_date=&#039;2026-01-12&#039;)
VALUES
(1000, 160, NULL, 265.2, &#039;小米su7&#039;, 25, 80, 10, TRUE, DATE &#039;2024-01-01&#039;, TIMESTAMP &#039;2026-01-12 10:30:00&#039;),
(102, 170, 66, 140.80, &#039;小米su7&#039;, 30, 85, 5, FALSE, DATE &#039;2024-03-15&#039;, TIMESTAMP &#039;2026-01-12 14:20:00&#039;),
(1100, 180.23, 459897, 187, &#039;保时捷718&#039;, 35, 90, 3, TRUE, DATE &#039;2024-06-20&#039;, TIMESTAMP &#039;2026-01-12 09:15:00&#039;);
-- 插入2026-01-13分区数据
INSERT INTO pw_test.order_info PARTITION (order_date=&#039;2026-01-13&#039;)
VALUES
(1001, 160, NULL, 265, &#039;小米su7&#039;, 26, 82, 15, NULL, CAST(&#039;2024-01-15&#039; AS DATE), CAST(&#039;2026-01-13 11:00:00&#039; AS TIMESTAMP)),
(1001, 160, NULL, NULL, &#039;小米su7&#039;, 26, 82, 16, FALSE, CAST(NULL AS DATE), CAST(&#039;2026-01-13 15:30:00&#039; AS TIMESTAMP)),
(102, 170, 66, 15483.568, &#039;小米su7&#039;, 31, 87, 8, TRUE, CAST(&#039;2024-04-01&#039; AS DATE), CAST(NULL AS TIMESTAMP)),
(1001, 160, NULL, 265, &#039;小米su7&#039;, 26, 82, 17, FALSE, CAST(&#039;2024-01-15&#039; AS DATE), CAST(&#039;2026-01-13 18:20:00&#039; AS TIMESTAMP)),
(110030, 180.23, 459897, 80.55485, &#039;保时捷718&#039;, 36, 92, 5, NULL, CAST(&#039;2024-07-10&#039; AS DATE), CAST(NULL AS TIMESTAMP)),
(110030, 180.23, 459897, 80.55485, &#039;保时捷718&#039;, 36, 92, 6, FALSE, CAST(&#039;2024-07-10&#039; AS DATE), CAST(&#039;2026-01-13 14:05:00&#039; AS TIMESTAMP)),
(11003, 180.23, 459897, NULL, &#039;保时捷718&#039;, 36, 92, 7, FALSE, CAST(NULL AS DATE), CAST(&#039;2026-01-13 16:40:00&#039; AS TIMESTAMP)),
(1001, 160, NULL, 265, NULL, 26, 82, 17, FALSE, CAST(&#039;2024-01-15&#039; AS DATE), CAST(&#039;2026-01-13 18:20:00&#039; AS TIMESTAMP)),
(11003, 180.23, 459897, 80.55485, NULL, 36, 92, 5, NULL, CAST(&#039;2024-07-10&#039; AS DATE), CAST(NULL AS TIMESTAMP));

2、已存在标准目录：test","1. 进入「资产-数据标准-标准定义」页面
2. 新建标准配置如下：
「中文名称」：「用户ID」
「英文名称」：「user_id」
「英文缩写」：「uid」
「标准目录」：「test」
「车型」：「小米su7，保时捷718」
1）小米su7：
「数据类型」：「数值型」
「数据长度」：「<=4」
「数据精度」：「4/2」
「是否允许为空」：「不可空」
「是否允许重复」：「不可重复」
「默认值」：「1」
「取值范围」：「>=10且<=1200」
「初始值」：「2」
「无效值」：「0.1」
「精度倍数」：「2」
「偏移量」：「0.02」；
2）保时捷718：
「数据类型」：「数值型」
「数据长度」：「<=5」
「数据精度」：「5/2」
「是否允许为空」：「不可空」
「是否允许重复」：「不可重复」
「默认值」：「1」
「取值范围」：「>=100且<=1200」
「初始值」：「2」
「无效值」：「0.1」
「精度倍数」：「2」
「偏移量」：「0.02」；
点击【上线】
3. 点击「标准映射」页面，进行标准映射
4. 给该标准绑定字段：绑定user_id、age、score、total_orders字段
5. 点击「落标检查」页面，新增检查任务，检查内容配置如下：
「数据源」：「${DATASOURCE}」
「数据库」：「${DATABASE}」
「数据表」：「order_info」
「选择已有分区」：「dt=2026-01-12」
「标准目录」：「test」
不绑定「车型关联字段」；
点击【下一步】
6. 开启user_id、age、score、total_orders字段的检查，设置检查项为：全部；
点击【下一步】
7. 配置调度属性为按天运行，其余内容正确配置；点击【新增并立即执行】
8. 等待检查完成，查看【落标检查设置】tab列表
9. 点击【操作-查看结果详情】
10. 查看【落标检查结果】tab列表
11. 点击【操作-查看详情】
12. 点击列表里未达标检查项对应的的【操作-查看详情】
13. 根据文档步骤通过底层数据库查看该检查任务的sql
14. 等待该检查任务按周期运行完成，查看结果详情","1. 页面正常打开
2. 内容配置成功；
标准成功上线
3. 标准映射列表新增该标准
4. 字段绑定成功
5. 检查内容配置成功；
进入选择字段页面
6. 成功开启检查，检查项全部包含字符串长度、数据精度、精度倍数、空值数、重复数、取值范围；
进入调度配置页面
7. 保存成功，任务进入检查中状态
8. 显示对应的正确数据表名称、所属数据源、所属数据库、检查字段数/总字段数、检查周期、检查状态、标准达标率、不达标字段数/检查失败数、最近编辑时间、最近检查时间、操作。
9. 跳转至【落标检查结果】tab
10. 显示对应的正确数据源、数据库、数据表、字段、检查状态、是否达标、检查开始时间、检查结束时间、操作。
11. 检查结果详情包含以下信息：
1）检查信息：检查数据源、数据库、数据表、字段与配置的内容一致；
2）检查结果列表：各类检查项达标情况正确（数据精度只针对小数点前最大位进行校验），开始检查时间、结束检查时间正确，未达标的检查项操作为“查看详情”
3）关联标准详情与前面配置的内容一致
12. 1）为脏数据明细，显示不符合检查项的数据，标红展示
2）行数<=100
13. 每个字段里字符串长度、数据精度、空值数、取值范围、精度倍数的sql进行合并：
1）源表只扫描一次：FROM 后面的源表只出现 1 次；
​2）所有可合并规则写在同一个select里面：用多个 SUM (CASE WHEN) 把规则并行计算；
3）计算后再把结果拆成多行，每行代表单个规则进行输出，最终把结果插入同一张脏数据表
重复数sql不进行合并：
1）只有单个select计算语句，不参与SUM (CASE WHEN)并行计算逻辑
2）脏数据存储于另一张脏数据表
14. 检查项达标情况正确，详情正确，脏数据明细正确","1. 
2. 
3. 
4. 
5. 
6. 
7. 
8. 
9. 
10. 
11. 
12. 
13. 
14.","","3","功能测试","功能测试阶段","正常","0","0","14","","听筠","2026-06-03","","0000-00-00","1","",""
"186479","数据资产_STD(#23)","/版本迭代测试用例/v6.4.11/【岚图】【数据资产】落标检查任务性能优化，规则sql合并/不同的数据类型(#10608)","【岚图】【数据资产】数据质量任务、落标检查任务性能优化，规则sql合并(#15862)","有车型 验证「有车型」-「绑定车型关联字段」-「date/timestamp数据类型」校验逻辑正确","1、已存在表order_info
CREATE TABLE IF NOT EXISTS pw_test.order_info (
user_id INT COMMENT &#039;用户ID&#039;,
tall FLOAT COMMENT &#039;身高&#039;,
weight DOUBLE COMMENT &#039;体重&#039;,
amount DECIMAL(10,3) COMMENT &#039;金额&#039;,
car_model STRING COMMENT &#039;车型&#039;,
age BYTE COMMENT &#039;年龄&#039;,
score SHORT COMMENT &#039;评分&#039;,
total_orders LONG COMMENT &#039;总订单数&#039;,
is_vip BOOLEAN COMMENT &#039;是否VIP&#039;,
register_date DATE COMMENT &#039;注册日期&#039;,
last_login TIMESTAMP COMMENT &#039;最后登录时间&#039;
)
PARTITIONED BY (order_date STRING COMMENT &#039;订单日期，格式yyyy-MM-dd&#039;);
-- 插入2026-01-12分区数据
INSERT INTO pw_test.order_info PARTITION (order_date=&#039;2026-01-12&#039;)
VALUES
(1000, 160, NULL, 265.2, &#039;小米su7&#039;, 25, 80, 10, TRUE, DATE &#039;2024-01-01&#039;, TIMESTAMP &#039;2026-01-12 10:30:00&#039;),
(102, 170, 66, 140.80, &#039;小米su7&#039;, 30, 85, 5, FALSE, DATE &#039;2024-03-15&#039;, TIMESTAMP &#039;2026-01-12 14:20:00&#039;),
(1100, 180.23, 459897, 187, &#039;保时捷718&#039;, 35, 90, 3, TRUE, DATE &#039;2024-06-20&#039;, TIMESTAMP &#039;2026-01-12 09:15:00&#039;);
-- 插入2026-01-13分区数据
INSERT INTO pw_test.order_info PARTITION (order_date=&#039;2026-01-13&#039;)
VALUES
(1001, 160, NULL, 265, &#039;小米su7&#039;, 26, 82, 15, NULL, CAST(&#039;2024-01-15&#039; AS DATE), CAST(&#039;2026-01-13 11:00:00&#039; AS TIMESTAMP)),
(1001, 160, NULL, NULL, &#039;小米su7&#039;, 26, 82, 16, FALSE, CAST(NULL AS DATE), CAST(&#039;2026-01-13 15:30:00&#039; AS TIMESTAMP)),
(102, 170, 66, 15483.568, &#039;小米su7&#039;, 31, 87, 8, TRUE, CAST(&#039;2024-04-01&#039; AS DATE), CAST(NULL AS TIMESTAMP)),
(1001, 160, NULL, 265, &#039;小米su7&#039;, 26, 82, 17, FALSE, CAST(&#039;2024-01-15&#039; AS DATE), CAST(&#039;2026-01-13 18:20:00&#039; AS TIMESTAMP)),
(110030, 180.23, 459897, 80.55485, &#039;保时捷718&#039;, 36, 92, 5, NULL, CAST(&#039;2024-07-10&#039; AS DATE), CAST(NULL AS TIMESTAMP)),
(110030, 180.23, 459897, 80.55485, &#039;保时捷718&#039;, 36, 92, 6, FALSE, CAST(&#039;2024-07-10&#039; AS DATE), CAST(&#039;2026-01-13 14:05:00&#039; AS TIMESTAMP)),
(11003, 180.23, 459897, NULL, &#039;保时捷718&#039;, 36, 92, 7, FALSE, CAST(NULL AS DATE), CAST(&#039;2026-01-13 16:40:00&#039; AS TIMESTAMP)),
(1001, 160, NULL, 265, NULL, 26, 82, 17, FALSE, CAST(&#039;2024-01-15&#039; AS DATE), CAST(&#039;2026-01-13 18:20:00&#039; AS TIMESTAMP)),
(11003, 180.23, 459897, 80.55485, NULL, 36, 92, 5, NULL, CAST(&#039;2024-07-10&#039; AS DATE), CAST(NULL AS TIMESTAMP));
2、已存在标准目录：test","1. 进入「资产-数据标准-标准定义」页面
2. 新建标准配置如下：
「中文名称」：「总额」
「英文名称」：「amount」
「英文缩写」：「at」
「标准目录」：「test」
「车型」：「小米su7，保时捷718」
1）小米su7：
「数据类型」：「数值型」
「数据长度」：「<=5」
「数据精度」：「3/2」
「是否允许为空」：「不可空」
「是否允许重复」：「不可重复」
「默认值」：「1」
「取值范围」：「>=10且<=280」
「初始值」：「2」
「无效值」：「0.1」
「精度倍数」：「2.2」
「偏移量」：「0.02」；
2）保时捷718：
「数据类型」：「数值型」
「数据长度」：「<=5」
「数据精度」：「3/2」
「是否允许为空」：「不可空」
「是否允许重复」：「不可重复」
「默认值」：「1」
「取值范围」：「>=180且<=999」
「初始值」：「2」
「无效值」：「0.1」
「精度倍数」：「2.2」
「偏移量」：「0.02」；
点击【上线】
3. 点击「标准映射」页面，进行标准映射
4. 给该标准绑定字段：绑定register_date、last_login字段
5. 点击「落标检查」页面，新增检查任务，检查内容配置如下：
「数据源」：「${DATASOURCE}」
「数据库」：「${DATABASE}」
「数据表」：「order_info」
不设置分区
「标准目录」：「test」
「车型关联字段」：「car_model」；
点击【下一步】
6. 开启register_date、last_login字段的检查，设置检查项为：全部；
点击【下一步】
7. 配置调度属性为按天运行，其余内容正确配置；点击【新增并立即执行】
8. 等待检查完成，查看【落标检查设置】tab列表
9. 点击【操作-查看结果详情】
10. 查看【落标检查结果】tab列表
11. 点击【操作-查看详情】
12. 点击列表里未达标检查项对应的的【操作-查看详情】
13. 根据文档步骤通过底层数据库查看该检查任务的sql
14. 等待该检查任务按周期运行完成，查看结果详情","1. 页面正常打开
2. 内容配置成功；
标准成功上线
3. 标准映射列表新增该标准
4. 字段绑定成功
5. 检查内容配置成功；
进入选择字段页面
6. 成功开启检查，检查项全部仅包含：空值数、重复数；
进入调度配置页面
7. 保存成功，任务进入检查中状态
8. 显示对应的正确数据表名称、所属数据源、所属数据库、检查字段数/总字段数、检查周期、检查状态、标准达标率、不达标字段数/检查失败数、最近编辑时间、最近检查时间、操作。
9. 跳转至【落标检查结果】tab
10. 显示对应的正确数据源、数据库、数据表、字段、检查状态、是否达标、检查开始时间、检查结束时间、操作。
11. 检查结果详情包含以下信息：
1）检查信息：检查数据源、数据库、数据表、字段与配置的内容一致；
2）检查结果列表：“空值数、重复数”检查项达标情况正确，开始检查时间、结束检查时间正确，未达标的检查项操作为“查看详情”
3）关联标准详情与前面配置的内容一致
12. 1）为脏数据明细，显示不符合检查项的数据，标红展示
2）行数<=100
13. 两个字段的空值数进行sql合并：
1）扫描一次源数据表
2）写在同一个select里面：用两个 SUM (CASE WHEN) 把规则并行计算；
3）结果插入同一张脏数据表
两个字段的重复数未进行sql合并：
1）两个字段的重复数单独分开去读取一遍源数据表；
​2）两个字段重复数的判断计算语句分开写，一条规则对应一个select语句，无SUM (CASE WHEN)并行计算逻辑
​3）两个字段的重复数脏数据分开存入不同的脏数据表
14. 检查项达标情况正确，详情正确，脏数据明细正确","1. 
2. 
3. 
4. 
5. 
6. 
7. 
8. 
9. 
10. 
11. 
12. 
13. 
14.","","1","功能测试","功能测试阶段","正常","0","1","14","通过","听筠","2026-06-03","听筠","2026-06-03","2","",""
"186478","数据资产_STD(#23)","/版本迭代测试用例/v6.4.11/【岚图】【数据资产】落标检查任务性能优化，规则sql合并/不同的数据类型(#10608)","【岚图】【数据资产】数据质量任务、落标检查任务性能优化，规则sql合并(#15862)","有车型 验证「有车型」-「绑定车型关联字段」-「boolean数据类型」校验逻辑正确","1、已存在表order_info
CREATE TABLE IF NOT EXISTS pw_test.order_info (
user_id INT COMMENT &#039;用户ID&#039;,
tall FLOAT COMMENT &#039;身高&#039;,
weight DOUBLE COMMENT &#039;体重&#039;,
amount DECIMAL(10,3) COMMENT &#039;金额&#039;,
car_model STRING COMMENT &#039;车型&#039;,
age BYTE COMMENT &#039;年龄&#039;,
score SHORT COMMENT &#039;评分&#039;,
total_orders LONG COMMENT &#039;总订单数&#039;,
is_vip BOOLEAN COMMENT &#039;是否VIP&#039;,
register_date DATE COMMENT &#039;注册日期&#039;,
last_login TIMESTAMP COMMENT &#039;最后登录时间&#039;
)
PARTITIONED BY (order_date STRING COMMENT &#039;订单日期，格式yyyy-MM-dd&#039;);
-- 插入2026-01-12分区数据
INSERT INTO pw_test.order_info PARTITION (order_date=&#039;2026-01-12&#039;)
VALUES
(1000, 160, NULL, 265.2, &#039;小米su7&#039;, 25, 80, 10, TRUE, DATE &#039;2024-01-01&#039;, TIMESTAMP &#039;2026-01-12 10:30:00&#039;),
(102, 170, 66, 140.80, &#039;小米su7&#039;, 30, 85, 5, FALSE, DATE &#039;2024-03-15&#039;, TIMESTAMP &#039;2026-01-12 14:20:00&#039;),
(1100, 180.23, 459897, 187, &#039;保时捷718&#039;, 35, 90, 3, TRUE, DATE &#039;2024-06-20&#039;, TIMESTAMP &#039;2026-01-12 09:15:00&#039;);
-- 插入2026-01-13分区数据
INSERT INTO pw_test.order_info PARTITION (order_date=&#039;2026-01-13&#039;)
VALUES
(1001, 160, NULL, 265, &#039;小米su7&#039;, 26, 82, 15, NULL, CAST(&#039;2024-01-15&#039; AS DATE), CAST(&#039;2026-01-13 11:00:00&#039; AS TIMESTAMP)),
(1001, 160, NULL, NULL, &#039;小米su7&#039;, 26, 82, 16, FALSE, CAST(NULL AS DATE), CAST(&#039;2026-01-13 15:30:00&#039; AS TIMESTAMP)),
(102, 170, 66, 15483.568, &#039;小米su7&#039;, 31, 87, 8, TRUE, CAST(&#039;2024-04-01&#039; AS DATE), CAST(NULL AS TIMESTAMP)),
(1001, 160, NULL, 265, &#039;小米su7&#039;, 26, 82, 17, FALSE, CAST(&#039;2024-01-15&#039; AS DATE), CAST(&#039;2026-01-13 18:20:00&#039; AS TIMESTAMP)),
(110030, 180.23, 459897, 80.55485, &#039;保时捷718&#039;, 36, 92, 5, NULL, CAST(&#039;2024-07-10&#039; AS DATE), CAST(NULL AS TIMESTAMP)),
(110030, 180.23, 459897, 80.55485, &#039;保时捷718&#039;, 36, 92, 6, FALSE, CAST(&#039;2024-07-10&#039; AS DATE), CAST(&#039;2026-01-13 14:05:00&#039; AS TIMESTAMP)),
(11003, 180.23, 459897, NULL, &#039;保时捷718&#039;, 36, 92, 7, FALSE, CAST(NULL AS DATE), CAST(&#039;2026-01-13 16:40:00&#039; AS TIMESTAMP)),
(1001, 160, NULL, 265, NULL, 26, 82, 17, FALSE, CAST(&#039;2024-01-15&#039; AS DATE), CAST(&#039;2026-01-13 18:20:00&#039; AS TIMESTAMP)),
(11003, 180.23, 459897, 80.55485, NULL, 36, 92, 5, NULL, CAST(&#039;2024-07-10&#039; AS DATE), CAST(NULL AS TIMESTAMP));
2、已存在标准目录：test","1. 进入「资产-数据标准-标准定义」页面
2. 新建标准配置如下：
「中文名称」：「总额」
「英文名称」：「amount」
「英文缩写」：「at」
「标准目录」：「test」
「车型」：「小米su7，保时捷718」
1）小米su7：
「数据类型」：「数值型」
「数据长度」：「<=5」
「数据精度」：「3/2」
「是否允许为空」：「不可空」
「是否允许重复」：「不可重复」
「默认值」：「1」
「取值范围」：「>=10且<=280」
「初始值」：「2」
「无效值」：「0.1」
「精度倍数」：「2.2」
「偏移量」：「0.02」；
2）保时捷718：
「数据类型」：「数值型」
「数据长度」：「<=5」
「数据精度」：「3/2」
「是否允许为空」：「不可空」
「是否允许重复」：「不可重复」
「默认值」：「1」
「取值范围」：「>=180且<=999」
「初始值」：「2」
「无效值」：「0.1」
「精度倍数」：「2.2」
「偏移量」：「0.02」；
点击【上线】
3. 点击「标准映射」页面，进行标准映射
4. 给该标准绑定字段：绑定is_vip字段
5. 点击「落标检查」页面，新增检查任务，检查内容配置如下：
「数据源」：「${DATASOURCE}」
「数据库」：「${DATABASE}」
「数据表」：「order_info」
不设置分区
「标准目录」：「test」
「车型关联字段」：「car_model」；
点击【下一步】
6. 开启is_vip字段的检查，设置检查项为：全部；
点击【下一步】
7. 配置调度属性为按天运行，其余内容正确配置；点击【新增并立即执行】
8. 等待检查完成，查看【落标检查设置】tab列表
9. 点击【操作-查看结果详情】
10. 查看【落标检查结果】tab列表
11. 点击【操作-查看详情】
12. 点击列表里未达标检查项对应的的【操作-查看详情】
13. 根据文档步骤通过底层数据库查看该检查任务的sql
14. 等待该检查任务按周期运行完成，查看结果详情","1. 页面正常打开
2. 内容配置成功；
标准成功上线
3. 标准映射列表新增该标准
4. 字段绑定成功
5. 检查内容配置成功；
进入选择字段页面
6. 成功开启检查，检查项全部仅包含：空值数；
进入调度配置页面
7. 保存成功，任务进入检查中状态
8. 显示对应的正确数据表名称、所属数据源、所属数据库、检查字段数/总字段数、检查周期、检查状态、标准达标率、不达标字段数/检查失败数、最近编辑时间、最近检查时间、操作。
9. 跳转至【落标检查结果】tab
10. 显示对应的正确数据源、数据库、数据表、字段、检查状态、是否达标、检查开始时间、检查结束时间、操作。
11. 检查结果详情包含以下信息：
1）检查信息：检查数据源、数据库、数据表、字段与配置的内容一致；
2）检查结果列表：“空值数”检查项达标情况正确，开始检查时间、结束检查时间正确，未达标的检查项操作为“查看详情”
3）关联标准详情与前面配置的内容一致
12. 1）为脏数据明细，显示不符合检查项的数据，标红展示
2）行数<=100
13. 两个字段的空值数进行sql合并：
1）扫描一次源数据表
2）写在同一个select里面：用两个 SUM (CASE WHEN) 把规则并行计算；
3）结果插入同一张脏数据表
14. 检查项达标情况正确，详情正确，脏数据明细正确","1. 
2. 
3. 
4. 
5. 
6. 
7. 
8. 
9. 
10. 
11. 
12. 
13. 
14.","","1","功能测试","功能测试阶段","正常","0","1","14","通过","听筠","2026-06-03","听筠","2026-06-03","2","",""
"186477","数据资产_STD(#23)","/版本迭代测试用例/v6.4.11/【岚图】【数据资产】落标检查任务性能优化，规则sql合并/不同的数据类型(#10608)","【岚图】【数据资产】数据质量任务、落标检查任务性能优化，规则sql合并(#15862)","有车型 验证「有车型」-「绑定车型关联字段」-「string数据类型（数值）」校验逻辑正确","<p>1、已存在表order_info&nbsp;</p>
<p>CREATE TABLE IF NOT EXISTS pw_test.order_info(<br />&nbsp; &nbsp; user_id INT COMMENT&#039;用户ID&#039;,<br />&nbsp; &nbsp; tall FLOAT COMMENT&#039;身高&#039;,<br />&nbsp; &nbsp; weight DOUBLE COMMENT&#039;体重&#039;,<br />&nbsp; &nbsp; amount DECIMAL(10,3) COMMENT&#039;金额&#039;,<br />&nbsp; &nbsp; car_model STRING COMMENT&#039;车型&#039;,<br />&nbsp; &nbsp; age BYTE COMMENT&#039;年龄&#039;,<br />&nbsp; &nbsp; score SHORT COMMENT&#039;评分&#039;,<br />&nbsp; &nbsp; total_orders LONG COMMENT&#039;总订单数&#039;,<br />&nbsp; &nbsp; is_vip BOOLEAN COMMENT&#039;是否VIP&#039;,<br />&nbsp; &nbsp; register_date DATE COMMENT&#039;注册日期&#039;,<br />&nbsp; &nbsp; last_login TIMESTAMP COMMENT&#039;最后登录时间&#039;,<br />&nbsp; &nbsp; user_name STRING COMMENT&#039;用户名（非数值字段）&#039;,<br />&nbsp; &nbsp; order_amount_str STRING COMMENT&#039;订单金额字符串（数值字段）&#039;<br />)PARTITIONED BY(<br />&nbsp; &nbsp; order_date STRING COMMENT&#039;订单日期，格式yyyy-MM-dd&#039;<br />);<br /><br />-- 插入2026-01-12分区数据<br />INSERT INTO<br />&nbsp; &nbsp; pw_test.order_info PARTITION (order_date = &#039;2026-01-12&#039;)<br />VALUES<br />&nbsp; &nbsp; (<br />&nbsp; &nbsp; &nbsp; &nbsp; 1000,<br />&nbsp; &nbsp; &nbsp; &nbsp; 160,<br />&nbsp; &nbsp; &nbsp; &nbsp; NULL,<br />&nbsp; &nbsp; &nbsp; &nbsp; 265.2,<br />&nbsp; &nbsp; &nbsp; &nbsp; &#039;小米su7&#039;,<br />&nbsp; &nbsp; &nbsp; &nbsp; 25,<br />&nbsp; &nbsp; &nbsp; &nbsp; 80,<br />&nbsp; &nbsp; &nbsp; &nbsp; 10,<br />&nbsp; &nbsp; &nbsp; &nbsp; TRUE,<br />&nbsp; &nbsp; &nbsp; &nbsp; DATE &#039;2024-01-01&#039;,<br />&nbsp; &nbsp; &nbsp; &nbsp; TIMESTAMP &#039;2026-01-12 10:30:00&#039;,<br />&nbsp; &nbsp; &nbsp; &nbsp; &#039;张三&#039;,<br />&nbsp; &nbsp; &nbsp; &nbsp; &#039;265.20&#039;<br />&nbsp; &nbsp; ),<br />&nbsp; &nbsp; (<br />&nbsp; &nbsp; &nbsp; &nbsp; 102,<br />&nbsp; &nbsp; &nbsp; &nbsp; 170,<br />&nbsp; &nbsp; &nbsp; &nbsp; 66,<br />&nbsp; &nbsp; &nbsp; &nbsp; 140.80,<br />&nbsp; &nbsp; &nbsp; &nbsp; &#039;小米su7&#039;,<br />&nbsp; &nbsp; &nbsp; &nbsp; 30,<br />&nbsp; &nbsp; &nbsp; &nbsp; 85,<br />&nbsp; &nbsp; &nbsp; &nbsp; 5,<br />&nbsp; &nbsp; &nbsp; &nbsp; FALSE,<br />&nbsp; &nbsp; &nbsp; &nbsp; DATE &#039;2024-03-15&#039;,<br />&nbsp; &nbsp; &nbsp; &nbsp; TIMESTAMP &#039;2026-01-12 14:20:00&#039;,<br />&nbsp; &nbsp; &nbsp; &nbsp; &#039;李四&#039;,<br />&nbsp; &nbsp; &nbsp; &nbsp; &#039;140.80&#039;<br />&nbsp; &nbsp; ),<br />&nbsp; &nbsp; (<br />&nbsp; &nbsp; &nbsp; &nbsp; 1100,<br />&nbsp; &nbsp; &nbsp; &nbsp; 180.23,<br />&nbsp; &nbsp; &nbsp; &nbsp; 459897,<br />&nbsp; &nbsp; &nbsp; &nbsp; 187,<br />&nbsp; &nbsp; &nbsp; &nbsp; &#039;保时捷718&#039;,<br />&nbsp; &nbsp; &nbsp; &nbsp; 35,<br />&nbsp; &nbsp; &nbsp; &nbsp; 90,<br />&nbsp; &nbsp; &nbsp; &nbsp; 3,<br />&nbsp; &nbsp; &nbsp; &nbsp; TRUE,<br />&nbsp; &nbsp; &nbsp; &nbsp; DATE &#039;2024-06-20&#039;,<br />&nbsp; &nbsp; &nbsp; &nbsp; TIMESTAMP &#039;2026-01-12 09:15:00&#039;,<br />&nbsp; &nbsp; &nbsp; &nbsp; &#039;王五&#039;,<br />&nbsp; &nbsp; &nbsp; &nbsp; &#039;187.00&#039;<br />&nbsp; &nbsp; );<br /><br />-- 插入2026-01-13分区数据<br />INSERT INTO<br />&nbsp; &nbsp; pw_test.order_info PARTITION (order_date = &#039;2026-01-13&#039;)<br />VALUES<br />&nbsp; &nbsp; (<br />&nbsp; &nbsp; &nbsp; &nbsp; 1001,<br />&nbsp; &nbsp; &nbsp; &nbsp; 160,<br />&nbsp; &nbsp; &nbsp; &nbsp; NULL,<br />&nbsp; &nbsp; &nbsp; &nbsp; 265,<br />&nbsp; &nbsp; &nbsp; &nbsp; &#039;小米su7&#039;,<br />&nbsp; &nbsp; &nbsp; &nbsp; 26,<br />&nbsp; &nbsp; &nbsp; &nbsp; 82,<br />&nbsp; &nbsp; &nbsp; &nbsp; 15,<br />&nbsp; &nbsp; &nbsp; &nbsp; NULL,<br />&nbsp; &nbsp; &nbsp; &nbsp; CAST(&#039;2024-01-15&#039; AS DATE),<br />&nbsp; &nbsp; &nbsp; &nbsp; CAST(&#039;2026-01-13 11:00:00&#039; AS TIMESTAMP),<br />&nbsp; &nbsp; &nbsp; &nbsp; &#039;赵六&#039;,<br />&nbsp; &nbsp; &nbsp; &nbsp; &#039;265.00&#039;<br />&nbsp; &nbsp; ),<br />&nbsp; &nbsp; (<br />&nbsp; &nbsp; &nbsp; &nbsp; 1001,<br />&nbsp; &nbsp; &nbsp; &nbsp; 160,<br />&nbsp; &nbsp; &nbsp; &nbsp; NULL,<br />&nbsp; &nbsp; &nbsp; &nbsp; NULL,<br />&nbsp; &nbsp; &nbsp; &nbsp; &#039;小米su7&#039;,<br />&nbsp; &nbsp; &nbsp; &nbsp; 26,<br />&nbsp; &nbsp; &nbsp; &nbsp; 82,<br />&nbsp; &nbsp; &nbsp; &nbsp; 16,<br />&nbsp; &nbsp; &nbsp; &nbsp; FALSE,<br />&nbsp; &nbsp; &nbsp; &nbsp; CAST(NULL AS DATE),<br />&nbsp; &nbsp; &nbsp; &nbsp; CAST(&#039;2026-01-13 15:30:00&#039; AS TIMESTAMP),<br />&nbsp; &nbsp; &nbsp; &nbsp; &#039;孙七&#039;,<br />&nbsp; &nbsp; &nbsp; &nbsp; NULL<br />&nbsp; &nbsp; ),<br />&nbsp; &nbsp; (<br />&nbsp; &nbsp; &nbsp; &nbsp; 102,<br />&nbsp; &nbsp; &nbsp; &nbsp; 170,<br />&nbsp; &nbsp; &nbsp; &nbsp; 66,<br />&nbsp; &nbsp; &nbsp; &nbsp; 15483.568,<br />&nbsp; &nbsp; &nbsp; &nbsp; &#039;小米su7&#039;,<br />&nbsp; &nbsp; &nbsp; &nbsp; 31,<br />&nbsp; &nbsp; &nbsp; &nbsp; 87,<br />&nbsp; &nbsp; &nbsp; &nbsp; 8,<br />&nbsp; &nbsp; &nbsp; &nbsp; TRUE,<br />&nbsp; &nbsp; &nbsp; &nbsp; CAST(&#039;2024-04-01&#039; AS DATE),<br />&nbsp; &nbsp; &nbsp; &nbsp; CAST(NULL AS TIMESTAMP),<br />&nbsp; &nbsp; &nbsp; &nbsp; &#039;周八&#039;,<br />&nbsp; &nbsp; &nbsp; &nbsp; &#039;15483.568&#039;<br />&nbsp; &nbsp; ),<br />&nbsp; &nbsp; (<br />&nbsp; &nbsp; &nbsp; &nbsp; 1001,<br />&nbsp; &nbsp; &nbsp; &nbsp; 160,<br />&nbsp; &nbsp; &nbsp; &nbsp; NULL,<br />&nbsp; &nbsp; &nbsp; &nbsp; 265,<br />&nbsp; &nbsp; &nbsp; &nbsp; &#039;小米su7&#039;,<br />&nbsp; &nbsp; &nbsp; &nbsp; 26,<br />&nbsp; &nbsp; &nbsp; &nbsp; 82,<br />&nbsp; &nbsp; &nbsp; &nbsp; 17,<br />&nbsp; &nbsp; &nbsp; &nbsp; FALSE,<br />&nbsp; &nbsp; &nbsp; &nbsp; CAST(&#039;2024-01-15&#039; AS DATE),<br />&nbsp; &nbsp; &nbsp; &nbsp; CAST(&#039;2026-01-13 18:20:00&#039; AS TIMESTAMP),<br />&nbsp; &nbsp; &nbsp; &nbsp; &#039;吴九&#039;,<br />&nbsp; &nbsp; &nbsp; &nbsp; &#039;265.00&#039;<br />&nbsp; &nbsp; ),<br />&nbsp; &nbsp; (<br />&nbsp; &nbsp; &nbsp; &nbsp; 110030,<br />&nbsp; &nbsp; &nbsp; &nbsp; 180.23,<br />&nbsp; &nbsp; &nbsp; &nbsp; 459897,<br />&nbsp; &nbsp; &nbsp; &nbsp; 80.55485,<br />&nbsp; &nbsp; &nbsp; &nbsp; &#039;保时捷718&#039;,<br />&nbsp; &nbsp; &nbsp; &nbsp; 36,<br />&nbsp; &nbsp; &nbsp; &nbsp; 92,<br />&nbsp; &nbsp; &nbsp; &nbsp; 5,<br />&nbsp; &nbsp; &nbsp; &nbsp; NULL,<br />&nbsp; &nbsp; &nbsp; &nbsp; CAST(&#039;2024-07-10&#039; AS DATE),<br />&nbsp; &nbsp; &nbsp; &nbsp; CAST(NULL AS TIMESTAMP),<br />&nbsp; &nbsp; &nbsp; &nbsp; &#039;郑十&#039;,<br />&nbsp; &nbsp; &nbsp; &nbsp; &#039;80.55485&#039;<br />&nbsp; &nbsp; ),<br />&nbsp; &nbsp; (<br />&nbsp; &nbsp; &nbsp; &nbsp; 110030,<br />&nbsp; &nbsp; &nbsp; &nbsp; 180.23,<br />&nbsp; &nbsp; &nbsp; &nbsp; 459897,<br />&nbsp; &nbsp; &nbsp; &nbsp; 80.55485,<br />&nbsp; &nbsp; &nbsp; &nbsp; &#039;保时捷718&#039;,<br />&nbsp; &nbsp; &nbsp; &nbsp; 36,<br />&nbsp; &nbsp; &nbsp; &nbsp; 92,<br />&nbsp; &nbsp; &nbsp; &nbsp; 6,<br />&nbsp; &nbsp; &nbsp; &nbsp; FALSE,<br />&nbsp; &nbsp; &nbsp; &nbsp; CAST(&#039;2024-07-10&#039; AS DATE),<br />&nbsp; &nbsp; &nbsp; &nbsp; CAST(&#039;2026-01-13 14:05:00&#039; AS TIMESTAMP),<br />&nbsp; &nbsp; &nbsp; &nbsp; &#039;钱十一&#039;,<br />&nbsp; &nbsp; &nbsp; &nbsp; &#039;80.55485&#039;<br />&nbsp; &nbsp; ),<br />&nbsp; &nbsp; (<br />&nbsp; &nbsp; &nbsp; &nbsp; 11003,<br />&nbsp; &nbsp; &nbsp; &nbsp; 180.23,<br />&nbsp; &nbsp; &nbsp; &nbsp; 459897,<br />&nbsp; &nbsp; &nbsp; &nbsp; NULL,<br />&nbsp; &nbsp; &nbsp; &nbsp; &#039;保时捷718&#039;,<br />&nbsp; &nbsp; &nbsp; &nbsp; 36,<br />&nbsp; &nbsp; &nbsp; &nbsp; 92,<br />&nbsp; &nbsp; &nbsp; &nbsp; 7,<br />&nbsp; &nbsp; &nbsp; &nbsp; FALSE,<br />&nbsp; &nbsp; &nbsp; &nbsp; CAST(NULL AS DATE),<br />&nbsp; &nbsp; &nbsp; &nbsp; CAST(&#039;2026-01-13 16:40:00&#039; AS TIMESTAMP),<br />&nbsp; &nbsp; &nbsp; &nbsp; &#039;孙十二&#039;,<br />&nbsp; &nbsp; &nbsp; &nbsp; NULL<br />&nbsp; &nbsp; ),<br />&nbsp; &nbsp; (<br />&nbsp; &nbsp; &nbsp; &nbsp; 1001,<br />&nbsp; &nbsp; &nbsp; &nbsp; 160,<br />&nbsp; &nbsp; &nbsp; &nbsp; NULL,<br />&nbsp; &nbsp; &nbsp; &nbsp; 265,<br />&nbsp; &nbsp; &nbsp; &nbsp; NULL,<br />&nbsp; &nbsp; &nbsp; &nbsp; 26,<br />&nbsp; &nbsp; &nbsp; &nbsp; 82,<br />&nbsp; &nbsp; &nbsp; &nbsp; 17,<br />&nbsp; &nbsp; &nbsp; &nbsp; FALSE,<br />&nbsp; &nbsp; &nbsp; &nbsp; CAST(&#039;2024-01-15&#039; AS DATE),<br />&nbsp; &nbsp; &nbsp; &nbsp; CAST(&#039;2026-01-13 18:20:00&#039; AS TIMESTAMP),<br />&nbsp; &nbsp; &nbsp; &nbsp; &#039;李十三&#039;,<br />&nbsp; &nbsp; &nbsp; &nbsp; &#039;265.00&#039;<br />&nbsp; &nbsp; ),<br />&nbsp; &nbsp; (<br />&nbsp; &nbsp; &nbsp; &nbsp; 11003,<br />&nbsp; &nbsp; &nbsp; &nbsp; 180.23,<br />&nbsp; &nbsp; &nbsp; &nbsp; 459897,<br />&nbsp; &nbsp; &nbsp; &nbsp; 80.55485,<br />&nbsp; &nbsp; &nbsp; &nbsp; NULL,<br />&nbsp; &nbsp; &nbsp; &nbsp; 36,<br />&nbsp; &nbsp; &nbsp; &nbsp; 92,<br />&nbsp; &nbsp; &nbsp; &nbsp; 5,<br />&nbsp; &nbsp; &nbsp; &nbsp; NULL,<br />&nbsp; &nbsp; &nbsp; &nbsp; CAST(&#039;2024-07-10&#039; AS DATE),<br />&nbsp; &nbsp; &nbsp; &nbsp; CAST(NULL AS TIMESTAMP),<br />&nbsp; &nbsp; &nbsp; &nbsp; &#039;王十四&#039;,<br />&nbsp; &nbsp; &nbsp; &nbsp; &#039;80.55485&#039;<br />&nbsp; &nbsp; );</p>
<p>2、已存在标准目录：test</p>","1. 进入「资产-数据标准-标准定义」页面
2. 新建标准配置如下：
「中文名称」：「总额」
「英文名称」：「amount」
「英文缩写」：「at」
「标准目录」：「test」
「车型」：「小米su7，保时捷718」
1）小米su7：
「数据类型」：「数值型」
「数据长度」：「<=5」
「数据精度」：「3/2」
「是否允许为空」：「不可空」
「是否允许重复」：「不可重复」
「默认值」：「1」
「取值范围」：「>=10且<=280」
「初始值」：「2」
「无效值」：「0.1」
「精度倍数」：「2.2」
「偏移量」：「0.02」；
2）保时捷718：
「数据类型」：「数值型」
「数据长度」：「<=5」
「数据精度」：「3/2」
「是否允许为空」：「不可空」
「是否允许重复」：「不可重复」
「默认值」：「1」
「取值范围」：「>=180且<=999」
「初始值」：「2」
「无效值」：「0.1」
「精度倍数」：「2.2」
「偏移量」：「0.02」；
点击【上线】
3. 点击「标准映射」页面，进行标准映射
4. 给该标准绑定字段：绑定order_amount_str字段
5. 点击「落标检查」页面，新增检查任务，检查内容配置如下：
「数据源」：「${DATASOURCE}」
「数据库」：「${DATABASE}」
「数据表」：「order_info」
不设置分区
「标准目录」：「test」
「车型关联字段」：「car_model」；
点击【下一步】
6. 开启order_amount_str字段的检查，设置检查项为：全部；
点击【下一步】
7. 配置调度属性为按天运行，其余内容正确配置；点击【新增并立即执行】
8. 等待检查完成，查看【落标检查设置】tab列表
9. 点击【操作-查看结果详情】
10. 查看【落标检查结果】tab列表
11. 点击【操作-查看详情】
12. 点击列表里未达标检查项对应的的【操作-查看详情】
13. 根据文档步骤通过底层数据库查看该检查任务的sql
14. 等待该检查任务按周期运行完成，查看结果详情","1. 页面正常打开
2. 内容配置成功；
标准成功上线
3. 标准映射列表新增该标准
4. 字段绑定成功
5. 检查内容配置成功；
进入选择字段页面
6. 成功开启检查，检查项全部包含字符串长度、数据精度、精度倍数、空值数、重复数、取值范围；
进入调度配置页面
7. 保存成功，任务进入检查中状态
8. 显示对应的正确数据表名称、所属数据源、所属数据库、检查字段数/总字段数、检查周期、检查状态、标准达标率、不达标字段数/检查失败数、最近编辑时间、最近检查时间、操作。
9. 跳转至【落标检查结果】tab
10. 显示对应的正确数据源、数据库、数据表、字段、检查状态、是否达标、检查开始时间、检查结束时间、操作。
11. 检查结果详情包含以下信息：
1）检查信息：检查数据源、数据库、数据表、字段与配置的内容一致；
2）检查结果列表：各类检查项达标情况正确（数据精度、精度倍数、取值范围正常校验，包含达标和未达标情况），开始检查时间、结束检查时间正确，未达标的检查项操作为“查看详情”
3）关联标准详情与前面配置的内容一致
12. 1）为脏数据明细，显示不符合检查项的数据，标红展示
2）行数<=100
13. 每个字段里字符串长度、数据精度、空值数、取值范围、精度倍数的sql进行合并：
1）源表只扫描一次：FROM 后面的源表只出现 1 次；
​2）所有可合并规则写在同一个select里面：用多个 SUM (CASE WHEN) 把规则并行计算；
3）计算后再把结果拆成多行，每行代表单个规则进行输出，最终把结果插入同一张脏数据表
重复数sql不进行合并：
1）只有单个select计算语句，不参与SUM (CASE WHEN)并行计算逻辑
2）脏数据存储于另一张脏数据表
14. 检查项达标情况正确，详情正确，脏数据明细正确","1. 
2. 
3. 
4. 
5. 
6. 
7. 
8. 
9. 
10. 
11. 
12. 
13. 
14.","","1","功能测试","功能测试阶段","正常","0","0","14","","听筠","2026-06-03","听筠","2026-06-04","2","",""
"186476","数据资产_STD(#23)","/版本迭代测试用例/v6.4.11/【岚图】【数据资产】落标检查任务性能优化，规则sql合并/不同的数据类型(#10608)","【岚图】【数据资产】数据质量任务、落标检查任务性能优化，规则sql合并(#15862)","有车型 验证「有车型」-「绑定车型关联字段」-「string数据类型（非数值）」校验逻辑正确","<p>1、已存在表order_info&nbsp;</p>
<p>CREATE TABLE IF NOT EXISTS pw_test.order_info(<br />&nbsp; &nbsp; user_id INT COMMENT&#039;用户ID&#039;,<br />&nbsp; &nbsp; tall FLOAT COMMENT&#039;身高&#039;,<br />&nbsp; &nbsp; weight DOUBLE COMMENT&#039;体重&#039;,<br />&nbsp; &nbsp; amount DECIMAL(10,3) COMMENT&#039;金额&#039;,<br />&nbsp; &nbsp; car_model STRING COMMENT&#039;车型&#039;,<br />&nbsp; &nbsp; age BYTE COMMENT&#039;年龄&#039;,<br />&nbsp; &nbsp; score SHORT COMMENT&#039;评分&#039;,<br />&nbsp; &nbsp; total_orders LONG COMMENT&#039;总订单数&#039;,<br />&nbsp; &nbsp; is_vip BOOLEAN COMMENT&#039;是否VIP&#039;,<br />&nbsp; &nbsp; register_date DATE COMMENT&#039;注册日期&#039;,<br />&nbsp; &nbsp; last_login TIMESTAMP COMMENT&#039;最后登录时间&#039;,<br />&nbsp; &nbsp; user_name STRING COMMENT&#039;用户名（非数值字段）&#039;,<br />&nbsp; &nbsp; order_amount_str STRING COMMENT&#039;订单金额字符串（数值字段）&#039;<br />)PARTITIONED BY(<br />&nbsp; &nbsp; order_date STRING COMMENT&#039;订单日期，格式yyyy-MM-dd&#039;<br />);<br /><br />-- 插入2026-01-12分区数据<br />INSERT INTO<br />&nbsp; &nbsp; pw_test.order_info PARTITION (order_date = &#039;2026-01-12&#039;)<br />VALUES<br />&nbsp; &nbsp; (<br />&nbsp; &nbsp; &nbsp; &nbsp; 1000,<br />&nbsp; &nbsp; &nbsp; &nbsp; 160,<br />&nbsp; &nbsp; &nbsp; &nbsp; NULL,<br />&nbsp; &nbsp; &nbsp; &nbsp; 265.2,<br />&nbsp; &nbsp; &nbsp; &nbsp; &#039;小米su7&#039;,<br />&nbsp; &nbsp; &nbsp; &nbsp; 25,<br />&nbsp; &nbsp; &nbsp; &nbsp; 80,<br />&nbsp; &nbsp; &nbsp; &nbsp; 10,<br />&nbsp; &nbsp; &nbsp; &nbsp; TRUE,<br />&nbsp; &nbsp; &nbsp; &nbsp; DATE &#039;2024-01-01&#039;,<br />&nbsp; &nbsp; &nbsp; &nbsp; TIMESTAMP &#039;2026-01-12 10:30:00&#039;,<br />&nbsp; &nbsp; &nbsp; &nbsp; &#039;张三&#039;,<br />&nbsp; &nbsp; &nbsp; &nbsp; &#039;265.20&#039;<br />&nbsp; &nbsp; ),<br />&nbsp; &nbsp; (<br />&nbsp; &nbsp; &nbsp; &nbsp; 102,<br />&nbsp; &nbsp; &nbsp; &nbsp; 170,<br />&nbsp; &nbsp; &nbsp; &nbsp; 66,<br />&nbsp; &nbsp; &nbsp; &nbsp; 140.80,<br />&nbsp; &nbsp; &nbsp; &nbsp; &#039;小米su7&#039;,<br />&nbsp; &nbsp; &nbsp; &nbsp; 30,<br />&nbsp; &nbsp; &nbsp; &nbsp; 85,<br />&nbsp; &nbsp; &nbsp; &nbsp; 5,<br />&nbsp; &nbsp; &nbsp; &nbsp; FALSE,<br />&nbsp; &nbsp; &nbsp; &nbsp; DATE &#039;2024-03-15&#039;,<br />&nbsp; &nbsp; &nbsp; &nbsp; TIMESTAMP &#039;2026-01-12 14:20:00&#039;,<br />&nbsp; &nbsp; &nbsp; &nbsp; &#039;李四&#039;,<br />&nbsp; &nbsp; &nbsp; &nbsp; &#039;140.80&#039;<br />&nbsp; &nbsp; ),<br />&nbsp; &nbsp; (<br />&nbsp; &nbsp; &nbsp; &nbsp; 1100,<br />&nbsp; &nbsp; &nbsp; &nbsp; 180.23,<br />&nbsp; &nbsp; &nbsp; &nbsp; 459897,<br />&nbsp; &nbsp; &nbsp; &nbsp; 187,<br />&nbsp; &nbsp; &nbsp; &nbsp; &#039;保时捷718&#039;,<br />&nbsp; &nbsp; &nbsp; &nbsp; 35,<br />&nbsp; &nbsp; &nbsp; &nbsp; 90,<br />&nbsp; &nbsp; &nbsp; &nbsp; 3,<br />&nbsp; &nbsp; &nbsp; &nbsp; TRUE,<br />&nbsp; &nbsp; &nbsp; &nbsp; DATE &#039;2024-06-20&#039;,<br />&nbsp; &nbsp; &nbsp; &nbsp; TIMESTAMP &#039;2026-01-12 09:15:00&#039;,<br />&nbsp; &nbsp; &nbsp; &nbsp; &#039;王五&#039;,<br />&nbsp; &nbsp; &nbsp; &nbsp; &#039;187.00&#039;<br />&nbsp; &nbsp; );<br /><br />-- 插入2026-01-13分区数据<br />INSERT INTO<br />&nbsp; &nbsp; pw_test.order_info PARTITION (order_date = &#039;2026-01-13&#039;)<br />VALUES<br />&nbsp; &nbsp; (<br />&nbsp; &nbsp; &nbsp; &nbsp; 1001,<br />&nbsp; &nbsp; &nbsp; &nbsp; 160,<br />&nbsp; &nbsp; &nbsp; &nbsp; NULL,<br />&nbsp; &nbsp; &nbsp; &nbsp; 265,<br />&nbsp; &nbsp; &nbsp; &nbsp; &#039;小米su7&#039;,<br />&nbsp; &nbsp; &nbsp; &nbsp; 26,<br />&nbsp; &nbsp; &nbsp; &nbsp; 82,<br />&nbsp; &nbsp; &nbsp; &nbsp; 15,<br />&nbsp; &nbsp; &nbsp; &nbsp; NULL,<br />&nbsp; &nbsp; &nbsp; &nbsp; CAST(&#039;2024-01-15&#039; AS DATE),<br />&nbsp; &nbsp; &nbsp; &nbsp; CAST(&#039;2026-01-13 11:00:00&#039; AS TIMESTAMP),<br />&nbsp; &nbsp; &nbsp; &nbsp; &#039;赵六&#039;,<br />&nbsp; &nbsp; &nbsp; &nbsp; &#039;265.00&#039;<br />&nbsp; &nbsp; ),<br />&nbsp; &nbsp; (<br />&nbsp; &nbsp; &nbsp; &nbsp; 1001,<br />&nbsp; &nbsp; &nbsp; &nbsp; 160,<br />&nbsp; &nbsp; &nbsp; &nbsp; NULL,<br />&nbsp; &nbsp; &nbsp; &nbsp; NULL,<br />&nbsp; &nbsp; &nbsp; &nbsp; &#039;小米su7&#039;,<br />&nbsp; &nbsp; &nbsp; &nbsp; 26,<br />&nbsp; &nbsp; &nbsp; &nbsp; 82,<br />&nbsp; &nbsp; &nbsp; &nbsp; 16,<br />&nbsp; &nbsp; &nbsp; &nbsp; FALSE,<br />&nbsp; &nbsp; &nbsp; &nbsp; CAST(NULL AS DATE),<br />&nbsp; &nbsp; &nbsp; &nbsp; CAST(&#039;2026-01-13 15:30:00&#039; AS TIMESTAMP),<br />&nbsp; &nbsp; &nbsp; &nbsp; &#039;孙七&#039;,<br />&nbsp; &nbsp; &nbsp; &nbsp; NULL<br />&nbsp; &nbsp; ),<br />&nbsp; &nbsp; (<br />&nbsp; &nbsp; &nbsp; &nbsp; 102,<br />&nbsp; &nbsp; &nbsp; &nbsp; 170,<br />&nbsp; &nbsp; &nbsp; &nbsp; 66,<br />&nbsp; &nbsp; &nbsp; &nbsp; 15483.568,<br />&nbsp; &nbsp; &nbsp; &nbsp; &#039;小米su7&#039;,<br />&nbsp; &nbsp; &nbsp; &nbsp; 31,<br />&nbsp; &nbsp; &nbsp; &nbsp; 87,<br />&nbsp; &nbsp; &nbsp; &nbsp; 8,<br />&nbsp; &nbsp; &nbsp; &nbsp; TRUE,<br />&nbsp; &nbsp; &nbsp; &nbsp; CAST(&#039;2024-04-01&#039; AS DATE),<br />&nbsp; &nbsp; &nbsp; &nbsp; CAST(NULL AS TIMESTAMP),<br />&nbsp; &nbsp; &nbsp; &nbsp; &#039;周八&#039;,<br />&nbsp; &nbsp; &nbsp; &nbsp; &#039;15483.568&#039;<br />&nbsp; &nbsp; ),<br />&nbsp; &nbsp; (<br />&nbsp; &nbsp; &nbsp; &nbsp; 1001,<br />&nbsp; &nbsp; &nbsp; &nbsp; 160,<br />&nbsp; &nbsp; &nbsp; &nbsp; NULL,<br />&nbsp; &nbsp; &nbsp; &nbsp; 265,<br />&nbsp; &nbsp; &nbsp; &nbsp; &#039;小米su7&#039;,<br />&nbsp; &nbsp; &nbsp; &nbsp; 26,<br />&nbsp; &nbsp; &nbsp; &nbsp; 82,<br />&nbsp; &nbsp; &nbsp; &nbsp; 17,<br />&nbsp; &nbsp; &nbsp; &nbsp; FALSE,<br />&nbsp; &nbsp; &nbsp; &nbsp; CAST(&#039;2024-01-15&#039; AS DATE),<br />&nbsp; &nbsp; &nbsp; &nbsp; CAST(&#039;2026-01-13 18:20:00&#039; AS TIMESTAMP),<br />&nbsp; &nbsp; &nbsp; &nbsp; &#039;吴九&#039;,<br />&nbsp; &nbsp; &nbsp; &nbsp; &#039;265.00&#039;<br />&nbsp; &nbsp; ),<br />&nbsp; &nbsp; (<br />&nbsp; &nbsp; &nbsp; &nbsp; 110030,<br />&nbsp; &nbsp; &nbsp; &nbsp; 180.23,<br />&nbsp; &nbsp; &nbsp; &nbsp; 459897,<br />&nbsp; &nbsp; &nbsp; &nbsp; 80.55485,<br />&nbsp; &nbsp; &nbsp; &nbsp; &#039;保时捷718&#039;,<br />&nbsp; &nbsp; &nbsp; &nbsp; 36,<br />&nbsp; &nbsp; &nbsp; &nbsp; 92,<br />&nbsp; &nbsp; &nbsp; &nbsp; 5,<br />&nbsp; &nbsp; &nbsp; &nbsp; NULL,<br />&nbsp; &nbsp; &nbsp; &nbsp; CAST(&#039;2024-07-10&#039; AS DATE),<br />&nbsp; &nbsp; &nbsp; &nbsp; CAST(NULL AS TIMESTAMP),<br />&nbsp; &nbsp; &nbsp; &nbsp; &#039;郑十&#039;,<br />&nbsp; &nbsp; &nbsp; &nbsp; &#039;80.55485&#039;<br />&nbsp; &nbsp; ),<br />&nbsp; &nbsp; (<br />&nbsp; &nbsp; &nbsp; &nbsp; 110030,<br />&nbsp; &nbsp; &nbsp; &nbsp; 180.23,<br />&nbsp; &nbsp; &nbsp; &nbsp; 459897,<br />&nbsp; &nbsp; &nbsp; &nbsp; 80.55485,<br />&nbsp; &nbsp; &nbsp; &nbsp; &#039;保时捷718&#039;,<br />&nbsp; &nbsp; &nbsp; &nbsp; 36,<br />&nbsp; &nbsp; &nbsp; &nbsp; 92,<br />&nbsp; &nbsp; &nbsp; &nbsp; 6,<br />&nbsp; &nbsp; &nbsp; &nbsp; FALSE,<br />&nbsp; &nbsp; &nbsp; &nbsp; CAST(&#039;2024-07-10&#039; AS DATE),<br />&nbsp; &nbsp; &nbsp; &nbsp; CAST(&#039;2026-01-13 14:05:00&#039; AS TIMESTAMP),<br />&nbsp; &nbsp; &nbsp; &nbsp; &#039;钱十一&#039;,<br />&nbsp; &nbsp; &nbsp; &nbsp; &#039;80.55485&#039;<br />&nbsp; &nbsp; ),<br />&nbsp; &nbsp; (<br />&nbsp; &nbsp; &nbsp; &nbsp; 11003,<br />&nbsp; &nbsp; &nbsp; &nbsp; 180.23,<br />&nbsp; &nbsp; &nbsp; &nbsp; 459897,<br />&nbsp; &nbsp; &nbsp; &nbsp; NULL,<br />&nbsp; &nbsp; &nbsp; &nbsp; &#039;保时捷718&#039;,<br />&nbsp; &nbsp; &nbsp; &nbsp; 36,<br />&nbsp; &nbsp; &nbsp; &nbsp; 92,<br />&nbsp; &nbsp; &nbsp; &nbsp; 7,<br />&nbsp; &nbsp; &nbsp; &nbsp; FALSE,<br />&nbsp; &nbsp; &nbsp; &nbsp; CAST(NULL AS DATE),<br />&nbsp; &nbsp; &nbsp; &nbsp; CAST(&#039;2026-01-13 16:40:00&#039; AS TIMESTAMP),<br />&nbsp; &nbsp; &nbsp; &nbsp; &#039;孙十二&#039;,<br />&nbsp; &nbsp; &nbsp; &nbsp; NULL<br />&nbsp; &nbsp; ),<br />&nbsp; &nbsp; (<br />&nbsp; &nbsp; &nbsp; &nbsp; 1001,<br />&nbsp; &nbsp; &nbsp; &nbsp; 160,<br />&nbsp; &nbsp; &nbsp; &nbsp; NULL,<br />&nbsp; &nbsp; &nbsp; &nbsp; 265,<br />&nbsp; &nbsp; &nbsp; &nbsp; NULL,<br />&nbsp; &nbsp; &nbsp; &nbsp; 26,<br />&nbsp; &nbsp; &nbsp; &nbsp; 82,<br />&nbsp; &nbsp; &nbsp; &nbsp; 17,<br />&nbsp; &nbsp; &nbsp; &nbsp; FALSE,<br />&nbsp; &nbsp; &nbsp; &nbsp; CAST(&#039;2024-01-15&#039; AS DATE),<br />&nbsp; &nbsp; &nbsp; &nbsp; CAST(&#039;2026-01-13 18:20:00&#039; AS TIMESTAMP),<br />&nbsp; &nbsp; &nbsp; &nbsp; &#039;李十三&#039;,<br />&nbsp; &nbsp; &nbsp; &nbsp; &#039;265.00&#039;<br />&nbsp; &nbsp; ),<br />&nbsp; &nbsp; (<br />&nbsp; &nbsp; &nbsp; &nbsp; 11003,<br />&nbsp; &nbsp; &nbsp; &nbsp; 180.23,<br />&nbsp; &nbsp; &nbsp; &nbsp; 459897,<br />&nbsp; &nbsp; &nbsp; &nbsp; 80.55485,<br />&nbsp; &nbsp; &nbsp; &nbsp; NULL,<br />&nbsp; &nbsp; &nbsp; &nbsp; 36,<br />&nbsp; &nbsp; &nbsp; &nbsp; 92,<br />&nbsp; &nbsp; &nbsp; &nbsp; 5,<br />&nbsp; &nbsp; &nbsp; &nbsp; NULL,<br />&nbsp; &nbsp; &nbsp; &nbsp; CAST(&#039;2024-07-10&#039; AS DATE),<br />&nbsp; &nbsp; &nbsp; &nbsp; CAST(NULL AS TIMESTAMP),<br />&nbsp; &nbsp; &nbsp; &nbsp; &#039;王十四&#039;,<br />&nbsp; &nbsp; &nbsp; &nbsp; &#039;80.55485&#039;<br />&nbsp; &nbsp; );</p>
<p>2、已存在标准目录：test</p>","1. 进入「资产-数据标准-标准定义」页面
2. 新建标准配置如下：
「中文名称」：「总额」
「英文名称」：「amount」
「英文缩写」：「at」
「标准目录」：「test」
「车型」：「小米su7，保时捷718」
1）小米su7：
「数据类型」：「数值型」
「数据长度」：「<=5」
「数据精度」：「3/2」
「是否允许为空」：「不可空」
「是否允许重复」：「不可重复」
「默认值」：「1」
「取值范围」：「>=10且<=280」
「初始值」：「2」
「无效值」：「0.1」
「精度倍数」：「2.2」
「偏移量」：「0.02」；
2）保时捷718：
「数据类型」：「数值型」
「数据长度」：「<=5」
「数据精度」：「3/2」
「是否允许为空」：「不可空」
「是否允许重复」：「不可重复」
「默认值」：「1」
「取值范围」：「>=180且<=999」
「初始值」：「2」
「无效值」：「0.1」
「精度倍数」：「2.2」
「偏移量」：「0.02」；
点击【上线】
3. 点击「标准映射」页面，进行标准映射
4. 给该标准绑定字段：绑定user_name 字段
5. 点击「落标检查」页面，新增检查任务，检查内容配置如下：
「数据源」：「${DATASOURCE}」
「数据库」：「${DATABASE}」
「数据表」：「order_info」
不设置分区
「标准目录」：「test」
「车型关联字段」：「car_model」；
点击【下一步】
6. 开启user_name 字段的检查，设置检查项为：全部；
点击【下一步】
7. 配置调度属性为按天运行，其余内容正确配置；点击【新增并立即执行】
8. 等待检查完成，查看【落标检查设置】tab列表
9. 点击【操作-查看结果详情】
10. 查看【落标检查结果】tab列表
11. 点击【操作-查看详情】
12. 点击列表里未达标检查项对应的的【操作-查看详情】
13. 根据文档步骤通过底层数据库查看该检查任务的sql
14. 等待该检查任务按周期运行完成，查看结果详情","1. 页面正常打开
2. 内容配置成功；
标准成功上线
3. 标准映射列表新增该标准
4. 字段绑定成功
5. 检查内容配置成功；
进入选择字段页面
6. 成功开启检查，检查项全部包含字符串长度、数据精度、精度倍数、空值数、重复数、取值范围；
进入调度配置页面
7. 保存成功，任务进入检查中状态
8. 显示对应的正确数据表名称、所属数据源、所属数据库、检查字段数/总字段数、检查周期、检查状态、标准达标率、不达标字段数/检查失败数、最近编辑时间、最近检查时间、操作。
9. 跳转至【落标检查结果】tab
10. 显示对应的正确数据源、数据库、数据表、字段、检查状态、是否达标、检查开始时间、检查结束时间、操作。
11. 检查结果详情包含以下信息：
1）检查信息：检查数据源、数据库、数据表、字段与配置的内容一致；
2）检查结果列表：各类检查项达标情况正确（数据精度、精度倍数、取值范围始终为达标），开始检查时间、结束检查时间正确，未达标的检查项操作为“查看详情”
3）关联标准详情与前面配置的内容一致
12. 1）为脏数据明细，显示不符合检查项的数据，标红展示
2）行数<=100
13. 每个字段里字符串长度、数据精度、空值数、取值范围、精度倍数的sql进行合并：
1）源表只扫描一次：FROM 后面的源表只出现 1 次；
​2）所有可合并规则写在同一个select里面：用多个 SUM (CASE WHEN) 把规则并行计算；
3）计算后再把结果拆成多行，每行代表单个规则进行输出，最终把结果插入同一张脏数据表
重复数sql不进行合并：
1）只有单个select计算语句，不参与SUM (CASE WHEN)并行计算逻辑
2）脏数据存储于另一张脏数据表
14. 检查项达标情况正确，详情正确，脏数据明细正确","1. 
2. 
3. 
4. 
5. 
6. 
7. 
8. 
9. 
10. 
11. 
12. 
13. 
14.","","1","功能测试","功能测试阶段","正常","0","0","14","","听筠","2026-06-03","听筠","2026-06-04","2","",""
"186475","数据资产_STD(#23)","/版本迭代测试用例/v6.4.11/【岚图】【数据资产】落标检查任务性能优化，规则sql合并/不同的数据类型(#10608)","【岚图】【数据资产】数据质量任务、落标检查任务性能优化，规则sql合并(#15862)","有车型 验证「有车型」-「绑定车型关联字段」-「float/double/decimal数据类型」校验逻辑正确","1、已存在表order_info
CREATE TABLE IF NOT EXISTS pw_test.order_info (
user_id INT COMMENT &#039;用户ID&#039;,
tall FLOAT COMMENT &#039;身高&#039;,
weight DOUBLE COMMENT &#039;体重&#039;,
amount DECIMAL(10,3) COMMENT &#039;金额&#039;,
car_model STRING COMMENT &#039;车型&#039;,
age BYTE COMMENT &#039;年龄&#039;,
score SHORT COMMENT &#039;评分&#039;,
total_orders LONG COMMENT &#039;总订单数&#039;,
is_vip BOOLEAN COMMENT &#039;是否VIP&#039;,
register_date DATE COMMENT &#039;注册日期&#039;,
last_login TIMESTAMP COMMENT &#039;最后登录时间&#039;
)
PARTITIONED BY (order_date STRING COMMENT &#039;订单日期，格式yyyy-MM-dd&#039;);
-- 插入2026-01-12分区数据
INSERT INTO pw_test.order_info PARTITION (order_date=&#039;2026-01-12&#039;)
VALUES
(1000, 160, NULL, 265.2, &#039;小米su7&#039;, 25, 80, 10, TRUE, DATE &#039;2024-01-01&#039;, TIMESTAMP &#039;2026-01-12 10:30:00&#039;),
(102, 170, 66, 140.80, &#039;小米su7&#039;, 30, 85, 5, FALSE, DATE &#039;2024-03-15&#039;, TIMESTAMP &#039;2026-01-12 14:20:00&#039;),
(1100, 180.23, 459897, 187, &#039;保时捷718&#039;, 35, 90, 3, TRUE, DATE &#039;2024-06-20&#039;, TIMESTAMP &#039;2026-01-12 09:15:00&#039;);
-- 插入2026-01-13分区数据
INSERT INTO pw_test.order_info PARTITION (order_date=&#039;2026-01-13&#039;)
VALUES
(1001, 160, NULL, 265, &#039;小米su7&#039;, 26, 82, 15, NULL, CAST(&#039;2024-01-15&#039; AS DATE), CAST(&#039;2026-01-13 11:00:00&#039; AS TIMESTAMP)),
(1001, 160, NULL, NULL, &#039;小米su7&#039;, 26, 82, 16, FALSE, CAST(NULL AS DATE), CAST(&#039;2026-01-13 15:30:00&#039; AS TIMESTAMP)),
(102, 170, 66, 15483.568, &#039;小米su7&#039;, 31, 87, 8, TRUE, CAST(&#039;2024-04-01&#039; AS DATE), CAST(NULL AS TIMESTAMP)),
(1001, 160, NULL, 265, &#039;小米su7&#039;, 26, 82, 17, FALSE, CAST(&#039;2024-01-15&#039; AS DATE), CAST(&#039;2026-01-13 18:20:00&#039; AS TIMESTAMP)),
(110030, 180.23, 459897, 80.55485, &#039;保时捷718&#039;, 36, 92, 5, NULL, CAST(&#039;2024-07-10&#039; AS DATE), CAST(NULL AS TIMESTAMP)),
(110030, 180.23, 459897, 80.55485, &#039;保时捷718&#039;, 36, 92, 6, FALSE, CAST(&#039;2024-07-10&#039; AS DATE), CAST(&#039;2026-01-13 14:05:00&#039; AS TIMESTAMP)),
(11003, 180.23, 459897, NULL, &#039;保时捷718&#039;, 36, 92, 7, FALSE, CAST(NULL AS DATE), CAST(&#039;2026-01-13 16:40:00&#039; AS TIMESTAMP)),
(1001, 160, NULL, 265, NULL, 26, 82, 17, FALSE, CAST(&#039;2024-01-15&#039; AS DATE), CAST(&#039;2026-01-13 18:20:00&#039; AS TIMESTAMP)),
(11003, 180.23, 459897, 80.55485, NULL, 36, 92, 5, NULL, CAST(&#039;2024-07-10&#039; AS DATE), CAST(NULL AS TIMESTAMP));

2、已存在标准目录：test","1. 进入「资产-数据标准-标准定义」页面
2. 新建标准配置如下：
「中文名称」：「总额」
「英文名称」：「amount」
「英文缩写」：「at」
「标准目录」：「test」
「车型」：「小米su7，保时捷718」
1）小米su7：
「数据类型」：「数值型」
「数据长度」：「<=5」
「数据精度」：「3/2」
「是否允许为空」：「不可空」
「是否允许重复」：「不可重复」
「默认值」：「1」
「取值范围」：「>=10且<=280」
「初始值」：「2」
「无效值」：「0.1」
「精度倍数」：「2.2」
「偏移量」：「0.02」；
2）保时捷718：
「数据类型」：「数值型」
「数据长度」：「<=5」
「数据精度」：「3/2」
「是否允许为空」：「不可空」
「是否允许重复」：「不可重复」
「默认值」：「1」
「取值范围」：「>=180且<=999」
「初始值」：「2」
「无效值」：「0.1」
「精度倍数」：「2.2」
「偏移量」：「0.02」；
点击【上线】
3. 点击「标准映射」页面，进行标准映射
4. 给该标准绑定字段：绑定tall、weight、amount字段
5. 点击「落标检查」页面，新增检查任务，检查内容配置如下：
「数据源」：「${DATASOURCE}」
「数据库」：「${DATABASE}」
「数据表」：「order_info」
不设置分区
「标准目录」：「test」
「车型关联字段」：「car_model」；
点击【下一步】
6. 开启tall、weight、amount字段的检查，设置检查项为：全部；
点击【下一步】
7. 配置调度属性为按天运行，其余内容正确配置；点击【新增并立即执行】
8. 等待检查完成，查看【落标检查设置】tab列表
9. 点击【操作-查看结果详情】
10. 查看【落标检查结果】tab列表
11. 点击【操作-查看详情】
12. 点击列表里未达标检查项对应的的【操作-查看详情】
13. 根据文档步骤通过底层数据库查看该检查任务的sql
14. 等待该检查任务按周期运行完成，查看结果详情","1. 页面正常打开
2. 内容配置成功；
标准成功上线
3. 标准映射列表新增该标准
4. 字段绑定成功
5. 检查内容配置成功；
进入选择字段页面
6. 成功开启检查，检查项全部包含字符串长度、数据精度、精度倍数、空值数、重复数、取值范围；
进入调度配置页面
7. 保存成功，任务进入检查中状态
8. 显示对应的正确数据表名称、所属数据源、所属数据库、检查字段数/总字段数、检查周期、检查状态、标准达标率、不达标字段数/检查失败数、最近编辑时间、最近检查时间、操作。
9. 跳转至【落标检查结果】tab
10. 显示对应的正确数据源、数据库、数据表、字段、检查状态、是否达标、检查开始时间、检查结束时间、操作。
11. 检查结果详情包含以下信息：
1）检查信息：检查数据源、数据库、数据表、字段与配置的内容一致；
2）检查结果列表：各类检查项达标情况正确，开始检查时间、结束检查时间正确，未达标的检查项操作为“查看详情”
3）关联标准详情与前面配置的内容一致
12. 1）为脏数据明细，显示不符合检查项的数据，标红展示
2）行数<=100
13. 每个字段里字符串长度、数据精度、空值数、取值范围、精度倍数的sql进行合并：
1）源表只扫描一次：FROM 后面的源表只出现 1 次；
​2）所有可合并规则写在同一个select里面：用多个 SUM (CASE WHEN) 把规则并行计算；
3）计算后再把结果拆成多行，每行代表单个规则进行输出，最终把结果插入同一张脏数据表
重复数sql不进行合并：
1）只有单个select计算语句，不参与SUM (CASE WHEN)并行计算逻辑
2）脏数据存储于另一张脏数据表
14. 检查项达标情况正确，详情正确，脏数据明细正确","1. 
2. 
3. 
4. 
5. 
6. 
7. 
8. 
9. 
10. 
11. 
12. 
13. 
14.","","2","功能测试","功能测试阶段","正常","0","0","14","","听筠","2026-06-03","","0000-00-00","1","",""
"186474","数据资产_STD(#23)","/版本迭代测试用例/v6.4.11/【岚图】【数据资产】落标检查任务性能优化，规则sql合并/不同的数据类型(#10608)","【岚图】【数据资产】数据质量任务、落标检查任务性能优化，规则sql合并(#15862)","有车型 验证「有车型」-「绑定车型关联字段」-「byte/short/int/long数据类型」校验逻辑正确","1、已存在表order_info
CREATE TABLE IF NOT EXISTS pw_test.order_info (
user_id INT COMMENT &#039;用户ID&#039;,
tall FLOAT COMMENT &#039;身高&#039;,
weight DOUBLE COMMENT &#039;体重&#039;,
amount DECIMAL(10,3) COMMENT &#039;金额&#039;,
car_model STRING COMMENT &#039;车型&#039;,
age BYTE COMMENT &#039;年龄&#039;,
score SHORT COMMENT &#039;评分&#039;,
total_orders LONG COMMENT &#039;总订单数&#039;,
is_vip BOOLEAN COMMENT &#039;是否VIP&#039;,
register_date DATE COMMENT &#039;注册日期&#039;,
last_login TIMESTAMP COMMENT &#039;最后登录时间&#039;
)
PARTITIONED BY (order_date STRING COMMENT &#039;订单日期，格式yyyy-MM-dd&#039;);
-- 插入2026-01-12分区数据
INSERT INTO pw_test.order_info PARTITION (order_date=&#039;2026-01-12&#039;)
VALUES
(1000, 160, NULL, 265.2, &#039;小米su7&#039;, 25, 80, 10, TRUE, DATE &#039;2024-01-01&#039;, TIMESTAMP &#039;2026-01-12 10:30:00&#039;),
(102, 170, 66, 140.80, &#039;小米su7&#039;, 30, 85, 5, FALSE, DATE &#039;2024-03-15&#039;, TIMESTAMP &#039;2026-01-12 14:20:00&#039;),
(1100, 180.23, 459897, 187, &#039;保时捷718&#039;, 35, 90, 3, TRUE, DATE &#039;2024-06-20&#039;, TIMESTAMP &#039;2026-01-12 09:15:00&#039;);
-- 插入2026-01-13分区数据
INSERT INTO pw_test.order_info PARTITION (order_date=&#039;2026-01-13&#039;)
VALUES
(1001, 160, NULL, 265, &#039;小米su7&#039;, 26, 82, 15, NULL, CAST(&#039;2024-01-15&#039; AS DATE), CAST(&#039;2026-01-13 11:00:00&#039; AS TIMESTAMP)),
(1001, 160, NULL, NULL, &#039;小米su7&#039;, 26, 82, 16, FALSE, CAST(NULL AS DATE), CAST(&#039;2026-01-13 15:30:00&#039; AS TIMESTAMP)),
(102, 170, 66, 15483.568, &#039;小米su7&#039;, 31, 87, 8, TRUE, CAST(&#039;2024-04-01&#039; AS DATE), CAST(NULL AS TIMESTAMP)),
(1001, 160, NULL, 265, &#039;小米su7&#039;, 26, 82, 17, FALSE, CAST(&#039;2024-01-15&#039; AS DATE), CAST(&#039;2026-01-13 18:20:00&#039; AS TIMESTAMP)),
(110030, 180.23, 459897, 80.55485, &#039;保时捷718&#039;, 36, 92, 5, NULL, CAST(&#039;2024-07-10&#039; AS DATE), CAST(NULL AS TIMESTAMP)),
(110030, 180.23, 459897, 80.55485, &#039;保时捷718&#039;, 36, 92, 6, FALSE, CAST(&#039;2024-07-10&#039; AS DATE), CAST(&#039;2026-01-13 14:05:00&#039; AS TIMESTAMP)),
(11003, 180.23, 459897, NULL, &#039;保时捷718&#039;, 36, 92, 7, FALSE, CAST(NULL AS DATE), CAST(&#039;2026-01-13 16:40:00&#039; AS TIMESTAMP)),
(1001, 160, NULL, 265, NULL, 26, 82, 17, FALSE, CAST(&#039;2024-01-15&#039; AS DATE), CAST(&#039;2026-01-13 18:20:00&#039; AS TIMESTAMP)),
(11003, 180.23, 459897, 80.55485, NULL, 36, 92, 5, NULL, CAST(&#039;2024-07-10&#039; AS DATE), CAST(NULL AS TIMESTAMP));

2、已存在标准目录：test","1. 进入「资产-数据标准-标准定义」页面
2. 新建标准配置如下：
「中文名称」：「用户ID」
「英文名称」：「user_id」
「英文缩写」：「uid」
「标准目录」：「test」
「车型」：「小米su7，保时捷718」
1）小米su7：
「数据类型」：「数值型」
「数据长度」：「<=4」
「数据精度」：「4/2」
「是否允许为空」：「不可空」
「是否允许重复」：「不可重复」
「默认值」：「1」
「取值范围」：「>=10且<=1200」
「初始值」：「2」
「无效值」：「0.1」
「精度倍数」：「2」
「偏移量」：「0.02」；
2）保时捷718：
「数据类型」：「数值型」
「数据长度」：「<=5」
「数据精度」：「5/2」
「是否允许为空」：「不可空」
「是否允许重复」：「不可重复」
「默认值」：「1」
「取值范围」：「>=100且<=1200」
「初始值」：「2」
「无效值」：「0.1」
「精度倍数」：「2」
「偏移量」：「0.02」；
点击【上线】
3. 点击「标准映射」页面，进行标准映射
4. 给该标准绑定字段：绑定user_id、age、score、total_orders字段
5. 点击「落标检查」页面，新增检查任务，检查内容配置如下：
「数据源」：「${DATASOURCE}」
「数据库」：「${DATABASE}」
「数据表」：「order_info」
「选择已有分区」：「dt=2026-01-12」
「标准目录」：「test」
「车型关联字段」：「car_model」；
点击【下一步】
6. 开启user_id、age、score、total_orders字段的检查，设置检查项为：全部；
点击【下一步】
7. 配置调度属性为按天运行，其余内容正确配置；点击【新增并立即执行】
8. 等待检查完成，查看【落标检查设置】tab列表
9. 点击【操作-查看结果详情】
10. 查看【落标检查结果】tab列表
11. 点击【操作-查看详情】
12. 点击列表里未达标检查项对应的的【操作-查看详情】
13. 根据文档步骤通过底层数据库查看该检查任务的sql
14. 等待该检查任务按周期运行完成，查看结果详情","1. 页面正常打开
2. 内容配置成功；
标准成功上线
3. 标准映射列表新增该标准
4. 字段绑定成功
5. 检查内容配置成功；
进入选择字段页面
6. 成功开启检查，检查项全部包含字符串长度、数据精度、精度倍数、空值数、重复数、取值范围；
进入调度配置页面
7. 保存成功，任务进入检查中状态
8. 显示对应的正确数据表名称、所属数据源、所属数据库、检查字段数/总字段数、检查周期、检查状态、标准达标率、不达标字段数/检查失败数、最近编辑时间、最近检查时间、操作。
9. 跳转至【落标检查结果】tab
10. 显示对应的正确数据源、数据库、数据表、字段、检查状态、是否达标、检查开始时间、检查结束时间、操作。
11. 检查结果详情包含以下信息：
1）检查信息：检查数据源、数据库、数据表、字段与配置的内容一致；
2）检查结果列表：各类检查项达标情况正确（数据精度只针对小数点前最大位进行校验），开始检查时间、结束检查时间正确，未达标的检查项操作为“查看详情”
3）关联标准详情与前面配置的内容一致
12. 1）为脏数据明细，显示不符合检查项的数据，标红展示
2）行数<=100
13. 每个字段里字符串长度、数据精度、空值数、取值范围、精度倍数的sql进行合并：
1）源表只扫描一次：FROM 后面的源表只出现 1 次；
​2）所有可合并规则写在同一个select里面：用多个 SUM (CASE WHEN) 把规则并行计算；
3）计算后再把结果拆成多行，每行代表单个规则进行输出，最终把结果插入同一张脏数据表
重复数sql不进行合并：
1）只有单个select计算语句，不参与SUM (CASE WHEN)并行计算逻辑
2）脏数据存储于另一张脏数据表
14. 检查项达标情况正确，详情正确，脏数据明细正确","1. 
2. 
3. 
4. 
5. 
6. 
7. 
8. 
9. 
10. 
11. 
12. 
13. 
14.","","2","功能测试","功能测试阶段","正常","0","0","14","","听筠","2026-06-03","","0000-00-00","1","",""
"186473","数据资产_STD(#23)","/版本迭代测试用例/v6.4.11/【岚图】【数据资产】落标检查任务性能优化，规则sql合并/不同的数据类型(#10608)","【岚图】【数据资产】数据质量任务、落标检查任务性能优化，规则sql合并(#15862)","无车型 验证「无车型」-「date/timestamp数据类型」校验逻辑正确","1、已存在表test_info_1
CREATE TABLE pw_test.test_info_1 (
id INT COMMENT &#039;用户ID&#039;,
string_num STRING COMMENT &#039;string类型的编号&#039;,
name STRING COMMENT &#039;姓名&#039;,
money DOUBLE COMMENT &#039;金额&#039;,
byte_field BYTE COMMENT &#039;byte类型字段&#039;,
short_field SHORT COMMENT &#039;short类型字段&#039;,
long_field LONG COMMENT &#039;long类型字段&#039;,
float_field FLOAT COMMENT &#039;float类型字段&#039;,
decimal_field DECIMAL(10,2) COMMENT &#039;decimal类型字段&#039;,
boolean_field BOOLEAN COMMENT &#039;boolean类型字段&#039;,
date_field DATE COMMENT &#039;date类型字段&#039;,
timestamp_field TIMESTAMP COMMENT &#039;timestamp类型字段&#039;
)
COMMENT &#039;测试信息表&#039;
PARTITIONED BY (
dt STRING COMMENT &#039;分区日期，格式：yyyy-MM-dd&#039;
)
STORED AS ORC;
-- dt = &#039;2026-05-27&#039;
INSERT INTO pw_test.test_info_1 PARTITION (dt=&#039;2026-05-27&#039;)
VALUES
(2, &#039;A001&#039;, &#039;王小明&#039;, 4.00, 20, 1, 10, 65.5, 99.99, TRUE, DATE &#039;2025-01-01&#039;, TIMESTAMP &#039;2026-05-27 08:30:00&#039;),
(4, &#039;B002&#039;, &#039;陈小红&#039;, 6.00, 25, 200, 200, 70.2, 199.99, FALSE, DATE &#039;2025-02-15&#039;, TIMESTAMP &#039;2026-05-27 10:15:00&#039;),
(6, &#039;C003&#039;, &#039;张大力&#039;, 10.00, 30, 300, 300, 75.8, 299.99, TRUE, DATE &#039;2025-03-20&#039;, TIMESTAMP &#039;2026-05-27 14:45:00&#039;),
(8, &#039;D004&#039;, &#039;李芳芳&#039;, 14.00, 22, 150, 150, 68.3, 399.99, FALSE, DATE &#039;2025-04-10&#039;, TIMESTAMP &#039;2026-05-27 09:20:00&#039;),
(10, &#039;E005&#039;, &#039;刘建国&#039;, 18.00, 28, 250, 250, 72.6, 499.99, TRUE, DATE &#039;2025-05-05&#039;, TIMESTAMP &#039;2026-05-27 16:00:00&#039;),
(12, &#039;F006&#039;, &#039;赵丽丽&#039;, 20.00, 35, 350, 350, 80.1, 599.99, FALSE, DATE &#039;2025-06-25&#039;, TIMESTAMP &#039;2026-05-27 11:30:00&#039;);
-- dt = &#039;2026-05-28&#039;
INSERT INTO pw_test.test_info_1 PARTITION (dt=&#039;2026-05-28&#039;)
VALUES
(101, &#039;XYZ001&#039;, &#039;欧阳静&#039;, 24.00, 100, 32767, NULL, 85.5, 888.88, FALSE, CAST(NULL AS DATE), CAST(&#039;2026-05-28 09:00:00&#039; AS TIMESTAMP)),
(102, &#039;XYZ002&#039;, &#039;慕容白&#039;, NULL, -50, -200, -5000, -10.5, -94879459.99, NULL, CAST(&#039;2024-11-15&#039; AS DATE), CAST(NULL AS TIMESTAMP)),
(NULL, &#039;XYZ003&#039;, &#039;令狐冲&#039;, 123.45, 107, 32767, 9223372036854775807, 99.9984545, 1234.56, FALSE, CAST(&#039;2024-10-20&#039; AS DATE), CAST(&#039;2026-05-28 15:45:00&#039; AS TIMESTAMP)),
(102, &#039;XYZ001&#039;, &#039;欧阳静&#039;, 25.001548952140236541, NULL, NULL, 0, NULL, 1234.56, TRUE, CAST(&#039;2024-11-15&#039; AS DATE), CAST(&#039;2026-05-28 11:20:00&#039; AS TIMESTAMP)),
(105, NULL, NULL, 18.50, 100, 999, 0, 88.8, NULL, FALSE, CAST(&#039;2024-08-05&#039; AS DATE), CAST(&#039;2026-05-28 14:10:00&#039; AS TIMESTAMP)),
(106, &#039;XYZ003&#039;, NULL, 123.45, 107, 999, 90, 88.8, 888.88, TRUE, CAST(&#039;2024-07-25&#039; AS DATE), CAST(&#039;2026-05-28 09:00:00&#039; AS TIMESTAMP));
2、已存在标准目录：test","1. 进入「资产-数据标准-标准定义」页面
2. 新建标准配置如下：
「中文名称」：「姓名」
「英文名称」：「name」
「英文缩写」：「ne」
「标准目录」：「test」
无车型
「数据类型」：「字符型」
「数据长度」：「<=3」
「数据精度」：「2/2」
「是否允许为空」：「不可空」
「是否允许重复」：「不可重复」
「默认值」：「1」
「取值范围」：「>1且<=50」
「初始值」：「2」
「无效值」：「0.1」
「精度倍数」：「2」
「偏移量」：「0.02」；
点击【上线】
3. 点击「标准映射」页面，进行标准映射
4. 给该标准绑定字段：绑定date_field、timestamp_field字段
5. 点击「落标检查」页面，新增检查任务，检查内容配置如下：
「数据源」：「${DATASOURCE}」
「数据库」：「${DATABASE}」
「数据表」：「test_info_1」
不设置分区
「标准目录」：「test」
不配置「车型关联字段」；
点击【下一步】
6. 开启date_field、timestamp_field字段的检查，设置检查项为：全部；
点击【下一步】
7. 配置调度属性为按天运行，其余内容正确配置；点击【新增并立即执行】
8. 等待检查完成，查看【落标检查设置】tab列表
9. 点击【操作-查看结果详情】
10. 查看【落标检查结果】tab列表
11. 点击【操作-查看详情】
12. 点击列表里未达标检查项对应的的【操作-查看详情】
13. 根据文档步骤通过底层数据库查看该检查任务的sql
14. 等待该检查任务按周期运行完成，查看结果详情","1. 页面正常打开
2. 内容配置成功；
标准成功上线
3. 标准映射列表新增该标准
4. 字段绑定成功
5. 检查内容配置成功；
进入选择字段页面
6. 成功开启检查，检查项全部仅包含：空值数、重复数；
进入调度配置页面
7. 保存成功，任务进入检查中状态
8. 显示对应的正确数据表名称、所属数据源、所属数据库、检查字段数/总字段数、检查周期、检查状态、标准达标率、不达标字段数/检查失败数、最近编辑时间、最近检查时间、操作。
9. 跳转至【落标检查结果】tab
10. 显示对应的正确数据源、数据库、数据表、字段、检查状态、是否达标、检查开始时间、检查结束时间、操作。
11. 检查结果详情包含以下信息：
1）检查信息：检查数据源、数据库、数据表、字段与配置的内容一致；
2）检查结果列表：“空值数、重复数”检查项达标情况正确，开始检查时间、结束检查时间正确，未达标的检查项操作为“查看详情”
3）关联标准详情与前面配置的内容一致
12. 1）为脏数据明细，显示不符合检查项的数据，标红展示
2）行数<=100
13. 两个字段的空值数进行sql合并：
1）扫描一次源数据表
2）写在同一个select里面：用两个 SUM (CASE WHEN) 把规则并行计算；
3）结果插入同一张脏数据表
两个字段的重复数未进行sql合并：
1）两个字段的重复数单独分开去读取一遍源数据表；
​2）两个字段重复数的判断计算语句分开写，一条规则对应一个select语句，无SUM (CASE WHEN)并行计算逻辑
​3）两个字段的重复数脏数据分开存入不同的脏数据表
14. 检查项达标情况正确，详情正确，脏数据明细正确","1. 
2. 
3. 
4. 
5. 
6. 
7. 
8. 
9. 
10. 
11. 
12. 
13. 
14.","","1","功能测试","功能测试阶段","正常","0","1","14","通过","听筠","2026-06-03","听筠","2026-06-03","2","",""
"186472","数据资产_STD(#23)","/版本迭代测试用例/v6.4.11/【岚图】【数据资产】落标检查任务性能优化，规则sql合并/不同的数据类型(#10608)","【岚图】【数据资产】数据质量任务、落标检查任务性能优化，规则sql合并(#15862)","无车型 验证「无车型」-「boolean数据类型」校验逻辑正确","1、已存在表test_info_1
CREATE TABLE pw_test.test_info_1 (
id INT COMMENT &#039;用户ID&#039;,
string_num STRING COMMENT &#039;string类型的编号&#039;,
name STRING COMMENT &#039;姓名&#039;,
money DOUBLE COMMENT &#039;金额&#039;,
byte_field BYTE COMMENT &#039;byte类型字段&#039;,
short_field SHORT COMMENT &#039;short类型字段&#039;,
long_field LONG COMMENT &#039;long类型字段&#039;,
float_field FLOAT COMMENT &#039;float类型字段&#039;,
decimal_field DECIMAL(10,2) COMMENT &#039;decimal类型字段&#039;,
boolean_field BOOLEAN COMMENT &#039;boolean类型字段&#039;,
date_field DATE COMMENT &#039;date类型字段&#039;,
timestamp_field TIMESTAMP COMMENT &#039;timestamp类型字段&#039;
)
COMMENT &#039;测试信息表&#039;
PARTITIONED BY (
dt STRING COMMENT &#039;分区日期，格式：yyyy-MM-dd&#039;
)
STORED AS ORC;
-- dt = &#039;2026-05-27&#039;
INSERT INTO pw_test.test_info_1 PARTITION (dt=&#039;2026-05-27&#039;)
VALUES
(2, &#039;A001&#039;, &#039;王小明&#039;, 4.00, 20, 1, 10, 65.5, 99.99, TRUE, DATE &#039;2025-01-01&#039;, TIMESTAMP &#039;2026-05-27 08:30:00&#039;),
(4, &#039;B002&#039;, &#039;陈小红&#039;, 6.00, 25, 200, 200, 70.2, 199.99, FALSE, DATE &#039;2025-02-15&#039;, TIMESTAMP &#039;2026-05-27 10:15:00&#039;),
(6, &#039;C003&#039;, &#039;张大力&#039;, 10.00, 30, 300, 300, 75.8, 299.99, TRUE, DATE &#039;2025-03-20&#039;, TIMESTAMP &#039;2026-05-27 14:45:00&#039;),
(8, &#039;D004&#039;, &#039;李芳芳&#039;, 14.00, 22, 150, 150, 68.3, 399.99, FALSE, DATE &#039;2025-04-10&#039;, TIMESTAMP &#039;2026-05-27 09:20:00&#039;),
(10, &#039;E005&#039;, &#039;刘建国&#039;, 18.00, 28, 250, 250, 72.6, 499.99, TRUE, DATE &#039;2025-05-05&#039;, TIMESTAMP &#039;2026-05-27 16:00:00&#039;),
(12, &#039;F006&#039;, &#039;赵丽丽&#039;, 20.00, 35, 350, 350, 80.1, 599.99, FALSE, DATE &#039;2025-06-25&#039;, TIMESTAMP &#039;2026-05-27 11:30:00&#039;);
-- dt = &#039;2026-05-28&#039;
INSERT INTO pw_test.test_info_1 PARTITION (dt=&#039;2026-05-28&#039;)
VALUES
(101, &#039;XYZ001&#039;, &#039;欧阳静&#039;, 24.00, 100, 32767, NULL, 85.5, 888.88, FALSE, CAST(NULL AS DATE), CAST(&#039;2026-05-28 09:00:00&#039; AS TIMESTAMP)),
(102, &#039;XYZ002&#039;, &#039;慕容白&#039;, NULL, -50, -200, -5000, -10.5, -94879459.99, NULL, CAST(&#039;2024-11-15&#039; AS DATE), CAST(NULL AS TIMESTAMP)),
(NULL, &#039;XYZ003&#039;, &#039;令狐冲&#039;, 123.45, 107, 32767, 9223372036854775807, 99.9984545, 1234.56, FALSE, CAST(&#039;2024-10-20&#039; AS DATE), CAST(&#039;2026-05-28 15:45:00&#039; AS TIMESTAMP)),
(102, &#039;XYZ001&#039;, &#039;欧阳静&#039;, 25.001548952140236541, NULL, NULL, 0, NULL, 1234.56, TRUE, CAST(&#039;2024-11-15&#039; AS DATE), CAST(&#039;2026-05-28 11:20:00&#039; AS TIMESTAMP)),
(105, NULL, NULL, 18.50, 100, 999, 0, 88.8, NULL, FALSE, CAST(&#039;2024-08-05&#039; AS DATE), CAST(&#039;2026-05-28 14:10:00&#039; AS TIMESTAMP)),
(106, &#039;XYZ003&#039;, NULL, 123.45, 107, 999, 90, 88.8, 888.88, TRUE, CAST(&#039;2024-07-25&#039; AS DATE), CAST(&#039;2026-05-28 09:00:00&#039; AS TIMESTAMP));
2、已存在标准目录：test","1. 进入「资产-数据标准-标准定义」页面
2. 新建标准配置如下：
「中文名称」：「姓名」
「英文名称」：「name」
「英文缩写」：「ne」
「标准目录」：「test」
无车型
「数据类型」：「字符型」
「数据长度」：「<=3」
「数据精度」：「2/2」
「是否允许为空」：「不可空」
「是否允许重复」：「不可重复」
「默认值」：「1」
「取值范围」：「>1且<=50」
「初始值」：「2」
「无效值」：「0.1」
「精度倍数」：「2」
「偏移量」：「0.02」；
点击【上线】
3. 点击「标准映射」页面，进行标准映射
4. 给该标准绑定字段：绑定boolean_field字段
5. 点击「落标检查」页面，新增检查任务，检查内容配置如下：
「数据源」：「${DATASOURCE}」
「数据库」：「${DATABASE}」
「数据表」：「test_info_1」
不设置分区
「标准目录」：「test」
不配置「车型关联字段」；
点击【下一步】
6. 开启boolean_field字段的检查，设置检查项为：全部；
点击【下一步】
7. 配置调度属性为按天运行，其余内容正确配置；点击【新增并立即执行】
8. 等待检查完成，查看【落标检查设置】tab列表
9. 点击【操作-查看结果详情】
10. 查看【落标检查结果】tab列表
11. 点击【操作-查看详情】
12. 点击列表里未达标检查项对应的的【操作-查看详情】
13. 根据文档步骤通过底层数据库查看该检查任务的sql
14. 等待该检查任务按周期运行完成，查看结果详情","1. 页面正常打开
2. 内容配置成功；
标准成功上线
3. 标准映射列表新增该标准
4. 字段绑定成功
5. 检查内容配置成功；
进入选择字段页面
6. 成功开启检查，检查项全部仅包含：空值数；
进入调度配置页面
7. 保存成功，任务进入检查中状态
8. 显示对应的正确数据表名称、所属数据源、所属数据库、检查字段数/总字段数、检查周期、检查状态、标准达标率、不达标字段数/检查失败数、最近编辑时间、最近检查时间、操作。
9. 跳转至【落标检查结果】tab
10. 显示对应的正确数据源、数据库、数据表、字段、检查状态、是否达标、检查开始时间、检查结束时间、操作。
11. 检查结果详情包含以下信息：
1）检查信息：检查数据源、数据库、数据表、字段与配置的内容一致；
2）检查结果列表：“空值数”检查项达标情况正确，开始检查时间、结束检查时间正确，未达标的检查项操作为“查看详情”
3）关联标准详情与前面配置的内容一致
12. 1）为脏数据明细，显示不符合检查项的数据，标红展示
2）行数<=100
13. 两个字段的空值数进行sql合并：
1）扫描一次源数据表
2）写在同一个select里面：用两个 SUM (CASE WHEN) 把规则并行计算；
3）结果插入同一张脏数据表
14. 检查项达标情况正确，详情正确，脏数据明细正确","1. 
2. 
3. 
4. 
5. 
6. 
7. 
8. 
9. 
10. 
11. 
12. 
13. 
14.","","1","功能测试","功能测试阶段","正常","0","1","14","通过","听筠","2026-06-03","听筠","2026-06-03","2","",""
"186471","数据资产_STD(#23)","/版本迭代测试用例/v6.4.11/【岚图】【数据资产】落标检查任务性能优化，规则sql合并/不同的数据类型(#10608)","【岚图】【数据资产】数据质量任务、落标检查任务性能优化，规则sql合并(#15862)","无车型 验证「无车型」-「string数据类型（数值）」校验逻辑正确","1、已存在表test_info_1
CREATE TABLE pw_test.test_info_1 (
id INT COMMENT &#039;用户ID&#039;,
string_num STRING COMMENT &#039;string类型的编号&#039;,
name STRING COMMENT &#039;姓名&#039;,
money DOUBLE COMMENT &#039;金额&#039;,
byte_field BYTE COMMENT &#039;byte类型字段&#039;,
short_field SHORT COMMENT &#039;short类型字段&#039;,
long_field LONG COMMENT &#039;long类型字段&#039;,
float_field FLOAT COMMENT &#039;float类型字段&#039;,
decimal_field DECIMAL(10,2) COMMENT &#039;decimal类型字段&#039;,
boolean_field BOOLEAN COMMENT &#039;boolean类型字段&#039;,
date_field DATE COMMENT &#039;date类型字段&#039;,
timestamp_field TIMESTAMP COMMENT &#039;timestamp类型字段&#039;
)
COMMENT &#039;测试信息表&#039;
PARTITIONED BY (
dt STRING COMMENT &#039;分区日期，格式：yyyy-MM-dd&#039;
)
STORED AS ORC;
-- dt = &#039;2026-05-27&#039;
INSERT INTO pw_test.test_info_1 PARTITION (dt=&#039;2026-05-27&#039;)
VALUES
(2, &#039;A001&#039;, &#039;王小明&#039;, 4.00, 20, 1, 10, 65.5, 99.99, TRUE, DATE &#039;2025-01-01&#039;, TIMESTAMP &#039;2026-05-27 08:30:00&#039;),
(4, &#039;B002&#039;, &#039;陈小红&#039;, 6.00, 25, 200, 200, 70.2, 199.99, FALSE, DATE &#039;2025-02-15&#039;, TIMESTAMP &#039;2026-05-27 10:15:00&#039;),
(6, &#039;C003&#039;, &#039;张大力&#039;, 10.00, 30, 300, 300, 75.8, 299.99, TRUE, DATE &#039;2025-03-20&#039;, TIMESTAMP &#039;2026-05-27 14:45:00&#039;),
(8, &#039;D004&#039;, &#039;李芳芳&#039;, 14.00, 22, 150, 150, 68.3, 399.99, FALSE, DATE &#039;2025-04-10&#039;, TIMESTAMP &#039;2026-05-27 09:20:00&#039;),
(10, &#039;E005&#039;, &#039;刘建国&#039;, 18.00, 28, 250, 250, 72.6, 499.99, TRUE, DATE &#039;2025-05-05&#039;, TIMESTAMP &#039;2026-05-27 16:00:00&#039;),
(12, &#039;F006&#039;, &#039;赵丽丽&#039;, 20.00, 35, 350, 350, 80.1, 599.99, FALSE, DATE &#039;2025-06-25&#039;, TIMESTAMP &#039;2026-05-27 11:30:00&#039;);
-- dt = &#039;2026-05-28&#039;
INSERT INTO pw_test.test_info_1 PARTITION (dt=&#039;2026-05-28&#039;)
VALUES
(101, &#039;XYZ001&#039;, &#039;欧阳静&#039;, 24.00, 100, 32767, NULL, 85.5, 888.88, FALSE, CAST(NULL AS DATE), CAST(&#039;2026-05-28 09:00:00&#039; AS TIMESTAMP)),
(102, &#039;XYZ002&#039;, &#039;慕容白&#039;, NULL, -50, -200, -5000, -10.5, -94879459.99, NULL, CAST(&#039;2024-11-15&#039; AS DATE), CAST(NULL AS TIMESTAMP)),
(NULL, &#039;XYZ003&#039;, &#039;令狐冲&#039;, 123.45, 107, 32767, 9223372036854775807, 99.9984545, 1234.56, FALSE, CAST(&#039;2024-10-20&#039; AS DATE), CAST(&#039;2026-05-28 15:45:00&#039; AS TIMESTAMP)),
(102, &#039;XYZ001&#039;, &#039;欧阳静&#039;, 25.001548952140236541, NULL, NULL, 0, NULL, 1234.56, TRUE, CAST(&#039;2024-11-15&#039; AS DATE), CAST(&#039;2026-05-28 11:20:00&#039; AS TIMESTAMP)),
(105, NULL, NULL, 18.50, 100, 999, 0, 88.8, NULL, FALSE, CAST(&#039;2024-08-05&#039; AS DATE), CAST(&#039;2026-05-28 14:10:00&#039; AS TIMESTAMP)),
(106, &#039;XYZ003&#039;, NULL, 123.45, 107, 999, 90, 88.8, 888.88, TRUE, CAST(&#039;2024-07-25&#039; AS DATE), CAST(&#039;2026-05-28 09:00:00&#039; AS TIMESTAMP));

2、已存在标准目录：test","1. 进入「资产-数据标准-标准定义」页面
2. 新建标准配置如下：
「中文名称」：「姓名」
「英文名称」：「name」
「英文缩写」：「ne」
「标准目录」：「test」
无车型
「数据类型」：「字符型」
「数据长度」：「<=3」
「数据精度」：「2/2」
「是否允许为空」：「不可空」
「是否允许重复」：「不可重复」
「默认值」：「1」
「取值范围」：「>1且<=50」
「初始值」：「2」
「无效值」：「0.1」
「精度倍数」：「2」
「偏移量」：「0.02」；
点击【上线】
3. 点击「标准映射」页面，进行标准映射
4. 给该标准绑定字段：绑定name字段
5. 点击「落标检查」页面，新增检查任务，检查内容配置如下：
「数据源」：「${DATASOURCE}」
「数据库」：「${DATABASE}」
「数据表」：「test_info_1」
不设置分区
「标准目录」：「test」
不配置「车型关联字段」；
点击【下一步】
6. 开启name字段的检查，设置检查项为：全部；
点击【下一步】
7. 配置调度属性为按天运行，其余内容正确配置；点击【新增并立即执行】
8. 等待检查完成，查看【落标检查设置】tab列表
9. 点击【操作-查看结果详情】
10. 查看【落标检查结果】tab列表
11. 点击【操作-查看详情】
12. 点击列表里未达标检查项对应的的【操作-查看详情】
13. 根据文档步骤通过底层数据库查看该检查任务的sql
14. 等待该检查任务按周期运行完成，查看结果详情","1. 页面正常打开
2. 内容配置成功；
标准成功上线
3. 标准映射列表新增该标准
4. 字段绑定成功
5. 检查内容配置成功；
进入选择字段页面
6. 成功开启检查，检查项全部包含：字符串长度、数据精度、精度倍数、空值数、取值范围、重复数；
进入调度配置页面
7. 保存成功，任务进入检查中状态
8. 显示对应的正确数据表名称、所属数据源、所属数据库、检查字段数/总字段数、检查周期、检查状态、标准达标率、不达标字段数/检查失败数、最近编辑时间、最近检查时间、操作。
9. 跳转至【落标检查结果】tab
10. 显示对应的正确数据源、数据库、数据表、字段、检查状态、是否达标、检查开始时间、检查结束时间、操作。
11. 检查结果详情包含以下信息：
1）检查信息：检查数据源、数据库、数据表、字段与配置的内容一致；
2）检查结果列表：各类检查项达标情况正确（数据精度、精度倍数、取值范围正常校验，包含达标和未达标情况），开始检查时间、结束检查时间正确，未达标的检查项操作为“查看详情”
3）关联标准详情与前面配置的内容一致
12. 1）为脏数据明细，显示不符合检查项的数据，标红展示
2）行数<=100
13. 每个字段里字符串长度、数据精度、空值数、取值范围、精度倍数的sql进行合并：
1）源表只扫描一次：FROM 后面的源表只出现 1 次；
​2）所有可合并规则写在同一个select里面：用多个 SUM (CASE WHEN) 把规则并行计算；
3）计算后再把结果拆成多行，每行代表单个规则进行输出，最终把结果插入同一张脏数据表
重复数sql不进行合并：
1）只有单个select计算语句，不参与SUM (CASE WHEN)并行计算逻辑
2）脏数据存储于另一张脏数据表
14. 检查项达标情况正确，详情正确，脏数据明细正确","1. 
2. 
3. 
4. 
5. 
6. 
7. 
8. 
9. 
10. 
11. 
12. 
13. 
14.","","1","功能测试","功能测试阶段","正常","0","1","14","通过","听筠","2026-06-03","","0000-00-00","1","",""
"186470","数据资产_STD(#23)","/版本迭代测试用例/v6.4.11/【岚图】【数据资产】落标检查任务性能优化，规则sql合并/不同的数据类型(#10608)","【岚图】【数据资产】数据质量任务、落标检查任务性能优化，规则sql合并(#15862)","无车型 验证「无车型」-「string数据类型（非数值）」校验逻辑正确","1、已存在表test_info_1
CREATE TABLE pw_test.test_info_1 (
id INT COMMENT &#039;用户ID&#039;,
string_num STRING COMMENT &#039;string类型的编号&#039;,
name STRING COMMENT &#039;姓名&#039;,
money DOUBLE COMMENT &#039;金额&#039;,
byte_field BYTE COMMENT &#039;byte类型字段&#039;,
short_field SHORT COMMENT &#039;short类型字段&#039;,
long_field LONG COMMENT &#039;long类型字段&#039;,
float_field FLOAT COMMENT &#039;float类型字段&#039;,
decimal_field DECIMAL(10,2) COMMENT &#039;decimal类型字段&#039;,
boolean_field BOOLEAN COMMENT &#039;boolean类型字段&#039;,
date_field DATE COMMENT &#039;date类型字段&#039;,
timestamp_field TIMESTAMP COMMENT &#039;timestamp类型字段&#039;
)
COMMENT &#039;测试信息表&#039;
PARTITIONED BY (
dt STRING COMMENT &#039;分区日期，格式：yyyy-MM-dd&#039;
)
STORED AS ORC;
-- dt = &#039;2026-05-27&#039;
INSERT INTO pw_test.test_info_1 PARTITION (dt=&#039;2026-05-27&#039;)
VALUES
(2, &#039;A001&#039;, &#039;王小明&#039;, 4.00, 20, 1, 10, 65.5, 99.99, TRUE, DATE &#039;2025-01-01&#039;, TIMESTAMP &#039;2026-05-27 08:30:00&#039;),
(4, &#039;B002&#039;, &#039;陈小红&#039;, 6.00, 25, 200, 200, 70.2, 199.99, FALSE, DATE &#039;2025-02-15&#039;, TIMESTAMP &#039;2026-05-27 10:15:00&#039;),
(6, &#039;C003&#039;, &#039;张大力&#039;, 10.00, 30, 300, 300, 75.8, 299.99, TRUE, DATE &#039;2025-03-20&#039;, TIMESTAMP &#039;2026-05-27 14:45:00&#039;),
(8, &#039;D004&#039;, &#039;李芳芳&#039;, 14.00, 22, 150, 150, 68.3, 399.99, FALSE, DATE &#039;2025-04-10&#039;, TIMESTAMP &#039;2026-05-27 09:20:00&#039;),
(10, &#039;E005&#039;, &#039;刘建国&#039;, 18.00, 28, 250, 250, 72.6, 499.99, TRUE, DATE &#039;2025-05-05&#039;, TIMESTAMP &#039;2026-05-27 16:00:00&#039;),
(12, &#039;F006&#039;, &#039;赵丽丽&#039;, 20.00, 35, 350, 350, 80.1, 599.99, FALSE, DATE &#039;2025-06-25&#039;, TIMESTAMP &#039;2026-05-27 11:30:00&#039;);
-- dt = &#039;2026-05-28&#039;
INSERT INTO pw_test.test_info_1 PARTITION (dt=&#039;2026-05-28&#039;)
VALUES
(101, &#039;XYZ001&#039;, &#039;欧阳静&#039;, 24.00, 100, 32767, NULL, 85.5, 888.88, FALSE, CAST(NULL AS DATE), CAST(&#039;2026-05-28 09:00:00&#039; AS TIMESTAMP)),
(102, &#039;XYZ002&#039;, &#039;慕容白&#039;, NULL, -50, -200, -5000, -10.5, -94879459.99, NULL, CAST(&#039;2024-11-15&#039; AS DATE), CAST(NULL AS TIMESTAMP)),
(NULL, &#039;XYZ003&#039;, &#039;令狐冲&#039;, 123.45, 107, 32767, 9223372036854775807, 99.9984545, 1234.56, FALSE, CAST(&#039;2024-10-20&#039; AS DATE), CAST(&#039;2026-05-28 15:45:00&#039; AS TIMESTAMP)),
(102, &#039;XYZ001&#039;, &#039;欧阳静&#039;, 25.001548952140236541, NULL, NULL, 0, NULL, 1234.56, TRUE, CAST(&#039;2024-11-15&#039; AS DATE), CAST(&#039;2026-05-28 11:20:00&#039; AS TIMESTAMP)),
(105, NULL, NULL, 18.50, 100, 999, 0, 88.8, NULL, FALSE, CAST(&#039;2024-08-05&#039; AS DATE), CAST(&#039;2026-05-28 14:10:00&#039; AS TIMESTAMP)),
(106, &#039;XYZ003&#039;, NULL, 123.45, 107, 999, 90, 88.8, 888.88, TRUE, CAST(&#039;2024-07-25&#039; AS DATE), CAST(&#039;2026-05-28 09:00:00&#039; AS TIMESTAMP));

2、已存在标准目录：test","1. 进入「资产-数据标准-标准定义」页面
2. 新建标准配置如下：
「中文名称」：「姓名」
「英文名称」：「name」
「英文缩写」：「ne」
「标准目录」：「test」
无车型
「数据类型」：「字符型」
「数据长度」：「<=3」
「数据精度」：「2/2」
「是否允许为空」：「不可空」
「是否允许重复」：「不可重复」
「默认值」：「1」
「取值范围」：「>1且<=50」
「初始值」：「2」
「无效值」：「0.1」
「精度倍数」：「2」
「偏移量」：「0.02」；
点击【上线】
3. 点击「标准映射」页面，进行标准映射
4. 给该标准绑定字段：绑定name字段
5. 点击「落标检查」页面，新增检查任务，检查内容配置如下：
「数据源」：「${DATASOURCE}」
「数据库」：「${DATABASE}」
「数据表」：「test_info_1」
不设置分区
「标准目录」：「test」
不配置「车型关联字段」；
点击【下一步】
6. 开启name字段的检查，设置检查项为：全部；
点击【下一步】
7. 配置调度属性为按天运行，其余内容正确配置；点击【新增并立即执行】
8. 等待检查完成，查看【落标检查设置】tab列表
9. 点击【操作-查看结果详情】
10. 查看【落标检查结果】tab列表
11. 点击【操作-查看详情】
12. 点击列表里未达标检查项对应的的【操作-查看详情】
13. 根据文档步骤通过底层数据库查看该检查任务的sql
14. 等待该检查任务按周期运行完成，查看结果详情","1. 页面正常打开
2. 内容配置成功；
标准成功上线
3. 标准映射列表新增该标准
4. 字段绑定成功
5. 检查内容配置成功；
进入选择字段页面
6. 成功开启检查，检查项全部包含：字符串长度、数据精度、精度倍数、空值数、取值范围、重复数；
进入调度配置页面
7. 保存成功，任务进入检查中状态
8. 显示对应的正确数据表名称、所属数据源、所属数据库、检查字段数/总字段数、检查周期、检查状态、标准达标率、不达标字段数/检查失败数、最近编辑时间、最近检查时间、操作。
9. 跳转至【落标检查结果】tab
10. 显示对应的正确数据源、数据库、数据表、字段、检查状态、是否达标、检查开始时间、检查结束时间、操作。
11. 检查结果详情包含以下信息：
1）检查信息：检查数据源、数据库、数据表、字段与配置的内容一致；
2）检查结果列表：各类检查项达标情况正确（数据精度、精度倍数、取值范围始终为达标），开始检查时间、结束检查时间正确，未达标的检查项操作为“查看详情”
3）关联标准详情与前面配置的内容一致
12. 1）为脏数据明细，显示不符合检查项的数据，标红展示
2）行数<=100
13. 每个字段里字符串长度、数据精度、空值数、取值范围、精度倍数的sql进行合并：
1）源表只扫描一次：FROM 后面的源表只出现 1 次；
​2）所有可合并规则写在同一个select里面：用多个 SUM (CASE WHEN) 把规则并行计算；
3）计算后再把结果拆成多行，每行代表单个规则进行输出，最终把结果插入同一张脏数据表
重复数sql不进行合并：
1）只有单个select计算语句，不参与SUM (CASE WHEN)并行计算逻辑
2）脏数据存储于另一张脏数据表
14. 检查项达标情况正确，详情正确，脏数据明细正确","1. 
2. 
3. 
4. 
5. 
6. 
7. 
8. 
9. 
10. 
11. 
12. 
13. 
14.","","1","功能测试","功能测试阶段","正常","0","1","14","通过","听筠","2026-06-03","","0000-00-00","1","",""
"186469","数据资产_STD(#23)","/版本迭代测试用例/v6.4.11/【岚图】【数据资产】落标检查任务性能优化，规则sql合并/不同的数据类型(#10608)","【岚图】【数据资产】数据质量任务、落标检查任务性能优化，规则sql合并(#15862)","无车型 验证「无车型」-「float/double/decimal数据类型」校验逻辑正确","1、已存在表test_info_1
CREATE TABLE pw_test.test_info_1 (
id INT COMMENT &#039;用户ID&#039;,
string_num STRING COMMENT &#039;string类型的编号&#039;,
name STRING COMMENT &#039;姓名&#039;,
money DOUBLE COMMENT &#039;金额&#039;,
byte_field BYTE COMMENT &#039;byte类型字段&#039;,
short_field SHORT COMMENT &#039;short类型字段&#039;,
long_field LONG COMMENT &#039;long类型字段&#039;,
float_field FLOAT COMMENT &#039;float类型字段&#039;,
decimal_field DECIMAL(10,2) COMMENT &#039;decimal类型字段&#039;,
boolean_field BOOLEAN COMMENT &#039;boolean类型字段&#039;,
date_field DATE COMMENT &#039;date类型字段&#039;,
timestamp_field TIMESTAMP COMMENT &#039;timestamp类型字段&#039;
)
COMMENT &#039;测试信息表&#039;
PARTITIONED BY (
dt STRING COMMENT &#039;分区日期，格式：yyyy-MM-dd&#039;
)
STORED AS ORC;
-- dt = &#039;2026-05-27&#039;
INSERT INTO pw_test.test_info_1 PARTITION (dt=&#039;2026-05-27&#039;)
VALUES
(2, &#039;A001&#039;, &#039;王小明&#039;, 4.00, 20, 1, 10, 65.5, 99.99, TRUE, DATE &#039;2025-01-01&#039;, TIMESTAMP &#039;2026-05-27 08:30:00&#039;),
(4, &#039;B002&#039;, &#039;陈小红&#039;, 6.00, 25, 200, 200, 70.2, 199.99, FALSE, DATE &#039;2025-02-15&#039;, TIMESTAMP &#039;2026-05-27 10:15:00&#039;),
(6, &#039;C003&#039;, &#039;张大力&#039;, 10.00, 30, 300, 300, 75.8, 299.99, TRUE, DATE &#039;2025-03-20&#039;, TIMESTAMP &#039;2026-05-27 14:45:00&#039;),
(8, &#039;D004&#039;, &#039;李芳芳&#039;, 14.00, 22, 150, 150, 68.3, 399.99, FALSE, DATE &#039;2025-04-10&#039;, TIMESTAMP &#039;2026-05-27 09:20:00&#039;),
(10, &#039;E005&#039;, &#039;刘建国&#039;, 18.00, 28, 250, 250, 72.6, 499.99, TRUE, DATE &#039;2025-05-05&#039;, TIMESTAMP &#039;2026-05-27 16:00:00&#039;),
(12, &#039;F006&#039;, &#039;赵丽丽&#039;, 20.00, 35, 350, 350, 80.1, 599.99, FALSE, DATE &#039;2025-06-25&#039;, TIMESTAMP &#039;2026-05-27 11:30:00&#039;);
-- dt = &#039;2026-05-28&#039;
INSERT INTO pw_test.test_info_1 PARTITION (dt=&#039;2026-05-28&#039;)
VALUES
(101, &#039;XYZ001&#039;, &#039;欧阳静&#039;, 24.00, 100, 32767, NULL, 85.5, 888.88, FALSE, CAST(NULL AS DATE), CAST(&#039;2026-05-28 09:00:00&#039; AS TIMESTAMP)),
(102, &#039;XYZ002&#039;, &#039;慕容白&#039;, NULL, -50, -200, -5000, -10.5, -94879459.99, NULL, CAST(&#039;2024-11-15&#039; AS DATE), CAST(NULL AS TIMESTAMP)),
(NULL, &#039;XYZ003&#039;, &#039;令狐冲&#039;, 123.45, 107, 32767, 9223372036854775807, 99.9984545, 1234.56, FALSE, CAST(&#039;2024-10-20&#039; AS DATE), CAST(&#039;2026-05-28 15:45:00&#039; AS TIMESTAMP)),
(102, &#039;XYZ001&#039;, &#039;欧阳静&#039;, 25.001548952140236541, NULL, NULL, 0, NULL, 1234.56, TRUE, CAST(&#039;2024-11-15&#039; AS DATE), CAST(&#039;2026-05-28 11:20:00&#039; AS TIMESTAMP)),
(105, NULL, NULL, 18.50, 100, 999, 0, 88.8, NULL, FALSE, CAST(&#039;2024-08-05&#039; AS DATE), CAST(&#039;2026-05-28 14:10:00&#039; AS TIMESTAMP)),
(106, &#039;XYZ003&#039;, NULL, 123.45, 107, 999, 90, 88.8, 888.88, TRUE, CAST(&#039;2024-07-25&#039; AS DATE), CAST(&#039;2026-05-28 09:00:00&#039; AS TIMESTAMP));

2、已存在标准目录：test","1. 进入「资产-数据标准-标准定义」页面
2. 新建标准配置如下：
「中文名称」：「金额」
「英文名称」：「money」
「英文缩写」：「my」
「标准目录」：「test」
无车型
「数据类型」：「字符型」
「数据长度」：「<=6」
「数据精度」：「2/2」
「是否允许为空」：「不可空」
「是否允许重复」：「不可重复」
「默认值」：「1」
「取值范围」：「>1且<=50」
「初始值」：「2」
「无效值」：「0.1」
「精度倍数」：「2」
「偏移量」：「0.02」；
点击【上线】
3. 点击「标准映射」页面，进行标准映射
4. 给该标准绑定字段：绑定float_field、decimal_field、money字段
5. 点击「落标检查」页面，新增检查任务，检查内容配置如下：
「数据源」：「${DATASOURCE}」
「数据库」：「${DATABASE}」
「数据表」：「test_info_1」
不设置分区
「标准目录」：「test」
不配置「车型关联字段」；
点击【下一步】
6. 开启float_field、decimal_field、money字段的检查，设置检查项为：全部；
点击【下一步】
7. 配置调度属性为按天运行，其余内容正确配置；点击【新增并立即执行】
8. 等待检查完成，查看【落标检查设置】tab列表
9. 点击【操作-查看结果详情】
10. 查看【落标检查结果】tab列表
11. 点击【操作-查看详情】
12. 点击列表里未达标检查项对应的的【操作-查看详情】
13. 根据文档步骤通过底层数据库查看该检查任务的sql
14. 等待该检查任务按周期运行完成，查看结果详情","1. 页面正常打开
2. 内容配置成功；
标准成功上线
3. 标准映射列表新增该标准
4. 字段绑定成功
5. 检查内容配置成功；
进入选择字段页面
6. 成功开启检查，检查项全部包含：字符串长度、数据精度、精度倍数、空值数、取值范围、重复数；
进入调度配置页面
7. 保存成功，任务进入检查中状态
8. 显示对应的正确数据表名称、所属数据源、所属数据库、检查字段数/总字段数、检查周期、检查状态、标准达标率、不达标字段数/检查失败数、最近编辑时间、最近检查时间、操作。
9. 跳转至【落标检查结果】tab
10. 显示对应的正确数据源、数据库、数据表、字段、检查状态、是否达标、检查开始时间、检查结束时间、操作。
11. 检查结果详情包含以下信息：
1）检查信息：检查数据源、数据库、数据表、字段与配置的内容一致；
2）检查结果列表：各类检查项达标情况正确，开始检查时间、结束检查时间正确，未达标的检查项操作为“查看详情”
3）关联标准详情与前面配置的内容一致
12. 1）为脏数据明细，显示不符合检查项的数据，标红展示
2）行数<=100
13. 每个字段里字符串长度、数据精度、空值数、取值范围、精度倍数的sql进行合并：
1）源表只扫描一次：FROM 后面的源表只出现 1 次；
​2）所有可合并规则写在同一个select里面：用多个 SUM (CASE WHEN) 把规则并行计算；
3）计算后再把结果拆成多行，每行代表单个规则进行输出，最终把结果插入同一张脏数据表
重复数sql不进行合并：
1）只有单个select计算语句，不参与SUM (CASE WHEN)并行计算逻辑
2）脏数据存储于另一张脏数据表
14. 检查项达标情况正确，详情正确，脏数据明细正确","1. 
2. 
3. 
4. 
5. 
6. 
7. 
8. 
9. 
10. 
11. 
12. 
13. 
14.","","2","功能测试","功能测试阶段","正常","0","0","14","","听筠","2026-06-03","","0000-00-00","1","",""
"186468","数据资产_STD(#23)","/版本迭代测试用例/v6.4.11/【岚图】【数据资产】落标检查任务性能优化，规则sql合并/不同的数据类型(#10608)","【岚图】【数据资产】数据质量任务、落标检查任务性能优化，规则sql合并(#15862)","无车型 验证「无车型」-「byte/short/int/long数据类型」校验逻辑正确","1、已存在表test_info_1
CREATE TABLE pw_test.test_info_1 (
id INT COMMENT &#039;用户ID&#039;,
string_num STRING COMMENT &#039;string类型的编号&#039;,
name STRING COMMENT &#039;姓名&#039;,
money DOUBLE COMMENT &#039;金额&#039;,
byte_field BYTE COMMENT &#039;byte类型字段&#039;,
short_field SHORT COMMENT &#039;short类型字段&#039;,
long_field LONG COMMENT &#039;long类型字段&#039;,
float_field FLOAT COMMENT &#039;float类型字段&#039;,
decimal_field DECIMAL(10,2) COMMENT &#039;decimal类型字段&#039;,
boolean_field BOOLEAN COMMENT &#039;boolean类型字段&#039;,
date_field DATE COMMENT &#039;date类型字段&#039;,
timestamp_field TIMESTAMP COMMENT &#039;timestamp类型字段&#039;
)
COMMENT &#039;测试信息表&#039;
PARTITIONED BY (
dt STRING COMMENT &#039;分区日期，格式：yyyy-MM-dd&#039;
)
STORED AS ORC;
-- dt = &#039;2026-05-27&#039;
INSERT INTO pw_test.test_info_1 PARTITION (dt=&#039;2026-05-27&#039;)
VALUES
(2, &#039;A001&#039;, &#039;王小明&#039;, 4.00, 20, 1, 10, 65.5, 99.99, TRUE, DATE &#039;2025-01-01&#039;, TIMESTAMP &#039;2026-05-27 08:30:00&#039;),
(4, &#039;B002&#039;, &#039;陈小红&#039;, 6.00, 25, 200, 200, 70.2, 199.99, FALSE, DATE &#039;2025-02-15&#039;, TIMESTAMP &#039;2026-05-27 10:15:00&#039;),
(6, &#039;C003&#039;, &#039;张大力&#039;, 10.00, 30, 300, 300, 75.8, 299.99, TRUE, DATE &#039;2025-03-20&#039;, TIMESTAMP &#039;2026-05-27 14:45:00&#039;),
(8, &#039;D004&#039;, &#039;李芳芳&#039;, 14.00, 22, 150, 150, 68.3, 399.99, FALSE, DATE &#039;2025-04-10&#039;, TIMESTAMP &#039;2026-05-27 09:20:00&#039;),
(10, &#039;E005&#039;, &#039;刘建国&#039;, 18.00, 28, 250, 250, 72.6, 499.99, TRUE, DATE &#039;2025-05-05&#039;, TIMESTAMP &#039;2026-05-27 16:00:00&#039;),
(12, &#039;F006&#039;, &#039;赵丽丽&#039;, 20.00, 35, 350, 350, 80.1, 599.99, FALSE, DATE &#039;2025-06-25&#039;, TIMESTAMP &#039;2026-05-27 11:30:00&#039;);
-- dt = &#039;2026-05-28&#039;
INSERT INTO pw_test.test_info_1 PARTITION (dt=&#039;2026-05-28&#039;)
VALUES
(101, &#039;XYZ001&#039;, &#039;欧阳静&#039;, 24.00, 100, 32767, NULL, 85.5, 888.88, FALSE, CAST(NULL AS DATE), CAST(&#039;2026-05-28 09:00:00&#039; AS TIMESTAMP)),
(102, &#039;XYZ002&#039;, &#039;慕容白&#039;, NULL, -50, -200, -5000, -10.5, -94879459.99, NULL, CAST(&#039;2024-11-15&#039; AS DATE), CAST(NULL AS TIMESTAMP)),
(NULL, &#039;XYZ003&#039;, &#039;令狐冲&#039;, 123.45, 107, 32767, 9223372036854775807, 99.9984545, 1234.56, FALSE, CAST(&#039;2024-10-20&#039; AS DATE), CAST(&#039;2026-05-28 15:45:00&#039; AS TIMESTAMP)),
(102, &#039;XYZ001&#039;, &#039;欧阳静&#039;, 25.001548952140236541, NULL, NULL, 0, NULL, 1234.56, TRUE, CAST(&#039;2024-11-15&#039; AS DATE), CAST(&#039;2026-05-28 11:20:00&#039; AS TIMESTAMP)),
(105, NULL, NULL, 18.50, 100, 999, 0, 88.8, NULL, FALSE, CAST(&#039;2024-08-05&#039; AS DATE), CAST(&#039;2026-05-28 14:10:00&#039; AS TIMESTAMP)),
(106, &#039;XYZ003&#039;, NULL, 123.45, 107, 999, 90, 88.8, 888.88, TRUE, CAST(&#039;2024-07-25&#039; AS DATE), CAST(&#039;2026-05-28 09:00:00&#039; AS TIMESTAMP));

2、已存在标准目录：test","1. 进入「资产-数据标准-标准定义」页面
2. 新建标准配置如下：
「中文名称」：「ID」
「英文名称」：「id」
「英文缩写」：「id」
「标准目录」：「test」
无车型
「数据类型」：「数值型」
「数据长度」：「<=2」
「数据精度」：「2/1」
「是否允许为空」：「不可空」
「是否允许重复」：「不可重复」
「默认值」：「1」
「取值范围」：「>=1且<102」
「初始值」：「2」
「无效值」：「0.1」
「精度倍数」：「2」
「偏移量」：「0.02」；
点击【上线】
3. 点击「标准映射」页面，进行标准映射
4. 给该标准绑定字段：绑定id、byte_field、short_field、long_field字段
5. 点击「落标检查」页面，新增检查任务，检查内容配置如下：
「数据源」：「${DATASOURCE}」
「数据库」：「${DATABASE}」
「数据表」：「test_info_1」
不设置分区
「标准目录」：「test」
不配置「车型关联字段」；
点击【下一步】
6. 开启id、byte_field、short_field、long_field字段的检查，设置检查项为：全部；
点击【下一步】
7. 配置调度属性为按天运行，其余内容正确配置；点击【新增并立即执行】
8. 等待检查完成，查看【落标检查设置】tab列表
9. 点击【操作-查看结果详情】
10. 查看【落标检查结果】tab列表
11. 点击【操作-查看详情】
12. 点击列表里未达标检查项对应的的【操作-查看详情】
13. 根据文档步骤通过底层数据库查看该检查任务的sql
14. 等待该检查任务按周期运行完成，查看结果详情","1. 页面正常打开
2. 内容配置成功；
标准成功上线
3. 标准映射列表新增该标准
4. 字段绑定成功
5. 检查内容配置成功；
进入选择字段页面
6. 成功开启检查，检查项全部包含：字符串长度、数据精度、精度倍数、空值数、取值范围、重复数；
进入调度配置页面
7. 保存成功，任务进入检查中状态
8. 显示对应的正确数据表名称、所属数据源、所属数据库、检查字段数/总字段数、检查周期、检查状态、标准达标率、不达标字段数/检查失败数、最近编辑时间、最近检查时间、操作。
9. 跳转至【落标检查结果】tab
10. 显示对应的正确数据源、数据库、数据表、字段、检查状态、是否达标、检查开始时间、检查结束时间、操作。
11. 检查结果详情包含以下信息：
1）检查信息：检查数据源、数据库、数据表、字段与配置的内容一致；
2）检查结果列表：各类检查项达标情况正确（数据精度只针对小数点前最大位进行校验），开始检查时间、结束检查时间正确，未达标的检查项操作为“查看详情”
3）关联标准详情与前面配置的内容一致
12. 1）为脏数据明细，显示不符合检查项的数据，标红展示
2）行数<=100
13. 每个字段里字符串长度、数据精度、空值数、取值范围、精度倍数的sql进行合并：
1）源表只扫描一次：FROM 后面的源表只出现 1 次；
​2）所有可合并规则写在同一个select里面：用多个 SUM (CASE WHEN) 把规则并行计算；
3）计算后再把结果拆成多行，每行代表单个规则进行输出，最终把结果插入同一张脏数据表
重复数sql不进行合并：
1）只有单个select计算语句，不参与SUM (CASE WHEN)并行计算逻辑
2）脏数据存储于另一张脏数据表
14. 检查项达标情况正确，详情正确，脏数据明细正确","1. 
2. 
3. 
4. 
5. 
6. 
7. 
8. 
9. 
10. 
11. 
12. 
13. 
14.","","2","功能测试","功能测试阶段","正常","0","0","14","","听筠","2026-06-03","","0000-00-00","1","",""
"186467","数据资产_STD(#23)","/版本迭代测试用例/v6.4.11/【岚图】【数据资产】落标检查任务性能优化，规则sql合并/可合并+不可合并(#10607)","【岚图】【数据资产】数据质量任务、落标检查任务性能优化，规则sql合并(#15862)","有车型 验证「有车型」-「不绑定车型关联字段」-「字符串长度+数据精度+精度倍数+空值数+取值范围+重复数」校验功能","1、已存在表order_info
CREATE TABLE IF NOT EXISTS pw_test.order_info (
user_id INT COMMENT &#039;用户ID&#039;,
tall FLOAT COMMENT &#039;身高&#039;,
weight DOUBLE COMMENT &#039;体重&#039;,
amount DECIMAL(10,3) COMMENT &#039;金额&#039;,
car_model STRING COMMENT &#039;车型&#039;,
age BYTE COMMENT &#039;年龄&#039;,
score SHORT COMMENT &#039;评分&#039;,
total_orders LONG COMMENT &#039;总订单数&#039;,
is_vip BOOLEAN COMMENT &#039;是否VIP&#039;,
register_date DATE COMMENT &#039;注册日期&#039;,
last_login TIMESTAMP COMMENT &#039;最后登录时间&#039;
)
PARTITIONED BY (order_date STRING COMMENT &#039;订单日期，格式yyyy-MM-dd&#039;);
-- 插入2026-01-12分区数据
INSERT INTO pw_test.order_info PARTITION (order_date=&#039;2026-01-12&#039;)
VALUES
(1000, 160, NULL, 265.2, &#039;小米su7&#039;, 25, 80, 10, TRUE, DATE &#039;2024-01-01&#039;, TIMESTAMP &#039;2026-01-12 10:30:00&#039;),
(102, 170, 66, 140.80, &#039;小米su7&#039;, 30, 85, 5, FALSE, DATE &#039;2024-03-15&#039;, TIMESTAMP &#039;2026-01-12 14:20:00&#039;),
(1100, 180.23, 459897, 187, &#039;保时捷718&#039;, 35, 90, 3, TRUE, DATE &#039;2024-06-20&#039;, TIMESTAMP &#039;2026-01-12 09:15:00&#039;);
-- 插入2026-01-13分区数据
INSERT INTO pw_test.order_info PARTITION (order_date=&#039;2026-01-13&#039;)
VALUES
(1001, 160, NULL, 265, &#039;小米su7&#039;, 26, 82, 15, NULL, CAST(&#039;2024-01-15&#039; AS DATE), CAST(&#039;2026-01-13 11:00:00&#039; AS TIMESTAMP)),
(1001, 160, NULL, NULL, &#039;小米su7&#039;, 26, 82, 16, FALSE, CAST(NULL AS DATE), CAST(&#039;2026-01-13 15:30:00&#039; AS TIMESTAMP)),
(102, 170, 66, 15483.568, &#039;小米su7&#039;, 31, 87, 8, TRUE, CAST(&#039;2024-04-01&#039; AS DATE), CAST(NULL AS TIMESTAMP)),
(1001, 160, NULL, 265, &#039;小米su7&#039;, 26, 82, 17, FALSE, CAST(&#039;2024-01-15&#039; AS DATE), CAST(&#039;2026-01-13 18:20:00&#039; AS TIMESTAMP)),
(110030, 180.23, 459897, 80.55485, &#039;保时捷718&#039;, 36, 92, 5, NULL, CAST(&#039;2024-07-10&#039; AS DATE), CAST(NULL AS TIMESTAMP)),
(110030, 180.23, 459897, 80.55485, &#039;保时捷718&#039;, 36, 92, 6, FALSE, CAST(&#039;2024-07-10&#039; AS DATE), CAST(&#039;2026-01-13 14:05:00&#039; AS TIMESTAMP)),
(11003, 180.23, 459897, NULL, &#039;保时捷718&#039;, 36, 92, 7, FALSE, CAST(NULL AS DATE), CAST(&#039;2026-01-13 16:40:00&#039; AS TIMESTAMP)),
(1001, 160, NULL, 265, NULL, 26, 82, 17, FALSE, CAST(&#039;2024-01-15&#039; AS DATE), CAST(&#039;2026-01-13 18:20:00&#039; AS TIMESTAMP)),
(11003, 180.23, 459897, 80.55485, NULL, 36, 92, 5, NULL, CAST(&#039;2024-07-10&#039; AS DATE), CAST(NULL AS TIMESTAMP));

2、已存在标准目录：test","1. 进入「资产-数据标准-标准定义」页面
2. 新建标准配置如下：
「中文名称」：「总额」
「英文名称」：「amount」
「英文缩写」：「at」
「标准目录」：「test」
「车型」：「小米su7，保时捷718」
1）小米su7：
「数据类型」：「数值型」
「数据长度」：「<=5」
「数据精度」：「3/2」
「是否允许为空」：「不可空」
「是否允许重复」：「不可重复」
「默认值」：「1」
「取值范围」：「>=10且<=280」
「初始值」：「2」
「无效值」：「0.1」
「精度倍数」：「2.2」
「偏移量」：「0.02」；
2）保时捷718：
「数据类型」：「数值型」
「数据长度」：「<=5」
「数据精度」：「3/2」
「是否允许为空」：「不可空」
「是否允许重复」：「不可重复」
「默认值」：「1」
「取值范围」：「>=180且<=999」
「初始值」：「2」
「无效值」：「0.1」
「精度倍数」：「2.2」
「偏移量」：「0.02」；
点击【上线】
3. 点击「标准映射」页面，进行标准映射
4. 给该标准绑定字段：绑定amount字段
5. 点击「落标检查」页面，新增检查任务，检查内容配置如下：
「数据源」：「${DATASOURCE}」
「数据库」：「${DATABASE}」
「数据表」：「order_info」
「选择已有分区」：「dt=2026-01-12」
「标准目录」：「test」
不绑定「车型关联字段」；
点击【下一步】
6. 开启money字段的检查，设置检查项为：字符串长度、数据精度、空值数、取值范围、精度倍数、重复数；
点击【下一步】
7. 配置调度属性为按天运行，其余内容正确配置；点击【新增并立即执行】
8. 等待检查完成，查看【落标检查设置】tab列表
9. 点击【操作-查看结果详情】
10. 查看【落标检查结果】tab列表
11. 点击【操作-查看详情】
12. 根据文档步骤通过底层数据库查看该检查任务的sql
13. 等待该检查任务按周期运行完成，查看结果详情","1. 页面正常打开
2. 内容配置成功；
标准成功上线
3. 标准映射列表新增该标准
4. 字段绑定成功
5. 检查内容配置成功；
进入选择字段页面
6. 成功开启检查并设置检查项；
进入调度配置页面
7. 保存成功，任务进入检查中状态
8. 1）显示对应的正确数据表名称、所属数据源、所属数据库、检查字段数/总字段数、检查周期、检查状态、标准达标率、不达标字段数/检查失败数、最近编辑时间、最近检查时间、操作。
2）其中标准达标率为“100%”，不达标字段数/检查失败数为“0/0”
9. 跳转至【落标检查结果】tab
10. 1）显示对应的正确数据源、数据库、数据表、字段、检查状态、是否达标、检查开始时间、检查结束时间、操作。
2）其中检查状态为“检查完成”，是否达标为“达标”
11. 检查结果详情包含以下信息：
1）检查信息：检查数据源、数据库、数据表、字段与配置的内容一致；
2）检查结果列表：字符串长度、数据精度、空值数、取值范围、精度倍数、重复数都显示“达标”，开始检查时间、结束检查时间正确，操作为“--”
3）关联标准详情与前面配置的内容一致
12. 字符串长度、数据精度、空值数、取值范围、精度倍数sql进行合并：
1）源表只扫描一次：FROM 后面的源表只出现 1 次；
​2）所有可合并规则写在同一个select里面：用多个 SUM (CASE WHEN) 把规则并行计算；
3）计算后再把结果拆成多行，每行代表单个规则进行输出，最终把结果插入同一张脏数据表
重复数sql不进行合并：
1）只有单个select计算语句，不参与SUM (CASE WHEN)并行计算逻辑
2）脏数据存储于另一张脏数据表
13. 6个检查项都达标，详情正确","1. 
2. 
3. 
4. 
5. 
6. 
7. 
8. 
9. 
10. 
11. 
12. 
13.","","1","功能测试","功能测试阶段","正常","0","1","13","通过","听筠","2026-06-03","","0000-00-00","1","",""
"186466","数据资产_STD(#23)","/版本迭代测试用例/v6.4.11/【岚图】【数据资产】落标检查任务性能优化，规则sql合并/可合并+不可合并(#10607)","【岚图】【数据资产】数据质量任务、落标检查任务性能优化，规则sql合并(#15862)","有车型 验证「有车型」-「不绑定车型关联字段」-「取值范围+重复数」校验功能","1、已存在表order_info
CREATE TABLE IF NOT EXISTS pw_test.order_info (
user_id INT COMMENT &#039;用户ID&#039;,
tall FLOAT COMMENT &#039;身高&#039;,
weight DOUBLE COMMENT &#039;体重&#039;,
amount DECIMAL(10,3) COMMENT &#039;金额&#039;,
car_model STRING COMMENT &#039;车型&#039;,
age BYTE COMMENT &#039;年龄&#039;,
score SHORT COMMENT &#039;评分&#039;,
total_orders LONG COMMENT &#039;总订单数&#039;,
is_vip BOOLEAN COMMENT &#039;是否VIP&#039;,
register_date DATE COMMENT &#039;注册日期&#039;,
last_login TIMESTAMP COMMENT &#039;最后登录时间&#039;
)
PARTITIONED BY (order_date STRING COMMENT &#039;订单日期，格式yyyy-MM-dd&#039;);
-- 插入2026-01-12分区数据
INSERT INTO pw_test.order_info PARTITION (order_date=&#039;2026-01-12&#039;)
VALUES
(1000, 160, NULL, 265.2, &#039;小米su7&#039;, 25, 80, 10, TRUE, DATE &#039;2024-01-01&#039;, TIMESTAMP &#039;2026-01-12 10:30:00&#039;),
(102, 170, 66, 140.80, &#039;小米su7&#039;, 30, 85, 5, FALSE, DATE &#039;2024-03-15&#039;, TIMESTAMP &#039;2026-01-12 14:20:00&#039;),
(1100, 180.23, 459897, 187, &#039;保时捷718&#039;, 35, 90, 3, TRUE, DATE &#039;2024-06-20&#039;, TIMESTAMP &#039;2026-01-12 09:15:00&#039;);
-- 插入2026-01-13分区数据
INSERT INTO pw_test.order_info PARTITION (order_date=&#039;2026-01-13&#039;)
VALUES
(1001, 160, NULL, 265, &#039;小米su7&#039;, 26, 82, 15, NULL, CAST(&#039;2024-01-15&#039; AS DATE), CAST(&#039;2026-01-13 11:00:00&#039; AS TIMESTAMP)),
(1001, 160, NULL, NULL, &#039;小米su7&#039;, 26, 82, 16, FALSE, CAST(NULL AS DATE), CAST(&#039;2026-01-13 15:30:00&#039; AS TIMESTAMP)),
(102, 170, 66, 15483.568, &#039;小米su7&#039;, 31, 87, 8, TRUE, CAST(&#039;2024-04-01&#039; AS DATE), CAST(NULL AS TIMESTAMP)),
(1001, 160, NULL, 265, &#039;小米su7&#039;, 26, 82, 17, FALSE, CAST(&#039;2024-01-15&#039; AS DATE), CAST(&#039;2026-01-13 18:20:00&#039; AS TIMESTAMP)),
(110030, 180.23, 459897, 80.55485, &#039;保时捷718&#039;, 36, 92, 5, NULL, CAST(&#039;2024-07-10&#039; AS DATE), CAST(NULL AS TIMESTAMP)),
(110030, 180.23, 459897, 80.55485, &#039;保时捷718&#039;, 36, 92, 6, FALSE, CAST(&#039;2024-07-10&#039; AS DATE), CAST(&#039;2026-01-13 14:05:00&#039; AS TIMESTAMP)),
(11003, 180.23, 459897, NULL, &#039;保时捷718&#039;, 36, 92, 7, FALSE, CAST(NULL AS DATE), CAST(&#039;2026-01-13 16:40:00&#039; AS TIMESTAMP)),
(1001, 160, NULL, 265, NULL, 26, 82, 17, FALSE, CAST(&#039;2024-01-15&#039; AS DATE), CAST(&#039;2026-01-13 18:20:00&#039; AS TIMESTAMP)),
(11003, 180.23, 459897, 80.55485, NULL, 36, 92, 5, NULL, CAST(&#039;2024-07-10&#039; AS DATE), CAST(NULL AS TIMESTAMP));

2、已存在标准目录：test","1. 进入「资产-数据标准-标准定义」页面
2. 新建标准配置如下：
「中文名称」：「总额」
「英文名称」：「amount」
「英文缩写」：「at」
「标准目录」：「test」
「车型」：「小米su7，保时捷718」
1）小米su7：
「数据类型」：「数值型」
「数据长度」：「<=5」
「数据精度」：「3/2」
「是否允许为空」：「不可空」
「是否允许重复」：「不可重复」
「默认值」：「1」
「取值范围」：「>=10且<=280」
「初始值」：「2」
「无效值」：「0.1」
「精度倍数」：「2.2」
「偏移量」：「0.02」；
2）保时捷718：
「数据类型」：「数值型」
「数据长度」：「<=5」
「数据精度」：「3/2」
「是否允许为空」：「不可空」
「是否允许重复」：「不可重复」
「默认值」：「1」
「取值范围」：「>=180且<=999」
「初始值」：「2」
「无效值」：「0.1」
「精度倍数」：「2.2」
「偏移量」：「0.02」；
点击【上线】
3. 点击「标准映射」页面，进行标准映射
4. 给该标准绑定字段：绑定amount字段
5. 点击「落标检查」页面，新增检查任务，检查内容配置如下：
「数据源」：「${DATASOURCE}」
「数据库」：「${DATABASE}」
「数据表」：「order_info」
「选择已有分区」：「dt=2026-01-12」
「标准目录」：「test」
不绑定「车型关联字段」；
点击【下一步】
6. 开启amount字段的检查，设置检查项为：取值范围、重复数；
点击【下一步】
7. 配置调度属性为按天运行，其余内容正确配置；点击【新增并立即执行】
8. 等待检查完成，查看【落标检查设置】tab列表
9. 点击【操作-查看结果详情】
10. 查看【落标检查结果】tab列表
11. 点击【操作-查看详情】
12. 根据文档步骤通过底层数据库查看该检查任务的sql
13. 等待该检查任务按周期运行完成，查看结果详情","1. 页面正常打开
2. 内容配置成功；
标准成功上线
3. 标准映射列表新增该标准
4. 字段绑定成功
5. 检查内容配置成功；
进入选择字段页面
6. 成功开启检查并设置检查项；
进入调度配置页面
7. 保存成功，任务进入检查中状态
8. 1）显示对应的正确数据表名称、所属数据源、所属数据库、检查字段数/总字段数、检查周期、检查状态、标准达标率、不达标字段数/检查失败数、最近编辑时间、最近检查时间、操作。
2）其中标准达标率为“100%”，不达标字段数/检查失败数为“0/0”
9. 跳转至【落标检查结果】tab
10. 1）显示对应的正确数据源、数据库、数据表、字段、检查状态、是否达标、检查开始时间、检查结束时间、操作。
2）其中检查状态为“检查完成”，是否达标为“达标”
11. 检查结果详情包含以下信息：
1）检查信息：检查数据源、数据库、数据表、字段与配置的内容一致；
2）检查结果列表：取值范围、重复数都显示“达标”，开始检查时间、结束检查时间正确，操作为“--”
3）关联标准详情与前面配置的内容一致
12. sql未进行合并：
1）每一条校验规则，都单独去读取一遍源数据表；
​2）各个规则的判断计算语句都是分开写的，一条规则对应一个select语句，无SUM (CASE WHEN)并行计算逻辑
​3）不同规则的数据分开存入不同的脏数据表
13. 检查项都达标，详情正确","1. 
2. 
3. 
4. 
5. 
6. 
7. 
8. 
9. 
10. 
11. 
12. 
13.","","2","功能测试","功能测试阶段","正常","0","0","13","","听筠","2026-06-03","","0000-00-00","1","",""
"186465","数据资产_STD(#23)","/版本迭代测试用例/v6.4.11/【岚图】【数据资产】落标检查任务性能优化，规则sql合并/可合并+不可合并(#10607)","【岚图】【数据资产】数据质量任务、落标检查任务性能优化，规则sql合并(#15862)","有车型 验证「有车型」-「不绑定车型关联字段」-「空值数+重复数」校验功能","1、已存在表order_info
CREATE TABLE IF NOT EXISTS pw_test.order_info (
user_id INT COMMENT &#039;用户ID&#039;,
tall FLOAT COMMENT &#039;身高&#039;,
weight DOUBLE COMMENT &#039;体重&#039;,
amount DECIMAL(10,3) COMMENT &#039;金额&#039;,
car_model STRING COMMENT &#039;车型&#039;,
age BYTE COMMENT &#039;年龄&#039;,
score SHORT COMMENT &#039;评分&#039;,
total_orders LONG COMMENT &#039;总订单数&#039;,
is_vip BOOLEAN COMMENT &#039;是否VIP&#039;,
register_date DATE COMMENT &#039;注册日期&#039;,
last_login TIMESTAMP COMMENT &#039;最后登录时间&#039;
)
PARTITIONED BY (order_date STRING COMMENT &#039;订单日期，格式yyyy-MM-dd&#039;);
-- 插入2026-01-12分区数据
INSERT INTO pw_test.order_info PARTITION (order_date=&#039;2026-01-12&#039;)
VALUES
(1000, 160, NULL, 265.2, &#039;小米su7&#039;, 25, 80, 10, TRUE, DATE &#039;2024-01-01&#039;, TIMESTAMP &#039;2026-01-12 10:30:00&#039;),
(102, 170, 66, 140.80, &#039;小米su7&#039;, 30, 85, 5, FALSE, DATE &#039;2024-03-15&#039;, TIMESTAMP &#039;2026-01-12 14:20:00&#039;),
(1100, 180.23, 459897, 187, &#039;保时捷718&#039;, 35, 90, 3, TRUE, DATE &#039;2024-06-20&#039;, TIMESTAMP &#039;2026-01-12 09:15:00&#039;);
-- 插入2026-01-13分区数据
INSERT INTO pw_test.order_info PARTITION (order_date=&#039;2026-01-13&#039;)
VALUES
(1001, 160, NULL, 265, &#039;小米su7&#039;, 26, 82, 15, NULL, CAST(&#039;2024-01-15&#039; AS DATE), CAST(&#039;2026-01-13 11:00:00&#039; AS TIMESTAMP)),
(1001, 160, NULL, NULL, &#039;小米su7&#039;, 26, 82, 16, FALSE, CAST(NULL AS DATE), CAST(&#039;2026-01-13 15:30:00&#039; AS TIMESTAMP)),
(102, 170, 66, 15483.568, &#039;小米su7&#039;, 31, 87, 8, TRUE, CAST(&#039;2024-04-01&#039; AS DATE), CAST(NULL AS TIMESTAMP)),
(1001, 160, NULL, 265, &#039;小米su7&#039;, 26, 82, 17, FALSE, CAST(&#039;2024-01-15&#039; AS DATE), CAST(&#039;2026-01-13 18:20:00&#039; AS TIMESTAMP)),
(110030, 180.23, 459897, 80.55485, &#039;保时捷718&#039;, 36, 92, 5, NULL, CAST(&#039;2024-07-10&#039; AS DATE), CAST(NULL AS TIMESTAMP)),
(110030, 180.23, 459897, 80.55485, &#039;保时捷718&#039;, 36, 92, 6, FALSE, CAST(&#039;2024-07-10&#039; AS DATE), CAST(&#039;2026-01-13 14:05:00&#039; AS TIMESTAMP)),
(11003, 180.23, 459897, NULL, &#039;保时捷718&#039;, 36, 92, 7, FALSE, CAST(NULL AS DATE), CAST(&#039;2026-01-13 16:40:00&#039; AS TIMESTAMP)),
(1001, 160, NULL, 265, NULL, 26, 82, 17, FALSE, CAST(&#039;2024-01-15&#039; AS DATE), CAST(&#039;2026-01-13 18:20:00&#039; AS TIMESTAMP)),
(11003, 180.23, 459897, 80.55485, NULL, 36, 92, 5, NULL, CAST(&#039;2024-07-10&#039; AS DATE), CAST(NULL AS TIMESTAMP));

2、已存在标准目录：test","1. 进入「资产-数据标准-标准定义」页面
2. 新建标准配置如下：
「中文名称」：「总额」
「英文名称」：「amount」
「英文缩写」：「at」
「标准目录」：「test」
「车型」：「小米su7，保时捷718」
1）小米su7：
「数据类型」：「数值型」
「数据长度」：「<=5」
「数据精度」：「3/2」
「是否允许为空」：「不可空」
「是否允许重复」：「不可重复」
「默认值」：「1」
「取值范围」：「>=10且<=280」
「初始值」：「2」
「无效值」：「0.1」
「精度倍数」：「2.2」
「偏移量」：「0.02」；
2）保时捷718：
「数据类型」：「数值型」
「数据长度」：「<=5」
「数据精度」：「3/2」
「是否允许为空」：「不可空」
「是否允许重复」：「不可重复」
「默认值」：「1」
「取值范围」：「>=180且<=999」
「初始值」：「2」
「无效值」：「0.1」
「精度倍数」：「2.2」
「偏移量」：「0.02」；
点击【上线】
3. 点击「标准映射」页面，进行标准映射
4. 给该标准绑定字段：绑定amount字段
5. 点击「落标检查」页面，新增检查任务，检查内容配置如下：
「数据源」：「${DATASOURCE}」
「数据库」：「${DATABASE}」
「数据表」：「order_info」
「选择已有分区」：「dt=2026-01-12」
「标准目录」：「test」
不绑定「车型关联字段」；
点击【下一步】
6. 开启amount字段的检查，设置检查项为：空值数、重复数；
点击【下一步】
7. 配置调度属性为按天运行，其余内容正确配置；点击【新增并立即执行】
8. 等待检查完成，查看【落标检查设置】tab列表
9. 点击【操作-查看结果详情】
10. 查看【落标检查结果】tab列表
11. 点击【操作-查看详情】
12. 根据文档步骤通过底层数据库查看该检查任务的sql
13. 等待该检查任务按周期运行完成，查看结果详情","1. 页面正常打开
2. 内容配置成功；
标准成功上线
3. 标准映射列表新增该标准
4. 字段绑定成功
5. 检查内容配置成功；
进入选择字段页面
6. 成功开启检查并设置检查项；
进入调度配置页面
7. 保存成功，任务进入检查中状态
8. 1）显示对应的正确数据表名称、所属数据源、所属数据库、检查字段数/总字段数、检查周期、检查状态、标准达标率、不达标字段数/检查失败数、最近编辑时间、最近检查时间、操作。
2）其中标准达标率为“100%”，不达标字段数/检查失败数为“0/0”
9. 跳转至【落标检查结果】tab
10. 1）显示对应的正确数据源、数据库、数据表、字段、检查状态、是否达标、检查开始时间、检查结束时间、操作。
2）其中检查状态为“检查完成”，是否达标为“达标”
11. 检查结果详情包含以下信息：
1）检查信息：检查数据源、数据库、数据表、字段与配置的内容一致；
2）检查结果列表：空值数、重复数都显示“达标”，开始检查时间、结束检查时间正确，操作为“--”
3）关联标准详情与前面配置的内容一致
12. sql未进行合并：
1）每一条校验规则，都单独去读取一遍源数据表；
​2）各个规则的判断计算语句都是分开写的，一条规则对应一个select语句，无SUM (CASE WHEN)并行计算逻辑
​3）不同规则的数据分开存入不同的脏数据表
13. 检查项都达标，详情正确","1. 
2. 
3. 
4. 
5. 
6. 
7. 
8. 
9. 
10. 
11. 
12. 
13.","","2","功能测试","功能测试阶段","正常","0","0","13","","听筠","2026-06-03","","0000-00-00","1","",""
"186464","数据资产_STD(#23)","/版本迭代测试用例/v6.4.11/【岚图】【数据资产】落标检查任务性能优化，规则sql合并/可合并+不可合并(#10607)","【岚图】【数据资产】数据质量任务、落标检查任务性能优化，规则sql合并(#15862)","有车型 验证「有车型」-「不绑定车型关联字段」-「精度倍数+重复数」校验功能","1、已存在表order_info
CREATE TABLE IF NOT EXISTS pw_test.order_info (
user_id INT COMMENT &#039;用户ID&#039;,
tall FLOAT COMMENT &#039;身高&#039;,
weight DOUBLE COMMENT &#039;体重&#039;,
amount DECIMAL(10,3) COMMENT &#039;金额&#039;,
car_model STRING COMMENT &#039;车型&#039;,
age BYTE COMMENT &#039;年龄&#039;,
score SHORT COMMENT &#039;评分&#039;,
total_orders LONG COMMENT &#039;总订单数&#039;,
is_vip BOOLEAN COMMENT &#039;是否VIP&#039;,
register_date DATE COMMENT &#039;注册日期&#039;,
last_login TIMESTAMP COMMENT &#039;最后登录时间&#039;
)
PARTITIONED BY (order_date STRING COMMENT &#039;订单日期，格式yyyy-MM-dd&#039;);
-- 插入2026-01-12分区数据
INSERT INTO pw_test.order_info PARTITION (order_date=&#039;2026-01-12&#039;)
VALUES
(1000, 160, NULL, 265.2, &#039;小米su7&#039;, 25, 80, 10, TRUE, DATE &#039;2024-01-01&#039;, TIMESTAMP &#039;2026-01-12 10:30:00&#039;),
(102, 170, 66, 140.80, &#039;小米su7&#039;, 30, 85, 5, FALSE, DATE &#039;2024-03-15&#039;, TIMESTAMP &#039;2026-01-12 14:20:00&#039;),
(1100, 180.23, 459897, 187, &#039;保时捷718&#039;, 35, 90, 3, TRUE, DATE &#039;2024-06-20&#039;, TIMESTAMP &#039;2026-01-12 09:15:00&#039;);
-- 插入2026-01-13分区数据
INSERT INTO pw_test.order_info PARTITION (order_date=&#039;2026-01-13&#039;)
VALUES
(1001, 160, NULL, 265, &#039;小米su7&#039;, 26, 82, 15, NULL, CAST(&#039;2024-01-15&#039; AS DATE), CAST(&#039;2026-01-13 11:00:00&#039; AS TIMESTAMP)),
(1001, 160, NULL, NULL, &#039;小米su7&#039;, 26, 82, 16, FALSE, CAST(NULL AS DATE), CAST(&#039;2026-01-13 15:30:00&#039; AS TIMESTAMP)),
(102, 170, 66, 15483.568, &#039;小米su7&#039;, 31, 87, 8, TRUE, CAST(&#039;2024-04-01&#039; AS DATE), CAST(NULL AS TIMESTAMP)),
(1001, 160, NULL, 265, &#039;小米su7&#039;, 26, 82, 17, FALSE, CAST(&#039;2024-01-15&#039; AS DATE), CAST(&#039;2026-01-13 18:20:00&#039; AS TIMESTAMP)),
(110030, 180.23, 459897, 80.55485, &#039;保时捷718&#039;, 36, 92, 5, NULL, CAST(&#039;2024-07-10&#039; AS DATE), CAST(NULL AS TIMESTAMP)),
(110030, 180.23, 459897, 80.55485, &#039;保时捷718&#039;, 36, 92, 6, FALSE, CAST(&#039;2024-07-10&#039; AS DATE), CAST(&#039;2026-01-13 14:05:00&#039; AS TIMESTAMP)),
(11003, 180.23, 459897, NULL, &#039;保时捷718&#039;, 36, 92, 7, FALSE, CAST(NULL AS DATE), CAST(&#039;2026-01-13 16:40:00&#039; AS TIMESTAMP)),
(1001, 160, NULL, 265, NULL, 26, 82, 17, FALSE, CAST(&#039;2024-01-15&#039; AS DATE), CAST(&#039;2026-01-13 18:20:00&#039; AS TIMESTAMP)),
(11003, 180.23, 459897, 80.55485, NULL, 36, 92, 5, NULL, CAST(&#039;2024-07-10&#039; AS DATE), CAST(NULL AS TIMESTAMP));

2、已存在标准目录：test","1. 进入「资产-数据标准-标准定义」页面
2. 新建标准配置如下：
「中文名称」：「总额」
「英文名称」：「amount」
「英文缩写」：「at」
「标准目录」：「test」
「车型」：「小米su7，保时捷718」
1）小米su7：
「数据类型」：「数值型」
「数据长度」：「<=5」
「数据精度」：「3/2」
「是否允许为空」：「不可空」
「是否允许重复」：「不可重复」
「默认值」：「1」
「取值范围」：「>=10且<=280」
「初始值」：「2」
「无效值」：「0.1」
「精度倍数」：「2.2」
「偏移量」：「0.02」；
2）保时捷718：
「数据类型」：「数值型」
「数据长度」：「<=5」
「数据精度」：「3/2」
「是否允许为空」：「不可空」
「是否允许重复」：「不可重复」
「默认值」：「1」
「取值范围」：「>=180且<=999」
「初始值」：「2」
「无效值」：「0.1」
「精度倍数」：「2.2」
「偏移量」：「0.02」；
点击【上线】
3. 点击「标准映射」页面，进行标准映射
4. 给该标准绑定字段：绑定amount字段
5. 点击「落标检查」页面，新增检查任务，检查内容配置如下：
「数据源」：「${DATASOURCE}」
「数据库」：「${DATABASE}」
「数据表」：「order_info」
「选择已有分区」：「dt=2026-01-12」
「标准目录」：「test」
不绑定「车型关联字段」；
点击【下一步】
6. 开启amount字段的检查，设置检查项为：精度倍数、重复数；
点击【下一步】
7. 配置调度属性为按天运行，其余内容正确配置；点击【新增并立即执行】
8. 等待检查完成，查看【落标检查设置】tab列表
9. 点击【操作-查看结果详情】
10. 查看【落标检查结果】tab列表
11. 点击【操作-查看详情】
12. 根据文档步骤通过底层数据库查看该检查任务的sql
13. 等待该检查任务按周期运行完成，查看结果详情","1. 页面正常打开
2. 内容配置成功；
标准成功上线
3. 标准映射列表新增该标准
4. 字段绑定成功
5. 检查内容配置成功；
进入选择字段页面
6. 成功开启检查并设置检查项；
进入调度配置页面
7. 保存成功，任务进入检查中状态
8. 1）显示对应的正确数据表名称、所属数据源、所属数据库、检查字段数/总字段数、检查周期、检查状态、标准达标率、不达标字段数/检查失败数、最近编辑时间、最近检查时间、操作。
2）其中标准达标率为“100%”，不达标字段数/检查失败数为“0/0”
9. 跳转至【落标检查结果】tab
10. 1）显示对应的正确数据源、数据库、数据表、字段、检查状态、是否达标、检查开始时间、检查结束时间、操作。
2）其中检查状态为“检查完成”，是否达标为“达标”
11. 检查结果详情包含以下信息：
1）检查信息：检查数据源、数据库、数据表、字段与配置的内容一致；
2）检查结果列表：精度倍数、重复数都显示“达标”，开始检查时间、结束检查时间正确，操作为“--”
3）关联标准详情与前面配置的内容一致
12. sql未进行合并：
1）每一条校验规则，都单独去读取一遍源数据表；
​2）各个规则的判断计算语句都是分开写的，一条规则对应一个select语句，无SUM (CASE WHEN)并行计算逻辑
​3）不同规则的数据分开存入不同的脏数据表
13. 检查项都达标，详情正确","1. 
2. 
3. 
4. 
5. 
6. 
7. 
8. 
9. 
10. 
11. 
12. 
13.","","2","功能测试","功能测试阶段","正常","0","0","13","","听筠","2026-06-03","","0000-00-00","1","",""
"186463","数据资产_STD(#23)","/版本迭代测试用例/v6.4.11/【岚图】【数据资产】落标检查任务性能优化，规则sql合并/可合并+不可合并(#10607)","【岚图】【数据资产】数据质量任务、落标检查任务性能优化，规则sql合并(#15862)","有车型 验证「有车型」-「不绑定车型关联字段」-「数据精度+重复数」校验功能","1、已存在表order_info
CREATE TABLE IF NOT EXISTS pw_test.order_info (
user_id INT COMMENT &#039;用户ID&#039;,
tall FLOAT COMMENT &#039;身高&#039;,
weight DOUBLE COMMENT &#039;体重&#039;,
amount DECIMAL(10,3) COMMENT &#039;金额&#039;,
car_model STRING COMMENT &#039;车型&#039;,
age BYTE COMMENT &#039;年龄&#039;,
score SHORT COMMENT &#039;评分&#039;,
total_orders LONG COMMENT &#039;总订单数&#039;,
is_vip BOOLEAN COMMENT &#039;是否VIP&#039;,
register_date DATE COMMENT &#039;注册日期&#039;,
last_login TIMESTAMP COMMENT &#039;最后登录时间&#039;
)
PARTITIONED BY (order_date STRING COMMENT &#039;订单日期，格式yyyy-MM-dd&#039;);
-- 插入2026-01-12分区数据
INSERT INTO pw_test.order_info PARTITION (order_date=&#039;2026-01-12&#039;)
VALUES
(1000, 160, NULL, 265.2, &#039;小米su7&#039;, 25, 80, 10, TRUE, DATE &#039;2024-01-01&#039;, TIMESTAMP &#039;2026-01-12 10:30:00&#039;),
(102, 170, 66, 140.80, &#039;小米su7&#039;, 30, 85, 5, FALSE, DATE &#039;2024-03-15&#039;, TIMESTAMP &#039;2026-01-12 14:20:00&#039;),
(1100, 180.23, 459897, 187, &#039;保时捷718&#039;, 35, 90, 3, TRUE, DATE &#039;2024-06-20&#039;, TIMESTAMP &#039;2026-01-12 09:15:00&#039;);
-- 插入2026-01-13分区数据
INSERT INTO pw_test.order_info PARTITION (order_date=&#039;2026-01-13&#039;)
VALUES
(1001, 160, NULL, 265, &#039;小米su7&#039;, 26, 82, 15, NULL, CAST(&#039;2024-01-15&#039; AS DATE), CAST(&#039;2026-01-13 11:00:00&#039; AS TIMESTAMP)),
(1001, 160, NULL, NULL, &#039;小米su7&#039;, 26, 82, 16, FALSE, CAST(NULL AS DATE), CAST(&#039;2026-01-13 15:30:00&#039; AS TIMESTAMP)),
(102, 170, 66, 15483.568, &#039;小米su7&#039;, 31, 87, 8, TRUE, CAST(&#039;2024-04-01&#039; AS DATE), CAST(NULL AS TIMESTAMP)),
(1001, 160, NULL, 265, &#039;小米su7&#039;, 26, 82, 17, FALSE, CAST(&#039;2024-01-15&#039; AS DATE), CAST(&#039;2026-01-13 18:20:00&#039; AS TIMESTAMP)),
(110030, 180.23, 459897, 80.55485, &#039;保时捷718&#039;, 36, 92, 5, NULL, CAST(&#039;2024-07-10&#039; AS DATE), CAST(NULL AS TIMESTAMP)),
(110030, 180.23, 459897, 80.55485, &#039;保时捷718&#039;, 36, 92, 6, FALSE, CAST(&#039;2024-07-10&#039; AS DATE), CAST(&#039;2026-01-13 14:05:00&#039; AS TIMESTAMP)),
(11003, 180.23, 459897, NULL, &#039;保时捷718&#039;, 36, 92, 7, FALSE, CAST(NULL AS DATE), CAST(&#039;2026-01-13 16:40:00&#039; AS TIMESTAMP)),
(1001, 160, NULL, 265, NULL, 26, 82, 17, FALSE, CAST(&#039;2024-01-15&#039; AS DATE), CAST(&#039;2026-01-13 18:20:00&#039; AS TIMESTAMP)),
(11003, 180.23, 459897, 80.55485, NULL, 36, 92, 5, NULL, CAST(&#039;2024-07-10&#039; AS DATE), CAST(NULL AS TIMESTAMP));

2、已存在标准目录：test","1. 进入「资产-数据标准-标准定义」页面
2. 新建标准配置如下：
「中文名称」：「总额」
「英文名称」：「amount」
「英文缩写」：「at」
「标准目录」：「test」
「车型」：「小米su7，保时捷718」
1）小米su7：
「数据类型」：「数值型」
「数据长度」：「<=5」
「数据精度」：「3/2」
「是否允许为空」：「不可空」
「是否允许重复」：「不可重复」
「默认值」：「1」
「取值范围」：「>=10且<=280」
「初始值」：「2」
「无效值」：「0.1」
「精度倍数」：「2.2」
「偏移量」：「0.02」；
2）保时捷718：
「数据类型」：「数值型」
「数据长度」：「<=5」
「数据精度」：「3/2」
「是否允许为空」：「不可空」
「是否允许重复」：「不可重复」
「默认值」：「1」
「取值范围」：「>=180且<=999」
「初始值」：「2」
「无效值」：「0.1」
「精度倍数」：「2.2」
「偏移量」：「0.02」；
点击【上线】
3. 点击「标准映射」页面，进行标准映射
4. 给该标准绑定字段：绑定amount字段
5. 点击「落标检查」页面，新增检查任务，检查内容配置如下：
「数据源」：「${DATASOURCE}」
「数据库」：「${DATABASE}」
「数据表」：「order_info」
「选择已有分区」：「dt=2026-01-13」
「标准目录」：「test」
不绑定「车型关联字段」；
点击【下一步】
6. 开启amount字段的检查，设置检查项为：数据精度、重复数；
点击【下一步】
7. 配置调度属性为按天运行，其余内容正确配置；点击【新增并立即执行】
8. 等待检查完成，查看【落标检查设置】tab列表
9. 点击【操作-查看结果详情】
10. 查看【落标检查结果】tab列表
11. 点击【操作-查看详情】
12. 点击列表里检查项对应的的【操作-查看详情】
13. 根据文档步骤通过底层数据库查看该检查任务的sql
14. 等待该检查任务按周期运行完成，查看结果详情","1. 页面正常打开
2. 内容配置成功；
标准成功上线
3. 标准映射列表新增该标准
4. 字段绑定成功
5. 检查内容配置成功；
进入选择字段页面
6. 成功开启检查并设置检查项；
进入调度配置页面
7. 保存成功，任务进入检查中状态
8. 1）显示对应的正确数据表名称、所属数据源、所属数据库、检查字段数/总字段数、检查周期、检查状态、标准达标率、不达标字段数/检查失败数、最近编辑时间、最近检查时间、操作。
2）其中标准达标率为“50%”，不达标字段数/检查失败数为“1/0”
9. 跳转至【落标检查结果】tab
10. 1）显示对应的正确数据源、数据库、数据表、字段、检查状态、是否达标、检查开始时间、检查结束时间、操作。
2）其中检查状态为“检查完成”，是否达标为“未达标”
11. 检查结果详情包含以下信息：
1）检查信息：检查数据源、数据库、数据表、字段与配置的内容一致；
2）检查结果列表：数据精度显示“未达标”、重复数显示“达标”，开始检查时间、结束检查时间正确，操作为“查看详情”
3）关联标准详情与前面配置的内容一致
12. 1）为脏数据明细，显示不符合检查项的数据，标红展示
2）行数<=100
13. sql未进行合并：
1）每一条校验规则，都单独去读取一遍源数据表；
​2）各个规则的判断计算语句都是分开写的，一条规则对应一个select语句，无SUM (CASE WHEN)并行计算逻辑
​3）不同规则的数据分开存入不同的脏数据表
14. 数据精度未达标、重复数达标，详情正确","1. 
2. 
3. 
4. 
5. 
6. 
7. 
8. 
9. 
10. 
11. 
12. 
13. 
14.","","2","功能测试","功能测试阶段","正常","0","0","14","","听筠","2026-06-03","","0000-00-00","1","",""
"186462","数据资产_STD(#23)","/版本迭代测试用例/v6.4.11/【岚图】【数据资产】落标检查任务性能优化，规则sql合并/可合并+不可合并(#10607)","【岚图】【数据资产】数据质量任务、落标检查任务性能优化，规则sql合并(#15862)","有车型 验证「有车型」-「不绑定车型关联字段」-「字符串长度+重复数」校验功能","1、已存在表order_info
CREATE TABLE IF NOT EXISTS pw_test.order_info (
user_id INT COMMENT &#039;用户ID&#039;,
tall FLOAT COMMENT &#039;身高&#039;,
weight DOUBLE COMMENT &#039;体重&#039;,
amount DECIMAL(10,3) COMMENT &#039;金额&#039;,
car_model STRING COMMENT &#039;车型&#039;,
age BYTE COMMENT &#039;年龄&#039;,
score SHORT COMMENT &#039;评分&#039;,
total_orders LONG COMMENT &#039;总订单数&#039;,
is_vip BOOLEAN COMMENT &#039;是否VIP&#039;,
register_date DATE COMMENT &#039;注册日期&#039;,
last_login TIMESTAMP COMMENT &#039;最后登录时间&#039;
)
PARTITIONED BY (order_date STRING COMMENT &#039;订单日期，格式yyyy-MM-dd&#039;);
-- 插入2026-01-12分区数据
INSERT INTO pw_test.order_info PARTITION (order_date=&#039;2026-01-12&#039;)
VALUES
(1000, 160, NULL, 265.2, &#039;小米su7&#039;, 25, 80, 10, TRUE, DATE &#039;2024-01-01&#039;, TIMESTAMP &#039;2026-01-12 10:30:00&#039;),
(102, 170, 66, 140.80, &#039;小米su7&#039;, 30, 85, 5, FALSE, DATE &#039;2024-03-15&#039;, TIMESTAMP &#039;2026-01-12 14:20:00&#039;),
(1100, 180.23, 459897, 187, &#039;保时捷718&#039;, 35, 90, 3, TRUE, DATE &#039;2024-06-20&#039;, TIMESTAMP &#039;2026-01-12 09:15:00&#039;);
-- 插入2026-01-13分区数据
INSERT INTO pw_test.order_info PARTITION (order_date=&#039;2026-01-13&#039;)
VALUES
(1001, 160, NULL, 265, &#039;小米su7&#039;, 26, 82, 15, NULL, CAST(&#039;2024-01-15&#039; AS DATE), CAST(&#039;2026-01-13 11:00:00&#039; AS TIMESTAMP)),
(1001, 160, NULL, NULL, &#039;小米su7&#039;, 26, 82, 16, FALSE, CAST(NULL AS DATE), CAST(&#039;2026-01-13 15:30:00&#039; AS TIMESTAMP)),
(102, 170, 66, 15483.568, &#039;小米su7&#039;, 31, 87, 8, TRUE, CAST(&#039;2024-04-01&#039; AS DATE), CAST(NULL AS TIMESTAMP)),
(1001, 160, NULL, 265, &#039;小米su7&#039;, 26, 82, 17, FALSE, CAST(&#039;2024-01-15&#039; AS DATE), CAST(&#039;2026-01-13 18:20:00&#039; AS TIMESTAMP)),
(110030, 180.23, 459897, 80.55485, &#039;保时捷718&#039;, 36, 92, 5, NULL, CAST(&#039;2024-07-10&#039; AS DATE), CAST(NULL AS TIMESTAMP)),
(110030, 180.23, 459897, 80.55485, &#039;保时捷718&#039;, 36, 92, 6, FALSE, CAST(&#039;2024-07-10&#039; AS DATE), CAST(&#039;2026-01-13 14:05:00&#039; AS TIMESTAMP)),
(11003, 180.23, 459897, NULL, &#039;保时捷718&#039;, 36, 92, 7, FALSE, CAST(NULL AS DATE), CAST(&#039;2026-01-13 16:40:00&#039; AS TIMESTAMP)),
(1001, 160, NULL, 265, NULL, 26, 82, 17, FALSE, CAST(&#039;2024-01-15&#039; AS DATE), CAST(&#039;2026-01-13 18:20:00&#039; AS TIMESTAMP)),
(11003, 180.23, 459897, 80.55485, NULL, 36, 92, 5, NULL, CAST(&#039;2024-07-10&#039; AS DATE), CAST(NULL AS TIMESTAMP));

2、已存在标准目录：test","1. 进入「资产-数据标准-标准定义」页面
2. 新建标准配置如下：
「中文名称」：「总额」
「英文名称」：「amount」
「英文缩写」：「at」
「标准目录」：「test」
「车型」：「小米su7，保时捷718」
1）小米su7：
「数据类型」：「数值型」
「数据长度」：「<=5」
「数据精度」：「3/2」
「是否允许为空」：「不可空」
「是否允许重复」：「不可重复」
「默认值」：「1」
「取值范围」：「>=10且<=280」
「初始值」：「2」
「无效值」：「0.1」
「精度倍数」：「2.2」
「偏移量」：「0.02」；
2）保时捷718：
「数据类型」：「数值型」
「数据长度」：「<=5」
「数据精度」：「3/2」
「是否允许为空」：「不可空」
「是否允许重复」：「不可重复」
「默认值」：「1」
「取值范围」：「>=180且<=999」
「初始值」：「2」
「无效值」：「0.1」
「精度倍数」：「2.2」
「偏移量」：「0.02」；
点击【上线】
3. 点击「标准映射」页面，进行标准映射
4. 给该标准绑定字段：绑定amount字段
5. 点击「落标检查」页面，新增检查任务，检查内容配置如下：
「数据源」：「${DATASOURCE}」
「数据库」：「${DATABASE}」
「数据表」：「order_info」
「选择已有分区」：「dt=2026-01-13」
「标准目录」：「test」
不绑定「车型关联字段」；
点击【下一步】
6. 开启amount字段的检查，设置检查项为：字符串长度、重复数；
点击【下一步】
7. 配置调度属性为按天运行，其余内容正确配置；点击【新增并立即执行】
8. 等待检查完成，查看【落标检查设置】tab列表
9. 点击【操作-查看结果详情】
10. 查看【落标检查结果】tab列表
11. 点击【操作-查看详情】
12. 点击列表里检查项对应的的【操作-查看详情】
13. 根据文档步骤通过底层数据库查看该检查任务的sql
14. 等待该检查任务按周期运行完成，查看结果详情","1. 页面正常打开
2. 内容配置成功；
标准成功上线
3. 标准映射列表新增该标准
4. 字段绑定成功
5. 检查内容配置成功；
进入选择字段页面
6. 成功开启检查并设置检查项；
进入调度配置页面
7. 保存成功，任务进入检查中状态
8. 1）显示对应的正确数据表名称、所属数据源、所属数据库、检查字段数/总字段数、检查周期、检查状态、标准达标率、不达标字段数/检查失败数、最近编辑时间、最近检查时间、操作。
2）其中标准达标率为“50%”，不达标字段数/检查失败数为“1/0”
9. 跳转至【落标检查结果】tab
10. 1）显示对应的正确数据源、数据库、数据表、字段、检查状态、是否达标、检查开始时间、检查结束时间、操作。
2）其中检查状态为“检查完成”，是否达标为“未达标”
11. 检查结果详情包含以下信息：
1）检查信息：检查数据源、数据库、数据表、字段与配置的内容一致；
2）检查结果列表：字符串长度显示“未达标”、重复数显示“达标”，开始检查时间、结束检查时间正确，操作为“查看详情”
3）关联标准详情与前面配置的内容一致
12. 1）为脏数据明细，显示不符合检查项的数据，标红展示
2）行数<=100
13. sql未进行合并：
1）每一条校验规则，都单独去读取一遍源数据表；
​2）各个规则的判断计算语句都是分开写的，一条规则对应一个select语句，无SUM (CASE WHEN)并行计算逻辑
​3）不同规则的数据分开存入不同的脏数据表
14. 字符串长度未达标、重复数达标，详情正确","1. 
2. 
3. 
4. 
5. 
6. 
7. 
8. 
9. 
10. 
11. 
12. 
13. 
14.","","2","功能测试","功能测试阶段","正常","0","0","14","","听筠","2026-06-03","","0000-00-00","1","",""
"186461","数据资产_STD(#23)","/版本迭代测试用例/v6.4.11/【岚图】【数据资产】落标检查任务性能优化，规则sql合并/可合并+不可合并(#10607)","【岚图】【数据资产】数据质量任务、落标检查任务性能优化，规则sql合并(#15862)","有车型 验证「有车型」-「绑定车型关联字段」-「字符串长度+数据精度+精度倍数+空值数+取值范围+重复数」校验功能","1、已存在表order_info
CREATE TABLE IF NOT EXISTS pw_test.order_info (
user_id INT COMMENT &#039;用户ID&#039;,
tall FLOAT COMMENT &#039;身高&#039;,
weight DOUBLE COMMENT &#039;体重&#039;,
amount DECIMAL(10,3) COMMENT &#039;金额&#039;,
car_model STRING COMMENT &#039;车型&#039;,
age BYTE COMMENT &#039;年龄&#039;,
score SHORT COMMENT &#039;评分&#039;,
total_orders LONG COMMENT &#039;总订单数&#039;,
is_vip BOOLEAN COMMENT &#039;是否VIP&#039;,
register_date DATE COMMENT &#039;注册日期&#039;,
last_login TIMESTAMP COMMENT &#039;最后登录时间&#039;
)
PARTITIONED BY (order_date STRING COMMENT &#039;订单日期，格式yyyy-MM-dd&#039;);
-- 插入2026-01-12分区数据
INSERT INTO pw_test.order_info PARTITION (order_date=&#039;2026-01-12&#039;)
VALUES
(1000, 160, NULL, 265.2, &#039;小米su7&#039;, 25, 80, 10, TRUE, DATE &#039;2024-01-01&#039;, TIMESTAMP &#039;2026-01-12 10:30:00&#039;),
(102, 170, 66, 140.80, &#039;小米su7&#039;, 30, 85, 5, FALSE, DATE &#039;2024-03-15&#039;, TIMESTAMP &#039;2026-01-12 14:20:00&#039;),
(1100, 180.23, 459897, 187, &#039;保时捷718&#039;, 35, 90, 3, TRUE, DATE &#039;2024-06-20&#039;, TIMESTAMP &#039;2026-01-12 09:15:00&#039;);
-- 插入2026-01-13分区数据
INSERT INTO pw_test.order_info PARTITION (order_date=&#039;2026-01-13&#039;)
VALUES
(1001, 160, NULL, 265, &#039;小米su7&#039;, 26, 82, 15, NULL, CAST(&#039;2024-01-15&#039; AS DATE), CAST(&#039;2026-01-13 11:00:00&#039; AS TIMESTAMP)),
(1001, 160, NULL, NULL, &#039;小米su7&#039;, 26, 82, 16, FALSE, CAST(NULL AS DATE), CAST(&#039;2026-01-13 15:30:00&#039; AS TIMESTAMP)),
(102, 170, 66, 15483.568, &#039;小米su7&#039;, 31, 87, 8, TRUE, CAST(&#039;2024-04-01&#039; AS DATE), CAST(NULL AS TIMESTAMP)),
(1001, 160, NULL, 265, &#039;小米su7&#039;, 26, 82, 17, FALSE, CAST(&#039;2024-01-15&#039; AS DATE), CAST(&#039;2026-01-13 18:20:00&#039; AS TIMESTAMP)),
(110030, 180.23, 459897, 80.55485, &#039;保时捷718&#039;, 36, 92, 5, NULL, CAST(&#039;2024-07-10&#039; AS DATE), CAST(NULL AS TIMESTAMP)),
(110030, 180.23, 459897, 80.55485, &#039;保时捷718&#039;, 36, 92, 6, FALSE, CAST(&#039;2024-07-10&#039; AS DATE), CAST(&#039;2026-01-13 14:05:00&#039; AS TIMESTAMP)),
(11003, 180.23, 459897, NULL, &#039;保时捷718&#039;, 36, 92, 7, FALSE, CAST(NULL AS DATE), CAST(&#039;2026-01-13 16:40:00&#039; AS TIMESTAMP)),
(1001, 160, NULL, 265, NULL, 26, 82, 17, FALSE, CAST(&#039;2024-01-15&#039; AS DATE), CAST(&#039;2026-01-13 18:20:00&#039; AS TIMESTAMP)),
(11003, 180.23, 459897, 80.55485, NULL, 36, 92, 5, NULL, CAST(&#039;2024-07-10&#039; AS DATE), CAST(NULL AS TIMESTAMP));

2、已存在标准目录：test","1. 进入「资产-数据标准-标准定义」页面
2. 新建标准配置如下：
「中文名称」：「总额」
「英文名称」：「amount」
「英文缩写」：「at」
「标准目录」：「test」
「车型」：「小米su7，保时捷718」
1）小米su7：
「数据类型」：「数值型」
「数据长度」：「<=5」
「数据精度」：「3/2」
「是否允许为空」：「不可空」
「是否允许重复」：「不可重复」
「默认值」：「1」
「取值范围」：「>=10且<=280」
「初始值」：「2」
「无效值」：「0.1」
「精度倍数」：「2.2」
「偏移量」：「0.02」；
2）保时捷718：
「数据类型」：「数值型」
「数据长度」：「<=5」
「数据精度」：「3/2」
「是否允许为空」：「不可空」
「是否允许重复」：「不可重复」
「默认值」：「1」
「取值范围」：「>=180且<=999」
「初始值」：「2」
「无效值」：「0.1」
「精度倍数」：「2.2」
「偏移量」：「0.02」；
点击【上线】
3. 点击「标准映射」页面，进行标准映射
4. 给该标准绑定字段：绑定amount字段
5. 点击「落标检查」页面，新增检查任务，检查内容配置如下：
「数据源」：「${DATASOURCE}」
「数据库」：「${DATABASE}」
「数据表」：「order_info」
「选择已有分区」：「dt=2026-01-13」
「标准目录」：「test」
「车型关联字段」：「car_model」；
点击【下一步】
6. 开启amount字段的检查，设置检查项为：字符串长度、数据精度、空值数、取值范围、精度倍数、重复数；
点击【下一步】
7. 配置调度属性为按天运行，其余内容正确配置；点击【新增并立即执行】
8. 等待检查完成，查看【落标检查设置】tab列表
9. 点击【操作-查看结果详情】
10. 查看【落标检查结果】tab列表
11. 点击【操作-查看详情】
12. 点击列表里检查项对应的的【操作-查看详情】
13. 根据文档步骤通过底层数据库查看该检查任务的sql
14. 等待该检查任务按周期运行完成，查看结果详情","1. 页面正常打开
2. 内容配置成功；
标准成功上线
3. 标准映射列表新增该标准
4. 字段绑定成功
5. 检查内容配置成功；
进入选择字段页面
6. 成功开启检查并设置检查项；
进入调度配置页面
7. 保存成功，任务进入检查中状态
8. 1）显示对应的正确数据表名称、所属数据源、所属数据库、检查字段数/总字段数、检查周期、检查状态、标准达标率、不达标字段数/检查失败数、最近编辑时间、最近检查时间、操作。
2）其中标准达标率为“16.67%”，不达标字段数/检查失败数为“1/0”
9. 跳转至【落标检查结果】tab
10. 1）显示对应的正确数据源、数据库、数据表、字段、检查状态、是否达标、检查开始时间、检查结束时间、操作。
2）其中检查状态为“检查完成”，是否达标为“未达标”
11. 检查结果详情包含以下信息：
1）检查信息：检查数据源、数据库、数据表、字段与配置的内容一致；
2）检查结果列表：字符串长度、数据精度、空值数、取值范围、精度倍数都显示“未达标”、重复数显示“达标”，开始检查时间、结束检查时间正确，操作为“查看详情”
3）关联标准详情与前面配置的内容一致
12. 1）为脏数据明细，显示不符合检查项的数据，标红展示
2）行数<=100
13. 字符串长度、数据精度、空值数、取值范围、精度倍数sql进行合并：
1）源表只扫描一次：FROM 后面的源表只出现 1 次；
​2）所有可合并规则写在同一个select里面：用多个 SUM (CASE WHEN) 把规则并行计算；
3）计算后再把结果拆成多行，每行代表单个规则进行输出，最终把结果插入同一张脏数据表
重复数sql不进行合并：
1）只有单个select计算语句，不参与SUM (CASE WHEN)并行计算逻辑
2）脏数据存储于另一张脏数据表
14. 字符串长度、数据精度、空值数、取值范围、精度倍数5个检查项都未达标、重复数达标，详情正确","1. 
2. 
3. 
4. 
5. 
6. 
7. 
8. 
9. 
10. 
11. 
12. 
13. 
14.","","1","功能测试","功能测试阶段","正常","0","1","14","通过","听筠","2026-06-03","","0000-00-00","1","",""
"186460","数据资产_STD(#23)","/版本迭代测试用例/v6.4.11/【岚图】【数据资产】落标检查任务性能优化，规则sql合并/可合并+不可合并(#10607)","【岚图】【数据资产】数据质量任务、落标检查任务性能优化，规则sql合并(#15862)","有车型 验证「有车型」-「绑定车型关联字段」-「取值范围+重复数」校验功能","1、已存在表order_info
CREATE TABLE IF NOT EXISTS pw_test.order_info (
user_id INT COMMENT &#039;用户ID&#039;,
tall FLOAT COMMENT &#039;身高&#039;,
weight DOUBLE COMMENT &#039;体重&#039;,
amount DECIMAL(10,3) COMMENT &#039;金额&#039;,
car_model STRING COMMENT &#039;车型&#039;,
age BYTE COMMENT &#039;年龄&#039;,
score SHORT COMMENT &#039;评分&#039;,
total_orders LONG COMMENT &#039;总订单数&#039;,
is_vip BOOLEAN COMMENT &#039;是否VIP&#039;,
register_date DATE COMMENT &#039;注册日期&#039;,
last_login TIMESTAMP COMMENT &#039;最后登录时间&#039;
)
PARTITIONED BY (order_date STRING COMMENT &#039;订单日期，格式yyyy-MM-dd&#039;);
-- 插入2026-01-12分区数据
INSERT INTO pw_test.order_info PARTITION (order_date=&#039;2026-01-12&#039;)
VALUES
(1000, 160, NULL, 265.2, &#039;小米su7&#039;, 25, 80, 10, TRUE, DATE &#039;2024-01-01&#039;, TIMESTAMP &#039;2026-01-12 10:30:00&#039;),
(102, 170, 66, 140.80, &#039;小米su7&#039;, 30, 85, 5, FALSE, DATE &#039;2024-03-15&#039;, TIMESTAMP &#039;2026-01-12 14:20:00&#039;),
(1100, 180.23, 459897, 187, &#039;保时捷718&#039;, 35, 90, 3, TRUE, DATE &#039;2024-06-20&#039;, TIMESTAMP &#039;2026-01-12 09:15:00&#039;);
-- 插入2026-01-13分区数据
INSERT INTO pw_test.order_info PARTITION (order_date=&#039;2026-01-13&#039;)
VALUES
(1001, 160, NULL, 265, &#039;小米su7&#039;, 26, 82, 15, NULL, CAST(&#039;2024-01-15&#039; AS DATE), CAST(&#039;2026-01-13 11:00:00&#039; AS TIMESTAMP)),
(1001, 160, NULL, NULL, &#039;小米su7&#039;, 26, 82, 16, FALSE, CAST(NULL AS DATE), CAST(&#039;2026-01-13 15:30:00&#039; AS TIMESTAMP)),
(102, 170, 66, 15483.568, &#039;小米su7&#039;, 31, 87, 8, TRUE, CAST(&#039;2024-04-01&#039; AS DATE), CAST(NULL AS TIMESTAMP)),
(1001, 160, NULL, 265, &#039;小米su7&#039;, 26, 82, 17, FALSE, CAST(&#039;2024-01-15&#039; AS DATE), CAST(&#039;2026-01-13 18:20:00&#039; AS TIMESTAMP)),
(110030, 180.23, 459897, 80.55485, &#039;保时捷718&#039;, 36, 92, 5, NULL, CAST(&#039;2024-07-10&#039; AS DATE), CAST(NULL AS TIMESTAMP)),
(110030, 180.23, 459897, 80.55485, &#039;保时捷718&#039;, 36, 92, 6, FALSE, CAST(&#039;2024-07-10&#039; AS DATE), CAST(&#039;2026-01-13 14:05:00&#039; AS TIMESTAMP)),
(11003, 180.23, 459897, NULL, &#039;保时捷718&#039;, 36, 92, 7, FALSE, CAST(NULL AS DATE), CAST(&#039;2026-01-13 16:40:00&#039; AS TIMESTAMP)),
(1001, 160, NULL, 265, NULL, 26, 82, 17, FALSE, CAST(&#039;2024-01-15&#039; AS DATE), CAST(&#039;2026-01-13 18:20:00&#039; AS TIMESTAMP)),
(11003, 180.23, 459897, 80.55485, NULL, 36, 92, 5, NULL, CAST(&#039;2024-07-10&#039; AS DATE), CAST(NULL AS TIMESTAMP));

2、已存在标准目录：test","1. 进入「资产-数据标准-标准定义」页面
2. 新建标准配置如下：
「中文名称」：「总额」
「英文名称」：「amount」
「英文缩写」：「at」
「标准目录」：「test」
「车型」：「小米su7，保时捷718」
1）小米su7：
「数据类型」：「数值型」
「数据长度」：「<=5」
「数据精度」：「3/2」
「是否允许为空」：「不可空」
「是否允许重复」：「不可重复」
「默认值」：「1」
「取值范围」：「>=10且<=280」
「初始值」：「2」
「无效值」：「0.1」
「精度倍数」：「2.2」
「偏移量」：「0.02」；
2）保时捷718：
「数据类型」：「数值型」
「数据长度」：「<=5」
「数据精度」：「3/2」
「是否允许为空」：「不可空」
「是否允许重复」：「不可重复」
「默认值」：「1」
「取值范围」：「>=180且<=999」
「初始值」：「2」
「无效值」：「0.1」
「精度倍数」：「2.2」
「偏移量」：「0.02」；
点击【上线】
3. 点击「标准映射」页面，进行标准映射
4. 给该标准绑定字段：绑定amount字段
5. 点击「落标检查」页面，新增检查任务，检查内容配置如下：
「数据源」：「${DATASOURCE}」
「数据库」：「${DATABASE}」
「数据表」：「order_info」
「选择已有分区」：「dt=2026-01-13」
「标准目录」：「test」
「车型关联字段」：「car_model」；
点击【下一步】
6. 开启amount字段的检查，设置检查项为：取值范围、重复数；
点击【下一步】
7. 配置调度属性为按天运行，其余内容正确配置；点击【新增并立即执行】
8. 等待检查完成，查看【落标检查设置】tab列表
9. 点击【操作-查看结果详情】
10. 查看【落标检查结果】tab列表
11. 点击【操作-查看详情】
12. 点击列表里检查项对应的的【操作-查看详情】
13. 根据文档步骤通过底层数据库查看该检查任务的sql
14. 等待该检查任务按周期运行完成，查看结果详情","1. 页面正常打开
2. 内容配置成功；
标准成功上线
3. 标准映射列表新增该标准
4. 字段绑定成功
5. 检查内容配置成功；
进入选择字段页面
6. 成功开启检查并设置检查项；
进入调度配置页面
7. 保存成功，任务进入检查中状态
8. 1）显示对应的正确数据表名称、所属数据源、所属数据库、检查字段数/总字段数、检查周期、检查状态、标准达标率、不达标字段数/检查失败数、最近编辑时间、最近检查时间、操作。
2）其中标准达标率为“50%”，不达标字段数/检查失败数为“1/0”
9. 跳转至【落标检查结果】tab
10. 1）显示对应的正确数据源、数据库、数据表、字段、检查状态、是否达标、检查开始时间、检查结束时间、操作。
2）其中检查状态为“检查完成”，是否达标为“未达标”
11. 检查结果详情包含以下信息：
1）检查信息：检查数据源、数据库、数据表、字段与配置的内容一致；
2）检查结果列表：取值范围显示“未达标”、重复数显示“达标”，开始检查时间、结束检查时间正确，操作为“查看详情”
3）关联标准详情与前面配置的内容一致
12. 1）为脏数据明细，显示不符合检查项的数据，标红展示
2）行数<=100
13. sql未进行合并：
1）每一条校验规则，都单独去读取一遍源数据表；
​2）各个规则的判断计算语句都是分开写的，一条规则对应一个select语句，无SUM (CASE WHEN)并行计算逻辑
​3）不同规则的数据分开存入不同的脏数据表
14. 取值范围未达标、重复数达标，详情正确","1. 
2. 
3. 
4. 
5. 
6. 
7. 
8. 
9. 
10. 
11. 
12. 
13. 
14.","","2","功能测试","功能测试阶段","正常","0","0","14","","听筠","2026-06-03","","0000-00-00","1","",""
"186459","数据资产_STD(#23)","/版本迭代测试用例/v6.4.11/【岚图】【数据资产】落标检查任务性能优化，规则sql合并/可合并+不可合并(#10607)","【岚图】【数据资产】数据质量任务、落标检查任务性能优化，规则sql合并(#15862)","有车型 验证「有车型」-「绑定车型关联字段」-「空值数+重复数」校验功能","1、已存在表order_info
CREATE TABLE IF NOT EXISTS pw_test.order_info (
user_id INT COMMENT &#039;用户ID&#039;,
tall FLOAT COMMENT &#039;身高&#039;,
weight DOUBLE COMMENT &#039;体重&#039;,
amount DECIMAL(10,3) COMMENT &#039;金额&#039;,
car_model STRING COMMENT &#039;车型&#039;,
age BYTE COMMENT &#039;年龄&#039;,
score SHORT COMMENT &#039;评分&#039;,
total_orders LONG COMMENT &#039;总订单数&#039;,
is_vip BOOLEAN COMMENT &#039;是否VIP&#039;,
register_date DATE COMMENT &#039;注册日期&#039;,
last_login TIMESTAMP COMMENT &#039;最后登录时间&#039;
)
PARTITIONED BY (order_date STRING COMMENT &#039;订单日期，格式yyyy-MM-dd&#039;);
-- 插入2026-01-12分区数据
INSERT INTO pw_test.order_info PARTITION (order_date=&#039;2026-01-12&#039;)
VALUES
(1000, 160, NULL, 265.2, &#039;小米su7&#039;, 25, 80, 10, TRUE, DATE &#039;2024-01-01&#039;, TIMESTAMP &#039;2026-01-12 10:30:00&#039;),
(102, 170, 66, 140.80, &#039;小米su7&#039;, 30, 85, 5, FALSE, DATE &#039;2024-03-15&#039;, TIMESTAMP &#039;2026-01-12 14:20:00&#039;),
(1100, 180.23, 459897, 187, &#039;保时捷718&#039;, 35, 90, 3, TRUE, DATE &#039;2024-06-20&#039;, TIMESTAMP &#039;2026-01-12 09:15:00&#039;);
-- 插入2026-01-13分区数据
INSERT INTO pw_test.order_info PARTITION (order_date=&#039;2026-01-13&#039;)
VALUES
(1001, 160, NULL, 265, &#039;小米su7&#039;, 26, 82, 15, NULL, CAST(&#039;2024-01-15&#039; AS DATE), CAST(&#039;2026-01-13 11:00:00&#039; AS TIMESTAMP)),
(1001, 160, NULL, NULL, &#039;小米su7&#039;, 26, 82, 16, FALSE, CAST(NULL AS DATE), CAST(&#039;2026-01-13 15:30:00&#039; AS TIMESTAMP)),
(102, 170, 66, 15483.568, &#039;小米su7&#039;, 31, 87, 8, TRUE, CAST(&#039;2024-04-01&#039; AS DATE), CAST(NULL AS TIMESTAMP)),
(1001, 160, NULL, 265, &#039;小米su7&#039;, 26, 82, 17, FALSE, CAST(&#039;2024-01-15&#039; AS DATE), CAST(&#039;2026-01-13 18:20:00&#039; AS TIMESTAMP)),
(110030, 180.23, 459897, 80.55485, &#039;保时捷718&#039;, 36, 92, 5, NULL, CAST(&#039;2024-07-10&#039; AS DATE), CAST(NULL AS TIMESTAMP)),
(110030, 180.23, 459897, 80.55485, &#039;保时捷718&#039;, 36, 92, 6, FALSE, CAST(&#039;2024-07-10&#039; AS DATE), CAST(&#039;2026-01-13 14:05:00&#039; AS TIMESTAMP)),
(11003, 180.23, 459897, NULL, &#039;保时捷718&#039;, 36, 92, 7, FALSE, CAST(NULL AS DATE), CAST(&#039;2026-01-13 16:40:00&#039; AS TIMESTAMP)),
(1001, 160, NULL, 265, NULL, 26, 82, 17, FALSE, CAST(&#039;2024-01-15&#039; AS DATE), CAST(&#039;2026-01-13 18:20:00&#039; AS TIMESTAMP)),
(11003, 180.23, 459897, 80.55485, NULL, 36, 92, 5, NULL, CAST(&#039;2024-07-10&#039; AS DATE), CAST(NULL AS TIMESTAMP));

2、已存在标准目录：test","1. 进入「资产-数据标准-标准定义」页面
2. 新建标准配置如下：
「中文名称」：「总额」
「英文名称」：「amount」
「英文缩写」：「at」
「标准目录」：「test」
「车型」：「小米su7，保时捷718」
1）小米su7：
「数据类型」：「数值型」
「数据长度」：「<=5」
「数据精度」：「3/2」
「是否允许为空」：「不可空」
「是否允许重复」：「不可重复」
「默认值」：「1」
「取值范围」：「>=10且<=280」
「初始值」：「2」
「无效值」：「0.1」
「精度倍数」：「2.2」
「偏移量」：「0.02」；
2）保时捷718：
「数据类型」：「数值型」
「数据长度」：「<=5」
「数据精度」：「3/2」
「是否允许为空」：「不可空」
「是否允许重复」：「不可重复」
「默认值」：「1」
「取值范围」：「>=180且<=999」
「初始值」：「2」
「无效值」：「0.1」
「精度倍数」：「2.2」
「偏移量」：「0.02」；
点击【上线】
3. 点击「标准映射」页面，进行标准映射
4. 给该标准绑定字段：绑定amount字段
5. 点击「落标检查」页面，新增检查任务，检查内容配置如下：
「数据源」：「${DATASOURCE}」
「数据库」：「${DATABASE}」
「数据表」：「order_info」
「选择已有分区」：「dt=2026-01-12」
「标准目录」：「test」
「车型关联字段」：「car_model」；
点击【下一步】
6. 开启amount字段的检查，设置检查项为：空值数、重复数；
点击【下一步】
7. 配置调度属性为按天运行，其余内容正确配置；点击【新增并立即执行】
8. 等待检查完成，查看【落标检查设置】tab列表
9. 点击【操作-查看结果详情】
10. 查看【落标检查结果】tab列表
11. 点击【操作-查看详情】
12. 根据文档步骤通过底层数据库查看该检查任务的sql
13. 等待该检查任务按周期运行完成，查看结果详情","1. 页面正常打开
2. 内容配置成功；
标准成功上线
3. 标准映射列表新增该标准
4. 字段绑定成功
5. 检查内容配置成功；
进入选择字段页面
6. 成功开启检查并设置检查项；
进入调度配置页面
7. 保存成功，任务进入检查中状态
8. 1）显示对应的正确数据表名称、所属数据源、所属数据库、检查字段数/总字段数、检查周期、检查状态、标准达标率、不达标字段数/检查失败数、最近编辑时间、最近检查时间、操作。
2）其中标准达标率为“100%”，不达标字段数/检查失败数为“0/0”
9. 跳转至【落标检查结果】tab
10. 1）显示对应的正确数据源、数据库、数据表、字段、检查状态、是否达标、检查开始时间、检查结束时间、操作。
2）其中检查状态为“检查完成”，是否达标为“达标”
11. 检查结果详情包含以下信息：
1）检查信息：检查数据源、数据库、数据表、字段与配置的内容一致；
2）检查结果列表：空值数、重复数都显示“达标”，开始检查时间、结束检查时间正确，操作为“--”
3）关联标准详情与前面配置的内容一致
12. sql未进行合并：
1）每一条校验规则，都单独去读取一遍源数据表；
​2）各个规则的判断计算语句都是分开写的，一条规则对应一个select语句，无SUM (CASE WHEN)并行计算逻辑
​3）不同规则的数据分开存入不同的脏数据表
13. 检查项都达标，详情正确","1. 
2. 
3. 
4. 
5. 
6. 
7. 
8. 
9. 
10. 
11. 
12. 
13.","","2","功能测试","功能测试阶段","正常","0","0","13","","听筠","2026-06-03","","0000-00-00","1","",""
"186458","数据资产_STD(#23)","/版本迭代测试用例/v6.4.11/【岚图】【数据资产】落标检查任务性能优化，规则sql合并/可合并+不可合并(#10607)","【岚图】【数据资产】数据质量任务、落标检查任务性能优化，规则sql合并(#15862)","有车型 验证「有车型」-「绑定车型关联字段」-「精度倍数+重复数」校验功能","1、已存在表order_info
CREATE TABLE IF NOT EXISTS pw_test.order_info (
user_id INT COMMENT &#039;用户ID&#039;,
tall FLOAT COMMENT &#039;身高&#039;,
weight DOUBLE COMMENT &#039;体重&#039;,
amount DECIMAL(10,3) COMMENT &#039;金额&#039;,
car_model STRING COMMENT &#039;车型&#039;,
age BYTE COMMENT &#039;年龄&#039;,
score SHORT COMMENT &#039;评分&#039;,
total_orders LONG COMMENT &#039;总订单数&#039;,
is_vip BOOLEAN COMMENT &#039;是否VIP&#039;,
register_date DATE COMMENT &#039;注册日期&#039;,
last_login TIMESTAMP COMMENT &#039;最后登录时间&#039;
)
PARTITIONED BY (order_date STRING COMMENT &#039;订单日期，格式yyyy-MM-dd&#039;);
-- 插入2026-01-12分区数据
INSERT INTO pw_test.order_info PARTITION (order_date=&#039;2026-01-12&#039;)
VALUES
(1000, 160, NULL, 265.2, &#039;小米su7&#039;, 25, 80, 10, TRUE, DATE &#039;2024-01-01&#039;, TIMESTAMP &#039;2026-01-12 10:30:00&#039;),
(102, 170, 66, 140.80, &#039;小米su7&#039;, 30, 85, 5, FALSE, DATE &#039;2024-03-15&#039;, TIMESTAMP &#039;2026-01-12 14:20:00&#039;),
(1100, 180.23, 459897, 187, &#039;保时捷718&#039;, 35, 90, 3, TRUE, DATE &#039;2024-06-20&#039;, TIMESTAMP &#039;2026-01-12 09:15:00&#039;);
-- 插入2026-01-13分区数据
INSERT INTO pw_test.order_info PARTITION (order_date=&#039;2026-01-13&#039;)
VALUES
(1001, 160, NULL, 265, &#039;小米su7&#039;, 26, 82, 15, NULL, CAST(&#039;2024-01-15&#039; AS DATE), CAST(&#039;2026-01-13 11:00:00&#039; AS TIMESTAMP)),
(1001, 160, NULL, NULL, &#039;小米su7&#039;, 26, 82, 16, FALSE, CAST(NULL AS DATE), CAST(&#039;2026-01-13 15:30:00&#039; AS TIMESTAMP)),
(102, 170, 66, 15483.568, &#039;小米su7&#039;, 31, 87, 8, TRUE, CAST(&#039;2024-04-01&#039; AS DATE), CAST(NULL AS TIMESTAMP)),
(1001, 160, NULL, 265, &#039;小米su7&#039;, 26, 82, 17, FALSE, CAST(&#039;2024-01-15&#039; AS DATE), CAST(&#039;2026-01-13 18:20:00&#039; AS TIMESTAMP)),
(110030, 180.23, 459897, 80.55485, &#039;保时捷718&#039;, 36, 92, 5, NULL, CAST(&#039;2024-07-10&#039; AS DATE), CAST(NULL AS TIMESTAMP)),
(110030, 180.23, 459897, 80.55485, &#039;保时捷718&#039;, 36, 92, 6, FALSE, CAST(&#039;2024-07-10&#039; AS DATE), CAST(&#039;2026-01-13 14:05:00&#039; AS TIMESTAMP)),
(11003, 180.23, 459897, NULL, &#039;保时捷718&#039;, 36, 92, 7, FALSE, CAST(NULL AS DATE), CAST(&#039;2026-01-13 16:40:00&#039; AS TIMESTAMP)),
(1001, 160, NULL, 265, NULL, 26, 82, 17, FALSE, CAST(&#039;2024-01-15&#039; AS DATE), CAST(&#039;2026-01-13 18:20:00&#039; AS TIMESTAMP)),
(11003, 180.23, 459897, 80.55485, NULL, 36, 92, 5, NULL, CAST(&#039;2024-07-10&#039; AS DATE), CAST(NULL AS TIMESTAMP));

2、已存在标准目录：test","1. 进入「资产-数据标准-标准定义」页面
2. 新建标准配置如下：
「中文名称」：「总额」
「英文名称」：「amount」
「英文缩写」：「at」
「标准目录」：「test」
「车型」：「小米su7，保时捷718」
1）小米su7：
「数据类型」：「数值型」
「数据长度」：「<=5」
「数据精度」：「3/2」
「是否允许为空」：「不可空」
「是否允许重复」：「不可重复」
「默认值」：「1」
「取值范围」：「>=10且<=280」
「初始值」：「2」
「无效值」：「0.1」
「精度倍数」：「2.2」
「偏移量」：「0.02」；
2）保时捷718：
「数据类型」：「数值型」
「数据长度」：「<=5」
「数据精度」：「3/2」
「是否允许为空」：「不可空」
「是否允许重复」：「不可重复」
「默认值」：「1」
「取值范围」：「>=180且<=999」
「初始值」：「2」
「无效值」：「0.1」
「精度倍数」：「2.2」
「偏移量」：「0.02」；
点击【上线】
3. 点击「标准映射」页面，进行标准映射
4. 给该标准绑定字段：绑定amount字段
5. 点击「落标检查」页面，新增检查任务，检查内容配置如下：
「数据源」：「${DATASOURCE}」
「数据库」：「${DATABASE}」
「数据表」：「order_info」
不设置分区
「标准目录」：「test」
「车型关联字段」：「car_model」；
点击【下一步】
6. 开启amount字段的检查，设置检查项为：精度倍数、重复数；
点击【下一步】
7. 配置调度属性为按天运行，其余内容正确配置；点击【新增并立即执行】
8. 等待检查完成，查看【落标检查设置】tab列表
9. 点击【操作-查看结果详情】
10. 查看【落标检查结果】tab列表
11. 点击【操作-查看详情】
12. 点击列表里检查项对应的的【操作-查看详情】
13. 根据文档步骤通过底层数据库查看该检查任务的sql
14. 等待该检查任务按周期运行完成，查看结果详情","1. 页面正常打开
2. 内容配置成功；
标准成功上线
3. 标准映射列表新增该标准
4. 字段绑定成功
5. 检查内容配置成功；
进入选择字段页面
6. 成功开启检查并设置检查项；
进入调度配置页面
7. 保存成功，任务进入检查中状态
8. 1）显示对应的正确数据表名称、所属数据源、所属数据库、检查字段数/总字段数、检查周期、检查状态、标准达标率、不达标字段数/检查失败数、最近编辑时间、最近检查时间、操作。
2）其中标准达标率为“50%”，不达标字段数/检查失败数为“1/0”
9. 跳转至【落标检查结果】tab
10. 1）显示对应的正确数据源、数据库、数据表、字段、检查状态、是否达标、检查开始时间、检查结束时间、操作。
2）其中检查状态为“检查完成”，是否达标为“未达标”
11. 检查结果详情包含以下信息：
1）检查信息：检查数据源、数据库、数据表、字段与配置的内容一致；
2）检查结果列表：精度倍数显示“未达标”、重复数显示“达标”，开始检查时间、结束检查时间正确，操作为“查看详情”
3）关联标准详情与前面配置的内容一致
12. 1）为脏数据明细，显示不符合检查项的数据，标红展示
2）行数<=100
13. sql未进行合并：
1）每一条校验规则，都单独去读取一遍源数据表；
​2）各个规则的判断计算语句都是分开写的，一条规则对应一个select语句，无SUM (CASE WHEN)并行计算逻辑
​3）不同规则的数据分开存入不同的脏数据表
14. 精度倍数未达标、重复数达标，详情正确","1. 
2. 
3. 
4. 
5. 
6. 
7. 
8. 
9. 
10. 
11. 
12. 
13. 
14.","","2","功能测试","功能测试阶段","正常","0","0","14","","听筠","2026-06-03","","0000-00-00","1","",""
"186457","数据资产_STD(#23)","/版本迭代测试用例/v6.4.11/【岚图】【数据资产】落标检查任务性能优化，规则sql合并/可合并+不可合并(#10607)","【岚图】【数据资产】数据质量任务、落标检查任务性能优化，规则sql合并(#15862)","有车型 验证「有车型」-「绑定车型关联字段」-「数据精度+重复数」校验功能","1、已存在表order_info
CREATE TABLE IF NOT EXISTS pw_test.order_info (
user_id INT COMMENT &#039;用户ID&#039;,
tall FLOAT COMMENT &#039;身高&#039;,
weight DOUBLE COMMENT &#039;体重&#039;,
amount DECIMAL(10,3) COMMENT &#039;金额&#039;,
car_model STRING COMMENT &#039;车型&#039;,
age BYTE COMMENT &#039;年龄&#039;,
score SHORT COMMENT &#039;评分&#039;,
total_orders LONG COMMENT &#039;总订单数&#039;,
is_vip BOOLEAN COMMENT &#039;是否VIP&#039;,
register_date DATE COMMENT &#039;注册日期&#039;,
last_login TIMESTAMP COMMENT &#039;最后登录时间&#039;
)
PARTITIONED BY (order_date STRING COMMENT &#039;订单日期，格式yyyy-MM-dd&#039;);
-- 插入2026-01-12分区数据
INSERT INTO pw_test.order_info PARTITION (order_date=&#039;2026-01-12&#039;)
VALUES
(1000, 160, NULL, 265.2, &#039;小米su7&#039;, 25, 80, 10, TRUE, DATE &#039;2024-01-01&#039;, TIMESTAMP &#039;2026-01-12 10:30:00&#039;),
(102, 170, 66, 140.80, &#039;小米su7&#039;, 30, 85, 5, FALSE, DATE &#039;2024-03-15&#039;, TIMESTAMP &#039;2026-01-12 14:20:00&#039;),
(1100, 180.23, 459897, 187, &#039;保时捷718&#039;, 35, 90, 3, TRUE, DATE &#039;2024-06-20&#039;, TIMESTAMP &#039;2026-01-12 09:15:00&#039;);
-- 插入2026-01-13分区数据
INSERT INTO pw_test.order_info PARTITION (order_date=&#039;2026-01-13&#039;)
VALUES
(1001, 160, NULL, 265, &#039;小米su7&#039;, 26, 82, 15, NULL, CAST(&#039;2024-01-15&#039; AS DATE), CAST(&#039;2026-01-13 11:00:00&#039; AS TIMESTAMP)),
(1001, 160, NULL, NULL, &#039;小米su7&#039;, 26, 82, 16, FALSE, CAST(NULL AS DATE), CAST(&#039;2026-01-13 15:30:00&#039; AS TIMESTAMP)),
(102, 170, 66, 15483.568, &#039;小米su7&#039;, 31, 87, 8, TRUE, CAST(&#039;2024-04-01&#039; AS DATE), CAST(NULL AS TIMESTAMP)),
(1001, 160, NULL, 265, &#039;小米su7&#039;, 26, 82, 17, FALSE, CAST(&#039;2024-01-15&#039; AS DATE), CAST(&#039;2026-01-13 18:20:00&#039; AS TIMESTAMP)),
(110030, 180.23, 459897, 80.55485, &#039;保时捷718&#039;, 36, 92, 5, NULL, CAST(&#039;2024-07-10&#039; AS DATE), CAST(NULL AS TIMESTAMP)),
(110030, 180.23, 459897, 80.55485, &#039;保时捷718&#039;, 36, 92, 6, FALSE, CAST(&#039;2024-07-10&#039; AS DATE), CAST(&#039;2026-01-13 14:05:00&#039; AS TIMESTAMP)),
(11003, 180.23, 459897, NULL, &#039;保时捷718&#039;, 36, 92, 7, FALSE, CAST(NULL AS DATE), CAST(&#039;2026-01-13 16:40:00&#039; AS TIMESTAMP)),
(1001, 160, NULL, 265, NULL, 26, 82, 17, FALSE, CAST(&#039;2024-01-15&#039; AS DATE), CAST(&#039;2026-01-13 18:20:00&#039; AS TIMESTAMP)),
(11003, 180.23, 459897, 80.55485, NULL, 36, 92, 5, NULL, CAST(&#039;2024-07-10&#039; AS DATE), CAST(NULL AS TIMESTAMP));

2、已存在标准目录：test","1. 进入「资产-数据标准-标准定义」页面
2. 新建标准配置如下：
「中文名称」：「总额」
「英文名称」：「amount」
「英文缩写」：「at」
「标准目录」：「test」
「车型」：「小米su7，保时捷718」
1）小米su7：
「数据类型」：「数值型」
「数据长度」：「<=5」
「数据精度」：「3/2」
「是否允许为空」：「不可空」
「是否允许重复」：「不可重复」
「默认值」：「1」
「取值范围」：「>=10且<=280」
「初始值」：「2」
「无效值」：「0.1」
「精度倍数」：「2.2」
「偏移量」：「0.02」；
2）保时捷718：
「数据类型」：「数值型」
「数据长度」：「<=5」
「数据精度」：「3/2」
「是否允许为空」：「不可空」
「是否允许重复」：「不可重复」
「默认值」：「1」
「取值范围」：「>=180且<=999」
「初始值」：「2」
「无效值」：「0.1」
「精度倍数」：「2.2」
「偏移量」：「0.02」；
点击【上线】
3. 点击「标准映射」页面，进行标准映射
4. 给该标准绑定字段：绑定amount字段
5. 点击「落标检查」页面，新增检查任务，检查内容配置如下：
「数据源」：「${DATASOURCE}」
「数据库」：「${DATABASE}」
「数据表」：「order_info」
「选择已有分区」：「dt=2026-01-13」
「标准目录」：「test」
「车型关联字段」：「car_model」；
点击【下一步】
6. 开启amount字段的检查，设置检查项为：数据精度、重复数；
点击【下一步】
7. 配置调度属性为按天运行，其余内容正确配置；点击【新增并立即执行】
8. 等待检查完成，查看【落标检查设置】tab列表
9. 点击【操作-查看结果详情】
10. 查看【落标检查结果】tab列表
11. 点击【操作-查看详情】
12. 点击列表里检查项对应的的【操作-查看详情】
13. 根据文档步骤通过底层数据库查看该检查任务的sql
14. 等待该检查任务按周期运行完成，查看结果详情","1. 页面正常打开
2. 内容配置成功；
标准成功上线
3. 标准映射列表新增该标准
4. 字段绑定成功
5. 检查内容配置成功；
进入选择字段页面
6. 成功开启检查并设置检查项；
进入调度配置页面
7. 保存成功，任务进入检查中状态
8. 1）显示对应的正确数据表名称、所属数据源、所属数据库、检查字段数/总字段数、检查周期、检查状态、标准达标率、不达标字段数/检查失败数、最近编辑时间、最近检查时间、操作。
2）其中标准达标率为“50%”，不达标字段数/检查失败数为“1/0”
9. 跳转至【落标检查结果】tab
10. 1）显示对应的正确数据源、数据库、数据表、字段、检查状态、是否达标、检查开始时间、检查结束时间、操作。
2）其中检查状态为“检查完成”，是否达标为“未达标”
11. 检查结果详情包含以下信息：
1）检查信息：检查数据源、数据库、数据表、字段与配置的内容一致；
2）检查结果列表：数据精度显示“未达标”、重复数显示“达标”，开始检查时间、结束检查时间正确，操作为“查看详情”
3）关联标准详情与前面配置的内容一致
12. 1）为脏数据明细，显示不符合检查项的数据，标红展示
2）行数<=100
13. sql未进行合并：
1）每一条校验规则，都单独去读取一遍源数据表；
​2）各个规则的判断计算语句都是分开写的，一条规则对应一个select语句，无SUM (CASE WHEN)并行计算逻辑
​3）不同规则的数据分开存入不同的脏数据表
14. 数据精度未达标、重复数达标，详情正确","1. 
2. 
3. 
4. 
5. 
6. 
7. 
8. 
9. 
10. 
11. 
12. 
13. 
14.","","2","功能测试","功能测试阶段","正常","0","0","14","","听筠","2026-06-03","","0000-00-00","1","",""
"186456","数据资产_STD(#23)","/版本迭代测试用例/v6.4.11/【岚图】【数据资产】落标检查任务性能优化，规则sql合并/可合并+不可合并(#10607)","【岚图】【数据资产】数据质量任务、落标检查任务性能优化，规则sql合并(#15862)","有车型 验证「有车型」-「绑定车型关联字段」-「字符串长度+重复数」校验功能","1、已存在表order_info
CREATE TABLE IF NOT EXISTS pw_test.order_info (
user_id INT COMMENT &#039;用户ID&#039;,
tall FLOAT COMMENT &#039;身高&#039;,
weight DOUBLE COMMENT &#039;体重&#039;,
amount DECIMAL(10,3) COMMENT &#039;金额&#039;,
car_model STRING COMMENT &#039;车型&#039;,
age BYTE COMMENT &#039;年龄&#039;,
score SHORT COMMENT &#039;评分&#039;,
total_orders LONG COMMENT &#039;总订单数&#039;,
is_vip BOOLEAN COMMENT &#039;是否VIP&#039;,
register_date DATE COMMENT &#039;注册日期&#039;,
last_login TIMESTAMP COMMENT &#039;最后登录时间&#039;
)
PARTITIONED BY (order_date STRING COMMENT &#039;订单日期，格式yyyy-MM-dd&#039;);
-- 插入2026-01-12分区数据
INSERT INTO pw_test.order_info PARTITION (order_date=&#039;2026-01-12&#039;)
VALUES
(1000, 160, NULL, 265.2, &#039;小米su7&#039;, 25, 80, 10, TRUE, DATE &#039;2024-01-01&#039;, TIMESTAMP &#039;2026-01-12 10:30:00&#039;),
(102, 170, 66, 140.80, &#039;小米su7&#039;, 30, 85, 5, FALSE, DATE &#039;2024-03-15&#039;, TIMESTAMP &#039;2026-01-12 14:20:00&#039;),
(1100, 180.23, 459897, 187, &#039;保时捷718&#039;, 35, 90, 3, TRUE, DATE &#039;2024-06-20&#039;, TIMESTAMP &#039;2026-01-12 09:15:00&#039;);
-- 插入2026-01-13分区数据
INSERT INTO pw_test.order_info PARTITION (order_date=&#039;2026-01-13&#039;)
VALUES
(1001, 160, NULL, 265, &#039;小米su7&#039;, 26, 82, 15, NULL, CAST(&#039;2024-01-15&#039; AS DATE), CAST(&#039;2026-01-13 11:00:00&#039; AS TIMESTAMP)),
(1001, 160, NULL, NULL, &#039;小米su7&#039;, 26, 82, 16, FALSE, CAST(NULL AS DATE), CAST(&#039;2026-01-13 15:30:00&#039; AS TIMESTAMP)),
(102, 170, 66, 15483.568, &#039;小米su7&#039;, 31, 87, 8, TRUE, CAST(&#039;2024-04-01&#039; AS DATE), CAST(NULL AS TIMESTAMP)),
(1001, 160, NULL, 265, &#039;小米su7&#039;, 26, 82, 17, FALSE, CAST(&#039;2024-01-15&#039; AS DATE), CAST(&#039;2026-01-13 18:20:00&#039; AS TIMESTAMP)),
(110030, 180.23, 459897, 80.55485, &#039;保时捷718&#039;, 36, 92, 5, NULL, CAST(&#039;2024-07-10&#039; AS DATE), CAST(NULL AS TIMESTAMP)),
(110030, 180.23, 459897, 80.55485, &#039;保时捷718&#039;, 36, 92, 6, FALSE, CAST(&#039;2024-07-10&#039; AS DATE), CAST(&#039;2026-01-13 14:05:00&#039; AS TIMESTAMP)),
(11003, 180.23, 459897, NULL, &#039;保时捷718&#039;, 36, 92, 7, FALSE, CAST(NULL AS DATE), CAST(&#039;2026-01-13 16:40:00&#039; AS TIMESTAMP)),
(1001, 160, NULL, 265, NULL, 26, 82, 17, FALSE, CAST(&#039;2024-01-15&#039; AS DATE), CAST(&#039;2026-01-13 18:20:00&#039; AS TIMESTAMP)),
(11003, 180.23, 459897, 80.55485, NULL, 36, 92, 5, NULL, CAST(&#039;2024-07-10&#039; AS DATE), CAST(NULL AS TIMESTAMP));

2、已存在标准目录：test","1. 进入「资产-数据标准-标准定义」页面
2. 新建标准配置如下：
「中文名称」：「总额」
「英文名称」：「amount」
「英文缩写」：「at」
「标准目录」：「test」
「车型」：「小米su7，保时捷718」
1）小米su7：
「数据类型」：「数值型」
「数据长度」：「<=5」
「数据精度」：「3/2」
「是否允许为空」：「不可空」
「是否允许重复」：「不可重复」
「默认值」：「1」
「取值范围」：「>=10且<=280」
「初始值」：「2」
「无效值」：「0.1」
「精度倍数」：「2.2」
「偏移量」：「0.02」；
2）保时捷718：
「数据类型」：「数值型」
「数据长度」：「<=5」
「数据精度」：「3/2」
「是否允许为空」：「不可空」
「是否允许重复」：「不可重复」
「默认值」：「1」
「取值范围」：「>=180且<=999」
「初始值」：「2」
「无效值」：「0.1」
「精度倍数」：「2.2」
「偏移量」：「0.02」；
点击【上线】
3. 点击「标准映射」页面，进行标准映射
4. 给该标准绑定字段：绑定amount字段
5. 点击「落标检查」页面，新增检查任务，检查内容配置如下：
「数据源」：「${DATASOURCE}」
「数据库」：「${DATABASE}」
「数据表」：「order_info」
「选择已有分区」：「dt=2026-01-12」
「标准目录」：「test」
「车型关联字段」：「car_model」；
点击【下一步】
6. 开启amount字段的检查，设置检查项为：字符串长度、重复数；
点击【下一步】
7. 配置调度属性为按天运行，其余内容正确配置；点击【新增并立即执行】
8. 等待检查完成，查看【落标检查设置】tab列表
9. 点击【操作-查看结果详情】
10. 查看【落标检查结果】tab列表
11. 点击【操作-查看详情】
12. 根据文档步骤通过底层数据库查看该检查任务的sql
13. 等待该检查任务按周期运行完成，查看结果详情","1. 页面正常打开
2. 内容配置成功；
标准成功上线
3. 标准映射列表新增该标准
4. 字段绑定成功
5. 检查内容配置成功；
进入选择字段页面
6. 成功开启检查并设置检查项；
进入调度配置页面
7. 保存成功，任务进入检查中状态
8. 1）显示对应的正确数据表名称、所属数据源、所属数据库、检查字段数/总字段数、检查周期、检查状态、标准达标率、不达标字段数/检查失败数、最近编辑时间、最近检查时间、操作。
2）其中标准达标率为“100%”，不达标字段数/检查失败数为“0/0”
9. 跳转至【落标检查结果】tab
10. 1）显示对应的正确数据源、数据库、数据表、字段、检查状态、是否达标、检查开始时间、检查结束时间、操作。
2）其中检查状态为“检查完成”，是否达标为“达标”
11. 检查结果详情包含以下信息：
1）检查信息：检查数据源、数据库、数据表、字段与配置的内容一致；
2）检查结果列表：字符串长度、重复数都显示“达标”，开始检查时间、结束检查时间正确，操作为“--”
3）关联标准详情与前面配置的内容一致
12. sql未进行合并：
1）每一条校验规则，都单独去读取一遍源数据表；
​2）各个规则的判断计算语句都是分开写的，一条规则对应一个select语句，无SUM (CASE WHEN)并行计算逻辑
​3）不同规则的数据分开存入不同的脏数据表
13. 该检查项达标，详情正确","1. 
2. 
3. 
4. 
5. 
6. 
7. 
8. 
9. 
10. 
11. 
12. 
13.","","2","功能测试","功能测试阶段","正常","0","0","13","","听筠","2026-06-03","","0000-00-00","1","",""
"186455","数据资产_STD(#23)","/版本迭代测试用例/v6.4.11/【岚图】【数据资产】落标检查任务性能优化，规则sql合并/可合并+不可合并(#10607)","【岚图】【数据资产】数据质量任务、落标检查任务性能优化，规则sql合并(#15862)","无车型 验证「无车型」-「字符串长度+数据精度+精度倍数+空值数+取值范围+重复数」校验功能","1、已存在表test_info_1
CREATE TABLE pw_test.test_info_1 (
id INT COMMENT &#039;用户ID&#039;,
string_num STRING COMMENT &#039;string类型的编号&#039;,
name STRING COMMENT &#039;姓名&#039;,
money DOUBLE COMMENT &#039;金额&#039;,
byte_field BYTE COMMENT &#039;byte类型字段&#039;,
short_field SHORT COMMENT &#039;short类型字段&#039;,
long_field LONG COMMENT &#039;long类型字段&#039;,
float_field FLOAT COMMENT &#039;float类型字段&#039;,
decimal_field DECIMAL(10,2) COMMENT &#039;decimal类型字段&#039;,
boolean_field BOOLEAN COMMENT &#039;boolean类型字段&#039;,
date_field DATE COMMENT &#039;date类型字段&#039;,
timestamp_field TIMESTAMP COMMENT &#039;timestamp类型字段&#039;
)
COMMENT &#039;测试信息表&#039;
PARTITIONED BY (
dt STRING COMMENT &#039;分区日期，格式：yyyy-MM-dd&#039;
)
STORED AS ORC;
-- dt = &#039;2026-05-27&#039;
INSERT INTO pw_test.test_info_1 PARTITION (dt=&#039;2026-05-27&#039;)
VALUES
(2, &#039;A001&#039;, &#039;王小明&#039;, 4.00, 20, 1, 10, 65.5, 99.99, TRUE, DATE &#039;2025-01-01&#039;, TIMESTAMP &#039;2026-05-27 08:30:00&#039;),
(4, &#039;B002&#039;, &#039;陈小红&#039;, 6.00, 25, 200, 200, 70.2, 199.99, FALSE, DATE &#039;2025-02-15&#039;, TIMESTAMP &#039;2026-05-27 10:15:00&#039;),
(6, &#039;C003&#039;, &#039;张大力&#039;, 10.00, 30, 300, 300, 75.8, 299.99, TRUE, DATE &#039;2025-03-20&#039;, TIMESTAMP &#039;2026-05-27 14:45:00&#039;),
(8, &#039;D004&#039;, &#039;李芳芳&#039;, 14.00, 22, 150, 150, 68.3, 399.99, FALSE, DATE &#039;2025-04-10&#039;, TIMESTAMP &#039;2026-05-27 09:20:00&#039;),
(10, &#039;E005&#039;, &#039;刘建国&#039;, 18.00, 28, 250, 250, 72.6, 499.99, TRUE, DATE &#039;2025-05-05&#039;, TIMESTAMP &#039;2026-05-27 16:00:00&#039;),
(12, &#039;F006&#039;, &#039;赵丽丽&#039;, 20.00, 35, 350, 350, 80.1, 599.99, FALSE, DATE &#039;2025-06-25&#039;, TIMESTAMP &#039;2026-05-27 11:30:00&#039;);
-- dt = &#039;2026-05-28&#039;
INSERT INTO pw_test.test_info_1 PARTITION (dt=&#039;2026-05-28&#039;)
VALUES
(101, &#039;XYZ001&#039;, &#039;欧阳静&#039;, 24.00, 100, 32767, NULL, 85.5, 888.88, FALSE, CAST(NULL AS DATE), CAST(&#039;2026-05-28 09:00:00&#039; AS TIMESTAMP)),
(102, &#039;XYZ002&#039;, &#039;慕容白&#039;, NULL, -50, -200, -5000, -10.5, -94879459.99, NULL, CAST(&#039;2024-11-15&#039; AS DATE), CAST(NULL AS TIMESTAMP)),
(NULL, &#039;XYZ003&#039;, &#039;令狐冲&#039;, 123.45, 107, 32767, 9223372036854775807, 99.9984545, 1234.56, FALSE, CAST(&#039;2024-10-20&#039; AS DATE), CAST(&#039;2026-05-28 15:45:00&#039; AS TIMESTAMP)),
(102, &#039;XYZ001&#039;, &#039;欧阳静&#039;, 25.001548952140236541, NULL, NULL, 0, NULL, 1234.56, TRUE, CAST(&#039;2024-11-15&#039; AS DATE), CAST(&#039;2026-05-28 11:20:00&#039; AS TIMESTAMP)),
(105, NULL, NULL, 18.50, 100, 999, 0, 88.8, NULL, FALSE, CAST(&#039;2024-08-05&#039; AS DATE), CAST(&#039;2026-05-28 14:10:00&#039; AS TIMESTAMP)),
(106, &#039;XYZ003&#039;, NULL, 123.45, 107, 999, 90, 88.8, 888.88, TRUE, CAST(&#039;2024-07-25&#039; AS DATE), CAST(&#039;2026-05-28 09:00:00&#039; AS TIMESTAMP));

2、已存在标准目录：test","1. 进入「资产-数据标准-标准定义」页面
2. 新建标准配置如下：
「中文名称」：「金额」
「英文名称」：「money」
「英文缩写」：「my」
「标准目录」：「test」
无车型
「数据类型」：「字符型」
「数据长度」：「<=20」
「数据精度」：「2/2」
「是否允许为空」：「不可空」
「是否允许重复」：「不可重复」
「默认值」：「1」
「取值范围」：「>1且<=50」
「初始值」：「2」
「无效值」：「0.1」
「精度倍数」：「2」
「偏移量」：「0.02」；
点击【上线】
3. 点击「标准映射」页面，进行标准映射
4. 给该标准绑定字段：绑定money字段
5. 点击「落标检查」页面，新增检查任务，检查内容配置如下：
「数据源」：「${DATASOURCE}」
「数据库」：「${DATABASE}」
「数据表」：「test_info_1」
「选择已有分区」：「dt=2026-05-27」
「标准目录」：「test」
不配置「车型关联字段」；
点击【下一步】
6. 开启money字段的检查，设置检查项为：字符串长度、数据精度、空值数、取值范围、精度倍数、重复数；
点击【下一步】
7. 配置调度属性为按天运行，其余内容正确配置；点击【新增并立即执行】
8. 等待检查完成，查看【落标检查设置】tab列表
9. 点击【操作-查看结果详情】
10. 查看【落标检查结果】tab列表
11. 点击【操作-查看详情】
12. 根据文档步骤通过底层数据库查看该检查任务的sql
13. 等待该检查任务按周期运行完成，查看结果详情","1. 页面正常打开
2. 内容配置成功；
标准成功上线
3. 标准映射列表新增该标准
4. 字段绑定成功
5. 检查内容配置成功；
进入选择字段页面
6. 成功开启检查并设置检查项；
进入调度配置页面
7. 保存成功，任务进入检查中状态
8. 1）显示对应的正确数据表名称、所属数据源、所属数据库、检查字段数/总字段数、检查周期、检查状态、标准达标率、不达标字段数/检查失败数、最近编辑时间、最近检查时间、操作。
2）其中标准达标率为“100%”，不达标字段数/检查失败数为“0/0”
9. 跳转至【落标检查结果】tab
10. 1）显示对应的正确数据源、数据库、数据表、字段、检查状态、是否达标、检查开始时间、检查结束时间、操作。
2）其中检查状态为“检查完成”，是否达标为“达标”
11. 检查结果详情包含以下信息：
1）检查信息：检查数据源、数据库、数据表、字段与配置的内容一致；
2）检查结果列表：字符串长度、数据精度、空值数、取值范围、精度倍数、重复数都显示“达标”，开始检查时间、结束检查时间正确，操作为“--”
3）关联标准详情与前面配置的内容一致
12. 字符串长度、数据精度、空值数、取值范围、精度倍数sql进行合并：
1）源表只扫描一次：FROM 后面的源表只出现 1 次；
​2）所有可合并规则写在同一个select里面：用多个 SUM (CASE WHEN) 把规则并行计算；
3）计算后再把结果拆成多行，每行代表单个规则进行输出，最终把结果插入同一张脏数据表
重复数sql不进行合并：
1）只有单个select计算语句，不参与SUM (CASE WHEN)并行计算逻辑
2）脏数据存储于另一张脏数据表
13. 6个检查项都达标，详情正确","1. 
2. 
3. 
4. 
5. 
6. 
7. 
8. 
9. 
10. 
11. 
12. 
13.","","1","功能测试","功能测试阶段","正常","0","1","13","通过","听筠","2026-06-03","","0000-00-00","1","",""
"186454","数据资产_STD(#23)","/版本迭代测试用例/v6.4.11/【岚图】【数据资产】落标检查任务性能优化，规则sql合并/可合并+不可合并(#10607)","【岚图】【数据资产】数据质量任务、落标检查任务性能优化，规则sql合并(#15862)","无车型 验证「无车型」-「取值范围+重复数」校验功能","1、已存在表test_info_1
CREATE TABLE pw_test.test_info_1 (
id INT COMMENT &#039;用户ID&#039;,
string_num STRING COMMENT &#039;string类型的编号&#039;,
name STRING COMMENT &#039;姓名&#039;,
money DOUBLE COMMENT &#039;金额&#039;,
byte_field BYTE COMMENT &#039;byte类型字段&#039;,
short_field SHORT COMMENT &#039;short类型字段&#039;,
long_field LONG COMMENT &#039;long类型字段&#039;,
float_field FLOAT COMMENT &#039;float类型字段&#039;,
decimal_field DECIMAL(10,2) COMMENT &#039;decimal类型字段&#039;,
boolean_field BOOLEAN COMMENT &#039;boolean类型字段&#039;,
date_field DATE COMMENT &#039;date类型字段&#039;,
timestamp_field TIMESTAMP COMMENT &#039;timestamp类型字段&#039;
)
COMMENT &#039;测试信息表&#039;
PARTITIONED BY (
dt STRING COMMENT &#039;分区日期，格式：yyyy-MM-dd&#039;
)
STORED AS ORC;
-- dt = &#039;2026-05-27&#039;
INSERT INTO pw_test.test_info_1 PARTITION (dt=&#039;2026-05-27&#039;)
VALUES
(2, &#039;A001&#039;, &#039;王小明&#039;, 4.00, 20, 1, 10, 65.5, 99.99, TRUE, DATE &#039;2025-01-01&#039;, TIMESTAMP &#039;2026-05-27 08:30:00&#039;),
(4, &#039;B002&#039;, &#039;陈小红&#039;, 6.00, 25, 200, 200, 70.2, 199.99, FALSE, DATE &#039;2025-02-15&#039;, TIMESTAMP &#039;2026-05-27 10:15:00&#039;),
(6, &#039;C003&#039;, &#039;张大力&#039;, 10.00, 30, 300, 300, 75.8, 299.99, TRUE, DATE &#039;2025-03-20&#039;, TIMESTAMP &#039;2026-05-27 14:45:00&#039;),
(8, &#039;D004&#039;, &#039;李芳芳&#039;, 14.00, 22, 150, 150, 68.3, 399.99, FALSE, DATE &#039;2025-04-10&#039;, TIMESTAMP &#039;2026-05-27 09:20:00&#039;),
(10, &#039;E005&#039;, &#039;刘建国&#039;, 18.00, 28, 250, 250, 72.6, 499.99, TRUE, DATE &#039;2025-05-05&#039;, TIMESTAMP &#039;2026-05-27 16:00:00&#039;),
(12, &#039;F006&#039;, &#039;赵丽丽&#039;, 20.00, 35, 350, 350, 80.1, 599.99, FALSE, DATE &#039;2025-06-25&#039;, TIMESTAMP &#039;2026-05-27 11:30:00&#039;);
-- dt = &#039;2026-05-28&#039;
INSERT INTO pw_test.test_info_1 PARTITION (dt=&#039;2026-05-28&#039;)
VALUES
(101, &#039;XYZ001&#039;, &#039;欧阳静&#039;, 24.00, 100, 32767, NULL, 85.5, 888.88, FALSE, CAST(NULL AS DATE), CAST(&#039;2026-05-28 09:00:00&#039; AS TIMESTAMP)),
(102, &#039;XYZ002&#039;, &#039;慕容白&#039;, NULL, -50, -200, -5000, -10.5, -94879459.99, NULL, CAST(&#039;2024-11-15&#039; AS DATE), CAST(NULL AS TIMESTAMP)),
(NULL, &#039;XYZ003&#039;, &#039;令狐冲&#039;, 123.45, 107, 32767, 9223372036854775807, 99.9984545, 1234.56, FALSE, CAST(&#039;2024-10-20&#039; AS DATE), CAST(&#039;2026-05-28 15:45:00&#039; AS TIMESTAMP)),
(102, &#039;XYZ001&#039;, &#039;欧阳静&#039;, 25.001548952140236541, NULL, NULL, 0, NULL, 1234.56, TRUE, CAST(&#039;2024-11-15&#039; AS DATE), CAST(&#039;2026-05-28 11:20:00&#039; AS TIMESTAMP)),
(105, NULL, NULL, 18.50, 100, 999, 0, 88.8, NULL, FALSE, CAST(&#039;2024-08-05&#039; AS DATE), CAST(&#039;2026-05-28 14:10:00&#039; AS TIMESTAMP)),
(106, &#039;XYZ003&#039;, NULL, 123.45, 107, 999, 90, 88.8, 888.88, TRUE, CAST(&#039;2024-07-25&#039; AS DATE), CAST(&#039;2026-05-28 09:00:00&#039; AS TIMESTAMP));

2、已存在标准目录：test","1. 进入「资产-数据标准-标准定义」页面
2. 新建标准配置如下：
「中文名称」：「金额」
「英文名称」：「money」
「英文缩写」：「my」
「标准目录」：「test」
无车型
「数据类型」：「字符型」
「数据长度」：「<=20」
「数据精度」：「2/2」
「是否允许为空」：「不可空」
「是否允许重复」：「不可重复」
「默认值」：「1」
「取值范围」：「>1且<=50」
「初始值」：「2」
「无效值」：「0.1」
「精度倍数」：「2」
「偏移量」：「0.02」；
点击【上线】
3. 点击「标准映射」页面，进行标准映射
4. 给该标准绑定字段：绑定money字段
5. 点击「落标检查」页面，新增检查任务，检查内容配置如下：
「数据源」：「${DATASOURCE}」
「数据库」：「${DATABASE}」
「数据表」：「test_info_1」
不设置分区
「标准目录」：「test」
不配置「车型关联字段」；
点击【下一步】
6. 开启money字段的检查，设置检查项为：取值范围、重复数；
点击【下一步】
7. 配置调度属性为按天运行，其余内容正确配置；点击【新增并立即执行】
8. 等待检查完成，查看【落标检查设置】tab列表
9. 点击【操作-查看结果详情】
10. 查看【落标检查结果】tab列表
11. 点击【操作-查看详情】
12. 点击列表里检查项对应的的【操作-查看详情】
13. 根据文档步骤通过底层数据库查看该检查任务的sql
14. 等待该检查任务按周期运行完成，查看结果详情","1. 页面正常打开
2. 内容配置成功；
标准成功上线
3. 标准映射列表新增该标准
4. 字段绑定成功
5. 检查内容配置成功；
进入选择字段页面
6. 成功开启检查并设置检查项；
进入调度配置页面
7. 保存成功，任务进入检查中状态
8. 1）显示对应的正确数据表名称、所属数据源、所属数据库、检查字段数/总字段数、检查周期、检查状态、标准达标率、不达标字段数/检查失败数、最近编辑时间、最近检查时间、操作。
2）其中标准达标率为“50%”，不达标字段数/检查失败数为“1/0”
9. 跳转至【落标检查结果】tab
10. 1）显示对应的正确数据源、数据库、数据表、字段、检查状态、是否达标、检查开始时间、检查结束时间、操作。
2）其中检查状态为“检查完成”，是否达标为“未达标”
11. 检查结果详情包含以下信息：
1）检查信息：检查数据源、数据库、数据表、字段与配置的内容一致；
2）检查结果列表：取值范围显示“未达标”、重复数显示“达标”，开始检查时间、结束检查时间正确，操作为“查看详情”
3）关联标准详情与前面配置的内容一致
12. 1）为脏数据明细，显示不符合检查项的数据，标红展示
2）行数<=100
13. sql未进行合并：
1）每一条校验规则，都单独去读取一遍源数据表；
​2）各个规则的判断计算语句都是分开写的，一条规则对应一个select语句，无SUM (CASE WHEN)并行计算逻辑
​3）不同规则的数据分开存入不同的脏数据表
14. 取值范围未达标、重复数达标，详情正确，脏数据明细正确","1. 
2. 
3. 
4. 
5. 
6. 
7. 
8. 
9. 
10. 
11. 
12. 
13. 
14.","","2","功能测试","功能测试阶段","正常","0","0","14","","听筠","2026-06-03","","0000-00-00","1","",""
"186453","数据资产_STD(#23)","/版本迭代测试用例/v6.4.11/【岚图】【数据资产】落标检查任务性能优化，规则sql合并/可合并+不可合并(#10607)","【岚图】【数据资产】数据质量任务、落标检查任务性能优化，规则sql合并(#15862)","无车型 验证「无车型」-「空值数+重复数」校验功能","1、已存在表test_info_1
CREATE TABLE pw_test.test_info_1 (
id INT COMMENT &#039;用户ID&#039;,
string_num STRING COMMENT &#039;string类型的编号&#039;,
name STRING COMMENT &#039;姓名&#039;,
money DOUBLE COMMENT &#039;金额&#039;,
byte_field BYTE COMMENT &#039;byte类型字段&#039;,
short_field SHORT COMMENT &#039;short类型字段&#039;,
long_field LONG COMMENT &#039;long类型字段&#039;,
float_field FLOAT COMMENT &#039;float类型字段&#039;,
decimal_field DECIMAL(10,2) COMMENT &#039;decimal类型字段&#039;,
boolean_field BOOLEAN COMMENT &#039;boolean类型字段&#039;,
date_field DATE COMMENT &#039;date类型字段&#039;,
timestamp_field TIMESTAMP COMMENT &#039;timestamp类型字段&#039;
)
COMMENT &#039;测试信息表&#039;
PARTITIONED BY (
dt STRING COMMENT &#039;分区日期，格式：yyyy-MM-dd&#039;
)
STORED AS ORC;
-- dt = &#039;2026-05-27&#039;
INSERT INTO pw_test.test_info_1 PARTITION (dt=&#039;2026-05-27&#039;)
VALUES
(2, &#039;A001&#039;, &#039;王小明&#039;, 4.00, 20, 1, 10, 65.5, 99.99, TRUE, DATE &#039;2025-01-01&#039;, TIMESTAMP &#039;2026-05-27 08:30:00&#039;),
(4, &#039;B002&#039;, &#039;陈小红&#039;, 6.00, 25, 200, 200, 70.2, 199.99, FALSE, DATE &#039;2025-02-15&#039;, TIMESTAMP &#039;2026-05-27 10:15:00&#039;),
(6, &#039;C003&#039;, &#039;张大力&#039;, 10.00, 30, 300, 300, 75.8, 299.99, TRUE, DATE &#039;2025-03-20&#039;, TIMESTAMP &#039;2026-05-27 14:45:00&#039;),
(8, &#039;D004&#039;, &#039;李芳芳&#039;, 14.00, 22, 150, 150, 68.3, 399.99, FALSE, DATE &#039;2025-04-10&#039;, TIMESTAMP &#039;2026-05-27 09:20:00&#039;),
(10, &#039;E005&#039;, &#039;刘建国&#039;, 18.00, 28, 250, 250, 72.6, 499.99, TRUE, DATE &#039;2025-05-05&#039;, TIMESTAMP &#039;2026-05-27 16:00:00&#039;),
(12, &#039;F006&#039;, &#039;赵丽丽&#039;, 20.00, 35, 350, 350, 80.1, 599.99, FALSE, DATE &#039;2025-06-25&#039;, TIMESTAMP &#039;2026-05-27 11:30:00&#039;);
-- dt = &#039;2026-05-28&#039;
INSERT INTO pw_test.test_info_1 PARTITION (dt=&#039;2026-05-28&#039;)
VALUES
(101, &#039;XYZ001&#039;, &#039;欧阳静&#039;, 24.00, 100, 32767, NULL, 85.5, 888.88, FALSE, CAST(NULL AS DATE), CAST(&#039;2026-05-28 09:00:00&#039; AS TIMESTAMP)),
(102, &#039;XYZ002&#039;, &#039;慕容白&#039;, NULL, -50, -200, -5000, -10.5, -94879459.99, NULL, CAST(&#039;2024-11-15&#039; AS DATE), CAST(NULL AS TIMESTAMP)),
(NULL, &#039;XYZ003&#039;, &#039;令狐冲&#039;, 123.45, 107, 32767, 9223372036854775807, 99.9984545, 1234.56, FALSE, CAST(&#039;2024-10-20&#039; AS DATE), CAST(&#039;2026-05-28 15:45:00&#039; AS TIMESTAMP)),
(102, &#039;XYZ001&#039;, &#039;欧阳静&#039;, 25.001548952140236541, NULL, NULL, 0, NULL, 1234.56, TRUE, CAST(&#039;2024-11-15&#039; AS DATE), CAST(&#039;2026-05-28 11:20:00&#039; AS TIMESTAMP)),
(105, NULL, NULL, 18.50, 100, 999, 0, 88.8, NULL, FALSE, CAST(&#039;2024-08-05&#039; AS DATE), CAST(&#039;2026-05-28 14:10:00&#039; AS TIMESTAMP)),
(106, &#039;XYZ003&#039;, NULL, 123.45, 107, 999, 90, 88.8, 888.88, TRUE, CAST(&#039;2024-07-25&#039; AS DATE), CAST(&#039;2026-05-28 09:00:00&#039; AS TIMESTAMP));

2、已存在标准目录：test","1. 进入「资产-数据标准-标准定义」页面
2. 新建标准配置如下：
「中文名称」：「金额」
「英文名称」：「money」
「英文缩写」：「my」
「标准目录」：「test」
无车型
「数据类型」：「字符型」
「数据长度」：「<=20」
「数据精度」：「2/2」
「是否允许为空」：「不可空」
「是否允许重复」：「不可重复」
「默认值」：「1」
「取值范围」：「>1且<=50」
「初始值」：「2」
「无效值」：「0.1」
「精度倍数」：「2」
「偏移量」：「0.02」；
点击【上线】
3. 点击「标准映射」页面，进行标准映射
4. 给该标准绑定字段：绑定money字段
5. 点击「落标检查」页面，新增检查任务，检查内容配置如下：
「数据源」：「${DATASOURCE}」
「数据库」：「${DATABASE}」
「数据表」：「test_info_1」
「手动输入分区」：「dt=2026-05-28」
「标准目录」：「test」
不配置「车型关联字段」；
点击【下一步】
6. 开启money字段的检查，设置检查项为：空值数、重复数；
点击【下一步】
7. 配置调度属性为按天运行，其余内容正确配置；点击【新增并立即执行】
8. 等待检查完成，查看【落标检查设置】tab列表
9. 点击【操作-查看结果详情】
10. 查看【落标检查结果】tab列表
11. 点击【操作-查看详情】
12. 点击列表里检查项对应的的【操作-查看详情】
13. 根据文档步骤通过底层数据库查看该检查任务的sql
14. 等待该检查任务按周期运行完成，查看结果详情","1. 页面正常打开
2. 内容配置成功；
标准成功上线
3. 标准映射列表新增该标准
4. 字段绑定成功
5. 检查内容配置成功；
进入选择字段页面
6. 成功开启检查并设置检查项；
进入调度配置页面
7. 保存成功，任务进入检查中状态
8. 1）显示对应的正确数据表名称、所属数据源、所属数据库、检查字段数/总字段数、检查周期、检查状态、标准达标率、不达标字段数/检查失败数、最近编辑时间、最近检查时间、操作。
2）其中标准达标率为“50%”，不达标字段数/检查失败数为“1/0”
9. 跳转至【落标检查结果】tab
10. 1）显示对应的正确数据源、数据库、数据表、字段、检查状态、是否达标、检查开始时间、检查结束时间、操作。
2）其中检查状态为“检查完成”，是否达标为“未达标”
11. 检查结果详情包含以下信息：
1）检查信息：检查数据源、数据库、数据表、字段与配置的内容一致；
2）检查结果列表：空值数显示“未达标”、重复数显示“达标”，开始检查时间、结束检查时间正确，操作为“查看详情”
3）关联标准详情与前面配置的内容一致
12. 1）为脏数据明细，显示不符合检查项的数据，标红展示
2）行数<=100
13. sql未进行合并：
1）每一条校验规则，都单独去读取一遍源数据表；
​2）各个规则的判断计算语句都是分开写的，一条规则对应一个select语句，无SUM (CASE WHEN)并行计算逻辑
​3）不同规则的数据分开存入不同的脏数据表
14. 空值数未达标、重复数达标，详情正确，脏数据明细正确","1. 
2. 
3. 
4. 
5. 
6. 
7. 
8. 
9. 
10. 
11. 
12. 
13. 
14.","","2","功能测试","功能测试阶段","正常","0","0","14","","听筠","2026-06-03","","0000-00-00","1","",""
"186452","数据资产_STD(#23)","/版本迭代测试用例/v6.4.11/【岚图】【数据资产】落标检查任务性能优化，规则sql合并/可合并+不可合并(#10607)","【岚图】【数据资产】数据质量任务、落标检查任务性能优化，规则sql合并(#15862)","无车型 验证「无车型」-「精度倍数+重复数」校验功能","1、已存在表test_info_1
CREATE TABLE pw_test.test_info_1 (
id INT COMMENT &#039;用户ID&#039;,
string_num STRING COMMENT &#039;string类型的编号&#039;,
name STRING COMMENT &#039;姓名&#039;,
money DOUBLE COMMENT &#039;金额&#039;,
byte_field BYTE COMMENT &#039;byte类型字段&#039;,
short_field SHORT COMMENT &#039;short类型字段&#039;,
long_field LONG COMMENT &#039;long类型字段&#039;,
float_field FLOAT COMMENT &#039;float类型字段&#039;,
decimal_field DECIMAL(10,2) COMMENT &#039;decimal类型字段&#039;,
boolean_field BOOLEAN COMMENT &#039;boolean类型字段&#039;,
date_field DATE COMMENT &#039;date类型字段&#039;,
timestamp_field TIMESTAMP COMMENT &#039;timestamp类型字段&#039;
)
COMMENT &#039;测试信息表&#039;
PARTITIONED BY (
dt STRING COMMENT &#039;分区日期，格式：yyyy-MM-dd&#039;
)
STORED AS ORC;
-- dt = &#039;2026-05-27&#039;
INSERT INTO pw_test.test_info_1 PARTITION (dt=&#039;2026-05-27&#039;)
VALUES
(2, &#039;A001&#039;, &#039;王小明&#039;, 4.00, 20, 1, 10, 65.5, 99.99, TRUE, DATE &#039;2025-01-01&#039;, TIMESTAMP &#039;2026-05-27 08:30:00&#039;),
(4, &#039;B002&#039;, &#039;陈小红&#039;, 6.00, 25, 200, 200, 70.2, 199.99, FALSE, DATE &#039;2025-02-15&#039;, TIMESTAMP &#039;2026-05-27 10:15:00&#039;),
(6, &#039;C003&#039;, &#039;张大力&#039;, 10.00, 30, 300, 300, 75.8, 299.99, TRUE, DATE &#039;2025-03-20&#039;, TIMESTAMP &#039;2026-05-27 14:45:00&#039;),
(8, &#039;D004&#039;, &#039;李芳芳&#039;, 14.00, 22, 150, 150, 68.3, 399.99, FALSE, DATE &#039;2025-04-10&#039;, TIMESTAMP &#039;2026-05-27 09:20:00&#039;),
(10, &#039;E005&#039;, &#039;刘建国&#039;, 18.00, 28, 250, 250, 72.6, 499.99, TRUE, DATE &#039;2025-05-05&#039;, TIMESTAMP &#039;2026-05-27 16:00:00&#039;),
(12, &#039;F006&#039;, &#039;赵丽丽&#039;, 20.00, 35, 350, 350, 80.1, 599.99, FALSE, DATE &#039;2025-06-25&#039;, TIMESTAMP &#039;2026-05-27 11:30:00&#039;);
-- dt = &#039;2026-05-28&#039;
INSERT INTO pw_test.test_info_1 PARTITION (dt=&#039;2026-05-28&#039;)
VALUES
(101, &#039;XYZ001&#039;, &#039;欧阳静&#039;, 24.00, 100, 32767, NULL, 85.5, 888.88, FALSE, CAST(NULL AS DATE), CAST(&#039;2026-05-28 09:00:00&#039; AS TIMESTAMP)),
(102, &#039;XYZ002&#039;, &#039;慕容白&#039;, NULL, -50, -200, -5000, -10.5, -94879459.99, NULL, CAST(&#039;2024-11-15&#039; AS DATE), CAST(NULL AS TIMESTAMP)),
(NULL, &#039;XYZ003&#039;, &#039;令狐冲&#039;, 123.45, 107, 32767, 9223372036854775807, 99.9984545, 1234.56, FALSE, CAST(&#039;2024-10-20&#039; AS DATE), CAST(&#039;2026-05-28 15:45:00&#039; AS TIMESTAMP)),
(102, &#039;XYZ001&#039;, &#039;欧阳静&#039;, 25.001548952140236541, NULL, NULL, 0, NULL, 1234.56, TRUE, CAST(&#039;2024-11-15&#039; AS DATE), CAST(&#039;2026-05-28 11:20:00&#039; AS TIMESTAMP)),
(105, NULL, NULL, 18.50, 100, 999, 0, 88.8, NULL, FALSE, CAST(&#039;2024-08-05&#039; AS DATE), CAST(&#039;2026-05-28 14:10:00&#039; AS TIMESTAMP)),
(106, &#039;XYZ003&#039;, NULL, 123.45, 107, 999, 90, 88.8, 888.88, TRUE, CAST(&#039;2024-07-25&#039; AS DATE), CAST(&#039;2026-05-28 09:00:00&#039; AS TIMESTAMP));

2、已存在标准目录：test","1. 进入「资产-数据标准-标准定义」页面
2. 新建标准配置如下：
「中文名称」：「金额」
「英文名称」：「money」
「英文缩写」：「my」
「标准目录」：「test」
无车型
「数据类型」：「字符型」
「数据长度」：「<=20」
「数据精度」：「2/2」
「是否允许为空」：「不可空」
「是否允许重复」：「不可重复」
「默认值」：「1」
「取值范围」：「>1且<=50」
「初始值」：「2」
「无效值」：「0.1」
「精度倍数」：「2」
「偏移量」：「0.02」；
点击【上线】
3. 点击「标准映射」页面，进行标准映射
4. 给该标准绑定字段：绑定money字段
5. 点击「落标检查」页面，新增检查任务，检查内容配置如下：
「数据源」：「${DATASOURCE}」
「数据库」：「${DATABASE}」
「数据表」：「test_info_1」
「选择已有分区」：「dt=2026-05-27」
「标准目录」：「test」
不配置「车型关联字段」；
点击【下一步】
6. 开启money字段的检查，设置检查项为：精度倍数、重复数；
点击【下一步】
7. 配置调度属性为按天运行，其余内容正确配置；点击【新增并立即执行】
8. 等待检查完成，查看【落标检查设置】tab列表
9. 点击【操作-查看结果详情】
10. 查看【落标检查结果】tab列表
11. 点击【操作-查看详情】
12. 根据文档步骤通过底层数据库查看该检查任务的sql
13. 等待该检查任务按周期运行完成，查看结果详情","1. 页面正常打开
2. 内容配置成功；
标准成功上线
3. 标准映射列表新增该标准
4. 字段绑定成功
5. 检查内容配置成功；
进入选择字段页面
6. 成功开启检查并设置检查项；
进入调度配置页面
7. 保存成功，任务进入检查中状态
8. 1）显示对应的正确数据表名称、所属数据源、所属数据库、检查字段数/总字段数、检查周期、检查状态、标准达标率、不达标字段数/检查失败数、最近编辑时间、最近检查时间、操作。
2）其中标准达标率为“100%”，不达标字段数/检查失败数为“0/0”
9. 跳转至【落标检查结果】tab
10. 1）显示对应的正确数据源、数据库、数据表、字段、检查状态、是否达标、检查开始时间、检查结束时间、操作。
2）其中检查状态为“检查完成”，是否达标为“达标”
11. 检查结果详情包含以下信息：
1）检查信息：检查数据源、数据库、数据表、字段与配置的内容一致；
2）检查结果列表：精度倍数、重复数都显示“达标”，开始检查时间、结束检查时间正确，操作为“--”
3）关联标准详情与前面配置的内容一致
12. sql未进行合并：
1）每一条校验规则，都单独去读取一遍源数据表；
​2）各个规则的判断计算语句都是分开写的，一条规则对应一个select语句，无SUM (CASE WHEN)并行计算逻辑
​3）不同规则的数据分开存入不同的脏数据表
13. 该检查项达标，详情正确","1. 
2. 
3. 
4. 
5. 
6. 
7. 
8. 
9. 
10. 
11. 
12. 
13.","","2","功能测试","功能测试阶段","正常","0","0","13","","听筠","2026-06-03","","0000-00-00","1","",""
"186451","数据资产_STD(#23)","/版本迭代测试用例/v6.4.11/【岚图】【数据资产】落标检查任务性能优化，规则sql合并/可合并+不可合并(#10607)","【岚图】【数据资产】数据质量任务、落标检查任务性能优化，规则sql合并(#15862)","无车型 验证「无车型」-「数据精度+重复数」校验功能","1、已存在表test_info_1
CREATE TABLE pw_test.test_info_1 (
id INT COMMENT &#039;用户ID&#039;,
string_num STRING COMMENT &#039;string类型的编号&#039;,
name STRING COMMENT &#039;姓名&#039;,
money DOUBLE COMMENT &#039;金额&#039;,
byte_field BYTE COMMENT &#039;byte类型字段&#039;,
short_field SHORT COMMENT &#039;short类型字段&#039;,
long_field LONG COMMENT &#039;long类型字段&#039;,
float_field FLOAT COMMENT &#039;float类型字段&#039;,
decimal_field DECIMAL(10,2) COMMENT &#039;decimal类型字段&#039;,
boolean_field BOOLEAN COMMENT &#039;boolean类型字段&#039;,
date_field DATE COMMENT &#039;date类型字段&#039;,
timestamp_field TIMESTAMP COMMENT &#039;timestamp类型字段&#039;
)
COMMENT &#039;测试信息表&#039;
PARTITIONED BY (
dt STRING COMMENT &#039;分区日期，格式：yyyy-MM-dd&#039;
)
STORED AS ORC;
-- dt = &#039;2026-05-27&#039;
INSERT INTO pw_test.test_info_1 PARTITION (dt=&#039;2026-05-27&#039;)
VALUES
(2, &#039;A001&#039;, &#039;王小明&#039;, 4.00, 20, 1, 10, 65.5, 99.99, TRUE, DATE &#039;2025-01-01&#039;, TIMESTAMP &#039;2026-05-27 08:30:00&#039;),
(4, &#039;B002&#039;, &#039;陈小红&#039;, 6.00, 25, 200, 200, 70.2, 199.99, FALSE, DATE &#039;2025-02-15&#039;, TIMESTAMP &#039;2026-05-27 10:15:00&#039;),
(6, &#039;C003&#039;, &#039;张大力&#039;, 10.00, 30, 300, 300, 75.8, 299.99, TRUE, DATE &#039;2025-03-20&#039;, TIMESTAMP &#039;2026-05-27 14:45:00&#039;),
(8, &#039;D004&#039;, &#039;李芳芳&#039;, 14.00, 22, 150, 150, 68.3, 399.99, FALSE, DATE &#039;2025-04-10&#039;, TIMESTAMP &#039;2026-05-27 09:20:00&#039;),
(10, &#039;E005&#039;, &#039;刘建国&#039;, 18.00, 28, 250, 250, 72.6, 499.99, TRUE, DATE &#039;2025-05-05&#039;, TIMESTAMP &#039;2026-05-27 16:00:00&#039;),
(12, &#039;F006&#039;, &#039;赵丽丽&#039;, 20.00, 35, 350, 350, 80.1, 599.99, FALSE, DATE &#039;2025-06-25&#039;, TIMESTAMP &#039;2026-05-27 11:30:00&#039;);
-- dt = &#039;2026-05-28&#039;
INSERT INTO pw_test.test_info_1 PARTITION (dt=&#039;2026-05-28&#039;)
VALUES
(101, &#039;XYZ001&#039;, &#039;欧阳静&#039;, 24.00, 100, 32767, NULL, 85.5, 888.88, FALSE, CAST(NULL AS DATE), CAST(&#039;2026-05-28 09:00:00&#039; AS TIMESTAMP)),
(102, &#039;XYZ002&#039;, &#039;慕容白&#039;, NULL, -50, -200, -5000, -10.5, -94879459.99, NULL, CAST(&#039;2024-11-15&#039; AS DATE), CAST(NULL AS TIMESTAMP)),
(NULL, &#039;XYZ003&#039;, &#039;令狐冲&#039;, 123.45, 107, 32767, 9223372036854775807, 99.9984545, 1234.56, FALSE, CAST(&#039;2024-10-20&#039; AS DATE), CAST(&#039;2026-05-28 15:45:00&#039; AS TIMESTAMP)),
(102, &#039;XYZ001&#039;, &#039;欧阳静&#039;, 25.001548952140236541, NULL, NULL, 0, NULL, 1234.56, TRUE, CAST(&#039;2024-11-15&#039; AS DATE), CAST(&#039;2026-05-28 11:20:00&#039; AS TIMESTAMP)),
(105, NULL, NULL, 18.50, 100, 999, 0, 88.8, NULL, FALSE, CAST(&#039;2024-08-05&#039; AS DATE), CAST(&#039;2026-05-28 14:10:00&#039; AS TIMESTAMP)),
(106, &#039;XYZ003&#039;, NULL, 123.45, 107, 999, 90, 88.8, 888.88, TRUE, CAST(&#039;2024-07-25&#039; AS DATE), CAST(&#039;2026-05-28 09:00:00&#039; AS TIMESTAMP));

2、已存在标准目录：test","1. 进入「资产-数据标准-标准定义」页面
2. 新建标准配置如下：
「中文名称」：「金额」
「英文名称」：「money」
「英文缩写」：「my」
「标准目录」：「test」
无车型
「数据类型」：「字符型」
「数据长度」：「<=20」
「数据精度」：「2/2」
「是否允许为空」：「不可空」
「是否允许重复」：「不可重复」
「默认值」：「1」
「取值范围」：「>1且<=50」
「初始值」：「2」
「无效值」：「0.1」
「精度倍数」：「2」
「偏移量」：「0.02」；
点击【上线】
3. 点击「标准映射」页面，进行标准映射
4. 给该标准绑定字段：绑定money字段
5. 点击「落标检查」页面，新增检查任务，检查内容配置如下：
「数据源」：「${DATASOURCE}」
「数据库」：「${DATABASE}」
「数据表」：「test_info_1」
「选择已有分区」：「dt=2026-05-27」
「标准目录」：「test」
不配置「车型关联字段」；
点击【下一步】
6. 开启money字段的检查，设置检查项为：数据精度、重复数；
点击【下一步】
7. 配置调度属性为按天运行，其余内容正确配置；点击【新增并立即执行】
8. 等待检查完成，查看【落标检查设置】tab列表
9. 点击【操作-查看结果详情】
10. 查看【落标检查结果】tab列表
11. 点击【操作-查看详情】
12. 根据文档步骤通过底层数据库查看该检查任务的sql
13. 等待该检查任务按周期运行完成，查看结果详情","1. 页面正常打开
2. 内容配置成功；
标准成功上线
3. 标准映射列表新增该标准
4. 字段绑定成功
5. 检查内容配置成功；
进入选择字段页面
6. 成功开启检查并设置检查项；
进入调度配置页面
7. 保存成功，任务进入检查中状态
8. 1）显示对应的正确数据表名称、所属数据源、所属数据库、检查字段数/总字段数、检查周期、检查状态、标准达标率、不达标字段数/检查失败数、最近编辑时间、最近检查时间、操作。
2）其中标准达标率为“100%”，不达标字段数/检查失败数为“0/0”
9. 跳转至【落标检查结果】tab
10. 1）显示对应的正确数据源、数据库、数据表、字段、检查状态、是否达标、检查开始时间、检查结束时间、操作。
2）其中检查状态为“检查完成”，是否达标为“达标”
11. 检查结果详情包含以下信息：
1）检查信息：检查数据源、数据库、数据表、字段与配置的内容一致；
2）检查结果列表：数据精度、重复数都显示达标，开始检查时间、结束检查时间正确，操作为“--”
3）关联标准详情与前面配置的内容一致
12. sql未进行合并：
1）每一条校验规则，都单独去读取一遍源数据表；
​2）各个规则的判断计算语句都是分开写的，一条规则对应一个select语句，无SUM (CASE WHEN)并行计算逻辑
​3）不同规则的数据分开存入不同的脏数据表
13. 检查项都达标，详情正确","1. 
2. 
3. 
4. 
5. 
6. 
7. 
8. 
9. 
10. 
11. 
12. 
13.","","2","功能测试","功能测试阶段","正常","0","0","13","","听筠","2026-06-03","","0000-00-00","1","",""
"186450","数据资产_STD(#23)","/版本迭代测试用例/v6.4.11/【岚图】【数据资产】落标检查任务性能优化，规则sql合并/可合并+不可合并(#10607)","【岚图】【数据资产】数据质量任务、落标检查任务性能优化，规则sql合并(#15862)","无车型 验证「无车型」-「字符串长度+重复数」校验功能","1、已存在表test_info_1
CREATE TABLE pw_test.test_info_1 (
id INT COMMENT &#039;用户ID&#039;,
string_num STRING COMMENT &#039;string类型的编号&#039;,
name STRING COMMENT &#039;姓名&#039;,
money DOUBLE COMMENT &#039;金额&#039;,
byte_field BYTE COMMENT &#039;byte类型字段&#039;,
short_field SHORT COMMENT &#039;short类型字段&#039;,
long_field LONG COMMENT &#039;long类型字段&#039;,
float_field FLOAT COMMENT &#039;float类型字段&#039;,
decimal_field DECIMAL(10,2) COMMENT &#039;decimal类型字段&#039;,
boolean_field BOOLEAN COMMENT &#039;boolean类型字段&#039;,
date_field DATE COMMENT &#039;date类型字段&#039;,
timestamp_field TIMESTAMP COMMENT &#039;timestamp类型字段&#039;
)
COMMENT &#039;测试信息表&#039;
PARTITIONED BY (
dt STRING COMMENT &#039;分区日期，格式：yyyy-MM-dd&#039;
)
STORED AS ORC;
-- dt = &#039;2026-05-27&#039;
INSERT INTO pw_test.test_info_1 PARTITION (dt=&#039;2026-05-27&#039;)
VALUES
(2, &#039;A001&#039;, &#039;王小明&#039;, 4.00, 20, 1, 10, 65.5, 99.99, TRUE, DATE &#039;2025-01-01&#039;, TIMESTAMP &#039;2026-05-27 08:30:00&#039;),
(4, &#039;B002&#039;, &#039;陈小红&#039;, 6.00, 25, 200, 200, 70.2, 199.99, FALSE, DATE &#039;2025-02-15&#039;, TIMESTAMP &#039;2026-05-27 10:15:00&#039;),
(6, &#039;C003&#039;, &#039;张大力&#039;, 10.00, 30, 300, 300, 75.8, 299.99, TRUE, DATE &#039;2025-03-20&#039;, TIMESTAMP &#039;2026-05-27 14:45:00&#039;),
(8, &#039;D004&#039;, &#039;李芳芳&#039;, 14.00, 22, 150, 150, 68.3, 399.99, FALSE, DATE &#039;2025-04-10&#039;, TIMESTAMP &#039;2026-05-27 09:20:00&#039;),
(10, &#039;E005&#039;, &#039;刘建国&#039;, 18.00, 28, 250, 250, 72.6, 499.99, TRUE, DATE &#039;2025-05-05&#039;, TIMESTAMP &#039;2026-05-27 16:00:00&#039;),
(12, &#039;F006&#039;, &#039;赵丽丽&#039;, 20.00, 35, 350, 350, 80.1, 599.99, FALSE, DATE &#039;2025-06-25&#039;, TIMESTAMP &#039;2026-05-27 11:30:00&#039;);
-- dt = &#039;2026-05-28&#039;
INSERT INTO pw_test.test_info_1 PARTITION (dt=&#039;2026-05-28&#039;)
VALUES
(101, &#039;XYZ001&#039;, &#039;欧阳静&#039;, 24.00, 100, 32767, NULL, 85.5, 888.88, FALSE, CAST(NULL AS DATE), CAST(&#039;2026-05-28 09:00:00&#039; AS TIMESTAMP)),
(102, &#039;XYZ002&#039;, &#039;慕容白&#039;, NULL, -50, -200, -5000, -10.5, -94879459.99, NULL, CAST(&#039;2024-11-15&#039; AS DATE), CAST(NULL AS TIMESTAMP)),
(NULL, &#039;XYZ003&#039;, &#039;令狐冲&#039;, 123.45, 107, 32767, 9223372036854775807, 99.9984545, 1234.56, FALSE, CAST(&#039;2024-10-20&#039; AS DATE), CAST(&#039;2026-05-28 15:45:00&#039; AS TIMESTAMP)),
(102, &#039;XYZ001&#039;, &#039;欧阳静&#039;, 25.001548952140236541, NULL, NULL, 0, NULL, 1234.56, TRUE, CAST(&#039;2024-11-15&#039; AS DATE), CAST(&#039;2026-05-28 11:20:00&#039; AS TIMESTAMP)),
(105, NULL, NULL, 18.50, 100, 999, 0, 88.8, NULL, FALSE, CAST(&#039;2024-08-05&#039; AS DATE), CAST(&#039;2026-05-28 14:10:00&#039; AS TIMESTAMP)),
(106, &#039;XYZ003&#039;, NULL, 123.45, 107, 999, 90, 88.8, 888.88, TRUE, CAST(&#039;2024-07-25&#039; AS DATE), CAST(&#039;2026-05-28 09:00:00&#039; AS TIMESTAMP));

2、已存在标准目录：test","1. 进入「资产-数据标准-标准定义」页面
2. 新建标准配置如下：
「中文名称」：「金额」
「英文名称」：「money」
「英文缩写」：「my」
「标准目录」：「test」
无车型
「数据类型」：「字符型」
「数据长度」：「<=20」
「数据精度」：「2/2」
「是否允许为空」：「不可空」
「是否允许重复」：「不可重复」
「默认值」：「1」
「取值范围」：「>1且<=50」
「初始值」：「2」
「无效值」：「0.1」
「精度倍数」：「2」
「偏移量」：「0.02」；
点击【上线】
3. 点击「标准映射」页面，进行标准映射
4. 给该标准绑定字段：绑定money字段
5. 点击「落标检查」页面，新增检查任务，检查内容配置如下：
「数据源」：「${DATASOURCE}」
「数据库」：「${DATABASE}」
「数据表」：「test_info_1」
不设置分区
「标准目录」：「test」
不配置「车型关联字段」；
点击【下一步】
6. 开启money字段的检查，设置检查项为：字符串长度、重复数；
点击【下一步】
7. 配置调度属性为按天运行，其余内容正确配置；点击【新增并立即执行】
8. 等待检查完成，查看【落标检查设置】tab列表
9. 点击【操作-查看结果详情】
10. 查看【落标检查结果】tab列表
11. 点击【操作-查看详情】
12. 点击列表里字符串长度检查项对应的的【操作-查看详情】
13. 根据文档步骤通过底层数据库查看该检查任务的sql
14. 等待该检查任务按周期运行完成，查看结果详情","1. 页面正常打开
2. 内容配置成功；
标准成功上线
3. 标准映射列表新增该标准
4. 字段绑定成功
5. 检查内容配置成功；
进入选择字段页面
6. 成功开启检查并设置检查项；
进入调度配置页面
7. 保存成功，任务进入检查中状态
8. 1）显示对应的正确数据表名称、所属数据源、所属数据库、检查字段数/总字段数、检查周期、检查状态、标准达标率、不达标字段数/检查失败数、最近编辑时间、最近检查时间、操作。
2）其中标准达标率为“50%”，不达标字段数/检查失败数为“1/0”
9. 跳转至【落标检查结果】tab
10. 1）显示对应的正确数据源、数据库、数据表、字段、检查状态、是否达标、检查开始时间、检查结束时间、操作。
2）其中检查状态为“检查完成”，是否达标为“未达标”
11. 检查结果详情包含以下信息：
1）检查信息：检查数据源、数据库、数据表、字段与配置的内容一致；
2）检查结果列表：字符串长度显示“未达标”、重复数显示“达标”，开始检查时间、结束检查时间正确，操作为“查看详情”
3）关联标准详情与前面配置的内容一致
12. 1）为脏数据明细，显示不符合检查项的数据，标红展示
2）行数<=100
13. sql未进行合并：
1）每一条校验规则，都单独去读取一遍源数据表；
​2）各个规则的判断计算语句都是分开写的，一条规则对应一个select语句，无SUM (CASE WHEN)并行计算逻辑
​3）不同规则的数据分开存入不同的脏数据表
14. 字符串长度未达标、重复数达标，详情正确，脏数据明细正确","1. 
2. 
3. 
4. 
5. 
6. 
7. 
8. 
9. 
10. 
11. 
12. 
13. 
14.","","2","功能测试","功能测试阶段","正常","0","0","14","","听筠","2026-06-03","","0000-00-00","1","",""
"186449","数据资产_STD(#23)","/版本迭代测试用例/v6.4.11/【岚图】【数据资产】落标检查任务性能优化，规则sql合并/不可合并(#10606)","【岚图】【数据资产】数据质量任务、落标检查任务性能优化，规则sql合并(#15862)","有车型 验证「有车型」-「不绑定车型关联字段」-「重复数」校验功能","1、已存在表order_info
CREATE TABLE IF NOT EXISTS pw_test.order_info (
user_id INT COMMENT &#039;用户ID&#039;,
tall FLOAT COMMENT &#039;身高&#039;,
weight DOUBLE COMMENT &#039;体重&#039;,
amount DECIMAL(10,3) COMMENT &#039;金额&#039;,
car_model STRING COMMENT &#039;车型&#039;,
age BYTE COMMENT &#039;年龄&#039;,
score SHORT COMMENT &#039;评分&#039;,
total_orders LONG COMMENT &#039;总订单数&#039;,
is_vip BOOLEAN COMMENT &#039;是否VIP&#039;,
register_date DATE COMMENT &#039;注册日期&#039;,
last_login TIMESTAMP COMMENT &#039;最后登录时间&#039;
)
PARTITIONED BY (order_date STRING COMMENT &#039;订单日期，格式yyyy-MM-dd&#039;);
-- 插入2026-01-12分区数据
INSERT INTO pw_test.order_info PARTITION (order_date=&#039;2026-01-12&#039;)
VALUES
(1000, 160, NULL, 265.2, &#039;小米su7&#039;, 25, 80, 10, TRUE, DATE &#039;2024-01-01&#039;, TIMESTAMP &#039;2026-01-12 10:30:00&#039;),
(102, 170, 66, 140.80, &#039;小米su7&#039;, 30, 85, 5, FALSE, DATE &#039;2024-03-15&#039;, TIMESTAMP &#039;2026-01-12 14:20:00&#039;),
(1100, 180.23, 459897, 187, &#039;保时捷718&#039;, 35, 90, 3, TRUE, DATE &#039;2024-06-20&#039;, TIMESTAMP &#039;2026-01-12 09:15:00&#039;);
-- 插入2026-01-13分区数据
INSERT INTO pw_test.order_info PARTITION (order_date=&#039;2026-01-13&#039;)
VALUES
(1001, 160, NULL, 265, &#039;小米su7&#039;, 26, 82, 15, NULL, CAST(&#039;2024-01-15&#039; AS DATE), CAST(&#039;2026-01-13 11:00:00&#039; AS TIMESTAMP)),
(1001, 160, NULL, NULL, &#039;小米su7&#039;, 26, 82, 16, FALSE, CAST(NULL AS DATE), CAST(&#039;2026-01-13 15:30:00&#039; AS TIMESTAMP)),
(102, 170, 66, 15483.568, &#039;小米su7&#039;, 31, 87, 8, TRUE, CAST(&#039;2024-04-01&#039; AS DATE), CAST(NULL AS TIMESTAMP)),
(1001, 160, NULL, 265, &#039;小米su7&#039;, 26, 82, 17, FALSE, CAST(&#039;2024-01-15&#039; AS DATE), CAST(&#039;2026-01-13 18:20:00&#039; AS TIMESTAMP)),
(110030, 180.23, 459897, 80.55485, &#039;保时捷718&#039;, 36, 92, 5, NULL, CAST(&#039;2024-07-10&#039; AS DATE), CAST(NULL AS TIMESTAMP)),
(110030, 180.23, 459897, 80.55485, &#039;保时捷718&#039;, 36, 92, 6, FALSE, CAST(&#039;2024-07-10&#039; AS DATE), CAST(&#039;2026-01-13 14:05:00&#039; AS TIMESTAMP)),
(11003, 180.23, 459897, NULL, &#039;保时捷718&#039;, 36, 92, 7, FALSE, CAST(NULL AS DATE), CAST(&#039;2026-01-13 16:40:00&#039; AS TIMESTAMP)),
(1001, 160, NULL, 265, NULL, 26, 82, 17, FALSE, CAST(&#039;2024-01-15&#039; AS DATE), CAST(&#039;2026-01-13 18:20:00&#039; AS TIMESTAMP)),
(11003, 180.23, 459897, 80.55485, NULL, 36, 92, 5, NULL, CAST(&#039;2024-07-10&#039; AS DATE), CAST(NULL AS TIMESTAMP));

2、已存在标准目录：test","1. 进入「资产-数据标准-标准定义」页面
2. 新建标准配置如下：
「中文名称」：「总额」
「英文名称」：「amount」
「英文缩写」：「at」
「标准目录」：「test」
「车型」：「小米su7，保时捷718」
1）小米su7：
「数据类型」：「数值型」
「数据长度」：「<=5」
「数据精度」：「3/2」
「是否允许为空」：「不可空」
「是否允许重复」：「不可重复」
「默认值」：「1」
「取值范围」：「>=10且<=280」
「初始值」：「2」
「无效值」：「0.1」
「精度倍数」：「2.2」
「偏移量」：「0.02」；
2）保时捷718：
「数据类型」：「数值型」
「数据长度」：「<=5」
「数据精度」：「3/2」
「是否允许为空」：「不可空」
「是否允许重复」：「不可重复」
「默认值」：「1」
「取值范围」：「>=180且<=999」
「初始值」：「2」
「无效值」：「0.1」
「精度倍数」：「2.2」
「偏移量」：「0.02」；
点击【上线】
3. 点击「标准映射」页面，进行标准映射
4. 给该标准绑定字段：绑定amount字段
5. 点击「落标检查」页面，新增检查任务，检查内容配置如下：
「数据源」：「${DATASOURCE}」
「数据库」：「${DATABASE}」
「数据表」：「order_info」
「选择已有分区」：「dt=2026-01-12」
「标准目录」：「test」
「车型关联字段」：「car_model」；
点击【下一步】
6. 开启amount字段的检查，设置检查项为：重复数；
点击【下一步】
7. 配置调度属性为按天运行，其余内容正确配置；点击【新增并立即执行】
8. 等待检查完成，查看【落标检查设置】tab列表
9. 点击【操作-查看结果详情】
10. 查看【落标检查结果】tab列表
11. 点击【操作-查看详情】
12. 根据文档步骤通过底层数据库查看该检查任务的sql
13. 等待该检查任务按周期运行完成，查看结果详情","1. 页面正常打开
2. 内容配置成功；
标准成功上线
3. 标准映射列表新增该标准
4. 字段绑定成功
5. 检查内容配置成功；
进入选择字段页面
6. 成功开启检查并设置检查项；
进入调度配置页面
7. 保存成功，任务进入检查中状态
8. 1）显示对应的正确数据表名称、所属数据源、所属数据库、检查字段数/总字段数、检查周期、检查状态、标准达标率、不达标字段数/检查失败数、最近编辑时间、最近检查时间、操作。
2）其中标准达标率为“100%”，不达标字段数/检查失败数为“0/0”
9. 跳转至【落标检查结果】tab
10. 1）显示对应的正确数据源、数据库、数据表、字段、检查状态、是否达标、检查开始时间、检查结束时间、操作。
2）其中检查状态为“检查完成”，是否达标为“达标”
11. 检查结果详情包含以下信息：
1）检查信息：检查数据源、数据库、数据表、字段与配置的内容一致；
2）检查结果列表：重复数显示“达标”，开始检查时间、结束检查时间正确，操作为“--”
3）关联标准详情与前面配置的内容一致
12. sql未进行合并：
只有单个select语句，无SUM (CASE WHEN)并行计算逻辑
13. 该检查项达标，详情正确","1. 
2. 
3. 
4. 
5. 
6. 
7. 
8. 
9. 
10. 
11. 
12. 
13.","","1","功能测试","功能测试阶段","正常","0","0","13","","听筠","2026-06-03","","0000-00-00","1","",""
"186448","数据资产_STD(#23)","/版本迭代测试用例/v6.4.11/【岚图】【数据资产】落标检查任务性能优化，规则sql合并/不可合并(#10606)","【岚图】【数据资产】数据质量任务、落标检查任务性能优化，规则sql合并(#15862)","有车型 验证「有车型」-「不绑定车型关联字段」-「取值范围」校验功能","1、已存在表order_info
CREATE TABLE IF NOT EXISTS pw_test.order_info (
user_id INT COMMENT &#039;用户ID&#039;,
tall FLOAT COMMENT &#039;身高&#039;,
weight DOUBLE COMMENT &#039;体重&#039;,
amount DECIMAL(10,3) COMMENT &#039;金额&#039;,
car_model STRING COMMENT &#039;车型&#039;,
age BYTE COMMENT &#039;年龄&#039;,
score SHORT COMMENT &#039;评分&#039;,
total_orders LONG COMMENT &#039;总订单数&#039;,
is_vip BOOLEAN COMMENT &#039;是否VIP&#039;,
register_date DATE COMMENT &#039;注册日期&#039;,
last_login TIMESTAMP COMMENT &#039;最后登录时间&#039;
)
PARTITIONED BY (order_date STRING COMMENT &#039;订单日期，格式yyyy-MM-dd&#039;);
-- 插入2026-01-12分区数据
INSERT INTO pw_test.order_info PARTITION (order_date=&#039;2026-01-12&#039;)
VALUES
(1000, 160, NULL, 265.2, &#039;小米su7&#039;, 25, 80, 10, TRUE, DATE &#039;2024-01-01&#039;, TIMESTAMP &#039;2026-01-12 10:30:00&#039;),
(102, 170, 66, 140.80, &#039;小米su7&#039;, 30, 85, 5, FALSE, DATE &#039;2024-03-15&#039;, TIMESTAMP &#039;2026-01-12 14:20:00&#039;),
(1100, 180.23, 459897, 187, &#039;保时捷718&#039;, 35, 90, 3, TRUE, DATE &#039;2024-06-20&#039;, TIMESTAMP &#039;2026-01-12 09:15:00&#039;);
-- 插入2026-01-13分区数据
INSERT INTO pw_test.order_info PARTITION (order_date=&#039;2026-01-13&#039;)
VALUES
(1001, 160, NULL, 265, &#039;小米su7&#039;, 26, 82, 15, NULL, CAST(&#039;2024-01-15&#039; AS DATE), CAST(&#039;2026-01-13 11:00:00&#039; AS TIMESTAMP)),
(1001, 160, NULL, NULL, &#039;小米su7&#039;, 26, 82, 16, FALSE, CAST(NULL AS DATE), CAST(&#039;2026-01-13 15:30:00&#039; AS TIMESTAMP)),
(102, 170, 66, 15483.568, &#039;小米su7&#039;, 31, 87, 8, TRUE, CAST(&#039;2024-04-01&#039; AS DATE), CAST(NULL AS TIMESTAMP)),
(1001, 160, NULL, 265, &#039;小米su7&#039;, 26, 82, 17, FALSE, CAST(&#039;2024-01-15&#039; AS DATE), CAST(&#039;2026-01-13 18:20:00&#039; AS TIMESTAMP)),
(110030, 180.23, 459897, 80.55485, &#039;保时捷718&#039;, 36, 92, 5, NULL, CAST(&#039;2024-07-10&#039; AS DATE), CAST(NULL AS TIMESTAMP)),
(110030, 180.23, 459897, 80.55485, &#039;保时捷718&#039;, 36, 92, 6, FALSE, CAST(&#039;2024-07-10&#039; AS DATE), CAST(&#039;2026-01-13 14:05:00&#039; AS TIMESTAMP)),
(11003, 180.23, 459897, NULL, &#039;保时捷718&#039;, 36, 92, 7, FALSE, CAST(NULL AS DATE), CAST(&#039;2026-01-13 16:40:00&#039; AS TIMESTAMP)),
(1001, 160, NULL, 265, NULL, 26, 82, 17, FALSE, CAST(&#039;2024-01-15&#039; AS DATE), CAST(&#039;2026-01-13 18:20:00&#039; AS TIMESTAMP)),
(11003, 180.23, 459897, 80.55485, NULL, 36, 92, 5, NULL, CAST(&#039;2024-07-10&#039; AS DATE), CAST(NULL AS TIMESTAMP));

2、已存在标准目录：test","1. 进入「资产-数据标准-标准定义」页面
2. 新建标准配置如下：
「中文名称」：「总额」
「英文名称」：「amount」
「英文缩写」：「at」
「标准目录」：「test」
「车型」：「小米su7，保时捷718」
1）小米su7：
「数据类型」：「数值型」
「数据长度」：「<=5」
「数据精度」：「3/2」
「是否允许为空」：「不可空」
「是否允许重复」：「不可重复」
「默认值」：「1」
「取值范围」：「>=10且<=280」
「初始值」：「2」
「无效值」：「0.1」
「精度倍数」：「2.2」
「偏移量」：「0.02」；
2）保时捷718：
「数据类型」：「数值型」
「数据长度」：「<=5」
「数据精度」：「3/2」
「是否允许为空」：「不可空」
「是否允许重复」：「不可重复」
「默认值」：「1」
「取值范围」：「>=180且<=999」
「初始值」：「2」
「无效值」：「0.1」
「精度倍数」：「2.2」
「偏移量」：「0.02」；
点击【上线】
3. 点击「标准映射」页面，进行标准映射
4. 给该标准绑定字段：绑定amount字段
5. 点击「落标检查」页面，新增检查任务，检查内容配置如下：
「数据源」：「${DATASOURCE}」
「数据库」：「${DATABASE}」
「数据表」：「order_info」
「选择已有分区」：「dt=2026-01-12」
「标准目录」：「test」
不绑定「车型关联字段」；
点击【下一步】
6. 开启amount字段的检查，设置检查项为：取值范围；
点击【下一步】
7. 配置调度属性为按天运行，其余内容正确配置；点击【新增并立即执行】
8. 等待检查完成，查看【落标检查设置】tab列表
9. 点击【操作-查看结果详情】
10. 查看【落标检查结果】tab列表
11. 点击【操作-查看详情】
12. 根据文档步骤通过底层数据库查看该检查任务的sql
13. 等待该检查任务按周期运行完成，查看结果详情","1. 页面正常打开
2. 内容配置成功；
标准成功上线
3. 标准映射列表新增该标准
4. 字段绑定成功
5. 检查内容配置成功；
进入选择字段页面
6. 成功开启检查并设置检查项；
进入调度配置页面
7. 保存成功，任务进入检查中状态
8. 1）显示对应的正确数据表名称、所属数据源、所属数据库、检查字段数/总字段数、检查周期、检查状态、标准达标率、不达标字段数/检查失败数、最近编辑时间、最近检查时间、操作。
2）其中标准达标率为“100%”，不达标字段数/检查失败数为“0/0”
9. 跳转至【落标检查结果】tab
10. 1）显示对应的正确数据源、数据库、数据表、字段、检查状态、是否达标、检查开始时间、检查结束时间、操作。
2）其中检查状态为“检查完成”，是否达标为“达标”
11. 检查结果详情包含以下信息：
1）检查信息：检查数据源、数据库、数据表、字段与配置的内容一致；
2）检查结果列表：取值范围显示“达标”，开始检查时间、结束检查时间正确，操作为“--”
3）关联标准详情与前面配置的内容一致
12. sql未进行合并：
只有单个select语句，无SUM (CASE WHEN)并行计算逻辑
13. 该检查项达标，详情正确","1. 
2. 
3. 
4. 
5. 
6. 
7. 
8. 
9. 
10. 
11. 
12. 
13.","","3","功能测试","功能测试阶段","正常","0","0","13","","听筠","2026-06-03","","0000-00-00","1","",""
"186447","数据资产_STD(#23)","/版本迭代测试用例/v6.4.11/【岚图】【数据资产】落标检查任务性能优化，规则sql合并/不可合并(#10606)","【岚图】【数据资产】数据质量任务、落标检查任务性能优化，规则sql合并(#15862)","有车型 验证「有车型」-「不绑定车型关联字段」-「空值数」校验功能","1、已存在表order_info
CREATE TABLE IF NOT EXISTS pw_test.order_info (
user_id INT COMMENT &#039;用户ID&#039;,
tall FLOAT COMMENT &#039;身高&#039;,
weight DOUBLE COMMENT &#039;体重&#039;,
amount DECIMAL(10,3) COMMENT &#039;金额&#039;,
car_model STRING COMMENT &#039;车型&#039;,
age BYTE COMMENT &#039;年龄&#039;,
score SHORT COMMENT &#039;评分&#039;,
total_orders LONG COMMENT &#039;总订单数&#039;,
is_vip BOOLEAN COMMENT &#039;是否VIP&#039;,
register_date DATE COMMENT &#039;注册日期&#039;,
last_login TIMESTAMP COMMENT &#039;最后登录时间&#039;
)
PARTITIONED BY (order_date STRING COMMENT &#039;订单日期，格式yyyy-MM-dd&#039;);
-- 插入2026-01-12分区数据
INSERT INTO pw_test.order_info PARTITION (order_date=&#039;2026-01-12&#039;)
VALUES
(1000, 160, NULL, 265.2, &#039;小米su7&#039;, 25, 80, 10, TRUE, DATE &#039;2024-01-01&#039;, TIMESTAMP &#039;2026-01-12 10:30:00&#039;),
(102, 170, 66, 140.80, &#039;小米su7&#039;, 30, 85, 5, FALSE, DATE &#039;2024-03-15&#039;, TIMESTAMP &#039;2026-01-12 14:20:00&#039;),
(1100, 180.23, 459897, 187, &#039;保时捷718&#039;, 35, 90, 3, TRUE, DATE &#039;2024-06-20&#039;, TIMESTAMP &#039;2026-01-12 09:15:00&#039;);
-- 插入2026-01-13分区数据
INSERT INTO pw_test.order_info PARTITION (order_date=&#039;2026-01-13&#039;)
VALUES
(1001, 160, NULL, 265, &#039;小米su7&#039;, 26, 82, 15, NULL, CAST(&#039;2024-01-15&#039; AS DATE), CAST(&#039;2026-01-13 11:00:00&#039; AS TIMESTAMP)),
(1001, 160, NULL, NULL, &#039;小米su7&#039;, 26, 82, 16, FALSE, CAST(NULL AS DATE), CAST(&#039;2026-01-13 15:30:00&#039; AS TIMESTAMP)),
(102, 170, 66, 15483.568, &#039;小米su7&#039;, 31, 87, 8, TRUE, CAST(&#039;2024-04-01&#039; AS DATE), CAST(NULL AS TIMESTAMP)),
(1001, 160, NULL, 265, &#039;小米su7&#039;, 26, 82, 17, FALSE, CAST(&#039;2024-01-15&#039; AS DATE), CAST(&#039;2026-01-13 18:20:00&#039; AS TIMESTAMP)),
(110030, 180.23, 459897, 80.55485, &#039;保时捷718&#039;, 36, 92, 5, NULL, CAST(&#039;2024-07-10&#039; AS DATE), CAST(NULL AS TIMESTAMP)),
(110030, 180.23, 459897, 80.55485, &#039;保时捷718&#039;, 36, 92, 6, FALSE, CAST(&#039;2024-07-10&#039; AS DATE), CAST(&#039;2026-01-13 14:05:00&#039; AS TIMESTAMP)),
(11003, 180.23, 459897, NULL, &#039;保时捷718&#039;, 36, 92, 7, FALSE, CAST(NULL AS DATE), CAST(&#039;2026-01-13 16:40:00&#039; AS TIMESTAMP)),
(1001, 160, NULL, 265, NULL, 26, 82, 17, FALSE, CAST(&#039;2024-01-15&#039; AS DATE), CAST(&#039;2026-01-13 18:20:00&#039; AS TIMESTAMP)),
(11003, 180.23, 459897, 80.55485, NULL, 36, 92, 5, NULL, CAST(&#039;2024-07-10&#039; AS DATE), CAST(NULL AS TIMESTAMP));

2、已存在标准目录：test","1. 进入「资产-数据标准-标准定义」页面
2. 新建标准配置如下：
「中文名称」：「总额」
「英文名称」：「amount」
「英文缩写」：「at」
「标准目录」：「test」
「车型」：「小米su7，保时捷718」
1）小米su7：
「数据类型」：「数值型」
「数据长度」：「<=5」
「数据精度」：「3/2」
「是否允许为空」：「不可空」
「是否允许重复」：「不可重复」
「默认值」：「1」
「取值范围」：「>=10且<=280」
「初始值」：「2」
「无效值」：「0.1」
「精度倍数」：「2.2」
「偏移量」：「0.02」；
2）保时捷718：
「数据类型」：「数值型」
「数据长度」：「<=5」
「数据精度」：「3/2」
「是否允许为空」：「不可空」
「是否允许重复」：「不可重复」
「默认值」：「1」
「取值范围」：「>=180且<=999」
「初始值」：「2」
「无效值」：「0.1」
「精度倍数」：「2.2」
「偏移量」：「0.02」；
点击【上线】
3. 点击「标准映射」页面，进行标准映射
4. 给该标准绑定字段：绑定amount字段
5. 点击「落标检查」页面，新增检查任务，检查内容配置如下：
「数据源」：「${DATASOURCE}」
「数据库」：「${DATABASE}」
「数据表」：「order_info」
「选择已有分区」：「dt=2026-01-12」
「标准目录」：「test」
不绑定「车型关联字段」；
点击【下一步】
6. 开启amount字段的检查，设置检查项为：空值数；
点击【下一步】
7. 配置调度属性为按天运行，其余内容正确配置；点击【新增并立即执行】
8. 等待检查完成，查看【落标检查设置】tab列表
9. 点击【操作-查看结果详情】
10. 查看【落标检查结果】tab列表
11. 点击【操作-查看详情】
12. 根据文档步骤通过底层数据库查看该检查任务的sql
13. 等待该检查任务按周期运行完成，查看结果详情","1. 页面正常打开
2. 内容配置成功；
标准成功上线
3. 标准映射列表新增该标准
4. 字段绑定成功
5. 检查内容配置成功；
进入选择字段页面
6. 成功开启检查并设置检查项；
进入调度配置页面
7. 保存成功，任务进入检查中状态
8. 1）显示对应的正确数据表名称、所属数据源、所属数据库、检查字段数/总字段数、检查周期、检查状态、标准达标率、不达标字段数/检查失败数、最近编辑时间、最近检查时间、操作。
2）其中标准达标率为“100%”，不达标字段数/检查失败数为“0/0”
9. 跳转至【落标检查结果】tab
10. 1）显示对应的正确数据源、数据库、数据表、字段、检查状态、是否达标、检查开始时间、检查结束时间、操作。
2）其中检查状态为“检查完成”，是否达标为“达标”
11. 检查结果详情包含以下信息：
1）检查信息：检查数据源、数据库、数据表、字段与配置的内容一致；
2）检查结果列表：空值数显示“达标”，开始检查时间、结束检查时间正确，操作为“--”
3）关联标准详情与前面配置的内容一致
12. sql未进行合并：
只有单个select语句，无SUM (CASE WHEN)并行计算逻辑
13. 该检查项达标，详情正确","1. 
2. 
3. 
4. 
5. 
6. 
7. 
8. 
9. 
10. 
11. 
12. 
13.","","3","功能测试","功能测试阶段","正常","0","0","13","","听筠","2026-06-03","","0000-00-00","1","",""
"186446","数据资产_STD(#23)","/版本迭代测试用例/v6.4.11/【岚图】【数据资产】落标检查任务性能优化，规则sql合并/不可合并(#10606)","【岚图】【数据资产】数据质量任务、落标检查任务性能优化，规则sql合并(#15862)","有车型 验证「有车型」-「不绑定车型关联字段」-「精度倍数」校验功能","1、已存在表order_info
CREATE TABLE IF NOT EXISTS pw_test.order_info (
user_id INT COMMENT &#039;用户ID&#039;,
tall FLOAT COMMENT &#039;身高&#039;,
weight DOUBLE COMMENT &#039;体重&#039;,
amount DECIMAL(10,3) COMMENT &#039;金额&#039;,
car_model STRING COMMENT &#039;车型&#039;,
age BYTE COMMENT &#039;年龄&#039;,
score SHORT COMMENT &#039;评分&#039;,
total_orders LONG COMMENT &#039;总订单数&#039;,
is_vip BOOLEAN COMMENT &#039;是否VIP&#039;,
register_date DATE COMMENT &#039;注册日期&#039;,
last_login TIMESTAMP COMMENT &#039;最后登录时间&#039;
)
PARTITIONED BY (order_date STRING COMMENT &#039;订单日期，格式yyyy-MM-dd&#039;);
-- 插入2026-01-12分区数据
INSERT INTO pw_test.order_info PARTITION (order_date=&#039;2026-01-12&#039;)
VALUES
(1000, 160, NULL, 265.2, &#039;小米su7&#039;, 25, 80, 10, TRUE, DATE &#039;2024-01-01&#039;, TIMESTAMP &#039;2026-01-12 10:30:00&#039;),
(102, 170, 66, 140.80, &#039;小米su7&#039;, 30, 85, 5, FALSE, DATE &#039;2024-03-15&#039;, TIMESTAMP &#039;2026-01-12 14:20:00&#039;),
(1100, 180.23, 459897, 187, &#039;保时捷718&#039;, 35, 90, 3, TRUE, DATE &#039;2024-06-20&#039;, TIMESTAMP &#039;2026-01-12 09:15:00&#039;);
-- 插入2026-01-13分区数据
INSERT INTO pw_test.order_info PARTITION (order_date=&#039;2026-01-13&#039;)
VALUES
(1001, 160, NULL, 265, &#039;小米su7&#039;, 26, 82, 15, NULL, CAST(&#039;2024-01-15&#039; AS DATE), CAST(&#039;2026-01-13 11:00:00&#039; AS TIMESTAMP)),
(1001, 160, NULL, NULL, &#039;小米su7&#039;, 26, 82, 16, FALSE, CAST(NULL AS DATE), CAST(&#039;2026-01-13 15:30:00&#039; AS TIMESTAMP)),
(102, 170, 66, 15483.568, &#039;小米su7&#039;, 31, 87, 8, TRUE, CAST(&#039;2024-04-01&#039; AS DATE), CAST(NULL AS TIMESTAMP)),
(1001, 160, NULL, 265, &#039;小米su7&#039;, 26, 82, 17, FALSE, CAST(&#039;2024-01-15&#039; AS DATE), CAST(&#039;2026-01-13 18:20:00&#039; AS TIMESTAMP)),
(110030, 180.23, 459897, 80.55485, &#039;保时捷718&#039;, 36, 92, 5, NULL, CAST(&#039;2024-07-10&#039; AS DATE), CAST(NULL AS TIMESTAMP)),
(110030, 180.23, 459897, 80.55485, &#039;保时捷718&#039;, 36, 92, 6, FALSE, CAST(&#039;2024-07-10&#039; AS DATE), CAST(&#039;2026-01-13 14:05:00&#039; AS TIMESTAMP)),
(11003, 180.23, 459897, NULL, &#039;保时捷718&#039;, 36, 92, 7, FALSE, CAST(NULL AS DATE), CAST(&#039;2026-01-13 16:40:00&#039; AS TIMESTAMP)),
(1001, 160, NULL, 265, NULL, 26, 82, 17, FALSE, CAST(&#039;2024-01-15&#039; AS DATE), CAST(&#039;2026-01-13 18:20:00&#039; AS TIMESTAMP)),
(11003, 180.23, 459897, 80.55485, NULL, 36, 92, 5, NULL, CAST(&#039;2024-07-10&#039; AS DATE), CAST(NULL AS TIMESTAMP));

2、已存在标准目录：test","1. 进入「资产-数据标准-标准定义」页面
2. 新建标准配置如下：
「中文名称」：「总额」
「英文名称」：「amount」
「英文缩写」：「at」
「标准目录」：「test」
「车型」：「小米su7，保时捷718」
1）小米su7：
「数据类型」：「数值型」
「数据长度」：「<=5」
「数据精度」：「3/2」
「是否允许为空」：「不可空」
「是否允许重复」：「不可重复」
「默认值」：「1」
「取值范围」：「>=10且<=280」
「初始值」：「2」
「无效值」：「0.1」
「精度倍数」：「2.2」
「偏移量」：「0.02」；
2）保时捷718：
「数据类型」：「数值型」
「数据长度」：「<=5」
「数据精度」：「3/2」
「是否允许为空」：「不可空」
「是否允许重复」：「不可重复」
「默认值」：「1」
「取值范围」：「>=180且<=999」
「初始值」：「2」
「无效值」：「0.1」
「精度倍数」：「2.2」
「偏移量」：「0.02」；
点击【上线】
3. 点击「标准映射」页面，进行标准映射
4. 给该标准绑定字段：绑定amount字段
5. 点击「落标检查」页面，新增检查任务，检查内容配置如下：
「数据源」：「${DATASOURCE}」
「数据库」：「${DATABASE}」
「数据表」：「order_info」
「选择已有分区」：「dt=2026-01-12」
「标准目录」：「test」
不绑定「车型关联字段」；
点击【下一步】
6. 开启amount字段的检查，设置检查项为：精度倍数；
点击【下一步】
7. 配置调度属性为按天运行，其余内容正确配置；点击【新增并立即执行】
8. 等待检查完成，查看【落标检查设置】tab列表
9. 点击【操作-查看结果详情】
10. 查看【落标检查结果】tab列表
11. 点击【操作-查看详情】
12. 根据文档步骤通过底层数据库查看该检查任务的sql
13. 等待该检查任务按周期运行完成，查看结果详情","1. 页面正常打开
2. 内容配置成功；
标准成功上线
3. 标准映射列表新增该标准
4. 字段绑定成功
5. 检查内容配置成功；
进入选择字段页面
6. 成功开启检查并设置检查项；
进入调度配置页面
7. 保存成功，任务进入检查中状态
8. 1）显示对应的正确数据表名称、所属数据源、所属数据库、检查字段数/总字段数、检查周期、检查状态、标准达标率、不达标字段数/检查失败数、最近编辑时间、最近检查时间、操作。
2）其中标准达标率为“100%”，不达标字段数/检查失败数为“0/0”
9. 跳转至【落标检查结果】tab
10. 1）显示对应的正确数据源、数据库、数据表、字段、检查状态、是否达标、检查开始时间、检查结束时间、操作。
2）其中检查状态为“检查完成”，是否达标为“达标”
11. 检查结果详情包含以下信息：
1）检查信息：检查数据源、数据库、数据表、字段与配置的内容一致；
2）检查结果列表：精度倍数显示“达标”，开始检查时间、结束检查时间正确，操作为“--”
3）关联标准详情与前面配置的内容一致
12. sql未进行合并：
只有单个select语句，无SUM (CASE WHEN)并行计算逻辑
13. 该检查项达标，详情正确","1. 
2. 
3. 
4. 
5. 
6. 
7. 
8. 
9. 
10. 
11. 
12. 
13.","","3","功能测试","功能测试阶段","正常","0","0","13","","听筠","2026-06-03","","0000-00-00","1","",""
"186445","数据资产_STD(#23)","/版本迭代测试用例/v6.4.11/【岚图】【数据资产】落标检查任务性能优化，规则sql合并/不可合并(#10606)","【岚图】【数据资产】数据质量任务、落标检查任务性能优化，规则sql合并(#15862)","有车型 验证「有车型」-「不绑定车型关联字段」-「数据精度」校验功能","1、已存在表order_info
CREATE TABLE IF NOT EXISTS pw_test.order_info (
user_id INT COMMENT &#039;用户ID&#039;,
tall FLOAT COMMENT &#039;身高&#039;,
weight DOUBLE COMMENT &#039;体重&#039;,
amount DECIMAL(10,3) COMMENT &#039;金额&#039;,
car_model STRING COMMENT &#039;车型&#039;,
age BYTE COMMENT &#039;年龄&#039;,
score SHORT COMMENT &#039;评分&#039;,
total_orders LONG COMMENT &#039;总订单数&#039;,
is_vip BOOLEAN COMMENT &#039;是否VIP&#039;,
register_date DATE COMMENT &#039;注册日期&#039;,
last_login TIMESTAMP COMMENT &#039;最后登录时间&#039;
)
PARTITIONED BY (order_date STRING COMMENT &#039;订单日期，格式yyyy-MM-dd&#039;);
-- 插入2026-01-12分区数据
INSERT INTO pw_test.order_info PARTITION (order_date=&#039;2026-01-12&#039;)
VALUES
(1000, 160, NULL, 265.2, &#039;小米su7&#039;, 25, 80, 10, TRUE, DATE &#039;2024-01-01&#039;, TIMESTAMP &#039;2026-01-12 10:30:00&#039;),
(102, 170, 66, 140.80, &#039;小米su7&#039;, 30, 85, 5, FALSE, DATE &#039;2024-03-15&#039;, TIMESTAMP &#039;2026-01-12 14:20:00&#039;),
(1100, 180.23, 459897, 187, &#039;保时捷718&#039;, 35, 90, 3, TRUE, DATE &#039;2024-06-20&#039;, TIMESTAMP &#039;2026-01-12 09:15:00&#039;);
-- 插入2026-01-13分区数据
INSERT INTO pw_test.order_info PARTITION (order_date=&#039;2026-01-13&#039;)
VALUES
(1001, 160, NULL, 265, &#039;小米su7&#039;, 26, 82, 15, NULL, CAST(&#039;2024-01-15&#039; AS DATE), CAST(&#039;2026-01-13 11:00:00&#039; AS TIMESTAMP)),
(1001, 160, NULL, NULL, &#039;小米su7&#039;, 26, 82, 16, FALSE, CAST(NULL AS DATE), CAST(&#039;2026-01-13 15:30:00&#039; AS TIMESTAMP)),
(102, 170, 66, 15483.568, &#039;小米su7&#039;, 31, 87, 8, TRUE, CAST(&#039;2024-04-01&#039; AS DATE), CAST(NULL AS TIMESTAMP)),
(1001, 160, NULL, 265, &#039;小米su7&#039;, 26, 82, 17, FALSE, CAST(&#039;2024-01-15&#039; AS DATE), CAST(&#039;2026-01-13 18:20:00&#039; AS TIMESTAMP)),
(110030, 180.23, 459897, 80.55485, &#039;保时捷718&#039;, 36, 92, 5, NULL, CAST(&#039;2024-07-10&#039; AS DATE), CAST(NULL AS TIMESTAMP)),
(110030, 180.23, 459897, 80.55485, &#039;保时捷718&#039;, 36, 92, 6, FALSE, CAST(&#039;2024-07-10&#039; AS DATE), CAST(&#039;2026-01-13 14:05:00&#039; AS TIMESTAMP)),
(11003, 180.23, 459897, NULL, &#039;保时捷718&#039;, 36, 92, 7, FALSE, CAST(NULL AS DATE), CAST(&#039;2026-01-13 16:40:00&#039; AS TIMESTAMP)),
(1001, 160, NULL, 265, NULL, 26, 82, 17, FALSE, CAST(&#039;2024-01-15&#039; AS DATE), CAST(&#039;2026-01-13 18:20:00&#039; AS TIMESTAMP)),
(11003, 180.23, 459897, 80.55485, NULL, 36, 92, 5, NULL, CAST(&#039;2024-07-10&#039; AS DATE), CAST(NULL AS TIMESTAMP));

2、已存在标准目录：test","1. 进入「资产-数据标准-标准定义」页面
2. 新建标准配置如下：
「中文名称」：「总额」
「英文名称」：「amount」
「英文缩写」：「at」
「标准目录」：「test」
「车型」：「小米su7，保时捷718」
1）小米su7：
「数据类型」：「数值型」
「数据长度」：「<=5」
「数据精度」：「3/2」
「是否允许为空」：「不可空」
「是否允许重复」：「不可重复」
「默认值」：「1」
「取值范围」：「>=10且<=280」
「初始值」：「2」
「无效值」：「0.1」
「精度倍数」：「2.2」
「偏移量」：「0.02」；
2）保时捷718：
「数据类型」：「数值型」
「数据长度」：「<=5」
「数据精度」：「3/2」
「是否允许为空」：「不可空」
「是否允许重复」：「不可重复」
「默认值」：「1」
「取值范围」：「>=180且<=999」
「初始值」：「2」
「无效值」：「0.1」
「精度倍数」：「2.2」
「偏移量」：「0.02」；
点击【上线】
3. 点击「标准映射」页面，进行标准映射
4. 给该标准绑定字段：绑定amount字段
5. 点击「落标检查」页面，新增检查任务，检查内容配置如下：
「数据源」：「${DATASOURCE}」
「数据库」：「${DATABASE}」
「数据表」：「order_info」
「选择已有分区」：「dt=2026-01-13」
「标准目录」：「test」
不绑定「车型关联字段」；
点击【下一步】
6. 开启amount字段的检查，设置检查项为：数据精度；
点击【下一步】
7. 配置调度属性为按天运行，其余内容正确配置；点击【新增并立即执行】
8. 等待检查完成，查看【落标检查设置】tab列表
9. 点击【操作-查看结果详情】
10. 查看【落标检查结果】tab列表
11. 点击【操作-查看详情】
12. 点击列表里检查项对应的的【操作-查看详情】
13. 根据文档步骤通过底层数据库查看该检查任务的sql
14. 等待该检查任务按周期运行完成，查看结果详情","1. 页面正常打开
2. 内容配置成功；
标准成功上线
3. 标准映射列表新增该标准
4. 字段绑定成功
5. 检查内容配置成功；
进入选择字段页面
6. 成功开启检查并设置检查项；
进入调度配置页面
7. 保存成功，任务进入检查中状态
8. 1）显示对应的正确数据表名称、所属数据源、所属数据库、检查字段数/总字段数、检查周期、检查状态、标准达标率、不达标字段数/检查失败数、最近编辑时间、最近检查时间、操作。
2）其中标准达标率为“0%”，不达标字段数/检查失败数为“1/0”
9. 跳转至【落标检查结果】tab
10. 1）显示对应的正确数据源、数据库、数据表、字段、检查状态、是否达标、检查开始时间、检查结束时间、操作。
2）其中检查状态为“检查完成”，是否达标为“未达标”
11. 检查结果详情包含以下信息：
1）检查信息：检查数据源、数据库、数据表、字段与配置的内容一致；
2）检查结果列表：数据精度显示“未达标”，开始检查时间、结束检查时间正确，操作为“查看详情”
3）关联标准详情与前面配置的内容一致
12. 1）为脏数据明细，显示不符合检查项的数据，标红展示
2）行数<=100
13. sql未进行合并：
只有单个select语句，无SUM (CASE WHEN)并行计算逻辑
14. 该检查项未达标，详情正确","1. 
2. 
3. 
4. 
5. 
6. 
7. 
8. 
9. 
10. 
11. 
12. 
13. 
14.","","3","功能测试","功能测试阶段","正常","0","0","14","","听筠","2026-06-03","","0000-00-00","1","",""
"186444","数据资产_STD(#23)","/版本迭代测试用例/v6.4.11/【岚图】【数据资产】落标检查任务性能优化，规则sql合并/不可合并(#10606)","【岚图】【数据资产】数据质量任务、落标检查任务性能优化，规则sql合并(#15862)","有车型 验证「有车型」-「不绑定车型关联字段」-「字符串长度」校验功能","1、已存在表order_info
CREATE TABLE IF NOT EXISTS pw_test.order_info (
user_id INT COMMENT &#039;用户ID&#039;,
tall FLOAT COMMENT &#039;身高&#039;,
weight DOUBLE COMMENT &#039;体重&#039;,
amount DECIMAL(10,3) COMMENT &#039;金额&#039;,
car_model STRING COMMENT &#039;车型&#039;,
age BYTE COMMENT &#039;年龄&#039;,
score SHORT COMMENT &#039;评分&#039;,
total_orders LONG COMMENT &#039;总订单数&#039;,
is_vip BOOLEAN COMMENT &#039;是否VIP&#039;,
register_date DATE COMMENT &#039;注册日期&#039;,
last_login TIMESTAMP COMMENT &#039;最后登录时间&#039;
)
PARTITIONED BY (order_date STRING COMMENT &#039;订单日期，格式yyyy-MM-dd&#039;);
-- 插入2026-01-12分区数据
INSERT INTO pw_test.order_info PARTITION (order_date=&#039;2026-01-12&#039;)
VALUES
(1000, 160, NULL, 265.2, &#039;小米su7&#039;, 25, 80, 10, TRUE, DATE &#039;2024-01-01&#039;, TIMESTAMP &#039;2026-01-12 10:30:00&#039;),
(102, 170, 66, 140.80, &#039;小米su7&#039;, 30, 85, 5, FALSE, DATE &#039;2024-03-15&#039;, TIMESTAMP &#039;2026-01-12 14:20:00&#039;),
(1100, 180.23, 459897, 187, &#039;保时捷718&#039;, 35, 90, 3, TRUE, DATE &#039;2024-06-20&#039;, TIMESTAMP &#039;2026-01-12 09:15:00&#039;);
-- 插入2026-01-13分区数据
INSERT INTO pw_test.order_info PARTITION (order_date=&#039;2026-01-13&#039;)
VALUES
(1001, 160, NULL, 265, &#039;小米su7&#039;, 26, 82, 15, NULL, CAST(&#039;2024-01-15&#039; AS DATE), CAST(&#039;2026-01-13 11:00:00&#039; AS TIMESTAMP)),
(1001, 160, NULL, NULL, &#039;小米su7&#039;, 26, 82, 16, FALSE, CAST(NULL AS DATE), CAST(&#039;2026-01-13 15:30:00&#039; AS TIMESTAMP)),
(102, 170, 66, 15483.568, &#039;小米su7&#039;, 31, 87, 8, TRUE, CAST(&#039;2024-04-01&#039; AS DATE), CAST(NULL AS TIMESTAMP)),
(1001, 160, NULL, 265, &#039;小米su7&#039;, 26, 82, 17, FALSE, CAST(&#039;2024-01-15&#039; AS DATE), CAST(&#039;2026-01-13 18:20:00&#039; AS TIMESTAMP)),
(110030, 180.23, 459897, 80.55485, &#039;保时捷718&#039;, 36, 92, 5, NULL, CAST(&#039;2024-07-10&#039; AS DATE), CAST(NULL AS TIMESTAMP)),
(110030, 180.23, 459897, 80.55485, &#039;保时捷718&#039;, 36, 92, 6, FALSE, CAST(&#039;2024-07-10&#039; AS DATE), CAST(&#039;2026-01-13 14:05:00&#039; AS TIMESTAMP)),
(11003, 180.23, 459897, NULL, &#039;保时捷718&#039;, 36, 92, 7, FALSE, CAST(NULL AS DATE), CAST(&#039;2026-01-13 16:40:00&#039; AS TIMESTAMP)),
(1001, 160, NULL, 265, NULL, 26, 82, 17, FALSE, CAST(&#039;2024-01-15&#039; AS DATE), CAST(&#039;2026-01-13 18:20:00&#039; AS TIMESTAMP)),
(11003, 180.23, 459897, 80.55485, NULL, 36, 92, 5, NULL, CAST(&#039;2024-07-10&#039; AS DATE), CAST(NULL AS TIMESTAMP));

2、已存在标准目录：test","1. 进入「资产-数据标准-标准定义」页面
2. 新建标准配置如下：
「中文名称」：「总额」
「英文名称」：「amount」
「英文缩写」：「at」
「标准目录」：「test」
「车型」：「小米su7，保时捷718」
1）小米su7：
「数据类型」：「数值型」
「数据长度」：「<=5」
「数据精度」：「3/2」
「是否允许为空」：「不可空」
「是否允许重复」：「不可重复」
「默认值」：「1」
「取值范围」：「>=10且<=280」
「初始值」：「2」
「无效值」：「0.1」
「精度倍数」：「2.2」
「偏移量」：「0.02」；
2）保时捷718：
「数据类型」：「数值型」
「数据长度」：「<=5」
「数据精度」：「3/2」
「是否允许为空」：「不可空」
「是否允许重复」：「不可重复」
「默认值」：「1」
「取值范围」：「>=180且<=999」
「初始值」：「2」
「无效值」：「0.1」
「精度倍数」：「2.2」
「偏移量」：「0.02」；
点击【上线】
3. 点击「标准映射」页面，进行标准映射
4. 给该标准绑定字段：绑定amount字段
5. 点击「落标检查」页面，新增检查任务，检查内容配置如下：
「数据源」：「${DATASOURCE}」
「数据库」：「${DATABASE}」
「数据表」：「order_info」
「选择已有分区」：「dt=2026-01-13」
「标准目录」：「test」
不绑定「车型关联字段」；
点击【下一步】
6. 开启amount字段的检查，设置检查项为：字符串长度；
点击【下一步】
7. 配置调度属性为按天运行，其余内容正确配置；点击【新增并立即执行】
8. 等待检查完成，查看【落标检查设置】tab列表
9. 点击【操作-查看结果详情】
10. 查看【落标检查结果】tab列表
11. 点击【操作-查看详情】
12. 点击列表里检查项对应的的【操作-查看详情】
13. 根据文档步骤通过底层数据库查看该检查任务的sql
14. 等待该检查任务按周期运行完成，查看结果详情","1. 页面正常打开
2. 内容配置成功；
标准成功上线
3. 标准映射列表新增该标准
4. 字段绑定成功
5. 检查内容配置成功；
进入选择字段页面
6. 成功开启检查并设置检查项；
进入调度配置页面
7. 保存成功，任务进入检查中状态
8. 1）显示对应的正确数据表名称、所属数据源、所属数据库、检查字段数/总字段数、检查周期、检查状态、标准达标率、不达标字段数/检查失败数、最近编辑时间、最近检查时间、操作。
2）其中标准达标率为“0%”，不达标字段数/检查失败数为“1/0”
9. 跳转至【落标检查结果】tab
10. 1）显示对应的正确数据源、数据库、数据表、字段、检查状态、是否达标、检查开始时间、检查结束时间、操作。
2）其中检查状态为“检查完成”，是否达标为“未达标”
11. 检查结果详情包含以下信息：
1）检查信息：检查数据源、数据库、数据表、字段与配置的内容一致；
2）检查结果列表：字符串长度显示“未达标”，开始检查时间、结束检查时间正确，操作为“查看详情”
3）关联标准详情与前面配置的内容一致
12. 1）为脏数据明细，显示不符合检查项的数据，标红展示
2）行数<=100
13. sql未进行合并：
只有单个select语句，无SUM (CASE WHEN)并行计算逻辑
14. 该检查项未达标，详情正确","1. 
2. 
3. 
4. 
5. 
6. 
7. 
8. 
9. 
10. 
11. 
12. 
13. 
14.","","3","功能测试","功能测试阶段","正常","0","0","14","","听筠","2026-06-03","","0000-00-00","1","",""
"186443","数据资产_STD(#23)","/版本迭代测试用例/v6.4.11/【岚图】【数据资产】落标检查任务性能优化，规则sql合并/不可合并(#10606)","【岚图】【数据资产】数据质量任务、落标检查任务性能优化，规则sql合并(#15862)","有车型 验证「有车型」-「绑定车型关联字段」-「重复数」校验功能","1、已存在表order_info
CREATE TABLE IF NOT EXISTS pw_test.order_info (
user_id INT COMMENT &#039;用户ID&#039;,
tall FLOAT COMMENT &#039;身高&#039;,
weight DOUBLE COMMENT &#039;体重&#039;,
amount DECIMAL(10,3) COMMENT &#039;金额&#039;,
car_model STRING COMMENT &#039;车型&#039;,
age BYTE COMMENT &#039;年龄&#039;,
score SHORT COMMENT &#039;评分&#039;,
total_orders LONG COMMENT &#039;总订单数&#039;,
is_vip BOOLEAN COMMENT &#039;是否VIP&#039;,
register_date DATE COMMENT &#039;注册日期&#039;,
last_login TIMESTAMP COMMENT &#039;最后登录时间&#039;
)
PARTITIONED BY (order_date STRING COMMENT &#039;订单日期，格式yyyy-MM-dd&#039;);
-- 插入2026-01-12分区数据
INSERT INTO pw_test.order_info PARTITION (order_date=&#039;2026-01-12&#039;)
VALUES
(1000, 160, NULL, 265.2, &#039;小米su7&#039;, 25, 80, 10, TRUE, DATE &#039;2024-01-01&#039;, TIMESTAMP &#039;2026-01-12 10:30:00&#039;),
(102, 170, 66, 140.80, &#039;小米su7&#039;, 30, 85, 5, FALSE, DATE &#039;2024-03-15&#039;, TIMESTAMP &#039;2026-01-12 14:20:00&#039;),
(1100, 180.23, 459897, 187, &#039;保时捷718&#039;, 35, 90, 3, TRUE, DATE &#039;2024-06-20&#039;, TIMESTAMP &#039;2026-01-12 09:15:00&#039;);
-- 插入2026-01-13分区数据
INSERT INTO pw_test.order_info PARTITION (order_date=&#039;2026-01-13&#039;)
VALUES
(1001, 160, NULL, 265, &#039;小米su7&#039;, 26, 82, 15, NULL, CAST(&#039;2024-01-15&#039; AS DATE), CAST(&#039;2026-01-13 11:00:00&#039; AS TIMESTAMP)),
(1001, 160, NULL, NULL, &#039;小米su7&#039;, 26, 82, 16, FALSE, CAST(NULL AS DATE), CAST(&#039;2026-01-13 15:30:00&#039; AS TIMESTAMP)),
(102, 170, 66, 15483.568, &#039;小米su7&#039;, 31, 87, 8, TRUE, CAST(&#039;2024-04-01&#039; AS DATE), CAST(NULL AS TIMESTAMP)),
(1001, 160, NULL, 265, &#039;小米su7&#039;, 26, 82, 17, FALSE, CAST(&#039;2024-01-15&#039; AS DATE), CAST(&#039;2026-01-13 18:20:00&#039; AS TIMESTAMP)),
(110030, 180.23, 459897, 80.55485, &#039;保时捷718&#039;, 36, 92, 5, NULL, CAST(&#039;2024-07-10&#039; AS DATE), CAST(NULL AS TIMESTAMP)),
(110030, 180.23, 459897, 80.55485, &#039;保时捷718&#039;, 36, 92, 6, FALSE, CAST(&#039;2024-07-10&#039; AS DATE), CAST(&#039;2026-01-13 14:05:00&#039; AS TIMESTAMP)),
(11003, 180.23, 459897, NULL, &#039;保时捷718&#039;, 36, 92, 7, FALSE, CAST(NULL AS DATE), CAST(&#039;2026-01-13 16:40:00&#039; AS TIMESTAMP)),
(1001, 160, NULL, 265, NULL, 26, 82, 17, FALSE, CAST(&#039;2024-01-15&#039; AS DATE), CAST(&#039;2026-01-13 18:20:00&#039; AS TIMESTAMP)),
(11003, 180.23, 459897, 80.55485, NULL, 36, 92, 5, NULL, CAST(&#039;2024-07-10&#039; AS DATE), CAST(NULL AS TIMESTAMP));

2、已存在标准目录：test","1. 进入「资产-数据标准-标准定义」页面
2. 新建标准配置如下：
「中文名称」：「总额」
「英文名称」：「amount」
「英文缩写」：「at」
「标准目录」：「test」
「车型」：「小米su7，保时捷718」
1）小米su7：
「数据类型」：「数值型」
「数据长度」：「<=5」
「数据精度」：「3/2」
「是否允许为空」：「不可空」
「是否允许重复」：「不可重复」
「默认值」：「1」
「取值范围」：「>=10且<=280」
「初始值」：「2」
「无效值」：「0.1」
「精度倍数」：「2.2」
「偏移量」：「0.02」；
2）保时捷718：
「数据类型」：「数值型」
「数据长度」：「<=5」
「数据精度」：「3/2」
「是否允许为空」：「不可空」
「是否允许重复」：「不可重复」
「默认值」：「1」
「取值范围」：「>=180且<=999」
「初始值」：「2」
「无效值」：「0.1」
「精度倍数」：「2.2」
「偏移量」：「0.02」；
点击【上线】
3. 点击「标准映射」页面，进行标准映射
4. 给该标准绑定字段：绑定amount字段
5. 点击「落标检查」页面，新增检查任务，检查内容配置如下：
「数据源」：「${DATASOURCE}」
「数据库」：「${DATABASE}」
「数据表」：「order_info」
「选择已有分区」：「dt=2026-01-12」
「标准目录」：「test」
「车型关联字段」：「car_model」；
点击【下一步】
6. 开启amount字段的检查，设置检查项为：重复数；
点击【下一步】
7. 配置调度属性为按天运行，其余内容正确配置；点击【新增并立即执行】
8. 等待检查完成，查看【落标检查设置】tab列表
9. 点击【操作-查看结果详情】
10. 查看【落标检查结果】tab列表
11. 点击【操作-查看详情】
12. 根据文档步骤通过底层数据库查看该检查任务的sql
13. 等待该检查任务按周期运行完成，查看结果详情","1. 页面正常打开
2. 内容配置成功；
标准成功上线
3. 标准映射列表新增该标准
4. 字段绑定成功
5. 检查内容配置成功；
进入选择字段页面
6. 成功开启检查并设置检查项；
进入调度配置页面
7. 保存成功，任务进入检查中状态
8. 1）显示对应的正确数据表名称、所属数据源、所属数据库、检查字段数/总字段数、检查周期、检查状态、标准达标率、不达标字段数/检查失败数、最近编辑时间、最近检查时间、操作。
2）其中标准达标率为“100%”，不达标字段数/检查失败数为“0/0”
9. 跳转至【落标检查结果】tab
10. 1）显示对应的正确数据源、数据库、数据表、字段、检查状态、是否达标、检查开始时间、检查结束时间、操作。
2）其中检查状态为“检查完成”，是否达标为“达标”
11. 检查结果详情包含以下信息：
1）检查信息：检查数据源、数据库、数据表、字段与配置的内容一致；
2）检查结果列表：重复数显示“达标”，开始检查时间、结束检查时间正确，操作为“--”
3）关联标准详情与前面配置的内容一致
12. sql未进行合并：
只有单个select语句，无SUM (CASE WHEN)并行计算逻辑
13. 该检查项达标，详情正确","1. 
2. 
3. 
4. 
5. 
6. 
7. 
8. 
9. 
10. 
11. 
12. 
13.","","3","功能测试","功能测试阶段","正常","0","0","13","","听筠","2026-06-03","","0000-00-00","1","",""
"186442","数据资产_STD(#23)","/版本迭代测试用例/v6.4.11/【岚图】【数据资产】落标检查任务性能优化，规则sql合并/不可合并(#10606)","【岚图】【数据资产】数据质量任务、落标检查任务性能优化，规则sql合并(#15862)","有车型 验证「有车型」-「绑定车型关联字段」-「取值范围」校验功能","1、已存在表order_info
CREATE TABLE IF NOT EXISTS pw_test.order_info (
user_id INT COMMENT &#039;用户ID&#039;,
tall FLOAT COMMENT &#039;身高&#039;,
weight DOUBLE COMMENT &#039;体重&#039;,
amount DECIMAL(10,3) COMMENT &#039;金额&#039;,
car_model STRING COMMENT &#039;车型&#039;,
age BYTE COMMENT &#039;年龄&#039;,
score SHORT COMMENT &#039;评分&#039;,
total_orders LONG COMMENT &#039;总订单数&#039;,
is_vip BOOLEAN COMMENT &#039;是否VIP&#039;,
register_date DATE COMMENT &#039;注册日期&#039;,
last_login TIMESTAMP COMMENT &#039;最后登录时间&#039;
)
PARTITIONED BY (order_date STRING COMMENT &#039;订单日期，格式yyyy-MM-dd&#039;);
-- 插入2026-01-12分区数据
INSERT INTO pw_test.order_info PARTITION (order_date=&#039;2026-01-12&#039;)
VALUES
(1000, 160, NULL, 265.2, &#039;小米su7&#039;, 25, 80, 10, TRUE, DATE &#039;2024-01-01&#039;, TIMESTAMP &#039;2026-01-12 10:30:00&#039;),
(102, 170, 66, 140.80, &#039;小米su7&#039;, 30, 85, 5, FALSE, DATE &#039;2024-03-15&#039;, TIMESTAMP &#039;2026-01-12 14:20:00&#039;),
(1100, 180.23, 459897, 187, &#039;保时捷718&#039;, 35, 90, 3, TRUE, DATE &#039;2024-06-20&#039;, TIMESTAMP &#039;2026-01-12 09:15:00&#039;);
-- 插入2026-01-13分区数据
INSERT INTO pw_test.order_info PARTITION (order_date=&#039;2026-01-13&#039;)
VALUES
(1001, 160, NULL, 265, &#039;小米su7&#039;, 26, 82, 15, NULL, CAST(&#039;2024-01-15&#039; AS DATE), CAST(&#039;2026-01-13 11:00:00&#039; AS TIMESTAMP)),
(1001, 160, NULL, NULL, &#039;小米su7&#039;, 26, 82, 16, FALSE, CAST(NULL AS DATE), CAST(&#039;2026-01-13 15:30:00&#039; AS TIMESTAMP)),
(102, 170, 66, 15483.568, &#039;小米su7&#039;, 31, 87, 8, TRUE, CAST(&#039;2024-04-01&#039; AS DATE), CAST(NULL AS TIMESTAMP)),
(1001, 160, NULL, 265, &#039;小米su7&#039;, 26, 82, 17, FALSE, CAST(&#039;2024-01-15&#039; AS DATE), CAST(&#039;2026-01-13 18:20:00&#039; AS TIMESTAMP)),
(110030, 180.23, 459897, 80.55485, &#039;保时捷718&#039;, 36, 92, 5, NULL, CAST(&#039;2024-07-10&#039; AS DATE), CAST(NULL AS TIMESTAMP)),
(110030, 180.23, 459897, 80.55485, &#039;保时捷718&#039;, 36, 92, 6, FALSE, CAST(&#039;2024-07-10&#039; AS DATE), CAST(&#039;2026-01-13 14:05:00&#039; AS TIMESTAMP)),
(11003, 180.23, 459897, NULL, &#039;保时捷718&#039;, 36, 92, 7, FALSE, CAST(NULL AS DATE), CAST(&#039;2026-01-13 16:40:00&#039; AS TIMESTAMP)),
(1001, 160, NULL, 265, NULL, 26, 82, 17, FALSE, CAST(&#039;2024-01-15&#039; AS DATE), CAST(&#039;2026-01-13 18:20:00&#039; AS TIMESTAMP)),
(11003, 180.23, 459897, 80.55485, NULL, 36, 92, 5, NULL, CAST(&#039;2024-07-10&#039; AS DATE), CAST(NULL AS TIMESTAMP));

2、已存在标准目录：test","1. 进入「资产-数据标准-标准定义」页面
2. 新建标准配置如下：
「中文名称」：「总额」
「英文名称」：「amount」
「英文缩写」：「at」
「标准目录」：「test」
「车型」：「小米su7，保时捷718」
1）小米su7：
「数据类型」：「数值型」
「数据长度」：「<=5」
「数据精度」：「3/2」
「是否允许为空」：「不可空」
「是否允许重复」：「不可重复」
「默认值」：「1」
「取值范围」：「>=10且<=280」
「初始值」：「2」
「无效值」：「0.1」
「精度倍数」：「2.2」
「偏移量」：「0.02」；
2）保时捷718：
「数据类型」：「数值型」
「数据长度」：「<=5」
「数据精度」：「3/2」
「是否允许为空」：「不可空」
「是否允许重复」：「不可重复」
「默认值」：「1」
「取值范围」：「>=180且<=999」
「初始值」：「2」
「无效值」：「0.1」
「精度倍数」：「2.2」
「偏移量」：「0.02」；
点击【上线】
3. 点击「标准映射」页面，进行标准映射
4. 给该标准绑定字段：绑定amount字段
5. 点击「落标检查」页面，新增检查任务，检查内容配置如下：
「数据源」：「${DATASOURCE}」
「数据库」：「${DATABASE}」
「数据表」：「order_info」
「选择已有分区」：「dt=2026-01-13」
「标准目录」：「test」
「车型关联字段」：「car_model」；
点击【下一步】
6. 开启amount字段的检查，设置检查项为：取值范围；
点击【下一步】
7. 配置调度属性为按天运行，其余内容正确配置；点击【新增并立即执行】
8. 等待检查完成，查看【落标检查设置】tab列表
9. 点击【操作-查看结果详情】
10. 查看【落标检查结果】tab列表
11. 点击【操作-查看详情】
12. 点击列表里检查项对应的的【操作-查看详情】
13. 根据文档步骤通过底层数据库查看该检查任务的sql
14. 等待该检查任务按周期运行完成，查看结果详情","1. 页面正常打开
2. 内容配置成功；
标准成功上线
3. 标准映射列表新增该标准
4. 字段绑定成功
5. 检查内容配置成功；
进入选择字段页面
6. 成功开启检查并设置检查项；
进入调度配置页面
7. 保存成功，任务进入检查中状态
8. 1）显示对应的正确数据表名称、所属数据源、所属数据库、检查字段数/总字段数、检查周期、检查状态、标准达标率、不达标字段数/检查失败数、最近编辑时间、最近检查时间、操作。
2）其中标准达标率为“0%”，不达标字段数/检查失败数为“1/0”
9. 跳转至【落标检查结果】tab
10. 1）显示对应的正确数据源、数据库、数据表、字段、检查状态、是否达标、检查开始时间、检查结束时间、操作。
2）其中检查状态为“检查完成”，是否达标为“未达标”
11. 检查结果详情包含以下信息：
1）检查信息：检查数据源、数据库、数据表、字段与配置的内容一致；
2）检查结果列表：取值范围显示“未达标”，开始检查时间、结束检查时间正确，操作为“查看详情”
3）关联标准详情与前面配置的内容一致
12. 1）为脏数据明细，显示不符合检查项的数据，标红展示
2）行数<=100
13. sql未进行合并：
只有单个select语句，无SUM (CASE WHEN)并行计算逻辑
14. 该检查项未达标，详情正确","1. 
2. 
3. 
4. 
5. 
6. 
7. 
8. 
9. 
10. 
11. 
12. 
13. 
14.","","1","功能测试","功能测试阶段","正常","0","1","14","通过","听筠","2026-06-03","","0000-00-00","1","",""
"186441","数据资产_STD(#23)","/版本迭代测试用例/v6.4.11/【岚图】【数据资产】落标检查任务性能优化，规则sql合并/不可合并(#10606)","【岚图】【数据资产】数据质量任务、落标检查任务性能优化，规则sql合并(#15862)","有车型 验证「有车型」-「绑定车型关联字段」-「空值数」校验功能","1、已存在表order_info
CREATE TABLE IF NOT EXISTS pw_test.order_info (
user_id INT COMMENT &#039;用户ID&#039;,
tall FLOAT COMMENT &#039;身高&#039;,
weight DOUBLE COMMENT &#039;体重&#039;,
amount DECIMAL(10,3) COMMENT &#039;金额&#039;,
car_model STRING COMMENT &#039;车型&#039;,
age BYTE COMMENT &#039;年龄&#039;,
score SHORT COMMENT &#039;评分&#039;,
total_orders LONG COMMENT &#039;总订单数&#039;,
is_vip BOOLEAN COMMENT &#039;是否VIP&#039;,
register_date DATE COMMENT &#039;注册日期&#039;,
last_login TIMESTAMP COMMENT &#039;最后登录时间&#039;
)
PARTITIONED BY (order_date STRING COMMENT &#039;订单日期，格式yyyy-MM-dd&#039;);
-- 插入2026-01-12分区数据
INSERT INTO pw_test.order_info PARTITION (order_date=&#039;2026-01-12&#039;)
VALUES
(1000, 160, NULL, 265.2, &#039;小米su7&#039;, 25, 80, 10, TRUE, DATE &#039;2024-01-01&#039;, TIMESTAMP &#039;2026-01-12 10:30:00&#039;),
(102, 170, 66, 140.80, &#039;小米su7&#039;, 30, 85, 5, FALSE, DATE &#039;2024-03-15&#039;, TIMESTAMP &#039;2026-01-12 14:20:00&#039;),
(1100, 180.23, 459897, 187, &#039;保时捷718&#039;, 35, 90, 3, TRUE, DATE &#039;2024-06-20&#039;, TIMESTAMP &#039;2026-01-12 09:15:00&#039;);
-- 插入2026-01-13分区数据
INSERT INTO pw_test.order_info PARTITION (order_date=&#039;2026-01-13&#039;)
VALUES
(1001, 160, NULL, 265, &#039;小米su7&#039;, 26, 82, 15, NULL, CAST(&#039;2024-01-15&#039; AS DATE), CAST(&#039;2026-01-13 11:00:00&#039; AS TIMESTAMP)),
(1001, 160, NULL, NULL, &#039;小米su7&#039;, 26, 82, 16, FALSE, CAST(NULL AS DATE), CAST(&#039;2026-01-13 15:30:00&#039; AS TIMESTAMP)),
(102, 170, 66, 15483.568, &#039;小米su7&#039;, 31, 87, 8, TRUE, CAST(&#039;2024-04-01&#039; AS DATE), CAST(NULL AS TIMESTAMP)),
(1001, 160, NULL, 265, &#039;小米su7&#039;, 26, 82, 17, FALSE, CAST(&#039;2024-01-15&#039; AS DATE), CAST(&#039;2026-01-13 18:20:00&#039; AS TIMESTAMP)),
(110030, 180.23, 459897, 80.55485, &#039;保时捷718&#039;, 36, 92, 5, NULL, CAST(&#039;2024-07-10&#039; AS DATE), CAST(NULL AS TIMESTAMP)),
(110030, 180.23, 459897, 80.55485, &#039;保时捷718&#039;, 36, 92, 6, FALSE, CAST(&#039;2024-07-10&#039; AS DATE), CAST(&#039;2026-01-13 14:05:00&#039; AS TIMESTAMP)),
(11003, 180.23, 459897, NULL, &#039;保时捷718&#039;, 36, 92, 7, FALSE, CAST(NULL AS DATE), CAST(&#039;2026-01-13 16:40:00&#039; AS TIMESTAMP)),
(1001, 160, NULL, 265, NULL, 26, 82, 17, FALSE, CAST(&#039;2024-01-15&#039; AS DATE), CAST(&#039;2026-01-13 18:20:00&#039; AS TIMESTAMP)),
(11003, 180.23, 459897, 80.55485, NULL, 36, 92, 5, NULL, CAST(&#039;2024-07-10&#039; AS DATE), CAST(NULL AS TIMESTAMP));

2、已存在标准目录：test","1. 进入「资产-数据标准-标准定义」页面
2. 新建标准配置如下：
「中文名称」：「总额」
「英文名称」：「amount」
「英文缩写」：「at」
「标准目录」：「test」
「车型」：「小米su7，保时捷718」
1）小米su7：
「数据类型」：「数值型」
「数据长度」：「<=5」
「数据精度」：「3/2」
「是否允许为空」：「不可空」
「是否允许重复」：「不可重复」
「默认值」：「1」
「取值范围」：「>=10且<=280」
「初始值」：「2」
「无效值」：「0.1」
「精度倍数」：「2.2」
「偏移量」：「0.02」；
2）保时捷718：
「数据类型」：「数值型」
「数据长度」：「<=5」
「数据精度」：「3/2」
「是否允许为空」：「不可空」
「是否允许重复」：「不可重复」
「默认值」：「1」
「取值范围」：「>=180且<=999」
「初始值」：「2」
「无效值」：「0.1」
「精度倍数」：「2.2」
「偏移量」：「0.02」；
点击【上线】
3. 点击「标准映射」页面，进行标准映射
4. 给该标准绑定字段：绑定amount字段
5. 点击「落标检查」页面，新增检查任务，检查内容配置如下：
「数据源」：「${DATASOURCE}」
「数据库」：「${DATABASE}」
「数据表」：「order_info」
「选择已有分区」：「dt=2026-01-12」
「标准目录」：「test」
「车型关联字段」：「car_model」；
点击【下一步】
6. 开启amount字段的检查，设置检查项为：空值数；
点击【下一步】
7. 配置调度属性为按天运行，其余内容正确配置；点击【新增并立即执行】
8. 等待检查完成，查看【落标检查设置】tab列表
9. 点击【操作-查看结果详情】
10. 查看【落标检查结果】tab列表
11. 点击【操作-查看详情】
12. 根据文档步骤通过底层数据库查看该检查任务的sql
13. 等待该检查任务按周期运行完成，查看结果详情","1. 页面正常打开
2. 内容配置成功；
标准成功上线
3. 标准映射列表新增该标准
4. 字段绑定成功
5. 检查内容配置成功；
进入选择字段页面
6. 成功开启检查并设置检查项；
进入调度配置页面
7. 保存成功，任务进入检查中状态
8. 1）显示对应的正确数据表名称、所属数据源、所属数据库、检查字段数/总字段数、检查周期、检查状态、标准达标率、不达标字段数/检查失败数、最近编辑时间、最近检查时间、操作。
2）其中标准达标率为“100%”，不达标字段数/检查失败数为“0/0”
9. 跳转至【落标检查结果】tab
10. 1）显示对应的正确数据源、数据库、数据表、字段、检查状态、是否达标、检查开始时间、检查结束时间、操作。
2）其中检查状态为“检查完成”，是否达标为“达标”
11. 检查结果详情包含以下信息：
1）检查信息：检查数据源、数据库、数据表、字段与配置的内容一致；
2）检查结果列表：空值数显示达标，开始检查时间、结束检查时间正确，操作为“--”
3）关联标准详情与前面配置的内容一致
12. sql未进行合并：
只有单个select语句，无SUM (CASE WHEN)并行计算逻辑
13. 该检查项达标，详情正确","1. 
2. 
3. 
4. 
5. 
6. 
7. 
8. 
9. 
10. 
11. 
12. 
13.","","3","功能测试","功能测试阶段","正常","0","0","13","","听筠","2026-06-03","","0000-00-00","1","",""
"186440","数据资产_STD(#23)","/版本迭代测试用例/v6.4.11/【岚图】【数据资产】落标检查任务性能优化，规则sql合并/不可合并(#10606)","【岚图】【数据资产】数据质量任务、落标检查任务性能优化，规则sql合并(#15862)","有车型 验证「有车型」-「绑定车型关联字段」-「精度倍数」校验功能","1、已存在表order_info
CREATE TABLE IF NOT EXISTS pw_test.order_info (
user_id INT COMMENT &#039;用户ID&#039;,
tall FLOAT COMMENT &#039;身高&#039;,
weight DOUBLE COMMENT &#039;体重&#039;,
amount DECIMAL(10,3) COMMENT &#039;金额&#039;,
car_model STRING COMMENT &#039;车型&#039;,
age BYTE COMMENT &#039;年龄&#039;,
score SHORT COMMENT &#039;评分&#039;,
total_orders LONG COMMENT &#039;总订单数&#039;,
is_vip BOOLEAN COMMENT &#039;是否VIP&#039;,
register_date DATE COMMENT &#039;注册日期&#039;,
last_login TIMESTAMP COMMENT &#039;最后登录时间&#039;
)
PARTITIONED BY (order_date STRING COMMENT &#039;订单日期，格式yyyy-MM-dd&#039;);
-- 插入2026-01-12分区数据
INSERT INTO pw_test.order_info PARTITION (order_date=&#039;2026-01-12&#039;)
VALUES
(1000, 160, NULL, 265.2, &#039;小米su7&#039;, 25, 80, 10, TRUE, DATE &#039;2024-01-01&#039;, TIMESTAMP &#039;2026-01-12 10:30:00&#039;),
(102, 170, 66, 140.80, &#039;小米su7&#039;, 30, 85, 5, FALSE, DATE &#039;2024-03-15&#039;, TIMESTAMP &#039;2026-01-12 14:20:00&#039;),
(1100, 180.23, 459897, 187, &#039;保时捷718&#039;, 35, 90, 3, TRUE, DATE &#039;2024-06-20&#039;, TIMESTAMP &#039;2026-01-12 09:15:00&#039;);
-- 插入2026-01-13分区数据
INSERT INTO pw_test.order_info PARTITION (order_date=&#039;2026-01-13&#039;)
VALUES
(1001, 160, NULL, 265, &#039;小米su7&#039;, 26, 82, 15, NULL, CAST(&#039;2024-01-15&#039; AS DATE), CAST(&#039;2026-01-13 11:00:00&#039; AS TIMESTAMP)),
(1001, 160, NULL, NULL, &#039;小米su7&#039;, 26, 82, 16, FALSE, CAST(NULL AS DATE), CAST(&#039;2026-01-13 15:30:00&#039; AS TIMESTAMP)),
(102, 170, 66, 15483.568, &#039;小米su7&#039;, 31, 87, 8, TRUE, CAST(&#039;2024-04-01&#039; AS DATE), CAST(NULL AS TIMESTAMP)),
(1001, 160, NULL, 265, &#039;小米su7&#039;, 26, 82, 17, FALSE, CAST(&#039;2024-01-15&#039; AS DATE), CAST(&#039;2026-01-13 18:20:00&#039; AS TIMESTAMP)),
(110030, 180.23, 459897, 80.55485, &#039;保时捷718&#039;, 36, 92, 5, NULL, CAST(&#039;2024-07-10&#039; AS DATE), CAST(NULL AS TIMESTAMP)),
(110030, 180.23, 459897, 80.55485, &#039;保时捷718&#039;, 36, 92, 6, FALSE, CAST(&#039;2024-07-10&#039; AS DATE), CAST(&#039;2026-01-13 14:05:00&#039; AS TIMESTAMP)),
(11003, 180.23, 459897, NULL, &#039;保时捷718&#039;, 36, 92, 7, FALSE, CAST(NULL AS DATE), CAST(&#039;2026-01-13 16:40:00&#039; AS TIMESTAMP)),
(1001, 160, NULL, 265, NULL, 26, 82, 17, FALSE, CAST(&#039;2024-01-15&#039; AS DATE), CAST(&#039;2026-01-13 18:20:00&#039; AS TIMESTAMP)),
(11003, 180.23, 459897, 80.55485, NULL, 36, 92, 5, NULL, CAST(&#039;2024-07-10&#039; AS DATE), CAST(NULL AS TIMESTAMP));

2、已存在标准目录：test","1. 进入「资产-数据标准-标准定义」页面
2. 新建标准配置如下：
「中文名称」：「总额」
「英文名称」：「amount」
「英文缩写」：「at」
「标准目录」：「test」
「车型」：「小米su7，保时捷718」
1）小米su7：
「数据类型」：「数值型」
「数据长度」：「<=5」
「数据精度」：「3/2」
「是否允许为空」：「不可空」
「是否允许重复」：「不可重复」
「默认值」：「1」
「取值范围」：「>=10且<=280」
「初始值」：「2」
「无效值」：「0.1」
「精度倍数」：「2.2」
「偏移量」：「0.02」；
2）保时捷718：
「数据类型」：「数值型」
「数据长度」：「<=5」
「数据精度」：「3/2」
「是否允许为空」：「不可空」
「是否允许重复」：「不可重复」
「默认值」：「1」
「取值范围」：「>=180且<=999」
「初始值」：「2」
「无效值」：「0.1」
「精度倍数」：「2.2」
「偏移量」：「0.02」；
点击【上线】
3. 点击「标准映射」页面，进行标准映射
4. 给该标准绑定字段：绑定amount字段
5. 点击「落标检查」页面，新增检查任务，检查内容配置如下：
「数据源」：「${DATASOURCE}」
「数据库」：「${DATABASE}」
「数据表」：「order_info」
不设置分区
「标准目录」：「test」
「车型关联字段」：「car_model」；
点击【下一步】
6. 开启amount字段的检查，设置检查项为：精度倍数；
点击【下一步】
7. 配置调度属性为按天运行，其余内容正确配置；点击【新增并立即执行】
8. 等待检查完成，查看【落标检查设置】tab列表
9. 点击【操作-查看结果详情】
10. 查看【落标检查结果】tab列表
11. 点击【操作-查看详情】
12. 点击列表里检查项对应的的【操作-查看详情】
13. 根据文档步骤通过底层数据库查看该检查任务的sql
14. 等待该检查任务按周期运行完成，查看结果详情","1. 页面正常打开
2. 内容配置成功；
标准成功上线
3. 标准映射列表新增该标准
4. 字段绑定成功
5. 检查内容配置成功；
进入选择字段页面
6. 成功开启检查并设置检查项；
进入调度配置页面
7. 保存成功，任务进入检查中状态
8. 1）显示对应的正确数据表名称、所属数据源、所属数据库、检查字段数/总字段数、检查周期、检查状态、标准达标率、不达标字段数/检查失败数、最近编辑时间、最近检查时间、操作。
2）其中标准达标率为“0%”，不达标字段数/检查失败数为“1/0”
9. 跳转至【落标检查结果】tab
10. 1）显示对应的正确数据源、数据库、数据表、字段、检查状态、是否达标、检查开始时间、检查结束时间、操作。
2）其中检查状态为“检查完成”，是否达标为“未达标”
11. 检查结果详情包含以下信息：
1）检查信息：检查数据源、数据库、数据表、字段与配置的内容一致；
2）检查结果列表：精度倍数显示“未达标”，开始检查时间、结束检查时间正确，操作为“查看详情”
3）关联标准详情与前面配置的内容一致
12. 1）为脏数据明细，显示不符合检查项的数据，标红展示
2）行数<=100
13. sql未进行合并：
只有单个select语句，无SUM (CASE WHEN)并行计算逻辑
14. 该检查项未达标，详情正确","1. 
2. 
3. 
4. 
5. 
6. 
7. 
8. 
9. 
10. 
11. 
12. 
13. 
14.","","3","功能测试","功能测试阶段","正常","0","0","14","","听筠","2026-06-03","","0000-00-00","1","",""
"186439","数据资产_STD(#23)","/版本迭代测试用例/v6.4.11/【岚图】【数据资产】落标检查任务性能优化，规则sql合并/不可合并(#10606)","【岚图】【数据资产】数据质量任务、落标检查任务性能优化，规则sql合并(#15862)","有车型 验证「有车型」-「绑定车型关联字段」-「数据精度」校验功能","1、已存在表order_info
CREATE TABLE IF NOT EXISTS pw_test.order_info (
user_id INT COMMENT &#039;用户ID&#039;,
tall FLOAT COMMENT &#039;身高&#039;,
weight DOUBLE COMMENT &#039;体重&#039;,
amount DECIMAL(10,3) COMMENT &#039;金额&#039;,
car_model STRING COMMENT &#039;车型&#039;,
age BYTE COMMENT &#039;年龄&#039;,
score SHORT COMMENT &#039;评分&#039;,
total_orders LONG COMMENT &#039;总订单数&#039;,
is_vip BOOLEAN COMMENT &#039;是否VIP&#039;,
register_date DATE COMMENT &#039;注册日期&#039;,
last_login TIMESTAMP COMMENT &#039;最后登录时间&#039;
)
PARTITIONED BY (order_date STRING COMMENT &#039;订单日期，格式yyyy-MM-dd&#039;);
-- 插入2026-01-12分区数据
INSERT INTO pw_test.order_info PARTITION (order_date=&#039;2026-01-12&#039;)
VALUES
(1000, 160, NULL, 265.2, &#039;小米su7&#039;, 25, 80, 10, TRUE, DATE &#039;2024-01-01&#039;, TIMESTAMP &#039;2026-01-12 10:30:00&#039;),
(102, 170, 66, 140.80, &#039;小米su7&#039;, 30, 85, 5, FALSE, DATE &#039;2024-03-15&#039;, TIMESTAMP &#039;2026-01-12 14:20:00&#039;),
(1100, 180.23, 459897, 187, &#039;保时捷718&#039;, 35, 90, 3, TRUE, DATE &#039;2024-06-20&#039;, TIMESTAMP &#039;2026-01-12 09:15:00&#039;);
-- 插入2026-01-13分区数据
INSERT INTO pw_test.order_info PARTITION (order_date=&#039;2026-01-13&#039;)
VALUES
(1001, 160, NULL, 265, &#039;小米su7&#039;, 26, 82, 15, NULL, CAST(&#039;2024-01-15&#039; AS DATE), CAST(&#039;2026-01-13 11:00:00&#039; AS TIMESTAMP)),
(1001, 160, NULL, NULL, &#039;小米su7&#039;, 26, 82, 16, FALSE, CAST(NULL AS DATE), CAST(&#039;2026-01-13 15:30:00&#039; AS TIMESTAMP)),
(102, 170, 66, 15483.568, &#039;小米su7&#039;, 31, 87, 8, TRUE, CAST(&#039;2024-04-01&#039; AS DATE), CAST(NULL AS TIMESTAMP)),
(1001, 160, NULL, 265, &#039;小米su7&#039;, 26, 82, 17, FALSE, CAST(&#039;2024-01-15&#039; AS DATE), CAST(&#039;2026-01-13 18:20:00&#039; AS TIMESTAMP)),
(110030, 180.23, 459897, 80.55485, &#039;保时捷718&#039;, 36, 92, 5, NULL, CAST(&#039;2024-07-10&#039; AS DATE), CAST(NULL AS TIMESTAMP)),
(110030, 180.23, 459897, 80.55485, &#039;保时捷718&#039;, 36, 92, 6, FALSE, CAST(&#039;2024-07-10&#039; AS DATE), CAST(&#039;2026-01-13 14:05:00&#039; AS TIMESTAMP)),
(11003, 180.23, 459897, NULL, &#039;保时捷718&#039;, 36, 92, 7, FALSE, CAST(NULL AS DATE), CAST(&#039;2026-01-13 16:40:00&#039; AS TIMESTAMP)),
(1001, 160, NULL, 265, NULL, 26, 82, 17, FALSE, CAST(&#039;2024-01-15&#039; AS DATE), CAST(&#039;2026-01-13 18:20:00&#039; AS TIMESTAMP)),
(11003, 180.23, 459897, 80.55485, NULL, 36, 92, 5, NULL, CAST(&#039;2024-07-10&#039; AS DATE), CAST(NULL AS TIMESTAMP));

2、已存在标准目录：test","1. 进入「资产-数据标准-标准定义」页面
2. 新建标准配置如下：
「中文名称」：「总额」
「英文名称」：「amount」
「英文缩写」：「at」
「标准目录」：「test」
「车型」：「小米su7，保时捷718」
1）小米su7：
「数据类型」：「数值型」
「数据长度」：「<=5」
「数据精度」：「3/2」
「是否允许为空」：「不可空」
「是否允许重复」：「不可重复」
「默认值」：「1」
「取值范围」：「>=10且<=280」
「初始值」：「2」
「无效值」：「0.1」
「精度倍数」：「2.2」
「偏移量」：「0.02」；
2）保时捷718：
「数据类型」：「数值型」
「数据长度」：「<=5」
「数据精度」：「3/2」
「是否允许为空」：「不可空」
「是否允许重复」：「不可重复」
「默认值」：「1」
「取值范围」：「>=180且<=999」
「初始值」：「2」
「无效值」：「0.1」
「精度倍数」：「2.2」
「偏移量」：「0.02」；
点击【上线】
3. 点击「标准映射」页面，进行标准映射
4. 给该标准绑定字段：绑定amount字段
5. 点击「落标检查」页面，新增检查任务，检查内容配置如下：
「数据源」：「${DATASOURCE}」
「数据库」：「${DATABASE}」
「数据表」：「order_info」
「选择已有分区」：「dt=2026-01-13」
「标准目录」：「test」
「车型关联字段」：「car_model」；
点击【下一步】
6. 开启amount字段的检查，设置检查项为：数据精度；
点击【下一步】
7. 配置调度属性为按天运行，其余内容正确配置；点击【新增并立即执行】
8. 等待检查完成，查看【落标检查设置】tab列表
9. 点击【操作-查看结果详情】
10. 查看【落标检查结果】tab列表
11. 点击【操作-查看详情】
12. 点击列表里检查项对应的的【操作-查看详情】
13. 根据文档步骤通过底层数据库查看该检查任务的sql
14. 等待该检查任务按周期运行完成，查看结果详情","1. 页面正常打开
2. 内容配置成功；
标准成功上线
3. 标准映射列表新增该标准
4. 字段绑定成功
5. 检查内容配置成功；
进入选择字段页面
6. 成功开启检查并设置检查项；
进入调度配置页面
7. 保存成功，任务进入检查中状态
8. 1）显示对应的正确数据表名称、所属数据源、所属数据库、检查字段数/总字段数、检查周期、检查状态、标准达标率、不达标字段数/检查失败数、最近编辑时间、最近检查时间、操作。
2）其中标准达标率为“0%”，不达标字段数/检查失败数为“1/0”
9. 跳转至【落标检查结果】tab
10. 1）显示对应的正确数据源、数据库、数据表、字段、检查状态、是否达标、检查开始时间、检查结束时间、操作。
2）其中检查状态为“检查完成”，是否达标为“未达标”
11. 检查结果详情包含以下信息：
1）检查信息：检查数据源、数据库、数据表、字段与配置的内容一致；
2）检查结果列表：数据精度显示“未达标”，开始检查时间、结束检查时间正确，操作为“查看详情”
3）关联标准详情与前面配置的内容一致
12. 1）为脏数据明细，显示不符合检查项的数据，标红展示
2）行数<=100
13. sql未进行合并：
只有单个select语句，无SUM (CASE WHEN)并行计算逻辑
14. 该检查项未达标，详情正确","1. 
2. 
3. 
4. 
5. 
6. 
7. 
8. 
9. 
10. 
11. 
12. 
13. 
14.","","3","功能测试","功能测试阶段","正常","0","0","14","","听筠","2026-06-03","","0000-00-00","1","",""
"186438","数据资产_STD(#23)","/版本迭代测试用例/v6.4.11/【岚图】【数据资产】落标检查任务性能优化，规则sql合并/不可合并(#10606)","【岚图】【数据资产】数据质量任务、落标检查任务性能优化，规则sql合并(#15862)","有车型 验证「有车型」-「绑定车型关联字段」-「字符串长度」校验功能","1、已存在表order_info
CREATE TABLE IF NOT EXISTS pw_test.order_info (
user_id INT COMMENT &#039;用户ID&#039;,
tall FLOAT COMMENT &#039;身高&#039;,
weight DOUBLE COMMENT &#039;体重&#039;,
amount DECIMAL(10,3) COMMENT &#039;金额&#039;,
car_model STRING COMMENT &#039;车型&#039;,
age BYTE COMMENT &#039;年龄&#039;,
score SHORT COMMENT &#039;评分&#039;,
total_orders LONG COMMENT &#039;总订单数&#039;,
is_vip BOOLEAN COMMENT &#039;是否VIP&#039;,
register_date DATE COMMENT &#039;注册日期&#039;,
last_login TIMESTAMP COMMENT &#039;最后登录时间&#039;
)
PARTITIONED BY (order_date STRING COMMENT &#039;订单日期，格式yyyy-MM-dd&#039;);
-- 插入2026-01-12分区数据
INSERT INTO pw_test.order_info PARTITION (order_date=&#039;2026-01-12&#039;)
VALUES
(1000, 160, NULL, 265.2, &#039;小米su7&#039;, 25, 80, 10, TRUE, DATE &#039;2024-01-01&#039;, TIMESTAMP &#039;2026-01-12 10:30:00&#039;),
(102, 170, 66, 140.80, &#039;小米su7&#039;, 30, 85, 5, FALSE, DATE &#039;2024-03-15&#039;, TIMESTAMP &#039;2026-01-12 14:20:00&#039;),
(1100, 180.23, 459897, 187, &#039;保时捷718&#039;, 35, 90, 3, TRUE, DATE &#039;2024-06-20&#039;, TIMESTAMP &#039;2026-01-12 09:15:00&#039;);
-- 插入2026-01-13分区数据
INSERT INTO pw_test.order_info PARTITION (order_date=&#039;2026-01-13&#039;)
VALUES
(1001, 160, NULL, 265, &#039;小米su7&#039;, 26, 82, 15, NULL, CAST(&#039;2024-01-15&#039; AS DATE), CAST(&#039;2026-01-13 11:00:00&#039; AS TIMESTAMP)),
(1001, 160, NULL, NULL, &#039;小米su7&#039;, 26, 82, 16, FALSE, CAST(NULL AS DATE), CAST(&#039;2026-01-13 15:30:00&#039; AS TIMESTAMP)),
(102, 170, 66, 15483.568, &#039;小米su7&#039;, 31, 87, 8, TRUE, CAST(&#039;2024-04-01&#039; AS DATE), CAST(NULL AS TIMESTAMP)),
(1001, 160, NULL, 265, &#039;小米su7&#039;, 26, 82, 17, FALSE, CAST(&#039;2024-01-15&#039; AS DATE), CAST(&#039;2026-01-13 18:20:00&#039; AS TIMESTAMP)),
(110030, 180.23, 459897, 80.55485, &#039;保时捷718&#039;, 36, 92, 5, NULL, CAST(&#039;2024-07-10&#039; AS DATE), CAST(NULL AS TIMESTAMP)),
(110030, 180.23, 459897, 80.55485, &#039;保时捷718&#039;, 36, 92, 6, FALSE, CAST(&#039;2024-07-10&#039; AS DATE), CAST(&#039;2026-01-13 14:05:00&#039; AS TIMESTAMP)),
(11003, 180.23, 459897, NULL, &#039;保时捷718&#039;, 36, 92, 7, FALSE, CAST(NULL AS DATE), CAST(&#039;2026-01-13 16:40:00&#039; AS TIMESTAMP)),
(1001, 160, NULL, 265, NULL, 26, 82, 17, FALSE, CAST(&#039;2024-01-15&#039; AS DATE), CAST(&#039;2026-01-13 18:20:00&#039; AS TIMESTAMP)),
(11003, 180.23, 459897, 80.55485, NULL, 36, 92, 5, NULL, CAST(&#039;2024-07-10&#039; AS DATE), CAST(NULL AS TIMESTAMP));

2、已存在标准目录：test","1. 进入「资产-数据标准-标准定义」页面
2. 新建标准配置如下：
「中文名称」：「总额」
「英文名称」：「amount」
「英文缩写」：「at」
「标准目录」：「test」
「车型」：「小米su7，保时捷718」
1）小米su7：
「数据类型」：「数值型」
「数据长度」：「<=5」
「数据精度」：「3/2」
「是否允许为空」：「不可空」
「是否允许重复」：「不可重复」
「默认值」：「1」
「取值范围」：「>=10且<=280」
「初始值」：「2」
「无效值」：「0.1」
「精度倍数」：「2.2」
「偏移量」：「0.02」；
2）保时捷718：
「数据类型」：「数值型」
「数据长度」：「<=5」
「数据精度」：「3/2」
「是否允许为空」：「不可空」
「是否允许重复」：「不可重复」
「默认值」：「1」
「取值范围」：「>=180且<=999」
「初始值」：「2」
「无效值」：「0.1」
「精度倍数」：「2.2」
「偏移量」：「0.02」；
点击【上线】
3. 点击「标准映射」页面，进行标准映射
4. 给该标准绑定字段：绑定amount字段
5. 点击「落标检查」页面，新增检查任务，检查内容配置如下：
「数据源」：「${DATASOURCE}」
「数据库」：「${DATABASE}」
「数据表」：「order_info」
「选择已有分区」：「dt=2026-01-12」
「标准目录」：「test」
「车型关联字段」：「car_model」；
点击【下一步】
6. 开启amount字段的检查，设置检查项为：字符串长度；
点击【下一步】
7. 配置调度属性为按天运行，其余内容正确配置；点击【新增并立即执行】
8. 等待检查完成，查看【落标检查设置】tab列表
9. 点击【操作-查看结果详情】
10. 查看【落标检查结果】tab列表
11. 点击【操作-查看详情】
12. 根据文档步骤通过底层数据库查看该检查任务的sql
13. 等待该检查任务按周期运行完成，查看结果详情","1. 页面正常打开
2. 内容配置成功；
标准成功上线
3. 标准映射列表新增该标准
4. 字段绑定成功
5. 检查内容配置成功；
进入选择字段页面
6. 成功开启检查并设置检查项；
进入调度配置页面
7. 保存成功，任务进入检查中状态
8. 1）显示对应的正确数据表名称、所属数据源、所属数据库、检查字段数/总字段数、检查周期、检查状态、标准达标率、不达标字段数/检查失败数、最近编辑时间、最近检查时间、操作。
2）其中标准达标率为“100%”，不达标字段数/检查失败数为“0/0”
9. 跳转至【落标检查结果】tab
10. 1）显示对应的正确数据源、数据库、数据表、字段、检查状态、是否达标、检查开始时间、检查结束时间、操作。
2）其中检查状态为“检查完成”，是否达标为“达标”
11. 检查结果详情包含以下信息：
1）检查信息：检查数据源、数据库、数据表、字段与配置的内容一致；
2）检查结果列表：字符串长度显示“达标”，开始检查时间、结束检查时间正确，操作为“--”
3）关联标准详情与前面配置的内容一致
12. sql未进行合并：
只有单个select语句，无SUM (CASE WHEN)并行计算逻辑
13. 该检查项达标，详情正确","1. 
2. 
3. 
4. 
5. 
6. 
7. 
8. 
9. 
10. 
11. 
12. 
13.","","3","功能测试","功能测试阶段","正常","0","0","13","","听筠","2026-06-03","","0000-00-00","1","",""
"186437","数据资产_STD(#23)","/版本迭代测试用例/v6.4.11/【岚图】【数据资产】落标检查任务性能优化，规则sql合并/不可合并(#10606)","【岚图】【数据资产】数据质量任务、落标检查任务性能优化，规则sql合并(#15862)","无车型 验证「无车型」-「重复数」校验功能","1、已存在表test_info_1
CREATE TABLE pw_test.test_info_1 (
id INT COMMENT &#039;用户ID&#039;,
string_num STRING COMMENT &#039;string类型的编号&#039;,
name STRING COMMENT &#039;姓名&#039;,
money DOUBLE COMMENT &#039;金额&#039;,
byte_field BYTE COMMENT &#039;byte类型字段&#039;,
short_field SHORT COMMENT &#039;short类型字段&#039;,
long_field LONG COMMENT &#039;long类型字段&#039;,
float_field FLOAT COMMENT &#039;float类型字段&#039;,
decimal_field DECIMAL(10,2) COMMENT &#039;decimal类型字段&#039;,
boolean_field BOOLEAN COMMENT &#039;boolean类型字段&#039;,
date_field DATE COMMENT &#039;date类型字段&#039;,
timestamp_field TIMESTAMP COMMENT &#039;timestamp类型字段&#039;
)
COMMENT &#039;测试信息表&#039;
PARTITIONED BY (
dt STRING COMMENT &#039;分区日期，格式：yyyy-MM-dd&#039;
)
STORED AS ORC;
-- dt = &#039;2026-05-27&#039;
INSERT INTO pw_test.test_info_1 PARTITION (dt=&#039;2026-05-27&#039;)
VALUES
(2, &#039;A001&#039;, &#039;王小明&#039;, 4.00, 20, 1, 10, 65.5, 99.99, TRUE, DATE &#039;2025-01-01&#039;, TIMESTAMP &#039;2026-05-27 08:30:00&#039;),
(4, &#039;B002&#039;, &#039;陈小红&#039;, 6.00, 25, 200, 200, 70.2, 199.99, FALSE, DATE &#039;2025-02-15&#039;, TIMESTAMP &#039;2026-05-27 10:15:00&#039;),
(6, &#039;C003&#039;, &#039;张大力&#039;, 10.00, 30, 300, 300, 75.8, 299.99, TRUE, DATE &#039;2025-03-20&#039;, TIMESTAMP &#039;2026-05-27 14:45:00&#039;),
(8, &#039;D004&#039;, &#039;李芳芳&#039;, 14.00, 22, 150, 150, 68.3, 399.99, FALSE, DATE &#039;2025-04-10&#039;, TIMESTAMP &#039;2026-05-27 09:20:00&#039;),
(10, &#039;E005&#039;, &#039;刘建国&#039;, 18.00, 28, 250, 250, 72.6, 499.99, TRUE, DATE &#039;2025-05-05&#039;, TIMESTAMP &#039;2026-05-27 16:00:00&#039;),
(12, &#039;F006&#039;, &#039;赵丽丽&#039;, 20.00, 35, 350, 350, 80.1, 599.99, FALSE, DATE &#039;2025-06-25&#039;, TIMESTAMP &#039;2026-05-27 11:30:00&#039;);
-- dt = &#039;2026-05-28&#039;
INSERT INTO pw_test.test_info_1 PARTITION (dt=&#039;2026-05-28&#039;)
VALUES
(101, &#039;XYZ001&#039;, &#039;欧阳静&#039;, 24.00, 100, 32767, NULL, 85.5, 888.88, FALSE, CAST(NULL AS DATE), CAST(&#039;2026-05-28 09:00:00&#039; AS TIMESTAMP)),
(102, &#039;XYZ002&#039;, &#039;慕容白&#039;, NULL, -50, -200, -5000, -10.5, -94879459.99, NULL, CAST(&#039;2024-11-15&#039; AS DATE), CAST(NULL AS TIMESTAMP)),
(NULL, &#039;XYZ003&#039;, &#039;令狐冲&#039;, 123.45, 107, 32767, 9223372036854775807, 99.9984545, 1234.56, FALSE, CAST(&#039;2024-10-20&#039; AS DATE), CAST(&#039;2026-05-28 15:45:00&#039; AS TIMESTAMP)),
(102, &#039;XYZ001&#039;, &#039;欧阳静&#039;, 25.001548952140236541, NULL, NULL, 0, NULL, 1234.56, TRUE, CAST(&#039;2024-11-15&#039; AS DATE), CAST(&#039;2026-05-28 11:20:00&#039; AS TIMESTAMP)),
(105, NULL, NULL, 18.50, 100, 999, 0, 88.8, NULL, FALSE, CAST(&#039;2024-08-05&#039; AS DATE), CAST(&#039;2026-05-28 14:10:00&#039; AS TIMESTAMP)),
(106, &#039;XYZ003&#039;, NULL, 123.45, 107, 999, 90, 88.8, 888.88, TRUE, CAST(&#039;2024-07-25&#039; AS DATE), CAST(&#039;2026-05-28 09:00:00&#039; AS TIMESTAMP));

2、已存在标准目录：test","1. 进入「资产-数据标准-标准定义」页面
2. 新建标准配置如下：
「中文名称」：「金额」
「英文名称」：「money」
「英文缩写」：「my」
「标准目录」：「test」
无车型
「数据类型」：「字符型」
「数据长度」：「<=20」
「数据精度」：「2/2」
「是否允许为空」：「不可空」
「是否允许重复」：「不可重复」
「默认值」：「1」
「取值范围」：「>1且<=50」
「初始值」：「2」
「无效值」：「0.1」
「精度倍数」：「2」
「偏移量」：「0.02」；
点击【上线】
3. 点击「标准映射」页面，进行标准映射
4. 给该标准绑定字段：绑定money字段
5. 点击「落标检查」页面，新增检查任务，检查内容配置如下：
「数据源」：「${DATASOURCE}」
「数据库」：「${DATABASE}」
「数据表」：「test_info_1」
「选择已有分区」：「dt=2026-05-27」
「标准目录」：「test」
不配置「车型关联字段」；
点击【下一步】
6. 开启money字段的检查，设置检查项为：重复数；
点击【下一步】
7. 配置调度属性为按天运行，其余内容正确配置；点击【新增并立即执行】
8. 等待检查完成，查看【落标检查设置】tab列表
9. 点击【操作-查看结果详情】
10. 查看【落标检查结果】tab列表
11. 点击【操作-查看详情】
12. 根据文档步骤通过底层数据库查看该检查任务的sql
13. 等待该检查任务按周期运行完成，查看结果详情","1. 页面正常打开
2. 内容配置成功；
标准成功上线
3. 标准映射列表新增该标准
4. 字段绑定成功
5. 检查内容配置成功；
进入选择字段页面
6. 成功开启检查并设置检查项；
进入调度配置页面
7. 保存成功，任务进入检查中状态
8. 1）显示对应的正确数据表名称、所属数据源、所属数据库、检查字段数/总字段数、检查周期、检查状态、标准达标率、不达标字段数/检查失败数、最近编辑时间、最近检查时间、操作。
2）其中标准达标率为“100%”，不达标字段数/检查失败数为“0/0”
9. 跳转至【落标检查结果】tab
10. 1）显示对应的正确数据源、数据库、数据表、字段、检查状态、是否达标、检查开始时间、检查结束时间、操作。
2）其中检查状态为“检查完成”，是否达标为“达标”
11. 检查结果详情包含以下信息：
1）检查信息：检查数据源、数据库、数据表、字段与配置的内容一致；
2）检查结果列表：重复数显示“达标”，开始检查时间、结束检查时间正确，操作为“--”
3）关联标准详情与前面配置的内容一致
12. sql未进行合并：
只有单个select语句，无SUM (CASE WHEN)并行计算逻辑
13. 该检查项达标，详情正确","1. 
2. 
3. 
4. 
5. 
6. 
7. 
8. 
9. 
10. 
11. 
12. 
13.","","3","功能测试","功能测试阶段","正常","0","0","13","","听筠","2026-06-03","","0000-00-00","1","",""
"186436","数据资产_STD(#23)","/版本迭代测试用例/v6.4.11/【岚图】【数据资产】落标检查任务性能优化，规则sql合并/不可合并(#10606)","【岚图】【数据资产】数据质量任务、落标检查任务性能优化，规则sql合并(#15862)","无车型 验证「无车型」-「取值范围」校验功能","1、已存在表test_info_1
CREATE TABLE pw_test.test_info_1 (
id INT COMMENT &#039;用户ID&#039;,
string_num STRING COMMENT &#039;string类型的编号&#039;,
name STRING COMMENT &#039;姓名&#039;,
money DOUBLE COMMENT &#039;金额&#039;,
byte_field BYTE COMMENT &#039;byte类型字段&#039;,
short_field SHORT COMMENT &#039;short类型字段&#039;,
long_field LONG COMMENT &#039;long类型字段&#039;,
float_field FLOAT COMMENT &#039;float类型字段&#039;,
decimal_field DECIMAL(10,2) COMMENT &#039;decimal类型字段&#039;,
boolean_field BOOLEAN COMMENT &#039;boolean类型字段&#039;,
date_field DATE COMMENT &#039;date类型字段&#039;,
timestamp_field TIMESTAMP COMMENT &#039;timestamp类型字段&#039;
)
COMMENT &#039;测试信息表&#039;
PARTITIONED BY (
dt STRING COMMENT &#039;分区日期，格式：yyyy-MM-dd&#039;
)
STORED AS ORC;
-- dt = &#039;2026-05-27&#039;
INSERT INTO pw_test.test_info_1 PARTITION (dt=&#039;2026-05-27&#039;)
VALUES
(2, &#039;A001&#039;, &#039;王小明&#039;, 4.00, 20, 1, 10, 65.5, 99.99, TRUE, DATE &#039;2025-01-01&#039;, TIMESTAMP &#039;2026-05-27 08:30:00&#039;),
(4, &#039;B002&#039;, &#039;陈小红&#039;, 6.00, 25, 200, 200, 70.2, 199.99, FALSE, DATE &#039;2025-02-15&#039;, TIMESTAMP &#039;2026-05-27 10:15:00&#039;),
(6, &#039;C003&#039;, &#039;张大力&#039;, 10.00, 30, 300, 300, 75.8, 299.99, TRUE, DATE &#039;2025-03-20&#039;, TIMESTAMP &#039;2026-05-27 14:45:00&#039;),
(8, &#039;D004&#039;, &#039;李芳芳&#039;, 14.00, 22, 150, 150, 68.3, 399.99, FALSE, DATE &#039;2025-04-10&#039;, TIMESTAMP &#039;2026-05-27 09:20:00&#039;),
(10, &#039;E005&#039;, &#039;刘建国&#039;, 18.00, 28, 250, 250, 72.6, 499.99, TRUE, DATE &#039;2025-05-05&#039;, TIMESTAMP &#039;2026-05-27 16:00:00&#039;),
(12, &#039;F006&#039;, &#039;赵丽丽&#039;, 20.00, 35, 350, 350, 80.1, 599.99, FALSE, DATE &#039;2025-06-25&#039;, TIMESTAMP &#039;2026-05-27 11:30:00&#039;);
-- dt = &#039;2026-05-28&#039;
INSERT INTO pw_test.test_info_1 PARTITION (dt=&#039;2026-05-28&#039;)
VALUES
(101, &#039;XYZ001&#039;, &#039;欧阳静&#039;, 24.00, 100, 32767, NULL, 85.5, 888.88, FALSE, CAST(NULL AS DATE), CAST(&#039;2026-05-28 09:00:00&#039; AS TIMESTAMP)),
(102, &#039;XYZ002&#039;, &#039;慕容白&#039;, NULL, -50, -200, -5000, -10.5, -94879459.99, NULL, CAST(&#039;2024-11-15&#039; AS DATE), CAST(NULL AS TIMESTAMP)),
(NULL, &#039;XYZ003&#039;, &#039;令狐冲&#039;, 123.45, 107, 32767, 9223372036854775807, 99.9984545, 1234.56, FALSE, CAST(&#039;2024-10-20&#039; AS DATE), CAST(&#039;2026-05-28 15:45:00&#039; AS TIMESTAMP)),
(102, &#039;XYZ001&#039;, &#039;欧阳静&#039;, 25.001548952140236541, NULL, NULL, 0, NULL, 1234.56, TRUE, CAST(&#039;2024-11-15&#039; AS DATE), CAST(&#039;2026-05-28 11:20:00&#039; AS TIMESTAMP)),
(105, NULL, NULL, 18.50, 100, 999, 0, 88.8, NULL, FALSE, CAST(&#039;2024-08-05&#039; AS DATE), CAST(&#039;2026-05-28 14:10:00&#039; AS TIMESTAMP)),
(106, &#039;XYZ003&#039;, NULL, 123.45, 107, 999, 90, 88.8, 888.88, TRUE, CAST(&#039;2024-07-25&#039; AS DATE), CAST(&#039;2026-05-28 09:00:00&#039; AS TIMESTAMP));

2、已存在标准目录：test","1. 进入「资产-数据标准-标准定义」页面
2. 新建标准配置如下：
「中文名称」：「金额」
「英文名称」：「money」
「英文缩写」：「my」
「标准目录」：「test」
无车型
「数据类型」：「字符型」
「数据长度」：「<=20」
「数据精度」：「2/2」
「是否允许为空」：「不可空」
「是否允许重复」：「不可重复」
「默认值」：「1」
「取值范围」：「>1且<=50」
「初始值」：「2」
「无效值」：「0.1」
「精度倍数」：「2」
「偏移量」：「0.02」；
点击【上线】
3. 点击「标准映射」页面，进行标准映射
4. 给该标准绑定字段：绑定money字段
5. 点击「落标检查」页面，新增检查任务，检查内容配置如下：
「数据源」：「${DATASOURCE}」
「数据库」：「${DATABASE}」
「数据表」：「test_info_1」
不设置分区
「标准目录」：「test」
不配置「车型关联字段」；
点击【下一步】
6. 开启money字段的检查，设置检查项为：取值范围；
点击【下一步】
7. 配置调度属性为按天运行，其余内容正确配置；点击【新增并立即执行】
8. 等待检查完成，查看【落标检查设置】tab列表
9. 点击【操作-查看结果详情】
10. 查看【落标检查结果】tab列表
11. 点击【操作-查看详情】
12. 点击列表里检查项对应的的【操作-查看详情】
13. 根据文档步骤通过底层数据库查看该检查任务的sql
14. 等待该检查任务按周期运行完成，查看结果详情","1. 页面正常打开
2. 内容配置成功；
标准成功上线
3. 标准映射列表新增该标准
4. 字段绑定成功
5. 检查内容配置成功；
进入选择字段页面
6. 成功开启检查并设置检查项；
进入调度配置页面
7. 保存成功，任务进入检查中状态
8. 1）显示对应的正确数据表名称、所属数据源、所属数据库、检查字段数/总字段数、检查周期、检查状态、标准达标率、不达标字段数/检查失败数、最近编辑时间、最近检查时间、操作。
2）其中标准达标率为“0%”，不达标字段数/检查失败数为“1/0”
9. 跳转至【落标检查结果】tab
10. 1）显示对应的正确数据源、数据库、数据表、字段、检查状态、是否达标、检查开始时间、检查结束时间、操作。
2）其中检查状态为“检查完成”，是否达标为“未达标”
11. 检查结果详情包含以下信息：
1）检查信息：检查数据源、数据库、数据表、字段与配置的内容一致；
2）检查结果列表：取值范围显示“未达标”，开始检查时间、结束检查时间正确，操作为“查看详情”
3）关联标准详情与前面配置的内容一致
12. 1）为脏数据明细，显示不符合检查项的数据，标红展示
2）行数<=100
13. sql未进行合并：
只有单个select计算语句，无SUM (CASE WHEN)并行计算逻辑
14. 该检查项未达标，详情正确，脏数据明细正确","1. 
2. 
3. 
4. 
5. 
6. 
7. 
8. 
9. 
10. 
11. 
12. 
13. 
14.","","3","功能测试","功能测试阶段","正常","0","0","14","","听筠","2026-06-03","","0000-00-00","1","",""
"186435","数据资产_STD(#23)","/版本迭代测试用例/v6.4.11/【岚图】【数据资产】落标检查任务性能优化，规则sql合并/不可合并(#10606)","【岚图】【数据资产】数据质量任务、落标检查任务性能优化，规则sql合并(#15862)","无车型 验证「无车型」-「空值数」校验功能","1、已存在表test_info_1
CREATE TABLE pw_test.test_info_1 (
id INT COMMENT &#039;用户ID&#039;,
string_num STRING COMMENT &#039;string类型的编号&#039;,
name STRING COMMENT &#039;姓名&#039;,
money DOUBLE COMMENT &#039;金额&#039;,
byte_field BYTE COMMENT &#039;byte类型字段&#039;,
short_field SHORT COMMENT &#039;short类型字段&#039;,
long_field LONG COMMENT &#039;long类型字段&#039;,
float_field FLOAT COMMENT &#039;float类型字段&#039;,
decimal_field DECIMAL(10,2) COMMENT &#039;decimal类型字段&#039;,
boolean_field BOOLEAN COMMENT &#039;boolean类型字段&#039;,
date_field DATE COMMENT &#039;date类型字段&#039;,
timestamp_field TIMESTAMP COMMENT &#039;timestamp类型字段&#039;
)
COMMENT &#039;测试信息表&#039;
PARTITIONED BY (
dt STRING COMMENT &#039;分区日期，格式：yyyy-MM-dd&#039;
)
STORED AS ORC;
-- dt = &#039;2026-05-27&#039;
INSERT INTO pw_test.test_info_1 PARTITION (dt=&#039;2026-05-27&#039;)
VALUES
(2, &#039;A001&#039;, &#039;王小明&#039;, 4.00, 20, 1, 10, 65.5, 99.99, TRUE, DATE &#039;2025-01-01&#039;, TIMESTAMP &#039;2026-05-27 08:30:00&#039;),
(4, &#039;B002&#039;, &#039;陈小红&#039;, 6.00, 25, 200, 200, 70.2, 199.99, FALSE, DATE &#039;2025-02-15&#039;, TIMESTAMP &#039;2026-05-27 10:15:00&#039;),
(6, &#039;C003&#039;, &#039;张大力&#039;, 10.00, 30, 300, 300, 75.8, 299.99, TRUE, DATE &#039;2025-03-20&#039;, TIMESTAMP &#039;2026-05-27 14:45:00&#039;),
(8, &#039;D004&#039;, &#039;李芳芳&#039;, 14.00, 22, 150, 150, 68.3, 399.99, FALSE, DATE &#039;2025-04-10&#039;, TIMESTAMP &#039;2026-05-27 09:20:00&#039;),
(10, &#039;E005&#039;, &#039;刘建国&#039;, 18.00, 28, 250, 250, 72.6, 499.99, TRUE, DATE &#039;2025-05-05&#039;, TIMESTAMP &#039;2026-05-27 16:00:00&#039;),
(12, &#039;F006&#039;, &#039;赵丽丽&#039;, 20.00, 35, 350, 350, 80.1, 599.99, FALSE, DATE &#039;2025-06-25&#039;, TIMESTAMP &#039;2026-05-27 11:30:00&#039;);
-- dt = &#039;2026-05-28&#039;
INSERT INTO pw_test.test_info_1 PARTITION (dt=&#039;2026-05-28&#039;)
VALUES
(101, &#039;XYZ001&#039;, &#039;欧阳静&#039;, 24.00, 100, 32767, NULL, 85.5, 888.88, FALSE, CAST(NULL AS DATE), CAST(&#039;2026-05-28 09:00:00&#039; AS TIMESTAMP)),
(102, &#039;XYZ002&#039;, &#039;慕容白&#039;, NULL, -50, -200, -5000, -10.5, -94879459.99, NULL, CAST(&#039;2024-11-15&#039; AS DATE), CAST(NULL AS TIMESTAMP)),
(NULL, &#039;XYZ003&#039;, &#039;令狐冲&#039;, 123.45, 107, 32767, 9223372036854775807, 99.9984545, 1234.56, FALSE, CAST(&#039;2024-10-20&#039; AS DATE), CAST(&#039;2026-05-28 15:45:00&#039; AS TIMESTAMP)),
(102, &#039;XYZ001&#039;, &#039;欧阳静&#039;, 25.001548952140236541, NULL, NULL, 0, NULL, 1234.56, TRUE, CAST(&#039;2024-11-15&#039; AS DATE), CAST(&#039;2026-05-28 11:20:00&#039; AS TIMESTAMP)),
(105, NULL, NULL, 18.50, 100, 999, 0, 88.8, NULL, FALSE, CAST(&#039;2024-08-05&#039; AS DATE), CAST(&#039;2026-05-28 14:10:00&#039; AS TIMESTAMP)),
(106, &#039;XYZ003&#039;, NULL, 123.45, 107, 999, 90, 88.8, 888.88, TRUE, CAST(&#039;2024-07-25&#039; AS DATE), CAST(&#039;2026-05-28 09:00:00&#039; AS TIMESTAMP));

2、已存在标准目录：test","1. 进入「资产-数据标准-标准定义」页面
2. 新建标准配置如下：
「中文名称」：「金额」
「英文名称」：「money」
「英文缩写」：「my」
「标准目录」：「test」
无车型
「数据类型」：「字符型」
「数据长度」：「<=20」
「数据精度」：「2/2」
「是否允许为空」：「不可空」
「是否允许重复」：「不可重复」
「默认值」：「1」
「取值范围」：「>1且<=50」
「初始值」：「2」
「无效值」：「0.1」
「精度倍数」：「2」
「偏移量」：「0.02」；
点击【上线】
3. 点击「标准映射」页面，进行标准映射
4. 给该标准绑定字段：绑定money字段
5. 点击「落标检查」页面，新增检查任务，检查内容配置如下：
「数据源」：「${DATASOURCE}」
「数据库」：「${DATABASE}」
「数据表」：「test_info_1」
「手动输入分区」：「dt=2026-05-28」
「标准目录」：「test」
不配置「车型关联字段」；
点击【下一步】
6. 开启money字段的检查，设置检查项为：空值数；
点击【下一步】
7. 配置调度属性为按天运行，其余内容正确配置；点击【新增并立即执行】
8. 等待检查完成，查看【落标检查设置】tab列表
9. 点击【操作-查看结果详情】
10. 查看【落标检查结果】tab列表
11. 点击【操作-查看详情】
12. 点击列表里检查项对应的的【操作-查看详情】
13. 根据文档步骤通过底层数据库查看该检查任务的sql
14. 等待该检查任务按周期运行完成，查看结果详情","1. 页面正常打开
2. 内容配置成功；
标准成功上线
3. 标准映射列表新增该标准
4. 字段绑定成功
5. 检查内容配置成功；
进入选择字段页面
6. 成功开启检查并设置检查项；
进入调度配置页面
7. 保存成功，任务进入检查中状态
8. 1）显示对应的正确数据表名称、所属数据源、所属数据库、检查字段数/总字段数、检查周期、检查状态、标准达标率、不达标字段数/检查失败数、最近编辑时间、最近检查时间、操作。
2）其中标准达标率为“0%”，不达标字段数/检查失败数为“1/0”
9. 跳转至【落标检查结果】tab
10. 1）显示对应的正确数据源、数据库、数据表、字段、检查状态、是否达标、检查开始时间、检查结束时间、操作。
2）其中检查状态为“检查完成”，是否达标为“未达标”
11. 检查结果详情包含以下信息：
1）检查信息：检查数据源、数据库、数据表、字段与配置的内容一致；
2）检查结果列表：空值数显示“未达标”，开始检查时间、结束检查时间正确，操作为“查看详情”
3）关联标准详情与前面配置的内容一致
12. 1）为脏数据明细，显示不符合检查项的数据，标红展示
2）行数<=100
13. sql未进行合并：
只有单个select计算语句，无SUM (CASE WHEN)并行计算逻辑
14. 该检查项未达标，详情正确，脏数据明细正确","1. 
2. 
3. 
4. 
5. 
6. 
7. 
8. 
9. 
10. 
11. 
12. 
13. 
14.","","3","功能测试","功能测试阶段","正常","0","0","14","","听筠","2026-06-03","","0000-00-00","1","",""
"186434","数据资产_STD(#23)","/版本迭代测试用例/v6.4.11/【岚图】【数据资产】落标检查任务性能优化，规则sql合并/不可合并(#10606)","【岚图】【数据资产】数据质量任务、落标检查任务性能优化，规则sql合并(#15862)","无车型 验证「无车型」-「精度倍数」校验功能","1、已存在表test_info_1
CREATE TABLE pw_test.test_info_1 (
id INT COMMENT &#039;用户ID&#039;,
string_num STRING COMMENT &#039;string类型的编号&#039;,
name STRING COMMENT &#039;姓名&#039;,
money DOUBLE COMMENT &#039;金额&#039;,
byte_field BYTE COMMENT &#039;byte类型字段&#039;,
short_field SHORT COMMENT &#039;short类型字段&#039;,
long_field LONG COMMENT &#039;long类型字段&#039;,
float_field FLOAT COMMENT &#039;float类型字段&#039;,
decimal_field DECIMAL(10,2) COMMENT &#039;decimal类型字段&#039;,
boolean_field BOOLEAN COMMENT &#039;boolean类型字段&#039;,
date_field DATE COMMENT &#039;date类型字段&#039;,
timestamp_field TIMESTAMP COMMENT &#039;timestamp类型字段&#039;
)
COMMENT &#039;测试信息表&#039;
PARTITIONED BY (
dt STRING COMMENT &#039;分区日期，格式：yyyy-MM-dd&#039;
)
STORED AS ORC;
-- dt = &#039;2026-05-27&#039;
INSERT INTO pw_test.test_info_1 PARTITION (dt=&#039;2026-05-27&#039;)
VALUES
(2, &#039;A001&#039;, &#039;王小明&#039;, 4.00, 20, 1, 10, 65.5, 99.99, TRUE, DATE &#039;2025-01-01&#039;, TIMESTAMP &#039;2026-05-27 08:30:00&#039;),
(4, &#039;B002&#039;, &#039;陈小红&#039;, 6.00, 25, 200, 200, 70.2, 199.99, FALSE, DATE &#039;2025-02-15&#039;, TIMESTAMP &#039;2026-05-27 10:15:00&#039;),
(6, &#039;C003&#039;, &#039;张大力&#039;, 10.00, 30, 300, 300, 75.8, 299.99, TRUE, DATE &#039;2025-03-20&#039;, TIMESTAMP &#039;2026-05-27 14:45:00&#039;),
(8, &#039;D004&#039;, &#039;李芳芳&#039;, 14.00, 22, 150, 150, 68.3, 399.99, FALSE, DATE &#039;2025-04-10&#039;, TIMESTAMP &#039;2026-05-27 09:20:00&#039;),
(10, &#039;E005&#039;, &#039;刘建国&#039;, 18.00, 28, 250, 250, 72.6, 499.99, TRUE, DATE &#039;2025-05-05&#039;, TIMESTAMP &#039;2026-05-27 16:00:00&#039;),
(12, &#039;F006&#039;, &#039;赵丽丽&#039;, 20.00, 35, 350, 350, 80.1, 599.99, FALSE, DATE &#039;2025-06-25&#039;, TIMESTAMP &#039;2026-05-27 11:30:00&#039;);
-- dt = &#039;2026-05-28&#039;
INSERT INTO pw_test.test_info_1 PARTITION (dt=&#039;2026-05-28&#039;)
VALUES
(101, &#039;XYZ001&#039;, &#039;欧阳静&#039;, 24.00, 100, 32767, NULL, 85.5, 888.88, FALSE, CAST(NULL AS DATE), CAST(&#039;2026-05-28 09:00:00&#039; AS TIMESTAMP)),
(102, &#039;XYZ002&#039;, &#039;慕容白&#039;, NULL, -50, -200, -5000, -10.5, -94879459.99, NULL, CAST(&#039;2024-11-15&#039; AS DATE), CAST(NULL AS TIMESTAMP)),
(NULL, &#039;XYZ003&#039;, &#039;令狐冲&#039;, 123.45, 107, 32767, 9223372036854775807, 99.9984545, 1234.56, FALSE, CAST(&#039;2024-10-20&#039; AS DATE), CAST(&#039;2026-05-28 15:45:00&#039; AS TIMESTAMP)),
(102, &#039;XYZ001&#039;, &#039;欧阳静&#039;, 25.001548952140236541, NULL, NULL, 0, NULL, 1234.56, TRUE, CAST(&#039;2024-11-15&#039; AS DATE), CAST(&#039;2026-05-28 11:20:00&#039; AS TIMESTAMP)),
(105, NULL, NULL, 18.50, 100, 999, 0, 88.8, NULL, FALSE, CAST(&#039;2024-08-05&#039; AS DATE), CAST(&#039;2026-05-28 14:10:00&#039; AS TIMESTAMP)),
(106, &#039;XYZ003&#039;, NULL, 123.45, 107, 999, 90, 88.8, 888.88, TRUE, CAST(&#039;2024-07-25&#039; AS DATE), CAST(&#039;2026-05-28 09:00:00&#039; AS TIMESTAMP));

2、已存在标准目录：test","1. 进入「资产-数据标准-标准定义」页面
2. 新建标准配置如下：
「中文名称」：「金额」
「英文名称」：「money」
「英文缩写」：「my」
「标准目录」：「test」
无车型
「数据类型」：「字符型」
「数据长度」：「<=20」
「数据精度」：「2/2」
「是否允许为空」：「不可空」
「是否允许重复」：「不可重复」
「默认值」：「1」
「取值范围」：「>1且<=50」
「初始值」：「2」
「无效值」：「0.1」
「精度倍数」：「2」
「偏移量」：「0.02」；
点击【上线】
3. 点击「标准映射」页面，进行标准映射
4. 给该标准绑定字段：绑定money字段
5. 点击「落标检查」页面，新增检查任务，检查内容配置如下：
「数据源」：「${DATASOURCE}」
「数据库」：「${DATABASE}」
「数据表」：「test_info_1」
「选择已有分区」：「dt=2026-05-27」
「标准目录」：「test」
不配置「车型关联字段」；
点击【下一步】
6. 开启money字段的检查，设置检查项为：精度倍数；
点击【下一步】
7. 配置调度属性为按天运行，其余内容正确配置；点击【新增并立即执行】
8. 等待检查完成，查看【落标检查设置】tab列表
9. 点击【操作-查看结果详情】
10. 查看【落标检查结果】tab列表
11. 点击【操作-查看详情】
12. 根据文档步骤通过底层数据库查看该检查任务的sql
13. 等待该检查任务按周期运行完成，查看结果详情","1. 页面正常打开
2. 内容配置成功；
标准成功上线
3. 标准映射列表新增该标准
4. 字段绑定成功
5. 检查内容配置成功；
进入选择字段页面
6. 成功开启检查并设置检查项；
进入调度配置页面
7. 保存成功，任务进入检查中状态
8. 1）显示对应的正确数据表名称、所属数据源、所属数据库、检查字段数/总字段数、检查周期、检查状态、标准达标率、不达标字段数/检查失败数、最近编辑时间、最近检查时间、操作。
2）其中标准达标率为“100%”，不达标字段数/检查失败数为“0/0”
9. 跳转至【落标检查结果】tab
10. 1）显示对应的正确数据源、数据库、数据表、字段、检查状态、是否达标、检查开始时间、检查结束时间、操作。
2）其中检查状态为“检查完成”，是否达标为“达标”
11. 检查结果详情包含以下信息：
1）检查信息：检查数据源、数据库、数据表、字段与配置的内容一致；
2）检查结果列表：精度倍数显示“达标”，开始检查时间、结束检查时间正确，操作为“--”
3）关联标准详情与前面配置的内容一致
12. sql未进行合并：
只有单个select语句，无SUM (CASE WHEN)并行计算逻辑
13. 该检查项达标，详情正确","1. 
2. 
3. 
4. 
5. 
6. 
7. 
8. 
9. 
10. 
11. 
12. 
13.","","1","功能测试","功能测试阶段","正常","0","1","13","通过","听筠","2026-06-03","","0000-00-00","1","",""
"186433","数据资产_STD(#23)","/版本迭代测试用例/v6.4.11/【岚图】【数据资产】落标检查任务性能优化，规则sql合并/不可合并(#10606)","【岚图】【数据资产】数据质量任务、落标检查任务性能优化，规则sql合并(#15862)","无车型 验证「无车型」-「数据精度」校验功能","1、已存在表test_info_1
CREATE TABLE pw_test.test_info_1 (
id INT COMMENT &#039;用户ID&#039;,
string_num STRING COMMENT &#039;string类型的编号&#039;,
name STRING COMMENT &#039;姓名&#039;,
money DOUBLE COMMENT &#039;金额&#039;,
byte_field BYTE COMMENT &#039;byte类型字段&#039;,
short_field SHORT COMMENT &#039;short类型字段&#039;,
long_field LONG COMMENT &#039;long类型字段&#039;,
float_field FLOAT COMMENT &#039;float类型字段&#039;,
decimal_field DECIMAL(10,2) COMMENT &#039;decimal类型字段&#039;,
boolean_field BOOLEAN COMMENT &#039;boolean类型字段&#039;,
date_field DATE COMMENT &#039;date类型字段&#039;,
timestamp_field TIMESTAMP COMMENT &#039;timestamp类型字段&#039;
)
COMMENT &#039;测试信息表&#039;
PARTITIONED BY (
dt STRING COMMENT &#039;分区日期，格式：yyyy-MM-dd&#039;
)
STORED AS ORC;
-- dt = &#039;2026-05-27&#039;
INSERT INTO pw_test.test_info_1 PARTITION (dt=&#039;2026-05-27&#039;)
VALUES
(2, &#039;A001&#039;, &#039;王小明&#039;, 4.00, 20, 1, 10, 65.5, 99.99, TRUE, DATE &#039;2025-01-01&#039;, TIMESTAMP &#039;2026-05-27 08:30:00&#039;),
(4, &#039;B002&#039;, &#039;陈小红&#039;, 6.00, 25, 200, 200, 70.2, 199.99, FALSE, DATE &#039;2025-02-15&#039;, TIMESTAMP &#039;2026-05-27 10:15:00&#039;),
(6, &#039;C003&#039;, &#039;张大力&#039;, 10.00, 30, 300, 300, 75.8, 299.99, TRUE, DATE &#039;2025-03-20&#039;, TIMESTAMP &#039;2026-05-27 14:45:00&#039;),
(8, &#039;D004&#039;, &#039;李芳芳&#039;, 14.00, 22, 150, 150, 68.3, 399.99, FALSE, DATE &#039;2025-04-10&#039;, TIMESTAMP &#039;2026-05-27 09:20:00&#039;),
(10, &#039;E005&#039;, &#039;刘建国&#039;, 18.00, 28, 250, 250, 72.6, 499.99, TRUE, DATE &#039;2025-05-05&#039;, TIMESTAMP &#039;2026-05-27 16:00:00&#039;),
(12, &#039;F006&#039;, &#039;赵丽丽&#039;, 20.00, 35, 350, 350, 80.1, 599.99, FALSE, DATE &#039;2025-06-25&#039;, TIMESTAMP &#039;2026-05-27 11:30:00&#039;);
-- dt = &#039;2026-05-28&#039;
INSERT INTO pw_test.test_info_1 PARTITION (dt=&#039;2026-05-28&#039;)
VALUES
(101, &#039;XYZ001&#039;, &#039;欧阳静&#039;, 24.00, 100, 32767, NULL, 85.5, 888.88, FALSE, CAST(NULL AS DATE), CAST(&#039;2026-05-28 09:00:00&#039; AS TIMESTAMP)),
(102, &#039;XYZ002&#039;, &#039;慕容白&#039;, NULL, -50, -200, -5000, -10.5, -94879459.99, NULL, CAST(&#039;2024-11-15&#039; AS DATE), CAST(NULL AS TIMESTAMP)),
(NULL, &#039;XYZ003&#039;, &#039;令狐冲&#039;, 123.45, 107, 32767, 9223372036854775807, 99.9984545, 1234.56, FALSE, CAST(&#039;2024-10-20&#039; AS DATE), CAST(&#039;2026-05-28 15:45:00&#039; AS TIMESTAMP)),
(102, &#039;XYZ001&#039;, &#039;欧阳静&#039;, 25.001548952140236541, NULL, NULL, 0, NULL, 1234.56, TRUE, CAST(&#039;2024-11-15&#039; AS DATE), CAST(&#039;2026-05-28 11:20:00&#039; AS TIMESTAMP)),
(105, NULL, NULL, 18.50, 100, 999, 0, 88.8, NULL, FALSE, CAST(&#039;2024-08-05&#039; AS DATE), CAST(&#039;2026-05-28 14:10:00&#039; AS TIMESTAMP)),
(106, &#039;XYZ003&#039;, NULL, 123.45, 107, 999, 90, 88.8, 888.88, TRUE, CAST(&#039;2024-07-25&#039; AS DATE), CAST(&#039;2026-05-28 09:00:00&#039; AS TIMESTAMP));

2、已存在标准目录：test","1. 进入「资产-数据标准-标准定义」页面
2. 新建标准配置如下：
「中文名称」：「金额」
「英文名称」：「money」
「英文缩写」：「my」
「标准目录」：「test」
无车型
「数据类型」：「字符型」
「数据长度」：「<=20」
「数据精度」：「2/2」
「是否允许为空」：「不可空」
「是否允许重复」：「不可重复」
「默认值」：「1」
「取值范围」：「>1且<=50」
「初始值」：「2」
「无效值」：「0.1」
「精度倍数」：「2」
「偏移量」：「0.02」；
点击【上线】
3. 点击「标准映射」页面，进行标准映射
4. 给该标准绑定字段：绑定money字段
5. 点击「落标检查」页面，新增检查任务，检查内容配置如下：
「数据源」：「${DATASOURCE}」
「数据库」：「${DATABASE}」
「数据表」：「test_info_1」
「选择已有分区」：「dt=2026-05-27」
「标准目录」：「test」
不配置「车型关联字段」；
点击【下一步】
6. 开启money字段的检查，设置检查项为：数据精度；
点击【下一步】
7. 配置调度属性为按天运行，其余内容正确配置；点击【新增并立即执行】
8. 等待检查完成，查看【落标检查设置】tab列表
9. 点击【操作-查看结果详情】
10. 查看【落标检查结果】tab列表
11. 点击【操作-查看详情】
12. 根据文档步骤通过底层数据库查看该检查任务的sql
13. 等待该检查任务按周期运行完成，查看结果详情","1. 页面正常打开
2. 内容配置成功；
标准成功上线
3. 标准映射列表新增该标准
4. 字段绑定成功
5. 检查内容配置成功；
进入选择字段页面
6. 成功开启检查并设置检查项；
进入调度配置页面
7. 保存成功，任务进入检查中状态
8. 1）显示对应的正确数据表名称、所属数据源、所属数据库、检查字段数/总字段数、检查周期、检查状态、标准达标率、不达标字段数/检查失败数、最近编辑时间、最近检查时间、操作。
2）其中标准达标率为“100%”，不达标字段数/检查失败数为“0/0”
9. 跳转至【落标检查结果】tab
10. 1）显示对应的正确数据源、数据库、数据表、字段、检查状态、是否达标、检查开始时间、检查结束时间、操作。
2）其中检查状态为“检查完成”，是否达标为“达标”
11. 检查结果详情包含以下信息：
1）检查信息：检查数据源、数据库、数据表、字段与配置的内容一致；
2）检查结果列表：数据精度显示“达标”，开始检查时间、结束检查时间正确，操作为“--”
3）关联标准详情与前面配置的内容一致
12. sql未进行合并：
只有单个select语句，无SUM (CASE WHEN)并行计算逻辑
13. 该检查项达标，详情正确","1. 
2. 
3. 
4. 
5. 
6. 
7. 
8. 
9. 
10. 
11. 
12. 
13.","","3","功能测试","功能测试阶段","正常","0","0","13","","听筠","2026-06-03","","0000-00-00","1","",""
"186432","数据资产_STD(#23)","/版本迭代测试用例/v6.4.11/【岚图】【数据资产】落标检查任务性能优化，规则sql合并/不可合并(#10606)","【岚图】【数据资产】数据质量任务、落标检查任务性能优化，规则sql合并(#15862)","无车型 验证「无车型」-「字符串长度」校验功能","1、已存在表test_info_1
CREATE TABLE pw_test.test_info_1 (
id INT COMMENT &#039;用户ID&#039;,
string_num STRING COMMENT &#039;string类型的编号&#039;,
name STRING COMMENT &#039;姓名&#039;,
money DOUBLE COMMENT &#039;金额&#039;,
byte_field BYTE COMMENT &#039;byte类型字段&#039;,
short_field SHORT COMMENT &#039;short类型字段&#039;,
long_field LONG COMMENT &#039;long类型字段&#039;,
float_field FLOAT COMMENT &#039;float类型字段&#039;,
decimal_field DECIMAL(10,2) COMMENT &#039;decimal类型字段&#039;,
boolean_field BOOLEAN COMMENT &#039;boolean类型字段&#039;,
date_field DATE COMMENT &#039;date类型字段&#039;,
timestamp_field TIMESTAMP COMMENT &#039;timestamp类型字段&#039;
)
COMMENT &#039;测试信息表&#039;
PARTITIONED BY (
dt STRING COMMENT &#039;分区日期，格式：yyyy-MM-dd&#039;
)
STORED AS ORC;
-- dt = &#039;2026-05-27&#039;
INSERT INTO pw_test.test_info_1 PARTITION (dt=&#039;2026-05-27&#039;)
VALUES
(2, &#039;A001&#039;, &#039;王小明&#039;, 4.00, 20, 1, 10, 65.5, 99.99, TRUE, DATE &#039;2025-01-01&#039;, TIMESTAMP &#039;2026-05-27 08:30:00&#039;),
(4, &#039;B002&#039;, &#039;陈小红&#039;, 6.00, 25, 200, 200, 70.2, 199.99, FALSE, DATE &#039;2025-02-15&#039;, TIMESTAMP &#039;2026-05-27 10:15:00&#039;),
(6, &#039;C003&#039;, &#039;张大力&#039;, 10.00, 30, 300, 300, 75.8, 299.99, TRUE, DATE &#039;2025-03-20&#039;, TIMESTAMP &#039;2026-05-27 14:45:00&#039;),
(8, &#039;D004&#039;, &#039;李芳芳&#039;, 14.00, 22, 150, 150, 68.3, 399.99, FALSE, DATE &#039;2025-04-10&#039;, TIMESTAMP &#039;2026-05-27 09:20:00&#039;),
(10, &#039;E005&#039;, &#039;刘建国&#039;, 18.00, 28, 250, 250, 72.6, 499.99, TRUE, DATE &#039;2025-05-05&#039;, TIMESTAMP &#039;2026-05-27 16:00:00&#039;),
(12, &#039;F006&#039;, &#039;赵丽丽&#039;, 20.00, 35, 350, 350, 80.1, 599.99, FALSE, DATE &#039;2025-06-25&#039;, TIMESTAMP &#039;2026-05-27 11:30:00&#039;);
-- dt = &#039;2026-05-28&#039;
INSERT INTO pw_test.test_info_1 PARTITION (dt=&#039;2026-05-28&#039;)
VALUES
(101, &#039;XYZ001&#039;, &#039;欧阳静&#039;, 24.00, 100, 32767, NULL, 85.5, 888.88, FALSE, CAST(NULL AS DATE), CAST(&#039;2026-05-28 09:00:00&#039; AS TIMESTAMP)),
(102, &#039;XYZ002&#039;, &#039;慕容白&#039;, NULL, -50, -200, -5000, -10.5, -94879459.99, NULL, CAST(&#039;2024-11-15&#039; AS DATE), CAST(NULL AS TIMESTAMP)),
(NULL, &#039;XYZ003&#039;, &#039;令狐冲&#039;, 123.45, 107, 32767, 9223372036854775807, 99.9984545, 1234.56, FALSE, CAST(&#039;2024-10-20&#039; AS DATE), CAST(&#039;2026-05-28 15:45:00&#039; AS TIMESTAMP)),
(102, &#039;XYZ001&#039;, &#039;欧阳静&#039;, 25.001548952140236541, NULL, NULL, 0, NULL, 1234.56, TRUE, CAST(&#039;2024-11-15&#039; AS DATE), CAST(&#039;2026-05-28 11:20:00&#039; AS TIMESTAMP)),
(105, NULL, NULL, 18.50, 100, 999, 0, 88.8, NULL, FALSE, CAST(&#039;2024-08-05&#039; AS DATE), CAST(&#039;2026-05-28 14:10:00&#039; AS TIMESTAMP)),
(106, &#039;XYZ003&#039;, NULL, 123.45, 107, 999, 90, 88.8, 888.88, TRUE, CAST(&#039;2024-07-25&#039; AS DATE), CAST(&#039;2026-05-28 09:00:00&#039; AS TIMESTAMP));

2、已存在标准目录：test","1. 进入「资产-数据标准-标准定义」页面
2. 新建标准配置如下：
「中文名称」：「金额」
「英文名称」：「money」
「英文缩写」：「my」
「标准目录」：「test」
无车型
「数据类型」：「字符型」
「数据长度」：「<=20」
「数据精度」：「2/2」
「是否允许为空」：「不可空」
「是否允许重复」：「不可重复」
「默认值」：「1」
「取值范围」：「>1且<=50」
「初始值」：「2」
「无效值」：「0.1」
「精度倍数」：「2」
「偏移量」：「0.02」；
点击【上线】
3. 点击「标准映射」页面，进行标准映射
4. 给该标准绑定字段：绑定money字段
5. 点击「落标检查」页面，新增检查任务，检查内容配置如下：
「数据源」：「${DATASOURCE}」
「数据库」：「${DATABASE}」
「数据表」：「test_info_1」
不设置分区
「标准目录」：「test」
不配置「车型关联字段」；
点击【下一步】
6. 开启money字段的检查，设置检查项为：字符串长度；
点击【下一步】
7. 配置调度属性为按天运行，其余内容正确配置；点击【新增并立即执行】
8. 等待检查完成，查看【落标检查设置】tab列表
9. 点击【操作-查看结果详情】
10. 查看【落标检查结果】tab列表
11. 点击【操作-查看详情】
12. 点击列表里检查项对应的的【操作-查看详情】
13. 根据文档步骤通过底层数据库查看该检查任务的sql
14. 等待该检查任务按周期运行完成，查看结果详情","1. 页面正常打开
2. 内容配置成功；
标准成功上线
3. 标准映射列表新增该标准
4. 字段绑定成功
5. 检查内容配置成功；
进入选择字段页面
6. 成功开启检查并设置检查项；
进入调度配置页面
7. 保存成功，任务进入检查中状态
8. 1）显示对应的正确数据表名称、所属数据源、所属数据库、检查字段数/总字段数、检查周期、检查状态、标准达标率、不达标字段数/检查失败数、最近编辑时间、最近检查时间、操作。
2）其中标准达标率为“0%”，不达标字段数/检查失败数为“1/0”
9. 跳转至【落标检查结果】tab
10. 1）显示对应的正确数据源、数据库、数据表、字段、检查状态、是否达标、检查开始时间、检查结束时间、操作。
2）其中检查状态为“检查完成”，是否达标为“未达标”
11. 检查结果详情包含以下信息：
1）检查信息：检查数据源、数据库、数据表、字段与配置的内容一致；
2）检查结果列表：字符串长度显示“未达标”，开始检查时间、结束检查时间正确，操作为“查看详情”
3）关联标准详情与前面配置的内容一致
12. 1）为脏数据明细，显示不符合检查项的数据，标红展示
2）行数<=100
13. sql未进行合并：
只有单个select计算语句，无SUM (CASE WHEN)并行计算逻辑
14. 该检查项未达标，详情正确，脏数据明细正确","1. 
2. 
3. 
4. 
5. 
6. 
7. 
8. 
9. 
10. 
11. 
12. 
13. 
14.","","3","功能测试","功能测试阶段","正常","0","0","14","","听筠","2026-06-03","","0000-00-00","1","",""
"186431","数据资产_STD(#23)","/版本迭代测试用例/v6.4.11/【岚图】【数据资产】落标检查任务性能优化，规则sql合并/可合并(#10605)","【岚图】【数据资产】数据质量任务、落标检查任务性能优化，规则sql合并(#15862)","有车型 验证「有车型」-「不绑定车型关联字段」-「字符串长度+数据精度+精度倍数+空值数+取值范围」校验全未达标功能","1、已存在表order_info
CREATE TABLE IF NOT EXISTS pw_test.order_info (
user_id INT COMMENT &#039;用户ID&#039;,
tall FLOAT COMMENT &#039;身高&#039;,
weight DOUBLE COMMENT &#039;体重&#039;,
amount DECIMAL(10,3) COMMENT &#039;金额&#039;,
car_model STRING COMMENT &#039;车型&#039;,
age BYTE COMMENT &#039;年龄&#039;,
score SHORT COMMENT &#039;评分&#039;,
total_orders LONG COMMENT &#039;总订单数&#039;,
is_vip BOOLEAN COMMENT &#039;是否VIP&#039;,
register_date DATE COMMENT &#039;注册日期&#039;,
last_login TIMESTAMP COMMENT &#039;最后登录时间&#039;
)
PARTITIONED BY (order_date STRING COMMENT &#039;订单日期，格式yyyy-MM-dd&#039;);
-- 插入2026-01-12分区数据
INSERT INTO pw_test.order_info PARTITION (order_date=&#039;2026-01-12&#039;)
VALUES
(1000, 160, NULL, 265.2, &#039;小米su7&#039;, 25, 80, 10, TRUE, DATE &#039;2024-01-01&#039;, TIMESTAMP &#039;2026-01-12 10:30:00&#039;),
(102, 170, 66, 140.80, &#039;小米su7&#039;, 30, 85, 5, FALSE, DATE &#039;2024-03-15&#039;, TIMESTAMP &#039;2026-01-12 14:20:00&#039;),
(1100, 180.23, 459897, 187, &#039;保时捷718&#039;, 35, 90, 3, TRUE, DATE &#039;2024-06-20&#039;, TIMESTAMP &#039;2026-01-12 09:15:00&#039;);
-- 插入2026-01-13分区数据
INSERT INTO pw_test.order_info PARTITION (order_date=&#039;2026-01-13&#039;)
VALUES
(1001, 160, NULL, 265, &#039;小米su7&#039;, 26, 82, 15, NULL, CAST(&#039;2024-01-15&#039; AS DATE), CAST(&#039;2026-01-13 11:00:00&#039; AS TIMESTAMP)),
(1001, 160, NULL, NULL, &#039;小米su7&#039;, 26, 82, 16, FALSE, CAST(NULL AS DATE), CAST(&#039;2026-01-13 15:30:00&#039; AS TIMESTAMP)),
(102, 170, 66, 15483.568, &#039;小米su7&#039;, 31, 87, 8, TRUE, CAST(&#039;2024-04-01&#039; AS DATE), CAST(NULL AS TIMESTAMP)),
(1001, 160, NULL, 265, &#039;小米su7&#039;, 26, 82, 17, FALSE, CAST(&#039;2024-01-15&#039; AS DATE), CAST(&#039;2026-01-13 18:20:00&#039; AS TIMESTAMP)),
(110030, 180.23, 459897, 80.55485, &#039;保时捷718&#039;, 36, 92, 5, NULL, CAST(&#039;2024-07-10&#039; AS DATE), CAST(NULL AS TIMESTAMP)),
(110030, 180.23, 459897, 80.55485, &#039;保时捷718&#039;, 36, 92, 6, FALSE, CAST(&#039;2024-07-10&#039; AS DATE), CAST(&#039;2026-01-13 14:05:00&#039; AS TIMESTAMP)),
(11003, 180.23, 459897, NULL, &#039;保时捷718&#039;, 36, 92, 7, FALSE, CAST(NULL AS DATE), CAST(&#039;2026-01-13 16:40:00&#039; AS TIMESTAMP)),
(1001, 160, NULL, 265, NULL, 26, 82, 17, FALSE, CAST(&#039;2024-01-15&#039; AS DATE), CAST(&#039;2026-01-13 18:20:00&#039; AS TIMESTAMP)),
(11003, 180.23, 459897, 80.55485, NULL, 36, 92, 5, NULL, CAST(&#039;2024-07-10&#039; AS DATE), CAST(NULL AS TIMESTAMP));

2、已存在标准目录：test","1. 进入「资产-数据标准-标准定义」页面
2. 新建标准配置如下：
「中文名称」：「总额」
「英文名称」：「amount」
「英文缩写」：「at」
「标准目录」：「test」
「车型」：「小米su7，保时捷718」
1）小米su7：
「数据类型」：「数值型」
「数据长度」：「<=5」
「数据精度」：「3/2」
「是否允许为空」：「不可空」
「是否允许重复」：「不可重复」
「默认值」：「1」
「取值范围」：「>=10且<=280」
「初始值」：「2」
「无效值」：「0.1」
「精度倍数」：「2.2」
「偏移量」：「0.02」；
2）保时捷718：
「数据类型」：「数值型」
「数据长度」：「<=5」
「数据精度」：「3/2」
「是否允许为空」：「不可空」
「是否允许重复」：「不可重复」
「默认值」：「1」
「取值范围」：「>=180且<=999」
「初始值」：「2」
「无效值」：「0.1」
「精度倍数」：「2.2」
「偏移量」：「0.02」；
点击【上线】
3. 点击「标准映射」页面，进行标准映射
4. 给该标准绑定字段：绑定amount字段
5. 点击「落标检查」页面，新增检查任务，检查内容配置如下：
「数据源」：「${DATASOURCE}」
「数据库」：「${DATABASE}」
「数据表」：「order_info」
「选择已有分区」：「dt=2026-01-13」
「标准目录」：「test」
不绑定「车型关联字段」；
点击【下一步】
6. 开启amount字段的检查，设置检查项为：字符串长度、数据精度、空值数、取值范围、精度倍数；
点击【下一步】
7. 配置调度属性为按天运行，其余内容正确配置；点击【新增并立即执行】
8. 等待检查完成，查看【落标检查设置】tab列表
9. 点击【操作-查看结果详情】
10. 查看【落标检查结果】tab列表
11. 点击【操作-查看详情】
12. 点击列表里检查项对应的的【操作-查看详情】
13. 根据文档步骤通过底层数据库查看该检查任务的sql
14. 等待该检查任务按周期运行完成，查看结果详情","1. 页面正常打开
2. 内容配置成功；
标准成功上线
3. 标准映射列表新增该标准
4. 字段绑定成功
5. 检查内容配置成功；
进入选择字段页面
6. 成功开启检查并设置检查项；
进入调度配置页面
7. 保存成功，任务进入检查中状态
8. 1）显示对应的正确数据表名称、所属数据源、所属数据库、检查字段数/总字段数、检查周期、检查状态、标准达标率、不达标字段数/检查失败数、最近编辑时间、最近检查时间、操作。
2）其中标准达标率为“0%”，不达标字段数/检查失败数为“1/0”
9. 跳转至【落标检查结果】tab
10. 1）显示对应的正确数据源、数据库、数据表、字段、检查状态、是否达标、检查开始时间、检查结束时间、操作。
2）其中检查状态为“检查完成”，是否达标为“未达标”
11. 检查结果详情包含以下信息：
1）检查信息：检查数据源、数据库、数据表、字段与配置的内容一致；
2）检查结果列表：字符串长度、数据精度、空值数、取值范围、精度倍数都显示“未达标”，开始检查时间、结束检查时间正确，操作为“查看详情”
3）关联标准详情与前面配置的内容一致
12. 1）为脏数据明细，显示不符合检查项的数据，标红展示
2）行数<=100
13. sql进行合并：
1）源表只扫描一次：FROM 后面的源表只出现 1 次；
​2）所有可合并规则写在同一个select里面：用多个 SUM (CASE WHEN) 把规则并行计算；
3）计算后再把结果拆成多行，每行代表单个规则进行输出，最终把结果插入同一张脏数据表
14. 5个检查项都未达标，详情正确","1. 
2. 
3. 
4. 
5. 
6. 
7. 
8. 
9. 
10. 
11. 
12. 
13. 
14.","","2","功能测试","功能测试阶段","正常","0","0","14","","听筠","2026-06-03","","0000-00-00","1","",""
"186430","数据资产_STD(#23)","/版本迭代测试用例/v6.4.11/【岚图】【数据资产】落标检查任务性能优化，规则sql合并/可合并(#10605)","【岚图】【数据资产】数据质量任务、落标检查任务性能优化，规则sql合并(#15862)","有车型 验证「有车型」-「不绑定车型关联字段」-「字符串长度+数据精度+精度倍数+空值数+取值范围」校验全达标功能","1、已存在表order_info
CREATE TABLE IF NOT EXISTS pw_test.order_info (
user_id INT COMMENT &#039;用户ID&#039;,
tall FLOAT COMMENT &#039;身高&#039;,
weight DOUBLE COMMENT &#039;体重&#039;,
amount DECIMAL(10,3) COMMENT &#039;金额&#039;,
car_model STRING COMMENT &#039;车型&#039;,
age BYTE COMMENT &#039;年龄&#039;,
score SHORT COMMENT &#039;评分&#039;,
total_orders LONG COMMENT &#039;总订单数&#039;,
is_vip BOOLEAN COMMENT &#039;是否VIP&#039;,
register_date DATE COMMENT &#039;注册日期&#039;,
last_login TIMESTAMP COMMENT &#039;最后登录时间&#039;
)
PARTITIONED BY (order_date STRING COMMENT &#039;订单日期，格式yyyy-MM-dd&#039;);
-- 插入2026-01-12分区数据
INSERT INTO pw_test.order_info PARTITION (order_date=&#039;2026-01-12&#039;)
VALUES
(1000, 160, NULL, 265.2, &#039;小米su7&#039;, 25, 80, 10, TRUE, DATE &#039;2024-01-01&#039;, TIMESTAMP &#039;2026-01-12 10:30:00&#039;),
(102, 170, 66, 140.80, &#039;小米su7&#039;, 30, 85, 5, FALSE, DATE &#039;2024-03-15&#039;, TIMESTAMP &#039;2026-01-12 14:20:00&#039;),
(1100, 180.23, 459897, 187, &#039;保时捷718&#039;, 35, 90, 3, TRUE, DATE &#039;2024-06-20&#039;, TIMESTAMP &#039;2026-01-12 09:15:00&#039;);
-- 插入2026-01-13分区数据
INSERT INTO pw_test.order_info PARTITION (order_date=&#039;2026-01-13&#039;)
VALUES
(1001, 160, NULL, 265, &#039;小米su7&#039;, 26, 82, 15, NULL, CAST(&#039;2024-01-15&#039; AS DATE), CAST(&#039;2026-01-13 11:00:00&#039; AS TIMESTAMP)),
(1001, 160, NULL, NULL, &#039;小米su7&#039;, 26, 82, 16, FALSE, CAST(NULL AS DATE), CAST(&#039;2026-01-13 15:30:00&#039; AS TIMESTAMP)),
(102, 170, 66, 15483.568, &#039;小米su7&#039;, 31, 87, 8, TRUE, CAST(&#039;2024-04-01&#039; AS DATE), CAST(NULL AS TIMESTAMP)),
(1001, 160, NULL, 265, &#039;小米su7&#039;, 26, 82, 17, FALSE, CAST(&#039;2024-01-15&#039; AS DATE), CAST(&#039;2026-01-13 18:20:00&#039; AS TIMESTAMP)),
(110030, 180.23, 459897, 80.55485, &#039;保时捷718&#039;, 36, 92, 5, NULL, CAST(&#039;2024-07-10&#039; AS DATE), CAST(NULL AS TIMESTAMP)),
(110030, 180.23, 459897, 80.55485, &#039;保时捷718&#039;, 36, 92, 6, FALSE, CAST(&#039;2024-07-10&#039; AS DATE), CAST(&#039;2026-01-13 14:05:00&#039; AS TIMESTAMP)),
(11003, 180.23, 459897, NULL, &#039;保时捷718&#039;, 36, 92, 7, FALSE, CAST(NULL AS DATE), CAST(&#039;2026-01-13 16:40:00&#039; AS TIMESTAMP)),
(1001, 160, NULL, 265, NULL, 26, 82, 17, FALSE, CAST(&#039;2024-01-15&#039; AS DATE), CAST(&#039;2026-01-13 18:20:00&#039; AS TIMESTAMP)),
(11003, 180.23, 459897, 80.55485, NULL, 36, 92, 5, NULL, CAST(&#039;2024-07-10&#039; AS DATE), CAST(NULL AS TIMESTAMP));

2、已存在标准目录：test","1. 进入「资产-数据标准-标准定义」页面
2. 新建标准配置如下：
「中文名称」：「总额」
「英文名称」：「amount」
「英文缩写」：「at」
「标准目录」：「test」
「车型」：「小米su7，保时捷718」
1）小米su7：
「数据类型」：「数值型」
「数据长度」：「<=5」
「数据精度」：「3/2」
「是否允许为空」：「不可空」
「是否允许重复」：「不可重复」
「默认值」：「1」
「取值范围」：「>=10且<=280」
「初始值」：「2」
「无效值」：「0.1」
「精度倍数」：「2.2」
「偏移量」：「0.02」；
2）保时捷718：
「数据类型」：「数值型」
「数据长度」：「<=5」
「数据精度」：「3/2」
「是否允许为空」：「不可空」
「是否允许重复」：「不可重复」
「默认值」：「1」
「取值范围」：「>=180且<=999」
「初始值」：「2」
「无效值」：「0.1」
「精度倍数」：「2.2」
「偏移量」：「0.02」；
点击【上线】
3. 点击「标准映射」页面，进行标准映射
4. 给该标准绑定字段：绑定amount字段
5. 点击「落标检查」页面，新增检查任务，检查内容配置如下：
「数据源」：「${DATASOURCE}」
「数据库」：「${DATABASE}」
「数据表」：「order_info」
「选择已有分区」：「dt=2026-01-12」
「标准目录」：「test」
不绑定「车型关联字段」；
点击【下一步】
6. 开启amount字段的检查，设置检查项为：字符串长度、数据精度、空值数、取值范围、精度倍数；
点击【下一步】
7. 配置调度属性为按天运行，其余内容正确配置；点击【新增并立即执行】
8. 等待检查完成，查看【落标检查设置】tab列表
9. 点击【操作-查看结果详情】
10. 查看【落标检查结果】tab列表
11. 点击【操作-查看详情】
12. 根据文档步骤通过底层数据库查看该检查任务的sql
13. 等待该检查任务按周期运行完成，查看结果详情","1. 页面正常打开
2. 内容配置成功；
标准成功上线
3. 标准映射列表新增该标准
4. 字段绑定成功
5. 检查内容配置成功；
进入选择字段页面
6. 成功开启检查并设置检查项；
进入调度配置页面
7. 保存成功，任务进入检查中状态
8. 1）显示对应的正确数据表名称、所属数据源、所属数据库、检查字段数/总字段数、检查周期、检查状态、标准达标率、不达标字段数/检查失败数、最近编辑时间、最近检查时间、操作。
2）其中标准达标率为“100%”，不达标字段数/检查失败数为“0/0”
9. 跳转至【落标检查结果】tab
10. 1）显示对应的正确数据源、数据库、数据表、字段、检查状态、是否达标、检查开始时间、检查结束时间、操作。
2）其中检查状态为“检查完成”，是否达标为“达标”
11. 检查结果详情包含以下信息：
1）检查信息：检查数据源、数据库、数据表、字段与配置的内容一致；
2）检查结果列表：字符串长度、数据精度、空值数、取值范围、精度倍数都显示“达标”，开始检查时间、结束检查时间正确，操作为“--”
3）关联标准详情与前面配置的内容一致
12. sql进行合并：
1）源表只扫描一次：FROM 后面的源表只出现 1 次；
​2）所有可合并规则写在同一个select里面：用多个 SUM (CASE WHEN) 把规则并行计算；
3）计算后再把结果拆成多行，每行代表单个规则进行输出，最终把结果插入同一张脏数据表
13. 5个检查项都达标，详情正确","1. 
2. 
3. 
4. 
5. 
6. 
7. 
8. 
9. 
10. 
11. 
12. 
13.","","2","功能测试","功能测试阶段","正常","0","0","13","","听筠","2026-06-03","","0000-00-00","1","",""
"186429","数据资产_STD(#23)","/版本迭代测试用例/v6.4.11/【岚图】【数据资产】落标检查任务性能优化，规则sql合并/可合并(#10605)","【岚图】【数据资产】数据质量任务、落标检查任务性能优化，规则sql合并(#15862)","有车型 验证「有车型」-「绑定车型关联字段」-「字符串长度+数据精度+精度倍数+空值数+取值范围」校验全未达标功能","1、已存在表order_info
CREATE TABLE IF NOT EXISTS pw_test.order_info (
user_id INT COMMENT &#039;用户ID&#039;,
tall FLOAT COMMENT &#039;身高&#039;,
weight DOUBLE COMMENT &#039;体重&#039;,
amount DECIMAL(10,3) COMMENT &#039;金额&#039;,
car_model STRING COMMENT &#039;车型&#039;,
age BYTE COMMENT &#039;年龄&#039;,
score SHORT COMMENT &#039;评分&#039;,
total_orders LONG COMMENT &#039;总订单数&#039;,
is_vip BOOLEAN COMMENT &#039;是否VIP&#039;,
register_date DATE COMMENT &#039;注册日期&#039;,
last_login TIMESTAMP COMMENT &#039;最后登录时间&#039;
)
PARTITIONED BY (order_date STRING COMMENT &#039;订单日期，格式yyyy-MM-dd&#039;);
-- 插入2026-01-12分区数据
INSERT INTO pw_test.order_info PARTITION (order_date=&#039;2026-01-12&#039;)
VALUES
(1000, 160, NULL, 265.2, &#039;小米su7&#039;, 25, 80, 10, TRUE, DATE &#039;2024-01-01&#039;, TIMESTAMP &#039;2026-01-12 10:30:00&#039;),
(102, 170, 66, 140.80, &#039;小米su7&#039;, 30, 85, 5, FALSE, DATE &#039;2024-03-15&#039;, TIMESTAMP &#039;2026-01-12 14:20:00&#039;),
(1100, 180.23, 459897, 187, &#039;保时捷718&#039;, 35, 90, 3, TRUE, DATE &#039;2024-06-20&#039;, TIMESTAMP &#039;2026-01-12 09:15:00&#039;);
-- 插入2026-01-13分区数据
INSERT INTO pw_test.order_info PARTITION (order_date=&#039;2026-01-13&#039;)
VALUES
(1001, 160, NULL, 265, &#039;小米su7&#039;, 26, 82, 15, NULL, CAST(&#039;2024-01-15&#039; AS DATE), CAST(&#039;2026-01-13 11:00:00&#039; AS TIMESTAMP)),
(1001, 160, NULL, NULL, &#039;小米su7&#039;, 26, 82, 16, FALSE, CAST(NULL AS DATE), CAST(&#039;2026-01-13 15:30:00&#039; AS TIMESTAMP)),
(102, 170, 66, 15483.568, &#039;小米su7&#039;, 31, 87, 8, TRUE, CAST(&#039;2024-04-01&#039; AS DATE), CAST(NULL AS TIMESTAMP)),
(1001, 160, NULL, 265, &#039;小米su7&#039;, 26, 82, 17, FALSE, CAST(&#039;2024-01-15&#039; AS DATE), CAST(&#039;2026-01-13 18:20:00&#039; AS TIMESTAMP)),
(110030, 180.23, 459897, 80.55485, &#039;保时捷718&#039;, 36, 92, 5, NULL, CAST(&#039;2024-07-10&#039; AS DATE), CAST(NULL AS TIMESTAMP)),
(110030, 180.23, 459897, 80.55485, &#039;保时捷718&#039;, 36, 92, 6, FALSE, CAST(&#039;2024-07-10&#039; AS DATE), CAST(&#039;2026-01-13 14:05:00&#039; AS TIMESTAMP)),
(11003, 180.23, 459897, NULL, &#039;保时捷718&#039;, 36, 92, 7, FALSE, CAST(NULL AS DATE), CAST(&#039;2026-01-13 16:40:00&#039; AS TIMESTAMP)),
(1001, 160, NULL, 265, NULL, 26, 82, 17, FALSE, CAST(&#039;2024-01-15&#039; AS DATE), CAST(&#039;2026-01-13 18:20:00&#039; AS TIMESTAMP)),
(11003, 180.23, 459897, 80.55485, NULL, 36, 92, 5, NULL, CAST(&#039;2024-07-10&#039; AS DATE), CAST(NULL AS TIMESTAMP));

2、已存在标准目录：test","1. 进入「资产-数据标准-标准定义」页面
2. 新建标准配置如下：
「中文名称」：「总额」
「英文名称」：「amount」
「英文缩写」：「at」
「标准目录」：「test」
「车型」：「小米su7，保时捷718」
1）小米su7：
「数据类型」：「数值型」
「数据长度」：「<=5」
「数据精度」：「3/2」
「是否允许为空」：「不可空」
「是否允许重复」：「不可重复」
「默认值」：「1」
「取值范围」：「>=10且<=280」
「初始值」：「2」
「无效值」：「0.1」
「精度倍数」：「2.2」
「偏移量」：「0.02」；
2）保时捷718：
「数据类型」：「数值型」
「数据长度」：「<=5」
「数据精度」：「3/2」
「是否允许为空」：「不可空」
「是否允许重复」：「不可重复」
「默认值」：「1」
「取值范围」：「>=180且<=999」
「初始值」：「2」
「无效值」：「0.1」
「精度倍数」：「2.2」
「偏移量」：「0.02」；
点击【上线】
3. 点击「标准映射」页面，进行标准映射
4. 给该标准绑定字段：绑定amount字段
5. 点击「落标检查」页面，新增检查任务，检查内容配置如下：
「数据源」：「${DATASOURCE}」
「数据库」：「${DATABASE}」
「数据表」：「order_info」
「选择已有分区」：「dt=2026-01-13」
「标准目录」：「test」
「车型关联字段」：「car_model」；
点击【下一步】
6. 开启amount字段的检查，设置检查项为：字符串长度、数据精度、空值数、取值范围、精度倍数；
点击【下一步】
7. 配置调度属性为按天运行，其余内容正确配置；点击【新增并立即执行】
8. 等待检查完成，查看【落标检查设置】tab列表
9. 点击【操作-查看结果详情】
10. 查看【落标检查结果】tab列表
11. 点击【操作-查看详情】
12. 点击列表里检查项对应的的【操作-查看详情】
13. 根据文档步骤通过底层数据库查看该检查任务的sql
14. 等待该检查任务按周期运行完成，查看结果详情","1. 页面正常打开
2. 内容配置成功；
标准成功上线
3. 标准映射列表新增该标准
4. 字段绑定成功
5. 检查内容配置成功；
进入选择字段页面
6. 成功开启检查并设置检查项；
进入调度配置页面
7. 保存成功，任务进入检查中状态
8. 1）显示对应的正确数据表名称、所属数据源、所属数据库、检查字段数/总字段数、检查周期、检查状态、标准达标率、不达标字段数/检查失败数、最近编辑时间、最近检查时间、操作。
2）其中标准达标率为“0%”，不达标字段数/检查失败数为“1/0”
9. 跳转至【落标检查结果】tab
10. 1）显示对应的正确数据源、数据库、数据表、字段、检查状态、是否达标、检查开始时间、检查结束时间、操作。
2）其中检查状态为“检查完成”，是否达标为“未达标”
11. 检查结果详情包含以下信息：
1）检查信息：检查数据源、数据库、数据表、字段与配置的内容一致；
2）检查结果列表：字符串长度、数据精度、空值数、取值范围、精度倍数都显示“未达标”，开始检查时间、结束检查时间正确，操作为“查看详情”
3）关联标准详情与前面配置的内容一致
12. 为脏数据明细，显示不符合检查项的数据，标红展示
13. sql进行合并：
1）源表只扫描一次：FROM 后面的源表只出现 1 次；
​2）所有可合并规则写在同一个select里面：用多个 SUM (CASE WHEN) 把规则并行计算；
3）计算后再把结果拆成多行，每行代表单个规则进行输出，最终把结果插入同一张脏数据表
14. 5个检查项都未达标，详情正确","1. 
2. 
3. 
4. 
5. 
6. 
7. 
8. 
9. 
10. 
11. 
12. 
13. 
14.","","2","功能测试","功能测试阶段","正常","0","0","14","","听筠","2026-06-03","","0000-00-00","1","",""
"186428","数据资产_STD(#23)","/版本迭代测试用例/v6.4.11/【岚图】【数据资产】落标检查任务性能优化，规则sql合并/可合并(#10605)","【岚图】【数据资产】数据质量任务、落标检查任务性能优化，规则sql合并(#15862)","有车型 验证「有车型」-「绑定车型关联字段」-「字符串长度+数据精度+精度倍数+空值数+取值范围」校验全达标功能","1、已存在表order_info
CREATE TABLE IF NOT EXISTS pw_test.order_info (
user_id INT COMMENT &#039;用户ID&#039;,
tall FLOAT COMMENT &#039;身高&#039;,
weight DOUBLE COMMENT &#039;体重&#039;,
amount DECIMAL(10,3) COMMENT &#039;金额&#039;,
car_model STRING COMMENT &#039;车型&#039;,
age BYTE COMMENT &#039;年龄&#039;,
score SHORT COMMENT &#039;评分&#039;,
total_orders LONG COMMENT &#039;总订单数&#039;,
is_vip BOOLEAN COMMENT &#039;是否VIP&#039;,
register_date DATE COMMENT &#039;注册日期&#039;,
last_login TIMESTAMP COMMENT &#039;最后登录时间&#039;
)
PARTITIONED BY (order_date STRING COMMENT &#039;订单日期，格式yyyy-MM-dd&#039;);
-- 插入2026-01-12分区数据
INSERT INTO pw_test.order_info PARTITION (order_date=&#039;2026-01-12&#039;)
VALUES
(1000, 160, NULL, 265.2, &#039;小米su7&#039;, 25, 80, 10, TRUE, DATE &#039;2024-01-01&#039;, TIMESTAMP &#039;2026-01-12 10:30:00&#039;),
(102, 170, 66, 140.80, &#039;小米su7&#039;, 30, 85, 5, FALSE, DATE &#039;2024-03-15&#039;, TIMESTAMP &#039;2026-01-12 14:20:00&#039;),
(1100, 180.23, 459897, 187, &#039;保时捷718&#039;, 35, 90, 3, TRUE, DATE &#039;2024-06-20&#039;, TIMESTAMP &#039;2026-01-12 09:15:00&#039;);
-- 插入2026-01-13分区数据
INSERT INTO pw_test.order_info PARTITION (order_date=&#039;2026-01-13&#039;)
VALUES
(1001, 160, NULL, 265, &#039;小米su7&#039;, 26, 82, 15, NULL, CAST(&#039;2024-01-15&#039; AS DATE), CAST(&#039;2026-01-13 11:00:00&#039; AS TIMESTAMP)),
(1001, 160, NULL, NULL, &#039;小米su7&#039;, 26, 82, 16, FALSE, CAST(NULL AS DATE), CAST(&#039;2026-01-13 15:30:00&#039; AS TIMESTAMP)),
(102, 170, 66, 15483.568, &#039;小米su7&#039;, 31, 87, 8, TRUE, CAST(&#039;2024-04-01&#039; AS DATE), CAST(NULL AS TIMESTAMP)),
(1001, 160, NULL, 265, &#039;小米su7&#039;, 26, 82, 17, FALSE, CAST(&#039;2024-01-15&#039; AS DATE), CAST(&#039;2026-01-13 18:20:00&#039; AS TIMESTAMP)),
(110030, 180.23, 459897, 80.55485, &#039;保时捷718&#039;, 36, 92, 5, NULL, CAST(&#039;2024-07-10&#039; AS DATE), CAST(NULL AS TIMESTAMP)),
(110030, 180.23, 459897, 80.55485, &#039;保时捷718&#039;, 36, 92, 6, FALSE, CAST(&#039;2024-07-10&#039; AS DATE), CAST(&#039;2026-01-13 14:05:00&#039; AS TIMESTAMP)),
(11003, 180.23, 459897, NULL, &#039;保时捷718&#039;, 36, 92, 7, FALSE, CAST(NULL AS DATE), CAST(&#039;2026-01-13 16:40:00&#039; AS TIMESTAMP)),
(1001, 160, NULL, 265, NULL, 26, 82, 17, FALSE, CAST(&#039;2024-01-15&#039; AS DATE), CAST(&#039;2026-01-13 18:20:00&#039; AS TIMESTAMP)),
(11003, 180.23, 459897, 80.55485, NULL, 36, 92, 5, NULL, CAST(&#039;2024-07-10&#039; AS DATE), CAST(NULL AS TIMESTAMP));

2、已存在标准目录：test","1. 进入「资产-数据标准-标准定义」页面
2. 新建标准配置如下：
「中文名称」：「总额」
「英文名称」：「amount」
「英文缩写」：「at」
「标准目录」：「test」
「车型」：「小米su7，保时捷718」
1）小米su7：
「数据类型」：「数值型」
「数据长度」：「<=5」
「数据精度」：「3/2」
「是否允许为空」：「不可空」
「是否允许重复」：「不可重复」
「默认值」：「1」
「取值范围」：「>=10且<=280」
「初始值」：「2」
「无效值」：「0.1」
「精度倍数」：「2.2」
「偏移量」：「0.02」；
2）保时捷718：
「数据类型」：「数值型」
「数据长度」：「<=5」
「数据精度」：「3/2」
「是否允许为空」：「不可空」
「是否允许重复」：「不可重复」
「默认值」：「1」
「取值范围」：「>=180且<=999」
「初始值」：「2」
「无效值」：「0.1」
「精度倍数」：「2.2」
「偏移量」：「0.02」；
点击【上线】
3. 点击「标准映射」页面，进行标准映射
4. 给该标准绑定字段：绑定amount字段
5. 点击「落标检查」页面，新增检查任务，检查内容配置如下：
「数据源」：「${DATASOURCE}」
「数据库」：「${DATABASE}」
「数据表」：「order_info」
「选择已有分区」：「dt=2026-01-12」
「标准目录」：「test」
「车型关联字段」：「car_model」；
点击【下一步】
6. 开启amount字段的检查，设置检查项为：字符串长度、数据精度、空值数、取值范围、精度倍数；
点击【下一步】
7. 配置调度属性为按天运行，其余内容正确配置；点击【新增并立即执行】
8. 等待检查完成，查看【落标检查设置】tab列表
9. 点击【操作-查看结果详情】
10. 查看【落标检查结果】tab列表
11. 点击【操作-查看详情】
12. 根据文档步骤通过底层数据库查看该检查任务的sql
13. 等待该检查任务按周期运行完成，查看结果详情","1. 页面正常打开
2. 内容配置成功；
标准成功上线
3. 标准映射列表新增该标准
4. 字段绑定成功
5. 检查内容配置成功；
进入选择字段页面
6. 成功开启检查并设置检查项；
进入调度配置页面
7. 保存成功，任务进入检查中状态
8. 1）显示对应的正确数据表名称、所属数据源、所属数据库、检查字段数/总字段数、检查周期、检查状态、标准达标率、不达标字段数/检查失败数、最近编辑时间、最近检查时间、操作。
2）其中标准达标率为“100%”，不达标字段数/检查失败数为“0/0”
9. 跳转至【落标检查结果】tab
10. 1）显示对应的正确数据源、数据库、数据表、字段、检查状态、是否达标、检查开始时间、检查结束时间、操作。
2）其中检查状态为“检查完成”，是否达标为“达标”
11. 检查结果详情包含以下信息：
1）检查信息：检查数据源、数据库、数据表、字段与配置的内容一致；
2）检查结果列表：字符串长度、数据精度、空值数、取值范围、精度倍数都显示“达标”，开始检查时间、结束检查时间正确，操作为“--”
3）关联标准详情与前面配置的内容一致
12. sql进行合并：
1）源表只扫描一次：FROM 后面的源表只出现 1 次；
​2）所有可合并规则写在同一个select里面：用多个 SUM (CASE WHEN) 把规则并行计算；
3）计算后再把结果拆成多行，每行代表单个规则进行输出，最终把结果插入同一张脏数据表
13. 5个检查项都达标，详情正确","1. 
2. 
3. 
4. 
5. 
6. 
7. 
8. 
9. 
10. 
11. 
12. 
13.","","1","功能测试","功能测试阶段","正常","0","2","13","通过","听筠","2026-06-03","","0000-00-00","1","",""
"186427","数据资产_STD(#23)","/版本迭代测试用例/v6.4.11/【岚图】【数据资产】落标检查任务性能优化，规则sql合并/可合并(#10605)","【岚图】【数据资产】数据质量任务、落标检查任务性能优化，规则sql合并(#15862)","无车型 验证「无车型」-「字符串长度+数据精度+精度倍数+空值数+取值范围」校验全未达标功能","1、已存在表test_info_1
CREATE TABLE pw_test.test_info_1 (
id INT COMMENT &#039;用户ID&#039;,
string_num STRING COMMENT &#039;string类型的编号&#039;,
name STRING COMMENT &#039;姓名&#039;,
money DOUBLE COMMENT &#039;金额&#039;,
byte_field BYTE COMMENT &#039;byte类型字段&#039;,
short_field SHORT COMMENT &#039;short类型字段&#039;,
long_field LONG COMMENT &#039;long类型字段&#039;,
float_field FLOAT COMMENT &#039;float类型字段&#039;,
decimal_field DECIMAL(10,2) COMMENT &#039;decimal类型字段&#039;,
boolean_field BOOLEAN COMMENT &#039;boolean类型字段&#039;,
date_field DATE COMMENT &#039;date类型字段&#039;,
timestamp_field TIMESTAMP COMMENT &#039;timestamp类型字段&#039;
)
COMMENT &#039;测试信息表&#039;
PARTITIONED BY (
dt STRING COMMENT &#039;分区日期，格式：yyyy-MM-dd&#039;
)
STORED AS ORC;
-- dt = &#039;2026-05-27&#039;
INSERT INTO pw_test.test_info_1 PARTITION (dt=&#039;2026-05-27&#039;)
VALUES
(2, &#039;A001&#039;, &#039;王小明&#039;, 4.00, 20, 1, 10, 65.5, 99.99, TRUE, DATE &#039;2025-01-01&#039;, TIMESTAMP &#039;2026-05-27 08:30:00&#039;),
(4, &#039;B002&#039;, &#039;陈小红&#039;, 6.00, 25, 200, 200, 70.2, 199.99, FALSE, DATE &#039;2025-02-15&#039;, TIMESTAMP &#039;2026-05-27 10:15:00&#039;),
(6, &#039;C003&#039;, &#039;张大力&#039;, 10.00, 30, 300, 300, 75.8, 299.99, TRUE, DATE &#039;2025-03-20&#039;, TIMESTAMP &#039;2026-05-27 14:45:00&#039;),
(8, &#039;D004&#039;, &#039;李芳芳&#039;, 14.00, 22, 150, 150, 68.3, 399.99, FALSE, DATE &#039;2025-04-10&#039;, TIMESTAMP &#039;2026-05-27 09:20:00&#039;),
(10, &#039;E005&#039;, &#039;刘建国&#039;, 18.00, 28, 250, 250, 72.6, 499.99, TRUE, DATE &#039;2025-05-05&#039;, TIMESTAMP &#039;2026-05-27 16:00:00&#039;),
(12, &#039;F006&#039;, &#039;赵丽丽&#039;, 20.00, 35, 350, 350, 80.1, 599.99, FALSE, DATE &#039;2025-06-25&#039;, TIMESTAMP &#039;2026-05-27 11:30:00&#039;);
-- dt = &#039;2026-05-28&#039;
INSERT INTO pw_test.test_info_1 PARTITION (dt=&#039;2026-05-28&#039;)
VALUES
(101, &#039;XYZ001&#039;, &#039;欧阳静&#039;, 24.00, 100, 32767, NULL, 85.5, 888.88, FALSE, CAST(NULL AS DATE), CAST(&#039;2026-05-28 09:00:00&#039; AS TIMESTAMP)),
(102, &#039;XYZ002&#039;, &#039;慕容白&#039;, NULL, -50, -200, -5000, -10.5, -94879459.99, NULL, CAST(&#039;2024-11-15&#039; AS DATE), CAST(NULL AS TIMESTAMP)),
(NULL, &#039;XYZ003&#039;, &#039;令狐冲&#039;, 123.45, 107, 32767, 9223372036854775807, 99.9984545, 1234.56, FALSE, CAST(&#039;2024-10-20&#039; AS DATE), CAST(&#039;2026-05-28 15:45:00&#039; AS TIMESTAMP)),
(102, &#039;XYZ001&#039;, &#039;欧阳静&#039;, 25.001548952140236541, NULL, NULL, 0, NULL, 1234.56, TRUE, CAST(&#039;2024-11-15&#039; AS DATE), CAST(&#039;2026-05-28 11:20:00&#039; AS TIMESTAMP)),
(105, NULL, NULL, 18.50, 100, 999, 0, 88.8, NULL, FALSE, CAST(&#039;2024-08-05&#039; AS DATE), CAST(&#039;2026-05-28 14:10:00&#039; AS TIMESTAMP)),
(106, &#039;XYZ003&#039;, NULL, 123.45, 107, 999, 90, 88.8, 888.88, TRUE, CAST(&#039;2024-07-25&#039; AS DATE), CAST(&#039;2026-05-28 09:00:00&#039; AS TIMESTAMP));
2、已存在标准目录：test","1. 进入「资产-数据标准-标准定义」页面
2. 新建标准配置如下：
「中文名称」：「金额」
「英文名称」：「money」
「英文缩写」：「my」
「标准目录」：「test」
无车型
「数据类型」：「字符型」
「数据长度」：「<=10」
「数据精度」：「2/2」
「是否允许为空」：「不可空」
「是否允许重复」：「不可重复」
「默认值」：「1」
「取值范围」：「>1且<=50」
「初始值」：「2」
「无效值」：「0.1」
「精度倍数」：「2」
「偏移量」：「0.02」；
点击【上线】
3. 点击「标准映射」页面，进行标准映射
4. 给该标准绑定字段：绑定money字段
5. 点击「落标检查」页面，新增检查任务，检查内容配置如下：
「数据源」：「${DATASOURCE}」
「数据库」：「${DATABASE}」
「数据表」：「test_info_1」
「手动输入分区」：「dt=2026-05-28」
「标准目录」：「test」
不配置「车型关联字段」；
点击【下一步】
6. 开启money字段的检查，设置检查项为：字符串长度、数据精度、空值数、取值范围、精度倍数；
点击【下一步】
7. 配置调度属性为按天运行，其余内容正确配置；点击【新增并立即执行】
8. 等待检查完成，查看【落标检查设置】tab列表
9. 点击【操作-查看结果详情】
10. 查看【落标检查结果】tab列表
11. 点击【操作-查看详情】
12. 点击列表里检查项对应的的【操作-查看详情】
13. 根据文档步骤通过底层数据库查看该检查任务的sql
14. 等待该检查任务按周期运行完成，查看结果详情","1. 页面正常打开
2. 内容配置成功；
标准成功上线
3. 标准映射列表新增该标准
4. 字段绑定成功
5. 检查内容配置成功；
进入选择字段页面
6. 成功开启检查并设置检查项；
进入调度配置页面
7. 保存成功，任务进入检查中状态
8. 1）显示对应的正确数据表名称、所属数据源、所属数据库、检查字段数/总字段数、检查周期、检查状态、标准达标率、不达标字段数/检查失败数、最近编辑时间、最近检查时间、操作。
2）其中标准达标率为“0%”，不达标字段数/检查失败数为“1/0”
9. 跳转至【落标检查结果】tab
10. 1）显示对应的正确数据源、数据库、数据表、字段、检查状态、是否达标、检查开始时间、检查结束时间、操作。
2）其中检查状态为“检查完成”，是否达标为“未达标”
11. 检查结果详情包含以下信息：
1）检查信息：检查数据源、数据库、数据表、字段与配置的内容一致；
2）检查结果列表：字符串长度、数据精度、空值数、取值范围、精度倍数都显示“未达标”，开始检查时间、结束检查时间正确，操作为“查看详情”
3）关联标准详情与前面配置的内容一致
12. 1）为脏数据明细，显示不符合检查项的数据，标红展示
2）行数<=100
13. sql进行合并：
1）源表只扫描一次：FROM 后面的源表只出现 1 次；
​2）所有可合并规则写在同一个select里面：用多个 SUM (CASE WHEN) 把规则并行计算；
3）计算后再把结果拆成多行，每行代表单个规则进行输出，最终把结果插入同一张脏数据表
14. 5个检查项都未达标，详情正确，脏数据明细正确","1. 
2. 
3. 
4. 
5. 
6. 
7. 
8. 
9. 
10. 
11. 
12. 
13. 
14.","","1","功能测试","功能测试阶段","正常","0","0","14","","听筠","2026-06-03","听筠","2026-06-04","2","",""
"186426","数据资产_STD(#23)","/版本迭代测试用例/v6.4.11/【岚图】【数据资产】落标检查任务性能优化，规则sql合并/可合并(#10605)","【岚图】【数据资产】数据质量任务、落标检查任务性能优化，规则sql合并(#15862)","无车型 验证「无车型」-「字符串长度+数据精度+精度倍数+空值数+取值范围」校验全达标功能","1、已存在表test_info_1
CREATE TABLE pw_test.test_info_1 (
id INT COMMENT &#039;用户ID&#039;,
string_num STRING COMMENT &#039;string类型的编号&#039;,
name STRING COMMENT &#039;姓名&#039;,
money DOUBLE COMMENT &#039;金额&#039;,
byte_field BYTE COMMENT &#039;byte类型字段&#039;,
short_field SHORT COMMENT &#039;short类型字段&#039;,
long_field LONG COMMENT &#039;long类型字段&#039;,
float_field FLOAT COMMENT &#039;float类型字段&#039;,
decimal_field DECIMAL(10,2) COMMENT &#039;decimal类型字段&#039;,
boolean_field BOOLEAN COMMENT &#039;boolean类型字段&#039;,
date_field DATE COMMENT &#039;date类型字段&#039;,
timestamp_field TIMESTAMP COMMENT &#039;timestamp类型字段&#039;
)
COMMENT &#039;测试信息表&#039;
PARTITIONED BY (
dt STRING COMMENT &#039;分区日期，格式：yyyy-MM-dd&#039;
)
STORED AS ORC;
-- dt = &#039;2026-05-27&#039;
INSERT INTO pw_test.test_info_1 PARTITION (dt=&#039;2026-05-27&#039;)
VALUES
(2, &#039;A001&#039;, &#039;王小明&#039;, 4.00, 20, 1, 10, 65.5, 99.99, TRUE, DATE &#039;2025-01-01&#039;, TIMESTAMP &#039;2026-05-27 08:30:00&#039;),
(4, &#039;B002&#039;, &#039;陈小红&#039;, 6.00, 25, 200, 200, 70.2, 199.99, FALSE, DATE &#039;2025-02-15&#039;, TIMESTAMP &#039;2026-05-27 10:15:00&#039;),
(6, &#039;C003&#039;, &#039;张大力&#039;, 10.00, 30, 300, 300, 75.8, 299.99, TRUE, DATE &#039;2025-03-20&#039;, TIMESTAMP &#039;2026-05-27 14:45:00&#039;),
(8, &#039;D004&#039;, &#039;李芳芳&#039;, 14.00, 22, 150, 150, 68.3, 399.99, FALSE, DATE &#039;2025-04-10&#039;, TIMESTAMP &#039;2026-05-27 09:20:00&#039;),
(10, &#039;E005&#039;, &#039;刘建国&#039;, 18.00, 28, 250, 250, 72.6, 499.99, TRUE, DATE &#039;2025-05-05&#039;, TIMESTAMP &#039;2026-05-27 16:00:00&#039;),
(12, &#039;F006&#039;, &#039;赵丽丽&#039;, 20.00, 35, 350, 350, 80.1, 599.99, FALSE, DATE &#039;2025-06-25&#039;, TIMESTAMP &#039;2026-05-27 11:30:00&#039;);
-- dt = &#039;2026-05-28&#039;
INSERT INTO pw_test.test_info_1 PARTITION (dt=&#039;2026-05-28&#039;)
VALUES
(101, &#039;XYZ001&#039;, &#039;欧阳静&#039;, 24.00, 100, 32767, NULL, 85.5, 888.88, FALSE, CAST(NULL AS DATE), CAST(&#039;2026-05-28 09:00:00&#039; AS TIMESTAMP)),
(102, &#039;XYZ002&#039;, &#039;慕容白&#039;, NULL, -50, -200, -5000, -10.5, -94879459.99, NULL, CAST(&#039;2024-11-15&#039; AS DATE), CAST(NULL AS TIMESTAMP)),
(NULL, &#039;XYZ003&#039;, &#039;令狐冲&#039;, 123.45, 107, 32767, 9223372036854775807, 99.9984545, 1234.56, FALSE, CAST(&#039;2024-10-20&#039; AS DATE), CAST(&#039;2026-05-28 15:45:00&#039; AS TIMESTAMP)),
(102, &#039;XYZ001&#039;, &#039;欧阳静&#039;, 25.001548952140236541, NULL, NULL, 0, NULL, 1234.56, TRUE, CAST(&#039;2024-11-15&#039; AS DATE), CAST(&#039;2026-05-28 11:20:00&#039; AS TIMESTAMP)),
(105, NULL, NULL, 18.50, 100, 999, 0, 88.8, NULL, FALSE, CAST(&#039;2024-08-05&#039; AS DATE), CAST(&#039;2026-05-28 14:10:00&#039; AS TIMESTAMP)),
(106, &#039;XYZ003&#039;, NULL, 123.45, 107, 999, 90, 88.8, 888.88, TRUE, CAST(&#039;2024-07-25&#039; AS DATE), CAST(&#039;2026-05-28 09:00:00&#039; AS TIMESTAMP));

2、已存在标准目录：test","1. 进入「资产-数据标准-标准定义」页面
2. 新建标准配置如下：
「中文名称」：「金额」
「英文名称」：「money」
「英文缩写」：「my」
「标准目录」：「test」
无车型
「数据类型」：「字符型」
「数据长度」：「<=20」
「数据精度」：「2/2」
「是否允许为空」：「不可空」
「是否允许重复」：「不可重复」
「默认值」：「1」
「取值范围」：「>1且<=50」
「初始值」：「2」
「无效值」：「0.1」
「精度倍数」：「2」
「偏移量」：「0.02」；
点击【上线】
3. 点击「标准映射」页面，进行标准映射
4. 给该标准绑定字段：绑定money字段
5. 点击「落标检查」页面，新增检查任务，检查内容配置如下：
「数据源」：「${DATASOURCE}」
「数据库」：「${DATABASE}」
「数据表」：「test_info_1」
「选择已有分区」：「dt=2026-05-27」
「标准目录」：「test」
不配置「车型关联字段」；
点击【下一步】
6. 开启money字段的检查，设置检查项为：字符串长度、数据精度、空值数、取值范围、精度倍数；
点击【下一步】
7. 配置调度属性为按天运行，其余内容正确配置；点击【新增并立即执行】
8. 等待检查完成，查看【落标检查设置】tab列表
9. 点击【操作-查看结果详情】
10. 查看【落标检查结果】tab列表
11. 点击【操作-查看详情】
12. 根据文档步骤通过底层数据库查看该检查任务的sql
13. 等待该检查任务按周期运行完成，查看结果详情","1. 页面正常打开
2. 内容配置成功；
标准成功上线
3. 标准映射列表新增该标准
4. 字段绑定成功
5. 检查内容配置成功；
进入选择字段页面
6. 成功开启检查并设置检查项；
进入调度配置页面
7. 保存成功，任务进入检查中状态
8. 1）显示对应的正确数据表名称、所属数据源、所属数据库、检查字段数/总字段数、检查周期、检查状态、标准达标率、不达标字段数/检查失败数、最近编辑时间、最近检查时间、操作。
2）其中标准达标率为“100%”，不达标字段数/检查失败数为“0/0”
9. 跳转至【落标检查结果】tab
10. 1）显示对应的正确数据源、数据库、数据表、字段、检查状态、是否达标、检查开始时间、检查结束时间、操作。
2）其中检查状态为“检查完成”，是否达标为“达标”
11. 检查结果详情包含以下信息：
1）检查信息：检查数据源、数据库、数据表、字段与配置的内容一致；
2）检查结果列表：字符串长度、数据精度、空值数、取值范围、精度倍数都显示“达标”，开始检查时间、结束检查时间正确，操作为“--”
3）关联标准详情与前面配置的内容一致
12. sql进行合并：
1）源表只扫描一次：FROM 后面的源表只出现 1 次；
​2）所有可合并规则写在同一个select里面：用多个 SUM (CASE WHEN) 把规则并行计算；
3）计算后再把结果拆成多行，每行代表单个规则进行输出，最终把结果插入同一张脏数据表
13. 5个检查项都达标，详情正确","1. 
2. 
3. 
4. 
5. 
6. 
7. 
8. 
9. 
10. 
11. 
12. 
13.","","2","功能测试","功能测试阶段","正常","0","0","13","","听筠","2026-06-03","","0000-00-00","1","",""
"186008","数据资产_STD(#23)","/版本迭代测试用例/v6.4.11/【岚图】【数据资产】数据质量任务性能优化，规则sql合并/doris3.x(#10584)","【岚图】【数据资产】数据质量任务、落标检查任务性能优化，规则sql合并(#15862)","可合并+不可合并 验证「可合并和不可合并」-「抽样开启」-「设置分区」-「不同过滤条件」-「包含强弱规则」-「多规则包」校验功能","已有表test_info_1
CREATE TABLE test_info_1 (
id INT COMMENT &#039;用户ID&#039;,
age INT COMMENT &#039;年龄&#039;,
string_num STRING COMMENT &#039;string类型的编号&#039;,
name STRING COMMENT &#039;姓名&#039;,
address STRING COMMENT &#039;地址&#039;,
money STRING COMMENT &#039;金额&#039;,
buy_date DATE COMMENT &#039;购买日期&#039;,
date_detail STRING COMMENT &#039;日期详情&#039;,
dt DATE COMMENT &#039;分区日期，格式：yyyy-MM-dd&#039;
)
COMMENT &#039;测试信息表&#039;
PARTITION BY RANGE(dt) ()
DISTRIBUTED BY HASH(id) BUCKETS 10
PROPERTIES (
“replication_num“ = “1“,
“compression“ = “LZ4“
);

-- 手动添加分区
ALTER TABLE test_info_1 ADD PARTITION p20260519 VALUES [(&#039;2026-05-19&#039;), (&#039;2026-05-20&#039;));

-- 插入数据
INSERT INTO test_info_1
SELECT
1 + user_idx AS id,
CASE user_idx
WHEN 0 THEN 25 WHEN 1 THEN 30 WHEN 2 THEN 28
WHEN 3 THEN 35 WHEN 4 THEN 22 ELSE 29
END AS age,
CASE user_idx
WHEN 0 THEN &#039;001&#039; WHEN 1 THEN &#039;002&#039; WHEN 2 THEN &#039;003&#039;
WHEN 3 THEN &#039;004&#039; WHEN 4 THEN &#039;005&#039; ELSE &#039;006&#039;
END AS string_num,
CASE user_idx
WHEN 0 THEN &#039;张三&#039; WHEN 1 THEN &#039;李四&#039; WHEN 2 THEN &#039;王五&#039;
WHEN 3 THEN &#039;赵六&#039; WHEN 4 THEN &#039;小明&#039; ELSE &#039;小红&#039;
END AS name,
CASE user_idx
WHEN 0 THEN &#039;北京市朝阳区&#039; WHEN 1 THEN &#039;上海市浦东新区&#039; WHEN 2 THEN &#039;广州市天河区&#039;
WHEN 3 THEN &#039;深圳市南山区&#039; WHEN 4 THEN &#039;杭州市西湖区&#039; ELSE &#039;成都市武侯区&#039;
END AS address,
CASE user_idx
WHEN 0 THEN &#039;5000.00&#039; WHEN 1 THEN &#039;6800.50&#039; WHEN 2 THEN &#039;4200.00&#039;
WHEN 3 THEN &#039;9500.00&#039; WHEN 4 THEN &#039;3100.00&#039; ELSE &#039;5600.00&#039;
END AS money,
DATE_ADD(CURRENT_DATE(), INTERVAL -30 + user_idx DAY) AS buy_date,
CASE user_idx
WHEN 0 THEN &#039;订单已完成&#039; WHEN 1 THEN &#039;待发货&#039; WHEN 2 THEN &#039;已取消&#039;
WHEN 3 THEN &#039;配送中&#039; WHEN 4 THEN &#039;已完成&#039; ELSE &#039;退款中&#039;
END AS date_detail,
DATE(&#039;2026-05-19&#039;) AS dt
FROM (
SELECT 0 AS user_idx UNION ALL
SELECT 1 UNION ALL
SELECT 2 UNION ALL
SELECT 3 UNION ALL
SELECT 4 UNION ALL
SELECT 5
) users;","1. 进入「资产-数据质量-规则集管理-基础信息」页面
2. 「选择数据源」选择「${DATASOURCE}」
「选择数据库」选择「${DATABASE}」
「选择数据表」选择「${TABLE}」
「规则包名称」填写「可合并+不可合并+抽样开启+设置分区+不同过滤条件+包含强弱规则+多规则包」
3. 点击「新增规则包」-「可合并+不可合并+抽样开启+设置分区+不同过滤条件+包含强弱规则+多规则包」，点击【添加规则-完整性校验】
4. 「监控规则1」配置如下：
「生效范围」：「字段级」
「字段」：「id，age」
「字段间规则逻辑」：「and」
「统计函数」：「空值数」
「过滤条件」：「手动配置：id<=100」
「校验方法」：「固定值」
「期望值」：「!=1」
「强弱规则」选择「弱规则」
「规则描述」输入「测试规则」
5. 「监控规则2」配置如下：
「生效范围」：「字段级」
「字段」：「id，age」
「字段间规则逻辑」：「or」
「统计函数」：「空值率」
「校验方法」：「固定值」
「期望值」：「=0」
「强弱规则」选择「强规则」
「规则描述」输入「测试规则」
6. 「监控规则3」配置如下：
「生效范围」：「字段级」
「字段」：「name」
「统计函数」：「空串数」
「过滤条件」：「手动配置：id<=100」
「校验方法」：「固定值」
「期望值」：「>0」
「强弱规则」选择「强规则」
「规则描述」输入「测试规则」
7. 「监控规则4」配置如下：
「生效范围」：「字段级」
「字段」：「name」
「统计函数」：「空串率」
「过滤条件」：「手动配置：id<=80」
「校验方法」：「固定值」
「期望值」：「=1」
「强弱规则」选择「弱规则」
「规则描述」输入「测试规则」
8. 「监控规则5」配置如下：
「生效范围」：「单表」
「统计函数」：「表行数」
「过滤条件」：「手动配置：id<=100」
「校验方法」：「固定值」
「期望值」：「>0」
「强弱规则」选择「弱规则」
「规则描述」输入「测试规则」
9. 「监控规则6」配置如下：（不合并）
「生效范围」：「字段级」
「字段」：「string_num」
「统计函数」：「字段取值校验」
「过滤条件」：「手动配置：id<=100」
「期望值」：「>=1」
「强弱规则」选择「弱规则」
「规则描述」输入「测试规则」
10. 点击【添加规则-有效性校验】
11. 「监控规则7」配置如下：
「字段」：「id」
「统计函数」：「数值-取值范围」
「过滤条件」：「手动配置：id<=100」
「校验方法」：「固定值」
「期望值」：「>0且<=100」
「强弱规则」选择「弱规则」
「规则描述」输入「测试规则」
12. 「监控规则8」配置如下：
「字段」：「string_num」
「统计函数」：「数值-枚举个数」
「过滤条件」：「手动配置：id>=100且<300」
「校验方法」：「固定值」
「期望值」：「>=1」
「强弱规则」选择「强规则」
「规则描述」输入「测试规则」
13. 「监控规则9」配置如下：
「字段」：「age」
「统计函数」：「枚举值」
「过滤条件」：「手动配置：id<=100」
「枚举值信息」：「not in 25,30,28,35」
「强弱规则」选择「弱规则」
「规则描述」输入「测试规则」
14. 「监控规则10」配置如下：
「字段」：「id」
「统计函数」：「取值范围&枚举范围」
「取值范围」：「期望值>0且<5」
「枚举值」：「in 1」
「取值范围和枚举值关系」：「且」
「强弱规则」选择「强规则」
「规则描述」输入「测试规则」
15. 「监控规则11」配置如下：（不合并）
「字段」：「address」
「统计规则」：「字符串长度」
「校验方法」：「固定值」
「期望值」：「>=1」
「过滤条件」：「手动配置：id<=100」
「强弱规则」选择「弱规则」
「规则描述」输入「测试规则」
16. 点击【添加规则-唯一性校验】
17. 「监控规则12」配置如下：
「字段」：「id」
「统计函数」：「重复数」
「过滤条件」：「手动配置：id<=100」
「校验方法」：「固定值」
「期望值」：「=0」
「强弱规则」选择「弱规则」
「规则描述」输入「测试规则」
18. 「监控规则13」配置如下：
「字段」：「age」
「统计函数」：「多表唯一性判断」
「过滤条件」：「手动配置：id<=100」
「校验字段逻辑」：「唯一」
「和其他表的校验关系」：「且」
「选择对比表」：「${TABLE}」
「对比表字段」：「id」
「校验字段逻辑」：「唯一」
「强弱规则」选择「弱规则」
「规则描述」输入「测试规则」
19. 点击【添加规则-统计性校验】
20. 「监控规则14」配置如下：
「字段」：「name」
「统计函数」：「异常值检测」
「过滤条件」：「手动配置：id<=100」
「校验方法」：「IQR离群点数量」
「期望值」：「=1」
「强弱规则」选择「弱规则」
「规则描述」输入「测试规则」
21. 点击【添加规则-自定义SQL】
22. 「监控规则15」配置如下：
「规则类型」：「完整性校验」
「引用规则」：「自定义规则测试」
「sql」：「select * from ${tableName} where ${colName} = ${value}」
「参数」：「${tableName}：pw_test.test_info_1」、「${colName}：id」、「${value}：1」
「校验方法」：「固定值」
「期望值」：「=1」
「强弱规则」选择「弱规则」
「规则描述」输入「测试规则」
23. 点击【添加规则-一致性校验】
24. 「监控规则16」配置如下：
「校验类型」：「多表数据一致性比对」
「选择校验字段」：「id、name」
「选择校验表主键」：「id」
「对比表」：「${TABLE}」
「选择对比表主键」：「id」
「校验表比对字段」：「id」、「name」
「对比表1」：「id」、「name」
「强弱规则」选择「弱规则」
「规则描述」输入「测试规则」
25. 点击【添加规则-时效性校验】
26. 「监控规则17」配置如下：
「字段」：「buy_date」
「统计函数」：「周期性校验（单字段时间差校验）」
「过滤条件」：「手动配置：id<=100」
「选择排序字段」：「id」
「时间差」：「>=1秒」
「强弱规则」选择「弱规则」
「规则描述」输入「测试规则」
27. 「监控规则18」配置如下：
「字段」：「id」
「统计函数」：「及时性校验（多字段时间差校验）」
「过滤条件」：「手动配置：id<=100」
「选择对比字段组」：「buy_date、dt」
「时间差」：「<1分钟」
「大小关系」：「buy_date<dt」
「强弱规则」选择「弱规则」
「规则描述」输入「测试规则」
28. 点击【添加规则-合理性校验】
29. 「监控规则19」配置如下：
「字段」：「age」
「统计函数」：「数据变化趋势」
「过滤条件」：「手动配置：id<=100」
「选择排序字段」：「id」
「校验方法」：「单调递增」
「强弱规则」选择「弱规则」
「规则描述」输入「测试规则」
30. 「监控规则20」配置如下：
「字段」：「age」
「统计函数」：「字段值计算对比」
「过滤条件」：「手动配置：id<=100」
「计算逻辑配置」：「cast(string_num as double)*(id+age)」
「对比方法」：「计算结果与字段对比」、「age<「计算结果与字段对比」」
「强弱规则」选择「弱规则」
「规则描述」输入「测试规则」
31. 点击【保存】按钮
32. 进入「规则任务管理-监控对象」页面
33. 「规则名称」输入「test_rule」
「选择数据源」选择「${DATASOURCE}」
「选择数据库」选择「${DATABASE}」
「选择数据表」选择「${TABLE}」
选择已有分区
「抽样检查设置」：「抽样设置：百分比抽样50%」
34. 引入规则包「可合并+不可合并+抽样开启+设置分区+不同过滤条件+包含强弱规则+多规则包」，点击「下一步」按钮
35. 配置「调度属性」，设置「规则拼接包」为「10」，保存规则，且「调度属性」中配置「规则报告」为最新结果
36. 点开规则详情，查看规则sql
37. 临时运行规则，查看实例详情
38. 查看质量报告","1. 页面正常打开
2. 其余不进行合并：
1）每一条校验规则，都单独去扫描一遍源数据表；
2）各个规则的判断计算语句都是分开写的，一条规则对应一段查询逻辑；
3）每条规则算出结果后单独成行，最后拼接把所有规则数据凑到一起；
4）不同规则的数据分开存入不同的脏数据表
3. 抽样开启：sql有rand()函数和 tableName_temp_sample_table_xxx 临时抽样表
4. 监控规则1配置完成
5. 监控规则2配置完成
6. 监控规则3配置完成
7. 监控规则4配置完成
8. 监控规则5配置完成
9. 监控规则6配置完成
10. 选择成功，页面显示「有效性校验」规则配置区域
11. 监控规则7配置完成
12. 监控规则8配置完成
13. 监控规则9配置完成
14. 监控规则10配置完成
15. 监控规则11配置完成
16. 选择成功，页面显示「唯一性校验」规则配置区域
17. 监控规则12配置完成
18. 监控规则13配置完成
19. 选择成功，页面显示「统计性校验」规则配置区域
20. 监控规则14配置完成
21. 选择成功，页面显示「自定义SQL」规则配置区域
22. 监控规则15配置完成
23. 选择成功，页面显示「一致性校验」规则配置区域
24. 监控规则16配置完成
25. 选择成功，页面显示「时效性校验」规则配置区域
26. 监控规则17配置完成
27. 监控规则18配置完成
28. 选择成功，页面显示「合理性校验」规则配置区域
29. 监控规则19配置完成
30. 监控规则20配置完成
31. 规则保存成功
32. 页面正常打开
33. 监控对象配置成功；
进入「监控规则」配置页
34. 引入正确，规则内容置灰，进入「调度属性」
35. 规则保存成功
36. 1、过滤条件相同的规则按强弱分类进行合并：1、5、7、9进行合并；2、10进行合并。
1）源表只扫描一次：FROM 后面的源表只出现 1 次；
​2）合并的子规则写在同一个select里面：用多个 SUM (CASE WHEN) 把规则并行计算；
3）计算后再把结果拆成多行，每行代表单个规则进行输出，最终把结果插入同一张脏数据表
37. 结果符合预期，且实例详情展示正确，未通过的子规则可查看明细
38. 结果正确，符合配置的规则内容","1. 
2. 
3. 
4. 
5. 
6. 
7. 
8. 
9. 
10. 
11. 
12. 
13. 
14. 
15. 
16. 
17. 
18. 
19. 
20. 
21. 
22. 
23. 
24. 
25. 
26. 
27. 
28. 
29. 
30. 
31. 
32. 
33. 
34. 
35. 
36. 
37. 
38.","","1","功能测试","功能测试阶段","正常","0","0","38","","听筠","2026-05-26","","0000-00-00","1","",""
"186007","数据资产_STD(#23)","/版本迭代测试用例/v6.4.11/【岚图】【数据资产】数据质量任务性能优化，规则sql合并/doris3.x(#10584)","【岚图】【数据资产】数据质量任务、落标检查任务性能优化，规则sql合并(#15862)","可合并+不可合并 验证「可合并和不可合并」-「抽样开启」-「设置分区」-「不同过滤条件」-「包含强弱规则」-「单规则包」校验功能","已有表test_info_1
CREATE TABLE test_info_1 (
id INT COMMENT &#039;用户ID&#039;,
age INT COMMENT &#039;年龄&#039;,
string_num STRING COMMENT &#039;string类型的编号&#039;,
name STRING COMMENT &#039;姓名&#039;,
address STRING COMMENT &#039;地址&#039;,
money STRING COMMENT &#039;金额&#039;,
buy_date DATE COMMENT &#039;购买日期&#039;,
date_detail STRING COMMENT &#039;日期详情&#039;,
dt DATE COMMENT &#039;分区日期，格式：yyyy-MM-dd&#039;
)
COMMENT &#039;测试信息表&#039;
PARTITION BY RANGE(dt) ()
DISTRIBUTED BY HASH(id) BUCKETS 10
PROPERTIES (
“replication_num“ = “1“,
“compression“ = “LZ4“
);

-- 手动添加分区
ALTER TABLE test_info_1 ADD PARTITION p20260519 VALUES [(&#039;2026-05-19&#039;), (&#039;2026-05-20&#039;));

-- 插入数据
INSERT INTO test_info_1
SELECT
1 + user_idx AS id,
CASE user_idx
WHEN 0 THEN 25 WHEN 1 THEN 30 WHEN 2 THEN 28
WHEN 3 THEN 35 WHEN 4 THEN 22 ELSE 29
END AS age,
CASE user_idx
WHEN 0 THEN &#039;001&#039; WHEN 1 THEN &#039;002&#039; WHEN 2 THEN &#039;003&#039;
WHEN 3 THEN &#039;004&#039; WHEN 4 THEN &#039;005&#039; ELSE &#039;006&#039;
END AS string_num,
CASE user_idx
WHEN 0 THEN &#039;张三&#039; WHEN 1 THEN &#039;李四&#039; WHEN 2 THEN &#039;王五&#039;
WHEN 3 THEN &#039;赵六&#039; WHEN 4 THEN &#039;小明&#039; ELSE &#039;小红&#039;
END AS name,
CASE user_idx
WHEN 0 THEN &#039;北京市朝阳区&#039; WHEN 1 THEN &#039;上海市浦东新区&#039; WHEN 2 THEN &#039;广州市天河区&#039;
WHEN 3 THEN &#039;深圳市南山区&#039; WHEN 4 THEN &#039;杭州市西湖区&#039; ELSE &#039;成都市武侯区&#039;
END AS address,
CASE user_idx
WHEN 0 THEN &#039;5000.00&#039; WHEN 1 THEN &#039;6800.50&#039; WHEN 2 THEN &#039;4200.00&#039;
WHEN 3 THEN &#039;9500.00&#039; WHEN 4 THEN &#039;3100.00&#039; ELSE &#039;5600.00&#039;
END AS money,
DATE_ADD(CURRENT_DATE(), INTERVAL -30 + user_idx DAY) AS buy_date,
CASE user_idx
WHEN 0 THEN &#039;订单已完成&#039; WHEN 1 THEN &#039;待发货&#039; WHEN 2 THEN &#039;已取消&#039;
WHEN 3 THEN &#039;配送中&#039; WHEN 4 THEN &#039;已完成&#039; ELSE &#039;退款中&#039;
END AS date_detail,
DATE(&#039;2026-05-19&#039;) AS dt
FROM (
SELECT 0 AS user_idx UNION ALL
SELECT 1 UNION ALL
SELECT 2 UNION ALL
SELECT 3 UNION ALL
SELECT 4 UNION ALL
SELECT 5
) users;","1. 进入「资产-数据质量-规则集管理-基础信息」页面
2. 「选择数据源」选择「${DATASOURCE}」
「选择数据库」选择「${DATABASE}」
「选择数据表」选择「${TABLE}」
「规则包名称」填写「可合并+不可合并+抽样开启+设置分区+不同过滤条件+包含强弱规则+单规则包」
3. 点击「新增规则包」-「可合并+不可合并+抽样开启+设置分区+不同过滤条件+包含强弱规则+单规则包」，点击【添加规则-完整性校验】
4. 「监控规则1」配置如下：
「生效范围」：「字段级」
「字段」：「id，age」
「字段间规则逻辑」：「and」
「统计函数」：「空值数」
「过滤条件」：「手动配置：id<=100」
「校验方法」：「固定值」
「期望值」：「!=1」
「强弱规则」选择「弱规则」
「规则描述」输入「测试规则」
5. 「监控规则2」配置如下：
「生效范围」：「字段级」
「字段」：「id，age」
「字段间规则逻辑」：「or」
「统计函数」：「空值率」
「校验方法」：「固定值」
「期望值」：「=0」
「强弱规则」选择「强规则」
「规则描述」输入「测试规则」
6. 「监控规则3」配置如下：
「生效范围」：「字段级」
「字段」：「name」
「统计函数」：「空串数」
「过滤条件」：「手动配置：id<=100」
「校验方法」：「固定值」
「期望值」：「>0」
「强弱规则」选择「强规则」
「规则描述」输入「测试规则」
7. 「监控规则4」配置如下：
「生效范围」：「字段级」
「字段」：「name」
「统计函数」：「空串率」
「过滤条件」：「手动配置：id<=80」
「校验方法」：「固定值」
「期望值」：「=1」
「强弱规则」选择「弱规则」
「规则描述」输入「测试规则」
8. 「监控规则5」配置如下：
「生效范围」：「单表」
「统计函数」：「表行数」
「过滤条件」：「手动配置：id<=100」
「校验方法」：「固定值」
「期望值」：「>0」
「强弱规则」选择「弱规则」
「规则描述」输入「测试规则」
9. 「监控规则6」配置如下：（不合并）
「生效范围」：「字段级」
「字段」：「string_num」
「统计函数」：「字段取值校验」
「过滤条件」：「手动配置：id<=100」
「期望值」：「>=1」
「强弱规则」选择「弱规则」
「规则描述」输入「测试规则」
10. 点击【添加规则-有效性校验】
11. 「监控规则7」配置如下：
「字段」：「id」
「统计函数」：「数值-取值范围」
「过滤条件」：「手动配置：id<=100」
「校验方法」：「固定值」
「期望值」：「>0且<=100」
「强弱规则」选择「弱规则」
「规则描述」输入「测试规则」
12. 「监控规则8」配置如下：
「字段」：「string_num」
「统计函数」：「数值-枚举个数」
「过滤条件」：「手动配置：id>=100且<300」
「校验方法」：「固定值」
「期望值」：「>=1」
「强弱规则」选择「强规则」
「规则描述」输入「测试规则」
13. 「监控规则9」配置如下：
「字段」：「age」
「统计函数」：「枚举值」
「过滤条件」：「手动配置：id<=100」
「枚举值信息」：「not in 25,30,28,35」
「强弱规则」选择「弱规则」
「规则描述」输入「测试规则」
14. 「监控规则10」配置如下：
「字段」：「id」
「统计函数」：「取值范围&枚举范围」
「取值范围」：「期望值>0且<5」
「枚举值」：「in 1」
「取值范围和枚举值关系」：「且」
「强弱规则」选择「强规则」
「规则描述」输入「测试规则」
15. 「监控规则11」配置如下：（不合并）
「字段」：「address」
「统计规则」：「字符串长度」
「校验方法」：「固定值」
「期望值」：「>=1」
「过滤条件」：「手动配置：id<=100」
「强弱规则」选择「弱规则」
「规则描述」输入「测试规则」
16. 点击【添加规则-唯一性校验】
17. 「监控规则12」配置如下：
「字段」：「id」
「统计函数」：「重复数」
「过滤条件」：「手动配置：id<=100」
「校验方法」：「固定值」
「期望值」：「=0」
「强弱规则」选择「弱规则」
「规则描述」输入「测试规则」
18. 「监控规则13」配置如下：
「字段」：「age」
「统计函数」：「多表唯一性判断」
「过滤条件」：「手动配置：id<=100」
「校验字段逻辑」：「唯一」
「和其他表的校验关系」：「且」
「选择对比表」：「${TABLE}」
「对比表字段」：「id」
「校验字段逻辑」：「唯一」
「强弱规则」选择「弱规则」
「规则描述」输入「测试规则」
19. 点击【添加规则-统计性校验】
20. 「监控规则14」配置如下：
「字段」：「name」
「统计函数」：「异常值检测」
「过滤条件」：「手动配置：id<=100」
「校验方法」：「IQR离群点数量」
「期望值」：「=1」
「强弱规则」选择「弱规则」
「规则描述」输入「测试规则」
21. 点击【添加规则-自定义SQL】
22. 「监控规则15」配置如下：
「规则类型」：「完整性校验」
「引用规则」：「自定义规则测试」
「sql」：「select * from ${tableName} where ${colName} = ${value}」
「参数」：「${tableName}：pw_test.test_info_1」、「${colName}：id」、「${value}：1」
「校验方法」：「固定值」
「期望值」：「=1」
「强弱规则」选择「弱规则」
「规则描述」输入「测试规则」
23. 点击【添加规则-一致性校验】
24. 「监控规则16」配置如下：
「校验类型」：「多表数据一致性比对」
「选择校验字段」：「id、name」
「选择校验表主键」：「id」
「对比表」：「${TABLE}」
「选择对比表主键」：「id」
「校验表比对字段」：「id」、「name」
「对比表1」：「id」、「name」
「强弱规则」选择「弱规则」
「规则描述」输入「测试规则」
25. 点击【添加规则-时效性校验】
26. 「监控规则17」配置如下：
「字段」：「buy_date」
「统计函数」：「周期性校验（单字段时间差校验）」
「过滤条件」：「手动配置：id<=100」
「选择排序字段」：「id」
「时间差」：「>=1秒」
「强弱规则」选择「弱规则」
「规则描述」输入「测试规则」
27. 「监控规则18」配置如下：
「字段」：「id」
「统计函数」：「及时性校验（多字段时间差校验）」
「过滤条件」：「手动配置：id<=100」
「选择对比字段组」：「buy_date、dt」
「时间差」：「<1分钟」
「大小关系」：「buy_date<dt」
「强弱规则」选择「弱规则」
「规则描述」输入「测试规则」
28. 点击【添加规则-合理性校验】
29. 「监控规则19」配置如下：
「字段」：「age」
「统计函数」：「数据变化趋势」
「过滤条件」：「手动配置：id<=100」
「选择排序字段」：「id」
「校验方法」：「单调递增」
「强弱规则」选择「弱规则」
「规则描述」输入「测试规则」
30. 「监控规则20」配置如下：
「字段」：「age」
「统计函数」：「字段值计算对比」
「过滤条件」：「手动配置：id<=100」
「计算逻辑配置」：「cast(string_num as double)*(id+age)」
「对比方法」：「计算结果与字段对比」、「age<「计算结果与字段对比」」
「强弱规则」选择「弱规则」
「规则描述」输入「测试规则」
31. 点击【保存】按钮
32. 进入「规则任务管理-监控对象」页面
33. 「规则名称」输入「test_rule」
「选择数据源」选择「${DATASOURCE}」
「选择数据库」选择「${DATABASE}」
「选择数据表」选择「${TABLE}」
选择已有分区
「抽样检查设置」：「抽样设置：百分比抽样50%」
34. 引入规则包「可合并+不可合并+抽样开启+设置分区+不同过滤条件+包含强弱规则+单规则包」，点击「下一步」按钮
35. 配置「调度属性」，设置「规则拼接包」为「1」，保存规则，且「调度属性」中配置「规则报告」为最新结果
36. 点开规则详情，查看规则sql
37. 临时运行规则，查看实例详情
38. 查看质量报告","1. 页面正常打开
2. 其余不进行合并：
1）每一条校验规则，都单独去扫描一遍源数据表；
2）各个规则的判断计算语句都是分开写的，一条规则对应一段查询逻辑；
3）每条规则算出结果后单独成行，最后拼接把所有规则数据凑到一起；
4）不同规则的数据分开存入不同的脏数据表
3. 抽样开启：sql有rand()函数和 tableName_temp_sample_table_xxx 临时抽样表
4. 监控规则1配置完成
5. 监控规则2配置完成
6. 监控规则3配置完成
7. 监控规则4配置完成
8. 监控规则5配置完成
9. 监控规则6配置完成
10. 选择成功，页面显示「有效性校验」规则配置区域
11. 监控规则7配置完成
12. 监控规则8配置完成
13. 监控规则9配置完成
14. 监控规则10配置完成
15. 监控规则11配置完成
16. 选择成功，页面显示「唯一性校验」规则配置区域
17. 监控规则12配置完成
18. 监控规则13配置完成
19. 选择成功，页面显示「统计性校验」规则配置区域
20. 监控规则14配置完成
21. 选择成功，页面显示「自定义SQL」规则配置区域
22. 监控规则15配置完成
23. 选择成功，页面显示「一致性校验」规则配置区域
24. 监控规则16配置完成
25. 选择成功，页面显示「时效性校验」规则配置区域
26. 监控规则17配置完成
27. 监控规则18配置完成
28. 选择成功，页面显示「合理性校验」规则配置区域
29. 监控规则19配置完成
30. 监控规则20配置完成
31. 规则保存成功
32. 页面正常打开
33. 监控对象配置成功；
进入「监控规则」配置页
34. 引入正确，规则内容置灰，进入「调度属性」
35. 规则保存成功
36. 1、过滤条件相同的规则1、3、5、7、9进行合并；规则2、10进行合并。
1）源表只扫描一次：FROM 后面的源表只出现 1 次；
​2）合并的子规则写在同一个select里面：用多个 SUM (CASE WHEN) 把规则并行计算；
3）计算后再把结果拆成多行，每行代表单个规则进行输出，最终把结果插入同一张脏数据表
37. 结果符合预期，且实例详情展示正确，未通过的子规则可查看明细
38. 结果正确，符合配置的规则内容","1. 
2. 
3. 
4. 
5. 
6. 
7. 
8. 
9. 
10. 
11. 
12. 
13. 
14. 
15. 
16. 
17. 
18. 
19. 
20. 
21. 
22. 
23. 
24. 
25. 
26. 
27. 
28. 
29. 
30. 
31. 
32. 
33. 
34. 
35. 
36. 
37. 
38.","","1","功能测试","功能测试阶段","正常","0","0","38","","听筠","2026-05-26","","0000-00-00","1","",""
"186006","数据资产_STD(#23)","/版本迭代测试用例/v6.4.11/【岚图】【数据资产】数据质量任务性能优化，规则sql合并/doris3.x(#10584)","【岚图】【数据资产】数据质量任务、落标检查任务性能优化，规则sql合并(#15862)","可合并+不可合并 验证「可合并和不可合并」-「抽样开启」-「设置分区」-「相同过滤条件」-「包含强弱规则」-「多规则包」校验功能","已有表test_info_1
CREATE TABLE test_info_1 (
id INT COMMENT &#039;用户ID&#039;,
age INT COMMENT &#039;年龄&#039;,
string_num STRING COMMENT &#039;string类型的编号&#039;,
name STRING COMMENT &#039;姓名&#039;,
address STRING COMMENT &#039;地址&#039;,
money STRING COMMENT &#039;金额&#039;,
buy_date DATE COMMENT &#039;购买日期&#039;,
date_detail STRING COMMENT &#039;日期详情&#039;,
dt DATE COMMENT &#039;分区日期，格式：yyyy-MM-dd&#039;
)
COMMENT &#039;测试信息表&#039;
PARTITION BY RANGE(dt) ()
DISTRIBUTED BY HASH(id) BUCKETS 10
PROPERTIES (
“replication_num“ = “1“,
“compression“ = “LZ4“
);

-- 手动添加分区
ALTER TABLE test_info_1 ADD PARTITION p20260519 VALUES [(&#039;2026-05-19&#039;), (&#039;2026-05-20&#039;));

-- 插入数据
INSERT INTO test_info_1
SELECT
1 + user_idx AS id,
CASE user_idx
WHEN 0 THEN 25 WHEN 1 THEN 30 WHEN 2 THEN 28
WHEN 3 THEN 35 WHEN 4 THEN 22 ELSE 29
END AS age,
CASE user_idx
WHEN 0 THEN &#039;001&#039; WHEN 1 THEN &#039;002&#039; WHEN 2 THEN &#039;003&#039;
WHEN 3 THEN &#039;004&#039; WHEN 4 THEN &#039;005&#039; ELSE &#039;006&#039;
END AS string_num,
CASE user_idx
WHEN 0 THEN &#039;张三&#039; WHEN 1 THEN &#039;李四&#039; WHEN 2 THEN &#039;王五&#039;
WHEN 3 THEN &#039;赵六&#039; WHEN 4 THEN &#039;小明&#039; ELSE &#039;小红&#039;
END AS name,
CASE user_idx
WHEN 0 THEN &#039;北京市朝阳区&#039; WHEN 1 THEN &#039;上海市浦东新区&#039; WHEN 2 THEN &#039;广州市天河区&#039;
WHEN 3 THEN &#039;深圳市南山区&#039; WHEN 4 THEN &#039;杭州市西湖区&#039; ELSE &#039;成都市武侯区&#039;
END AS address,
CASE user_idx
WHEN 0 THEN &#039;5000.00&#039; WHEN 1 THEN &#039;6800.50&#039; WHEN 2 THEN &#039;4200.00&#039;
WHEN 3 THEN &#039;9500.00&#039; WHEN 4 THEN &#039;3100.00&#039; ELSE &#039;5600.00&#039;
END AS money,
DATE_ADD(CURRENT_DATE(), INTERVAL -30 + user_idx DAY) AS buy_date,
CASE user_idx
WHEN 0 THEN &#039;订单已完成&#039; WHEN 1 THEN &#039;待发货&#039; WHEN 2 THEN &#039;已取消&#039;
WHEN 3 THEN &#039;配送中&#039; WHEN 4 THEN &#039;已完成&#039; ELSE &#039;退款中&#039;
END AS date_detail,
DATE(&#039;2026-05-19&#039;) AS dt
FROM (
SELECT 0 AS user_idx UNION ALL
SELECT 1 UNION ALL
SELECT 2 UNION ALL
SELECT 3 UNION ALL
SELECT 4 UNION ALL
SELECT 5
) users;","1. 进入「资产-数据质量-规则集管理-基础信息」页面
2. 「选择数据源」选择「${DATASOURCE}」
「选择数据库」选择「${DATABASE}」
「选择数据表」选择「${TABLE}」
「规则包名称」填写「可合并+不可合并+抽样开启+设置分区+相同过滤条件+包含强弱规则+多规则包」
3. 点击「新增规则包」-「可合并+不可合并+抽样开启+设置分区+相同过滤条件+包含强弱规则+多规则包」，点击【添加规则-完整性校验】
4. 「监控规则1」配置如下：
「生效范围」：「字段级」
「字段」：「id，age」
「字段间规则逻辑」：「and」
「统计函数」：「空值数」
「过滤条件」：「手动配置：id<=100」
「校验方法」：「固定值」
「期望值」：「!=1」
「强弱规则」选择「弱规则」
「规则描述」输入「测试规则」
5. 「监控规则2」配置如下：
「生效范围」：「字段级」
「字段」：「id，age」
「字段间规则逻辑」：「or」
「统计函数」：「空值率」
「过滤条件」：「手动配置：id<=100」
「校验方法」：「固定值」
「期望值」：「=0」
「强弱规则」选择「强规则」
「规则描述」输入「测试规则」
6. 「监控规则3」配置如下：
「生效范围」：「字段级」
「字段」：「name」
「统计函数」：「空串数」
「过滤条件」：「手动配置：id<=100」
「校验方法」：「固定值」
「期望值」：「>0」
「强弱规则」选择「强规则」
「规则描述」输入「测试规则」
7. 「监控规则4」配置如下：
「生效范围」：「字段级」
「字段」：「name」
「统计函数」：「空串率」
「过滤条件」：「手动配置：id<=100」
「校验方法」：「固定值」
「期望值」：「=1」
「强弱规则」选择「弱规则」
「规则描述」输入「测试规则」
8. 「监控规则5」配置如下：
「生效范围」：「单表」
「统计函数」：「表行数」
「过滤条件」：「手动配置：id<=100」
「校验方法」：「固定值」
「期望值」：「>0」
「强弱规则」选择「弱规则」
「规则描述」输入「测试规则」
9. 「监控规则6」配置如下：（不合并）
「生效范围」：「字段级」
「字段」：「string_num」
「统计函数」：「字段取值校验」
「过滤条件」：「手动配置：id<=100」
「期望值」：「>=1」
「强弱规则」选择「弱规则」
「规则描述」输入「测试规则」
10. 点击【添加规则-有效性校验】
11. 「监控规则7」配置如下：
「字段」：「id」
「统计函数」：「数值-取值范围」
「过滤条件」：「手动配置：id<=100」
「校验方法」：「固定值」
「期望值」：「>0且<=100」
「强弱规则」选择「弱规则」
「规则描述」输入「测试规则」
12. 「监控规则8」配置如下：
「字段」：「string_num」
「统计函数」：「数值-枚举个数」
「过滤条件」：「手动配置：id<=100」
「校验方法」：「固定值」
「期望值」：「>=1」
「强弱规则」选择「强规则」
「规则描述」输入「测试规则」
13. 「监控规则9」配置如下：
「字段」：「age」
「统计函数」：「枚举值」
「过滤条件」：「手动配置：id<=100」
「枚举值信息」：「not in 25,30,28,35」
「强弱规则」选择「弱规则」
「规则描述」输入「测试规则」
14. 「监控规则10」配置如下：
「字段」：「id」
「统计函数」：「取值范围&枚举范围」
「过滤条件」：「手动配置：id<=100」
「取值范围」：「期望值>0且<5」
「枚举值」：「in 1」
「取值范围和枚举值关系」：「且」
「强弱规则」选择「强规则」
「规则描述」输入「测试规则」
15. 「监控规则11」配置如下：（不合并）
「字段」：「address」
「统计规则」：「字符串长度」
「校验方法」：「固定值」
「期望值」：「>=1」
「过滤条件」：「手动配置：id<=100」
「强弱规则」选择「弱规则」
「规则描述」输入「测试规则」
16. 点击【添加规则-唯一性校验】
17. 「监控规则12」配置如下：
「字段」：「id」
「统计函数」：「重复数」
「过滤条件」：「手动配置：id<=100」
「校验方法」：「固定值」
「期望值」：「=0」
「强弱规则」选择「弱规则」
「规则描述」输入「测试规则」
18. 「监控规则13」配置如下：
「字段」：「age」
「统计函数」：「多表唯一性判断」
「过滤条件」：「手动配置：id<=100」
「校验字段逻辑」：「唯一」
「和其他表的校验关系」：「且」
「选择对比表」：「${TABLE}」
「对比表字段」：「id」
「校验字段逻辑」：「唯一」
「强弱规则」选择「弱规则」
「规则描述」输入「测试规则」
19. 点击【添加规则-统计性校验】
20. 「监控规则14」配置如下：
「字段」：「name」
「统计函数」：「异常值检测」
「过滤条件」：「手动配置：id<=100」
「校验方法」：「IQR离群点数量」
「期望值」：「=1」
「强弱规则」选择「弱规则」
「规则描述」输入「测试规则」
21. 点击【添加规则-自定义SQL】
22. 「监控规则15」配置如下：
「规则类型」：「完整性校验」
「引用规则」：「自定义规则测试」
「sql」：「select * from ${tableName} where ${colName} = ${value}」
「参数」：「${tableName}：pw_test.test_info_1」、「${colName}：id」、「${value}：1」
「校验方法」：「固定值」
「期望值」：「=1」
「强弱规则」选择「弱规则」
「规则描述」输入「测试规则」
23. 点击【添加规则-一致性校验】
24. 「监控规则16」配置如下：
「校验类型」：「多表数据一致性比对」
「选择校验字段」：「id、name」
「选择校验表主键」：「id」
「对比表」：「${TABLE}」
「选择对比表主键」：「id」
「校验表比对字段」：「id」、「name」
「对比表1」：「id」、「name」
「强弱规则」选择「弱规则」
「规则描述」输入「测试规则」
25. 点击【添加规则-时效性校验】
26. 「监控规则17」配置如下：
「字段」：「buy_date」
「统计函数」：「周期性校验（单字段时间差校验）」
「过滤条件」：「手动配置：id<=100」
「选择排序字段」：「id」
「时间差」：「>=1秒」
「强弱规则」选择「弱规则」
「规则描述」输入「测试规则」
27. 「监控规则18」配置如下：
「字段」：「id」
「统计函数」：「及时性校验（多字段时间差校验）」
「过滤条件」：「手动配置：id<=100」
「选择对比字段组」：「buy_date、dt」
「时间差」：「<1分钟」
「大小关系」：「buy_date<dt」
「强弱规则」选择「弱规则」
「规则描述」输入「测试规则」
28. 点击【添加规则-合理性校验】
29. 「监控规则19」配置如下：
「字段」：「age」
「统计函数」：「数据变化趋势」
「过滤条件」：「手动配置：id<=100」
「选择排序字段」：「id」
「校验方法」：「单调递增」
「强弱规则」选择「弱规则」
「规则描述」输入「测试规则」
30. 「监控规则20」配置如下：
「字段」：「age」
「统计函数」：「字段值计算对比」
「过滤条件」：「手动配置：id<=100」
「计算逻辑配置」：「cast(string_num as double)*(id+age)」
「对比方法」：「计算结果与字段对比」、「age<「计算结果与字段对比」」
「强弱规则」选择「弱规则」
「规则描述」输入「测试规则」
31. 点击【保存】按钮
32. 进入「规则任务管理-监控对象」页面
33. 「规则名称」输入「test_rule」
「选择数据源」选择「${DATASOURCE}」
「选择数据库」选择「${DATABASE}」
「选择数据表」选择「${TABLE}」
选择已有分区
「抽样检查设置」：「抽样设置：百分比抽样50%」
34. 引入规则包「可合并+不可合并+抽样开启+设置分区+相同过滤条件+包含强弱规则+多规则包」，点击「下一步」按钮
35. 配置「调度属性」，设置「规则拼接包」为「10」，保存规则，且「调度属性」中配置「规则报告」为最新结果
36. 点开规则详情，查看规则sql
37. 临时运行规则，查看实例详情
38. 查看质量报告","1. 页面正常打开
2. 抽样开启：sql有rand()函数和 tableName_temp_sample_table_xxx 临时抽样表
3. 合并在一起的脏数据存储表为同一个
4. 其余子规则sql不进行合并：
1）每一条校验规则，都单独去扫描一遍源数据表；
2）各个规则的判断计算语句都是分开写的，一条规则对应一段查询逻辑；
3）每条规则算出结果后单独成行，最后拼接把所有规则数据凑到一起；
4）不同规则的数据分开存入不同的脏数据表
5. 监控规则2配置完成
6. 监控规则3配置完成
7. 监控规则4配置完成
8. 监控规则5配置完成
9. 监控规则6配置完成
10. 选择成功，页面显示「有效性校验」规则配置区域
11. 监控规则7配置完成
12. 监控规则8配置完成
13. 监控规则9配置完成
14. 监控规则10配置完成
15. 监控规则11配置完成
16. 选择成功，页面显示「唯一性校验」规则配置区域
17. 监控规则12配置完成
18. 监控规则13配置完成
19. 选择成功，页面显示「统计性校验」规则配置区域
20. 监控规则14配置完成
21. 选择成功，页面显示「自定义SQL」规则配置区域
22. 监控规则15配置完成
23. 选择成功，页面显示「一致性校验」规则配置区域
24. 监控规则16配置完成
25. 选择成功，页面显示「时效性校验」规则配置区域
26. 监控规则17配置完成
27. 监控规则18配置完成
28. 选择成功，页面显示「合理性校验」规则配置区域
29. 监控规则19配置完成
30. 监控规则20配置完成
31. 规则保存成功
32. 页面正常打开
33. 监控对象配置成功；
进入「监控规则」配置页
34. 引入正确，规则内容置灰，进入「调度属性」
35. 规则保存成功
36. 1、子规则按强弱规则分类进行sql合并：1、4、5、7、9进行合并；2、3、8、10进行合并
1）源表只扫描一次：FROM 后面的源表只出现 1 次；
​2）同一强弱规则类别的子规则写在同一个select里面：用多个 SUM (CASE WHEN) 把规则并行计算；
3）计算后再把结果拆成多行，每行代表单个规则进行输出，最终把结果插入同一张脏数据表
37. 结果符合预期，且实例详情展示正确，未通过的子规则可查看明细
38. 结果正确，符合配置的规则内容","1. 
2. 
3. 
4. 
5. 
6. 
7. 
8. 
9. 
10. 
11. 
12. 
13. 
14. 
15. 
16. 
17. 
18. 
19. 
20. 
21. 
22. 
23. 
24. 
25. 
26. 
27. 
28. 
29. 
30. 
31. 
32. 
33. 
34. 
35. 
36. 
37. 
38.","","1","功能测试","功能测试阶段","正常","0","0","38","","听筠","2026-05-26","","0000-00-00","1","",""
"186005","数据资产_STD(#23)","/版本迭代测试用例/v6.4.11/【岚图】【数据资产】数据质量任务性能优化，规则sql合并/doris3.x(#10584)","【岚图】【数据资产】数据质量任务、落标检查任务性能优化，规则sql合并(#15862)","可合并+不可合并 验证「可合并和不可合并」-「抽样开启」-「设置分区」-「相同过滤条件」-「包含强弱规则」-「单规则包」校验功能","已有表test_info_1
CREATE TABLE test_info_1 (
id INT COMMENT &#039;用户ID&#039;,
age INT COMMENT &#039;年龄&#039;,
string_num STRING COMMENT &#039;string类型的编号&#039;,
name STRING COMMENT &#039;姓名&#039;,
address STRING COMMENT &#039;地址&#039;,
money STRING COMMENT &#039;金额&#039;,
buy_date DATE COMMENT &#039;购买日期&#039;,
date_detail STRING COMMENT &#039;日期详情&#039;,
dt DATE COMMENT &#039;分区日期，格式：yyyy-MM-dd&#039;
)
COMMENT &#039;测试信息表&#039;
PARTITION BY RANGE(dt) ()
DISTRIBUTED BY HASH(id) BUCKETS 10
PROPERTIES (
“replication_num“ = “1“,
“compression“ = “LZ4“
);

-- 手动添加分区
ALTER TABLE test_info_1 ADD PARTITION p20260519 VALUES [(&#039;2026-05-19&#039;), (&#039;2026-05-20&#039;));

-- 插入数据
INSERT INTO test_info_1
SELECT
1 + user_idx AS id,
CASE user_idx
WHEN 0 THEN 25 WHEN 1 THEN 30 WHEN 2 THEN 28
WHEN 3 THEN 35 WHEN 4 THEN 22 ELSE 29
END AS age,
CASE user_idx
WHEN 0 THEN &#039;001&#039; WHEN 1 THEN &#039;002&#039; WHEN 2 THEN &#039;003&#039;
WHEN 3 THEN &#039;004&#039; WHEN 4 THEN &#039;005&#039; ELSE &#039;006&#039;
END AS string_num,
CASE user_idx
WHEN 0 THEN &#039;张三&#039; WHEN 1 THEN &#039;李四&#039; WHEN 2 THEN &#039;王五&#039;
WHEN 3 THEN &#039;赵六&#039; WHEN 4 THEN &#039;小明&#039; ELSE &#039;小红&#039;
END AS name,
CASE user_idx
WHEN 0 THEN &#039;北京市朝阳区&#039; WHEN 1 THEN &#039;上海市浦东新区&#039; WHEN 2 THEN &#039;广州市天河区&#039;
WHEN 3 THEN &#039;深圳市南山区&#039; WHEN 4 THEN &#039;杭州市西湖区&#039; ELSE &#039;成都市武侯区&#039;
END AS address,
CASE user_idx
WHEN 0 THEN &#039;5000.00&#039; WHEN 1 THEN &#039;6800.50&#039; WHEN 2 THEN &#039;4200.00&#039;
WHEN 3 THEN &#039;9500.00&#039; WHEN 4 THEN &#039;3100.00&#039; ELSE &#039;5600.00&#039;
END AS money,
DATE_ADD(CURRENT_DATE(), INTERVAL -30 + user_idx DAY) AS buy_date,
CASE user_idx
WHEN 0 THEN &#039;订单已完成&#039; WHEN 1 THEN &#039;待发货&#039; WHEN 2 THEN &#039;已取消&#039;
WHEN 3 THEN &#039;配送中&#039; WHEN 4 THEN &#039;已完成&#039; ELSE &#039;退款中&#039;
END AS date_detail,
DATE(&#039;2026-05-19&#039;) AS dt
FROM (
SELECT 0 AS user_idx UNION ALL
SELECT 1 UNION ALL
SELECT 2 UNION ALL
SELECT 3 UNION ALL
SELECT 4 UNION ALL
SELECT 5
) users;","1. 进入「资产-数据质量-规则集管理-基础信息」页面
2. 「选择数据源」选择「${DATASOURCE}」
「选择数据库」选择「${DATABASE}」
「选择数据表」选择「${TABLE}」
「规则包名称」填写「可合并+不可合并+抽样开启+设置分区+相同过滤条件+包含强弱规则+单规则包」
3. 点击「新增规则包」-「可合并+不可合并+抽样开启+设置分区+相同过滤条件+包含强弱规则+单规则包」，点击【添加规则-完整性校验】
4. 「监控规则1」配置如下：
「生效范围」：「字段级」
「字段」：「id，age」
「字段间规则逻辑」：「and」
「统计函数」：「空值数」
「过滤条件」：「手动配置：id<=100」
「校验方法」：「固定值」
「期望值」：「!=1」
「强弱规则」选择「弱规则」
「规则描述」输入「测试规则」
5. 「监控规则2」配置如下：
「生效范围」：「字段级」
「字段」：「id，age」
「字段间规则逻辑」：「or」
「统计函数」：「空值率」
「过滤条件」：「手动配置：id<=100」
「校验方法」：「固定值」
「期望值」：「=0」
「强弱规则」选择「强规则」
「规则描述」输入「测试规则」
6. 「监控规则3」配置如下：
「生效范围」：「字段级」
「字段」：「name」
「统计函数」：「空串数」
「过滤条件」：「手动配置：id<=100」
「校验方法」：「固定值」
「期望值」：「>0」
「强弱规则」选择「强规则」
「规则描述」输入「测试规则」
7. 「监控规则4」配置如下：
「生效范围」：「字段级」
「字段」：「name」
「统计函数」：「空串率」
「过滤条件」：「手动配置：id<=100」
「校验方法」：「固定值」
「期望值」：「=1」
「强弱规则」选择「弱规则」
「规则描述」输入「测试规则」
8. 「监控规则5」配置如下：
「生效范围」：「单表」
「统计函数」：「表行数」
「过滤条件」：「手动配置：id<=100」
「校验方法」：「固定值」
「期望值」：「>0」
「强弱规则」选择「弱规则」
「规则描述」输入「测试规则」
9. 「监控规则6」配置如下：（不合并）
「生效范围」：「字段级」
「字段」：「string_num」
「统计函数」：「字段取值校验」
「过滤条件」：「手动配置：id<=100」
「期望值」：「>=1」
「强弱规则」选择「弱规则」
「规则描述」输入「测试规则」
10. 点击【添加规则-有效性校验】
11. 「监控规则7」配置如下：
「字段」：「id」
「统计函数」：「数值-取值范围」
「过滤条件」：「手动配置：id<=100」
「校验方法」：「固定值」
「期望值」：「>0且<=100」
「强弱规则」选择「弱规则」
「规则描述」输入「测试规则」
12. 「监控规则8」配置如下：
「字段」：「string_num」
「统计函数」：「数值-枚举个数」
「过滤条件」：「手动配置：id<=100」
「校验方法」：「固定值」
「期望值」：「>=1」
「强弱规则」选择「强规则」
「规则描述」输入「测试规则」
13. 「监控规则9」配置如下：
「字段」：「age」
「统计函数」：「枚举值」
「过滤条件」：「手动配置：id<=100」
「枚举值信息」：「not in 25,30,28,35」
「强弱规则」选择「弱规则」
「规则描述」输入「测试规则」
14. 「监控规则10」配置如下：
「字段」：「id」
「统计函数」：「取值范围&枚举范围」
「过滤条件」：「手动配置：id<=100」
「取值范围」：「期望值>0且<5」
「枚举值」：「in 1」
「取值范围和枚举值关系」：「且」
「强弱规则」选择「强规则」
「规则描述」输入「测试规则」
15. 「监控规则11」配置如下：（不合并）
「字段」：「address」
「统计规则」：「字符串长度」
「校验方法」：「固定值」
「期望值」：「>=1」
「过滤条件」：「手动配置：id<=100」
「强弱规则」选择「弱规则」
「规则描述」输入「测试规则」
16. 点击【添加规则-唯一性校验】
17. 「监控规则12」配置如下：
「字段」：「id」
「统计函数」：「重复数」
「过滤条件」：「手动配置：id<=100」
「校验方法」：「固定值」
「期望值」：「=0」
「强弱规则」选择「弱规则」
「规则描述」输入「测试规则」
18. 「监控规则13」配置如下：
「字段」：「age」
「统计函数」：「多表唯一性判断」
「过滤条件」：「手动配置：id<=100」
「校验字段逻辑」：「唯一」
「和其他表的校验关系」：「且」
「选择对比表」：「${TABLE}」
「对比表字段」：「id」
「校验字段逻辑」：「唯一」
「强弱规则」选择「弱规则」
「规则描述」输入「测试规则」
19. 点击【添加规则-统计性校验】
20. 「监控规则14」配置如下：
「字段」：「name」
「统计函数」：「异常值检测」
「过滤条件」：「手动配置：id<=100」
「校验方法」：「IQR离群点数量」
「期望值」：「=1」
「强弱规则」选择「弱规则」
「规则描述」输入「测试规则」
21. 点击【添加规则-自定义SQL】
22. 「监控规则15」配置如下：
「规则类型」：「完整性校验」
「引用规则」：「自定义规则测试」
「sql」：「select * from ${tableName} where ${colName} = ${value}」
「参数」：「${tableName}：pw_test.test_info_1」、「${colName}：id」、「${value}：1」
「校验方法」：「固定值」
「期望值」：「=1」
「强弱规则」选择「弱规则」
「规则描述」输入「测试规则」
23. 点击【添加规则-一致性校验】
24. 「监控规则16」配置如下：
「校验类型」：「多表数据一致性比对」
「选择校验字段」：「id、name」
「选择校验表主键」：「id」
「对比表」：「${TABLE}」
「选择对比表主键」：「id」
「校验表比对字段」：「id」、「name」
「对比表1」：「id」、「name」
「强弱规则」选择「弱规则」
「规则描述」输入「测试规则」
25. 点击【添加规则-时效性校验】
26. 「监控规则17」配置如下：
「字段」：「buy_date」
「统计函数」：「周期性校验（单字段时间差校验）」
「过滤条件」：「手动配置：id<=100」
「选择排序字段」：「id」
「时间差」：「>=1秒」
「强弱规则」选择「弱规则」
「规则描述」输入「测试规则」
27. 「监控规则18」配置如下：
「字段」：「id」
「统计函数」：「及时性校验（多字段时间差校验）」
「过滤条件」：「手动配置：id<=100」
「选择对比字段组」：「buy_date、dt」
「时间差」：「<1分钟」
「大小关系」：「buy_date<dt」
「强弱规则」选择「弱规则」
「规则描述」输入「测试规则」
28. 点击【添加规则-合理性校验】
29. 「监控规则19」配置如下：
「字段」：「age」
「统计函数」：「数据变化趋势」
「过滤条件」：「手动配置：id<=100」
「选择排序字段」：「id」
「校验方法」：「单调递增」
「强弱规则」选择「弱规则」
「规则描述」输入「测试规则」
30. 「监控规则20」配置如下：
「字段」：「age」
「统计函数」：「字段值计算对比」
「过滤条件」：「手动配置：id<=100」
「计算逻辑配置」：「cast(string_num as double)*(id+age)」
「对比方法」：「计算结果与字段对比」、「age<「计算结果与字段对比」」
「强弱规则」选择「弱规则」
「规则描述」输入「测试规则」
31. 点击【保存】按钮
32. 进入「规则任务管理-监控对象」页面
33. 「规则名称」输入「test_rule」
「选择数据源」选择「${DATASOURCE}」
「选择数据库」选择「${DATABASE}」
「选择数据表」选择「${TABLE}」
选择已有分区
「抽样检查设置」：「抽样设置：百分比抽样50%」
34. 引入规则包「可合并+不可合并+抽样开启+设置分区+相同过滤条件+包含强弱规则+单规则包」，点击「下一步」按钮
35. 配置「调度属性」，设置「规则拼接包」为「1」，保存规则，且「调度属性」中配置「规则报告」为最新结果
36. 点开规则详情，查看规则sql
37. 临时运行规则，查看实例详情
38. 查看质量报告","1. 页面正常打开
2. 抽样开启：sql有rand()函数和 tableName_temp_sample_table_xxx 临时抽样表
3. 合并在一起的脏数据存储表为同一个
4. 其余子规则sql不进行合并：
1）每一条校验规则，都单独去扫描一遍源数据表；
2）各个规则的判断计算语句都是分开写的，一条规则对应一段查询逻辑；
3）每条规则算出结果后单独成行，最后拼接把所有规则数据凑到一起；
4）不同规则的数据分开存入不同的脏数据表
5. 监控规则2配置完成
6. 监控规则3配置完成
7. 监控规则4配置完成
8. 监控规则5配置完成
9. 监控规则6配置完成
10. 选择成功，页面显示「有效性校验」规则配置区域
11. 监控规则7配置完成
12. 监控规则8配置完成
13. 监控规则9配置完成
14. 监控规则10配置完成
15. 监控规则11配置完成
16. 选择成功，页面显示「唯一性校验」规则配置区域
17. 监控规则12配置完成
18. 监控规则13配置完成
19. 选择成功，页面显示「统计性校验」规则配置区域
20. 监控规则14配置完成
21. 选择成功，页面显示「自定义SQL」规则配置区域
22. 监控规则15配置完成
23. 选择成功，页面显示「一致性校验」规则配置区域
24. 监控规则16配置完成
25. 选择成功，页面显示「时效性校验」规则配置区域
26. 监控规则17配置完成
27. 监控规则18配置完成
28. 选择成功，页面显示「合理性校验」规则配置区域
29. 监控规则19配置完成
30. 监控规则20配置完成
31. 规则保存成功
32. 页面正常打开
33. 监控对象配置成功；
进入「监控规则」配置页
34. 引入正确，规则内容置灰，进入「调度属性」
35. 规则保存成功
36. 1、子规则1、2、3、4、5、7、8、9、10进行sql合并：
1）源表只扫描一次：FROM 后面的源表只出现 1 次；
​2）规则写在同一个select里面：用多个 SUM (CASE WHEN) 把规则并行计算；
3）计算后再把结果拆成多行，每行代表单个规则进行输出，最终把结果插入同一张脏数据表
37. 结果符合预期，且实例详情展示正确，未通过的子规则可查看明细
38. 结果正确，符合配置的规则内容","1. 
2. 
3. 
4. 
5. 
6. 
7. 
8. 
9. 
10. 
11. 
12. 
13. 
14. 
15. 
16. 
17. 
18. 
19. 
20. 
21. 
22. 
23. 
24. 
25. 
26. 
27. 
28. 
29. 
30. 
31. 
32. 
33. 
34. 
35. 
36. 
37. 
38.","","1","功能测试","功能测试阶段","正常","0","0","38","","听筠","2026-05-26","","0000-00-00","1","",""
"186004","数据资产_STD(#23)","/版本迭代测试用例/v6.4.11/【岚图】【数据资产】数据质量任务性能优化，规则sql合并/doris3.x(#10584)","【岚图】【数据资产】数据质量任务、落标检查任务性能优化，规则sql合并(#15862)","可合并+不可合并 验证「可合并和不可合并」-「抽样开启」-「设置分区」校验功能","已有表test_info_1
CREATE TABLE test_info_1 (
id INT COMMENT &#039;用户ID&#039;,
age INT COMMENT &#039;年龄&#039;,
string_num STRING COMMENT &#039;string类型的编号&#039;,
name STRING COMMENT &#039;姓名&#039;,
address STRING COMMENT &#039;地址&#039;,
money STRING COMMENT &#039;金额&#039;,
buy_date DATE COMMENT &#039;购买日期&#039;,
date_detail STRING COMMENT &#039;日期详情&#039;,
dt DATE COMMENT &#039;分区日期，格式：yyyy-MM-dd&#039;
)
COMMENT &#039;测试信息表&#039;
PARTITION BY RANGE(dt) ()
DISTRIBUTED BY HASH(id) BUCKETS 10
PROPERTIES (
“replication_num“ = “1“,
“compression“ = “LZ4“
);

-- 手动添加分区
ALTER TABLE test_info_1 ADD PARTITION p20260519 VALUES [(&#039;2026-05-19&#039;), (&#039;2026-05-20&#039;));

-- 插入数据
INSERT INTO test_info_1
SELECT
1 + user_idx AS id,
CASE user_idx
WHEN 0 THEN 25 WHEN 1 THEN 30 WHEN 2 THEN 28
WHEN 3 THEN 35 WHEN 4 THEN 22 ELSE 29
END AS age,
CASE user_idx
WHEN 0 THEN &#039;001&#039; WHEN 1 THEN &#039;002&#039; WHEN 2 THEN &#039;003&#039;
WHEN 3 THEN &#039;004&#039; WHEN 4 THEN &#039;005&#039; ELSE &#039;006&#039;
END AS string_num,
CASE user_idx
WHEN 0 THEN &#039;张三&#039; WHEN 1 THEN &#039;李四&#039; WHEN 2 THEN &#039;王五&#039;
WHEN 3 THEN &#039;赵六&#039; WHEN 4 THEN &#039;小明&#039; ELSE &#039;小红&#039;
END AS name,
CASE user_idx
WHEN 0 THEN &#039;北京市朝阳区&#039; WHEN 1 THEN &#039;上海市浦东新区&#039; WHEN 2 THEN &#039;广州市天河区&#039;
WHEN 3 THEN &#039;深圳市南山区&#039; WHEN 4 THEN &#039;杭州市西湖区&#039; ELSE &#039;成都市武侯区&#039;
END AS address,
CASE user_idx
WHEN 0 THEN &#039;5000.00&#039; WHEN 1 THEN &#039;6800.50&#039; WHEN 2 THEN &#039;4200.00&#039;
WHEN 3 THEN &#039;9500.00&#039; WHEN 4 THEN &#039;3100.00&#039; ELSE &#039;5600.00&#039;
END AS money,
DATE_ADD(CURRENT_DATE(), INTERVAL -30 + user_idx DAY) AS buy_date,
CASE user_idx
WHEN 0 THEN &#039;订单已完成&#039; WHEN 1 THEN &#039;待发货&#039; WHEN 2 THEN &#039;已取消&#039;
WHEN 3 THEN &#039;配送中&#039; WHEN 4 THEN &#039;已完成&#039; ELSE &#039;退款中&#039;
END AS date_detail,
DATE(&#039;2026-05-19&#039;) AS dt
FROM (
SELECT 0 AS user_idx UNION ALL
SELECT 1 UNION ALL
SELECT 2 UNION ALL
SELECT 3 UNION ALL
SELECT 4 UNION ALL
SELECT 5
) users;","1. 进入「资产-数据质量-规则集管理-基础信息」页面
2. 「选择数据源」选择「${DATASOURCE}」
「选择数据库」选择「${DATABASE}」
「选择数据表」选择「${TABLE}」
「规则包名称」填写「可合并+不可合并部分规则」
3. 点击「新增规则包」-「可合并+不可合并部分规则」，点击【添加规则-完整性校验】
4. 「监控规则1」配置如下：
「生效范围」：「字段级」
「字段」：「id」
「统计函数」：「空值数」
「过滤条件」：「手动配置：id<=100」
「校验方法」：「固定值」
「期望值」：「=0」
「强弱规则」选择「弱规则」
「规则描述」输入「测试规则」
5. 「监控规则2」配置如下：
「生效范围」：「字段级」
「字段」：「name，address」
「字段间规则逻辑」：「or」
「统计函数」：「空串数」
「过滤条件」：「手动配置：id<=100」
「校验方法」：「固定值」
「期望值」：「<=0」
「强弱规则」选择「弱规则」
「规则描述」输入「测试规则」
6. 「监控规则3」配置如下：（不合并）
「生效范围」：「字段级」
「字段」：「string_num」
「统计函数」：「字段取值校验」
「过滤条件」：「手动配置：id<=100」
「期望值」：「>=1」
「强弱规则」选择「弱规则」
「规则描述」输入「测试规则」
7. 点击【添加规则-有效性校验】
8. 「监控规则4」配置如下：
「字段」：「id」
「统计函数」：「数值-取值范围」
「过滤条件」：「手动配置：id<=100」
「校验方法」：「固定值」
「期望值」：「>20且<100」
「强弱规则」选择「弱规则」
「规则描述」输入「测试规则」
9. 「监控规则5」配置如下：
「字段」：「string_num」
「统计函数」：「数值-枚举个数」
「过滤条件」：「手动配置：id<=100」
「校验方法」：「固定值」
「期望值」：「<2」
「强弱规则」选择「弱规则」
「规则描述」输入「测试规则」
10. 「监控规则6」配置如下：（不合并）
「字段」：「address」
「统计规则」：「字符串长度」
「校验方法」：「固定值」
「期望值」：「>=1」
「过滤条件」：「手动配置：id<=100」
「强弱规则」选择「弱规则」
「规则描述」输入「测试规则」
11. 点击【添加规则-唯一性校验】
12. 「监控规则7」配置如下：
「字段」：「id」
「统计函数」：「重复数」
「过滤条件」：「手动配置：id<=100」
「校验方法」：「固定值」
「期望值」：「=0」
「强弱规则」选择「弱规则」
「规则描述」输入「测试规则」
13. 「监控规则8」配置如下：
「字段」：「age」
「统计函数」：「多表唯一性判断」
「过滤条件」：「手动配置：id<=100」
「校验字段逻辑」：「唯一」
「和其他表的校验关系」：「且」
「选择对比表」：「${TABLE}」
「对比表字段」：「id」
「校验字段逻辑」：「唯一」
「强弱规则」选择「弱规则」
「规则描述」输入「测试规则」
14. 点击【添加规则-统计性校验】
15. 「监控规则9」配置如下：
「字段」：「name」
「统计函数」：「异常值检测」
「过滤条件」：「手动配置：id<=100」
「校验方法」：「IQR离群点数量」
「期望值」：「=1」
「强弱规则」选择「弱规则」
「规则描述」输入「测试规则」
16. 点击【添加规则-自定义SQL】
17. 「监控规则10」配置如下：
「规则类型」：「完整性校验」
「引用规则」：「自定义规则测试」
「sql」：「select * from ${tableName} where ${colName} = ${value}」
「参数」：「${tableName}：pw_test.test_info_1」、「${colName}：id」、「${value}：1」
「校验方法」：「固定值」
「期望值」：「=1」
「强弱规则」选择「弱规则」
「规则描述」输入「测试规则」
18. 点击【添加规则-一致性校验】
19. 「监控规则11」配置如下：
「校验类型」：「多表数据一致性比对」
「选择校验字段」：「id、name」
「选择校验表主键」：「id」
「对比表」：「${TABLE}」
「选择对比表主键」：「id」
「校验表比对字段」：「id」、「name」
「对比表1」：「id」、「name」
「强弱规则」选择「弱规则」
「规则描述」输入「测试规则」
20. 点击【添加规则-时效性校验】
21. 「监控规则12」配置如下：
「字段」：「buy_date」
「统计函数」：「周期性校验（单字段时间差校验）」
「过滤条件」：「手动配置：id<=100」
「选择排序字段」：「id」
「时间差」：「>=1秒」
「强弱规则」选择「弱规则」
「规则描述」输入「测试规则」
22. 「监控规则13」配置如下：
「字段」：「id」
「统计函数」：「及时性校验（多字段时间差校验）」
「过滤条件」：「手动配置：id<=100」
「选择对比字段组」：「buy_date、dt」
「时间差」：「<1分钟」
「大小关系」：「buy_date<dt」
「强弱规则」选择「弱规则」
「规则描述」输入「测试规则」
23. 点击【添加规则-合理性校验】
24. 「监控规则14」配置如下：
「字段」：「age」
「统计函数」：「数据变化趋势」
「过滤条件」：「手动配置：id<=100」
「选择排序字段」：「id」
「校验方法」：「单调递增」
「强弱规则」选择「弱规则」
「规则描述」输入「测试规则」
25. 「监控规则15」配置如下：
「字段」：「age」
「统计函数」：「字段值计算对比」
「过滤条件」：「手动配置：id<=100」
「计算逻辑配置」：「cast(string_num as double)*(id+age)」
「对比方法」：「计算结果与字段对比」、「age<「计算结果与字段对比」」
「强弱规则」选择「弱规则」
「规则描述」输入「测试规则」
26. 点击【保存】按钮
27. 进入「规则任务管理-监控对象」页面
28. 「规则名称」输入「test_rule」
「选择数据源」选择「${DATASOURCE}」
「选择数据库」选择「${DATABASE}」
「选择数据表」选择「${TABLE}」
选择已有分区
「抽样检查设置」：「抽样设置：百分比抽样50%」
29. 引入规则包「可合并+不可合并部分规则」，点击「下一步」按钮
30. 配置「调度属性」，保存规则，且「调度属性」中配置「规则报告」为最新结果
31. 点开规则详情，查看规则sql
32. 临时运行规则，查看实例详情
33. 查看质量报告","1. 页面正常打开
2. 基础信息配置成功；
进入「监控规则」配置页
3. 选择成功，页面显示「完整性校验」规则配置区域
4. 监控规则1配置完成
5. 监控规则2配置完成
6. 监控规则3配置完成
7. 选择成功，页面显示「有效性校验」规则配置区域
8. 监控规则4配置完成
9. 监控规则5配置完成
10. 监控规则6配置完成
11. 选择成功，页面显示「唯一性校验」规则配置区域
12. 监控规则7配置完成
13. 监控规则8配置完成
14. 选择成功，页面显示「统计性校验」规则配置区域
15. 监控规则9配置完成
16. 选择成功，页面显示「自定义SQL」规则配置区域
17. 监控规则10配置完成
18. 选择成功，页面显示「一致性校验」规则配置区域
19. 监控规则11配置完成
20. 选择成功，页面显示「时效性校验」规则配置区域
21. 监控规则12配置完成
22. 监控规则13配置完成
23. 选择成功，页面显示「合理性校验」规则配置区域
24. 监控规则14配置完成
25. 监控规则15配置完成
26. 规则保存成功
27. 页面正常打开
28. 监控对象配置成功；
进入「监控规则」配置页
29. 引入正确，规则内容置灰，进入「调度属性」
30. 规则保存成功
31. 1）子规则1、2、4、5都进行合并，且脏数据存储表为同一个
2）其余子规则与原本sql逻辑一致，未进行改变
32. 结果符合预期，且实例详情展示正确，未通过的子规则可查看明细
33. 结果正确，符合配置的规则内容","1. 
2. 
3. 
4. 
5. 
6. 
7. 
8. 
9. 
10. 
11. 
12. 
13. 
14. 
15. 
16. 
17. 
18. 
19. 
20. 
21. 
22. 
23. 
24. 
25. 
26. 
27. 
28. 
29. 
30. 
31. 
32. 
33.","","2","功能测试","功能测试阶段","正常","0","0","33","","听筠","2026-05-26","","0000-00-00","1","",""
"186003","数据资产_STD(#23)","/版本迭代测试用例/v6.4.11/【岚图】【数据资产】数据质量任务性能优化，规则sql合并/doris3.x(#10584)","【岚图】【数据资产】数据质量任务、落标检查任务性能优化，规则sql合并(#15862)","可合并+不可合并 验证「可合并和不可合并」-「抽样开启」校验功能","已有表test_info_1
CREATE TABLE test_info_1 (
id INT COMMENT &#039;用户ID&#039;,
age INT COMMENT &#039;年龄&#039;,
string_num STRING COMMENT &#039;string类型的编号&#039;,
name STRING COMMENT &#039;姓名&#039;,
address STRING COMMENT &#039;地址&#039;,
money STRING COMMENT &#039;金额&#039;,
buy_date DATE COMMENT &#039;购买日期&#039;,
date_detail STRING COMMENT &#039;日期详情&#039;,
dt DATE COMMENT &#039;分区日期，格式：yyyy-MM-dd&#039;
)
COMMENT &#039;测试信息表&#039;
PARTITION BY RANGE(dt) ()
DISTRIBUTED BY HASH(id) BUCKETS 10
PROPERTIES (
“replication_num“ = “1“,
“compression“ = “LZ4“
);

-- 手动添加分区
ALTER TABLE test_info_1 ADD PARTITION p20260519 VALUES [(&#039;2026-05-19&#039;), (&#039;2026-05-20&#039;));

-- 插入数据
INSERT INTO test_info_1
SELECT
1 + user_idx AS id,
CASE user_idx
WHEN 0 THEN 25 WHEN 1 THEN 30 WHEN 2 THEN 28
WHEN 3 THEN 35 WHEN 4 THEN 22 ELSE 29
END AS age,
CASE user_idx
WHEN 0 THEN &#039;001&#039; WHEN 1 THEN &#039;002&#039; WHEN 2 THEN &#039;003&#039;
WHEN 3 THEN &#039;004&#039; WHEN 4 THEN &#039;005&#039; ELSE &#039;006&#039;
END AS string_num,
CASE user_idx
WHEN 0 THEN &#039;张三&#039; WHEN 1 THEN &#039;李四&#039; WHEN 2 THEN &#039;王五&#039;
WHEN 3 THEN &#039;赵六&#039; WHEN 4 THEN &#039;小明&#039; ELSE &#039;小红&#039;
END AS name,
CASE user_idx
WHEN 0 THEN &#039;北京市朝阳区&#039; WHEN 1 THEN &#039;上海市浦东新区&#039; WHEN 2 THEN &#039;广州市天河区&#039;
WHEN 3 THEN &#039;深圳市南山区&#039; WHEN 4 THEN &#039;杭州市西湖区&#039; ELSE &#039;成都市武侯区&#039;
END AS address,
CASE user_idx
WHEN 0 THEN &#039;5000.00&#039; WHEN 1 THEN &#039;6800.50&#039; WHEN 2 THEN &#039;4200.00&#039;
WHEN 3 THEN &#039;9500.00&#039; WHEN 4 THEN &#039;3100.00&#039; ELSE &#039;5600.00&#039;
END AS money,
DATE_ADD(CURRENT_DATE(), INTERVAL -30 + user_idx DAY) AS buy_date,
CASE user_idx
WHEN 0 THEN &#039;订单已完成&#039; WHEN 1 THEN &#039;待发货&#039; WHEN 2 THEN &#039;已取消&#039;
WHEN 3 THEN &#039;配送中&#039; WHEN 4 THEN &#039;已完成&#039; ELSE &#039;退款中&#039;
END AS date_detail,
DATE(&#039;2026-05-19&#039;) AS dt
FROM (
SELECT 0 AS user_idx UNION ALL
SELECT 1 UNION ALL
SELECT 2 UNION ALL
SELECT 3 UNION ALL
SELECT 4 UNION ALL
SELECT 5
) users;","1. 进入「资产-数据质量-规则集管理-基础信息」页面
2. 「选择数据源」选择「${DATASOURCE}」
「选择数据库」选择「${DATABASE}」
「选择数据表」选择「${TABLE}」
「规则包名称」填写「可合并+不可合并部分规则」
3. 点击「新增规则包」-「可合并+不可合并部分规则」，点击【添加规则-完整性校验】
4. 「监控规则1」配置如下：
「生效范围」：「字段级」
「字段」：「id」
「统计函数」：「空值数」
「过滤条件」：「手动配置：id<=100」
「校验方法」：「固定值」
「期望值」：「=0」
「强弱规则」选择「弱规则」
「规则描述」输入「测试规则」
5. 「监控规则2」配置如下：
「生效范围」：「字段级」
「字段」：「name，address」
「字段间规则逻辑」：「or」
「统计函数」：「空串数」
「过滤条件」：「手动配置：id<=100」
「校验方法」：「固定值」
「期望值」：「<=0」
「强弱规则」选择「弱规则」
「规则描述」输入「测试规则」
6. 「监控规则3」配置如下：（不合并）
「生效范围」：「字段级」
「字段」：「string_num」
「统计函数」：「字段取值校验」
「过滤条件」：「手动配置：id<=100」
「期望值」：「>=1」
「强弱规则」选择「弱规则」
「规则描述」输入「测试规则」
7. 点击【添加规则-有效性校验】
8. 「监控规则4」配置如下：
「字段」：「id」
「统计函数」：「数值-取值范围」
「过滤条件」：「手动配置：id<=100」
「校验方法」：「固定值」
「期望值」：「>20且<100」
「强弱规则」选择「弱规则」
「规则描述」输入「测试规则」
9. 「监控规则5」配置如下：
「字段」：「string_num」
「统计函数」：「数值-枚举个数」
「过滤条件」：「手动配置：id<=100」
「校验方法」：「固定值」
「期望值」：「<2」
「强弱规则」选择「弱规则」
「规则描述」输入「测试规则」
10. 「监控规则6」配置如下：（不合并）
「字段」：「address」
「统计规则」：「字符串长度」
「校验方法」：「固定值」
「期望值」：「>=1」
「过滤条件」：「手动配置：id<=100」
「强弱规则」选择「弱规则」
「规则描述」输入「测试规则」
11. 点击【添加规则-唯一性校验】
12. 「监控规则7」配置如下：
「字段」：「id」
「统计函数」：「重复数」
「过滤条件」：「手动配置：id<=100」
「校验方法」：「固定值」
「期望值」：「=0」
「强弱规则」选择「弱规则」
「规则描述」输入「测试规则」
13. 「监控规则8」配置如下：
「字段」：「age」
「统计函数」：「多表唯一性判断」
「过滤条件」：「手动配置：id<=100」
「校验字段逻辑」：「唯一」
「和其他表的校验关系」：「且」
「选择对比表」：「${TABLE}」
「对比表字段」：「id」
「校验字段逻辑」：「唯一」
「强弱规则」选择「弱规则」
「规则描述」输入「测试规则」
14. 点击【添加规则-统计性校验】
15. 「监控规则9」配置如下：
「字段」：「name」
「统计函数」：「异常值检测」
「过滤条件」：「手动配置：id<=100」
「校验方法」：「IQR离群点数量」
「期望值」：「=1」
「强弱规则」选择「弱规则」
「规则描述」输入「测试规则」
16. 点击【添加规则-自定义SQL】
17. 「监控规则10」配置如下：
「规则类型」：「完整性校验」
「引用规则」：「自定义规则测试」
「sql」：「select * from ${tableName} where ${colName} = ${value}」
「参数」：「${tableName}：pw_test.test_info_1」、「${colName}：id」、「${value}：1」
「校验方法」：「固定值」
「期望值」：「=1」
「强弱规则」选择「弱规则」
「规则描述」输入「测试规则」
18. 点击【添加规则-一致性校验】
19. 「监控规则11」配置如下：
「校验类型」：「多表数据一致性比对」
「选择校验字段」：「id、name」
「选择校验表主键」：「id」
「对比表」：「${TABLE}」
「选择对比表主键」：「id」
「校验表比对字段」：「id」、「name」
「对比表1」：「id」、「name」
「强弱规则」选择「弱规则」
「规则描述」输入「测试规则」
20. 点击【添加规则-时效性校验】
21. 「监控规则12」配置如下：
「字段」：「buy_date」
「统计函数」：「周期性校验（单字段时间差校验）」
「过滤条件」：「手动配置：id<=100」
「选择排序字段」：「id」
「时间差」：「>=1秒」
「强弱规则」选择「弱规则」
「规则描述」输入「测试规则」
22. 「监控规则13」配置如下：
「字段」：「id」
「统计函数」：「及时性校验（多字段时间差校验）」
「过滤条件」：「手动配置：id<=100」
「选择对比字段组」：「buy_date、dt」
「时间差」：「<1分钟」
「大小关系」：「buy_date<dt」
「强弱规则」选择「弱规则」
「规则描述」输入「测试规则」
23. 点击【添加规则-合理性校验】
24. 「监控规则14」配置如下：
「字段」：「age」
「统计函数」：「数据变化趋势」
「过滤条件」：「手动配置：id<=100」
「选择排序字段」：「id」
「校验方法」：「单调递增」
「强弱规则」选择「弱规则」
「规则描述」输入「测试规则」
25. 「监控规则15」配置如下：
「字段」：「age」
「统计函数」：「字段值计算对比」
「过滤条件」：「手动配置：id<=100」
「计算逻辑配置」：「cast(string_num as double)*(id+age)」
「对比方法」：「计算结果与字段对比」、「age<「计算结果与字段对比」」
「强弱规则」选择「弱规则」
「规则描述」输入「测试规则」
26. 点击【保存】按钮
27. 进入「规则任务管理-监控对象」页面
28. 「规则名称」输入「test_rule」
「选择数据源」选择「${DATASOURCE}」
「选择数据库」选择「${DATABASE}」
「选择数据表」选择「${TABLE}」
「抽样检查设置」：「抽样设置：百分比抽样50%」
29. 引入规则包「可合并+不可合并部分规则」，点击「下一步」按钮
30. 配置「调度属性」，保存规则，且「调度属性」中配置「规则报告」为最新结果
31. 点开规则详情，查看规则sql
32. 临时运行规则，查看实例详情
33. 查看质量报告","1. 页面正常打开
2. 基础信息配置成功；
进入「监控规则」配置页
3. 选择成功，页面显示「完整性校验」规则配置区域
4. 监控规则1配置完成
5. 监控规则2配置完成
6. 监控规则3配置完成
7. 选择成功，页面显示「有效性校验」规则配置区域
8. 监控规则4配置完成
9. 监控规则5配置完成
10. 监控规则6配置完成
11. 选择成功，页面显示「唯一性校验」规则配置区域
12. 监控规则7配置完成
13. 监控规则8配置完成
14. 选择成功，页面显示「统计性校验」规则配置区域
15. 监控规则9配置完成
16. 选择成功，页面显示「自定义SQL」规则配置区域
17. 监控规则10配置完成
18. 选择成功，页面显示「一致性校验」规则配置区域
19. 监控规则11配置完成
20. 选择成功，页面显示「时效性校验」规则配置区域
21. 监控规则12配置完成
22. 监控规则13配置完成
23. 选择成功，页面显示「合理性校验」规则配置区域
24. 监控规则14配置完成
25. 监控规则15配置完成
26. 规则保存成功
27. 页面正常打开
28. 监控对象配置成功；
进入「监控规则」配置页
29. 引入正确，规则内容置灰，进入「调度属性」
30. 规则保存成功
31. 1）子规则1、2、4、5都进行合并，且脏数据存储表为同一个
2）其余子规则与原本sql逻辑一致，未进行改变
32. 结果符合预期，且实例详情展示正确，未通过的子规则可查看明细
33. 结果正确，符合配置的规则内容","1. 
2. 
3. 
4. 
5. 
6. 
7. 
8. 
9. 
10. 
11. 
12. 
13. 
14. 
15. 
16. 
17. 
18. 
19. 
20. 
21. 
22. 
23. 
24. 
25. 
26. 
27. 
28. 
29. 
30. 
31. 
32. 
33.","","2","功能测试","功能测试阶段","正常","0","0","33","","听筠","2026-05-26","","0000-00-00","1","",""
"186002","数据资产_STD(#23)","/版本迭代测试用例/v6.4.11/【岚图】【数据资产】数据质量任务性能优化，规则sql合并/doris3.x(#10584)","【岚图】【数据资产】数据质量任务、落标检查任务性能优化，规则sql合并(#15862)","可合并+不可合并 验证「可合并和不可合并」-「抽样关闭」校验功能","已有表test_info_1
CREATE TABLE test_info_1 (
id INT COMMENT &#039;用户ID&#039;,
age INT COMMENT &#039;年龄&#039;,
string_num STRING COMMENT &#039;string类型的编号&#039;,
name STRING COMMENT &#039;姓名&#039;,
address STRING COMMENT &#039;地址&#039;,
money STRING COMMENT &#039;金额&#039;,
buy_date DATE COMMENT &#039;购买日期&#039;,
date_detail STRING COMMENT &#039;日期详情&#039;,
dt DATE COMMENT &#039;分区日期，格式：yyyy-MM-dd&#039;
)
COMMENT &#039;测试信息表&#039;
PARTITION BY RANGE(dt) ()
DISTRIBUTED BY HASH(id) BUCKETS 10
PROPERTIES (
“replication_num“ = “1“,
“compression“ = “LZ4“
);

-- 手动添加分区
ALTER TABLE test_info_1 ADD PARTITION p20260519 VALUES [(&#039;2026-05-19&#039;), (&#039;2026-05-20&#039;));

-- 插入数据
INSERT INTO test_info_1
SELECT
1 + user_idx AS id,
CASE user_idx
WHEN 0 THEN 25 WHEN 1 THEN 30 WHEN 2 THEN 28
WHEN 3 THEN 35 WHEN 4 THEN 22 ELSE 29
END AS age,
CASE user_idx
WHEN 0 THEN &#039;001&#039; WHEN 1 THEN &#039;002&#039; WHEN 2 THEN &#039;003&#039;
WHEN 3 THEN &#039;004&#039; WHEN 4 THEN &#039;005&#039; ELSE &#039;006&#039;
END AS string_num,
CASE user_idx
WHEN 0 THEN &#039;张三&#039; WHEN 1 THEN &#039;李四&#039; WHEN 2 THEN &#039;王五&#039;
WHEN 3 THEN &#039;赵六&#039; WHEN 4 THEN &#039;小明&#039; ELSE &#039;小红&#039;
END AS name,
CASE user_idx
WHEN 0 THEN &#039;北京市朝阳区&#039; WHEN 1 THEN &#039;上海市浦东新区&#039; WHEN 2 THEN &#039;广州市天河区&#039;
WHEN 3 THEN &#039;深圳市南山区&#039; WHEN 4 THEN &#039;杭州市西湖区&#039; ELSE &#039;成都市武侯区&#039;
END AS address,
CASE user_idx
WHEN 0 THEN &#039;5000.00&#039; WHEN 1 THEN &#039;6800.50&#039; WHEN 2 THEN &#039;4200.00&#039;
WHEN 3 THEN &#039;9500.00&#039; WHEN 4 THEN &#039;3100.00&#039; ELSE &#039;5600.00&#039;
END AS money,
DATE_ADD(CURRENT_DATE(), INTERVAL -30 + user_idx DAY) AS buy_date,
CASE user_idx
WHEN 0 THEN &#039;订单已完成&#039; WHEN 1 THEN &#039;待发货&#039; WHEN 2 THEN &#039;已取消&#039;
WHEN 3 THEN &#039;配送中&#039; WHEN 4 THEN &#039;已完成&#039; ELSE &#039;退款中&#039;
END AS date_detail,
DATE(&#039;2026-05-19&#039;) AS dt
FROM (
SELECT 0 AS user_idx UNION ALL
SELECT 1 UNION ALL
SELECT 2 UNION ALL
SELECT 3 UNION ALL
SELECT 4 UNION ALL
SELECT 5
) users;","1. 进入「资产-数据质量-规则集管理-基础信息」页面
2. 「选择数据源」选择「${DATASOURCE}」
「选择数据库」选择「${DATABASE}」
「选择数据表」选择「${TABLE}」
「规则包名称」填写「可合并+不可合并部分规则」
3. 点击「新增规则包」-「可合并+不可合并部分规则」，点击【添加规则-完整性校验】
4. 「监控规则1」配置如下：
「生效范围」：「字段级」
「字段」：「id」
「统计函数」：「空值数」
「过滤条件」：「手动配置：id<=100」
「校验方法」：「固定值」
「期望值」：「=0」
「强弱规则」选择「弱规则」
「规则描述」输入「测试规则」
5. 「监控规则2」配置如下：
「生效范围」：「字段级」
「字段」：「name，address」
「字段间规则逻辑」：「or」
「统计函数」：「空串数」
「过滤条件」：「手动配置：id<=100」
「校验方法」：「固定值」
「期望值」：「<=0」
「强弱规则」选择「弱规则」
「规则描述」输入「测试规则」
6. 「监控规则3」配置如下：（不合并）
「生效范围」：「字段级」
「字段」：「string_num」
「统计函数」：「字段取值校验」
「过滤条件」：「手动配置：id<=100」
「期望值」：「>=1」
「强弱规则」选择「弱规则」
「规则描述」输入「测试规则」
7. 点击【添加规则-有效性校验】
8. 「监控规则4」配置如下：
「字段」：「id」
「统计函数」：「数值-取值范围」
「过滤条件」：「手动配置：id<=100」
「校验方法」：「固定值」
「期望值」：「>20且<100」
「强弱规则」选择「弱规则」
「规则描述」输入「测试规则」
9. 「监控规则5」配置如下：
「字段」：「string_num」
「统计函数」：「数值-枚举个数」
「过滤条件」：「手动配置：id<=100」
「校验方法」：「固定值」
「期望值」：「<2」
「强弱规则」选择「弱规则」
「规则描述」输入「测试规则」
10. 「监控规则6」配置如下：（不合并）
「字段」：「address」
「统计规则」：「字符串长度」
「校验方法」：「固定值」
「期望值」：「>=1」
「过滤条件」：「手动配置：id<=100」
「强弱规则」选择「弱规则」
「规则描述」输入「测试规则」
11. 点击【添加规则-唯一性校验】
12. 「监控规则7」配置如下：
「字段」：「id」
「统计函数」：「重复数」
「过滤条件」：「手动配置：id<=100」
「校验方法」：「固定值」
「期望值」：「=0」
「强弱规则」选择「弱规则」
「规则描述」输入「测试规则」
13. 「监控规则8」配置如下：
「字段」：「age」
「统计函数」：「多表唯一性判断」
「过滤条件」：「手动配置：id<=100」
「校验字段逻辑」：「唯一」
「和其他表的校验关系」：「且」
「选择对比表」：「${TABLE}」
「对比表字段」：「id」
「校验字段逻辑」：「唯一」
「强弱规则」选择「弱规则」
「规则描述」输入「测试规则」
14. 点击【添加规则-统计性校验】
15. 「监控规则9」配置如下：
「字段」：「name」
「统计函数」：「异常值检测」
「过滤条件」：「手动配置：id<=100」
「校验方法」：「IQR离群点数量」
「期望值」：「=1」
「强弱规则」选择「弱规则」
「规则描述」输入「测试规则」
16. 点击【添加规则-自定义SQL】
17. 「监控规则10」配置如下：
「规则类型」：「完整性校验」
「引用规则」：「自定义规则测试」
「sql」：「select * from ${tableName} where ${colName} = ${value}」
「参数」：「${tableName}：pw_test.test_info_1」、「${colName}：id」、「${value}：1」
「校验方法」：「固定值」
「期望值」：「=1」
「强弱规则」选择「弱规则」
「规则描述」输入「测试规则」
18. 点击【添加规则-一致性校验】
19. 「监控规则11」配置如下：
「校验类型」：「多表数据一致性比对」
「选择校验字段」：「id、name」
「选择校验表主键」：「id」
「对比表」：「${TABLE}」
「选择对比表主键」：「id」
「校验表比对字段」：「id」、「name」
「对比表1」：「id」、「name」
「强弱规则」选择「弱规则」
「规则描述」输入「测试规则」
20. 点击【添加规则-时效性校验】
21. 「监控规则12」配置如下：
「字段」：「buy_date」
「统计函数」：「周期性校验（单字段时间差校验）」
「过滤条件」：「手动配置：id<=100」
「选择排序字段」：「id」
「时间差」：「>=1秒」
「强弱规则」选择「弱规则」
「规则描述」输入「测试规则」
22. 「监控规则13」配置如下：
「字段」：「id」
「统计函数」：「及时性校验（多字段时间差校验）」
「过滤条件」：「手动配置：id<=100」
「选择对比字段组」：「buy_date、dt」
「时间差」：「<1分钟」
「大小关系」：「buy_date<dt」
「强弱规则」选择「弱规则」
「规则描述」输入「测试规则」
23. 点击【添加规则-合理性校验】
24. 「监控规则14」配置如下：
「字段」：「age」
「统计函数」：「数据变化趋势」
「过滤条件」：「手动配置：id<=100」
「选择排序字段」：「id」
「校验方法」：「单调递增」
「强弱规则」选择「弱规则」
「规则描述」输入「测试规则」
25. 「监控规则15」配置如下：
「字段」：「age」
「统计函数」：「字段值计算对比」
「过滤条件」：「手动配置：id<=100」
「计算逻辑配置」：「cast(string_num as double)*(id+age)」
「对比方法」：「计算结果与字段对比」、「age<「计算结果与字段对比」」
「强弱规则」选择「弱规则」
「规则描述」输入「测试规则」
26. 点击【保存】按钮
27. 进入「规则任务管理-监控对象」页面
28. 「规则名称」输入「test_rule」
「选择数据源」选择「${DATASOURCE}」
「选择数据库」选择「${DATABASE}」
「选择数据表」选择「${TABLE}」
不开启「抽样检查设置」
29. 引入规则包「可合并+不可合并部分规则」，点击「下一步」按钮
30. 配置「调度属性」，保存规则，且「调度属性」中配置「规则报告」为最新结果
31. 点开规则详情，查看规则sql
32. 临时运行规则，查看实例详情
33. 查看质量报告","1. 页面正常打开
2. 基础信息配置成功；
进入「监控规则」配置页
3. 选择成功，页面显示「完整性校验」规则配置区域
4. 监控规则1配置完成
5. 监控规则2配置完成
6. 监控规则3配置完成
7. 选择成功，页面显示「有效性校验」规则配置区域
8. 监控规则4配置完成
9. 监控规则5配置完成
10. 监控规则6配置完成
11. 选择成功，页面显示「唯一性校验」规则配置区域
12. 监控规则7配置完成
13. 监控规则8配置完成
14. 选择成功，页面显示「统计性校验」规则配置区域
15. 监控规则9配置完成
16. 选择成功，页面显示「自定义SQL」规则配置区域
17. 监控规则10配置完成
18. 选择成功，页面显示「一致性校验」规则配置区域
19. 监控规则11配置完成
20. 选择成功，页面显示「时效性校验」规则配置区域
21. 监控规则12配置完成
22. 监控规则13配置完成
23. 选择成功，页面显示「合理性校验」规则配置区域
24. 监控规则14配置完成
25. 监控规则15配置完成
26. 规则保存成功
27. 页面正常打开
28. 监控对象配置成功；
进入「监控规则」配置页
29. 引入正确，规则内容置灰，进入「调度属性」
30. 规则保存成功
31. 1）子规则1、2、4、5都进行合并，且脏数据存储表为同一个
2）其余子规则与原本sql逻辑一致，未进行改变
32. 结果符合预期，且实例详情展示正确，未通过的子规则可查看明细
33. 结果正确，符合配置的规则内容","1. 
2. 
3. 
4. 
5. 
6. 
7. 
8. 
9. 
10. 
11. 
12. 
13. 
14. 
15. 
16. 
17. 
18. 
19. 
20. 
21. 
22. 
23. 
24. 
25. 
26. 
27. 
28. 
29. 
30. 
31. 
32. 
33.","","2","功能测试","功能测试阶段","正常","0","0","33","","听筠","2026-05-26","","0000-00-00","1","",""
"186001","数据资产_STD(#23)","/版本迭代测试用例/v6.4.11/【岚图】【数据资产】数据质量任务性能优化，规则sql合并/doris3.x(#10584)","【岚图】【数据资产】数据质量任务、落标检查任务性能优化，规则sql合并(#15862)","不可合并 验证「不可合并部分规则」-「抽样开启」-「设置分区」校验功能","1、已有表test_info_1
CREATE TABLE test_info_1 (
id INT COMMENT &#039;用户ID&#039;,
age INT COMMENT &#039;年龄&#039;,
string_num STRING COMMENT &#039;string类型的编号&#039;,
name STRING COMMENT &#039;姓名&#039;,
address STRING COMMENT &#039;地址&#039;,
money STRING COMMENT &#039;金额&#039;,
buy_date DATE COMMENT &#039;购买日期&#039;,
date_detail STRING COMMENT &#039;日期详情&#039;,
dt DATE COMMENT &#039;分区日期，格式：yyyy-MM-dd&#039;
)
COMMENT &#039;测试信息表&#039;
PARTITION BY RANGE(dt) ()
DISTRIBUTED BY HASH(id) BUCKETS 10
PROPERTIES (
“replication_num“ = “1“,
“compression“ = “LZ4“
);

-- 手动添加分区
ALTER TABLE test_info_1 ADD PARTITION p20260519 VALUES [(&#039;2026-05-19&#039;), (&#039;2026-05-20&#039;));

-- 插入数据
INSERT INTO test_info_1
SELECT
1 + user_idx AS id,
CASE user_idx
WHEN 0 THEN 25 WHEN 1 THEN 30 WHEN 2 THEN 28
WHEN 3 THEN 35 WHEN 4 THEN 22 ELSE 29
END AS age,
CASE user_idx
WHEN 0 THEN &#039;001&#039; WHEN 1 THEN &#039;002&#039; WHEN 2 THEN &#039;003&#039;
WHEN 3 THEN &#039;004&#039; WHEN 4 THEN &#039;005&#039; ELSE &#039;006&#039;
END AS string_num,
CASE user_idx
WHEN 0 THEN &#039;张三&#039; WHEN 1 THEN &#039;李四&#039; WHEN 2 THEN &#039;王五&#039;
WHEN 3 THEN &#039;赵六&#039; WHEN 4 THEN &#039;小明&#039; ELSE &#039;小红&#039;
END AS name,
CASE user_idx
WHEN 0 THEN &#039;北京市朝阳区&#039; WHEN 1 THEN &#039;上海市浦东新区&#039; WHEN 2 THEN &#039;广州市天河区&#039;
WHEN 3 THEN &#039;深圳市南山区&#039; WHEN 4 THEN &#039;杭州市西湖区&#039; ELSE &#039;成都市武侯区&#039;
END AS address,
CASE user_idx
WHEN 0 THEN &#039;5000.00&#039; WHEN 1 THEN &#039;6800.50&#039; WHEN 2 THEN &#039;4200.00&#039;
WHEN 3 THEN &#039;9500.00&#039; WHEN 4 THEN &#039;3100.00&#039; ELSE &#039;5600.00&#039;
END AS money,
DATE_ADD(CURRENT_DATE(), INTERVAL -30 + user_idx DAY) AS buy_date,
CASE user_idx
WHEN 0 THEN &#039;订单已完成&#039; WHEN 1 THEN &#039;待发货&#039; WHEN 2 THEN &#039;已取消&#039;
WHEN 3 THEN &#039;配送中&#039; WHEN 4 THEN &#039;已完成&#039; ELSE &#039;退款中&#039;
END AS date_detail,
DATE(&#039;2026-05-19&#039;) AS dt
FROM (
SELECT 0 AS user_idx UNION ALL
SELECT 1 UNION ALL
SELECT 2 UNION ALL
SELECT 3 UNION ALL
SELECT 4 UNION ALL
SELECT 5
) users;


2、【资产-数据质量-规则库配置】已存在自定义SQL模板：
自定义规则测试：规则分类-完整性校验；关联范围-字段；sql-select * from ${tableName} where ${colName} = ${value}","1. 进入「资产-数据质量-规则集管理-基础信息」页面
2. 「选择数据源」选择「${DATASOURCE}」
「选择数据库」选择「${DATABASE}」
「选择数据表」选择「${TABLE}」
「规则包名称」填写「不可合并部分规则」
3. 点击「新增规则包」-「不可合并部分规则」，点击【添加规则-完整性校验】
4. 「监控规则1」配置如下：
「生效范围」：「字段级」
「字段」：「string_num」
「统计函数」：「字段取值校验」
「过滤条件」：「手动配置：id<=100」
「期望值」：「>=1」
「强弱规则」选择「弱规则」
「规则描述」输入「测试规则」
5. 「监控规则2」配置如下：
「生效范围」：「多表数据行数对比」
「对比表所属库」：「${DATABASE}」
「对比表」：「${TABLE}」
「强弱规则」选择「弱规则」
「规则描述」输入「测试规则」
6. 点击【添加规则-有效性校验】
7. 「监控规则3」配置如下：
「字段」：「address」
「统计规则」：「字符串长度」
「校验方法」：「固定值」
「期望值」：「>=1」
「过滤条件」：「手动配置：id<=100」
「强弱规则」选择「弱规则」
「规则描述」输入「测试规则」
8. 「监控规则4」配置如下：
「字段」：「money」
「统计规则」：「数据精度」
「小数点前最大位」：「=4」且
「小数点后最大位」：「=1」
「过滤条件」：「手动配置：id<=100」
「强弱规则」选择「弱规则」
「规则描述」输入「测试规则」
9. 点击【添加规则-唯一性校验】
10. 「监控规则5」配置如下：
「字段」：「id」
「统计函数」：「重复数」
「过滤条件」：「手动配置：id<=100」
「校验方法」：「固定值」
「期望值」：「=0」
「强弱规则」选择「弱规则」
「规则描述」输入「测试规则」
11. 「监控规则6」配置如下：
「字段」：「age」
「统计函数」：「多表唯一性判断」
「过滤条件」：「手动配置：id<=100」
「校验字段逻辑」：「唯一」
「和其他表的校验关系」：「且」
「选择对比表」：「${TABLE}」
「对比表字段」：「id」
「校验字段逻辑」：「唯一」
「强弱规则」选择「弱规则」
「规则描述」输入「测试规则」
12. 点击【添加规则-统计性校验】
13. 「监控规则7」配置如下：
「字段」：「name」
「统计函数」：「异常值检测」
「过滤条件」：「手动配置：id<=100」
「校验方法」：「IQR离群点数量」
「期望值」：「=1」
「强弱规则」选择「弱规则」
「规则描述」输入「测试规则」
14. 点击【添加规则-自定义SQL】
15. 「监控规则8」配置如下：
「规则类型」：「完整性校验」
「引用规则」：「自定义规则测试」
「sql」：「select * from ${tableName} where ${colName} = ${value}」
「参数」：「${tableName}：pw_test.test_info_1」、「${colName}：id」、「${value}：1」
「校验方法」：「固定值」
「期望值」：「=1」
「强弱规则」选择「弱规则」
「规则描述」输入「测试规则」
16. 点击【添加规则-一致性校验】
17. 「监控规则9」配置如下：
「校验类型」：「多表数据一致性比对」
「选择校验字段」：「id、name」
「选择校验表主键」：「id」
「对比表」：「${TABLE}」
「选择对比表主键」：「id」
「校验表比对字段」：「id」、「name」
「对比表1」：「id」、「name」
「强弱规则」选择「弱规则」
「规则描述」输入「测试规则」
18. 点击【添加规则-时效性校验】
19. 「监控规则10」配置如下：
「字段」：「buy_date」
「统计函数」：「周期性校验（单字段时间差校验）」
「过滤条件」：「手动配置：id<=100」
「选择排序字段」：「id」
「时间差」：「>=1秒」
「强弱规则」选择「弱规则」
「规则描述」输入「测试规则」
20. 「监控规则11」配置如下：
「字段」：「id」
「统计函数」：「及时性校验（多字段时间差校验）」
「过滤条件」：「手动配置：id<=100」
「选择对比字段组」：「buy_date、dt」
「时间差」：「<1分钟」
「大小关系」：「buy_date<dt」
「强弱规则」选择「弱规则」
「规则描述」输入「测试规则」
21. 点击【添加规则-合理性校验】
22. 「监控规则12」配置如下：
「字段」：「age」
「统计函数」：「数据变化趋势」
「过滤条件」：「手动配置：id<=100」
「选择排序字段」：「id」
「校验方法」：「单调递增」
「强弱规则」选择「弱规则」
「规则描述」输入「测试规则」
23. 「监控规则13」配置如下：
「字段」：「age」
「统计函数」：「字段值计算对比」
「过滤条件」：「手动配置：id<=100」
「计算逻辑配置」：「cast(string_num as double)*(id+age)」
「对比方法」：「计算结果与字段对比」、「age<「计算结果与字段对比」」
「强弱规则」选择「弱规则」
「规则描述」输入「测试规则」
24. 点击【保存】按钮
25. 进入「规则任务管理-监控对象」页面
26. 「规则名称」输入「test_rule」
「选择数据源」选择「${DATASOURCE}」
「选择数据库」选择「${DATABASE}」
「选择数据表」选择「${TABLE}」
选择已有分区
「抽样检查设置」：「抽样设置：百分比抽样50%」
27. 引入规则包「不可合并部分规则」，点击「下一步」按钮
28. 配置「调度属性」，保存规则，且「调度属性」中配置「规则报告」为最新结果
29. 点开规则详情，查看规则sql
30. 临时运行规则，查看实例详情
31. 查看质量报告","1. 页面正常打开
2. 抽样开启：sql有rand()函数和 tableName_temp_sample_table_xxx 临时抽样表
3. 选择成功，页面显示「完整性校验」规则配置区域
4. 监控规则1配置完成
5. 监控规则2配置完成
6. 选择成功，页面显示「有效性校验」规则配置区域
7. 监控规则3配置完成
8. 监控规则4配置完成
9. 选择成功，页面显示「唯一性校验」规则配置区域
10. 监控规则5配置完成
11. 监控规则6配置完成
12. 选择成功，页面显示「统计性校验」规则配置区域
13. 监控规则7配置完成
14. 选择成功，页面显示「自定义SQL」规则配置区域
15. 监控规则8配置完成
16. 选择成功，页面显示「一致性校验」规则配置区域
17. 监控规则9配置完成
18. 选择成功，页面显示「时效性校验」规则配置区域
19. 监控规则10配置完成
20. 监控规则11配置完成
21. 选择成功，页面显示「合理性校验」规则配置区域
22. 监控规则12配置完成
23. 监控规则13配置完成
24. 规则保存成功
25. 页面正常打开
26. 监控对象配置成功；
进入「监控规则」配置页
27. 引入正确，规则内容置灰，进入「调度属性」
28. 规则保存成功
29. 1、sql不进行合并：
1）每一条校验规则，都单独去扫描一遍源数据表；
2）各个规则的判断计算语句都是分开写的，一条规则对应一段查询逻辑；
3）每条规则算出结果后单独成行，最后拼接把所有规则数据凑到一起；
4）不同规则的数据分开存入不同的脏数据表
30. 结果符合预期，且实例详情展示正确，未通过的子规则可查看明细
31. 结果正确，符合配置的规则内容","1. 
2. 
3. 
4. 
5. 
6. 
7. 
8. 
9. 
10. 
11. 
12. 
13. 
14. 
15. 
16. 
17. 
18. 
19. 
20. 
21. 
22. 
23. 
24. 
25. 
26. 
27. 
28. 
29. 
30. 
31.","","1","功能测试","功能测试阶段","正常","0","0","31","","听筠","2026-05-26","","0000-00-00","1","",""
"186000","数据资产_STD(#23)","/版本迭代测试用例/v6.4.11/【岚图】【数据资产】数据质量任务性能优化，规则sql合并/doris3.x(#10584)","【岚图】【数据资产】数据质量任务、落标检查任务性能优化，规则sql合并(#15862)","不可合并 验证「不可合并部分规则」-「抽样开启」校验功能","1、已有表test_info_1
CREATE TABLE test_info_1 (
id INT COMMENT &#039;用户ID&#039;,
age INT COMMENT &#039;年龄&#039;,
string_num STRING COMMENT &#039;string类型的编号&#039;,
name STRING COMMENT &#039;姓名&#039;,
address STRING COMMENT &#039;地址&#039;,
money STRING COMMENT &#039;金额&#039;,
buy_date DATE COMMENT &#039;购买日期&#039;,
date_detail STRING COMMENT &#039;日期详情&#039;,
dt DATE COMMENT &#039;分区日期，格式：yyyy-MM-dd&#039;
)
COMMENT &#039;测试信息表&#039;
PARTITION BY RANGE(dt) ()
DISTRIBUTED BY HASH(id) BUCKETS 10
PROPERTIES (
“replication_num“ = “1“,
“compression“ = “LZ4“
);

-- 手动添加分区
ALTER TABLE test_info_1 ADD PARTITION p20260519 VALUES [(&#039;2026-05-19&#039;), (&#039;2026-05-20&#039;));

-- 插入数据
INSERT INTO test_info_1
SELECT
1 + user_idx AS id,
CASE user_idx
WHEN 0 THEN 25 WHEN 1 THEN 30 WHEN 2 THEN 28
WHEN 3 THEN 35 WHEN 4 THEN 22 ELSE 29
END AS age,
CASE user_idx
WHEN 0 THEN &#039;001&#039; WHEN 1 THEN &#039;002&#039; WHEN 2 THEN &#039;003&#039;
WHEN 3 THEN &#039;004&#039; WHEN 4 THEN &#039;005&#039; ELSE &#039;006&#039;
END AS string_num,
CASE user_idx
WHEN 0 THEN &#039;张三&#039; WHEN 1 THEN &#039;李四&#039; WHEN 2 THEN &#039;王五&#039;
WHEN 3 THEN &#039;赵六&#039; WHEN 4 THEN &#039;小明&#039; ELSE &#039;小红&#039;
END AS name,
CASE user_idx
WHEN 0 THEN &#039;北京市朝阳区&#039; WHEN 1 THEN &#039;上海市浦东新区&#039; WHEN 2 THEN &#039;广州市天河区&#039;
WHEN 3 THEN &#039;深圳市南山区&#039; WHEN 4 THEN &#039;杭州市西湖区&#039; ELSE &#039;成都市武侯区&#039;
END AS address,
CASE user_idx
WHEN 0 THEN &#039;5000.00&#039; WHEN 1 THEN &#039;6800.50&#039; WHEN 2 THEN &#039;4200.00&#039;
WHEN 3 THEN &#039;9500.00&#039; WHEN 4 THEN &#039;3100.00&#039; ELSE &#039;5600.00&#039;
END AS money,
DATE_ADD(CURRENT_DATE(), INTERVAL -30 + user_idx DAY) AS buy_date,
CASE user_idx
WHEN 0 THEN &#039;订单已完成&#039; WHEN 1 THEN &#039;待发货&#039; WHEN 2 THEN &#039;已取消&#039;
WHEN 3 THEN &#039;配送中&#039; WHEN 4 THEN &#039;已完成&#039; ELSE &#039;退款中&#039;
END AS date_detail,
DATE(&#039;2026-05-19&#039;) AS dt
FROM (
SELECT 0 AS user_idx UNION ALL
SELECT 1 UNION ALL
SELECT 2 UNION ALL
SELECT 3 UNION ALL
SELECT 4 UNION ALL
SELECT 5
) users;


2、【资产-数据质量-规则库配置】已存在自定义SQL模板：
自定义规则测试：规则分类-完整性校验；关联范围-字段；sql-select * from ${tableName} where ${colName} = ${value}","1. 进入「资产-数据质量-规则集管理-基础信息」页面
2. 「选择数据源」选择「${DATASOURCE}」
「选择数据库」选择「${DATABASE}」
「选择数据表」选择「${TABLE}」
「规则包名称」填写「不可合并部分规则」
3. 点击「新增规则包」-「不可合并部分规则」，点击【添加规则-完整性校验】
4. 「监控规则1」配置如下：
「生效范围」：「字段级」
「字段」：「string_num」
「统计函数」：「字段取值校验」
「过滤条件」：「手动配置：id<=100」
「期望值」：「>=1」
「强弱规则」选择「弱规则」
「规则描述」输入「测试规则」
5. 「监控规则2」配置如下：
「生效范围」：「多表数据行数对比」
「对比表所属库」：「${DATABASE}」
「对比表」：「${TABLE}」
「强弱规则」选择「弱规则」
「规则描述」输入「测试规则」
6. 点击【添加规则-有效性校验】
7. 「监控规则3」配置如下：
「字段」：「address」
「统计规则」：「字符串长度」
「校验方法」：「固定值」
「期望值」：「>=1」
「过滤条件」：「手动配置：id<=100」
「强弱规则」选择「弱规则」
「规则描述」输入「测试规则」
8. 「监控规则4」配置如下：
「字段」：「money」
「统计规则」：「数据精度」
「小数点前最大位」：「=4」且
「小数点后最大位」：「=1」
「过滤条件」：「手动配置：id<=100」
「强弱规则」选择「弱规则」
「规则描述」输入「测试规则」
9. 点击【添加规则-唯一性校验】
10. 「监控规则5」配置如下：
「字段」：「id」
「统计函数」：「重复数」
「过滤条件」：「手动配置：id<=100」
「校验方法」：「固定值」
「期望值」：「=0」
「强弱规则」选择「弱规则」
「规则描述」输入「测试规则」
11. 「监控规则6」配置如下：
「字段」：「age」
「统计函数」：「多表唯一性判断」
「过滤条件」：「手动配置：id<=100」
「校验字段逻辑」：「唯一」
「和其他表的校验关系」：「且」
「选择对比表」：「${TABLE}」
「对比表字段」：「id」
「校验字段逻辑」：「唯一」
「强弱规则」选择「弱规则」
「规则描述」输入「测试规则」
12. 点击【添加规则-统计性校验】
13. 「监控规则7」配置如下：
「字段」：「name」
「统计函数」：「异常值检测」
「过滤条件」：「手动配置：id<=100」
「校验方法」：「IQR离群点数量」
「期望值」：「=1」
「强弱规则」选择「弱规则」
「规则描述」输入「测试规则」
14. 点击【添加规则-自定义SQL】
15. 「监控规则8」配置如下：
「规则类型」：「完整性校验」
「引用规则」：「自定义规则测试」
「sql」：「select * from ${tableName} where ${colName} = ${value}」
「参数」：「${tableName}：pw_test.test_info_1」、「${colName}：id」、「${value}：1」
「校验方法」：「固定值」
「期望值」：「=1」
「强弱规则」选择「弱规则」
「规则描述」输入「测试规则」
16. 点击【添加规则-一致性校验】
17. 「监控规则9」配置如下：
「校验类型」：「多表数据一致性比对」
「选择校验字段」：「id、name」
「选择校验表主键」：「id」
「对比表」：「${TABLE}」
「选择对比表主键」：「id」
「校验表比对字段」：「id」、「name」
「对比表1」：「id」、「name」
「强弱规则」选择「弱规则」
「规则描述」输入「测试规则」
18. 点击【添加规则-时效性校验】
19. 「监控规则10」配置如下：
「字段」：「buy_date」
「统计函数」：「周期性校验（单字段时间差校验）」
「过滤条件」：「手动配置：id<=100」
「选择排序字段」：「id」
「时间差」：「>=1秒」
「强弱规则」选择「弱规则」
「规则描述」输入「测试规则」
20. 「监控规则11」配置如下：
「字段」：「id」
「统计函数」：「及时性校验（多字段时间差校验）」
「过滤条件」：「手动配置：id<=100」
「选择对比字段组」：「buy_date、dt」
「时间差」：「<1分钟」
「大小关系」：「buy_date<dt」
「强弱规则」选择「弱规则」
「规则描述」输入「测试规则」
21. 点击【添加规则-合理性校验】
22. 「监控规则12」配置如下：
「字段」：「age」
「统计函数」：「数据变化趋势」
「过滤条件」：「手动配置：id<=100」
「选择排序字段」：「id」
「校验方法」：「单调递增」
「强弱规则」选择「弱规则」
「规则描述」输入「测试规则」
23. 「监控规则13」配置如下：
「字段」：「age」
「统计函数」：「字段值计算对比」
「过滤条件」：「手动配置：id<=100」
「计算逻辑配置」：「cast(string_num as double)*(id+age)」
「对比方法」：「计算结果与字段对比」、「age<「计算结果与字段对比」」
「强弱规则」选择「弱规则」
「规则描述」输入「测试规则」
24. 点击【保存】按钮
25. 进入「规则任务管理-监控对象」页面
26. 「规则名称」输入「test_rule」
「选择数据源」选择「${DATASOURCE}」
「选择数据库」选择「${DATABASE}」
「选择数据表」选择「${TABLE}」
「抽样检查设置」：「抽样设置：百分比抽样50%」
27. 引入规则包「不可合并部分规则」，点击「下一步」按钮
28. 配置「调度属性」，保存规则，且「调度属性」中配置「规则报告」为最新结果
29. 点开规则详情，查看规则sql
30. 临时运行规则，查看实例详情
31. 查看质量报告","1. 页面正常打开
2. 抽样开启：sql有rand()函数和 tableName_temp_sample_table_xxx 临时抽样表
3. 选择成功，页面显示「完整性校验」规则配置区域
4. 监控规则1配置完成
5. 监控规则2配置完成
6. 选择成功，页面显示「有效性校验」规则配置区域
7. 监控规则3配置完成
8. 监控规则4配置完成
9. 选择成功，页面显示「唯一性校验」规则配置区域
10. 监控规则5配置完成
11. 监控规则6配置完成
12. 选择成功，页面显示「统计性校验」规则配置区域
13. 监控规则7配置完成
14. 选择成功，页面显示「自定义SQL」规则配置区域
15. 监控规则8配置完成
16. 选择成功，页面显示「一致性校验」规则配置区域
17. 监控规则9配置完成
18. 选择成功，页面显示「时效性校验」规则配置区域
19. 监控规则10配置完成
20. 监控规则11配置完成
21. 选择成功，页面显示「合理性校验」规则配置区域
22. 监控规则12配置完成
23. 监控规则13配置完成
24. 规则保存成功
25. 页面正常打开
26. 监控对象配置成功；
进入「监控规则」配置页
27. 引入正确，规则内容置灰，进入「调度属性」
28. 规则保存成功
29. 1、sql不进行合并：
1）每一条校验规则，都单独去扫描一遍源数据表；
2）各个规则的判断计算语句都是分开写的，一条规则对应一段查询逻辑；
3）每条规则算出结果后单独成行，最后拼接把所有规则数据凑到一起；
4）不同规则的数据分开存入不同的脏数据表
30. 结果符合预期，且实例详情展示正确，未通过的子规则可查看明细
31. 结果正确，符合配置的规则内容","1. 
2. 
3. 
4. 
5. 
6. 
7. 
8. 
9. 
10. 
11. 
12. 
13. 
14. 
15. 
16. 
17. 
18. 
19. 
20. 
21. 
22. 
23. 
24. 
25. 
26. 
27. 
28. 
29. 
30. 
31.","","2","功能测试","功能测试阶段","正常","0","0","31","","听筠","2026-05-26","","0000-00-00","1","",""
"185999","数据资产_STD(#23)","/版本迭代测试用例/v6.4.11/【岚图】【数据资产】数据质量任务性能优化，规则sql合并/doris3.x(#10584)","【岚图】【数据资产】数据质量任务、落标检查任务性能优化，规则sql合并(#15862)","不可合并 验证「不可合并部分规则」-「抽样关闭」校验功能","1、已有表test_info_1
CREATE TABLE test_info_1 (
id INT COMMENT &#039;用户ID&#039;,
age INT COMMENT &#039;年龄&#039;,
string_num STRING COMMENT &#039;string类型的编号&#039;,
name STRING COMMENT &#039;姓名&#039;,
address STRING COMMENT &#039;地址&#039;,
money STRING COMMENT &#039;金额&#039;,
buy_date DATE COMMENT &#039;购买日期&#039;,
date_detail STRING COMMENT &#039;日期详情&#039;,
dt DATE COMMENT &#039;分区日期，格式：yyyy-MM-dd&#039;
)
COMMENT &#039;测试信息表&#039;
PARTITION BY RANGE(dt) ()
DISTRIBUTED BY HASH(id) BUCKETS 10
PROPERTIES (
“replication_num“ = “1“,
“compression“ = “LZ4“
);

-- 手动添加分区
ALTER TABLE test_info_1 ADD PARTITION p20260519 VALUES [(&#039;2026-05-19&#039;), (&#039;2026-05-20&#039;));

-- 插入数据
INSERT INTO test_info_1
SELECT
1 + user_idx AS id,
CASE user_idx
WHEN 0 THEN 25 WHEN 1 THEN 30 WHEN 2 THEN 28
WHEN 3 THEN 35 WHEN 4 THEN 22 ELSE 29
END AS age,
CASE user_idx
WHEN 0 THEN &#039;001&#039; WHEN 1 THEN &#039;002&#039; WHEN 2 THEN &#039;003&#039;
WHEN 3 THEN &#039;004&#039; WHEN 4 THEN &#039;005&#039; ELSE &#039;006&#039;
END AS string_num,
CASE user_idx
WHEN 0 THEN &#039;张三&#039; WHEN 1 THEN &#039;李四&#039; WHEN 2 THEN &#039;王五&#039;
WHEN 3 THEN &#039;赵六&#039; WHEN 4 THEN &#039;小明&#039; ELSE &#039;小红&#039;
END AS name,
CASE user_idx
WHEN 0 THEN &#039;北京市朝阳区&#039; WHEN 1 THEN &#039;上海市浦东新区&#039; WHEN 2 THEN &#039;广州市天河区&#039;
WHEN 3 THEN &#039;深圳市南山区&#039; WHEN 4 THEN &#039;杭州市西湖区&#039; ELSE &#039;成都市武侯区&#039;
END AS address,
CASE user_idx
WHEN 0 THEN &#039;5000.00&#039; WHEN 1 THEN &#039;6800.50&#039; WHEN 2 THEN &#039;4200.00&#039;
WHEN 3 THEN &#039;9500.00&#039; WHEN 4 THEN &#039;3100.00&#039; ELSE &#039;5600.00&#039;
END AS money,
DATE_ADD(CURRENT_DATE(), INTERVAL -30 + user_idx DAY) AS buy_date,
CASE user_idx
WHEN 0 THEN &#039;订单已完成&#039; WHEN 1 THEN &#039;待发货&#039; WHEN 2 THEN &#039;已取消&#039;
WHEN 3 THEN &#039;配送中&#039; WHEN 4 THEN &#039;已完成&#039; ELSE &#039;退款中&#039;
END AS date_detail,
DATE(&#039;2026-05-19&#039;) AS dt
FROM (
SELECT 0 AS user_idx UNION ALL
SELECT 1 UNION ALL
SELECT 2 UNION ALL
SELECT 3 UNION ALL
SELECT 4 UNION ALL
SELECT 5
) users;


2、【资产-数据质量-规则库配置】已存在自定义SQL模板：
自定义规则测试：规则分类-完整性校验；关联范围-字段；sql-select * from ${tableName} where ${colName} = ${value}","1. 进入「资产-数据质量-规则集管理-基础信息」页面
2. 「选择数据源」选择「${DATASOURCE}」
「选择数据库」选择「${DATABASE}」
「选择数据表」选择「${TABLE}」
「规则包名称」填写「不可合并部分规则」
3. 点击「新增规则包」-「不可合并部分规则」，点击【添加规则-完整性校验】
4. 「监控规则1」配置如下：
「生效范围」：「字段级」
「字段」：「string_num」
「统计函数」：「字段取值校验」
「过滤条件」：「手动配置：id<=100」
「期望值」：「>=1」
「强弱规则」选择「弱规则」
「规则描述」输入「测试规则」
5. 「监控规则2」配置如下：
「生效范围」：「多表数据行数对比」
「对比表所属库」：「${DATABASE}」
「对比表」：「${TABLE}」
「强弱规则」选择「弱规则」
「规则描述」输入「测试规则」
6. 点击【添加规则-有效性校验】
7. 「监控规则3」配置如下：
「字段」：「address」
「统计规则」：「字符串长度」
「校验方法」：「固定值」
「期望值」：「>=1」
「过滤条件」：「手动配置：id<=100」
「强弱规则」选择「弱规则」
「规则描述」输入「测试规则」
8. 「监控规则4」配置如下：
「字段」：「money」
「统计规则」：「数据精度」
「小数点前最大位」：「=4」且
「小数点后最大位」：「=1」
「过滤条件」：「手动配置：id<=100」
「强弱规则」选择「弱规则」
「规则描述」输入「测试规则」
9. 点击【添加规则-唯一性校验】
10. 「监控规则5」配置如下：
「字段」：「id」
「统计函数」：「重复数」
「过滤条件」：「手动配置：id<=100」
「校验方法」：「固定值」
「期望值」：「=0」
「强弱规则」选择「弱规则」
「规则描述」输入「测试规则」
11. 「监控规则6」配置如下：
「字段」：「age」
「统计函数」：「多表唯一性判断」
「过滤条件」：「手动配置：id<=100」
「校验字段逻辑」：「唯一」
「和其他表的校验关系」：「且」
「选择对比表」：「${TABLE}」
「对比表字段」：「id」
「校验字段逻辑」：「唯一」
「强弱规则」选择「弱规则」
「规则描述」输入「测试规则」
12. 点击【添加规则-统计性校验】
13. 「监控规则7」配置如下：
「字段」：「name」
「统计函数」：「异常值检测」
「过滤条件」：「手动配置：id<=100」
「校验方法」：「IQR离群点数量」
「期望值」：「=1」
「强弱规则」选择「弱规则」
「规则描述」输入「测试规则」
14. 点击【添加规则-自定义SQL】
15. 「监控规则8」配置如下：
「规则类型」：「完整性校验」
「引用规则」：「自定义规则测试」
「sql」：「select * from ${tableName} where ${colName} = ${value}」
「参数」：「${tableName}：pw_test.test_info_1」、「${colName}：id」、「${value}：1」
「校验方法」：「固定值」
「期望值」：「=1」
「强弱规则」选择「弱规则」
「规则描述」输入「测试规则」
16. 点击【添加规则-一致性校验】
17. 「监控规则9」配置如下：
「校验类型」：「多表数据一致性比对」
「选择校验字段」：「id、name」
「选择校验表主键」：「id」
「对比表」：「${TABLE}」
「选择对比表主键」：「id」
「校验表比对字段」：「id」、「name」
「对比表1」：「id」、「name」
「强弱规则」选择「弱规则」
「规则描述」输入「测试规则」
18. 点击【添加规则-时效性校验】
19. 「监控规则10」配置如下：
「字段」：「buy_date」
「统计函数」：「周期性校验（单字段时间差校验）」
「过滤条件」：「手动配置：id<=100」
「选择排序字段」：「id」
「时间差」：「>=1秒」
「强弱规则」选择「弱规则」
「规则描述」输入「测试规则」
20. 「监控规则11」配置如下：
「字段」：「id」
「统计函数」：「及时性校验（多字段时间差校验）」
「过滤条件」：「手动配置：id<=100」
「选择对比字段组」：「buy_date、dt」
「时间差」：「<1分钟」
「大小关系」：「buy_date<dt」
「强弱规则」选择「弱规则」
「规则描述」输入「测试规则」
21. 点击【添加规则-合理性校验】
22. 「监控规则12」配置如下：
「字段」：「age」
「统计函数」：「数据变化趋势」
「过滤条件」：「手动配置：id<=100」
「选择排序字段」：「id」
「校验方法」：「单调递增」
「强弱规则」选择「弱规则」
「规则描述」输入「测试规则」
23. 「监控规则13」配置如下：
「字段」：「age」
「统计函数」：「字段值计算对比」
「过滤条件」：「手动配置：id<=100」
「计算逻辑配置」：「cast(string_num as double)*(id+age)」
「对比方法」：「计算结果与字段对比」、「age<「计算结果与字段对比」」
「强弱规则」选择「弱规则」
「规则描述」输入「测试规则」
24. 点击【保存】按钮
25. 进入「规则任务管理-监控对象」页面
26. 「规则名称」输入「test_rule」
「选择数据源」选择「${DATASOURCE}」
「选择数据库」选择「${DATABASE}」
「选择数据表」选择「${TABLE}」
不开启「抽样检查设置」
27. 引入规则包「不可合并部分规则」，点击「下一步」按钮
28. 配置「调度属性」，保存规则，且「调度属性」中配置「规则报告」为最新结果
29. 点开规则详情，查看规则sql
30. 临时运行规则，查看实例详情
31. 查看质量报告","1. 页面正常打开
2. 抽样关闭：sql有rand()函数和 tableName_temp_sample_table_xxx 临时抽样表
3. 选择成功，页面显示「完整性校验」规则配置区域
4. 监控规则1配置完成
5. 监控规则2配置完成
6. 选择成功，页面显示「有效性校验」规则配置区域
7. 监控规则3配置完成
8. 监控规则4配置完成
9. 选择成功，页面显示「唯一性校验」规则配置区域
10. 监控规则5配置完成
11. 监控规则6配置完成
12. 选择成功，页面显示「统计性校验」规则配置区域
13. 监控规则7配置完成
14. 选择成功，页面显示「自定义SQL」规则配置区域
15. 监控规则8配置完成
16. 选择成功，页面显示「一致性校验」规则配置区域
17. 监控规则9配置完成
18. 选择成功，页面显示「时效性校验」规则配置区域
19. 监控规则10配置完成
20. 监控规则11配置完成
21. 选择成功，页面显示「合理性校验」规则配置区域
22. 监控规则12配置完成
23. 监控规则13配置完成
24. 规则保存成功
25. 页面正常打开
26. 监控对象配置成功；
进入「监控规则」配置页
27. 引入正确，规则内容置灰，进入「调度属性」
28. 规则保存成功
29. 1、sql不进行合并：
1）每一条校验规则，都单独去扫描一遍源数据表；
2）各个规则的判断计算语句都是分开写的，一条规则对应一段查询逻辑；
3）每条规则算出结果后单独成行，最后拼接把所有规则数据凑到一起；
4）不同规则的数据分开存入不同的脏数据表
30. 结果符合预期，且实例详情展示正确，未通过的子规则可查看明细
31. 结果正确，符合配置的规则内容","1. 
2. 
3. 
4. 
5. 
6. 
7. 
8. 
9. 
10. 
11. 
12. 
13. 
14. 
15. 
16. 
17. 
18. 
19. 
20. 
21. 
22. 
23. 
24. 
25. 
26. 
27. 
28. 
29. 
30. 
31.","","2","功能测试","功能测试阶段","正常","0","0","31","","听筠","2026-05-26","","0000-00-00","1","",""
"185998","数据资产_STD(#23)","/版本迭代测试用例/v6.4.11/【岚图】【数据资产】数据质量任务性能优化，规则sql合并/doris3.x(#10584)","【岚图】【数据资产】数据质量任务、落标检查任务性能优化，规则sql合并(#15862)","可合并 完整性+有效性 验证「完整性+有效性」-「抽样开启」-「设置分区」-「包含强弱规则」-「多规则包」校验功能","已有表test_info_1
CREATE TABLE test_info_1 (
id INT COMMENT &#039;用户ID&#039;,
age INT COMMENT &#039;年龄&#039;,
string_num STRING COMMENT &#039;string类型的编号&#039;,
name STRING COMMENT &#039;姓名&#039;,
address STRING COMMENT &#039;地址&#039;,
money STRING COMMENT &#039;金额&#039;,
buy_date DATE COMMENT &#039;购买日期&#039;,
date_detail STRING COMMENT &#039;日期详情&#039;,
dt DATE COMMENT &#039;分区日期，格式：yyyy-MM-dd&#039;
)
COMMENT &#039;测试信息表&#039;
PARTITION BY RANGE(dt) ()
DISTRIBUTED BY HASH(id) BUCKETS 10
PROPERTIES (
“replication_num“ = “1“,
“compression“ = “LZ4“
);

-- 手动添加分区
ALTER TABLE test_info_1 ADD PARTITION p20260519 VALUES [(&#039;2026-05-19&#039;), (&#039;2026-05-20&#039;));

-- 插入数据
INSERT INTO test_info_1
SELECT
1 + user_idx AS id,
CASE user_idx
WHEN 0 THEN 25 WHEN 1 THEN 30 WHEN 2 THEN 28
WHEN 3 THEN 35 WHEN 4 THEN 22 ELSE 29
END AS age,
CASE user_idx
WHEN 0 THEN &#039;001&#039; WHEN 1 THEN &#039;002&#039; WHEN 2 THEN &#039;003&#039;
WHEN 3 THEN &#039;004&#039; WHEN 4 THEN &#039;005&#039; ELSE &#039;006&#039;
END AS string_num,
CASE user_idx
WHEN 0 THEN &#039;张三&#039; WHEN 1 THEN &#039;李四&#039; WHEN 2 THEN &#039;王五&#039;
WHEN 3 THEN &#039;赵六&#039; WHEN 4 THEN &#039;小明&#039; ELSE &#039;小红&#039;
END AS name,
CASE user_idx
WHEN 0 THEN &#039;北京市朝阳区&#039; WHEN 1 THEN &#039;上海市浦东新区&#039; WHEN 2 THEN &#039;广州市天河区&#039;
WHEN 3 THEN &#039;深圳市南山区&#039; WHEN 4 THEN &#039;杭州市西湖区&#039; ELSE &#039;成都市武侯区&#039;
END AS address,
CASE user_idx
WHEN 0 THEN &#039;5000.00&#039; WHEN 1 THEN &#039;6800.50&#039; WHEN 2 THEN &#039;4200.00&#039;
WHEN 3 THEN &#039;9500.00&#039; WHEN 4 THEN &#039;3100.00&#039; ELSE &#039;5600.00&#039;
END AS money,
DATE_ADD(CURRENT_DATE(), INTERVAL -30 + user_idx DAY) AS buy_date,
CASE user_idx
WHEN 0 THEN &#039;订单已完成&#039; WHEN 1 THEN &#039;待发货&#039; WHEN 2 THEN &#039;已取消&#039;
WHEN 3 THEN &#039;配送中&#039; WHEN 4 THEN &#039;已完成&#039; ELSE &#039;退款中&#039;
END AS date_detail,
DATE(&#039;2026-05-19&#039;) AS dt
FROM (
SELECT 0 AS user_idx UNION ALL
SELECT 1 UNION ALL
SELECT 2 UNION ALL
SELECT 3 UNION ALL
SELECT 4 UNION ALL
SELECT 5
) users;","1. 进入「资产-数据质量-规则集管理-基础信息」页面
2. 「选择数据源」选择「${DATASOURCE}」
「选择数据库」选择「${DATABASE}」
「选择数据表」选择「${TABLE}」
「规则包名称」填写「完整性+有效性可合并包含强弱规则，为单规则包」
3. 点击「新增规则包」-「完整性+有效性可合并包含强弱规则，为单规则包」，点击【添加规则-完整性校验】
4. 「监控规则1」配置如下：
「生效范围」：「字段级」
「字段」：「id，age」
「字段间规则逻辑」：「and」
「统计函数」：「空值数」
「过滤条件」：「手动配置：id<=100」
「校验方法」：「固定值」
「期望值」：「!=1」
「强弱规则」选择「弱规则」
「规则描述」输入「测试规则」
5. 「监控规则2」配置如下：
「生效范围」：「字段级」
「字段」：「id，age」
「字段间规则逻辑」：「or」
「统计函数」：「空值率」
「过滤条件」：「手动配置：id<=100」
「校验方法」：「固定值」
「期望值」：「=0」
「强弱规则」选择「强规则」
「规则描述」输入「测试规则」
6. 「监控规则3」配置如下：
「生效范围」：「字段级」
「字段」：「name」
「统计函数」：「空串数」
「过滤条件」：「手动配置：id<=100」
「校验方法」：「固定值」
「期望值」：「>0」
「强弱规则」选择「强规则」
「规则描述」输入「测试规则」
7. 「监控规则4」配置如下：
「生效范围」：「字段级」
「字段」：「name」
「统计函数」：「空串率」
「过滤条件」：「手动配置：id<=100」
「校验方法」：「固定值」
「期望值」：「=1」
「强弱规则」选择「弱规则」
「规则描述」输入「测试规则」
8. 「监控规则5」配置如下：
「生效范围」：「单表」
「统计函数」：「表行数」
「过滤条件」：「手动配置：id<=100」
「校验方法」：「固定值」
「期望值」：「>0」
「强弱规则」选择「弱规则」
「规则描述」输入「测试规则」
9. 点击【添加规则-有效性校验】
10. 「监控规则6」配置如下：
「字段」：「id」
「统计函数」：「数值-取值范围」
「过滤条件」：「手动配置：id<=100」
「校验方法」：「固定值」
「期望值」：「>0且<=100」
「强弱规则」选择「弱规则」
「规则描述」输入「测试规则」
11. 「监控规则7」配置如下：
「字段」：「string_num」
「统计函数」：「数值-枚举个数」
「过滤条件」：「手动配置：id<=100」
「校验方法」：「固定值」
「期望值」：「>=1」
「强弱规则」选择「强规则」
「规则描述」输入「测试规则」
12. 「监控规则8」配置如下：
「字段」：「age」
「统计函数」：「枚举值」
「过滤条件」：「手动配置：id<=100」
「枚举值信息」：「not in 25,30,28,35」
「强弱规则」选择「弱规则」
「规则描述」输入「测试规则」
13. 「监控规则9」配置如下：
「字段」：「id」
「统计函数」：「取值范围&枚举范围」
「过滤条件」：「手动配置：id<=100」
「取值范围」：「期望值>0且<5」
「枚举值」：「in 1」
「取值范围和枚举值关系」：「且」
「强弱规则」选择「强规则」
「规则描述」输入「测试规则」
14. 点击【保存】按钮
15. 进入「规则任务管理-监控对象」页面
16. 「规则名称」输入「test_rule」
「选择数据源」选择「${DATASOURCE}」
「选择数据库」选择「${DATABASE}」
「选择数据表」选择「${TABLE}」
手动设置分区
「抽样检查设置」：「抽样设置：百分比抽样50%」
17. 引入规则包「完完整性+有效性可合并包含强弱规则，为单规则包」，点击「下一步」按钮
18. 配置「调度属性」，设置「规则拼接包」为「4」，保存规则，且「调度属性」中配置「规则报告」为最新结果
19. 点开规则详情，查看规则sql
20. 临时运行规则，查看实例详情
21. 查看质量报告
22. 重复前面子规则配置，修改调度属性中「规则拼接包」为「8」，保存规则，且「调度属性」中配置「规则报告」为最新结果
23. 点开规则详情，查看规则sql
24. 查看质量报告","1. 页面正常打开
2. 抽样开启：sql有rand()函数和 tableName_temp_sample_table_xxx 临时抽样表
3. 合并在一起的脏数据存储表为同一个
4. 监控规则1配置完成
5. 监控规则2配置完成
6. 监控规则3配置完成
7. 监控规则4配置完成
8. 监控规则5配置完成
9. 选择成功，页面显示「有效性校验」规则配置区域
10. 监控规则6配置完成
11. 监控规则7配置完成
12. 监控规则8配置完成
13. 监控规则9配置完成
14. 规则保存成功
15. 页面正常打开
16. 监控对象配置成功；
进入「监控规则」配置页
17. 引入正确，规则内容置灰，进入「调度属性」
18. 规则保存成功
19. 1、按强弱规则分类进行sql合并：
1）源表只扫描一次：FROM 后面的源表只出现 1 次；
​2）按强弱分类，相同类别的规则写在同一个select里面：用多个 SUM (CASE WHEN) 把规则并行计算；
3）计算后再把结果拆成多行，每行代表单个规则进行输出，最终把结果插入同一张脏数据表
20. 子规则1、2、5、6、7通过，子规则3、4、8、9不通过，且实例详情展示正确
21. 结果正确，符合配置的规则内容
22. 规则保存成功
23. 1、sql不进行合并：
1）每一条校验规则，都单独去扫描一遍源数据表；
2）各个规则的判断计算语句都是分开写的，一条规则对应一段查询逻辑；
3）每条规则算出结果后单独成行，最后拼接把所有规则数据凑到一起；
4）不同规则的数据分开存入不同的脏数据表
24. 结果正确，符合配置的规则内容","1. 
2. 
3. 
4. 
5. 
6. 
7. 
8. 
9. 
10. 
11. 
12. 
13. 
14. 
15. 
16. 
17. 
18. 
19. 
20. 
21. 
22. 
23. 
24.","","2","功能测试","功能测试阶段","正常","0","0","24","","听筠","2026-05-26","","0000-00-00","1","",""
"185997","数据资产_STD(#23)","/版本迭代测试用例/v6.4.11/【岚图】【数据资产】数据质量任务性能优化，规则sql合并/doris3.x(#10584)","【岚图】【数据资产】数据质量任务、落标检查任务性能优化，规则sql合并(#15862)","可合并 完整性+有效性 验证「完整性+有效性」-「抽样开启」-「设置分区」-「包含强弱规则」-「单规则包」校验功能","已有表test_info_1
CREATE TABLE test_info_1 (
id INT COMMENT &#039;用户ID&#039;,
age INT COMMENT &#039;年龄&#039;,
string_num STRING COMMENT &#039;string类型的编号&#039;,
name STRING COMMENT &#039;姓名&#039;,
address STRING COMMENT &#039;地址&#039;,
money STRING COMMENT &#039;金额&#039;,
buy_date DATE COMMENT &#039;购买日期&#039;,
date_detail STRING COMMENT &#039;日期详情&#039;,
dt DATE COMMENT &#039;分区日期，格式：yyyy-MM-dd&#039;
)
COMMENT &#039;测试信息表&#039;
PARTITION BY RANGE(dt) ()
DISTRIBUTED BY HASH(id) BUCKETS 10
PROPERTIES (
“replication_num“ = “1“,
“compression“ = “LZ4“
);

-- 手动添加分区
ALTER TABLE test_info_1 ADD PARTITION p20260519 VALUES [(&#039;2026-05-19&#039;), (&#039;2026-05-20&#039;));

-- 插入数据
INSERT INTO test_info_1
SELECT
1 + user_idx AS id,
CASE user_idx
WHEN 0 THEN 25 WHEN 1 THEN 30 WHEN 2 THEN 28
WHEN 3 THEN 35 WHEN 4 THEN 22 ELSE 29
END AS age,
CASE user_idx
WHEN 0 THEN &#039;001&#039; WHEN 1 THEN &#039;002&#039; WHEN 2 THEN &#039;003&#039;
WHEN 3 THEN &#039;004&#039; WHEN 4 THEN &#039;005&#039; ELSE &#039;006&#039;
END AS string_num,
CASE user_idx
WHEN 0 THEN &#039;张三&#039; WHEN 1 THEN &#039;李四&#039; WHEN 2 THEN &#039;王五&#039;
WHEN 3 THEN &#039;赵六&#039; WHEN 4 THEN &#039;小明&#039; ELSE &#039;小红&#039;
END AS name,
CASE user_idx
WHEN 0 THEN &#039;北京市朝阳区&#039; WHEN 1 THEN &#039;上海市浦东新区&#039; WHEN 2 THEN &#039;广州市天河区&#039;
WHEN 3 THEN &#039;深圳市南山区&#039; WHEN 4 THEN &#039;杭州市西湖区&#039; ELSE &#039;成都市武侯区&#039;
END AS address,
CASE user_idx
WHEN 0 THEN &#039;5000.00&#039; WHEN 1 THEN &#039;6800.50&#039; WHEN 2 THEN &#039;4200.00&#039;
WHEN 3 THEN &#039;9500.00&#039; WHEN 4 THEN &#039;3100.00&#039; ELSE &#039;5600.00&#039;
END AS money,
DATE_ADD(CURRENT_DATE(), INTERVAL -30 + user_idx DAY) AS buy_date,
CASE user_idx
WHEN 0 THEN &#039;订单已完成&#039; WHEN 1 THEN &#039;待发货&#039; WHEN 2 THEN &#039;已取消&#039;
WHEN 3 THEN &#039;配送中&#039; WHEN 4 THEN &#039;已完成&#039; ELSE &#039;退款中&#039;
END AS date_detail,
DATE(&#039;2026-05-19&#039;) AS dt
FROM (
SELECT 0 AS user_idx UNION ALL
SELECT 1 UNION ALL
SELECT 2 UNION ALL
SELECT 3 UNION ALL
SELECT 4 UNION ALL
SELECT 5
) users;","1. 进入「资产-数据质量-规则集管理-基础信息」页面
2. 「选择数据源」选择「${DATASOURCE}」
「选择数据库」选择「${DATABASE}」
「选择数据表」选择「${TABLE}」
「规则包名称」填写「完整性+有效性可合并包含强弱规则，为单规则包」
3. 点击「新增规则包」-「完整性+有效性可合并包含强弱规则，为单规则包」，点击【添加规则-完整性校验】
4. 「监控规则1」配置如下：
「生效范围」：「字段级」
「字段」：「id，age」
「字段间规则逻辑」：「and」
「统计函数」：「空值数」
「过滤条件」：「手动配置：id<=100」
「校验方法」：「固定值」
「期望值」：「!=1」
「强弱规则」选择「弱规则」
「规则描述」输入「测试规则」
5. 「监控规则2」配置如下：
「生效范围」：「字段级」
「字段」：「id，age」
「字段间规则逻辑」：「or」
「统计函数」：「空值率」
「过滤条件」：「手动配置：id<=100」
「校验方法」：「固定值」
「期望值」：「=0」
「强弱规则」选择「强规则」
「规则描述」输入「测试规则」
6. 「监控规则3」配置如下：
「生效范围」：「字段级」
「字段」：「name」
「统计函数」：「空串数」
「过滤条件」：「手动配置：id<=100」
「校验方法」：「固定值」
「期望值」：「>0」
「强弱规则」选择「强规则」
「规则描述」输入「测试规则」
7. 「监控规则4」配置如下：
「生效范围」：「字段级」
「字段」：「name」
「统计函数」：「空串率」
「过滤条件」：「手动配置：id<=100」
「校验方法」：「固定值」
「期望值」：「=1」
「强弱规则」选择「弱规则」
「规则描述」输入「测试规则」
8. 「监控规则5」配置如下：
「生效范围」：「单表」
「统计函数」：「表行数」
「过滤条件」：「手动配置：id<=100」
「校验方法」：「固定值」
「期望值」：「>0」
「强弱规则」选择「弱规则」
「规则描述」输入「测试规则」
9. 点击【添加规则-有效性校验】
10. 「监控规则6」配置如下：
「字段」：「id」
「统计函数」：「数值-取值范围」
「过滤条件」：「手动配置：id<=100」
「校验方法」：「固定值」
「期望值」：「>0且<=100」
「强弱规则」选择「弱规则」
「规则描述」输入「测试规则」
11. 「监控规则7」配置如下：
「字段」：「string_num」
「统计函数」：「数值-枚举个数」
「过滤条件」：「手动配置：id<=100」
「校验方法」：「固定值」
「期望值」：「>=1」
「强弱规则」选择「强规则」
「规则描述」输入「测试规则」
12. 「监控规则8」配置如下：
「字段」：「age」
「统计函数」：「枚举值」
「过滤条件」：「手动配置：id<=100」
「枚举值信息」：「not in 25,30,28,35」
「强弱规则」选择「弱规则」
「规则描述」输入「测试规则」
13. 「监控规则9」配置如下：
「字段」：「id」
「统计函数」：「取值范围&枚举范围」
「过滤条件」：「手动配置：id<=100」
「取值范围」：「期望值>0且<5」
「枚举值」：「in 1」
「取值范围和枚举值关系」：「且」
「强弱规则」选择「强规则」
「规则描述」输入「测试规则」
14. 点击【保存】按钮
15. 进入「规则任务管理-监控对象」页面
16. 「规则名称」输入「test_rule」
「选择数据源」选择「${DATASOURCE}」
「选择数据库」选择「${DATABASE}」
「选择数据表」选择「${TABLE}」
手动设置分区
「抽样检查设置」：「抽样设置：百分比抽样50%」
17. 引入规则包「完完整性+有效性可合并包含强弱规则，为单规则包」，点击「下一步」按钮
18. 配置「调度属性」，设置「规则拼接包」为「1」，保存规则，且「调度属性」中配置「规则报告」为最新结果
19. 点开规则详情，查看规则sql
20. 临时运行规则，查看实例详情
21. 查看质量报告","1. 页面正常打开
2. 抽样开启：sql有rand()函数和 tableName_temp_sample_table_xxx 临时抽样表
3. 脏数据存储表为同一个
4. 监控规则1配置完成
5. 监控规则2配置完成
6. 监控规则3配置完成
7. 监控规则4配置完成
8. 监控规则5配置完成
9. 选择成功，页面显示「有效性校验」规则配置区域
10. 监控规则6配置完成
11. 监控规则7配置完成
12. 监控规则8配置完成
13. 监控规则9配置完成
14. 规则保存成功
15. 页面正常打开
16. 监控对象配置成功；
进入「监控规则」配置页
17. 引入正确，规则内容置灰，进入「调度属性」
18. 规则保存成功
19. 1、sql进行合并：
1）源表只扫描一次：FROM 后面的源表只出现 1 次；
​2）所有可合并规则写在同一个select里面：用多个 SUM (CASE WHEN) 把规则并行计算；
3）计算后再把结果拆成多行，每行代表单个规则进行输出，最终把结果插入同一张脏数据表
20. 子规则1、2、5、6、7通过，子规则3、4、8、9不通过，且实例详情展示正确
21. 结果正确，符合配置的规则内容","1. 
2. 
3. 
4. 
5. 
6. 
7. 
8. 
9. 
10. 
11. 
12. 
13. 
14. 
15. 
16. 
17. 
18. 
19. 
20. 
21.","","2","功能测试","功能测试阶段","正常","0","0","21","","听筠","2026-05-26","","0000-00-00","1","",""
"185996","数据资产_STD(#23)","/版本迭代测试用例/v6.4.11/【岚图】【数据资产】数据质量任务性能优化，规则sql合并/doris3.x(#10584)","【岚图】【数据资产】数据质量任务、落标检查任务性能优化，规则sql合并(#15862)","可合并 完整性+有效性 验证「完整性+有效性」-「抽样开启」-「设置分区」-「不同过滤条件」校验功能","已有表test_info_1
CREATE TABLE test_info_1 (
id INT COMMENT &#039;用户ID&#039;,
age INT COMMENT &#039;年龄&#039;,
string_num STRING COMMENT &#039;string类型的编号&#039;,
name STRING COMMENT &#039;姓名&#039;,
address STRING COMMENT &#039;地址&#039;,
money STRING COMMENT &#039;金额&#039;,
buy_date DATE COMMENT &#039;购买日期&#039;,
date_detail STRING COMMENT &#039;日期详情&#039;,
dt DATE COMMENT &#039;分区日期，格式：yyyy-MM-dd&#039;
)
COMMENT &#039;测试信息表&#039;
PARTITION BY RANGE(dt) ()
DISTRIBUTED BY HASH(id) BUCKETS 10
PROPERTIES (
“replication_num“ = “1“,
“compression“ = “LZ4“
);

-- 手动添加分区
ALTER TABLE test_info_1 ADD PARTITION p20260519 VALUES [(&#039;2026-05-19&#039;), (&#039;2026-05-20&#039;));

-- 插入数据
INSERT INTO test_info_1
SELECT
1 + user_idx AS id,
CASE user_idx
WHEN 0 THEN 25 WHEN 1 THEN 30 WHEN 2 THEN 28
WHEN 3 THEN 35 WHEN 4 THEN 22 ELSE 29
END AS age,
CASE user_idx
WHEN 0 THEN &#039;001&#039; WHEN 1 THEN &#039;002&#039; WHEN 2 THEN &#039;003&#039;
WHEN 3 THEN &#039;004&#039; WHEN 4 THEN &#039;005&#039; ELSE &#039;006&#039;
END AS string_num,
CASE user_idx
WHEN 0 THEN &#039;张三&#039; WHEN 1 THEN &#039;李四&#039; WHEN 2 THEN &#039;王五&#039;
WHEN 3 THEN &#039;赵六&#039; WHEN 4 THEN &#039;小明&#039; ELSE &#039;小红&#039;
END AS name,
CASE user_idx
WHEN 0 THEN &#039;北京市朝阳区&#039; WHEN 1 THEN &#039;上海市浦东新区&#039; WHEN 2 THEN &#039;广州市天河区&#039;
WHEN 3 THEN &#039;深圳市南山区&#039; WHEN 4 THEN &#039;杭州市西湖区&#039; ELSE &#039;成都市武侯区&#039;
END AS address,
CASE user_idx
WHEN 0 THEN &#039;5000.00&#039; WHEN 1 THEN &#039;6800.50&#039; WHEN 2 THEN &#039;4200.00&#039;
WHEN 3 THEN &#039;9500.00&#039; WHEN 4 THEN &#039;3100.00&#039; ELSE &#039;5600.00&#039;
END AS money,
DATE_ADD(CURRENT_DATE(), INTERVAL -30 + user_idx DAY) AS buy_date,
CASE user_idx
WHEN 0 THEN &#039;订单已完成&#039; WHEN 1 THEN &#039;待发货&#039; WHEN 2 THEN &#039;已取消&#039;
WHEN 3 THEN &#039;配送中&#039; WHEN 4 THEN &#039;已完成&#039; ELSE &#039;退款中&#039;
END AS date_detail,
DATE(&#039;2026-05-19&#039;) AS dt
FROM (
SELECT 0 AS user_idx UNION ALL
SELECT 1 UNION ALL
SELECT 2 UNION ALL
SELECT 3 UNION ALL
SELECT 4 UNION ALL
SELECT 5
) users;","1. 进入「资产-数据质量-规则集管理-基础信息」页面
2. 「选择数据源」选择「${DATASOURCE}」
「选择数据库」选择「${DATABASE}」
「选择数据表」选择「${TABLE}」
「规则包名称」填写「完整性+有效性可合并规则过滤条件不同」
3. 点击「新增规则包」-「完整性+有效性可合并规则过滤条件不同」，点击【添加规则-完整性校验】
4. 「监控规则1」配置如下：
「生效范围」：「字段级」
「字段」：「id，age」
「字段间规则逻辑」：「and」
「统计函数」：「空值数」
「过滤条件」：「手动配置：id<=100」
「校验方法」：「固定值」
「期望值」：「!=1」
「强弱规则」选择「弱规则」
「规则描述」输入「测试规则」
5. 「监控规则2」配置如下：
「生效范围」：「字段级」
「字段」：「id，age」
「字段间规则逻辑」：「or」
「统计函数」：「空值率」
「过滤条件」：「手动配置：id<=80」
「校验方法」：「固定值」
「期望值」：「=0」
「强弱规则」选择「弱规则」
「规则描述」输入「测试规则」
6. 「监控规则3」配置如下：
「生效范围」：「字段级」
「字段」：「name」
「统计函数」：「空串数」
「过滤条件」：「手动配置：id<=10」
「校验方法」：「固定值」
「期望值」：「>0」
「强弱规则」选择「弱规则」
「规则描述」输入「测试规则」
7. 「监控规则4」配置如下：
「生效范围」：「字段级」
「字段」：「name」
「统计函数」：「空串率」
「校验方法」：「固定值」
「期望值」：「=1」
「强弱规则」选择「弱规则」
「规则描述」输入「测试规则」
8. 「监控规则5」配置如下：
「生效范围」：「单表」
「统计函数」：「表行数」
「过滤条件」：「手动配置：id<=100」
「校验方法」：「固定值」
「期望值」：「>0」
「强弱规则」选择「弱规则」
「规则描述」输入「测试规则」
9. 点击【添加规则-有效性校验】
10. 「监控规则6」配置如下：
「字段」：「id」
「统计函数」：「数值-取值范围」
「过滤条件」：「手动配置：id<=100」
「校验方法」：「固定值」
「期望值」：「>0且<=100」
「强弱规则」选择「弱规则」
「规则描述」输入「测试规则」
11. 「监控规则7」配置如下：
「字段」：「string_num」
「统计函数」：「数值-枚举个数」
「过滤条件」：「手动配置：id<=80」
「校验方法」：「固定值」
「期望值」：「>=1」
「强弱规则」选择「弱规则」
「规则描述」输入「测试规则」
12. 「监控规则8」配置如下：
「字段」：「age」
「统计函数」：「枚举值」
「过滤条件」：「手动配置：id<=70」
「枚举值信息」：「not in 25,30,28,35」
「强弱规则」选择「弱规则」
「规则描述」输入「测试规则」
13. 「监控规则9」配置如下：
「字段」：「id」
「统计函数」：「取值范围&枚举范围」
「取值范围」：「期望值>0且<5」
「枚举值」：「in 1」
「取值范围和枚举值关系」：「且」
「强弱规则」选择「弱规则」
「规则描述」输入「测试规则」
14. 点击【保存】按钮
15. 进入「规则任务管理-监控对象」页面
16. 「规则名称」输入「test_rule」
「选择数据源」选择「${DATASOURCE}」
「选择数据库」选择「${DATABASE}」
「选择数据表」选择「${TABLE}」
手动设置分区
「抽样检查设置」：「抽样设置：百分比抽样50%」
17. 引入规则包「完整性+有效性可合并规则过滤条件不同」，点击「下一步」按钮
18. 配置「调度属性」，保存规则，且「调度属性」中配置「规则报告」为最新结果
19. 点开规则详情，查看规则sql
20. 临时运行规则，查看实例详情
21. 查看质量报告","1. 页面正常打开
2. 抽样开启：sql有rand()函数和 tableName_temp_sample_table_xxx 临时抽样表
3. 选择成功，页面显示「完整性校验」规则配置区域
4. 监控规则1配置完成
5. 监控规则2配置完成
6. 监控规则3配置完成
7. 监控规则4配置完成
8. 监控规则5配置完成
9. 选择成功，页面显示「有效性校验」规则配置区域
10. 监控规则6配置完成
11. 监控规则7配置完成
12. 监控规则8配置完成
13. 监控规则9配置完成
14. 规则保存成功
15. 页面正常打开
16. 监控对象配置成功；
进入「监控规则」配置页
17. 引入正确，规则内容置灰，进入「调度属性」
18. 规则保存成功
19. 1、过滤条件相同的进行合并（规则1、5、6合并；4、9合并；2、7合并）其余子规则不进行合并：
1）源表只扫描一次：FROM 后面的源表只出现 1 次；
​2）所有可合并规则写在同一个select里面：用多个 SUM (CASE WHEN) 把规则并行计算；
3）计算后再把结果拆成多行，每行代表单个规则进行输出，最终把结果插入同一张脏数据表
20. 子规则1、2、5、6、7通过，子规则3、4、8、9不通过，且实例详情展示正确
21. 结果正确，符合配置的规则内容","1. 
2. 
3. 
4. 
5. 
6. 
7. 
8. 
9. 
10. 
11. 
12. 
13. 
14. 
15. 
16. 
17. 
18. 
19. 
20. 
21.","","2","功能测试","功能测试阶段","正常","0","0","21","","听筠","2026-05-26","","0000-00-00","1","",""
"185995","数据资产_STD(#23)","/版本迭代测试用例/v6.4.11/【岚图】【数据资产】数据质量任务性能优化，规则sql合并/doris3.x(#10584)","【岚图】【数据资产】数据质量任务、落标检查任务性能优化，规则sql合并(#15862)","可合并 完整性+有效性 验证「完整性+有效性」-「抽样开启」-「设置分区」-「string强转int」校验功能","已有表test_info_1
CREATE TABLE test_info_1 (
id INT COMMENT &#039;用户ID&#039;,
age INT COMMENT &#039;年龄&#039;,
string_num STRING COMMENT &#039;string类型的编号&#039;,
name STRING COMMENT &#039;姓名&#039;,
address STRING COMMENT &#039;地址&#039;,
money STRING COMMENT &#039;金额&#039;,
buy_date DATE COMMENT &#039;购买日期&#039;,
date_detail STRING COMMENT &#039;日期详情&#039;,
dt DATE COMMENT &#039;分区日期，格式：yyyy-MM-dd&#039;
)
COMMENT &#039;测试信息表&#039;
PARTITION BY RANGE(dt) ()
DISTRIBUTED BY HASH(id) BUCKETS 10
PROPERTIES (
“replication_num“ = “1“,
“compression“ = “LZ4“
);

-- 手动添加分区
ALTER TABLE test_info_1 ADD PARTITION p20260519 VALUES [(&#039;2026-05-19&#039;), (&#039;2026-05-20&#039;));

-- 插入数据
INSERT INTO test_info_1
SELECT
1 + user_idx AS id,
CASE user_idx
WHEN 0 THEN 25 WHEN 1 THEN 30 WHEN 2 THEN 28
WHEN 3 THEN 35 WHEN 4 THEN 22 ELSE 29
END AS age,
CASE user_idx
WHEN 0 THEN &#039;001&#039; WHEN 1 THEN &#039;002&#039; WHEN 2 THEN &#039;003&#039;
WHEN 3 THEN &#039;004&#039; WHEN 4 THEN &#039;005&#039; ELSE &#039;006&#039;
END AS string_num,
CASE user_idx
WHEN 0 THEN &#039;张三&#039; WHEN 1 THEN &#039;李四&#039; WHEN 2 THEN &#039;王五&#039;
WHEN 3 THEN &#039;赵六&#039; WHEN 4 THEN &#039;小明&#039; ELSE &#039;小红&#039;
END AS name,
CASE user_idx
WHEN 0 THEN &#039;北京市朝阳区&#039; WHEN 1 THEN &#039;上海市浦东新区&#039; WHEN 2 THEN &#039;广州市天河区&#039;
WHEN 3 THEN &#039;深圳市南山区&#039; WHEN 4 THEN &#039;杭州市西湖区&#039; ELSE &#039;成都市武侯区&#039;
END AS address,
CASE user_idx
WHEN 0 THEN &#039;5000.00&#039; WHEN 1 THEN &#039;6800.50&#039; WHEN 2 THEN &#039;4200.00&#039;
WHEN 3 THEN &#039;9500.00&#039; WHEN 4 THEN &#039;3100.00&#039; ELSE &#039;5600.00&#039;
END AS money,
DATE_ADD(CURRENT_DATE(), INTERVAL -30 + user_idx DAY) AS buy_date,
CASE user_idx
WHEN 0 THEN &#039;订单已完成&#039; WHEN 1 THEN &#039;待发货&#039; WHEN 2 THEN &#039;已取消&#039;
WHEN 3 THEN &#039;配送中&#039; WHEN 4 THEN &#039;已完成&#039; ELSE &#039;退款中&#039;
END AS date_detail,
DATE(&#039;2026-05-19&#039;) AS dt
FROM (
SELECT 0 AS user_idx UNION ALL
SELECT 1 UNION ALL
SELECT 2 UNION ALL
SELECT 3 UNION ALL
SELECT 4 UNION ALL
SELECT 5
) users;","1. 进入「资产-数据质量-规则集管理-基础信息」页面
2. 「选择数据源」选择「${DATASOURCE}」
「选择数据库」选择「${DATABASE}」
「选择数据表」选择「${TABLE}」
「规则包名称」填写「完整性+有效性可合并规则过滤条件相同」
3. 点击「新增规则包」-「完整性+有效性可合并规则过滤条件相同」，点击【添加规则-完整性校验】
4. 「监控规则1」配置如下：
「生效范围」：「字段级」
「字段」：「id，string_num」
「字段间规则逻辑」：「and」
「统计函数」：「空值数」
「过滤条件」：「手动配置：id<=100」
「校验方法」：「固定值」
「期望值」：「!=1」
「强弱规则」选择「弱规则」
「规则描述」输入「测试规则」
5. 「监控规则2」配置如下：
「生效范围」：「字段级」
「字段」：「id，string_num」
「字段间规则逻辑」：「or」
「统计函数」：「空值率」
「过滤条件」：「手动配置：id<=100」
「校验方法」：「固定值」
「期望值」：「=0」
「强弱规则」选择「弱规则」
「规则描述」输入「测试规则」
6. 「监控规则3」配置如下：
「生效范围」：「字段级」
「字段」：「name」
「统计函数」：「空串数」
「过滤条件」：「手动配置：id<=100」
「校验方法」：「固定值」
「期望值」：「>0」
「强弱规则」选择「弱规则」
「规则描述」输入「测试规则」
7. 「监控规则4」配置如下：
「生效范围」：「字段级」
「字段」：「name」
「统计函数」：「空串率」
「过滤条件」：「手动配置：id<=100」
「校验方法」：「固定值」
「期望值」：「=1」
「强弱规则」选择「弱规则」
「规则描述」输入「测试规则」
8. 点击【添加规则-有效性校验】
9. 「监控规则5」配置如下：
「字段」：「string_num」
「统计函数」：「数值-取值范围」
「过滤条件」：「手动配置：id<=100」
「校验方法」：「固定值」
「期望值」：「>0且<=100」
「强弱规则」选择「弱规则」
「规则描述」输入「测试规则」
10. 「监控规则6」配置如下：
「字段」：「string_num」
「统计函数」：「数值-枚举个数」
「过滤条件」：「手动配置：id<=100」
「校验方法」：「固定值」
「期望值」：「>=1」
「强弱规则」选择「弱规则」
「规则描述」输入「测试规则」
11. 「监控规则7」配置如下：
「字段」：「string_num」
「统计函数」：「枚举值」
「过滤条件」：「手动配置：id<=100」
「枚举值信息」：「not in 25,30,28,35」
「强弱规则」选择「弱规则」
「规则描述」输入「测试规则」
12. 「监控规则8」配置如下：
「字段」：「string_num」
「统计函数」：「取值范围&枚举范围」
「过滤条件」：「手动配置：id<=100」
「取值范围」：「期望值>0且<5」
「枚举值」：「in 1」
「取值范围和枚举值关系」：「且」
「强弱规则」选择「弱规则」
「规则描述」输入「测试规则」
13. 点击【保存】按钮
14. 进入「规则任务管理-监控对象」页面
15. 「规则名称」输入「test_rule」
「选择数据源」选择「${DATASOURCE}」
「选择数据库」选择「${DATABASE}」
「选择数据表」选择「${TABLE}」
手动设置分区
「抽样检查设置」：「抽样设置：百分比抽样50%」
16. 引入规则包「完整性+有效性可合并规则过滤条件相同」，点击「下一步」按钮
17. 配置「调度属性」，保存规则，且「调度属性」中配置「规则报告」为最新结果
18. 点开规则详情，查看规则sql
19. 临时运行规则，查看实例详情
20. 查看质量报告","1. 页面正常打开
2. 抽样开启：sql有rand()函数和 tableName_temp_sample_table_xxx 临时抽样表
3. 脏数据存储表为同一个
4. 监控规则1配置完成
5. 监控规则2配置完成
6. 监控规则3配置完成
7. 监控规则4配置完成
8. 选择成功，页面显示「有效性校验」规则配置区域
9. 监控规则5配置完成
10. 监控规则6配置完成
11. 监控规则7配置完成
12. 监控规则8配置完成
13. 规则保存成功
14. 页面正常打开
15. 监控对象配置成功；
进入「监控规则」配置页
16. 引入正确，规则内容置灰，进入「调度属性」
17. 规则保存成功
18. 1、sql进行合并：
1）源表只扫描一次：FROM 后面的源表只出现 1 次；
​2）所有可合并规则写在同一个select里面：用多个 SUM (CASE WHEN) 把规则并行计算；
3）计算后再把结果拆成多行，每行代表单个规则进行输出，最终把结果插入同一张脏数据表
19. 子规则1、2、5、6通过，子规则3、4、7、8不通过，且实例详情展示正确
20. 结果正确，符合配置的规则内容","1. 
2. 
3. 
4. 
5. 
6. 
7. 
8. 
9. 
10. 
11. 
12. 
13. 
14. 
15. 
16. 
17. 
18. 
19. 
20.","","3","功能测试","功能测试阶段","正常","0","0","20","","听筠","2026-05-26","","0000-00-00","1","",""
"185994","数据资产_STD(#23)","/版本迭代测试用例/v6.4.11/【岚图】【数据资产】数据质量任务性能优化，规则sql合并/doris3.x(#10584)","【岚图】【数据资产】数据质量任务、落标检查任务性能优化，规则sql合并(#15862)","可合并 完整性+有效性 验证「完整性+有效性」-「抽样开启」-「设置分区」-「相同过滤条件」校验功能","已有表test_info_1
CREATE TABLE test_info_1 (
id INT COMMENT &#039;用户ID&#039;,
age INT COMMENT &#039;年龄&#039;,
string_num STRING COMMENT &#039;string类型的编号&#039;,
name STRING COMMENT &#039;姓名&#039;,
address STRING COMMENT &#039;地址&#039;,
money STRING COMMENT &#039;金额&#039;,
buy_date DATE COMMENT &#039;购买日期&#039;,
date_detail STRING COMMENT &#039;日期详情&#039;,
dt DATE COMMENT &#039;分区日期，格式：yyyy-MM-dd&#039;
)
COMMENT &#039;测试信息表&#039;
PARTITION BY RANGE(dt) ()
DISTRIBUTED BY HASH(id) BUCKETS 10
PROPERTIES (
“replication_num“ = “1“,
“compression“ = “LZ4“
);

-- 手动添加分区
ALTER TABLE test_info_1 ADD PARTITION p20260519 VALUES [(&#039;2026-05-19&#039;), (&#039;2026-05-20&#039;));

-- 插入数据
INSERT INTO test_info_1
SELECT
1 + user_idx AS id,
CASE user_idx
WHEN 0 THEN 25 WHEN 1 THEN 30 WHEN 2 THEN 28
WHEN 3 THEN 35 WHEN 4 THEN 22 ELSE 29
END AS age,
CASE user_idx
WHEN 0 THEN &#039;001&#039; WHEN 1 THEN &#039;002&#039; WHEN 2 THEN &#039;003&#039;
WHEN 3 THEN &#039;004&#039; WHEN 4 THEN &#039;005&#039; ELSE &#039;006&#039;
END AS string_num,
CASE user_idx
WHEN 0 THEN &#039;张三&#039; WHEN 1 THEN &#039;李四&#039; WHEN 2 THEN &#039;王五&#039;
WHEN 3 THEN &#039;赵六&#039; WHEN 4 THEN &#039;小明&#039; ELSE &#039;小红&#039;
END AS name,
CASE user_idx
WHEN 0 THEN &#039;北京市朝阳区&#039; WHEN 1 THEN &#039;上海市浦东新区&#039; WHEN 2 THEN &#039;广州市天河区&#039;
WHEN 3 THEN &#039;深圳市南山区&#039; WHEN 4 THEN &#039;杭州市西湖区&#039; ELSE &#039;成都市武侯区&#039;
END AS address,
CASE user_idx
WHEN 0 THEN &#039;5000.00&#039; WHEN 1 THEN &#039;6800.50&#039; WHEN 2 THEN &#039;4200.00&#039;
WHEN 3 THEN &#039;9500.00&#039; WHEN 4 THEN &#039;3100.00&#039; ELSE &#039;5600.00&#039;
END AS money,
DATE_ADD(CURRENT_DATE(), INTERVAL -30 + user_idx DAY) AS buy_date,
CASE user_idx
WHEN 0 THEN &#039;订单已完成&#039; WHEN 1 THEN &#039;待发货&#039; WHEN 2 THEN &#039;已取消&#039;
WHEN 3 THEN &#039;配送中&#039; WHEN 4 THEN &#039;已完成&#039; ELSE &#039;退款中&#039;
END AS date_detail,
DATE(&#039;2026-05-19&#039;) AS dt
FROM (
SELECT 0 AS user_idx UNION ALL
SELECT 1 UNION ALL
SELECT 2 UNION ALL
SELECT 3 UNION ALL
SELECT 4 UNION ALL
SELECT 5
) users;","1. 进入「资产-数据质量-规则集管理-基础信息」页面
2. 「选择数据源」选择「${DATASOURCE}」
「选择数据库」选择「${DATABASE}」
「选择数据表」选择「${TABLE}」
「规则包名称」填写「完整性+有效性可合并规则过滤条件相同」
3. 点击「新增规则包」-「完整性+有效性可合并规则过滤条件相同」，点击【添加规则-完整性校验】
4. 「监控规则1」配置如下：
「生效范围」：「字段级」
「字段」：「id，age」
「字段间规则逻辑」：「and」
「统计函数」：「空值数」
「过滤条件」：「手动配置：id<=100」
「校验方法」：「固定值」
「期望值」：「!=1」
「强弱规则」选择「弱规则」
「规则描述」输入「测试规则」
5. 「监控规则2」配置如下：
「生效范围」：「字段级」
「字段」：「id，age」
「字段间规则逻辑」：「or」
「统计函数」：「空值率」
「过滤条件」：「手动配置：id<=100」
「校验方法」：「固定值」
「期望值」：「=0」
「强弱规则」选择「弱规则」
「规则描述」输入「测试规则」
6. 「监控规则3」配置如下：
「生效范围」：「字段级」
「字段」：「name」
「统计函数」：「空串数」
「过滤条件」：「手动配置：id<=100」
「校验方法」：「固定值」
「期望值」：「>0」
「强弱规则」选择「弱规则」
「规则描述」输入「测试规则」
7. 「监控规则4」配置如下：
「生效范围」：「字段级」
「字段」：「name」
「统计函数」：「空串率」
「过滤条件」：「手动配置：id<=100」
「校验方法」：「固定值」
「期望值」：「=1」
「强弱规则」选择「弱规则」
「规则描述」输入「测试规则」
8. 「监控规则5」配置如下：
「生效范围」：「单表」
「统计函数」：「表行数」
「过滤条件」：「手动配置：id<=100」
「校验方法」：「固定值」
「期望值」：「>0」
「强弱规则」选择「弱规则」
「规则描述」输入「测试规则」
9. 点击【添加规则-有效性校验】
10. 「监控规则6」配置如下：
「字段」：「id」
「统计函数」：「数值-取值范围」
「过滤条件」：「手动配置：id<=100」
「校验方法」：「固定值」
「期望值」：「>0且<=100」
「强弱规则」选择「弱规则」
「规则描述」输入「测试规则」
11. 「监控规则7」配置如下：
「字段」：「string_num」
「统计函数」：「数值-枚举个数」
「过滤条件」：「手动配置：id<=100」
「校验方法」：「固定值」
「期望值」：「>=1」
「强弱规则」选择「弱规则」
「规则描述」输入「测试规则」
12. 「监控规则8」配置如下：
「字段」：「age」
「统计函数」：「枚举值」
「过滤条件」：「手动配置：id<=100」
「枚举值信息」：「not in 25,30,28,35」
「强弱规则」选择「弱规则」
「规则描述」输入「测试规则」
13. 「监控规则9」配置如下：
「字段」：「id」
「统计函数」：「取值范围&枚举范围」
「过滤条件」：「手动配置：id<=100」
「取值范围」：「期望值>0且<5」
「枚举值」：「in 1」
「取值范围和枚举值关系」：「且」
「强弱规则」选择「弱规则」
「规则描述」输入「测试规则」
14. 点击【保存】按钮
15. 进入「规则任务管理-监控对象」页面
16. 「规则名称」输入「test_rule」
「选择数据源」选择「${DATASOURCE}」
「选择数据库」选择「${DATABASE}」
「选择数据表」选择「${TABLE}」
手动设置分区
「抽样检查设置」：「抽样设置：百分比抽样50%」
17. 引入规则包「完整性+有效性可合并规则过滤条件相同」，点击「下一步」按钮
18. 配置「调度属性」，保存规则，且「调度属性」中配置「规则报告」为最新结果
19. 点开规则详情，查看规则sql
20. 临时运行规则，查看实例详情
21. 查看质量报告","1. 页面正常打开
2. 抽样开启：sql有rand()函数和 tableName_temp_sample_table_xxx 临时抽样表
3. 脏数据存储表为同一个
4. 监控规则1配置完成
5. 监控规则2配置完成
6. 监控规则3配置完成
7. 监控规则4配置完成
8. 监控规则5配置完成
9. 选择成功，页面显示「有效性校验」规则配置区域
10. 监控规则6配置完成
11. 监控规则7配置完成
12. 监控规则8配置完成
13. 监控规则9配置完成
14. 规则保存成功
15. 页面正常打开
16. 监控对象配置成功；
进入「监控规则」配置页
17. 引入正确，规则内容置灰，进入「调度属性」
18. 规则保存成功
19. 1、sql进行合并：
1）源表只扫描一次：FROM 后面的源表只出现 1 次；
​2）所有可合并规则写在同一个select里面：用多个 SUM (CASE WHEN) 把规则并行计算；
3）计算后再把结果拆成多行，每行代表单个规则进行输出，最终把结果插入同一张脏数据表
20. 子规则1、2、5、6、7通过，子规则3、4、8、9不通过，且实例详情展示正确
21. 结果正确，符合配置的规则内容","1. 
2. 
3. 
4. 
5. 
6. 
7. 
8. 
9. 
10. 
11. 
12. 
13. 
14. 
15. 
16. 
17. 
18. 
19. 
20. 
21.","","3","功能测试","功能测试阶段","正常","0","0","21","","听筠","2026-05-26","","0000-00-00","1","",""
"185993","数据资产_STD(#23)","/版本迭代测试用例/v6.4.11/【岚图】【数据资产】数据质量任务性能优化，规则sql合并/doris3.x(#10584)","【岚图】【数据资产】数据质量任务、落标检查任务性能优化，规则sql合并(#15862)","可合并 单独有效性（数值-取值范围、数值-枚举个数、枚举值、取值范围&枚举范围） 验证「有效性校验」校验不通过的规则查看明细功能","资产已存在有效性校验规则“可合并有效性规则”，且子规则为有效性：数值-取值范围、数值-枚举个数、枚举值、取值范围&枚举范围，全部为不通过","1. 进入「资产-数据质量-规则任务管理」页面
2. 查看规则sql
3. 进入「资产-数据质量-校验结果查询」页面
4. 选中该表名，查看任务结果详情
5. 点击【查看明细】按钮
6. 点击【下载明细】按钮
7. 进入「资产-数据质量-数据质量报告」页面
8. 进入该报告的详情页，查看报告详情
9. 点击【查看详情】按钮
10. 点击【下载明细】按钮","1. 页面正常打开，显示表“test_info_1”的规则
2. 子规则为有效性：数值-取值范围、数值-枚举个数、枚举值、取值范围&枚举范围的脏数据存储表为同一个
3. 页面正常打开，显示表“test_info_1”的规则
4. 显示校验未通过的子规则详情，展示【查看明细】按钮
5. 1）展示该表中不符合规则的数据
2）显示行数<=100
3）显示【下载明细】按钮
6. 可下载到本地，内容正确，行数<=100
7. 页面正常打开，显示表“test_info_1”的报告
8. 规则校验明细表中显示“操作-查看详情”
9. 展开该表中不符合规则的数据，行数<=100，显示【下载明细】按钮
10. 可下载到本地，内容正确，行数<=100","1. 
2. 
3. 
4. 
5. 
6. 
7. 
8. 
9. 
10.","","2","功能测试","功能测试阶段","正常","0","0","10","","听筠","2026-05-26","","0000-00-00","1","",""
"185992","数据资产_STD(#23)","/版本迭代测试用例/v6.4.11/【岚图】【数据资产】数据质量任务性能优化，规则sql合并/doris3.x(#10584)","【岚图】【数据资产】数据质量任务、落标检查任务性能优化，规则sql合并(#15862)","可合并 单独有效性（数值-取值范围、数值-枚举个数、枚举值、取值范围&枚举范围） 验证「有效性校验」校验不通过质量报告正确","1、已有表test_info_1
CREATE TABLE test_info_1 (
id INT COMMENT &#039;用户ID&#039;,
age INT COMMENT &#039;年龄&#039;,
string_num STRING COMMENT &#039;string类型的编号&#039;,
name STRING COMMENT &#039;姓名&#039;,
address STRING COMMENT &#039;地址&#039;,
money STRING COMMENT &#039;金额&#039;,
buy_date DATE COMMENT &#039;购买日期&#039;,
date_detail STRING COMMENT &#039;日期详情&#039;,
dt DATE COMMENT &#039;分区日期，格式：yyyy-MM-dd&#039;
)
COMMENT &#039;测试信息表&#039;
PARTITION BY RANGE(dt) ()
DISTRIBUTED BY HASH(id) BUCKETS 10
PROPERTIES (
“replication_num“ = “1“,
“compression“ = “LZ4“
);

-- 手动添加分区
ALTER TABLE test_info_1 ADD PARTITION p20260519 VALUES [(&#039;2026-05-19&#039;), (&#039;2026-05-20&#039;));

-- 插入数据
INSERT INTO test_info_1
SELECT
1 + user_idx AS id,
CASE user_idx
WHEN 0 THEN 25 WHEN 1 THEN 30 WHEN 2 THEN 28
WHEN 3 THEN 35 WHEN 4 THEN 22 ELSE 29
END AS age,
CASE user_idx
WHEN 0 THEN &#039;001&#039; WHEN 1 THEN &#039;002&#039; WHEN 2 THEN &#039;003&#039;
WHEN 3 THEN &#039;004&#039; WHEN 4 THEN &#039;005&#039; ELSE &#039;006&#039;
END AS string_num,
CASE user_idx
WHEN 0 THEN &#039;张三&#039; WHEN 1 THEN &#039;李四&#039; WHEN 2 THEN &#039;王五&#039;
WHEN 3 THEN &#039;赵六&#039; WHEN 4 THEN &#039;小明&#039; ELSE &#039;小红&#039;
END AS name,
CASE user_idx
WHEN 0 THEN &#039;北京市朝阳区&#039; WHEN 1 THEN &#039;上海市浦东新区&#039; WHEN 2 THEN &#039;广州市天河区&#039;
WHEN 3 THEN &#039;深圳市南山区&#039; WHEN 4 THEN &#039;杭州市西湖区&#039; ELSE &#039;成都市武侯区&#039;
END AS address,
CASE user_idx
WHEN 0 THEN &#039;5000.00&#039; WHEN 1 THEN &#039;6800.50&#039; WHEN 2 THEN &#039;4200.00&#039;
WHEN 3 THEN &#039;9500.00&#039; WHEN 4 THEN &#039;3100.00&#039; ELSE &#039;5600.00&#039;
END AS money,
DATE_ADD(CURRENT_DATE(), INTERVAL -30 + user_idx DAY) AS buy_date,
CASE user_idx
WHEN 0 THEN &#039;订单已完成&#039; WHEN 1 THEN &#039;待发货&#039; WHEN 2 THEN &#039;已取消&#039;
WHEN 3 THEN &#039;配送中&#039; WHEN 4 THEN &#039;已完成&#039; ELSE &#039;退款中&#039;
END AS date_detail,
DATE(&#039;2026-05-19&#039;) AS dt
FROM (
SELECT 0 AS user_idx UNION ALL
SELECT 1 UNION ALL
SELECT 2 UNION ALL
SELECT 3 UNION ALL
SELECT 4 UNION ALL
SELECT 5
) users;

2、资产已存在有效性校验规则“可合并有效性规则”，且子规则全部不通过：
数据源：「${DATASOURCE}」
数据库：「${DATABASE}」
数据表：test_info_1
共6行数据，8个字段，4个校验规则","1. 进入「资产-数据质量-数据质量报告」页面
2. 选中该报告，点击“查看报告-报告详情”
3. 查看质量报告详情展示","1. 页面正常打开，显示报告名称为“test_info_1_可合并有效性规则”的报告
2. 进入该报告的详情页
3. 从上到下依次为：
1）质量评估汇总（test_info_1_可合并有效性规则）：表名-test_info_1；数据源-「${DATASOURCE}」；数据库：「${DATABASE}」 ；检测数据范围-“设置的分区”；表行数-“6”；抽样行数-“--”；字段数-“8”；车辆数-“--”；校验规则数-“4”；校验通过率-“0%”
2）车辆信息汇总：车系、车型（可筛选）、动力类型、车辆数、表中包含车辆数、车辆总数、表中包含总车辆数
3）规则校验明细：规则类型（可筛选）-“有效性校验”；规则名称（可搜索）-已配置的子规则；字段名称（可搜索）-已配置的字段；字段类型（可搜索）-字段对应的类型；质检结果（可筛选）-校验未通过；未通过原因-“xxxx未通过”；详情说明-xxxx，不符合规则“xxx”；最近一次校验结束时间-xxxx-xx-xx xx:xx:xx；操作-“查看详情”","1. 
2. 
3.","","2","功能测试","功能测试阶段","正常","0","0","3","","听筠","2026-05-26","","0000-00-00","1","",""
"185991","数据资产_STD(#23)","/版本迭代测试用例/v6.4.11/【岚图】【数据资产】数据质量任务性能优化，规则sql合并/doris3.x(#10584)","【岚图】【数据资产】数据质量任务、落标检查任务性能优化，规则sql合并(#15862)","可合并 单独有效性（数值-取值范围、数值-枚举个数、枚举值、取值范围&枚举范围） 验证「有效性校验」校验通过质量报告正确","1、已有表test_info_1
CREATE TABLE test_info_1 (
id INT COMMENT &#039;用户ID&#039;,
age INT COMMENT &#039;年龄&#039;,
string_num STRING COMMENT &#039;string类型的编号&#039;,
name STRING COMMENT &#039;姓名&#039;,
address STRING COMMENT &#039;地址&#039;,
money STRING COMMENT &#039;金额&#039;,
buy_date DATE COMMENT &#039;购买日期&#039;,
date_detail STRING COMMENT &#039;日期详情&#039;,
dt DATE COMMENT &#039;分区日期，格式：yyyy-MM-dd&#039;
)
COMMENT &#039;测试信息表&#039;
PARTITION BY RANGE(dt) ()
DISTRIBUTED BY HASH(id) BUCKETS 10
PROPERTIES (
“replication_num“ = “1“,
“compression“ = “LZ4“
);

-- 手动添加分区
ALTER TABLE test_info_1 ADD PARTITION p20260519 VALUES [(&#039;2026-05-19&#039;), (&#039;2026-05-20&#039;));

-- 插入数据
INSERT INTO test_info_1
SELECT
1 + user_idx AS id,
CASE user_idx
WHEN 0 THEN 25 WHEN 1 THEN 30 WHEN 2 THEN 28
WHEN 3 THEN 35 WHEN 4 THEN 22 ELSE 29
END AS age,
CASE user_idx
WHEN 0 THEN &#039;001&#039; WHEN 1 THEN &#039;002&#039; WHEN 2 THEN &#039;003&#039;
WHEN 3 THEN &#039;004&#039; WHEN 4 THEN &#039;005&#039; ELSE &#039;006&#039;
END AS string_num,
CASE user_idx
WHEN 0 THEN &#039;张三&#039; WHEN 1 THEN &#039;李四&#039; WHEN 2 THEN &#039;王五&#039;
WHEN 3 THEN &#039;赵六&#039; WHEN 4 THEN &#039;小明&#039; ELSE &#039;小红&#039;
END AS name,
CASE user_idx
WHEN 0 THEN &#039;北京市朝阳区&#039; WHEN 1 THEN &#039;上海市浦东新区&#039; WHEN 2 THEN &#039;广州市天河区&#039;
WHEN 3 THEN &#039;深圳市南山区&#039; WHEN 4 THEN &#039;杭州市西湖区&#039; ELSE &#039;成都市武侯区&#039;
END AS address,
CASE user_idx
WHEN 0 THEN &#039;5000.00&#039; WHEN 1 THEN &#039;6800.50&#039; WHEN 2 THEN &#039;4200.00&#039;
WHEN 3 THEN &#039;9500.00&#039; WHEN 4 THEN &#039;3100.00&#039; ELSE &#039;5600.00&#039;
END AS money,
DATE_ADD(CURRENT_DATE(), INTERVAL -30 + user_idx DAY) AS buy_date,
CASE user_idx
WHEN 0 THEN &#039;订单已完成&#039; WHEN 1 THEN &#039;待发货&#039; WHEN 2 THEN &#039;已取消&#039;
WHEN 3 THEN &#039;配送中&#039; WHEN 4 THEN &#039;已完成&#039; ELSE &#039;退款中&#039;
END AS date_detail,
DATE(&#039;2026-05-19&#039;) AS dt
FROM (
SELECT 0 AS user_idx UNION ALL
SELECT 1 UNION ALL
SELECT 2 UNION ALL
SELECT 3 UNION ALL
SELECT 4 UNION ALL
SELECT 5
) users;

2、资产已存在有效性校验规则“可合并有效性规则”，且子规则全部为通过：
数据源：「${DATASOURCE}」
数据库：「${DATABASE}」
数据表：test_info_1
共6行数据，8个字段，4个校验规则","1. 进入「资产-数据质量-数据质量报告」页面
2. 选中该报告，点击“查看报告-报告详情”
3. 查看质量报告详情展示","1. 页面正常打开，显示报告名称为“test_info_1_可合并有效性规则”的报告
2. 进入该报告的详情页
3. 从上到下依次为：
1）质量评估汇总（test_info_1_可合并有效性规则）：表名-test_info_1；数据源-「${DATASOURCE}」；数据库：「${DATABASE}」 ；检测数据范围-“设置的分区”；表行数-“6”；抽样行数-“--”；字段数-“8”；车辆数-“--”；校验规则数-“4”；校验通过率-“100%”
2）车辆信息汇总：车系、车型（可筛选）、动力类型、车辆数、表中包含车辆数、车辆总数、表中包含总车辆数
3）规则校验明细：规则类型（可筛选）-“有效性校验”；规则名称（可搜索）-已配置的子规则；字段名称（可搜索）-已配置的字段；字段类型（可搜索）-字段对应的类型；质检结果（可筛选）-校验通过；未通过原因-“--”；详情说明-xxxx，符合规则“xxx”；最近一次校验结束时间-xxxx-xx-xx xx:xx:xx；操作-“--”","1. 
2. 
3.","","1","功能测试","功能测试阶段","正常","0","0","3","","听筠","2026-05-26","","0000-00-00","1","",""
"185990","数据资产_STD(#23)","/版本迭代测试用例/v6.4.11/【岚图】【数据资产】数据质量任务性能优化，规则sql合并/doris3.x(#10584)","【岚图】【数据资产】数据质量任务、落标检查任务性能优化，规则sql合并(#15862)","可合并 单独有效性（数值-取值范围、数值-枚举个数、枚举值、取值范围&枚举范围） 验证「有效性校验」-「抽样开启」-「设置分区」校验功能","已有表test_info_1
CREATE TABLE test_info_1 (
id INT COMMENT &#039;用户ID&#039;,
age INT COMMENT &#039;年龄&#039;,
string_num STRING COMMENT &#039;string类型的编号&#039;,
name STRING COMMENT &#039;姓名&#039;,
address STRING COMMENT &#039;地址&#039;,
money STRING COMMENT &#039;金额&#039;,
buy_date DATE COMMENT &#039;购买日期&#039;,
date_detail STRING COMMENT &#039;日期详情&#039;,
dt DATE COMMENT &#039;分区日期，格式：yyyy-MM-dd&#039;
)
COMMENT &#039;测试信息表&#039;
PARTITION BY RANGE(dt) ()
DISTRIBUTED BY HASH(id) BUCKETS 10
PROPERTIES (
“replication_num“ = “1“,
“compression“ = “LZ4“
);

-- 手动添加分区
ALTER TABLE test_info_1 ADD PARTITION p20260519 VALUES [(&#039;2026-05-19&#039;), (&#039;2026-05-20&#039;));

-- 插入数据
INSERT INTO test_info_1
SELECT
1 + user_idx AS id,
CASE user_idx
WHEN 0 THEN 25 WHEN 1 THEN 30 WHEN 2 THEN 28
WHEN 3 THEN 35 WHEN 4 THEN 22 ELSE 29
END AS age,
CASE user_idx
WHEN 0 THEN &#039;001&#039; WHEN 1 THEN &#039;002&#039; WHEN 2 THEN &#039;003&#039;
WHEN 3 THEN &#039;004&#039; WHEN 4 THEN &#039;005&#039; ELSE &#039;006&#039;
END AS string_num,
CASE user_idx
WHEN 0 THEN &#039;张三&#039; WHEN 1 THEN &#039;李四&#039; WHEN 2 THEN &#039;王五&#039;
WHEN 3 THEN &#039;赵六&#039; WHEN 4 THEN &#039;小明&#039; ELSE &#039;小红&#039;
END AS name,
CASE user_idx
WHEN 0 THEN &#039;北京市朝阳区&#039; WHEN 1 THEN &#039;上海市浦东新区&#039; WHEN 2 THEN &#039;广州市天河区&#039;
WHEN 3 THEN &#039;深圳市南山区&#039; WHEN 4 THEN &#039;杭州市西湖区&#039; ELSE &#039;成都市武侯区&#039;
END AS address,
CASE user_idx
WHEN 0 THEN &#039;5000.00&#039; WHEN 1 THEN &#039;6800.50&#039; WHEN 2 THEN &#039;4200.00&#039;
WHEN 3 THEN &#039;9500.00&#039; WHEN 4 THEN &#039;3100.00&#039; ELSE &#039;5600.00&#039;
END AS money,
DATE_ADD(CURRENT_DATE(), INTERVAL -30 + user_idx DAY) AS buy_date,
CASE user_idx
WHEN 0 THEN &#039;订单已完成&#039; WHEN 1 THEN &#039;待发货&#039; WHEN 2 THEN &#039;已取消&#039;
WHEN 3 THEN &#039;配送中&#039; WHEN 4 THEN &#039;已完成&#039; ELSE &#039;退款中&#039;
END AS date_detail,
DATE(&#039;2026-05-19&#039;) AS dt
FROM (
SELECT 0 AS user_idx UNION ALL
SELECT 1 UNION ALL
SELECT 2 UNION ALL
SELECT 3 UNION ALL
SELECT 4 UNION ALL
SELECT 5
) users;","1. 进入「资产-数据质量-规则集管理-基础信息」页面
2. 「选择数据源」选择「${DATASOURCE}」
「选择数据库」选择「${DATABASE}」
「选择数据表」选择「${TABLE}」
「规则包名称」填写「有效性可合并规则」
3. 点击「新增规则包」-「有效性可合并规则」，点击【添加规则-有效性校验】
4. 「监控规则1」配置如下：
「字段」：「id」
「统计函数」：「数值-取值范围」
「过滤条件」：「手动配置：id<=100」
「校验方法」：「固定值」
「期望值」：「>0且<=100」
「强弱规则」选择「弱规则」
「规则描述」输入「测试规则」
5. 「监控规则2」配置如下：
「字段」：「string_num」
「统计函数」：「数值-枚举个数」
「过滤条件」：「手动配置：id<=100」
「校验方法」：「固定值」
「期望值」：「>=1」
「强弱规则」选择「弱规则」
「规则描述」输入「测试规则」
6. 「监控规则3」配置如下：
「字段」：「age」
「统计函数」：「枚举值」
「过滤条件」：「手动配置：id<=100」
「枚举值信息」：「not in 25,30,28,35」
「强弱规则」选择「弱规则」
「规则描述」输入「测试规则」
7. 「监控规则4」配置如下：
「字段」：「id」
「统计函数」：「取值范围&枚举范围」
「过滤条件」：「手动配置：id<=100」
「取值范围」：「期望值>0且<5」
「枚举值」：「in 1」
「取值范围和枚举值关系」：「且」
「强弱规则」选择「弱规则」
「规则描述」输入「测试规则」
8. 点击【保存】按钮
9. 进入「规则任务管理-监控对象」页面
10. 「规则名称」输入「test_rule」
「选择数据源」选择「${DATASOURCE}」
「选择数据库」选择「${DATABASE}」
「选择数据表」选择「${TABLE}」
选择已有分区
「抽样检查设置」：「抽样设置：百分比抽样50%」
11. 引入规则包「有效性可合并规则」，点击「下一步」按钮
12. 配置「调度属性」，保存规则，且「调度属性」中配置「规则报告」为最新结果
13. 点开规则详情，查看规则sql
14. 临时运行规则，查看实例详情","1. 页面正常打开
2. 抽样开启：sql有rand()函数和 tableName_temp_sample_table_xxx 临时抽样表
3. 选择成功，页面显示「有效性校验」规则配置区域
4. 监控规则1配置完成
5. 监控规则2配置完成
6. 监控规则3配置完成
7. 监控规则4配置完成
8. 规则保存成功
9. 页面正常打开
10. 监控对象配置成功；
进入「监控规则」配置页
11. 引入正确，规则内容置灰，进入「调度属性」
12. 规则保存成功
13. 1、sql进行合并：
1）源表只扫描一次：FROM 后面的源表只出现 1 次；
​2）所有可合并规则写在同一个select里面：用多个 SUM (CASE WHEN) 把规则并行计算；
3）计算后再把结果拆成多行，每行代表单个规则进行输出，最终把结果插入同一张脏数据表
14. 子规则1、2通过，子规则3、4不通过，且实例详情展示正确","1. 
2. 
3. 
4. 
5. 
6. 
7. 
8. 
9. 
10. 
11. 
12. 
13. 
14.","","2","功能测试","功能测试阶段","正常","0","0","14","","听筠","2026-05-26","","0000-00-00","1","",""
"185989","数据资产_STD(#23)","/版本迭代测试用例/v6.4.11/【岚图】【数据资产】数据质量任务性能优化，规则sql合并/doris3.x(#10584)","【岚图】【数据资产】数据质量任务、落标检查任务性能优化，规则sql合并(#15862)","可合并 单独有效性（数值-取值范围、数值-枚举个数、枚举值、取值范围&枚举范围） 验证「有效性校验」-「抽样开启」校验全不通过功能","已有表test_info_1
CREATE TABLE test_info_1 (
id INT COMMENT &#039;用户ID&#039;,
age INT COMMENT &#039;年龄&#039;,
string_num STRING COMMENT &#039;string类型的编号&#039;,
name STRING COMMENT &#039;姓名&#039;,
address STRING COMMENT &#039;地址&#039;,
money STRING COMMENT &#039;金额&#039;,
buy_date DATE COMMENT &#039;购买日期&#039;,
date_detail STRING COMMENT &#039;日期详情&#039;,
dt DATE COMMENT &#039;分区日期，格式：yyyy-MM-dd&#039;
)
COMMENT &#039;测试信息表&#039;
PARTITION BY RANGE(dt) ()
DISTRIBUTED BY HASH(id) BUCKETS 10
PROPERTIES (
“replication_num“ = “1“,
“compression“ = “LZ4“
);

-- 手动添加分区
ALTER TABLE test_info_1 ADD PARTITION p20260519 VALUES [(&#039;2026-05-19&#039;), (&#039;2026-05-20&#039;));

-- 插入数据
INSERT INTO test_info_1
SELECT
1 + user_idx AS id,
CASE user_idx
WHEN 0 THEN 25 WHEN 1 THEN 30 WHEN 2 THEN 28
WHEN 3 THEN 35 WHEN 4 THEN 22 ELSE 29
END AS age,
CASE user_idx
WHEN 0 THEN &#039;001&#039; WHEN 1 THEN &#039;002&#039; WHEN 2 THEN &#039;003&#039;
WHEN 3 THEN &#039;004&#039; WHEN 4 THEN &#039;005&#039; ELSE &#039;006&#039;
END AS string_num,
CASE user_idx
WHEN 0 THEN &#039;张三&#039; WHEN 1 THEN &#039;李四&#039; WHEN 2 THEN &#039;王五&#039;
WHEN 3 THEN &#039;赵六&#039; WHEN 4 THEN &#039;小明&#039; ELSE &#039;小红&#039;
END AS name,
CASE user_idx
WHEN 0 THEN &#039;北京市朝阳区&#039; WHEN 1 THEN &#039;上海市浦东新区&#039; WHEN 2 THEN &#039;广州市天河区&#039;
WHEN 3 THEN &#039;深圳市南山区&#039; WHEN 4 THEN &#039;杭州市西湖区&#039; ELSE &#039;成都市武侯区&#039;
END AS address,
CASE user_idx
WHEN 0 THEN &#039;5000.00&#039; WHEN 1 THEN &#039;6800.50&#039; WHEN 2 THEN &#039;4200.00&#039;
WHEN 3 THEN &#039;9500.00&#039; WHEN 4 THEN &#039;3100.00&#039; ELSE &#039;5600.00&#039;
END AS money,
DATE_ADD(CURRENT_DATE(), INTERVAL -30 + user_idx DAY) AS buy_date,
CASE user_idx
WHEN 0 THEN &#039;订单已完成&#039; WHEN 1 THEN &#039;待发货&#039; WHEN 2 THEN &#039;已取消&#039;
WHEN 3 THEN &#039;配送中&#039; WHEN 4 THEN &#039;已完成&#039; ELSE &#039;退款中&#039;
END AS date_detail,
DATE(&#039;2026-05-19&#039;) AS dt
FROM (
SELECT 0 AS user_idx UNION ALL
SELECT 1 UNION ALL
SELECT 2 UNION ALL
SELECT 3 UNION ALL
SELECT 4 UNION ALL
SELECT 5
) users;","1. 进入「资产-数据质量-规则集管理-基础信息」页面
2. 「选择数据源」选择「${DATASOURCE}」
「选择数据库」选择「${DATABASE}」
「选择数据表」选择「${TABLE}」
「规则包名称」填写「有效性可合并规则」
3. 点击「新增规则包」-「有效性可合并规则」，点击【添加规则-有效性校验】
4. 「监控规则1」配置如下：
「字段」：「id」
「统计函数」：「数值-取值范围」
「过滤条件」：「手动配置：id<=100」
「校验方法」：「固定值」
「期望值」：「>20且<100」
「强弱规则」选择「弱规则」
「规则描述」输入「测试规则」
5. 「监控规则2」配置如下：
「字段」：「string_num」
「统计函数」：「数值-枚举个数」
「过滤条件」：「手动配置：id<=100」
「校验方法」：「固定值」
「期望值」：「<2」
「强弱规则」选择「弱规则」
「规则描述」输入「测试规则」
6. 「监控规则3」配置如下：
「字段」：「age」
「统计函数」：「枚举值」
「过滤条件」：「手动配置：id<=100」
「枚举值信息」：「not in 25,30,28,35」
「强弱规则」选择「弱规则」
「规则描述」输入「测试规则」
7. 「监控规则4」配置如下：
「字段」：「id」
「统计函数」：「取值范围&枚举范围」
「过滤条件」：「手动配置：id<=100」
「取值范围」：「期望值>0且<5」
「枚举值」：「in 1」
「取值范围和枚举值关系」：「且」
「强弱规则」选择「弱规则」
「规则描述」输入「测试规则」
8. 点击【保存】按钮
9. 进入「规则任务管理-监控对象」页面
10. 「规则名称」输入「test_rule」
「选择数据源」选择「${DATASOURCE}」
「选择数据库」选择「${DATABASE}」
「选择数据表」选择「${TABLE}」
「抽样检查设置」：「抽样设置：百分比抽样50%」
11. 引入规则包「有效性可合并规则」，点击「下一步」按钮
12. 配置「调度属性」，保存规则，且「调度属性」中配置「规则报告」为最新结果
13. 点开规则详情，查看规则sql
14. 临时运行规则，查看实例详情","1. 页面正常打开
2. 抽样开启：sql有rand()函数和 tableName_temp_sample_table_xxx 临时抽样表
3. 选择成功，页面显示「有效性校验」规则配置区域
4. 监控规则1配置完成
5. 监控规则2配置完成
6. 监控规则3配置完成
7. 监控规则4配置完成
8. 规则保存成功
9. 页面正常打开
10. 监控对象配置成功；
进入「监控规则」配置页
11. 引入正确，规则内容置灰，进入「调度属性」
12. 规则保存成功
13. 1、sql进行合并：
1）源表只扫描一次：FROM 后面的源表只出现 1 次；
​2）所有可合并规则写在同一个select里面：用多个 SUM (CASE WHEN) 把规则并行计算；
3）计算后再把结果拆成多行，每行代表单个规则进行输出，最终把结果插入同一张脏数据表
14. 4个子规则全部不通过，且实例详情展示正确","1. 
2. 
3. 
4. 
5. 
6. 
7. 
8. 
9. 
10. 
11. 
12. 
13. 
14.","","2","功能测试","功能测试阶段","正常","0","0","14","","听筠","2026-05-26","","0000-00-00","1","",""
"185988","数据资产_STD(#23)","/版本迭代测试用例/v6.4.11/【岚图】【数据资产】数据质量任务性能优化，规则sql合并/doris3.x(#10584)","【岚图】【数据资产】数据质量任务、落标检查任务性能优化，规则sql合并(#15862)","可合并 单独有效性（数值-取值范围、数值-枚举个数、枚举值、取值范围&枚举范围） 验证「有效性校验」-「抽样开启」校验全通过功能","已有表test_info_1
CREATE TABLE test_info_1 (
id INT COMMENT &#039;用户ID&#039;,
age INT COMMENT &#039;年龄&#039;,
string_num STRING COMMENT &#039;string类型的编号&#039;,
name STRING COMMENT &#039;姓名&#039;,
address STRING COMMENT &#039;地址&#039;,
money STRING COMMENT &#039;金额&#039;,
buy_date DATE COMMENT &#039;购买日期&#039;,
date_detail STRING COMMENT &#039;日期详情&#039;,
dt DATE COMMENT &#039;分区日期，格式：yyyy-MM-dd&#039;
)
COMMENT &#039;测试信息表&#039;
PARTITION BY RANGE(dt) ()
DISTRIBUTED BY HASH(id) BUCKETS 10
PROPERTIES (
“replication_num“ = “1“,
“compression“ = “LZ4“
);

-- 手动添加分区
ALTER TABLE test_info_1 ADD PARTITION p20260519 VALUES [(&#039;2026-05-19&#039;), (&#039;2026-05-20&#039;));

-- 插入数据
INSERT INTO test_info_1
SELECT
1 + user_idx AS id,
CASE user_idx
WHEN 0 THEN 25 WHEN 1 THEN 30 WHEN 2 THEN 28
WHEN 3 THEN 35 WHEN 4 THEN 22 ELSE 29
END AS age,
CASE user_idx
WHEN 0 THEN &#039;001&#039; WHEN 1 THEN &#039;002&#039; WHEN 2 THEN &#039;003&#039;
WHEN 3 THEN &#039;004&#039; WHEN 4 THEN &#039;005&#039; ELSE &#039;006&#039;
END AS string_num,
CASE user_idx
WHEN 0 THEN &#039;张三&#039; WHEN 1 THEN &#039;李四&#039; WHEN 2 THEN &#039;王五&#039;
WHEN 3 THEN &#039;赵六&#039; WHEN 4 THEN &#039;小明&#039; ELSE &#039;小红&#039;
END AS name,
CASE user_idx
WHEN 0 THEN &#039;北京市朝阳区&#039; WHEN 1 THEN &#039;上海市浦东新区&#039; WHEN 2 THEN &#039;广州市天河区&#039;
WHEN 3 THEN &#039;深圳市南山区&#039; WHEN 4 THEN &#039;杭州市西湖区&#039; ELSE &#039;成都市武侯区&#039;
END AS address,
CASE user_idx
WHEN 0 THEN &#039;5000.00&#039; WHEN 1 THEN &#039;6800.50&#039; WHEN 2 THEN &#039;4200.00&#039;
WHEN 3 THEN &#039;9500.00&#039; WHEN 4 THEN &#039;3100.00&#039; ELSE &#039;5600.00&#039;
END AS money,
DATE_ADD(CURRENT_DATE(), INTERVAL -30 + user_idx DAY) AS buy_date,
CASE user_idx
WHEN 0 THEN &#039;订单已完成&#039; WHEN 1 THEN &#039;待发货&#039; WHEN 2 THEN &#039;已取消&#039;
WHEN 3 THEN &#039;配送中&#039; WHEN 4 THEN &#039;已完成&#039; ELSE &#039;退款中&#039;
END AS date_detail,
DATE(&#039;2026-05-19&#039;) AS dt
FROM (
SELECT 0 AS user_idx UNION ALL
SELECT 1 UNION ALL
SELECT 2 UNION ALL
SELECT 3 UNION ALL
SELECT 4 UNION ALL
SELECT 5
) users;","1. 进入「资产-数据质量-规则集管理-基础信息」页面
2. 「选择数据源」选择「${DATASOURCE}」
「选择数据库」选择「${DATABASE}」
「选择数据表」选择「${TABLE}」
「规则包名称」填写「有效性可合并规则」
3. 点击「新增规则包」-「有效性可合并规则」，点击【添加规则-有效性校验】
4. 「监控规则1」配置如下：
「字段」：「id」
「统计函数」：「数值-取值范围」
「过滤条件」：「手动配置：id<=100」
「校验方法」：「固定值」
「期望值」：「>0且<=100」
「强弱规则」选择「弱规则」
「规则描述」输入「测试规则」
5. 「监控规则2」配置如下：
「字段」：「string_num」
「统计函数」：「数值-枚举个数」
「过滤条件」：「手动配置：id<=100」
「校验方法」：「固定值」
「期望值」：「>=1」
「强弱规则」选择「弱规则」
「规则描述」输入「测试规则」
6. 「监控规则3」配置如下：
「字段」：「age」
「统计函数」：「枚举值」
「过滤条件」：「手动配置：id<=100」
「枚举值信息」：「in25,30,28,35,22,29,34,20,18」
「强弱规则」选择「弱规则」
「规则描述」输入「测试规则」
7. 「监控规则4」配置如下：
「字段」：「id」
「统计函数」：「取值范围&枚举范围」
「过滤条件」：「手动配置：id<=100」
「取值范围」：「期望值>0或<100」
「枚举值」：「not in 0」
「取值范围和枚举值关系」：「且」
「强弱规则」选择「弱规则」
「规则描述」输入「测试规则」
8. 点击【保存】按钮
9. 进入「规则任务管理-监控对象」页面
10. 「规则名称」输入「test_rule」
「选择数据源」选择「${DATASOURCE}」
「选择数据库」选择「${DATABASE}」
「选择数据表」选择「${TABLE}」
「抽样检查设置」：「抽样设置：百分比抽样50%」
11. 引入规则包「有效性可合并规则」，点击「下一步」按钮
12. 配置「调度属性」，保存规则，且「调度属性」中配置「规则报告」为最新结果
13. 点开规则详情，查看规则sql
14. 临时运行规则，查看实例详情","1. 页面正常打开
2. 抽样开启：sql有rand()函数和 tableName_temp_sample_table_xxx 临时抽样表
3. 选择成功，页面显示「有效性校验」规则配置区域
4. 监控规则1配置完成
5. 监控规则2配置完成
6. 监控规则3配置完成
7. 监控规则4配置完成
8. 规则保存成功
9. 页面正常打开
10. 监控对象配置成功；
进入「监控规则」配置页
11. 引入正确，规则内容置灰，进入「调度属性」
12. 规则保存成功
13. 1、sql进行合并：
1）源表只扫描一次：FROM 后面的源表只出现 1 次；
​2）所有可合并规则写在同一个select里面：用多个 SUM (CASE WHEN) 把规则并行计算；
3）计算后再把结果拆成多行，每行代表单个规则进行输出，最终把结果插入同一张脏数据表
14. 4个子规则全部通过，且实例详情展示正确","1. 
2. 
3. 
4. 
5. 
6. 
7. 
8. 
9. 
10. 
11. 
12. 
13. 
14.","","2","功能测试","功能测试阶段","正常","0","0","14","","听筠","2026-05-26","","0000-00-00","1","",""
"185987","数据资产_STD(#23)","/版本迭代测试用例/v6.4.11/【岚图】【数据资产】数据质量任务性能优化，规则sql合并/doris3.x(#10584)","【岚图】【数据资产】数据质量任务、落标检查任务性能优化，规则sql合并(#15862)","可合并 单独有效性（数值-取值范围、数值-枚举个数、枚举值、取值范围&枚举范围） 验证「有效性校验」-「抽样关闭」校验全不通过功能","已有表test_info_1
CREATE TABLE test_info_1 (
id INT COMMENT &#039;用户ID&#039;,
age INT COMMENT &#039;年龄&#039;,
string_num STRING COMMENT &#039;string类型的编号&#039;,
name STRING COMMENT &#039;姓名&#039;,
address STRING COMMENT &#039;地址&#039;,
money STRING COMMENT &#039;金额&#039;,
buy_date DATE COMMENT &#039;购买日期&#039;,
date_detail STRING COMMENT &#039;日期详情&#039;,
dt DATE COMMENT &#039;分区日期，格式：yyyy-MM-dd&#039;
)
COMMENT &#039;测试信息表&#039;
PARTITION BY RANGE(dt) ()
DISTRIBUTED BY HASH(id) BUCKETS 10
PROPERTIES (
“replication_num“ = “1“,
“compression“ = “LZ4“
);

-- 手动添加分区
ALTER TABLE test_info_1 ADD PARTITION p20260519 VALUES [(&#039;2026-05-19&#039;), (&#039;2026-05-20&#039;));

-- 插入数据
INSERT INTO test_info_1
SELECT
1 + user_idx AS id,
CASE user_idx
WHEN 0 THEN 25 WHEN 1 THEN 30 WHEN 2 THEN 28
WHEN 3 THEN 35 WHEN 4 THEN 22 ELSE 29
END AS age,
CASE user_idx
WHEN 0 THEN &#039;001&#039; WHEN 1 THEN &#039;002&#039; WHEN 2 THEN &#039;003&#039;
WHEN 3 THEN &#039;004&#039; WHEN 4 THEN &#039;005&#039; ELSE &#039;006&#039;
END AS string_num,
CASE user_idx
WHEN 0 THEN &#039;张三&#039; WHEN 1 THEN &#039;李四&#039; WHEN 2 THEN &#039;王五&#039;
WHEN 3 THEN &#039;赵六&#039; WHEN 4 THEN &#039;小明&#039; ELSE &#039;小红&#039;
END AS name,
CASE user_idx
WHEN 0 THEN &#039;北京市朝阳区&#039; WHEN 1 THEN &#039;上海市浦东新区&#039; WHEN 2 THEN &#039;广州市天河区&#039;
WHEN 3 THEN &#039;深圳市南山区&#039; WHEN 4 THEN &#039;杭州市西湖区&#039; ELSE &#039;成都市武侯区&#039;
END AS address,
CASE user_idx
WHEN 0 THEN &#039;5000.00&#039; WHEN 1 THEN &#039;6800.50&#039; WHEN 2 THEN &#039;4200.00&#039;
WHEN 3 THEN &#039;9500.00&#039; WHEN 4 THEN &#039;3100.00&#039; ELSE &#039;5600.00&#039;
END AS money,
DATE_ADD(CURRENT_DATE(), INTERVAL -30 + user_idx DAY) AS buy_date,
CASE user_idx
WHEN 0 THEN &#039;订单已完成&#039; WHEN 1 THEN &#039;待发货&#039; WHEN 2 THEN &#039;已取消&#039;
WHEN 3 THEN &#039;配送中&#039; WHEN 4 THEN &#039;已完成&#039; ELSE &#039;退款中&#039;
END AS date_detail,
DATE(&#039;2026-05-19&#039;) AS dt
FROM (
SELECT 0 AS user_idx UNION ALL
SELECT 1 UNION ALL
SELECT 2 UNION ALL
SELECT 3 UNION ALL
SELECT 4 UNION ALL
SELECT 5
) users;","1. 进入「资产-数据质量-规则集管理-基础信息」页面
2. 「选择数据源」选择「${DATASOURCE}」
「选择数据库」选择「${DATABASE}」
「选择数据表」选择「${TABLE}」
「规则包名称」填写「有效性可合并规则」
3. 点击「新增规则包」-「有效性可合并规则」，点击【添加规则-有效性校验】
4. 「监控规则1」配置如下：
「字段」：「id」
「统计函数」：「数值-取值范围」
「过滤条件」：「手动配置：id<=100」
「校验方法」：「固定值」
「期望值」：「>20且<100」
「强弱规则」选择「弱规则」
「规则描述」输入「测试规则」
5. 「监控规则2」配置如下：
「字段」：「string_num」
「统计函数」：「数值-枚举个数」
「过滤条件」：「手动配置：id<=100」
「校验方法」：「固定值」
「期望值」：「<2」
「强弱规则」选择「弱规则」
「规则描述」输入「测试规则」
6. 「监控规则3」配置如下：
「字段」：「age」
「统计函数」：「枚举值」
「过滤条件」：「手动配置：id<=100」
「枚举值信息」：「not in 25,30,28,35」
「强弱规则」选择「弱规则」
「规则描述」输入「测试规则」
7. 「监控规则4」配置如下：
「字段」：「id」
「统计函数」：「取值范围&枚举范围」
「过滤条件」：「手动配置：id<=100」
「取值范围」：「期望值>0且<5」
「枚举值」：「in 1」
「取值范围和枚举值关系」：「且」
「强弱规则」选择「弱规则」
「规则描述」输入「测试规则」
8. 点击【保存】按钮
9. 进入「规则任务管理-监控对象」页面
10. 「规则名称」输入「test_rule」
「选择数据源」选择「${DATASOURCE}」
「选择数据库」选择「${DATABASE}」
「选择数据表」选择「${TABLE}」
不开启「抽样检查设置」
11. 引入规则包「有效性可合并规则」，点击「下一步」按钮
12. 配置「调度属性」，保存规则，且「调度属性」中配置「规则报告」为最新结果
13. 点开规则详情，查看规则sql
14. 临时运行规则，查看实例详情","1. 页面正常打开
2. 抽样关闭：sql有rand()函数和 tableName_temp_sample_table_xxx 临时抽样表
3. 选择成功，页面显示「有效性校验」规则配置区域
4. 监控规则1配置完成
5. 监控规则2配置完成
6. 监控规则3配置完成
7. 监控规则4配置完成
8. 规则保存成功
9. 页面正常打开
10. 监控对象配置成功；
进入「监控规则」配置页
11. 引入正确，规则内容置灰，进入「调度属性」
12. 规则保存成功
13. 1、sql进行合并：
1）源表只扫描一次：FROM 后面的源表只出现 1 次；
​2）所有可合并规则写在同一个select里面：用多个 SUM (CASE WHEN) 把规则并行计算；
3）计算后再把结果拆成多行，每行代表单个规则进行输出，最终把结果插入同一张脏数据表
14. 4个子规则全部不通过，且实例详情展示正确","1. 
2. 
3. 
4. 
5. 
6. 
7. 
8. 
9. 
10. 
11. 
12. 
13. 
14.","","3","功能测试","功能测试阶段","正常","0","0","14","","听筠","2026-05-26","","0000-00-00","1","",""
"185986","数据资产_STD(#23)","/版本迭代测试用例/v6.4.11/【岚图】【数据资产】数据质量任务性能优化，规则sql合并/doris3.x(#10584)","【岚图】【数据资产】数据质量任务、落标检查任务性能优化，规则sql合并(#15862)","可合并 单独有效性（数值-取值范围、数值-枚举个数、枚举值、取值范围&枚举范围） 验证「有效性校验」-「抽样关闭」校验全通过功能","已有表test_info_1
CREATE TABLE test_info_1 (
id INT COMMENT &#039;用户ID&#039;,
age INT COMMENT &#039;年龄&#039;,
string_num STRING COMMENT &#039;string类型的编号&#039;,
name STRING COMMENT &#039;姓名&#039;,
address STRING COMMENT &#039;地址&#039;,
money STRING COMMENT &#039;金额&#039;,
buy_date DATE COMMENT &#039;购买日期&#039;,
date_detail STRING COMMENT &#039;日期详情&#039;,
dt DATE COMMENT &#039;分区日期，格式：yyyy-MM-dd&#039;
)
COMMENT &#039;测试信息表&#039;
PARTITION BY RANGE(dt) ()
DISTRIBUTED BY HASH(id) BUCKETS 10
PROPERTIES (
“replication_num“ = “1“,
“compression“ = “LZ4“
);

-- 手动添加分区
ALTER TABLE test_info_1 ADD PARTITION p20260519 VALUES [(&#039;2026-05-19&#039;), (&#039;2026-05-20&#039;));

-- 插入数据
INSERT INTO test_info_1
SELECT
1 + user_idx AS id,
CASE user_idx
WHEN 0 THEN 25 WHEN 1 THEN 30 WHEN 2 THEN 28
WHEN 3 THEN 35 WHEN 4 THEN 22 ELSE 29
END AS age,
CASE user_idx
WHEN 0 THEN &#039;001&#039; WHEN 1 THEN &#039;002&#039; WHEN 2 THEN &#039;003&#039;
WHEN 3 THEN &#039;004&#039; WHEN 4 THEN &#039;005&#039; ELSE &#039;006&#039;
END AS string_num,
CASE user_idx
WHEN 0 THEN &#039;张三&#039; WHEN 1 THEN &#039;李四&#039; WHEN 2 THEN &#039;王五&#039;
WHEN 3 THEN &#039;赵六&#039; WHEN 4 THEN &#039;小明&#039; ELSE &#039;小红&#039;
END AS name,
CASE user_idx
WHEN 0 THEN &#039;北京市朝阳区&#039; WHEN 1 THEN &#039;上海市浦东新区&#039; WHEN 2 THEN &#039;广州市天河区&#039;
WHEN 3 THEN &#039;深圳市南山区&#039; WHEN 4 THEN &#039;杭州市西湖区&#039; ELSE &#039;成都市武侯区&#039;
END AS address,
CASE user_idx
WHEN 0 THEN &#039;5000.00&#039; WHEN 1 THEN &#039;6800.50&#039; WHEN 2 THEN &#039;4200.00&#039;
WHEN 3 THEN &#039;9500.00&#039; WHEN 4 THEN &#039;3100.00&#039; ELSE &#039;5600.00&#039;
END AS money,
DATE_ADD(CURRENT_DATE(), INTERVAL -30 + user_idx DAY) AS buy_date,
CASE user_idx
WHEN 0 THEN &#039;订单已完成&#039; WHEN 1 THEN &#039;待发货&#039; WHEN 2 THEN &#039;已取消&#039;
WHEN 3 THEN &#039;配送中&#039; WHEN 4 THEN &#039;已完成&#039; ELSE &#039;退款中&#039;
END AS date_detail,
DATE(&#039;2026-05-19&#039;) AS dt
FROM (
SELECT 0 AS user_idx UNION ALL
SELECT 1 UNION ALL
SELECT 2 UNION ALL
SELECT 3 UNION ALL
SELECT 4 UNION ALL
SELECT 5
) users;","1. 进入「资产-数据质量-规则集管理-基础信息」页面
2. 「选择数据源」选择「${DATASOURCE}」
「选择数据库」选择「${DATABASE}」
「选择数据表」选择「${TABLE}」
「规则包名称」填写「有效性可合并规则」
3. 点击「新增规则包」-「有效性可合并规则」，点击【添加规则-有效性校验】
4. 「监控规则1」配置如下：
「字段」：「id」
「统计函数」：「数值-取值范围」
「过滤条件」：「手动配置：id<=100」
「校验方法」：「固定值」
「期望值」：「>0且<=100」
「强弱规则」选择「弱规则」
「规则描述」输入「测试规则」
5. 「监控规则2」配置如下：
「字段」：「string_num」
「统计函数」：「数值-枚举个数」
「过滤条件」：「手动配置：id<=100」
「校验方法」：「固定值」
「期望值」：「>=1」
「强弱规则」选择「弱规则」
「规则描述」输入「测试规则」
6. 「监控规则3」配置如下：
「字段」：「age」
「统计函数」：「枚举值」
「过滤条件」：「手动配置：id<=100」
「枚举值信息」：「in25,30,28,35,22,29,34,20,18」
「强弱规则」选择「弱规则」
「规则描述」输入「测试规则」
7. 「监控规则4」配置如下：
「字段」：「id」
「统计函数」：「取值范围&枚举范围」
「过滤条件」：「手动配置：id<=100」
「取值范围」：「期望值>0或<100」
「枚举值」：「not in 0」
「取值范围和枚举值关系」：「且」
「强弱规则」选择「弱规则」
「规则描述」输入「测试规则」
8. 点击【保存】按钮
9. 进入「规则任务管理-监控对象」页面
10. 「规则名称」输入「test_rule」
「选择数据源」选择「${DATASOURCE}」
「选择数据库」选择「${DATABASE}」
「选择数据表」选择「${TABLE}」
不开启「抽样检查设置」
11. 引入规则包「有效性可合并规则」，点击「下一步」按钮
12. 配置「调度属性」，保存规则，且「调度属性」中配置「规则报告」为最新结果
13. 点开规则详情，查看规则sql
14. 临时运行规则，查看实例详情","1. 页面正常打开
2. 抽样关闭：sql有rand()函数和 tableName_temp_sample_table_xxx 临时抽样表
3. 选择成功，页面显示「有效性校验」规则配置区域
4. 监控规则1配置完成
5. 监控规则2配置完成
6. 监控规则3配置完成
7. 监控规则4配置完成
8. 规则保存成功
9. 页面正常打开
10. 监控对象配置成功；
进入「监控规则」配置页
11. 引入正确，规则内容置灰，进入「调度属性」
12. 规则保存成功
13. 1、sql进行合并：
1）源表只扫描一次：FROM 后面的源表只出现 1 次；
​2）所有可合并规则写在同一个select里面：用多个 SUM (CASE WHEN) 把规则并行计算；
3）计算后再把结果拆成多行，每行代表单个规则进行输出，最终把结果插入同一张脏数据表
14. 4个子规则全部通过，且实例详情展示正确","1. 
2. 
3. 
4. 
5. 
6. 
7. 
8. 
9. 
10. 
11. 
12. 
13. 
14.","","3","功能测试","功能测试阶段","正常","0","0","14","","听筠","2026-05-26","","0000-00-00","1","",""
"185985","数据资产_STD(#23)","/版本迭代测试用例/v6.4.11/【岚图】【数据资产】数据质量任务性能优化，规则sql合并/doris3.x(#10584)","【岚图】【数据资产】数据质量任务、落标检查任务性能优化，规则sql合并(#15862)","可合并 单独完整性（字段级：空值数、空值率、空串数、空串率；单表：表行数） 验证「完整性校验」校验不通过的规则查看明细功能","资产已存在完整性校验规则“可合并完整性规则”，且子规则为完整性：空值数、空值率、空串数、空串率、表行数，全部为不通过","1. 进入「资产-数据质量-规则任务管理」页面
2. 查看规则sql
3. 进入「资产-数据质量-校验结果查询」页面
4. 选中该表名，查看任务结果详情
5. 点击【查看明细】按钮
6. 点击【下载明细】按钮
7. 进入「资产-数据质量-数据质量报告」页面
8. 进入该报告的详情页，查看报告详情
9. 点击【查看详情】按钮
10. 点击【下载明细】按钮","1. 页面正常打开，显示表“test_info_1”的规则
2. 子规则为完整性：空值数、空值率、空串数、空串率、表行数的脏数据存储表为同一个
3. 页面正常打开，显示表“test_info_1”的规则
4. 显示校验未通过的子规则详情，展示【查看明细】按钮
5. 1）展示该表中不符合规则的数据
2）显示行数<=100
3）显示【下载明细】按钮
6. 可下载到本地，内容正确，行数<=100
7. 页面正常打开，显示表“test_info_1”的报告
8. 规则校验明细表中显示“操作-查看详情”
9. 展开该表中不符合规则的数据，行数<=100，显示【下载明细】按钮
10. 可下载到本地，内容正确，行数<=100","1. 
2. 
3. 
4. 
5. 
6. 
7. 
8. 
9. 
10.","","1","功能测试","功能测试阶段","正常","0","0","10","","听筠","2026-05-26","","0000-00-00","1","",""
"185984","数据资产_STD(#23)","/版本迭代测试用例/v6.4.11/【岚图】【数据资产】数据质量任务性能优化，规则sql合并/doris3.x(#10584)","【岚图】【数据资产】数据质量任务、落标检查任务性能优化，规则sql合并(#15862)","可合并 单独完整性（字段级：空值数、空值率、空串数、空串率；单表：表行数） 验证「完整性校验」校验不通过质量报告正确","1、已有表test_info_1
CREATE TABLE test_info_1 (
id INT COMMENT &#039;用户ID&#039;,
age INT COMMENT &#039;年龄&#039;,
string_num STRING COMMENT &#039;string类型的编号&#039;,
name STRING COMMENT &#039;姓名&#039;,
address STRING COMMENT &#039;地址&#039;,
money STRING COMMENT &#039;金额&#039;,
buy_date DATE COMMENT &#039;购买日期&#039;,
date_detail STRING COMMENT &#039;日期详情&#039;,
dt DATE COMMENT &#039;分区日期，格式：yyyy-MM-dd&#039;
)
COMMENT &#039;测试信息表&#039;
PARTITION BY RANGE(dt) ()
DISTRIBUTED BY HASH(id) BUCKETS 10
PROPERTIES (
“replication_num“ = “1“,
“compression“ = “LZ4“
);

-- 手动添加分区
ALTER TABLE test_info_1 ADD PARTITION p20260519 VALUES [(&#039;2026-05-19&#039;), (&#039;2026-05-20&#039;));

-- 插入数据
INSERT INTO test_info_1
SELECT
1 + user_idx AS id,
CASE user_idx
WHEN 0 THEN 25 WHEN 1 THEN 30 WHEN 2 THEN 28
WHEN 3 THEN 35 WHEN 4 THEN 22 ELSE 29
END AS age,
CASE user_idx
WHEN 0 THEN &#039;001&#039; WHEN 1 THEN &#039;002&#039; WHEN 2 THEN &#039;003&#039;
WHEN 3 THEN &#039;004&#039; WHEN 4 THEN &#039;005&#039; ELSE &#039;006&#039;
END AS string_num,
CASE user_idx
WHEN 0 THEN &#039;张三&#039; WHEN 1 THEN &#039;李四&#039; WHEN 2 THEN &#039;王五&#039;
WHEN 3 THEN &#039;赵六&#039; WHEN 4 THEN &#039;小明&#039; ELSE &#039;小红&#039;
END AS name,
CASE user_idx
WHEN 0 THEN &#039;北京市朝阳区&#039; WHEN 1 THEN &#039;上海市浦东新区&#039; WHEN 2 THEN &#039;广州市天河区&#039;
WHEN 3 THEN &#039;深圳市南山区&#039; WHEN 4 THEN &#039;杭州市西湖区&#039; ELSE &#039;成都市武侯区&#039;
END AS address,
CASE user_idx
WHEN 0 THEN &#039;5000.00&#039; WHEN 1 THEN &#039;6800.50&#039; WHEN 2 THEN &#039;4200.00&#039;
WHEN 3 THEN &#039;9500.00&#039; WHEN 4 THEN &#039;3100.00&#039; ELSE &#039;5600.00&#039;
END AS money,
DATE_ADD(CURRENT_DATE(), INTERVAL -30 + user_idx DAY) AS buy_date,
CASE user_idx
WHEN 0 THEN &#039;订单已完成&#039; WHEN 1 THEN &#039;待发货&#039; WHEN 2 THEN &#039;已取消&#039;
WHEN 3 THEN &#039;配送中&#039; WHEN 4 THEN &#039;已完成&#039; ELSE &#039;退款中&#039;
END AS date_detail,
DATE(&#039;2026-05-19&#039;) AS dt
FROM (
SELECT 0 AS user_idx UNION ALL
SELECT 1 UNION ALL
SELECT 2 UNION ALL
SELECT 3 UNION ALL
SELECT 4 UNION ALL
SELECT 5
) users;

2、资产已存在完整性校验规则“可合并完整性规则”，且子规则全部不通过：
数据源：「${DATASOURCE}」
数据库：「${DATABASE}」
数据表：test_info_1
共6行数据，8个字段，4个校验规则","1. 进入「资产-数据质量-数据质量报告」页面
2. 选中该报告，点击“查看报告-报告详情”
3. 查看质量报告详情展示","1. 页面正常打开，显示报告名称为“test_info_1_可合并完整性规则”的报告
2. 进入该报告的详情页
3. 从上到下依次为：
1）质量评估汇总（test_info_1_可合并完整性规则）：表名-test_info_1；数据源-「${DATASOURCE}」；数据库：「${DATABASE}」 ；检测数据范围-“设置的分区”；表行数-“6”；抽样行数-“--”；字段数-“8”；车辆数-“--”；校验规则数-“4”；校验通过率-“0%”
2）车辆信息汇总：车系、车型（可筛选）、动力类型、车辆数、表中包含车辆数、车辆总数、表中包含总车辆数
3）规则校验明细：规则类型（可筛选）-“完整性校验”；规则名称（可搜索）-“可合并完整性规则”；字段名称（可搜索）-已配置的字段；字段类型（可搜索）-字段对应的类型；质检结果（可筛选）-校验未通过；未通过原因-“xxxx未通过”；详情说明-xxxx，不符合规则“xxx”；最近一次校验结束时间-xxxx-xx-xx xx:xx:xx；操作-“查看详情”","1. 
2. 
3.","","1","功能测试","功能测试阶段","正常","0","0","3","","听筠","2026-05-26","","0000-00-00","1","",""
"185983","数据资产_STD(#23)","/版本迭代测试用例/v6.4.11/【岚图】【数据资产】数据质量任务性能优化，规则sql合并/doris3.x(#10584)","【岚图】【数据资产】数据质量任务、落标检查任务性能优化，规则sql合并(#15862)","可合并 单独完整性（字段级：空值数、空值率、空串数、空串率；单表：表行数） 验证「完整性校验」校验通过质量报告正确","1、已有表test_info_1
CREATE TABLE test_info_1 (
id INT COMMENT &#039;用户ID&#039;,
age INT COMMENT &#039;年龄&#039;,
string_num STRING COMMENT &#039;string类型的编号&#039;,
name STRING COMMENT &#039;姓名&#039;,
address STRING COMMENT &#039;地址&#039;,
money STRING COMMENT &#039;金额&#039;,
buy_date DATE COMMENT &#039;购买日期&#039;,
date_detail STRING COMMENT &#039;日期详情&#039;,
dt DATE COMMENT &#039;分区日期，格式：yyyy-MM-dd&#039;
)
COMMENT &#039;测试信息表&#039;
PARTITION BY RANGE(dt) ()
DISTRIBUTED BY HASH(id) BUCKETS 10
PROPERTIES (
“replication_num“ = “1“,
“compression“ = “LZ4“
);

-- 手动添加分区
ALTER TABLE test_info_1 ADD PARTITION p20260519 VALUES [(&#039;2026-05-19&#039;), (&#039;2026-05-20&#039;));

-- 插入数据
INSERT INTO test_info_1
SELECT
1 + user_idx AS id,
CASE user_idx
WHEN 0 THEN 25 WHEN 1 THEN 30 WHEN 2 THEN 28
WHEN 3 THEN 35 WHEN 4 THEN 22 ELSE 29
END AS age,
CASE user_idx
WHEN 0 THEN &#039;001&#039; WHEN 1 THEN &#039;002&#039; WHEN 2 THEN &#039;003&#039;
WHEN 3 THEN &#039;004&#039; WHEN 4 THEN &#039;005&#039; ELSE &#039;006&#039;
END AS string_num,
CASE user_idx
WHEN 0 THEN &#039;张三&#039; WHEN 1 THEN &#039;李四&#039; WHEN 2 THEN &#039;王五&#039;
WHEN 3 THEN &#039;赵六&#039; WHEN 4 THEN &#039;小明&#039; ELSE &#039;小红&#039;
END AS name,
CASE user_idx
WHEN 0 THEN &#039;北京市朝阳区&#039; WHEN 1 THEN &#039;上海市浦东新区&#039; WHEN 2 THEN &#039;广州市天河区&#039;
WHEN 3 THEN &#039;深圳市南山区&#039; WHEN 4 THEN &#039;杭州市西湖区&#039; ELSE &#039;成都市武侯区&#039;
END AS address,
CASE user_idx
WHEN 0 THEN &#039;5000.00&#039; WHEN 1 THEN &#039;6800.50&#039; WHEN 2 THEN &#039;4200.00&#039;
WHEN 3 THEN &#039;9500.00&#039; WHEN 4 THEN &#039;3100.00&#039; ELSE &#039;5600.00&#039;
END AS money,
DATE_ADD(CURRENT_DATE(), INTERVAL -30 + user_idx DAY) AS buy_date,
CASE user_idx
WHEN 0 THEN &#039;订单已完成&#039; WHEN 1 THEN &#039;待发货&#039; WHEN 2 THEN &#039;已取消&#039;
WHEN 3 THEN &#039;配送中&#039; WHEN 4 THEN &#039;已完成&#039; ELSE &#039;退款中&#039;
END AS date_detail,
DATE(&#039;2026-05-19&#039;) AS dt
FROM (
SELECT 0 AS user_idx UNION ALL
SELECT 1 UNION ALL
SELECT 2 UNION ALL
SELECT 3 UNION ALL
SELECT 4 UNION ALL
SELECT 5
) users;

2、资产已存在完整性校验规则“可合并完整性规则”，且子规则全部为通过：
数据源：「${DATASOURCE}」
数据库：「${DATABASE}」
数据表：test_info_1
共6行数据，8个字段，4个校验规则","1. 进入「资产-数据质量-数据质量报告」页面
2. 选中该报告，点击“查看报告-报告详情”
3. 查看质量报告详情展示","1. 页面正常打开，显示报告名称为“test_info_1_可合并完整性规则”的报告
2. 进入该报告的详情页
3. 从上到下依次为：
1）质量评估汇总（test_info_1_可合并完整性规则）：表名-test_info_1；数据源-「${DATASOURCE}」；数据库：「${DATABASE}」 ；检测数据范围-“设置的分区”；表行数-“6”；抽样行数-“--”；字段数-“8”；车辆数-“--”；校验规则数-“4”；校验通过率-“100%”
2）车辆信息汇总：车系、车型（可筛选）、动力类型、车辆数、表中包含车辆数、车辆总数、表中包含总车辆数
3）规则校验明细：规则类型（可筛选）-“完整性校验”；规则名称（可搜索）-已配置的子规则；字段名称（可搜索）-已配置的字段；字段类型（可搜索）-字段对应的类型；质检结果（可筛选）-校验通过；未通过原因-“--”；详情说明-xxxx，符合规则“xxx”；最近一次校验结束时间-xxxx-xx-xx xx:xx:xx；操作-“--”","1. 
2. 
3.","","2","功能测试","功能测试阶段","正常","0","0","3","","听筠","2026-05-26","","0000-00-00","1","",""
"185982","数据资产_STD(#23)","/版本迭代测试用例/v6.4.11/【岚图】【数据资产】数据质量任务性能优化，规则sql合并/doris3.x(#10584)","【岚图】【数据资产】数据质量任务、落标检查任务性能优化，规则sql合并(#15862)","可合并 单独完整性（字段级：空值数、空值率、空串数、空串率；单表：表行数） 验证「完整性校验」-「多字段」-「抽样开启」-「设置分区」校验功能","已有表test_info_1
CREATE TABLE test_info_1 (
id INT COMMENT &#039;用户ID&#039;,
age INT COMMENT &#039;年龄&#039;,
string_num STRING COMMENT &#039;string类型的编号&#039;,
name STRING COMMENT &#039;姓名&#039;,
address STRING COMMENT &#039;地址&#039;,
money STRING COMMENT &#039;金额&#039;,
buy_date DATE COMMENT &#039;购买日期&#039;,
date_detail STRING COMMENT &#039;日期详情&#039;,
dt DATE COMMENT &#039;分区日期，格式：yyyy-MM-dd&#039;
)
COMMENT &#039;测试信息表&#039;
PARTITION BY RANGE(dt) ()
DISTRIBUTED BY HASH(id) BUCKETS 10
PROPERTIES (
“replication_num“ = “1“,
“compression“ = “LZ4“
);

-- 手动添加分区
ALTER TABLE test_info_1 ADD PARTITION p20260519 VALUES [(&#039;2026-05-19&#039;), (&#039;2026-05-20&#039;));

-- 插入数据
INSERT INTO test_info_1
SELECT
1 + user_idx AS id,
CASE user_idx
WHEN 0 THEN 25 WHEN 1 THEN 30 WHEN 2 THEN 28
WHEN 3 THEN 35 WHEN 4 THEN 22 ELSE 29
END AS age,
CASE user_idx
WHEN 0 THEN &#039;001&#039; WHEN 1 THEN &#039;002&#039; WHEN 2 THEN &#039;003&#039;
WHEN 3 THEN &#039;004&#039; WHEN 4 THEN &#039;005&#039; ELSE &#039;006&#039;
END AS string_num,
CASE user_idx
WHEN 0 THEN &#039;张三&#039; WHEN 1 THEN &#039;李四&#039; WHEN 2 THEN &#039;王五&#039;
WHEN 3 THEN &#039;赵六&#039; WHEN 4 THEN &#039;小明&#039; ELSE &#039;小红&#039;
END AS name,
CASE user_idx
WHEN 0 THEN &#039;北京市朝阳区&#039; WHEN 1 THEN &#039;上海市浦东新区&#039; WHEN 2 THEN &#039;广州市天河区&#039;
WHEN 3 THEN &#039;深圳市南山区&#039; WHEN 4 THEN &#039;杭州市西湖区&#039; ELSE &#039;成都市武侯区&#039;
END AS address,
CASE user_idx
WHEN 0 THEN &#039;5000.00&#039; WHEN 1 THEN &#039;6800.50&#039; WHEN 2 THEN &#039;4200.00&#039;
WHEN 3 THEN &#039;9500.00&#039; WHEN 4 THEN &#039;3100.00&#039; ELSE &#039;5600.00&#039;
END AS money,
DATE_ADD(CURRENT_DATE(), INTERVAL -30 + user_idx DAY) AS buy_date,
CASE user_idx
WHEN 0 THEN &#039;订单已完成&#039; WHEN 1 THEN &#039;待发货&#039; WHEN 2 THEN &#039;已取消&#039;
WHEN 3 THEN &#039;配送中&#039; WHEN 4 THEN &#039;已完成&#039; ELSE &#039;退款中&#039;
END AS date_detail,
DATE(&#039;2026-05-19&#039;) AS dt
FROM (
SELECT 0 AS user_idx UNION ALL
SELECT 1 UNION ALL
SELECT 2 UNION ALL
SELECT 3 UNION ALL
SELECT 4 UNION ALL
SELECT 5
) users;","1. 进入「资产-数据质量-规则集管理-基础信息」页面
2. 「选择数据源」选择「${DATASOURCE}」
「选择数据库」选择「${DATABASE}」
「选择数据表」选择「${TABLE}」
「规则包名称」填写「完整性可合并规则」
3. 点击「新增规则包」-「完整性可合并规则」，点击【添加规则-完整性校验】
4. 「监控规则1」配置如下：
「生效范围」：「字段级」
「字段」：「id，age」
「字段间规则逻辑」：「and」
「统计函数」：「空值数」
「过滤条件」：「手动配置：id<=100」
「校验方法」：「固定值」
「期望值」：「!=1」
「强弱规则」选择「弱规则」
「规则描述」输入「测试规则」
5. 「监控规则2」配置如下：
「生效范围」：「字段级」
「字段」：「id，age」
「字段间规则逻辑」：「or」
「统计函数」：「空值率」
「过滤条件」：「手动配置：id<=100」
「校验方法」：「固定值」
「期望值」：「=0」
「强弱规则」选择「弱规则」
「规则描述」输入「测试规则」
6. 「监控规则3」配置如下：
「生效范围」：「字段级」
「字段」：「name，address」
「字段间规则逻辑」：「or」
「统计函数」：「空串数」
「过滤条件」：「手动配置：id<=100」
「校验方法」：「固定值」
「期望值」：「>=100」
「强弱规则」选择「弱规则」
「规则描述」输入「测试规则」
7. 「监控规则4」配置如下：
「生效范围」：「字段级」
「字段」：「name，address」
「字段间规则逻辑」：「and」
「统计函数」：「空串率」
「过滤条件」：「手动配置：id<=100」
「校验方法」：「固定值」
「期望值」：「!=0」
「强弱规则」选择「弱规则」
「规则描述」输入「测试规则」
8. 「监控规则5」配置如下：
「生效范围」：「单表」
「统计函数」：「表行数」
「过滤条件」：「手动配置：id<=100」
「校验方法」：「固定值」
「期望值」：「>0」
「强弱规则」选择「弱规则」
「规则描述」输入「测试规则」
9. 「监控规则6」配置如下：
「生效范围」：「单表」
「统计函数」：「表行数」
「过滤条件」：「手动配置：id<=100」
「校验方法」：「固定值」
「期望值」：「=0」
「强弱规则」选择「弱规则」
「规则描述」输入「测试规则」
10. 点击【保存】按钮
11. 进入「规则任务管理-监控对象」页面
12. 「规则名称」输入「test_rule」
「选择数据源」选择「${DATASOURCE}」
「选择数据库」选择「${DATABASE}」
「选择数据表」选择「${TABLE}」
手动设置分区
「抽样检查设置」：「抽样设置：百分比抽样50%」
13. 引入规则包「完整性可合并规则」，点击「下一步」按钮
14. 配置「调度属性」，保存规则，且「调度属性」中配置「规则报告」为最新结果
15. 点开规则详情，查看规则sql
16. 临时运行规则，查看实例详情","1. 页面正常打开
2. 抽样开启：sql有rand()函数和 tableName_temp_sample_table_xxx 临时抽样表
3. 选择成功，页面显示「完整性校验」规则配置区域
4. 监控规则1配置完成
5. 监控规则2配置完成
6. 监控规则3配置完成
7. 监控规则4配置完成
8. 监控规则5配置完成
9. 监控规则6配置完成
10. 规则保存成功
11. 页面正常打开
12. 监控对象配置成功；
进入「监控规则」配置页
13. 引入正确，规则内容置灰，进入「调度属性」
14. 规则保存成功
15. 1、sql进行合并：
1）源表只扫描一次：FROM 后面的源表只出现 1 次；
​2）所有可合并规则写在同一个select里面：用多个 SUM (CASE WHEN) 把规则并行计算；
3）计算后再把结果拆成多行，每行代表单个规则进行输出，最终把结果插入同一张脏数据表
16. 子规则1、2、5通过，子规则3、4、6不通过，且实例详情展示正确","1. 
2. 
3. 
4. 
5. 
6. 
7. 
8. 
9. 
10. 
11. 
12. 
13. 
14. 
15. 
16.","","2","功能测试","功能测试阶段","正常","0","0","16","","听筠","2026-05-26","","0000-00-00","1","",""
"185981","数据资产_STD(#23)","/版本迭代测试用例/v6.4.11/【岚图】【数据资产】数据质量任务性能优化，规则sql合并/doris3.x(#10584)","【岚图】【数据资产】数据质量任务、落标检查任务性能优化，规则sql合并(#15862)","可合并 单独完整性（字段级：空值数、空值率、空串数、空串率；单表：表行数） 验证「完整性校验」-「单字段」-「抽样开启」-「设置分区」校验功能","已有表test_info_1
CREATE TABLE test_info_1 (
id INT COMMENT &#039;用户ID&#039;,
age INT COMMENT &#039;年龄&#039;,
string_num STRING COMMENT &#039;string类型的编号&#039;,
name STRING COMMENT &#039;姓名&#039;,
address STRING COMMENT &#039;地址&#039;,
money STRING COMMENT &#039;金额&#039;,
buy_date DATE COMMENT &#039;购买日期&#039;,
date_detail STRING COMMENT &#039;日期详情&#039;,
dt DATE COMMENT &#039;分区日期，格式：yyyy-MM-dd&#039;
)
COMMENT &#039;测试信息表&#039;
PARTITION BY RANGE(dt) ()
DISTRIBUTED BY HASH(id) BUCKETS 10
PROPERTIES (
“replication_num“ = “1“,
“compression“ = “LZ4“
);

-- 手动添加分区
ALTER TABLE test_info_1 ADD PARTITION p20260519 VALUES [(&#039;2026-05-19&#039;), (&#039;2026-05-20&#039;));

-- 插入数据
INSERT INTO test_info_1
SELECT
1 + user_idx AS id,
CASE user_idx
WHEN 0 THEN 25 WHEN 1 THEN 30 WHEN 2 THEN 28
WHEN 3 THEN 35 WHEN 4 THEN 22 ELSE 29
END AS age,
CASE user_idx
WHEN 0 THEN &#039;001&#039; WHEN 1 THEN &#039;002&#039; WHEN 2 THEN &#039;003&#039;
WHEN 3 THEN &#039;004&#039; WHEN 4 THEN &#039;005&#039; ELSE &#039;006&#039;
END AS string_num,
CASE user_idx
WHEN 0 THEN &#039;张三&#039; WHEN 1 THEN &#039;李四&#039; WHEN 2 THEN &#039;王五&#039;
WHEN 3 THEN &#039;赵六&#039; WHEN 4 THEN &#039;小明&#039; ELSE &#039;小红&#039;
END AS name,
CASE user_idx
WHEN 0 THEN &#039;北京市朝阳区&#039; WHEN 1 THEN &#039;上海市浦东新区&#039; WHEN 2 THEN &#039;广州市天河区&#039;
WHEN 3 THEN &#039;深圳市南山区&#039; WHEN 4 THEN &#039;杭州市西湖区&#039; ELSE &#039;成都市武侯区&#039;
END AS address,
CASE user_idx
WHEN 0 THEN &#039;5000.00&#039; WHEN 1 THEN &#039;6800.50&#039; WHEN 2 THEN &#039;4200.00&#039;
WHEN 3 THEN &#039;9500.00&#039; WHEN 4 THEN &#039;3100.00&#039; ELSE &#039;5600.00&#039;
END AS money,
DATE_ADD(CURRENT_DATE(), INTERVAL -30 + user_idx DAY) AS buy_date,
CASE user_idx
WHEN 0 THEN &#039;订单已完成&#039; WHEN 1 THEN &#039;待发货&#039; WHEN 2 THEN &#039;已取消&#039;
WHEN 3 THEN &#039;配送中&#039; WHEN 4 THEN &#039;已完成&#039; ELSE &#039;退款中&#039;
END AS date_detail,
DATE(&#039;2026-05-19&#039;) AS dt
FROM (
SELECT 0 AS user_idx UNION ALL
SELECT 1 UNION ALL
SELECT 2 UNION ALL
SELECT 3 UNION ALL
SELECT 4 UNION ALL
SELECT 5
) users;","1. 进入「资产-数据质量-规则集管理-基础信息」页面
2. 「选择数据源」选择「${DATASOURCE}」
「选择数据库」选择「${DATABASE}」
「选择数据表」选择「${TABLE}」
「规则包名称」填写「完整性可合并规则」
3. 点击「新增规则包」-「完整性可合并规则」，点击【添加规则-完整性校验】
4. 「监控规则1」配置如下：
「生效范围」：「字段级」
「字段」：「id」
「统计函数」：「空值数」
「过滤条件」：「手动配置：id<=100」
「校验方法」：「固定值」
「期望值」：「>=0」
「强弱规则」选择「弱规则」
「规则描述」输入「测试规则」
5. 「监控规则2」配置如下：
「生效范围」：「字段级」
「字段」：「id」
「统计函数」：「空值率」
「过滤条件」：「手动配置：id<=100」
「校验方法」：「固定值」
「期望值」：「=0」
「强弱规则」选择「弱规则」
「规则描述」输入「测试规则」
6. 「监控规则3」配置如下：
「生效范围」：「字段级」
「字段」：「name」
「统计函数」：「空串数」
「过滤条件」：「手动配置：id<=100」
「校验方法」：「固定值」
「期望值」：「>0」
「强弱规则」选择「弱规则」
「规则描述」输入「测试规则」
7. 「监控规则4」配置如下：
「生效范围」：「字段级」
「字段」：「name」
「统计函数」：「空串率」
「过滤条件」：「手动配置：id<=100」
「校验方法」：「固定值」
「期望值」：「=1」
「强弱规则」选择「弱规则」
「规则描述」输入「测试规则」
8. 「监控规则5」配置如下：
「生效范围」：「单表」
「统计函数」：「表行数」
「过滤条件」：「手动配置：id<=100」
「校验方法」：「固定值」
「期望值」：「>0」
「强弱规则」选择「弱规则」
「规则描述」输入「测试规则」
9. 「监控规则6」配置如下：
「生效范围」：「单表」
「统计函数」：「表行数」
「过滤条件」：「手动配置：id<=100」
「校验方法」：「固定值」
「期望值」：「=0」
「强弱规则」选择「弱规则」
「规则描述」输入「测试规则」
10. 点击【保存】按钮
11. 进入「规则任务管理-监控对象」页面
12. 「规则名称」输入「test_rule」
「选择数据源」选择「${DATASOURCE}」
「选择数据库」选择「${DATABASE}」
「选择数据表」选择「${TABLE}」
选择已有分区
「抽样检查设置」：「抽样设置：百分比抽样50%」
13. 引入规则包「完整性可合并规则」，点击「下一步」按钮
14. 配置「调度属性」，保存规则，且「调度属性」中配置「规则报告」为最新结果
15. 点开规则详情，查看规则sql
16. 临时运行规则，查看实例详情","1. 页面正常打开
2. 抽样开启：sql有rand()函数和 tableName_temp_sample_table_xxx 临时抽样表
3. 选择成功，页面显示「完整性校验」规则配置区域
4. 监控规则1配置完成
5. 监控规则2配置完成
6. 监控规则3配置完成
7. 监控规则4配置完成
8. 监控规则5配置完成
9. 监控规则6配置完成
10. 规则保存成功
11. 页面正常打开
12. 监控对象配置成功；
进入「监控规则」配置页
13. 引入正确，规则内容置灰，进入「调度属性」
14. 规则保存成功
15. 1、sql进行合并：
1）源表只扫描一次：FROM 后面的源表只出现 1 次；
​2）所有可合并规则写在同一个select里面：用多个 SUM (CASE WHEN) 把规则并行计算；
3）计算后再把结果拆成多行，每行代表单个规则进行输出，最终把结果插入同一张脏数据表
16. 子规则1、2、5通过，子规则3、4、6不通过，且实例详情展示正确","1. 
2. 
3. 
4. 
5. 
6. 
7. 
8. 
9. 
10. 
11. 
12. 
13. 
14. 
15. 
16.","","2","功能测试","功能测试阶段","正常","0","0","16","","听筠","2026-05-26","","0000-00-00","1","",""
"185980","数据资产_STD(#23)","/版本迭代测试用例/v6.4.11/【岚图】【数据资产】数据质量任务性能优化，规则sql合并/doris3.x(#10584)","【岚图】【数据资产】数据质量任务、落标检查任务性能优化，规则sql合并(#15862)","可合并 单独完整性（字段级：空值数、空值率、空串数、空串率；单表：表行数） 验证「完整性校验」-「多字段」-「抽样开启」校验全不通过功能","已有表test_info_1
CREATE TABLE test_info_1 (
id INT COMMENT &#039;用户ID&#039;,
age INT COMMENT &#039;年龄&#039;,
string_num STRING COMMENT &#039;string类型的编号&#039;,
name STRING COMMENT &#039;姓名&#039;,
address STRING COMMENT &#039;地址&#039;,
money STRING COMMENT &#039;金额&#039;,
buy_date DATE COMMENT &#039;购买日期&#039;,
date_detail STRING COMMENT &#039;日期详情&#039;,
dt DATE COMMENT &#039;分区日期，格式：yyyy-MM-dd&#039;
)
COMMENT &#039;测试信息表&#039;
PARTITION BY RANGE(dt) ()
DISTRIBUTED BY HASH(id) BUCKETS 10
PROPERTIES (
“replication_num“ = “1“,
“compression“ = “LZ4“
);

-- 手动添加分区
ALTER TABLE test_info_1 ADD PARTITION p20260519 VALUES [(&#039;2026-05-19&#039;), (&#039;2026-05-20&#039;));

-- 插入数据
INSERT INTO test_info_1
SELECT
1 + user_idx AS id,
CASE user_idx
WHEN 0 THEN 25 WHEN 1 THEN 30 WHEN 2 THEN 28
WHEN 3 THEN 35 WHEN 4 THEN 22 ELSE 29
END AS age,
CASE user_idx
WHEN 0 THEN &#039;001&#039; WHEN 1 THEN &#039;002&#039; WHEN 2 THEN &#039;003&#039;
WHEN 3 THEN &#039;004&#039; WHEN 4 THEN &#039;005&#039; ELSE &#039;006&#039;
END AS string_num,
CASE user_idx
WHEN 0 THEN &#039;张三&#039; WHEN 1 THEN &#039;李四&#039; WHEN 2 THEN &#039;王五&#039;
WHEN 3 THEN &#039;赵六&#039; WHEN 4 THEN &#039;小明&#039; ELSE &#039;小红&#039;
END AS name,
CASE user_idx
WHEN 0 THEN &#039;北京市朝阳区&#039; WHEN 1 THEN &#039;上海市浦东新区&#039; WHEN 2 THEN &#039;广州市天河区&#039;
WHEN 3 THEN &#039;深圳市南山区&#039; WHEN 4 THEN &#039;杭州市西湖区&#039; ELSE &#039;成都市武侯区&#039;
END AS address,
CASE user_idx
WHEN 0 THEN &#039;5000.00&#039; WHEN 1 THEN &#039;6800.50&#039; WHEN 2 THEN &#039;4200.00&#039;
WHEN 3 THEN &#039;9500.00&#039; WHEN 4 THEN &#039;3100.00&#039; ELSE &#039;5600.00&#039;
END AS money,
DATE_ADD(CURRENT_DATE(), INTERVAL -30 + user_idx DAY) AS buy_date,
CASE user_idx
WHEN 0 THEN &#039;订单已完成&#039; WHEN 1 THEN &#039;待发货&#039; WHEN 2 THEN &#039;已取消&#039;
WHEN 3 THEN &#039;配送中&#039; WHEN 4 THEN &#039;已完成&#039; ELSE &#039;退款中&#039;
END AS date_detail,
DATE(&#039;2026-05-19&#039;) AS dt
FROM (
SELECT 0 AS user_idx UNION ALL
SELECT 1 UNION ALL
SELECT 2 UNION ALL
SELECT 3 UNION ALL
SELECT 4 UNION ALL
SELECT 5
) users;","1. 进入「资产-数据质量-规则集管理-基础信息」页面
2. 「选择数据源」选择「${DATASOURCE}」
「选择数据库」选择「${DATABASE}」
「选择数据表」选择「${TABLE}」
「规则包名称」填写「完整性可合并规则」
3. 点击「新增规则包」-「完整性可合并规则」，点击【添加规则-完整性校验】
4. 「监控规则1」配置如下：
「生效范围」：「字段级」
「字段」：「id，age」
「字段间规则逻辑」：「and」
「统计函数」：「空值数」
「过滤条件」：「手动配置：id<=100」
「校验方法」：「固定值」
「期望值」：「=1」
「强弱规则」选择「弱规则」
「规则描述」输入「测试规则」
5. 「监控规则2」配置如下：
「生效范围」：「字段级」
「字段」：「id，age」
「字段间规则逻辑」：「or」
「统计函数」：「空值率」
「过滤条件」：「手动配置：id<=100」
「校验方法」：「固定值」
「期望值」：「=10」
「强弱规则」选择「弱规则」
「规则描述」输入「测试规则」
6. 「监控规则3」配置如下：
「生效范围」：「字段级」
「字段」：「name，address」
「字段间规则逻辑」：「or」
「统计函数」：「空串数」
「过滤条件」：「手动配置：id<=100」
「校验方法」：「固定值」
「期望值」：「>=100」
「强弱规则」选择「弱规则」
「规则描述」输入「测试规则」
7. 「监控规则4」配置如下：
「生效范围」：「字段级」
「字段」：「name，address」
「字段间规则逻辑」：「and」
「统计函数」：「空串率」
「过滤条件」：「手动配置：id<=100」
「校验方法」：「固定值」
「期望值」：「!=0」
「强弱规则」选择「弱规则」
「规则描述」输入「测试规则」
8. 「监控规则5」配置如下：
「生效范围」：「单表」
「统计函数」：「表行数」
「过滤条件」：「手动配置：id<=100」
「校验方法」：「固定值」
「期望值」：「=0」
「强弱规则」选择「弱规则」
「规则描述」输入「测试规则」
9. 点击【保存】按钮
10. 进入「规则任务管理-监控对象」页面
11. 「规则名称」输入「test_rule」
「选择数据源」选择「${DATASOURCE}」
「选择数据库」选择「${DATABASE}」
「选择数据表」选择「${TABLE}」
「抽样检查设置」：「抽样设置：百分比抽样50%」
12. 引入规则包「完整性可合并规则」，点击「下一步」按钮
13. 配置「调度属性」，保存规则，且「调度属性」中配置「规则报告」为最新结果
14. 点开规则详情，查看规则sql
15. 临时运行规则，查看实例详情","1. 页面正常打开
2. 抽样开启：sql有rand()函数和 tableName_temp_sample_table_xxx 临时抽样表
3. 选择成功，页面显示「完整性校验」规则配置区域
4. 监控规则1配置完成
5. 监控规则2配置完成
6. 监控规则3配置完成
7. 监控规则4配置完成
8. 监控规则5配置完成
9. 规则保存成功
10. 页面正常打开
11. 监控对象配置成功；
进入「监控规则」配置页
12. 引入正确，规则内容置灰，进入「调度属性」
13. 规则保存成功
14. 1、sql进行合并：
1）源表只扫描一次：FROM 后面的源表只出现 1 次；
​2）所有可合并规则写在同一个select里面：用多个 SUM (CASE WHEN) 把规则并行计算；
3）计算后再把结果拆成多行，每行代表单个规则进行输出，最终把结果插入同一张脏数据表
15. 5个子规则全部不通过，且实例详情展示正确","1. 
2. 
3. 
4. 
5. 
6. 
7. 
8. 
9. 
10. 
11. 
12. 
13. 
14. 
15.","","2","功能测试","功能测试阶段","正常","0","0","15","","听筠","2026-05-26","","0000-00-00","1","",""
"185979","数据资产_STD(#23)","/版本迭代测试用例/v6.4.11/【岚图】【数据资产】数据质量任务性能优化，规则sql合并/doris3.x(#10584)","【岚图】【数据资产】数据质量任务、落标检查任务性能优化，规则sql合并(#15862)","可合并 单独完整性（字段级：空值数、空值率、空串数、空串率；单表：表行数） 验证「完整性校验」-「多字段」-「抽样开启」校验全通过功能","已有表test_info_1
CREATE TABLE test_info_1 (
id INT COMMENT &#039;用户ID&#039;,
age INT COMMENT &#039;年龄&#039;,
string_num STRING COMMENT &#039;string类型的编号&#039;,
name STRING COMMENT &#039;姓名&#039;,
address STRING COMMENT &#039;地址&#039;,
money STRING COMMENT &#039;金额&#039;,
buy_date DATE COMMENT &#039;购买日期&#039;,
date_detail STRING COMMENT &#039;日期详情&#039;,
dt DATE COMMENT &#039;分区日期，格式：yyyy-MM-dd&#039;
)
COMMENT &#039;测试信息表&#039;
PARTITION BY RANGE(dt) ()
DISTRIBUTED BY HASH(id) BUCKETS 10
PROPERTIES (
“replication_num“ = “1“,
“compression“ = “LZ4“
);

-- 手动添加分区
ALTER TABLE test_info_1 ADD PARTITION p20260519 VALUES [(&#039;2026-05-19&#039;), (&#039;2026-05-20&#039;));

-- 插入数据
INSERT INTO test_info_1
SELECT
1 + user_idx AS id,
CASE user_idx
WHEN 0 THEN 25 WHEN 1 THEN 30 WHEN 2 THEN 28
WHEN 3 THEN 35 WHEN 4 THEN 22 ELSE 29
END AS age,
CASE user_idx
WHEN 0 THEN &#039;001&#039; WHEN 1 THEN &#039;002&#039; WHEN 2 THEN &#039;003&#039;
WHEN 3 THEN &#039;004&#039; WHEN 4 THEN &#039;005&#039; ELSE &#039;006&#039;
END AS string_num,
CASE user_idx
WHEN 0 THEN &#039;张三&#039; WHEN 1 THEN &#039;李四&#039; WHEN 2 THEN &#039;王五&#039;
WHEN 3 THEN &#039;赵六&#039; WHEN 4 THEN &#039;小明&#039; ELSE &#039;小红&#039;
END AS name,
CASE user_idx
WHEN 0 THEN &#039;北京市朝阳区&#039; WHEN 1 THEN &#039;上海市浦东新区&#039; WHEN 2 THEN &#039;广州市天河区&#039;
WHEN 3 THEN &#039;深圳市南山区&#039; WHEN 4 THEN &#039;杭州市西湖区&#039; ELSE &#039;成都市武侯区&#039;
END AS address,
CASE user_idx
WHEN 0 THEN &#039;5000.00&#039; WHEN 1 THEN &#039;6800.50&#039; WHEN 2 THEN &#039;4200.00&#039;
WHEN 3 THEN &#039;9500.00&#039; WHEN 4 THEN &#039;3100.00&#039; ELSE &#039;5600.00&#039;
END AS money,
DATE_ADD(CURRENT_DATE(), INTERVAL -30 + user_idx DAY) AS buy_date,
CASE user_idx
WHEN 0 THEN &#039;订单已完成&#039; WHEN 1 THEN &#039;待发货&#039; WHEN 2 THEN &#039;已取消&#039;
WHEN 3 THEN &#039;配送中&#039; WHEN 4 THEN &#039;已完成&#039; ELSE &#039;退款中&#039;
END AS date_detail,
DATE(&#039;2026-05-19&#039;) AS dt
FROM (
SELECT 0 AS user_idx UNION ALL
SELECT 1 UNION ALL
SELECT 2 UNION ALL
SELECT 3 UNION ALL
SELECT 4 UNION ALL
SELECT 5
) users;","1. 进入「资产-数据质量-规则集管理-基础信息」页面
2. 「选择数据源」选择「${DATASOURCE}」
「选择数据库」选择「${DATABASE}」
「选择数据表」选择「${TABLE}」
「规则包名称」填写「完整性可合并规则」
3. 点击「新增规则包」-「完整性可合并规则」，点击【添加规则-完整性校验】
4. 「监控规则1」配置如下：
「生效范围」：「字段级」
「字段」：「id，age」
「字段间规则逻辑」：「and」
「统计函数」：「空值数」
「过滤条件」：「手动配置：id<=100」
「校验方法」：「固定值」
「期望值」：「!=1」
「强弱规则」选择「弱规则」
「规则描述」输入「测试规则」
5. 「监控规则2」配置如下：
「生效范围」：「字段级」
「字段」：「id，age」
「字段间规则逻辑」：「or」
「统计函数」：「空值率」
「过滤条件」：「手动配置：id<=100」
「校验方法」：「固定值」
「期望值」：「=0」
「强弱规则」选择「弱规则」
「规则描述」输入「测试规则」
6. 「监控规则3」配置如下：
「生效范围」：「字段级」
「字段」：「name，address」
「字段间规则逻辑」：「or」
「统计函数」：「空串数」
「过滤条件」：「手动配置：id<=100」
「校验方法」：「固定值」
「期望值」：「<=0」
「强弱规则」选择「弱规则」
「规则描述」输入「测试规则」
7. 「监控规则4」配置如下：
「生效范围」：「字段级」
「字段」：「name，address」
「字段间规则逻辑」：「and」
「统计函数」：「空串率」
「过滤条件」：「手动配置：id<=100」
「校验方法」：「固定值」
「期望值」：「=0」
「强弱规则」选择「弱规则」
「规则描述」输入「测试规则」
8. 「监控规则5」配置如下：
「生效范围」：「单表」
「统计函数」：「表行数」
「过滤条件」：「手动配置：id<=100」
「校验方法」：「固定值」
「期望值」：「>0」
「强弱规则」选择「弱规则」
「规则描述」输入「测试规则」
9. 点击【保存】按钮
10. 进入「规则任务管理-监控对象」页面
11. 「规则名称」输入「test_rule」
「选择数据源」选择「${DATASOURCE}」
「选择数据库」选择「${DATABASE}」
「选择数据表」选择「${TABLE}」
「抽样检查设置」：「抽样设置：百分比抽样50%」
12. 引入规则包「完整性可合并规则」，点击「下一步」按钮
13. 配置「调度属性」，保存规则，且「调度属性」中配置「规则报告」为最新结果
14. 点开规则详情，查看规则sql
15. 临时运行规则，查看实例详情","1. 页面正常打开
2. 抽样开启：sql有rand()函数和 tableName_temp_sample_table_xxx 临时抽样表
3. 选择成功，页面显示「完整性校验」规则配置区域
4. 监控规则1配置完成
5. 监控规则2配置完成
6. 监控规则3配置完成
7. 监控规则4配置完成
8. 监控规则5配置完成
9. 规则保存成功
10. 页面正常打开
11. 监控对象配置成功；
进入「监控规则」配置页
12. 引入正确，规则内容置灰，进入「调度属性」
13. 规则保存成功
14. 1、sql进行合并：
1）源表只扫描一次：FROM 后面的源表只出现 1 次；
​2）所有可合并规则写在同一个select里面：用多个 SUM (CASE WHEN) 把规则并行计算；
3）计算后再把结果拆成多行，每行代表单个规则进行输出，最终把结果插入同一张脏数据表
15. 5个子规则全部通过，且实例详情展示正确","1. 
2. 
3. 
4. 
5. 
6. 
7. 
8. 
9. 
10. 
11. 
12. 
13. 
14. 
15.","","2","功能测试","功能测试阶段","正常","0","0","15","","听筠","2026-05-26","","0000-00-00","1","",""
"185978","数据资产_STD(#23)","/版本迭代测试用例/v6.4.11/【岚图】【数据资产】数据质量任务性能优化，规则sql合并/doris3.x(#10584)","【岚图】【数据资产】数据质量任务、落标检查任务性能优化，规则sql合并(#15862)","可合并 单独完整性（字段级：空值数、空值率、空串数、空串率；单表：表行数） 验证「完整性校验」-「多字段」-「抽样关闭」校验全不通过功能","已有表test_info_1
CREATE TABLE test_info_1 (
id INT COMMENT &#039;用户ID&#039;,
age INT COMMENT &#039;年龄&#039;,
string_num STRING COMMENT &#039;string类型的编号&#039;,
name STRING COMMENT &#039;姓名&#039;,
address STRING COMMENT &#039;地址&#039;,
money STRING COMMENT &#039;金额&#039;,
buy_date DATE COMMENT &#039;购买日期&#039;,
date_detail STRING COMMENT &#039;日期详情&#039;,
dt DATE COMMENT &#039;分区日期，格式：yyyy-MM-dd&#039;
)
COMMENT &#039;测试信息表&#039;
PARTITION BY RANGE(dt) ()
DISTRIBUTED BY HASH(id) BUCKETS 10
PROPERTIES (
“replication_num“ = “1“,
“compression“ = “LZ4“
);

-- 手动添加分区
ALTER TABLE test_info_1 ADD PARTITION p20260519 VALUES [(&#039;2026-05-19&#039;), (&#039;2026-05-20&#039;));

-- 插入数据
INSERT INTO test_info_1
SELECT
1 + user_idx AS id,
CASE user_idx
WHEN 0 THEN 25 WHEN 1 THEN 30 WHEN 2 THEN 28
WHEN 3 THEN 35 WHEN 4 THEN 22 ELSE 29
END AS age,
CASE user_idx
WHEN 0 THEN &#039;001&#039; WHEN 1 THEN &#039;002&#039; WHEN 2 THEN &#039;003&#039;
WHEN 3 THEN &#039;004&#039; WHEN 4 THEN &#039;005&#039; ELSE &#039;006&#039;
END AS string_num,
CASE user_idx
WHEN 0 THEN &#039;张三&#039; WHEN 1 THEN &#039;李四&#039; WHEN 2 THEN &#039;王五&#039;
WHEN 3 THEN &#039;赵六&#039; WHEN 4 THEN &#039;小明&#039; ELSE &#039;小红&#039;
END AS name,
CASE user_idx
WHEN 0 THEN &#039;北京市朝阳区&#039; WHEN 1 THEN &#039;上海市浦东新区&#039; WHEN 2 THEN &#039;广州市天河区&#039;
WHEN 3 THEN &#039;深圳市南山区&#039; WHEN 4 THEN &#039;杭州市西湖区&#039; ELSE &#039;成都市武侯区&#039;
END AS address,
CASE user_idx
WHEN 0 THEN &#039;5000.00&#039; WHEN 1 THEN &#039;6800.50&#039; WHEN 2 THEN &#039;4200.00&#039;
WHEN 3 THEN &#039;9500.00&#039; WHEN 4 THEN &#039;3100.00&#039; ELSE &#039;5600.00&#039;
END AS money,
DATE_ADD(CURRENT_DATE(), INTERVAL -30 + user_idx DAY) AS buy_date,
CASE user_idx
WHEN 0 THEN &#039;订单已完成&#039; WHEN 1 THEN &#039;待发货&#039; WHEN 2 THEN &#039;已取消&#039;
WHEN 3 THEN &#039;配送中&#039; WHEN 4 THEN &#039;已完成&#039; ELSE &#039;退款中&#039;
END AS date_detail,
DATE(&#039;2026-05-19&#039;) AS dt
FROM (
SELECT 0 AS user_idx UNION ALL
SELECT 1 UNION ALL
SELECT 2 UNION ALL
SELECT 3 UNION ALL
SELECT 4 UNION ALL
SELECT 5
) users;","1. 进入「资产-数据质量-规则集管理-基础信息」页面
2. 「选择数据源」选择「${DATASOURCE}」
「选择数据库」选择「${DATABASE}」
「选择数据表」选择「${TABLE}」
「规则包名称」填写「完整性可合并规则」
3. 点击「新增规则包」-「完整性可合并规则」，点击【添加规则-完整性校验】
4. 「监控规则1」配置如下：
「生效范围」：「字段级」
「字段」：「id，age」
「字段间规则逻辑」：「and」
「统计函数」：「空值数」
「过滤条件」：「手动配置：id<=100」
「校验方法」：「固定值」
「期望值」：「=1」
「强弱规则」选择「弱规则」
「规则描述」输入「测试规则」
5. 「监控规则2」配置如下：
「生效范围」：「字段级」
「字段」：「id，age」
「字段间规则逻辑」：「or」
「统计函数」：「空值率」
「过滤条件」：「手动配置：id<=100」
「校验方法」：「固定值」
「期望值」：「=10」
「强弱规则」选择「弱规则」
「规则描述」输入「测试规则」
6. 「监控规则3」配置如下：
「生效范围」：「字段级」
「字段」：「name，address」
「字段间规则逻辑」：「or」
「统计函数」：「空串数」
「过滤条件」：「手动配置：id<=100」
「校验方法」：「固定值」
「期望值」：「>=100」
「强弱规则」选择「弱规则」
「规则描述」输入「测试规则」
7. 「监控规则4」配置如下：
「生效范围」：「字段级」
「字段」：「name，address」
「字段间规则逻辑」：「and」
「统计函数」：「空串率」
「过滤条件」：「手动配置：id<=100」
「校验方法」：「固定值」
「期望值」：「!=0」
「强弱规则」选择「弱规则」
「规则描述」输入「测试规则」
8. 「监控规则5」配置如下：
「生效范围」：「单表」
「统计函数」：「表行数」
「过滤条件」：「手动配置：id<=100」
「校验方法」：「固定值」
「期望值」：「=0」
「强弱规则」选择「弱规则」
「规则描述」输入「测试规则」
9. 点击【保存】按钮
10. 进入「规则任务管理-监控对象」页面
11. 「规则名称」输入「test_rule」
「选择数据源」选择「${DATASOURCE}」
「选择数据库」选择「${DATABASE}」
「选择数据表」选择「${TABLE}」
不开启「抽样检查设置」
12. 引入规则包「完整性可合并规则」，点击「下一步」按钮
13. 配置「调度属性」，保存规则，且「调度属性」中配置「规则报告」为最新结果
14. 点开规则详情，查看规则sql
15. 临时运行规则，查看实例详情","1. 页面正常打开
2. 抽样关闭：sql有rand()函数和 tableName_temp_sample_table_xxx 临时抽样表
3. 选择成功，页面显示「完整性校验」规则配置区域
4. 监控规则1配置完成
5. 监控规则2配置完成
6. 监控规则3配置完成
7. 监控规则4配置完成
8. 监控规则5配置完成
9. 规则保存成功
10. 页面正常打开
11. 监控对象配置成功；
进入「监控规则」配置页
12. 引入正确，规则内容置灰，进入「调度属性」
13. 规则保存成功
14. 1、sql进行合并：
1）源表只扫描一次：FROM 后面的源表只出现 1 次；
​2）所有可合并规则写在同一个select里面：用多个 SUM (CASE WHEN) 把规则并行计算；
3）计算后再把结果拆成多行，每行代表单个规则进行输出，最终把结果插入同一张脏数据表
15. 5个子规则全部不通过，且实例详情展示正确","1. 
2. 
3. 
4. 
5. 
6. 
7. 
8. 
9. 
10. 
11. 
12. 
13. 
14. 
15.","","3","功能测试","功能测试阶段","正常","0","0","15","","听筠","2026-05-26","","0000-00-00","1","",""
"185977","数据资产_STD(#23)","/版本迭代测试用例/v6.4.11/【岚图】【数据资产】数据质量任务性能优化，规则sql合并/doris3.x(#10584)","【岚图】【数据资产】数据质量任务、落标检查任务性能优化，规则sql合并(#15862)","可合并 单独完整性（字段级：空值数、空值率、空串数、空串率；单表：表行数） 验证「完整性校验」-「多字段」-「抽样关闭」校验全通过功能","已有表test_info_1
CREATE TABLE test_info_1 (
id INT COMMENT &#039;用户ID&#039;,
age INT COMMENT &#039;年龄&#039;,
string_num STRING COMMENT &#039;string类型的编号&#039;,
name STRING COMMENT &#039;姓名&#039;,
address STRING COMMENT &#039;地址&#039;,
money STRING COMMENT &#039;金额&#039;,
buy_date DATE COMMENT &#039;购买日期&#039;,
date_detail STRING COMMENT &#039;日期详情&#039;,
dt DATE COMMENT &#039;分区日期，格式：yyyy-MM-dd&#039;
)
COMMENT &#039;测试信息表&#039;
PARTITION BY RANGE(dt) ()
DISTRIBUTED BY HASH(id) BUCKETS 10
PROPERTIES (
“replication_num“ = “1“,
“compression“ = “LZ4“
);

-- 手动添加分区
ALTER TABLE test_info_1 ADD PARTITION p20260519 VALUES [(&#039;2026-05-19&#039;), (&#039;2026-05-20&#039;));

-- 插入数据
INSERT INTO test_info_1
SELECT
1 + user_idx AS id,
CASE user_idx
WHEN 0 THEN 25 WHEN 1 THEN 30 WHEN 2 THEN 28
WHEN 3 THEN 35 WHEN 4 THEN 22 ELSE 29
END AS age,
CASE user_idx
WHEN 0 THEN &#039;001&#039; WHEN 1 THEN &#039;002&#039; WHEN 2 THEN &#039;003&#039;
WHEN 3 THEN &#039;004&#039; WHEN 4 THEN &#039;005&#039; ELSE &#039;006&#039;
END AS string_num,
CASE user_idx
WHEN 0 THEN &#039;张三&#039; WHEN 1 THEN &#039;李四&#039; WHEN 2 THEN &#039;王五&#039;
WHEN 3 THEN &#039;赵六&#039; WHEN 4 THEN &#039;小明&#039; ELSE &#039;小红&#039;
END AS name,
CASE user_idx
WHEN 0 THEN &#039;北京市朝阳区&#039; WHEN 1 THEN &#039;上海市浦东新区&#039; WHEN 2 THEN &#039;广州市天河区&#039;
WHEN 3 THEN &#039;深圳市南山区&#039; WHEN 4 THEN &#039;杭州市西湖区&#039; ELSE &#039;成都市武侯区&#039;
END AS address,
CASE user_idx
WHEN 0 THEN &#039;5000.00&#039; WHEN 1 THEN &#039;6800.50&#039; WHEN 2 THEN &#039;4200.00&#039;
WHEN 3 THEN &#039;9500.00&#039; WHEN 4 THEN &#039;3100.00&#039; ELSE &#039;5600.00&#039;
END AS money,
DATE_ADD(CURRENT_DATE(), INTERVAL -30 + user_idx DAY) AS buy_date,
CASE user_idx
WHEN 0 THEN &#039;订单已完成&#039; WHEN 1 THEN &#039;待发货&#039; WHEN 2 THEN &#039;已取消&#039;
WHEN 3 THEN &#039;配送中&#039; WHEN 4 THEN &#039;已完成&#039; ELSE &#039;退款中&#039;
END AS date_detail,
DATE(&#039;2026-05-19&#039;) AS dt
FROM (
SELECT 0 AS user_idx UNION ALL
SELECT 1 UNION ALL
SELECT 2 UNION ALL
SELECT 3 UNION ALL
SELECT 4 UNION ALL
SELECT 5
) users;","1. 进入「资产-数据质量-规则集管理-基础信息」页面
2. 「选择数据源」选择「${DATASOURCE}」
「选择数据库」选择「${DATABASE}」
「选择数据表」选择「${TABLE}」
「规则包名称」填写「完整性可合并规则」
3. 点击「新增规则包」-「完整性可合并规则」，点击【添加规则-完整性校验】
4. 「监控规则1」配置如下：
「生效范围」：「字段级」
「字段」：「id，age」
「字段间规则逻辑」：「and」
「统计函数」：「空值数」
「过滤条件」：「手动配置：id<=100」
「校验方法」：「固定值」
「期望值」：「!=1」
「强弱规则」选择「弱规则」
「规则描述」输入「测试规则」
5. 「监控规则2」配置如下：
「生效范围」：「字段级」
「字段」：「id，age」
「字段间规则逻辑」：「or」
「统计函数」：「空值率」
「过滤条件」：「手动配置：id<=100」
「校验方法」：「固定值」
「期望值」：「=0」
「强弱规则」选择「弱规则」
「规则描述」输入「测试规则」
6. 「监控规则3」配置如下：
「生效范围」：「字段级」
「字段」：「name，address」
「字段间规则逻辑」：「or」
「统计函数」：「空串数」
「过滤条件」：「手动配置：id<=100」
「校验方法」：「固定值」
「期望值」：「<=0」
「强弱规则」选择「弱规则」
「规则描述」输入「测试规则」
7. 「监控规则4」配置如下：
「生效范围」：「字段级」
「字段」：「name，address」
「字段间规则逻辑」：「and」
「统计函数」：「空串率」
「过滤条件」：「手动配置：id<=100」
「校验方法」：「固定值」
「期望值」：「=0」
「强弱规则」选择「弱规则」
「规则描述」输入「测试规则」
8. 「监控规则5」配置如下：
「生效范围」：「单表」
「统计函数」：「表行数」
「过滤条件」：「手动配置：id<=100」
「校验方法」：「固定值」
「期望值」：「>0」
「强弱规则」选择「弱规则」
「规则描述」输入「测试规则」
9. 点击【保存】按钮
10. 进入「规则任务管理-监控对象」页面
11. 「规则名称」输入「test_rule」
「选择数据源」选择「${DATASOURCE}」
「选择数据库」选择「${DATABASE}」
「选择数据表」选择「${TABLE}」
不开启「抽样检查设置」
12. 引入规则包「完整性可合并规则」，点击「下一步」按钮
13. 配置「调度属性」，保存规则，且「调度属性」中配置「规则报告」为最新结果
14. 点开规则详情，查看规则sql
15. 临时运行规则，查看实例详情","1. 页面正常打开
2. 抽样关闭：sql有rand()函数和 tableName_temp_sample_table_xxx 临时抽样表
3. 选择成功，页面显示「完整性校验」规则配置区域
4. 监控规则1配置完成
5. 监控规则2配置完成
6. 监控规则3配置完成
7. 监控规则4配置完成
8. 监控规则5配置完成
9. 规则保存成功
10. 页面正常打开
11. 监控对象配置成功；
进入「监控规则」配置页
12. 引入正确，规则内容置灰，进入「调度属性」
13. 规则保存成功
14. 1、sql进行合并：
1）源表只扫描一次：FROM 后面的源表只出现 1 次；
​2）所有可合并规则写在同一个select里面：用多个 SUM (CASE WHEN) 把规则并行计算；
3）计算后再把结果拆成多行，每行代表单个规则进行输出，最终把结果插入同一张脏数据表
15. 5个子规则全部通过，且实例详情展示正确","1. 
2. 
3. 
4. 
5. 
6. 
7. 
8. 
9. 
10. 
11. 
12. 
13. 
14. 
15.","","3","功能测试","功能测试阶段","正常","0","0","15","","听筠","2026-05-26","","0000-00-00","1","",""
"185976","数据资产_STD(#23)","/版本迭代测试用例/v6.4.11/【岚图】【数据资产】数据质量任务性能优化，规则sql合并/doris3.x(#10584)","【岚图】【数据资产】数据质量任务、落标检查任务性能优化，规则sql合并(#15862)","可合并 单独完整性（字段级：空值数、空值率、空串数、空串率；单表：表行数） 验证「完整性校验」-「单字段」-「抽样开启」校验全不通过功能","已有表test_info_1
CREATE TABLE test_info_1 (
id INT COMMENT &#039;用户ID&#039;,
age INT COMMENT &#039;年龄&#039;,
string_num STRING COMMENT &#039;string类型的编号&#039;,
name STRING COMMENT &#039;姓名&#039;,
address STRING COMMENT &#039;地址&#039;,
money STRING COMMENT &#039;金额&#039;,
buy_date DATE COMMENT &#039;购买日期&#039;,
date_detail STRING COMMENT &#039;日期详情&#039;,
dt DATE COMMENT &#039;分区日期，格式：yyyy-MM-dd&#039;
)
COMMENT &#039;测试信息表&#039;
PARTITION BY RANGE(dt) ()
DISTRIBUTED BY HASH(id) BUCKETS 10
PROPERTIES (
“replication_num“ = “1“,
“compression“ = “LZ4“
);

-- 手动添加分区
ALTER TABLE test_info_1 ADD PARTITION p20260519 VALUES [(&#039;2026-05-19&#039;), (&#039;2026-05-20&#039;));

-- 插入数据
INSERT INTO test_info_1
SELECT
1 + user_idx AS id,
CASE user_idx
WHEN 0 THEN 25 WHEN 1 THEN 30 WHEN 2 THEN 28
WHEN 3 THEN 35 WHEN 4 THEN 22 ELSE 29
END AS age,
CASE user_idx
WHEN 0 THEN &#039;001&#039; WHEN 1 THEN &#039;002&#039; WHEN 2 THEN &#039;003&#039;
WHEN 3 THEN &#039;004&#039; WHEN 4 THEN &#039;005&#039; ELSE &#039;006&#039;
END AS string_num,
CASE user_idx
WHEN 0 THEN &#039;张三&#039; WHEN 1 THEN &#039;李四&#039; WHEN 2 THEN &#039;王五&#039;
WHEN 3 THEN &#039;赵六&#039; WHEN 4 THEN &#039;小明&#039; ELSE &#039;小红&#039;
END AS name,
CASE user_idx
WHEN 0 THEN &#039;北京市朝阳区&#039; WHEN 1 THEN &#039;上海市浦东新区&#039; WHEN 2 THEN &#039;广州市天河区&#039;
WHEN 3 THEN &#039;深圳市南山区&#039; WHEN 4 THEN &#039;杭州市西湖区&#039; ELSE &#039;成都市武侯区&#039;
END AS address,
CASE user_idx
WHEN 0 THEN &#039;5000.00&#039; WHEN 1 THEN &#039;6800.50&#039; WHEN 2 THEN &#039;4200.00&#039;
WHEN 3 THEN &#039;9500.00&#039; WHEN 4 THEN &#039;3100.00&#039; ELSE &#039;5600.00&#039;
END AS money,
DATE_ADD(CURRENT_DATE(), INTERVAL -30 + user_idx DAY) AS buy_date,
CASE user_idx
WHEN 0 THEN &#039;订单已完成&#039; WHEN 1 THEN &#039;待发货&#039; WHEN 2 THEN &#039;已取消&#039;
WHEN 3 THEN &#039;配送中&#039; WHEN 4 THEN &#039;已完成&#039; ELSE &#039;退款中&#039;
END AS date_detail,
DATE(&#039;2026-05-19&#039;) AS dt
FROM (
SELECT 0 AS user_idx UNION ALL
SELECT 1 UNION ALL
SELECT 2 UNION ALL
SELECT 3 UNION ALL
SELECT 4 UNION ALL
SELECT 5
) users;","1. 进入「资产-数据质量-规则集管理-基础信息」页面
2. 「选择数据源」选择「${DATASOURCE}」
「选择数据库」选择「${DATABASE}」
「选择数据表」选择「${TABLE}」
「规则包名称」填写「完整性可合并规则」
3. 点击「新增规则包」-「完整性可合并规则」，点击【添加规则-完整性校验】
4. 「监控规则1」配置如下：
「生效范围」：「字段级」
「字段」：「id」
「统计函数」：「空值数」
「过滤条件」：「手动配置：id<=100」
「校验方法」：「固定值」
「期望值」：「=10」
「强弱规则」选择「弱规则」
「规则描述」输入「测试规则」
5. 「监控规则2」配置如下：
「生效范围」：「字段级」
「字段」：「id」
「统计函数」：「空值率」
「过滤条件」：「手动配置：id<=100」
「校验方法」：「固定值」
「期望值」：「!=0」
「强弱规则」选择「弱规则」
「规则描述」输入「测试规则」
6. 「监控规则3」配置如下：
「生效范围」：「字段级」
「字段」：「name」
「统计函数」：「空串数」
「过滤条件」：「手动配置：id<=100」
「校验方法」：「固定值」
「期望值」：「>0」
「强弱规则」选择「弱规则」
「规则描述」输入「测试规则」
7. 「监控规则4」配置如下：
「生效范围」：「字段级」
「字段」：「name」
「统计函数」：「空串率」
「过滤条件」：「手动配置：id<=100」
「校验方法」：「固定值」
「期望值」：「=1」
「强弱规则」选择「弱规则」
「规则描述」输入「测试规则」
8. 「监控规则5」配置如下：
「生效范围」：「单表」
「统计函数」：「表行数」
「过滤条件」：「手动配置：id<=100」
「校验方法」：「固定值」
「期望值」：「=0」
「强弱规则」选择「弱规则」
「规则描述」输入「测试规则」
9. 点击【保存】按钮
10. 进入「规则任务管理-监控对象」页面
11. 「规则名称」输入「test_rule」
「选择数据源」选择「${DATASOURCE}」
「选择数据库」选择「${DATABASE}」
「选择数据表」选择「${TABLE}」
「抽样检查设置」：「抽样设置：百分比抽样50%」
12. 引入规则包「完整性可合并规则」，点击「下一步」按钮
13. 配置「调度属性」，保存规则，且「调度属性」中配置「规则报告」为最新结果
14. 点开规则详情，查看规则sql
15. 临时运行规则，查看实例详情","1. 页面正常打开
2. 抽样开启：sql有rand()函数和 tableName_temp_sample_table_xxx 临时抽样表
3. 选择成功，页面显示「完整性校验」规则配置区域
4. 监控规则1配置完成
5. 监控规则2配置完成
6. 监控规则3配置完成
7. 监控规则4配置完成
8. 监控规则5配置完成
9. 规则保存成功
10. 页面正常打开
11. 监控对象配置成功；
进入「监控规则」配置页
12. 引入正确，规则内容置灰，进入「调度属性」
13. 规则保存成功
14. 1、sql进行合并：
1）源表只扫描一次：FROM 后面的源表只出现 1 次；
​2）所有可合并规则写在同一个select里面：用多个 SUM (CASE WHEN) 把规则并行计算；
3）计算后再把结果拆成多行，每行代表单个规则进行输出，最终把结果插入同一张脏数据表
15. 5个子规则全部不通过，且实例详情展示正确","1. 
2. 
3. 
4. 
5. 
6. 
7. 
8. 
9. 
10. 
11. 
12. 
13. 
14. 
15.","","2","功能测试","功能测试阶段","正常","0","0","15","","听筠","2026-05-26","","0000-00-00","1","",""
"185975","数据资产_STD(#23)","/版本迭代测试用例/v6.4.11/【岚图】【数据资产】数据质量任务性能优化，规则sql合并/doris3.x(#10584)","【岚图】【数据资产】数据质量任务、落标检查任务性能优化，规则sql合并(#15862)","可合并 单独完整性（字段级：空值数、空值率、空串数、空串率；单表：表行数） 验证「完整性校验」-「单字段」-「抽样开启」校验全通过功能","已有表test_info_1
CREATE TABLE test_info_1 (
id INT COMMENT &#039;用户ID&#039;,
age INT COMMENT &#039;年龄&#039;,
string_num STRING COMMENT &#039;string类型的编号&#039;,
name STRING COMMENT &#039;姓名&#039;,
address STRING COMMENT &#039;地址&#039;,
money STRING COMMENT &#039;金额&#039;,
buy_date DATE COMMENT &#039;购买日期&#039;,
date_detail STRING COMMENT &#039;日期详情&#039;,
dt DATE COMMENT &#039;分区日期，格式：yyyy-MM-dd&#039;
)
COMMENT &#039;测试信息表&#039;
PARTITION BY RANGE(dt) ()
DISTRIBUTED BY HASH(id) BUCKETS 10
PROPERTIES (
“replication_num“ = “1“,
“compression“ = “LZ4“
);

-- 手动添加分区
ALTER TABLE test_info_1 ADD PARTITION p20260519 VALUES [(&#039;2026-05-19&#039;), (&#039;2026-05-20&#039;));

-- 插入数据
INSERT INTO test_info_1
SELECT
1 + user_idx AS id,
CASE user_idx
WHEN 0 THEN 25 WHEN 1 THEN 30 WHEN 2 THEN 28
WHEN 3 THEN 35 WHEN 4 THEN 22 ELSE 29
END AS age,
CASE user_idx
WHEN 0 THEN &#039;001&#039; WHEN 1 THEN &#039;002&#039; WHEN 2 THEN &#039;003&#039;
WHEN 3 THEN &#039;004&#039; WHEN 4 THEN &#039;005&#039; ELSE &#039;006&#039;
END AS string_num,
CASE user_idx
WHEN 0 THEN &#039;张三&#039; WHEN 1 THEN &#039;李四&#039; WHEN 2 THEN &#039;王五&#039;
WHEN 3 THEN &#039;赵六&#039; WHEN 4 THEN &#039;小明&#039; ELSE &#039;小红&#039;
END AS name,
CASE user_idx
WHEN 0 THEN &#039;北京市朝阳区&#039; WHEN 1 THEN &#039;上海市浦东新区&#039; WHEN 2 THEN &#039;广州市天河区&#039;
WHEN 3 THEN &#039;深圳市南山区&#039; WHEN 4 THEN &#039;杭州市西湖区&#039; ELSE &#039;成都市武侯区&#039;
END AS address,
CASE user_idx
WHEN 0 THEN &#039;5000.00&#039; WHEN 1 THEN &#039;6800.50&#039; WHEN 2 THEN &#039;4200.00&#039;
WHEN 3 THEN &#039;9500.00&#039; WHEN 4 THEN &#039;3100.00&#039; ELSE &#039;5600.00&#039;
END AS money,
DATE_ADD(CURRENT_DATE(), INTERVAL -30 + user_idx DAY) AS buy_date,
CASE user_idx
WHEN 0 THEN &#039;订单已完成&#039; WHEN 1 THEN &#039;待发货&#039; WHEN 2 THEN &#039;已取消&#039;
WHEN 3 THEN &#039;配送中&#039; WHEN 4 THEN &#039;已完成&#039; ELSE &#039;退款中&#039;
END AS date_detail,
DATE(&#039;2026-05-19&#039;) AS dt
FROM (
SELECT 0 AS user_idx UNION ALL
SELECT 1 UNION ALL
SELECT 2 UNION ALL
SELECT 3 UNION ALL
SELECT 4 UNION ALL
SELECT 5
) users;","1. 进入「资产-数据质量-规则集管理-基础信息」页面
2. 「选择数据源」选择「${DATASOURCE}」
「选择数据库」选择「${DATABASE}」
「选择数据表」选择「${TABLE}」
「规则包名称」填写「完整性可合并规则」
3. 点击「新增规则包」-「完整性可合并规则」，点击【添加规则-完整性校验】
4. 「监控规则1」配置如下：
「生效范围」：「字段级」
「字段」：「id」
「统计函数」：「空值数」
「过滤条件」：「手动配置：id<=100」
「校验方法」：「固定值」
「期望值」：「>=0」
「强弱规则」选择「弱规则」
「规则描述」输入「测试规则」
5. 「监控规则2」配置如下：
「生效范围」：「字段级」
「字段」：「id」
「统计函数」：「空值率」
「过滤条件」：「手动配置：id<=100」
「校验方法」：「固定值」
「期望值」：「=0」
「强弱规则」选择「弱规则」
「规则描述」输入「测试规则」
6. 「监控规则3」配置如下：
「生效范围」：「字段级」
「字段」：「name」
「统计函数」：「空串数」
「过滤条件」：「手动配置：id<=100」
「校验方法」：「固定值」
「期望值」：「!=1」
「强弱规则」选择「弱规则」
「规则描述」输入「测试规则」
7. 「监控规则4」配置如下：
「生效范围」：「字段级」
「字段」：「name」
「统计函数」：「空串率」
「过滤条件」：「手动配置：id<=100」
「校验方法」：「固定值」
「期望值」：「=0」
「强弱规则」选择「弱规则」
「规则描述」输入「测试规则」
8. 「监控规则5」配置如下：
「生效范围」：「单表」
「统计函数」：「表行数」
「过滤条件」：「手动配置：id<=100」
「校验方法」：「固定值」
「期望值」：「>0」
「强弱规则」选择「弱规则」
「规则描述」输入「测试规则」
9. 点击【保存】按钮
10. 进入「规则任务管理-监控对象」页面
11. 「规则名称」输入「test_rule」
「选择数据源」选择「${DATASOURCE}」
「选择数据库」选择「${DATABASE}」
「选择数据表」选择「${TABLE}」
「抽样检查设置」：「抽样设置：百分比抽样50%」
12. 引入规则包「完整性可合并规则」，点击「下一步」按钮
13. 配置「调度属性」，保存规则，且「调度属性」中配置「规则报告」为最新结果
14. 点开规则详情，查看规则sql
15. 临时运行规则，查看实例详情","1. 页面正常打开
2. 抽样开启：sql有rand()函数和 tableName_temp_sample_table_xxx 临时抽样表
3. 选择成功，页面显示「完整性校验」规则配置区域
4. 监控规则1配置完成
5. 监控规则2配置完成
6. 监控规则3配置完成
7. 监控规则4配置完成
8. 监控规则5配置完成
9. 规则保存成功
10. 页面正常打开
11. 监控对象配置成功；
进入「监控规则」配置页
12. 引入正确，规则内容置灰，进入「调度属性」
13. 规则保存成功
14. 1、sql进行合并：
1）源表只扫描一次：FROM 后面的源表只出现 1 次；
​2）所有可合并规则写在同一个select里面：用多个 SUM (CASE WHEN) 把规则并行计算；
3）计算后再把结果拆成多行，每行代表单个规则进行输出，最终把结果插入同一张脏数据表
15. 5个子规则全部通过，且实例详情展示正确","1. 
2. 
3. 
4. 
5. 
6. 
7. 
8. 
9. 
10. 
11. 
12. 
13. 
14. 
15.","","2","功能测试","功能测试阶段","正常","0","0","15","","听筠","2026-05-26","","0000-00-00","1","",""
"185974","数据资产_STD(#23)","/版本迭代测试用例/v6.4.11/【岚图】【数据资产】数据质量任务性能优化，规则sql合并/doris3.x(#10584)","【岚图】【数据资产】数据质量任务、落标检查任务性能优化，规则sql合并(#15862)","可合并 单独完整性（字段级：空值数、空值率、空串数、空串率；单表：表行数） 验证「完整性校验」-「单字段」-「抽样关闭」校验全不通过功能","已有表test_info_1
CREATE TABLE test_info_1 (
id INT COMMENT &#039;用户ID&#039;,
age INT COMMENT &#039;年龄&#039;,
string_num STRING COMMENT &#039;string类型的编号&#039;,
name STRING COMMENT &#039;姓名&#039;,
address STRING COMMENT &#039;地址&#039;,
money STRING COMMENT &#039;金额&#039;,
buy_date DATE COMMENT &#039;购买日期&#039;,
date_detail STRING COMMENT &#039;日期详情&#039;,
dt DATE COMMENT &#039;分区日期，格式：yyyy-MM-dd&#039;
)
COMMENT &#039;测试信息表&#039;
PARTITION BY RANGE(dt) ()
DISTRIBUTED BY HASH(id) BUCKETS 10
PROPERTIES (
“replication_num“ = “1“,
“compression“ = “LZ4“
);

-- 手动添加分区
ALTER TABLE test_info_1 ADD PARTITION p20260519 VALUES [(&#039;2026-05-19&#039;), (&#039;2026-05-20&#039;));

-- 插入数据
INSERT INTO test_info_1
SELECT
1 + user_idx AS id,
CASE user_idx
WHEN 0 THEN 25 WHEN 1 THEN 30 WHEN 2 THEN 28
WHEN 3 THEN 35 WHEN 4 THEN 22 ELSE 29
END AS age,
CASE user_idx
WHEN 0 THEN &#039;001&#039; WHEN 1 THEN &#039;002&#039; WHEN 2 THEN &#039;003&#039;
WHEN 3 THEN &#039;004&#039; WHEN 4 THEN &#039;005&#039; ELSE &#039;006&#039;
END AS string_num,
CASE user_idx
WHEN 0 THEN &#039;张三&#039; WHEN 1 THEN &#039;李四&#039; WHEN 2 THEN &#039;王五&#039;
WHEN 3 THEN &#039;赵六&#039; WHEN 4 THEN &#039;小明&#039; ELSE &#039;小红&#039;
END AS name,
CASE user_idx
WHEN 0 THEN &#039;北京市朝阳区&#039; WHEN 1 THEN &#039;上海市浦东新区&#039; WHEN 2 THEN &#039;广州市天河区&#039;
WHEN 3 THEN &#039;深圳市南山区&#039; WHEN 4 THEN &#039;杭州市西湖区&#039; ELSE &#039;成都市武侯区&#039;
END AS address,
CASE user_idx
WHEN 0 THEN &#039;5000.00&#039; WHEN 1 THEN &#039;6800.50&#039; WHEN 2 THEN &#039;4200.00&#039;
WHEN 3 THEN &#039;9500.00&#039; WHEN 4 THEN &#039;3100.00&#039; ELSE &#039;5600.00&#039;
END AS money,
DATE_ADD(CURRENT_DATE(), INTERVAL -30 + user_idx DAY) AS buy_date,
CASE user_idx
WHEN 0 THEN &#039;订单已完成&#039; WHEN 1 THEN &#039;待发货&#039; WHEN 2 THEN &#039;已取消&#039;
WHEN 3 THEN &#039;配送中&#039; WHEN 4 THEN &#039;已完成&#039; ELSE &#039;退款中&#039;
END AS date_detail,
DATE(&#039;2026-05-19&#039;) AS dt
FROM (
SELECT 0 AS user_idx UNION ALL
SELECT 1 UNION ALL
SELECT 2 UNION ALL
SELECT 3 UNION ALL
SELECT 4 UNION ALL
SELECT 5
) users;","1. 进入「资产-数据质量-规则集管理-基础信息」页面
2. 「选择数据源」选择「${DATASOURCE}」
「选择数据库」选择「${DATABASE}」
「选择数据表」选择「${TABLE}」
「规则包名称」填写「完整性可合并规则」
3. 点击「新增规则包」-「完整性可合并规则」，点击【添加规则-完整性校验】
4. 「监控规则1」配置如下：
「生效范围」：「字段级」
「字段」：「id」
「统计函数」：「空值数」
「过滤条件」：「手动配置：id<=100」
「校验方法」：「固定值」
「期望值」：「!=0」
「强弱规则」选择「弱规则」
「规则描述」输入「测试规则」
5. 「监控规则2」配置如下：
「生效范围」：「字段级」
「字段」：「id」
「统计函数」：「空值率」
「过滤条件」：「手动配置：id<=100」
「校验方法」：「固定值」
「期望值」：「>0」
「强弱规则」选择「弱规则」
「规则描述」输入「测试规则」
6. 「监控规则3」配置如下：
「生效范围」：「字段级」
「字段」：「name」
「统计函数」：「空串数」
「过滤条件」：「手动配置：id<=100」
「校验方法」：「固定值」
「期望值」：「>1」
「强弱规则」选择「弱规则」
「规则描述」输入「测试规则」
7. 「监控规则4」配置如下：
「生效范围」：「字段级」
「字段」：「name」
「统计函数」：「空串率」
「过滤条件」：「手动配置：id<=100」
「校验方法」：「固定值」
「期望值」：「=1」
「强弱规则」选择「弱规则」
「规则描述」输入「测试规则」
8. 「监控规则5」配置如下：
「生效范围」：「单表」
「统计函数」：「表行数」
「过滤条件」：「手动配置：id<=100」
「校验方法」：「固定值」
「期望值」：「=0」
「强弱规则」选择「弱规则」
「规则描述」输入「测试规则」
9. 点击【保存】按钮
10. 进入「规则任务管理-监控对象」页面
11. 「规则名称」输入「test_rule」
「选择数据源」选择「${DATASOURCE}」
「选择数据库」选择「${DATABASE}」
「选择数据表」选择「${TABLE}」
不开启「抽样检查设置」
12. 引入规则包「完整性可合并规则」，点击「下一步」按钮
13. 配置「调度属性」，保存规则，且「调度属性」中配置「规则报告」为最新结果
14. 点开规则详情，查看规则sql
15. 临时运行规则，查看实例详情","1. 页面正常打开
2. 抽样关闭：sql没有rand()函数和 tableName_temp_sample_table_xxx 临时抽样表
3. 选择成功，页面显示「完整性校验」规则配置区域
4. 监控规则1配置完成
5. 监控规则2配置完成
6. 监控规则3配置完成
7. 监控规则4配置完成
8. 监控规则5配置完成
9. 规则保存成功
10. 页面正常打开
11. 监控对象配置成功；
进入「监控规则」配置页
12. 引入正确，规则内容置灰，进入「调度属性」
13. 规则保存成功
14. 1、sql进行合并：
1）源表只扫描一次：FROM 后面的源表只出现 1 次；
​2）所有可合并规则写在同一个select里面：用多个 SUM (CASE WHEN) 把规则并行计算；
3）计算后再把结果拆成多行，每行代表单个规则进行输出，最终把结果插入同一张脏数据表
15. 5个子规则全部不通过，且实例详情展示正确","1. 
2. 
3. 
4. 
5. 
6. 
7. 
8. 
9. 
10. 
11. 
12. 
13. 
14. 
15.","","3","功能测试","功能测试阶段","正常","0","0","15","","听筠","2026-05-26","","0000-00-00","1","",""
"185973","数据资产_STD(#23)","/版本迭代测试用例/v6.4.11/【岚图】【数据资产】数据质量任务性能优化，规则sql合并/doris3.x(#10584)","【岚图】【数据资产】数据质量任务、落标检查任务性能优化，规则sql合并(#15862)","可合并 单独完整性（字段级：空值数、空值率、空串数、空串率；单表：表行数） 验证「完整性校验」-「单字段」-「抽样关闭」校验全通过功能","已有表test_info_1
CREATE TABLE test_info_1 (
id INT COMMENT &#039;用户ID&#039;,
age INT COMMENT &#039;年龄&#039;,
string_num STRING COMMENT &#039;string类型的编号&#039;,
name STRING COMMENT &#039;姓名&#039;,
address STRING COMMENT &#039;地址&#039;,
money STRING COMMENT &#039;金额&#039;,
buy_date DATE COMMENT &#039;购买日期&#039;,
date_detail STRING COMMENT &#039;日期详情&#039;,
dt DATE COMMENT &#039;分区日期，格式：yyyy-MM-dd&#039;
)
COMMENT &#039;测试信息表&#039;
PARTITION BY RANGE(dt) ()
DISTRIBUTED BY HASH(id) BUCKETS 10
PROPERTIES (
“replication_num“ = “1“,
“compression“ = “LZ4“
);

-- 手动添加分区
ALTER TABLE test_info_1 ADD PARTITION p20260519 VALUES [(&#039;2026-05-19&#039;), (&#039;2026-05-20&#039;));

-- 插入数据
INSERT INTO test_info_1
SELECT
1 + user_idx AS id,
CASE user_idx
WHEN 0 THEN 25 WHEN 1 THEN 30 WHEN 2 THEN 28
WHEN 3 THEN 35 WHEN 4 THEN 22 ELSE 29
END AS age,
CASE user_idx
WHEN 0 THEN &#039;001&#039; WHEN 1 THEN &#039;002&#039; WHEN 2 THEN &#039;003&#039;
WHEN 3 THEN &#039;004&#039; WHEN 4 THEN &#039;005&#039; ELSE &#039;006&#039;
END AS string_num,
CASE user_idx
WHEN 0 THEN &#039;张三&#039; WHEN 1 THEN &#039;李四&#039; WHEN 2 THEN &#039;王五&#039;
WHEN 3 THEN &#039;赵六&#039; WHEN 4 THEN &#039;小明&#039; ELSE &#039;小红&#039;
END AS name,
CASE user_idx
WHEN 0 THEN &#039;北京市朝阳区&#039; WHEN 1 THEN &#039;上海市浦东新区&#039; WHEN 2 THEN &#039;广州市天河区&#039;
WHEN 3 THEN &#039;深圳市南山区&#039; WHEN 4 THEN &#039;杭州市西湖区&#039; ELSE &#039;成都市武侯区&#039;
END AS address,
CASE user_idx
WHEN 0 THEN &#039;5000.00&#039; WHEN 1 THEN &#039;6800.50&#039; WHEN 2 THEN &#039;4200.00&#039;
WHEN 3 THEN &#039;9500.00&#039; WHEN 4 THEN &#039;3100.00&#039; ELSE &#039;5600.00&#039;
END AS money,
DATE_ADD(CURRENT_DATE(), INTERVAL -30 + user_idx DAY) AS buy_date,
CASE user_idx
WHEN 0 THEN &#039;订单已完成&#039; WHEN 1 THEN &#039;待发货&#039; WHEN 2 THEN &#039;已取消&#039;
WHEN 3 THEN &#039;配送中&#039; WHEN 4 THEN &#039;已完成&#039; ELSE &#039;退款中&#039;
END AS date_detail,
DATE(&#039;2026-05-19&#039;) AS dt
FROM (
SELECT 0 AS user_idx UNION ALL
SELECT 1 UNION ALL
SELECT 2 UNION ALL
SELECT 3 UNION ALL
SELECT 4 UNION ALL
SELECT 5
) users;","1. 进入「资产-数据质量-规则集管理-基础信息」页面
2. 「选择数据源」选择「${DATASOURCE}」
「选择数据库」选择「${DATABASE}」
「选择数据表」选择「${TABLE}」
「规则包名称」填写「完整性可合并规则」
3. 点击「新增规则包」-「完整性可合并规则」，点击【添加规则-完整性校验】
4. 「监控规则1」配置如下：
「生效范围」：「字段级」
「字段」：「id」
「统计函数」：「空值数」
「过滤条件」：「手动配置：id<=100」
「校验方法」：「固定值」
「期望值」：「=0」
「强弱规则」选择「弱规则」
「规则描述」输入「测试规则」
5. 「监控规则2」配置如下：
「生效范围」：「字段级」
「字段」：「id」
「统计函数」：「空值率」
「过滤条件」：「手动配置：id<=100」
「校验方法」：「固定值」
「期望值」：「=0」
「强弱规则」选择「弱规则」
「规则描述」输入「测试规则」
6. 「监控规则3」配置如下：
「生效范围」：「字段级」
「字段」：「name」
「统计函数」：「空串数」
「过滤条件」：「手动配置：id<=100」
「校验方法」：「固定值」
「期望值」：「=0」
「强弱规则」选择「弱规则」
「规则描述」输入「测试规则」
7. 「监控规则4」配置如下：
「生效范围」：「字段级」
「字段」：「name」
「统计函数」：「空串率」
「过滤条件」：「手动配置：id<=100」
「校验方法」：「固定值」
「期望值」：「=0」
「强弱规则」选择「弱规则」
「规则描述」输入「测试规则」
8. 「监控规则5」配置如下：
「生效范围」：「单表」
「统计函数」：「表行数」
「过滤条件」：「手动配置：id<=100」
「校验方法」：「固定值」
「期望值」：「>0」
「强弱规则」选择「弱规则」
「规则描述」输入「测试规则」
9. 点击【保存】按钮
10. 进入「规则任务管理-监控对象」页面
11. 「规则名称」输入「test_rule」
「选择数据源」选择「${DATASOURCE}」
「选择数据库」选择「${DATABASE}」
「选择数据表」选择「${TABLE}」
不开启「抽样检查设置」
12. 引入规则包「完整性可合并规则」，点击「下一步」按钮
13. 配置「调度属性」，保存规则，且「调度属性」中配置「规则报告」为最新结果
14. 点开规则详情，查看规则sql
15. 临时运行规则，查看实例详情","1. 页面正常打开
2. 抽样关闭：sql没有rand()函数和 tableName_temp_sample_table_xxx 临时抽样表
3. 选择成功，页面显示「完整性校验」规则配置区域
4. 监控规则1配置完成
5. 监控规则2配置完成
6. 监控规则3配置完成
7. 监控规则4配置完成
8. 监控规则5配置完成
9. 规则保存成功
10. 页面正常打开
11. 监控对象配置成功；
进入「监控规则」配置页
12. 引入正确，规则内容置灰，进入「调度属性」
13. 规则保存成功
14. 1、sql进行合并：
1）源表只扫描一次：FROM 后面的源表只出现 1 次；
​2）所有可合并规则写在同一个select里面：用多个 SUM (CASE WHEN) 把规则并行计算；
3）计算后再把结果拆成多行，每行代表单个规则进行输出，最终把结果插入同一张脏数据表
15. 5个子规则全部通过，且实例详情展示正确","1. 
2. 
3. 
4. 
5. 
6. 
7. 
8. 
9. 
10. 
11. 
12. 
13. 
14. 
15.","","3","功能测试","功能测试阶段","正常","0","0","15","","听筠","2026-05-26","","0000-00-00","1","",""
"185972","数据资产_STD(#23)","/版本迭代测试用例/v6.4.11/【岚图】【数据资产】数据质量任务性能优化，规则sql合并/可合并+不可合并(#10583)","【岚图】【数据资产】数据质量任务、落标检查任务性能优化，规则sql合并(#15862)","验证「可合并和不可合并」-「抽样开启」-「设置分区」-「不同过滤条件」-「包含强弱规则」-「多规则包」校验功能","已有表test_info_1
CREATE TABLE pw_test.test_info_1 (
id INT COMMENT &#039;用户ID&#039;,
age INT COMMENT &#039;年龄&#039;,
string_num STRING COMMENT &#039;string类型的编号&#039;,
name STRING COMMENT &#039;姓名&#039;,
address STRING COMMENT &#039;地址&#039;,
money STRING COMMENT &#039;金额&#039;,
buy_date DATE COMMENT &#039;购买日期&#039;,
date_detail STRING COMMENT &#039;日期详情&#039;
)
COMMENT &#039;测试信息表&#039;
PARTITIONED BY (
dt STRING COMMENT &#039;分区日期，格式：yyyy-MM-dd&#039;
)
STORED AS ORC;
-- 插入6行数据
INSERT INTO TABLE pw_test.test_info_1
PARTITION (dt)
SELECT
1 + user_idx AS id,
CASE user_idx
WHEN 0 THEN 25 WHEN 1 THEN 30 WHEN 2 THEN 28
WHEN 3 THEN 35 WHEN 4 THEN 22 ELSE 29
END AS age,
CASE user_idx
WHEN 0 THEN &#039;001&#039; WHEN 1 THEN &#039;002&#039; WHEN 2 THEN &#039;003&#039;
WHEN 3 THEN &#039;004&#039; WHEN 4 THEN &#039;005&#039; ELSE &#039;006&#039;
END AS string_num,
CASE user_idx
WHEN 0 THEN &#039;张三&#039; WHEN 1 THEN &#039;李四&#039; WHEN 2 THEN &#039;王五&#039;
WHEN 3 THEN &#039;赵六&#039; WHEN 4 THEN &#039;小明&#039; ELSE &#039;小红&#039;
END AS name,
CASE user_idx
WHEN 0 THEN &#039;北京市朝阳区&#039; WHEN 1 THEN &#039;上海市浦东新区&#039; WHEN 2 THEN &#039;广州市天河区&#039;
WHEN 3 THEN &#039;深圳市南山区&#039; WHEN 4 THEN &#039;杭州市西湖区&#039; ELSE &#039;成都市武侯区&#039;
END AS address,
CASE user_idx
WHEN 0 THEN &#039;5000.00&#039; WHEN 1 THEN &#039;6800.50&#039; WHEN 2 THEN &#039;4200.00&#039;
WHEN 3 THEN &#039;9500.00&#039; WHEN 4 THEN &#039;3100.00&#039; ELSE &#039;5600.00&#039;
END AS money,
DATE_ADD(CURRENT_DATE(), -30 + user_idx) AS buy_date,
CASE user_idx
WHEN 0 THEN &#039;订单已完成&#039; WHEN 1 THEN &#039;待发货&#039; WHEN 2 THEN &#039;已取消&#039;
WHEN 3 THEN &#039;配送中&#039; WHEN 4 THEN &#039;已完成&#039; ELSE &#039;退款中&#039;
END AS date_detail,
&#039;${bizDate}&#039; AS dt
FROM (
SELECT 0 AS user_idx UNION ALL SELECT 1 UNION ALL SELECT 2
UNION ALL SELECT 3 UNION ALL SELECT 4 UNION ALL SELECT 5
) users;","1. 进入「资产-数据质量-规则集管理-基础信息」页面
2. 「选择数据源」选择「${DATASOURCE}」
「选择数据库」选择「${DATABASE}」
「选择数据表」选择「${TABLE}」
「规则包名称」填写「可合并+不可合并+抽样开启+设置分区+不同过滤条件+包含强弱规则+多规则包」
3. 点击「新增规则包」-「可合并+不可合并+抽样开启+设置分区+不同过滤条件+包含强弱规则+多规则包」，点击【添加规则-完整性校验】
4. 「监控规则1」配置如下：
「生效范围」：「字段级」
「字段」：「id，age」
「字段间规则逻辑」：「and」
「统计函数」：「空值数」
「过滤条件」：「手动配置：id<=100」
「校验方法」：「固定值」
「期望值」：「!=1」
「强弱规则」选择「弱规则」
「规则描述」输入「测试规则」
5. 「监控规则2」配置如下：
「生效范围」：「字段级」
「字段」：「id，age」
「字段间规则逻辑」：「or」
「统计函数」：「空值率」
「校验方法」：「固定值」
「期望值」：「=0」
「强弱规则」选择「强规则」
「规则描述」输入「测试规则」
6. 「监控规则3」配置如下：
「生效范围」：「字段级」
「字段」：「name」
「统计函数」：「空串数」
「过滤条件」：「手动配置：id<=100」
「校验方法」：「固定值」
「期望值」：「>0」
「强弱规则」选择「强规则」
「规则描述」输入「测试规则」
7. 「监控规则4」配置如下：
「生效范围」：「字段级」
「字段」：「name」
「统计函数」：「空串率」
「过滤条件」：「手动配置：id<=80」
「校验方法」：「固定值」
「期望值」：「=1」
「强弱规则」选择「弱规则」
「规则描述」输入「测试规则」
8. 「监控规则5」配置如下：
「生效范围」：「单表」
「统计函数」：「表行数」
「过滤条件」：「手动配置：id<=100」
「校验方法」：「固定值」
「期望值」：「>0」
「强弱规则」选择「弱规则」
「规则描述」输入「测试规则」
9. 「监控规则6」配置如下：（不合并）
「生效范围」：「字段级」
「字段」：「string_num」
「统计函数」：「字段取值校验」
「过滤条件」：「手动配置：id<=100」
「期望值」：「>=1」
「强弱规则」选择「弱规则」
「规则描述」输入「测试规则」
10. 点击【添加规则-有效性校验】
11. 「监控规则7」配置如下：
「字段」：「id」
「统计函数」：「数值-取值范围」
「过滤条件」：「手动配置：id<=100」
「校验方法」：「固定值」
「期望值」：「>0且<=100」
「强弱规则」选择「弱规则」
「规则描述」输入「测试规则」
12. 「监控规则8」配置如下：
「字段」：「string_num」
「统计函数」：「数值-枚举个数」
「过滤条件」：「手动配置：id>=100且<300」
「校验方法」：「固定值」
「期望值」：「>=1」
「强弱规则」选择「强规则」
「规则描述」输入「测试规则」
13. 「监控规则9」配置如下：
「字段」：「age」
「统计函数」：「枚举值」
「过滤条件」：「手动配置：id<=100」
「枚举值信息」：「not in 25,30,28,35」
「强弱规则」选择「弱规则」
「规则描述」输入「测试规则」
14. 「监控规则10」配置如下：
「字段」：「id」
「统计函数」：「取值范围&枚举范围」
「取值范围」：「期望值>0且<5」
「枚举值」：「in 1」
「取值范围和枚举值关系」：「且」
「强弱规则」选择「强规则」
「规则描述」输入「测试规则」
15. 「监控规则11」配置如下：
「字段」：「money」
「统计规则」：「字符串长度」
「校验方法」：「固定值」
「期望值」：「>=2」
「过滤条件」：「手动配置：id<=100」
「强弱规则」选择「强规则」
「规则描述」输入「测试规则」
16. 「监控规则12」配置如下：（不合并）
「字段」：「address」
「统计规则」：「字符串长度」
「校验方法」：「固定值」
「期望值」：「>=1」
「过滤条件」：「手动配置：id<=100」
「强弱规则」选择「弱规则」
「规则描述」输入「测试规则」
17. 点击【添加规则-唯一性校验】
18. 「监控规则13」配置如下：
「字段」：「id」
「统计函数」：「重复数」
「过滤条件」：「手动配置：id<=100」
「校验方法」：「固定值」
「期望值」：「=0」
「强弱规则」选择「弱规则」
「规则描述」输入「测试规则」
19. 「监控规则14」配置如下：
「字段」：「age」
「统计函数」：「多表唯一性判断」
「过滤条件」：「手动配置：id<=100」
「校验字段逻辑」：「唯一」
「和其他表的校验关系」：「且」
「选择对比表」：「${TABLE}」
「对比表字段」：「id」
「校验字段逻辑」：「唯一」
「强弱规则」选择「弱规则」
「规则描述」输入「测试规则」
20. 点击【添加规则-统计性校验】
21. 「监控规则15」配置如下：
「字段」：「name」
「统计函数」：「异常值检测」
「过滤条件」：「手动配置：id<=100」
「校验方法」：「IQR离群点数量」
「期望值」：「=1」
「强弱规则」选择「弱规则」
「规则描述」输入「测试规则」
22. 点击【添加规则-自定义SQL】
23. 「监控规则16」配置如下：
「规则类型」：「完整性校验」
「引用规则」：「自定义规则测试」
「sql」：「select * from ${tableName} where ${colName} = ${value}」
「参数」：「${tableName}：pw_test.test_info_1」、「${colName}：id」、「${value}：1」
「校验方法」：「固定值」
「期望值」：「=1」
「强弱规则」选择「弱规则」
「规则描述」输入「测试规则」
24. 点击【添加规则-一致性校验】
25. 「监控规则17」配置如下：
「校验类型」：「多表数据一致性比对」
「选择校验字段」：「id、name」
「选择校验表主键」：「id」
「对比表」：「${TABLE}」
「选择对比表主键」：「id」
「校验表比对字段」：「id」、「name」
「对比表1」：「id」、「name」
「强弱规则」选择「弱规则」
「规则描述」输入「测试规则」
26. 点击【添加规则-时效性校验】
27. 「监控规则18」配置如下：
「字段」：「buy_date」
「统计函数」：「周期性校验（单字段时间差校验）」
「过滤条件」：「手动配置：id<=100」
「选择排序字段」：「id」
「时间差」：「>=1秒」
「强弱规则」选择「弱规则」
「规则描述」输入「测试规则」
28. 「监控规则19」配置如下：
「字段」：「id」
「统计函数」：「及时性校验（多字段时间差校验）」
「过滤条件」：「手动配置：id<=100」
「选择对比字段组」：「buy_date、dt」
「时间差」：「<1分钟」
「大小关系」：「buy_date<dt」
「强弱规则」选择「弱规则」
「规则描述」输入「测试规则」
29. 点击【添加规则-合理性校验】
30. 「监控规则20」配置如下：
「字段」：「age」
「统计函数」：「数据变化趋势」
「过滤条件」：「手动配置：id<=100」
「选择排序字段」：「id」
「校验方法」：「单调递增」
「强弱规则」选择「弱规则」
「规则描述」输入「测试规则」
31. 「监控规则21」配置如下：
「字段」：「age」
「统计函数」：「字段值计算对比」
「过滤条件」：「手动配置：id<=100」
「计算逻辑配置」：「cast(string_num as double)*(id+age)」
「对比方法」：「计算结果与字段对比」、「age<「计算结果与字段对比」」
「强弱规则」选择「弱规则」
「规则描述」输入「测试规则」
32. 点击【保存】按钮
33. 进入「规则任务管理-监控对象」页面
34. 「规则名称」输入「test_rule」
「选择数据源」选择「${DATASOURCE}」
「选择数据库」选择「${DATABASE}」
「选择数据表」选择「${TABLE}」
选择已有分区
「抽样检查设置」：「抽样设置：百分比抽样50%」
35. 引入规则包「可合并+不可合并+抽样开启+设置分区+不同过滤条件+包含强弱规则+多规则包」，点击「下一步」按钮
36. 配置「调度属性」，设置「规则拼接包」为「10」，保存规则，且「调度属性」中配置「规则报告」为最新结果
37. 点击规则详情-规则sql查看按钮，查看【规则SQL】右边规则包下拉项
38. 切换规则包，查看规则sql
39. 临时运行规则，查看实例详情
40. 查看质量报告","1. 页面正常打开
2. 配置完成
3. 显示规则配置区域
4. 监控规则1配置完成
5. 监控规则2配置完成
6. 监控规则3配置完成
7. 监控规则4配置完成
8. 监控规则5配置完成
9. 监控规则6配置完成
10. 选择成功，页面显示「有效性校验」规则配置区域
11. 监控规则7配置完成
12. 监控规则8配置完成
13. 监控规则9配置完成
14. 监控规则10配置完成
15. 监控规则11配置完成
16. 监控规则12配置完成
17. 选择成功，页面显示「唯一性校验」规则配置区域
18. 监控规则13配置完成
19. 监控规则14配置完成
20. 选择成功，页面显示「统计性校验」规则配置区域
21. 监控规则15配置完成
22. 选择成功，页面显示「自定义SQL」规则配置区域
23. 监控规则16配置完成
24. 选择成功，页面显示「一致性校验」规则配置区域
25. 监控规则17配置完成
26. 选择成功，页面显示「时效性校验」规则配置区域
27. 监控规则18配置完成
28. 监控规则19配置完成
29. 选择成功，页面显示「合理性校验」规则配置区域
30. 监控规则20配置完成
31. 监控规则21配置完成
32. 规则保存成功
33. 页面正常打开
34. 监控对象配置成功；
进入「监控规则」配置页
35. 引入正确，规则内容置灰，进入「调度属性」
36. 规则保存成功
37. 显示10个规则包下拉项
38. 1、过滤条件相同的规则按强弱分类进行合并：1、5、7、9进行合并；2、10、11进行合并。
1）源表只扫描一次：FROM 后面的源表只出现 1 次；
​2）合并的子规则写在同一个select里面：用多个 SUM (CASE WHEN) 把规则并行计算；
3）计算后再把结果拆成多行，每行代表单个规则进行输出，最终把结果插入同一张脏数据表
2、其余不进行合并：
1）每一条校验规则，都单独去扫描一遍源数据表；
2）各个规则的判断计算语句都是分开写的，一条规则对应一段查询逻辑；
3）每条规则算出结果后单独成行，最后拼接把所有规则数据凑到一起；
4）不同规则的数据分开存入不同的脏数据表
3、抽样开启：sql有rand()函数和 tableName_temp_sample_table_xxx 临时抽样表
39. 结果符合预期，且实例详情展示正确，未通过的子规则可查看明细
40. 结果正确，符合配置的规则内容","1. 
2. 
3. 
4. 
5. 
6. 
7. 
8. 
9. 
10. 
11. 
12. 
13. 
14. 
15. 
16. 
17. 
18. 
19. 
20. 
21. 
22. 
23. 
24. 
25. 
26. 
27. 
28. 
29. 
30. 
31. 
32. 
33. 
34. 
35. 
36. 
37. 
38. 
39. 
40.","","1","功能测试","功能测试阶段","正常","0","1","40","通过","听筠","2026-05-26","听筠","2026-05-28","3","",""
"185971","数据资产_STD(#23)","/版本迭代测试用例/v6.4.11/【岚图】【数据资产】数据质量任务性能优化，规则sql合并/可合并+不可合并(#10583)","【岚图】【数据资产】数据质量任务、落标检查任务性能优化，规则sql合并(#15862)","验证「可合并和不可合并」-「抽样开启」-「设置分区」-「不同过滤条件」-「单规则包」校验功能","已有表test_info_1
CREATE TABLE pw_test.test_info_1 (
id INT COMMENT &#039;用户ID&#039;,
age INT COMMENT &#039;年龄&#039;,
string_num STRING COMMENT &#039;string类型的编号&#039;,
name STRING COMMENT &#039;姓名&#039;,
address STRING COMMENT &#039;地址&#039;,
money STRING COMMENT &#039;金额&#039;,
buy_date DATE COMMENT &#039;购买日期&#039;,
date_detail STRING COMMENT &#039;日期详情&#039;
)
COMMENT &#039;测试信息表&#039;
PARTITIONED BY (
dt STRING COMMENT &#039;分区日期，格式：yyyy-MM-dd&#039;
)
STORED AS ORC;
-- 插入6行数据
INSERT INTO TABLE pw_test.test_info_1
PARTITION (dt)
SELECT
1 + user_idx AS id,
CASE user_idx
WHEN 0 THEN 25 WHEN 1 THEN 30 WHEN 2 THEN 28
WHEN 3 THEN 35 WHEN 4 THEN 22 ELSE 29
END AS age,
CASE user_idx
WHEN 0 THEN &#039;001&#039; WHEN 1 THEN &#039;002&#039; WHEN 2 THEN &#039;003&#039;
WHEN 3 THEN &#039;004&#039; WHEN 4 THEN &#039;005&#039; ELSE &#039;006&#039;
END AS string_num,
CASE user_idx
WHEN 0 THEN &#039;张三&#039; WHEN 1 THEN &#039;李四&#039; WHEN 2 THEN &#039;王五&#039;
WHEN 3 THEN &#039;赵六&#039; WHEN 4 THEN &#039;小明&#039; ELSE &#039;小红&#039;
END AS name,
CASE user_idx
WHEN 0 THEN &#039;北京市朝阳区&#039; WHEN 1 THEN &#039;上海市浦东新区&#039; WHEN 2 THEN &#039;广州市天河区&#039;
WHEN 3 THEN &#039;深圳市南山区&#039; WHEN 4 THEN &#039;杭州市西湖区&#039; ELSE &#039;成都市武侯区&#039;
END AS address,
CASE user_idx
WHEN 0 THEN &#039;5000.00&#039; WHEN 1 THEN &#039;6800.50&#039; WHEN 2 THEN &#039;4200.00&#039;
WHEN 3 THEN &#039;9500.00&#039; WHEN 4 THEN &#039;3100.00&#039; ELSE &#039;5600.00&#039;
END AS money,
DATE_ADD(CURRENT_DATE(), -30 + user_idx) AS buy_date,
CASE user_idx
WHEN 0 THEN &#039;订单已完成&#039; WHEN 1 THEN &#039;待发货&#039; WHEN 2 THEN &#039;已取消&#039;
WHEN 3 THEN &#039;配送中&#039; WHEN 4 THEN &#039;已完成&#039; ELSE &#039;退款中&#039;
END AS date_detail,
&#039;${bizDate}&#039; AS dt
FROM (
SELECT 0 AS user_idx UNION ALL SELECT 1 UNION ALL SELECT 2
UNION ALL SELECT 3 UNION ALL SELECT 4 UNION ALL SELECT 5
) users;","1. 进入「资产-数据质量-规则集管理-基础信息」页面
2. 「选择数据源」选择「${DATASOURCE}」
「选择数据库」选择「${DATABASE}」
「选择数据表」选择「${TABLE}」
「规则包名称」填写「可合并+不可合并+抽样开启+设置分区+不同过滤条件+单规则包」
3. 点击「新增规则包」-「可合并+不可合并+抽样开启+设置分区+不同过滤条件+单规则包」，点击【添加规则-完整性校验】
4. 「监控规则1」配置如下：
「生效范围」：「字段级」
「字段」：「id，age」
「字段间规则逻辑」：「and」
「统计函数」：「空值数」
「过滤条件」：「手动配置：id<=100」
「校验方法」：「固定值」
「期望值」：「!=1」
「强弱规则」选择「弱规则」
「规则描述」输入「测试规则」
5. 「监控规则2」配置如下：
「生效范围」：「字段级」
「字段」：「id，age」
「字段间规则逻辑」：「or」
「统计函数」：「空值率」
「校验方法」：「固定值」
「期望值」：「=0」
「强弱规则」选择「弱规则」
「规则描述」输入「测试规则」
6. 「监控规则3」配置如下：
「生效范围」：「字段级」
「字段」：「name」
「统计函数」：「空串数」
「过滤条件」：「手动配置：id<=100」
「校验方法」：「固定值」
「期望值」：「>0」
「强弱规则」选择「弱规则」
「规则描述」输入「测试规则」
7. 「监控规则4」配置如下：
「生效范围」：「字段级」
「字段」：「name」
「统计函数」：「空串率」
「过滤条件」：「手动配置：id<=80」
「校验方法」：「固定值」
「期望值」：「=1」
「强弱规则」选择「弱规则」
「规则描述」输入「测试规则」
8. 「监控规则5」配置如下：
「生效范围」：「单表」
「统计函数」：「表行数」
「过滤条件」：「手动配置：id<=100」
「校验方法」：「固定值」
「期望值」：「>0」
「强弱规则」选择「弱规则」
「规则描述」输入「测试规则」
9. 「监控规则6」配置如下：（不合并）
「生效范围」：「字段级」
「字段」：「string_num」
「统计函数」：「字段取值校验」
「过滤条件」：「手动配置：id<=100」
「期望值」：「>=1」
「强弱规则」选择「弱规则」
「规则描述」输入「测试规则」
10. 点击【添加规则-有效性校验】
11. 「监控规则7」配置如下：
「字段」：「id」
「统计函数」：「数值-取值范围」
「过滤条件」：「手动配置：id<=100」
「校验方法」：「固定值」
「期望值」：「>0且<=100」
「强弱规则」选择「弱规则」
「规则描述」输入「测试规则」
12. 「监控规则8」配置如下：
「字段」：「string_num」
「统计函数」：「数值-枚举个数」
「过滤条件」：「手动配置：id>=100且<300」
「校验方法」：「固定值」
「期望值」：「>=1」
「强弱规则」选择「弱规则」
「规则描述」输入「测试规则」
13. 「监控规则9」配置如下：
「字段」：「age」
「统计函数」：「枚举值」
「过滤条件」：「手动配置：id<=100」
「枚举值信息」：「not in 25,30,28,35」
「强弱规则」选择「弱规则」
「规则描述」输入「测试规则」
14. 「监控规则10」配置如下：
「字段」：「id」
「统计函数」：「取值范围&枚举范围」
「取值范围」：「期望值>0且<5」
「枚举值」：「in 1」
「取值范围和枚举值关系」：「且」
「强弱规则」选择「弱规则」
「规则描述」输入「测试规则」
15. 「监控规则11」配置如下：
「字段」：「money」
「统计规则」：「字符串长度」
「校验方法」：「固定值」
「期望值」：「>=2」
「过滤条件」：「手动配置：id<=100」
「强弱规则」选择「弱规则」
「规则描述」输入「测试规则」
16. 「监控规则12」配置如下：（不合并）
「字段」：「address」
「统计规则」：「字符串长度」
「校验方法」：「固定值」
「期望值」：「>=1」
「过滤条件」：「手动配置：id<=100」
「强弱规则」选择「弱规则」
「规则描述」输入「测试规则」
17. 点击【添加规则-唯一性校验】
18. 「监控规则13」配置如下：
「字段」：「id」
「统计函数」：「重复数」
「过滤条件」：「手动配置：id<=100」
「校验方法」：「固定值」
「期望值」：「=0」
「强弱规则」选择「弱规则」
「规则描述」输入「测试规则」
19. 「监控规则14」配置如下：
「字段」：「age」
「统计函数」：「多表唯一性判断」
「过滤条件」：「手动配置：id<=100」
「校验字段逻辑」：「唯一」
「和其他表的校验关系」：「且」
「选择对比表」：「${TABLE}」
「对比表字段」：「id」
「校验字段逻辑」：「唯一」
「强弱规则」选择「弱规则」
「规则描述」输入「测试规则」
20. 点击【添加规则-统计性校验】
21. 「监控规则15」配置如下：
「字段」：「name」
「统计函数」：「异常值检测」
「过滤条件」：「手动配置：id<=100」
「校验方法」：「IQR离群点数量」
「期望值」：「=1」
「强弱规则」选择「弱规则」
「规则描述」输入「测试规则」
22. 点击【添加规则-自定义SQL】
23. 「监控规则16」配置如下：
「规则类型」：「完整性校验」
「引用规则」：「自定义规则测试」
「sql」：「select * from ${tableName} where ${colName} = ${value}」
「参数」：「${tableName}：pw_test.test_info_1」、「${colName}：id」、「${value}：1」
「校验方法」：「固定值」
「期望值」：「=1」
「强弱规则」选择「弱规则」
「规则描述」输入「测试规则」
24. 点击【添加规则-一致性校验】
25. 「监控规则17」配置如下：
「校验类型」：「多表数据一致性比对」
「选择校验字段」：「id、name」
「选择校验表主键」：「id」
「对比表」：「${TABLE}」
「选择对比表主键」：「id」
「校验表比对字段」：「id」、「name」
「对比表1」：「id」、「name」
「强弱规则」选择「弱规则」
「规则描述」输入「测试规则」
26. 点击【添加规则-时效性校验】
27. 「监控规则18」配置如下：
「字段」：「buy_date」
「统计函数」：「周期性校验（单字段时间差校验）」
「过滤条件」：「手动配置：id<=100」
「选择排序字段」：「id」
「时间差」：「>=1秒」
「强弱规则」选择「弱规则」
「规则描述」输入「测试规则」
28. 「监控规则19」配置如下：
「字段」：「id」
「统计函数」：「及时性校验（多字段时间差校验）」
「过滤条件」：「手动配置：id<=100」
「选择对比字段组」：「buy_date、dt」
「时间差」：「<1分钟」
「大小关系」：「buy_date<dt」
「强弱规则」选择「弱规则」
「规则描述」输入「测试规则」
29. 点击【添加规则-合理性校验】
30. 「监控规则20」配置如下：
「字段」：「age」
「统计函数」：「数据变化趋势」
「过滤条件」：「手动配置：id<=100」
「选择排序字段」：「id」
「校验方法」：「单调递增」
「强弱规则」选择「弱规则」
「规则描述」输入「测试规则」
31. 「监控规则21」配置如下：
「字段」：「age」
「统计函数」：「字段值计算对比」
「过滤条件」：「手动配置：id<=100」
「计算逻辑配置」：「cast(string_num as double)*(id+age)」
「对比方法」：「计算结果与字段对比」、「age<「计算结果与字段对比」」
「强弱规则」选择「弱规则」
「规则描述」输入「测试规则」
32. 点击【保存】按钮
33. 进入「规则任务管理-监控对象」页面
34. 「规则名称」输入「test_rule」
「选择数据源」选择「${DATASOURCE}」
「选择数据库」选择「${DATABASE}」
「选择数据表」选择「${TABLE}」
选择已有分区
「抽样检查设置」：「抽样设置：百分比抽样50%」
35. 引入规则包「可合并+不可合并+抽样开启+设置分区+不同过滤条件+包含强弱规则+单规则包」，点击「下一步」按钮
36. 配置「调度属性」，设置「规则拼接包」为「1」，保存规则，且「调度属性」中配置「规则报告」为最新结果
37. 点开规则详情，查看规则sql
38. 临时运行规则，查看实例详情
39. 查看质量报告","1. 页面正常打开
2. 成功填写，进入下一页
3. 显示完整性校验配置区域
4. 监控规则1配置完成
5. 监控规则2配置完成
6. 监控规则3配置完成
7. 监控规则4配置完成
8. 监控规则5配置完成
9. 监控规则6配置完成
10. 选择成功，页面显示「有效性校验」规则配置区域
11. 监控规则7配置完成
12. 监控规则8配置完成
13. 监控规则9配置完成
14. 监控规则10配置完成
15. 监控规则11配置完成
16. 监控规则12配置完成
17. 选择成功，页面显示「唯一性校验」规则配置区域
18. 监控规则13配置完成
19. 监控规则14配置完成
20. 选择成功，页面显示「统计性校验」规则配置区域
21. 监控规则15配置完成
22. 选择成功，页面显示「自定义SQL」规则配置区域
23. 监控规则16配置完成
24. 选择成功，页面显示「一致性校验」规则配置区域
25. 监控规则17配置完成
26. 选择成功，页面显示「时效性校验」规则配置区域
27. 监控规则18配置完成
28. 监控规则19配置完成
29. 选择成功，页面显示「合理性校验」规则配置区域
30. 监控规则20配置完成
31. 监控规则21配置完成
32. 规则保存成功
33. 页面正常打开
34. 监控对象配置成功；
进入「监控规则」配置页
35. 引入正确，规则内容置灰，进入「调度属性」
36. 规则保存成功
37. 1、过滤条件相同的规则1、3、5、7、9、11进行合并；规则2、10进行合并。
1）源表只扫描一次：FROM 后面的源表只出现 1 次；
​2）合并的子规则写在同一个select里面：用多个 SUM (CASE WHEN) 把规则并行计算；
3）计算后再把结果拆成多行，每行代表单个规则进行输出，最终把结果插入同一张脏数据表
2、其余不进行合并：
1）每一条校验规则，都单独去扫描一遍源数据表；
2）各个规则的判断计算语句都是分开写的，一条规则对应一段查询逻辑；
3）每条规则算出结果后单独成行，最后拼接把所有规则数据凑到一起；
4）不同规则的数据分开存入不同的脏数据表
3、抽样开启：sql有rand()函数和 tableName_temp_sample_table_xxx 临时抽样表
38. 结果符合预期，且实例详情展示正确，未通过的子规则可查看明细
39. 结果正确，符合配置的规则内容","1. 
2. 
3. 
4. 
5. 
6. 
7. 
8. 
9. 
10. 
11. 
12. 
13. 
14. 
15. 
16. 
17. 
18. 
19. 
20. 
21. 
22. 
23. 
24. 
25. 
26. 
27. 
28. 
29. 
30. 
31. 
32. 
33. 
34. 
35. 
36. 
37. 
38. 
39.","","1","功能测试","功能测试阶段","正常","0","2","39","通过","听筠","2026-05-26","听筠","2026-05-28","2","",""
"185970","数据资产_STD(#23)","/版本迭代测试用例/v6.4.11/【岚图】【数据资产】数据质量任务性能优化，规则sql合并/可合并+不可合并(#10583)","【岚图】【数据资产】数据质量任务、落标检查任务性能优化，规则sql合并(#15862)","验证「可合并和不可合并」-「抽样开启」-「设置分区」-「相同过滤条件」-「包含强弱规则」-「多规则包」校验功能","已有表test_info_1
CREATE TABLE pw_test.test_info_1 (
id INT COMMENT &#039;用户ID&#039;,
age INT COMMENT &#039;年龄&#039;,
string_num STRING COMMENT &#039;string类型的编号&#039;,
name STRING COMMENT &#039;姓名&#039;,
address STRING COMMENT &#039;地址&#039;,
money STRING COMMENT &#039;金额&#039;,
buy_date DATE COMMENT &#039;购买日期&#039;,
date_detail STRING COMMENT &#039;日期详情&#039;
)
COMMENT &#039;测试信息表&#039;
PARTITIONED BY (
dt STRING COMMENT &#039;分区日期，格式：yyyy-MM-dd&#039;
)
STORED AS ORC;
-- 插入6行数据
INSERT INTO TABLE pw_test.test_info_1
PARTITION (dt)
SELECT
1 + user_idx AS id,
CASE user_idx
WHEN 0 THEN 25 WHEN 1 THEN 30 WHEN 2 THEN 28
WHEN 3 THEN 35 WHEN 4 THEN 22 ELSE 29
END AS age,
CASE user_idx
WHEN 0 THEN &#039;001&#039; WHEN 1 THEN &#039;002&#039; WHEN 2 THEN &#039;003&#039;
WHEN 3 THEN &#039;004&#039; WHEN 4 THEN &#039;005&#039; ELSE &#039;006&#039;
END AS string_num,
CASE user_idx
WHEN 0 THEN &#039;张三&#039; WHEN 1 THEN &#039;李四&#039; WHEN 2 THEN &#039;王五&#039;
WHEN 3 THEN &#039;赵六&#039; WHEN 4 THEN &#039;小明&#039; ELSE &#039;小红&#039;
END AS name,
CASE user_idx
WHEN 0 THEN &#039;北京市朝阳区&#039; WHEN 1 THEN &#039;上海市浦东新区&#039; WHEN 2 THEN &#039;广州市天河区&#039;
WHEN 3 THEN &#039;深圳市南山区&#039; WHEN 4 THEN &#039;杭州市西湖区&#039; ELSE &#039;成都市武侯区&#039;
END AS address,
CASE user_idx
WHEN 0 THEN &#039;5000.00&#039; WHEN 1 THEN &#039;6800.50&#039; WHEN 2 THEN &#039;4200.00&#039;
WHEN 3 THEN &#039;9500.00&#039; WHEN 4 THEN &#039;3100.00&#039; ELSE &#039;5600.00&#039;
END AS money,
DATE_ADD(CURRENT_DATE(), -30 + user_idx) AS buy_date,
CASE user_idx
WHEN 0 THEN &#039;订单已完成&#039; WHEN 1 THEN &#039;待发货&#039; WHEN 2 THEN &#039;已取消&#039;
WHEN 3 THEN &#039;配送中&#039; WHEN 4 THEN &#039;已完成&#039; ELSE &#039;退款中&#039;
END AS date_detail,
&#039;${bizDate}&#039; AS dt
FROM (
SELECT 0 AS user_idx UNION ALL SELECT 1 UNION ALL SELECT 2
UNION ALL SELECT 3 UNION ALL SELECT 4 UNION ALL SELECT 5
) users;","1. 进入「资产-数据质量-规则集管理-基础信息」页面
2. 「选择数据源」选择「${DATASOURCE}」
「选择数据库」选择「${DATABASE}」
「选择数据表」选择「${TABLE}」
「规则包名称」填写「可合并+不可合并+抽样开启+设置分区+相同过滤条件+包含强弱规则+多规则包」
3. 点击「新增规则包」-「可合并+不可合并+抽样开启+设置分区+相同过滤条件+包含强弱规则+多规则包」，点击【添加规则-完整性校验】
4. 「监控规则1」配置如下：
「生效范围」：「字段级」
「字段」：「id，age」
「字段间规则逻辑」：「and」
「统计函数」：「空值数」
「过滤条件」：「手动配置：id<=100」
「校验方法」：「固定值」
「期望值」：「!=1」
「强弱规则」选择「弱规则」
「规则描述」输入「测试规则」
5. 「监控规则2」配置如下：
「生效范围」：「字段级」
「字段」：「id，age」
「字段间规则逻辑」：「or」
「统计函数」：「空值率」
「过滤条件」：「手动配置：id<=100」
「校验方法」：「固定值」
「期望值」：「=0」
「强弱规则」选择「强规则」
「规则描述」输入「测试规则」
6. 「监控规则3」配置如下：
「生效范围」：「字段级」
「字段」：「name」
「统计函数」：「空串数」
「过滤条件」：「手动配置：id<=100」
「校验方法」：「固定值」
「期望值」：「>0」
「强弱规则」选择「强规则」
「规则描述」输入「测试规则」
7. 「监控规则4」配置如下：
「生效范围」：「字段级」
「字段」：「name」
「统计函数」：「空串率」
「过滤条件」：「手动配置：id<=100」
「校验方法」：「固定值」
「期望值」：「=1」
「强弱规则」选择「弱规则」
「规则描述」输入「测试规则」
8. 「监控规则5」配置如下：
「生效范围」：「单表」
「统计函数」：「表行数」
「过滤条件」：「手动配置：id<=100」
「校验方法」：「固定值」
「期望值」：「>0」
「强弱规则」选择「弱规则」
「规则描述」输入「测试规则」
9. 「监控规则6」配置如下：（不合并）
「生效范围」：「字段级」
「字段」：「string_num」
「统计函数」：「字段取值校验」
「过滤条件」：「手动配置：id<=100」
「期望值」：「>=1」
「强弱规则」选择「弱规则」
「规则描述」输入「测试规则」
10. 点击【添加规则-有效性校验】
11. 「监控规则7」配置如下：
「字段」：「id」
「统计函数」：「数值-取值范围」
「过滤条件」：「手动配置：id<=100」
「校验方法」：「固定值」
「期望值」：「>0且<=100」
「强弱规则」选择「弱规则」
「规则描述」输入「测试规则」
12. 「监控规则8」配置如下：
「字段」：「string_num」
「统计函数」：「数值-枚举个数」
「过滤条件」：「手动配置：id<=100」
「校验方法」：「固定值」
「期望值」：「>=1」
「强弱规则」选择「强规则」
「规则描述」输入「测试规则」
13. 「监控规则9」配置如下：
「字段」：「age」
「统计函数」：「枚举值」
「过滤条件」：「手动配置：id<=100」
「枚举值信息」：「not in 25,30,28,35」
「强弱规则」选择「弱规则」
「规则描述」输入「测试规则」
14. 「监控规则10」配置如下：
「字段」：「id」
「统计函数」：「取值范围&枚举范围」
「过滤条件」：「手动配置：id<=100」
「取值范围」：「期望值>0且<5」
「枚举值」：「in 1」
「取值范围和枚举值关系」：「且」
「强弱规则」选择「强规则」
「规则描述」输入「测试规则」
15. 「监控规则11」配置如下：
「字段」：「money」
「统计规则」：「字符串长度」
「校验方法」：「固定值」
「期望值」：「>=2」
「过滤条件」：「手动配置：id<=100」
「强弱规则」选择「强规则」
「规则描述」输入「测试规则」
16. 「监控规则12」配置如下：（不合并）
「字段」：「address」
「统计规则」：「字符串长度」
「校验方法」：「固定值」
「期望值」：「>=1」
「过滤条件」：「手动配置：id<=100」
「强弱规则」选择「弱规则」
「规则描述」输入「测试规则」
17. 点击【添加规则-唯一性校验】
18. 「监控规则13」配置如下：
「字段」：「id」
「统计函数」：「重复数」
「过滤条件」：「手动配置：id<=100」
「校验方法」：「固定值」
「期望值」：「=0」
「强弱规则」选择「弱规则」
「规则描述」输入「测试规则」
19. 「监控规则14」配置如下：
「字段」：「age」
「统计函数」：「多表唯一性判断」
「过滤条件」：「手动配置：id<=100」
「校验字段逻辑」：「唯一」
「和其他表的校验关系」：「且」
「选择对比表」：「${TABLE}」
「对比表字段」：「id」
「校验字段逻辑」：「唯一」
「强弱规则」选择「弱规则」
「规则描述」输入「测试规则」
20. 点击【添加规则-统计性校验】
21. 「监控规则15」配置如下：
「字段」：「name」
「统计函数」：「异常值检测」
「过滤条件」：「手动配置：id<=100」
「校验方法」：「IQR离群点数量」
「期望值」：「=1」
「强弱规则」选择「弱规则」
「规则描述」输入「测试规则」
22. 点击【添加规则-自定义SQL】
23. 「监控规则16」配置如下：
「规则类型」：「完整性校验」
「引用规则」：「自定义规则测试」
「sql」：「select * from ${tableName} where ${colName} = ${value}」
「参数」：「${tableName}：pw_test.test_info_1」、「${colName}：id」、「${value}：1」
「校验方法」：「固定值」
「期望值」：「=1」
「强弱规则」选择「弱规则」
「规则描述」输入「测试规则」
24. 点击【添加规则-一致性校验】
25. 「监控规则17」配置如下：
「校验类型」：「多表数据一致性比对」
「选择校验字段」：「id、name」
「选择校验表主键」：「id」
「对比表」：「${TABLE}」
「选择对比表主键」：「id」
「校验表比对字段」：「id」、「name」
「对比表1」：「id」、「name」
「强弱规则」选择「弱规则」
「规则描述」输入「测试规则」
26. 点击【添加规则-时效性校验】
27. 「监控规则18」配置如下：
「字段」：「buy_date」
「统计函数」：「周期性校验（单字段时间差校验）」
「过滤条件」：「手动配置：id<=100」
「选择排序字段」：「id」
「时间差」：「>=1秒」
「强弱规则」选择「弱规则」
「规则描述」输入「测试规则」
28. 「监控规则19」配置如下：
「字段」：「id」
「统计函数」：「及时性校验（多字段时间差校验）」
「过滤条件」：「手动配置：id<=100」
「选择对比字段组」：「buy_date、dt」
「时间差」：「<1分钟」
「大小关系」：「buy_date<dt」
「强弱规则」选择「弱规则」
「规则描述」输入「测试规则」
29. 点击【添加规则-合理性校验】
30. 「监控规则20」配置如下：
「字段」：「age」
「统计函数」：「数据变化趋势」
「过滤条件」：「手动配置：id<=100」
「选择排序字段」：「id」
「校验方法」：「单调递增」
「强弱规则」选择「弱规则」
「规则描述」输入「测试规则」
31. 「监控规则21」配置如下：
「字段」：「age」
「统计函数」：「字段值计算对比」
「过滤条件」：「手动配置：id<=100」
「计算逻辑配置」：「cast(string_num as double)*(id+age)」
「对比方法」：「计算结果与字段对比」、「age<「计算结果与字段对比」」
「强弱规则」选择「弱规则」
「规则描述」输入「测试规则」
32. 点击【保存】按钮
33. 进入「规则任务管理-监控对象」页面
34. 「规则名称」输入「test_rule」
「选择数据源」选择「${DATASOURCE}」
「选择数据库」选择「${DATABASE}」
「选择数据表」选择「${TABLE}」
选择已有分区
「抽样检查设置」：「抽样设置：百分比抽样50%」
35. 引入规则包「可合并+不可合并+抽样开启+设置分区+相同过滤条件+包含强弱规则+多规则包」，点击「下一步」按钮
36. 配置「调度属性」，设置「规则拼接包」为「10」，保存规则，且「调度属性」中配置「规则报告」为最新结果
37. 点开规则详情，查看规则sql
38. 临时运行规则，查看实例详情
39. 查看质量报告","1. 页面正常打开
2. 配置成功
3. 显示配置区域
4. 监控规则1配置完成
5. 监控规则2配置完成
6. 监控规则3配置完成
7. 监控规则4配置完成
8. 监控规则5配置完成
9. 监控规则6配置完成
10. 选择成功，页面显示「有效性校验」规则配置区域
11. 监控规则7配置完成
12. 监控规则8配置完成
13. 监控规则9配置完成
14. 监控规则10配置完成
15. 监控规则11配置完成
16. 监控规则12配置完成
17. 选择成功，页面显示「唯一性校验」规则配置区域
18. 监控规则13配置完成
19. 监控规则14配置完成
20. 选择成功，页面显示「统计性校验」规则配置区域
21. 监控规则15配置完成
22. 选择成功，页面显示「自定义SQL」规则配置区域
23. 监控规则16配置完成
24. 选择成功，页面显示「一致性校验」规则配置区域
25. 监控规则17配置完成
26. 选择成功，页面显示「时效性校验」规则配置区域
27. 监控规则18配置完成
28. 监控规则19配置完成
29. 选择成功，页面显示「合理性校验」规则配置区域
30. 监控规则20配置完成
31. 监控规则21配置完成
32. 规则保存成功
33. 页面正常打开
34. 监控对象配置成功；
进入「监控规则」配置页
35. 引入正确，规则内容置灰，进入「调度属性」
36. 规则保存成功
37. 1、子规则按强弱规则分类进行sql合并：1、4、5、7、9进行合并；2、3、8、10、11进行合并
1）源表只扫描一次：FROM 后面的源表只出现 1 次；
​2）同一强弱规则类别的子规则写在同一个select里面：用多个 SUM (CASE WHEN) 把规则并行计算；（去重 count（ distinct））
3）计算后再把结果拆成多行，每行代表单个规则进行输出，最终把结果插入同一张脏数据表
2、其余子规则sql不进行合并：
1）每一条校验规则，都单独去扫描一遍源数据表；
2）各个规则的判断计算语句都是分开写的，一条规则对应一段查询逻辑；
3）每条规则算出结果后单独成行，最后拼接把所有规则数据凑到一起；
4）不同规则的数据分开存入不同的脏数据表
3、抽样开启：sql有rand()函数和 tableName_temp_sample_table_xxx 临时抽样表
38. 结果符合预期，且实例详情展示正确，未通过的子规则可查看明细
39. 结果正确，符合配置的规则内容","1. 
2. 
3. 
4. 
5. 
6. 
7. 
8. 
9. 
10. 
11. 
12. 
13. 
14. 
15. 
16. 
17. 
18. 
19. 
20. 
21. 
22. 
23. 
24. 
25. 
26. 
27. 
28. 
29. 
30. 
31. 
32. 
33. 
34. 
35. 
36. 
37. 
38. 
39.","","1","功能测试","功能测试阶段","正常","0","1","39","通过","听筠","2026-05-26","听筠","2026-05-28","2","",""
"185969","数据资产_STD(#23)","/版本迭代测试用例/v6.4.11/【岚图】【数据资产】数据质量任务性能优化，规则sql合并/可合并+不可合并(#10583)","【岚图】【数据资产】数据质量任务、落标检查任务性能优化，规则sql合并(#15862)","验证「可合并和不可合并」-「抽样开启」-「设置分区」-「相同过滤条件」-「单规则包」校验功能","已有表test_info_1
CREATE TABLE pw_test.test_info_1 (
id INT COMMENT &#039;用户ID&#039;,
age INT COMMENT &#039;年龄&#039;,
string_num STRING COMMENT &#039;string类型的编号&#039;,
name STRING COMMENT &#039;姓名&#039;,
address STRING COMMENT &#039;地址&#039;,
money STRING COMMENT &#039;金额&#039;,
buy_date DATE COMMENT &#039;购买日期&#039;,
date_detail STRING COMMENT &#039;日期详情&#039;
)
COMMENT &#039;测试信息表&#039;
PARTITIONED BY (
dt STRING COMMENT &#039;分区日期，格式：yyyy-MM-dd&#039;
)
STORED AS ORC;
-- 插入6行数据
INSERT INTO TABLE pw_test.test_info_1
PARTITION (dt)
SELECT
1 + user_idx AS id,
CASE user_idx
WHEN 0 THEN 25 WHEN 1 THEN 30 WHEN 2 THEN 28
WHEN 3 THEN 35 WHEN 4 THEN 22 ELSE 29
END AS age,
CASE user_idx
WHEN 0 THEN &#039;001&#039; WHEN 1 THEN &#039;002&#039; WHEN 2 THEN &#039;003&#039;
WHEN 3 THEN &#039;004&#039; WHEN 4 THEN &#039;005&#039; ELSE &#039;006&#039;
END AS string_num,
CASE user_idx
WHEN 0 THEN &#039;张三&#039; WHEN 1 THEN &#039;李四&#039; WHEN 2 THEN &#039;王五&#039;
WHEN 3 THEN &#039;赵六&#039; WHEN 4 THEN &#039;小明&#039; ELSE &#039;小红&#039;
END AS name,
CASE user_idx
WHEN 0 THEN &#039;北京市朝阳区&#039; WHEN 1 THEN &#039;上海市浦东新区&#039; WHEN 2 THEN &#039;广州市天河区&#039;
WHEN 3 THEN &#039;深圳市南山区&#039; WHEN 4 THEN &#039;杭州市西湖区&#039; ELSE &#039;成都市武侯区&#039;
END AS address,
CASE user_idx
WHEN 0 THEN &#039;5000.00&#039; WHEN 1 THEN &#039;6800.50&#039; WHEN 2 THEN &#039;4200.00&#039;
WHEN 3 THEN &#039;9500.00&#039; WHEN 4 THEN &#039;3100.00&#039; ELSE &#039;5600.00&#039;
END AS money,
DATE_ADD(CURRENT_DATE(), -30 + user_idx) AS buy_date,
CASE user_idx
WHEN 0 THEN &#039;订单已完成&#039; WHEN 1 THEN &#039;待发货&#039; WHEN 2 THEN &#039;已取消&#039;
WHEN 3 THEN &#039;配送中&#039; WHEN 4 THEN &#039;已完成&#039; ELSE &#039;退款中&#039;
END AS date_detail,
&#039;${bizDate}&#039; AS dt
FROM (
SELECT 0 AS user_idx UNION ALL SELECT 1 UNION ALL SELECT 2
UNION ALL SELECT 3 UNION ALL SELECT 4 UNION ALL SELECT 5
) users;","1. 进入「资产-数据质量-规则集管理-基础信息」页面
2. 「选择数据源」选择「${DATASOURCE}」
「选择数据库」选择「${DATABASE}」
「选择数据表」选择「${TABLE}」
「规则包名称」填写「可合并+不可合并+抽样开启+设置分区+相同过滤条件+单规则包」
3. 点击「新增规则包」-「可合并+不可合并+抽样开启+设置分区+相同过滤条件+单规则包」，点击【添加规则-完整性校验】
4. 「监控规则1」配置如下：
「生效范围」：「字段级」
「字段」：「id，age」
「字段间规则逻辑」：「and」
「统计函数」：「空值数」
「过滤条件」：「手动配置：id<=100」
「校验方法」：「固定值」
「期望值」：「!=1」
「强弱规则」选择「弱规则」
「规则描述」输入「测试规则」
5. 「监控规则2」配置如下：
「生效范围」：「字段级」
「字段」：「id，age」
「字段间规则逻辑」：「or」
「统计函数」：「空值率」
「过滤条件」：「手动配置：id<=100」
「校验方法」：「固定值」
「期望值」：「=0」
「强弱规则」选择「弱规则」
「规则描述」输入「测试规则」
6. 「监控规则3」配置如下：
「生效范围」：「字段级」
「字段」：「name」
「统计函数」：「空串数」
「过滤条件」：「手动配置：id<=100」
「校验方法」：「固定值」
「期望值」：「>0」
「强弱规则」选择「弱规则」
「规则描述」输入「测试规则」
7. 「监控规则4」配置如下：
「生效范围」：「字段级」
「字段」：「name」
「统计函数」：「空串率」
「过滤条件」：「手动配置：id<=100」
「校验方法」：「固定值」
「期望值」：「=1」
「强弱规则」选择「弱规则」
「规则描述」输入「测试规则」
8. 「监控规则5」配置如下：
「生效范围」：「单表」
「统计函数」：「表行数」
「过滤条件」：「手动配置：id<=100」
「校验方法」：「固定值」
「期望值」：「>0」
「强弱规则」选择「弱规则」
「规则描述」输入「测试规则」
9. 「监控规则6」配置如下：（不合并）
「生效范围」：「字段级」
「字段」：「string_num」
「统计函数」：「字段取值校验」
「过滤条件」：「手动配置：id<=100」
「期望值」：「>=1」
「强弱规则」选择「弱规则」
「规则描述」输入「测试规则」
10. 点击【添加规则-有效性校验】
11. 「监控规则7」配置如下：
「字段」：「id」
「统计函数」：「数值-取值范围」
「过滤条件」：「手动配置：id<=100」
「校验方法」：「固定值」
「期望值」：「>0且<=100」
「强弱规则」选择「弱规则」
「规则描述」输入「测试规则」
12. 「监控规则8」配置如下：
「字段」：「string_num」
「统计函数」：「数值-枚举个数」
「过滤条件」：「手动配置：id<=100」
「校验方法」：「固定值」
「期望值」：「>=1」
「强弱规则」选择「弱规则」
「规则描述」输入「测试规则」
13. 「监控规则9」配置如下：
「字段」：「age」
「统计函数」：「枚举值」
「过滤条件」：「手动配置：id<=100」
「枚举值信息」：「not in 25,30,28,35」
「强弱规则」选择「弱规则」
「规则描述」输入「测试规则」
14. 「监控规则10」配置如下：
「字段」：「id」
「统计函数」：「取值范围&枚举范围」
「过滤条件」：「手动配置：id<=100」
「取值范围」：「期望值>0且<5」
「枚举值」：「in 1」
「取值范围和枚举值关系」：「且」
「强弱规则」选择「弱规则」
「规则描述」输入「测试规则」
15. 「监控规则11」配置如下：
「字段」：「money」
「统计规则」：「字符串长度」
「校验方法」：「固定值」
「期望值」：「>=2」
「过滤条件」：「手动配置：id<=100」
「强弱规则」选择「弱规则」
「规则描述」输入「测试规则」
16. 「监控规则12」配置如下：（不合并）
「字段」：「address」
「统计规则」：「字符串长度」
「校验方法」：「固定值」
「期望值」：「>=1」
「过滤条件」：「手动配置：id<=100」
「强弱规则」选择「弱规则」
「规则描述」输入「测试规则」
17. 点击【添加规则-唯一性校验】
18. 「监控规则13」配置如下：
「字段」：「id」
「统计函数」：「重复数」
「过滤条件」：「手动配置：id<=100」
「校验方法」：「固定值」
「期望值」：「=0」
「强弱规则」选择「弱规则」
「规则描述」输入「测试规则」
19. 「监控规则14」配置如下：
「字段」：「age」
「统计函数」：「多表唯一性判断」
「过滤条件」：「手动配置：id<=100」
「校验字段逻辑」：「唯一」
「和其他表的校验关系」：「且」
「选择对比表」：「${TABLE}」
「对比表字段」：「id」
「校验字段逻辑」：「唯一」
「强弱规则」选择「弱规则」
「规则描述」输入「测试规则」
20. 点击【添加规则-统计性校验】
21. 「监控规则15」配置如下：
「字段」：「name」
「统计函数」：「异常值检测」
「过滤条件」：「手动配置：id<=100」
「校验方法」：「IQR离群点数量」
「期望值」：「=1」
「强弱规则」选择「弱规则」
「规则描述」输入「测试规则」
22. 点击【添加规则-自定义SQL】
23. 「监控规则16」配置如下：
「规则类型」：「完整性校验」
「引用规则」：「自定义规则测试」
「sql」：「select * from ${tableName} where ${colName} = ${value}」
「参数」：「${tableName}：pw_test.test_info_1」、「${colName}：id」、「${value}：1」
「校验方法」：「固定值」
「期望值」：「=1」
「强弱规则」选择「弱规则」
「规则描述」输入「测试规则」
24. 点击【添加规则-一致性校验】
25. 「监控规则17」配置如下：
「校验类型」：「多表数据一致性比对」
「选择校验字段」：「id、name」
「选择校验表主键」：「id」
「对比表」：「${TABLE}」
「选择对比表主键」：「id」
「校验表比对字段」：「id」、「name」
「对比表1」：「id」、「name」
「强弱规则」选择「弱规则」
「规则描述」输入「测试规则」
26. 点击【添加规则-时效性校验】
27. 「监控规则18」配置如下：
「字段」：「buy_date」
「统计函数」：「周期性校验（单字段时间差校验）」
「过滤条件」：「手动配置：id<=100」
「选择排序字段」：「id」
「时间差」：「>=1秒」
「强弱规则」选择「弱规则」
「规则描述」输入「测试规则」
28. 「监控规则19」配置如下：
「字段」：「id」
「统计函数」：「及时性校验（多字段时间差校验）」
「过滤条件」：「手动配置：id<=100」
「选择对比字段组」：「buy_date、dt」
「时间差」：「<1分钟」
「大小关系」：「buy_date<dt」
「强弱规则」选择「弱规则」
「规则描述」输入「测试规则」
29. 点击【添加规则-合理性校验】
30. 「监控规则20」配置如下：
「字段」：「age」
「统计函数」：「数据变化趋势」
「过滤条件」：「手动配置：id<=100」
「选择排序字段」：「id」
「校验方法」：「单调递增」
「强弱规则」选择「弱规则」
「规则描述」输入「测试规则」
31. 「监控规则21」配置如下：
「字段」：「age」
「统计函数」：「字段值计算对比」
「过滤条件」：「手动配置：id<=100」
「计算逻辑配置」：「cast(string_num as double)*(id+age)」
「对比方法」：「计算结果与字段对比」、「age<「计算结果与字段对比」」
「强弱规则」选择「弱规则」
「规则描述」输入「测试规则」
32. 点击【保存】按钮
33. 进入「规则任务管理-监控对象」页面
34. 「规则名称」输入「test_rule」
「选择数据源」选择「${DATASOURCE}」
「选择数据库」选择「${DATABASE}」
「选择数据表」选择「${TABLE}」
选择已有分区
「抽样检查设置」：「抽样设置：百分比抽样50%」
35. 引入规则包「可合并+不可合并+抽样开启+设置分区+相同过滤条件+包含强弱规则+单规则包」，点击「下一步」按钮
36. 配置「调度属性」，设置「规则拼接包」为「1」，保存规则，且「调度属性」中配置「规则报告」为最新结果
37. 点开规则详情，查看规则sql
38. 临时运行规则，查看实例详情
39. 查看质量报告","1. 页面正常打开
2. 配置成功
3. 显示规则配置区域
4. 监控规则1配置完成
5. 监控规则2配置完成
6. 监控规则3配置完成
7. 监控规则4配置完成
8. 监控规则5配置完成
9. 监控规则6配置完成
10. 选择成功，页面显示「有效性校验」规则配置区域
11. 监控规则7配置完成
12. 监控规则8配置完成
13. 监控规则9配置完成
14. 监控规则10配置完成
15. 监控规则11配置完成
16. 监控规则12配置完成
17. 选择成功，页面显示「唯一性校验」规则配置区域
18. 监控规则13配置完成
19. 监控规则14配置完成
20. 选择成功，页面显示「统计性校验」规则配置区域
21. 监控规则15配置完成
22. 选择成功，页面显示「自定义SQL」规则配置区域
23. 监控规则16配置完成
24. 选择成功，页面显示「一致性校验」规则配置区域
25. 监控规则17配置完成
26. 选择成功，页面显示「时效性校验」规则配置区域
27. 监控规则18配置完成
28. 监控规则19配置完成
29. 选择成功，页面显示「合理性校验」规则配置区域
30. 监控规则20配置完成
31. 监控规则21配置完成
32. 规则保存成功
33. 页面正常打开
34. 监控对象配置成功；
进入「监控规则」配置页
35. 引入正确，规则内容置灰，进入「调度属性」
36. 规则保存成功
37. 1、子规则1、2、3、4、5、7、8、9、10、11进行sql合并：
1）源表只扫描一次：FROM 后面的源表只出现 1 次；
​2）规则写在同一个select里面：用多个 SUM (CASE WHEN) 把规则并行计算；
3）计算后再把结果拆成多行，每行代表单个规则进行输出，最终把结果插入同一张脏数据表
2、其余子规则sql不进行合并：
1）每一条校验规则，都单独去扫描一遍源数据表；
2）各个规则的判断计算语句都是分开写的，一条规则对应一段查询逻辑；
3）每条规则算出结果后单独成行，最后拼接把所有规则数据凑到一起；
4）不同规则的数据分开存入不同的脏数据表
3、抽样开启：sql有rand()函数和 tableName_temp_sample_table_xxx 临时抽样表
38. 结果符合预期，且实例详情展示正确，未通过的子规则可查看明细
39. 结果正确，符合配置的规则内容","1. 
2. 
3. 
4. 
5. 
6. 
7. 
8. 
9. 
10. 
11. 
12. 
13. 
14. 
15. 
16. 
17. 
18. 
19. 
20. 
21. 
22. 
23. 
24. 
25. 
26. 
27. 
28. 
29. 
30. 
31. 
32. 
33. 
34. 
35. 
36. 
37. 
38. 
39.","","1","功能测试","功能测试阶段","正常","0","1","39","通过","听筠","2026-05-26","听筠","2026-05-28","3","",""
"185968","数据资产_STD(#23)","/版本迭代测试用例/v6.4.11/【岚图】【数据资产】数据质量任务性能优化，规则sql合并/可合并+不可合并(#10583)","【岚图】【数据资产】数据质量任务、落标检查任务性能优化，规则sql合并(#15862)","验证「可合并和不可合并」-「抽样开启」-「设置分区」校验功能","已有表test_info_1
CREATE TABLE pw_test.test_info_1 (
id INT COMMENT &#039;用户ID&#039;,
age INT COMMENT &#039;年龄&#039;,
string_num STRING COMMENT &#039;string类型的编号&#039;,
name STRING COMMENT &#039;姓名&#039;,
address STRING COMMENT &#039;地址&#039;,
money STRING COMMENT &#039;金额&#039;,
buy_date DATE COMMENT &#039;购买日期&#039;,
date_detail STRING COMMENT &#039;日期详情&#039;
)
COMMENT &#039;测试信息表&#039;
PARTITIONED BY (
dt STRING COMMENT &#039;分区日期，格式：yyyy-MM-dd&#039;
)
STORED AS ORC;

-- 插入6行数据
INSERT INTO TABLE pw_test.test_info_1
PARTITION (dt)
SELECT
1 + user_idx AS id,
CASE user_idx
WHEN 0 THEN 25 WHEN 1 THEN 30 WHEN 2 THEN 28
WHEN 3 THEN 35 WHEN 4 THEN 22 ELSE 29
END AS age,
CASE user_idx
WHEN 0 THEN &#039;001&#039; WHEN 1 THEN &#039;002&#039; WHEN 2 THEN &#039;003&#039;
WHEN 3 THEN &#039;004&#039; WHEN 4 THEN &#039;005&#039; ELSE &#039;006&#039;
END AS string_num,
CASE user_idx
WHEN 0 THEN &#039;张三&#039; WHEN 1 THEN &#039;李四&#039; WHEN 2 THEN &#039;王五&#039;
WHEN 3 THEN &#039;赵六&#039; WHEN 4 THEN &#039;小明&#039; ELSE &#039;小红&#039;
END AS name,
CASE user_idx
WHEN 0 THEN &#039;北京市朝阳区&#039; WHEN 1 THEN &#039;上海市浦东新区&#039; WHEN 2 THEN &#039;广州市天河区&#039;
WHEN 3 THEN &#039;深圳市南山区&#039; WHEN 4 THEN &#039;杭州市西湖区&#039; ELSE &#039;成都市武侯区&#039;
END AS address,
CASE user_idx
WHEN 0 THEN &#039;5000.00&#039; WHEN 1 THEN &#039;6800.50&#039; WHEN 2 THEN &#039;4200.00&#039;
WHEN 3 THEN &#039;9500.00&#039; WHEN 4 THEN &#039;3100.00&#039; ELSE &#039;5600.00&#039;
END AS money,
DATE_ADD(CURRENT_DATE(), -30 + user_idx) AS buy_date,
CASE user_idx
WHEN 0 THEN &#039;订单已完成&#039; WHEN 1 THEN &#039;待发货&#039; WHEN 2 THEN &#039;已取消&#039;
WHEN 3 THEN &#039;配送中&#039; WHEN 4 THEN &#039;已完成&#039; ELSE &#039;退款中&#039;
END AS date_detail,
&#039;${bizDate}&#039; AS dt
FROM (
SELECT 0 AS user_idx UNION ALL SELECT 1 UNION ALL SELECT 2
UNION ALL SELECT 3 UNION ALL SELECT 4 UNION ALL SELECT 5
) users;","1. 进入「资产-数据质量-规则集管理-基础信息」页面
2. 「选择数据源」选择「${DATASOURCE}」
「选择数据库」选择「${DATABASE}」
「选择数据表」选择「${TABLE}」
「规则包名称」填写「可合并+不可合并部分规则」
3. 点击「新增规则包」-「可合并+不可合并部分规则」，点击【添加规则-完整性校验】
4. 「监控规则1」配置如下：
「生效范围」：「字段级」
「字段」：「id」
「统计函数」：「空值数」
「过滤条件」：「手动配置：id<=100」
「校验方法」：「固定值」
「期望值」：「=0」
「强弱规则」选择「弱规则」
「规则描述」输入「测试规则」
5. 「监控规则2」配置如下：
「生效范围」：「字段级」
「字段」：「name，address」
「字段间规则逻辑」：「or」
「统计函数」：「空串数」
「过滤条件」：「手动配置：id<=100」
「校验方法」：「固定值」
「期望值」：「<=0」
「强弱规则」选择「弱规则」
「规则描述」输入「测试规则」
6. 「监控规则3」配置如下：（不合并）
「生效范围」：「字段级」
「字段」：「string_num」
「统计函数」：「字段取值校验」
「过滤条件」：「手动配置：id<=100」
「期望值」：「>=1」
「强弱规则」选择「弱规则」
「规则描述」输入「测试规则」
7. 点击【添加规则-有效性校验】
8. 「监控规则4」配置如下：
「字段」：「id」
「统计函数」：「数值-取值范围」
「过滤条件」：「手动配置：id<=100」
「校验方法」：「固定值」
「期望值」：「>20且<100」
「强弱规则」选择「弱规则」
「规则描述」输入「测试规则」
9. 「监控规则5」配置如下：
「字段」：「string_num」
「统计函数」：「数值-枚举个数」
「过滤条件」：「手动配置：id<=100」
「校验方法」：「固定值」
「期望值」：「<2」
「强弱规则」选择「弱规则」
「规则描述」输入「测试规则」
10. 「监控规则6」配置如下：（不合并）
「字段」：「address」
「统计规则」：「字符串长度」
「校验方法」：「固定值」
「期望值」：「>=1」
「过滤条件」：「手动配置：id<=100」
「强弱规则」选择「弱规则」
「规则描述」输入「测试规则」
11. 点击【添加规则-唯一性校验】
12. 「监控规则7」配置如下：
「字段」：「id」
「统计函数」：「重复数」
「过滤条件」：「手动配置：id<=100」
「校验方法」：「固定值」
「期望值」：「=0」
「强弱规则」选择「弱规则」
「规则描述」输入「测试规则」
13. 「监控规则8」配置如下：
「字段」：「age」
「统计函数」：「多表唯一性判断」
「过滤条件」：「手动配置：id<=100」
「校验字段逻辑」：「唯一」
「和其他表的校验关系」：「且」
「选择对比表」：「${TABLE}」
「对比表字段」：「id」
「校验字段逻辑」：「唯一」
「强弱规则」选择「弱规则」
「规则描述」输入「测试规则」
14. 点击【添加规则-统计性校验】
15. 「监控规则9」配置如下：
「字段」：「name」
「统计函数」：「异常值检测」
「过滤条件」：「手动配置：id<=100」
「校验方法」：「IQR离群点数量」
「期望值」：「=1」
「强弱规则」选择「弱规则」
「规则描述」输入「测试规则」
16. 点击【添加规则-自定义SQL】
17. 「监控规则10」配置如下：
「规则类型」：「完整性校验」
「引用规则」：「自定义规则测试」
「sql」：「select * from ${tableName} where ${colName} = ${value}」
「参数」：「${tableName}：pw_test.test_info_1」、「${colName}：id」、「${value}：1」
「校验方法」：「固定值」
「期望值」：「=1」
「强弱规则」选择「弱规则」
「规则描述」输入「测试规则」
18. 点击【添加规则-一致性校验】
19. 「监控规则11」配置如下：
「校验类型」：「多表数据一致性比对」
「选择校验字段」：「id、name」
「选择校验表主键」：「id」
「对比表」：「${TABLE}」
「选择对比表主键」：「id」
「校验表比对字段」：「id」、「name」
「对比表1」：「id」、「name」
「强弱规则」选择「弱规则」
「规则描述」输入「测试规则」
20. 点击【添加规则-时效性校验】
21. 「监控规则12」配置如下：
「字段」：「buy_date」
「统计函数」：「周期性校验（单字段时间差校验）」
「过滤条件」：「手动配置：id<=100」
「选择排序字段」：「id」
「时间差」：「>=1秒」
「强弱规则」选择「弱规则」
「规则描述」输入「测试规则」
22. 「监控规则13」配置如下：
「字段」：「id」
「统计函数」：「及时性校验（多字段时间差校验）」
「过滤条件」：「手动配置：id<=100」
「选择对比字段组」：「buy_date、dt」
「时间差」：「<1分钟」
「大小关系」：「buy_date<dt」
「强弱规则」选择「弱规则」
「规则描述」输入「测试规则」
23. 点击【添加规则-合理性校验】
24. 「监控规则14」配置如下：
「字段」：「age」
「统计函数」：「数据变化趋势」
「过滤条件」：「手动配置：id<=100」
「选择排序字段」：「id」
「校验方法」：「单调递增」
「强弱规则」选择「弱规则」
「规则描述」输入「测试规则」
25. 「监控规则15」配置如下：
「字段」：「age」
「统计函数」：「字段值计算对比」
「过滤条件」：「手动配置：id<=100」
「计算逻辑配置」：「cast(string_num as double)*(id+age)」
「对比方法」：「计算结果与字段对比」、「age<「计算结果与字段对比」」
「强弱规则」选择「弱规则」
「规则描述」输入「测试规则」
26. 点击【保存】按钮
27. 进入「规则任务管理-监控对象」页面
28. 「规则名称」输入「test_rule」
「选择数据源」选择「${DATASOURCE}」
「选择数据库」选择「${DATABASE}」
「选择数据表」选择「${TABLE}」
选择已有分区
「抽样检查设置」：「抽样设置：百分比抽样50%」
29. 引入规则包「可合并+不可合并部分规则」，点击「下一步」按钮
30. 配置「调度属性」，保存规则，且「调度属性」中配置「规则报告」为最新结果
31. 点开规则详情，查看规则sql
32. 临时运行规则，查看实例详情
33. 查看质量报告","1. 页面正常打开
2. 基础信息配置成功；
进入「监控规则」配置页
3. 选择成功，页面显示「完整性校验」规则配置区域
4. 监控规则1配置完成
5. 监控规则2配置完成
6. 监控规则3配置完成
7. 选择成功，页面显示「有效性校验」规则配置区域
8. 监控规则4配置完成
9. 监控规则5配置完成
10. 监控规则6配置完成
11. 选择成功，页面显示「唯一性校验」规则配置区域
12. 监控规则7配置完成
13. 监控规则8配置完成
14. 选择成功，页面显示「统计性校验」规则配置区域
15. 监控规则9配置完成
16. 选择成功，页面显示「自定义SQL」规则配置区域
17. 监控规则10配置完成
18. 选择成功，页面显示「一致性校验」规则配置区域
19. 监控规则11配置完成
20. 选择成功，页面显示「时效性校验」规则配置区域
21. 监控规则12配置完成
22. 监控规则13配置完成
23. 选择成功，页面显示「合理性校验」规则配置区域
24. 监控规则14配置完成
25. 监控规则15配置完成
26. 规则保存成功
27. 页面正常打开
28. 监控对象配置成功；
进入「监控规则」配置页
29. 引入正确，规则内容置灰，进入「调度属性」
30. 规则保存成功
31. 1）子规则1、2、4、5都进行合并，且脏数据存储表为同一个
2）其余子规则与原本sql逻辑一致，未进行改变
32. 结果符合预期，且实例详情展示正确，未通过的子规则可查看明细
33. 结果正确，符合配置的规则内容","1. 
2. 
3. 
4. 
5. 
6. 
7. 
8. 
9. 
10. 
11. 
12. 
13. 
14. 
15. 
16. 
17. 
18. 
19. 
20. 
21. 
22. 
23. 
24. 
25. 
26. 
27. 
28. 
29. 
30. 
31. 
32. 
33.","","2","功能测试","功能测试阶段","正常","0","0","33","","听筠","2026-05-26","","0000-00-00","1","",""
"185967","数据资产_STD(#23)","/版本迭代测试用例/v6.4.11/【岚图】【数据资产】数据质量任务性能优化，规则sql合并/可合并+不可合并(#10583)","【岚图】【数据资产】数据质量任务、落标检查任务性能优化，规则sql合并(#15862)","验证「可合并和不可合并」-「抽样开启」校验功能","已有表test_info_1
CREATE TABLE pw_test.test_info_1 (
id INT COMMENT &#039;用户ID&#039;,
age INT COMMENT &#039;年龄&#039;,
string_num STRING COMMENT &#039;string类型的编号&#039;,
name STRING COMMENT &#039;姓名&#039;,
address STRING COMMENT &#039;地址&#039;,
money STRING COMMENT &#039;金额&#039;,
buy_date DATE COMMENT &#039;购买日期&#039;,
date_detail STRING COMMENT &#039;日期详情&#039;
)
COMMENT &#039;测试信息表&#039;
PARTITIONED BY (
dt STRING COMMENT &#039;分区日期，格式：yyyy-MM-dd&#039;
)
STORED AS ORC;

-- 插入6行数据
INSERT INTO TABLE pw_test.test_info_1
PARTITION (dt)
SELECT
1 + user_idx AS id,
CASE user_idx
WHEN 0 THEN 25 WHEN 1 THEN 30 WHEN 2 THEN 28
WHEN 3 THEN 35 WHEN 4 THEN 22 ELSE 29
END AS age,
CASE user_idx
WHEN 0 THEN &#039;001&#039; WHEN 1 THEN &#039;002&#039; WHEN 2 THEN &#039;003&#039;
WHEN 3 THEN &#039;004&#039; WHEN 4 THEN &#039;005&#039; ELSE &#039;006&#039;
END AS string_num,
CASE user_idx
WHEN 0 THEN &#039;张三&#039; WHEN 1 THEN &#039;李四&#039; WHEN 2 THEN &#039;王五&#039;
WHEN 3 THEN &#039;赵六&#039; WHEN 4 THEN &#039;小明&#039; ELSE &#039;小红&#039;
END AS name,
CASE user_idx
WHEN 0 THEN &#039;北京市朝阳区&#039; WHEN 1 THEN &#039;上海市浦东新区&#039; WHEN 2 THEN &#039;广州市天河区&#039;
WHEN 3 THEN &#039;深圳市南山区&#039; WHEN 4 THEN &#039;杭州市西湖区&#039; ELSE &#039;成都市武侯区&#039;
END AS address,
CASE user_idx
WHEN 0 THEN &#039;5000.00&#039; WHEN 1 THEN &#039;6800.50&#039; WHEN 2 THEN &#039;4200.00&#039;
WHEN 3 THEN &#039;9500.00&#039; WHEN 4 THEN &#039;3100.00&#039; ELSE &#039;5600.00&#039;
END AS money,
DATE_ADD(CURRENT_DATE(), -30 + user_idx) AS buy_date,
CASE user_idx
WHEN 0 THEN &#039;订单已完成&#039; WHEN 1 THEN &#039;待发货&#039; WHEN 2 THEN &#039;已取消&#039;
WHEN 3 THEN &#039;配送中&#039; WHEN 4 THEN &#039;已完成&#039; ELSE &#039;退款中&#039;
END AS date_detail,
&#039;${bizDate}&#039; AS dt
FROM (
SELECT 0 AS user_idx UNION ALL SELECT 1 UNION ALL SELECT 2
UNION ALL SELECT 3 UNION ALL SELECT 4 UNION ALL SELECT 5
) users;","1. 进入「资产-数据质量-规则集管理-基础信息」页面
2. 「选择数据源」选择「${DATASOURCE}」
「选择数据库」选择「${DATABASE}」
「选择数据表」选择「${TABLE}」
「规则包名称」填写「可合并+不可合并部分规则」
3. 点击「新增规则包」-「可合并+不可合并部分规则」，点击【添加规则-完整性校验】
4. 「监控规则1」配置如下：
「生效范围」：「字段级」
「字段」：「id」
「统计函数」：「空值数」
「过滤条件」：「手动配置：id<=100」
「校验方法」：「固定值」
「期望值」：「=0」
「强弱规则」选择「弱规则」
「规则描述」输入「测试规则」
5. 「监控规则2」配置如下：
「生效范围」：「字段级」
「字段」：「name，address」
「字段间规则逻辑」：「or」
「统计函数」：「空串数」
「过滤条件」：「手动配置：id<=100」
「校验方法」：「固定值」
「期望值」：「<=0」
「强弱规则」选择「弱规则」
「规则描述」输入「测试规则」
6. 「监控规则3」配置如下：（不合并）
「生效范围」：「字段级」
「字段」：「string_num」
「统计函数」：「字段取值校验」
「过滤条件」：「手动配置：id<=100」
「期望值」：「>=1」
「强弱规则」选择「弱规则」
「规则描述」输入「测试规则」
7. 点击【添加规则-有效性校验】
8. 「监控规则4」配置如下：
「字段」：「id」
「统计函数」：「数值-取值范围」
「过滤条件」：「手动配置：id<=100」
「校验方法」：「固定值」
「期望值」：「>20且<100」
「强弱规则」选择「弱规则」
「规则描述」输入「测试规则」
9. 「监控规则5」配置如下：
「字段」：「string_num」
「统计函数」：「数值-枚举个数」
「过滤条件」：「手动配置：id<=100」
「校验方法」：「固定值」
「期望值」：「<2」
「强弱规则」选择「弱规则」
「规则描述」输入「测试规则」
10. 「监控规则6」配置如下：（不合并）
「字段」：「address」
「统计规则」：「字符串长度」
「校验方法」：「固定值」
「期望值」：「>=1」
「过滤条件」：「手动配置：id<=100」
「强弱规则」选择「弱规则」
「规则描述」输入「测试规则」
11. 点击【添加规则-唯一性校验】
12. 「监控规则7」配置如下：
「字段」：「id」
「统计函数」：「重复数」
「过滤条件」：「手动配置：id<=100」
「校验方法」：「固定值」
「期望值」：「=0」
「强弱规则」选择「弱规则」
「规则描述」输入「测试规则」
13. 「监控规则8」配置如下：
「字段」：「age」
「统计函数」：「多表唯一性判断」
「过滤条件」：「手动配置：id<=100」
「校验字段逻辑」：「唯一」
「和其他表的校验关系」：「且」
「选择对比表」：「${TABLE}」
「对比表字段」：「id」
「校验字段逻辑」：「唯一」
「强弱规则」选择「弱规则」
「规则描述」输入「测试规则」
14. 点击【添加规则-统计性校验】
15. 「监控规则9」配置如下：
「字段」：「name」
「统计函数」：「异常值检测」
「过滤条件」：「手动配置：id<=100」
「校验方法」：「IQR离群点数量」
「期望值」：「=1」
「强弱规则」选择「弱规则」
「规则描述」输入「测试规则」
16. 点击【添加规则-自定义SQL】
17. 「监控规则10」配置如下：
「规则类型」：「完整性校验」
「引用规则」：「自定义规则测试」
「sql」：「select * from ${tableName} where ${colName} = ${value}」
「参数」：「${tableName}：pw_test.test_info_1」、「${colName}：id」、「${value}：1」
「校验方法」：「固定值」
「期望值」：「=1」
「强弱规则」选择「弱规则」
「规则描述」输入「测试规则」
18. 点击【添加规则-一致性校验】
19. 「监控规则11」配置如下：
「校验类型」：「多表数据一致性比对」
「选择校验字段」：「id、name」
「选择校验表主键」：「id」
「对比表」：「${TABLE}」
「选择对比表主键」：「id」
「校验表比对字段」：「id」、「name」
「对比表1」：「id」、「name」
「强弱规则」选择「弱规则」
「规则描述」输入「测试规则」
20. 点击【添加规则-时效性校验】
21. 「监控规则12」配置如下：
「字段」：「buy_date」
「统计函数」：「周期性校验（单字段时间差校验）」
「过滤条件」：「手动配置：id<=100」
「选择排序字段」：「id」
「时间差」：「>=1秒」
「强弱规则」选择「弱规则」
「规则描述」输入「测试规则」
22. 「监控规则13」配置如下：
「字段」：「id」
「统计函数」：「及时性校验（多字段时间差校验）」
「过滤条件」：「手动配置：id<=100」
「选择对比字段组」：「buy_date、dt」
「时间差」：「<1分钟」
「大小关系」：「buy_date<dt」
「强弱规则」选择「弱规则」
「规则描述」输入「测试规则」
23. 点击【添加规则-合理性校验】
24. 「监控规则14」配置如下：
「字段」：「age」
「统计函数」：「数据变化趋势」
「过滤条件」：「手动配置：id<=100」
「选择排序字段」：「id」
「校验方法」：「单调递增」
「强弱规则」选择「弱规则」
「规则描述」输入「测试规则」
25. 「监控规则15」配置如下：
「字段」：「age」
「统计函数」：「字段值计算对比」
「过滤条件」：「手动配置：id<=100」
「计算逻辑配置」：「cast(string_num as double)*(id+age)」
「对比方法」：「计算结果与字段对比」、「age<「计算结果与字段对比」」
「强弱规则」选择「弱规则」
「规则描述」输入「测试规则」
26. 点击【保存】按钮
27. 进入「规则任务管理-监控对象」页面
28. 「规则名称」输入「test_rule」
「选择数据源」选择「${DATASOURCE}」
「选择数据库」选择「${DATABASE}」
「选择数据表」选择「${TABLE}」
「抽样检查设置」：「抽样设置：百分比抽样50%」
29. 引入规则包「可合并+不可合并部分规则」，点击「下一步」按钮
30. 配置「调度属性」，保存规则，且「调度属性」中配置「规则报告」为最新结果
31. 点开规则详情，查看规则sql
32. 临时运行规则，查看实例详情
33. 查看质量报告","1. 页面正常打开
2. 基础信息配置成功；
进入「监控规则」配置页
3. 选择成功，页面显示「完整性校验」规则配置区域
4. 监控规则1配置完成
5. 监控规则2配置完成
6. 监控规则3配置完成
7. 选择成功，页面显示「有效性校验」规则配置区域
8. 监控规则4配置完成
9. 监控规则5配置完成
10. 监控规则6配置完成
11. 选择成功，页面显示「唯一性校验」规则配置区域
12. 监控规则7配置完成
13. 监控规则8配置完成
14. 选择成功，页面显示「统计性校验」规则配置区域
15. 监控规则9配置完成
16. 选择成功，页面显示「自定义SQL」规则配置区域
17. 监控规则10配置完成
18. 选择成功，页面显示「一致性校验」规则配置区域
19. 监控规则11配置完成
20. 选择成功，页面显示「时效性校验」规则配置区域
21. 监控规则12配置完成
22. 监控规则13配置完成
23. 选择成功，页面显示「合理性校验」规则配置区域
24. 监控规则14配置完成
25. 监控规则15配置完成
26. 规则保存成功
27. 页面正常打开
28. 监控对象配置成功；
进入「监控规则」配置页
29. 引入正确，规则内容置灰，进入「调度属性」
30. 规则保存成功
31. 1）子规则1、2、4、5都进行合并，且脏数据存储表为同一个
2）其余子规则与原本sql逻辑一致，未进行改变
32. 结果符合预期，且实例详情展示正确，未通过的子规则可查看明细
33. 结果正确，符合配置的规则内容","1. 
2. 
3. 
4. 
5. 
6. 
7. 
8. 
9. 
10. 
11. 
12. 
13. 
14. 
15. 
16. 
17. 
18. 
19. 
20. 
21. 
22. 
23. 
24. 
25. 
26. 
27. 
28. 
29. 
30. 
31. 
32. 
33.","","2","功能测试","功能测试阶段","正常","0","0","33","","听筠","2026-05-26","","0000-00-00","1","",""
"185966","数据资产_STD(#23)","/版本迭代测试用例/v6.4.11/【岚图】【数据资产】数据质量任务性能优化，规则sql合并/可合并+不可合并(#10583)","【岚图】【数据资产】数据质量任务、落标检查任务性能优化，规则sql合并(#15862)","验证「可合并和不可合并」-「抽样关闭」校验功能","已有表test_info_1
CREATE TABLE pw_test.test_info_1 (
id INT COMMENT &#039;用户ID&#039;,
age INT COMMENT &#039;年龄&#039;,
string_num STRING COMMENT &#039;string类型的编号&#039;,
name STRING COMMENT &#039;姓名&#039;,
address STRING COMMENT &#039;地址&#039;,
money STRING COMMENT &#039;金额&#039;,
buy_date DATE COMMENT &#039;购买日期&#039;,
date_detail STRING COMMENT &#039;日期详情&#039;
)
COMMENT &#039;测试信息表&#039;
PARTITIONED BY (
dt STRING COMMENT &#039;分区日期，格式：yyyy-MM-dd&#039;
)
STORED AS ORC;

-- 插入6行数据
INSERT INTO TABLE pw_test.test_info_1
PARTITION (dt)
SELECT
1 + user_idx AS id,
CASE user_idx
WHEN 0 THEN 25 WHEN 1 THEN 30 WHEN 2 THEN 28
WHEN 3 THEN 35 WHEN 4 THEN 22 ELSE 29
END AS age,
CASE user_idx
WHEN 0 THEN &#039;001&#039; WHEN 1 THEN &#039;002&#039; WHEN 2 THEN &#039;003&#039;
WHEN 3 THEN &#039;004&#039; WHEN 4 THEN &#039;005&#039; ELSE &#039;006&#039;
END AS string_num,
CASE user_idx
WHEN 0 THEN &#039;张三&#039; WHEN 1 THEN &#039;李四&#039; WHEN 2 THEN &#039;王五&#039;
WHEN 3 THEN &#039;赵六&#039; WHEN 4 THEN &#039;小明&#039; ELSE &#039;小红&#039;
END AS name,
CASE user_idx
WHEN 0 THEN &#039;北京市朝阳区&#039; WHEN 1 THEN &#039;上海市浦东新区&#039; WHEN 2 THEN &#039;广州市天河区&#039;
WHEN 3 THEN &#039;深圳市南山区&#039; WHEN 4 THEN &#039;杭州市西湖区&#039; ELSE &#039;成都市武侯区&#039;
END AS address,
CASE user_idx
WHEN 0 THEN &#039;5000.00&#039; WHEN 1 THEN &#039;6800.50&#039; WHEN 2 THEN &#039;4200.00&#039;
WHEN 3 THEN &#039;9500.00&#039; WHEN 4 THEN &#039;3100.00&#039; ELSE &#039;5600.00&#039;
END AS money,
DATE_ADD(CURRENT_DATE(), -30 + user_idx) AS buy_date,
CASE user_idx
WHEN 0 THEN &#039;订单已完成&#039; WHEN 1 THEN &#039;待发货&#039; WHEN 2 THEN &#039;已取消&#039;
WHEN 3 THEN &#039;配送中&#039; WHEN 4 THEN &#039;已完成&#039; ELSE &#039;退款中&#039;
END AS date_detail,
&#039;${bizDate}&#039; AS dt
FROM (
SELECT 0 AS user_idx UNION ALL SELECT 1 UNION ALL SELECT 2
UNION ALL SELECT 3 UNION ALL SELECT 4 UNION ALL SELECT 5
) users;","1. 进入「资产-数据质量-规则集管理-基础信息」页面
2. 「选择数据源」选择「${DATASOURCE}」
「选择数据库」选择「${DATABASE}」
「选择数据表」选择「${TABLE}」
「规则包名称」填写「可合并+不可合并部分规则」
3. 点击「新增规则包」-「可合并+不可合并部分规则」，点击【添加规则-完整性校验】
4. 「监控规则1」配置如下：
「生效范围」：「字段级」
「字段」：「id」
「统计函数」：「空值数」
「过滤条件」：「手动配置：id<=100」
「校验方法」：「固定值」
「期望值」：「=0」
「强弱规则」选择「弱规则」
「规则描述」输入「测试规则」
5. 「监控规则2」配置如下：
「生效范围」：「字段级」
「字段」：「name，address」
「字段间规则逻辑」：「or」
「统计函数」：「空串数」
「过滤条件」：「手动配置：id<=100」
「校验方法」：「固定值」
「期望值」：「<=0」
「强弱规则」选择「弱规则」
「规则描述」输入「测试规则」
6. 「监控规则3」配置如下：（不合并）
「生效范围」：「字段级」
「字段」：「string_num」
「统计函数」：「字段取值校验」
「过滤条件」：「手动配置：id<=100」
「期望值」：「>=1」
「强弱规则」选择「弱规则」
「规则描述」输入「测试规则」
7. 点击【添加规则-有效性校验】
8. 「监控规则4」配置如下：
「字段」：「id」
「统计函数」：「数值-取值范围」
「过滤条件」：「手动配置：id<=100」
「校验方法」：「固定值」
「期望值」：「>20且<100」
「强弱规则」选择「弱规则」
「规则描述」输入「测试规则」
9. 「监控规则5」配置如下：
「字段」：「string_num」
「统计函数」：「数值-枚举个数」
「过滤条件」：「手动配置：id<=100」
「校验方法」：「固定值」
「期望值」：「<2」
「强弱规则」选择「弱规则」
「规则描述」输入「测试规则」
10. 「监控规则6」配置如下：（不合并）
「字段」：「address」
「统计规则」：「字符串长度」
「校验方法」：「固定值」
「期望值」：「>=1」
「过滤条件」：「手动配置：id<=100」
「强弱规则」选择「弱规则」
「规则描述」输入「测试规则」
11. 点击【添加规则-唯一性校验】
12. 「监控规则7」配置如下：
「字段」：「id」
「统计函数」：「重复数」
「过滤条件」：「手动配置：id<=100」
「校验方法」：「固定值」
「期望值」：「=0」
「强弱规则」选择「弱规则」
「规则描述」输入「测试规则」
13. 「监控规则8」配置如下：
「字段」：「age」
「统计函数」：「多表唯一性判断」
「过滤条件」：「手动配置：id<=100」
「校验字段逻辑」：「唯一」
「和其他表的校验关系」：「且」
「选择对比表」：「${TABLE}」
「对比表字段」：「id」
「校验字段逻辑」：「唯一」
「强弱规则」选择「弱规则」
「规则描述」输入「测试规则」
14. 点击【添加规则-统计性校验】
15. 「监控规则9」配置如下：
「字段」：「name」
「统计函数」：「异常值检测」
「过滤条件」：「手动配置：id<=100」
「校验方法」：「IQR离群点数量」
「期望值」：「=1」
「强弱规则」选择「弱规则」
「规则描述」输入「测试规则」
16. 点击【添加规则-自定义SQL】
17. 「监控规则10」配置如下：
「规则类型」：「完整性校验」
「引用规则」：「自定义规则测试」
「sql」：「select * from ${tableName} where ${colName} = ${value}」
「参数」：「${tableName}：pw_test.test_info_1」、「${colName}：id」、「${value}：1」
「校验方法」：「固定值」
「期望值」：「=1」
「强弱规则」选择「弱规则」
「规则描述」输入「测试规则」
18. 点击【添加规则-一致性校验】
19. 「监控规则11」配置如下：
「校验类型」：「多表数据一致性比对」
「选择校验字段」：「id、name」
「选择校验表主键」：「id」
「对比表」：「${TABLE}」
「选择对比表主键」：「id」
「校验表比对字段」：「id」、「name」
「对比表1」：「id」、「name」
「强弱规则」选择「弱规则」
「规则描述」输入「测试规则」
20. 点击【添加规则-时效性校验】
21. 「监控规则12」配置如下：
「字段」：「buy_date」
「统计函数」：「周期性校验（单字段时间差校验）」
「过滤条件」：「手动配置：id<=100」
「选择排序字段」：「id」
「时间差」：「>=1秒」
「强弱规则」选择「弱规则」
「规则描述」输入「测试规则」
22. 「监控规则13」配置如下：
「字段」：「id」
「统计函数」：「及时性校验（多字段时间差校验）」
「过滤条件」：「手动配置：id<=100」
「选择对比字段组」：「buy_date、dt」
「时间差」：「<1分钟」
「大小关系」：「buy_date<dt」
「强弱规则」选择「弱规则」
「规则描述」输入「测试规则」
23. 点击【添加规则-合理性校验】
24. 「监控规则14」配置如下：
「字段」：「age」
「统计函数」：「数据变化趋势」
「过滤条件」：「手动配置：id<=100」
「选择排序字段」：「id」
「校验方法」：「单调递增」
「强弱规则」选择「弱规则」
「规则描述」输入「测试规则」
25. 「监控规则15」配置如下：
「字段」：「age」
「统计函数」：「字段值计算对比」
「过滤条件」：「手动配置：id<=100」
「计算逻辑配置」：「cast(string_num as double)*(id+age)」
「对比方法」：「计算结果与字段对比」、「age<「计算结果与字段对比」」
「强弱规则」选择「弱规则」
「规则描述」输入「测试规则」
26. 点击【保存】按钮
27. 进入「规则任务管理-监控对象」页面
28. 「规则名称」输入「test_rule」
「选择数据源」选择「${DATASOURCE}」
「选择数据库」选择「${DATABASE}」
「选择数据表」选择「${TABLE}」
不开启「抽样检查设置」
29. 引入规则包「可合并+不可合并部分规则」，点击「下一步」按钮
30. 配置「调度属性」，保存规则，且「调度属性」中配置「规则报告」为最新结果
31. 点开规则详情，查看规则sql
32. 临时运行规则，查看实例详情
33. 查看质量报告","1. 页面正常打开
2. 基础信息配置成功；
进入「监控规则」配置页
3. 选择成功，页面显示「完整性校验」规则配置区域
4. 监控规则1配置完成
5. 监控规则2配置完成
6. 监控规则3配置完成
7. 选择成功，页面显示「有效性校验」规则配置区域
8. 监控规则4配置完成
9. 监控规则5配置完成
10. 监控规则6配置完成
11. 选择成功，页面显示「唯一性校验」规则配置区域
12. 监控规则7配置完成
13. 监控规则8配置完成
14. 选择成功，页面显示「统计性校验」规则配置区域
15. 监控规则9配置完成
16. 选择成功，页面显示「自定义SQL」规则配置区域
17. 监控规则10配置完成
18. 选择成功，页面显示「一致性校验」规则配置区域
19. 监控规则11配置完成
20. 选择成功，页面显示「时效性校验」规则配置区域
21. 监控规则12配置完成
22. 监控规则13配置完成
23. 选择成功，页面显示「合理性校验」规则配置区域
24. 监控规则14配置完成
25. 监控规则15配置完成
26. 规则保存成功
27. 页面正常打开
28. 监控对象配置成功；
进入「监控规则」配置页
29. 引入正确，规则内容置灰，进入「调度属性」
30. 规则保存成功
31. 1）子规则1、2、4、5都进行合并，且脏数据存储表为同一个
2）其余子规则与原本sql逻辑一致，未进行改变
32. 结果符合预期，且实例详情展示正确，未通过的子规则可查看明细
33. 结果正确，符合配置的规则内容","1. 
2. 
3. 
4. 
5. 
6. 
7. 
8. 
9. 
10. 
11. 
12. 
13. 
14. 
15. 
16. 
17. 
18. 
19. 
20. 
21. 
22. 
23. 
24. 
25. 
26. 
27. 
28. 
29. 
30. 
31. 
32. 
33.","","2","功能测试","功能测试阶段","正常","0","0","33","","听筠","2026-05-26","","0000-00-00","1","",""
"185965","数据资产_STD(#23)","/版本迭代测试用例/v6.4.11/【岚图】【数据资产】数据质量任务性能优化，规则sql合并/不可合并(#10582)","【岚图】【数据资产】数据质量任务、落标检查任务性能优化，规则sql合并(#15862)","验证「不可合并部分规则」-「抽样开启」-「设置分区」校验功能","1、已有表test_info_1
CREATE TABLE pw_test.test_info_1 (
id INT COMMENT &#039;用户ID&#039;,
age INT COMMENT &#039;年龄&#039;,
string_num STRING COMMENT &#039;string类型的编号&#039;,
name STRING COMMENT &#039;姓名&#039;,
address STRING COMMENT &#039;地址&#039;,
money STRING COMMENT &#039;金额&#039;,
buy_date DATE COMMENT &#039;购买日期&#039;,
date_detail STRING COMMENT &#039;日期详情&#039;
)
COMMENT &#039;测试信息表&#039;
PARTITIONED BY (
dt STRING COMMENT &#039;分区日期，格式：yyyy-MM-dd&#039;
)
STORED AS ORC;

-- 插入6行数据
INSERT INTO TABLE pw_test.test_info_1
PARTITION (dt)
SELECT
1 + user_idx AS id,
CASE user_idx
WHEN 0 THEN 25 WHEN 1 THEN 30 WHEN 2 THEN 28
WHEN 3 THEN 35 WHEN 4 THEN 22 ELSE 29
END AS age,
CASE user_idx
WHEN 0 THEN &#039;001&#039; WHEN 1 THEN &#039;002&#039; WHEN 2 THEN &#039;003&#039;
WHEN 3 THEN &#039;004&#039; WHEN 4 THEN &#039;005&#039; ELSE &#039;006&#039;
END AS string_num,
CASE user_idx
WHEN 0 THEN &#039;张三&#039; WHEN 1 THEN &#039;李四&#039; WHEN 2 THEN &#039;王五&#039;
WHEN 3 THEN &#039;赵六&#039; WHEN 4 THEN &#039;小明&#039; ELSE &#039;小红&#039;
END AS name,
CASE user_idx
WHEN 0 THEN &#039;北京市朝阳区&#039; WHEN 1 THEN &#039;上海市浦东新区&#039; WHEN 2 THEN &#039;广州市天河区&#039;
WHEN 3 THEN &#039;深圳市南山区&#039; WHEN 4 THEN &#039;杭州市西湖区&#039; ELSE &#039;成都市武侯区&#039;
END AS address,
CASE user_idx
WHEN 0 THEN &#039;5000.00&#039; WHEN 1 THEN &#039;6800.50&#039; WHEN 2 THEN &#039;4200.00&#039;
WHEN 3 THEN &#039;9500.00&#039; WHEN 4 THEN &#039;3100.00&#039; ELSE &#039;5600.00&#039;
END AS money,
DATE_ADD(CURRENT_DATE(), -30 + user_idx) AS buy_date,
CASE user_idx
WHEN 0 THEN &#039;订单已完成&#039; WHEN 1 THEN &#039;待发货&#039; WHEN 2 THEN &#039;已取消&#039;
WHEN 3 THEN &#039;配送中&#039; WHEN 4 THEN &#039;已完成&#039; ELSE &#039;退款中&#039;
END AS date_detail,
&#039;${bizDate}&#039; AS dt
FROM (
SELECT 0 AS user_idx UNION ALL SELECT 1 UNION ALL SELECT 2
UNION ALL SELECT 3 UNION ALL SELECT 4 UNION ALL SELECT 5
) users;

2、【资产-数据质量-规则库配置】已存在自定义SQL模板：
自定义规则测试：规则分类-完整性校验；关联范围-字段；sql-select * from ${tableName} where ${colName} = ${value}","1. 进入「资产-数据质量-规则集管理-基础信息」页面
2. 「选择数据源」选择「${DATASOURCE}」
「选择数据库」选择「${DATABASE}」
「选择数据表」选择「${TABLE}」
「规则包名称」填写「不可合并部分规则」
3. 点击「新增规则包」-「不可合并部分规则」，点击【添加规则-完整性校验】
4. 「监控规则1」配置如下：
「生效范围」：「字段级」
「字段」：「string_num」
「统计函数」：「字段取值校验」
「过滤条件」：「手动配置：id<=100」
「期望值」：「>=1」
「强弱规则」选择「弱规则」
「规则描述」输入「测试规则」
5. 「监控规则2」配置如下：
「生效范围」：「多表数据行数对比」
「对比表所属库」：「${DATABASE}」
「对比表」：「${TABLE}」
「强弱规则」选择「弱规则」
「规则描述」输入「测试规则」
6. 点击【添加规则-有效性校验】
7. 「监控规则3」配置如下：
「字段」：「address」
「统计规则」：「字符串长度」
「校验方法」：「固定值」
「期望值」：「>=1」
「过滤条件」：「手动配置：id<=100」
「强弱规则」选择「弱规则」
「规则描述」输入「测试规则」
8. 「监控规则4」配置如下：
「字段」：「money」
「统计规则」：「数据精度」
「小数点前最大位」：「=4」且
「小数点后最大位」：「=1」
「过滤条件」：「手动配置：id<=100」
「强弱规则」选择「弱规则」
「规则描述」输入「测试规则」
9. 点击【添加规则-唯一性校验】
10. 「监控规则5」配置如下：
「字段」：「id」
「统计函数」：「重复数」
「过滤条件」：「手动配置：id<=100」
「校验方法」：「固定值」
「期望值」：「=0」
「强弱规则」选择「弱规则」
「规则描述」输入「测试规则」
11. 「监控规则6」配置如下：
「字段」：「age」
「统计函数」：「多表唯一性判断」
「过滤条件」：「手动配置：id<=100」
「校验字段逻辑」：「唯一」
「和其他表的校验关系」：「且」
「选择对比表」：「${TABLE}」
「对比表字段」：「id」
「校验字段逻辑」：「唯一」
「强弱规则」选择「弱规则」
「规则描述」输入「测试规则」
12. 点击【添加规则-统计性校验】
13. 「监控规则7」配置如下：
「字段」：「name」
「统计函数」：「异常值检测」
「过滤条件」：「手动配置：id<=100」
「校验方法」：「IQR离群点数量」
「期望值」：「=1」
「强弱规则」选择「弱规则」
「规则描述」输入「测试规则」
14. 点击【添加规则-自定义SQL】
15. 「监控规则8」配置如下：
「规则类型」：「完整性校验」
「引用规则」：「自定义规则测试」
「sql」：「select * from ${tableName} where ${colName} = ${value}」
「参数」：「${tableName}：pw_test.test_info_1」、「${colName}：id」、「${value}：1」
「校验方法」：「固定值」
「期望值」：「=1」
「强弱规则」选择「弱规则」
「规则描述」输入「测试规则」
16. 点击【添加规则-一致性校验】
17. 「监控规则9」配置如下：
「校验类型」：「多表数据一致性比对」
「选择校验字段」：「id、name」
「选择校验表主键」：「id」
「对比表」：「${TABLE}」
「选择对比表主键」：「id」
「校验表比对字段」：「id」、「name」
「对比表1」：「id」、「name」
「强弱规则」选择「弱规则」
「规则描述」输入「测试规则」
18. 点击【添加规则-时效性校验】
19. 「监控规则10」配置如下：
「字段」：「buy_date」
「统计函数」：「周期性校验（单字段时间差校验）」
「过滤条件」：「手动配置：id<=100」
「选择排序字段」：「id」
「时间差」：「>=1秒」
「强弱规则」选择「弱规则」
「规则描述」输入「测试规则」
20. 「监控规则11」配置如下：
「字段」：「id」
「统计函数」：「及时性校验（多字段时间差校验）」
「过滤条件」：「手动配置：id<=100」
「选择对比字段组」：「buy_date、dt」
「时间差」：「<1分钟」
「大小关系」：「buy_date<dt」
「强弱规则」选择「弱规则」
「规则描述」输入「测试规则」
21. 点击【添加规则-合理性校验】
22. 「监控规则12」配置如下：
「字段」：「age」
「统计函数」：「数据变化趋势」
「过滤条件」：「手动配置：id<=100」
「选择排序字段」：「id」
「校验方法」：「单调递增」
「强弱规则」选择「弱规则」
「规则描述」输入「测试规则」
23. 「监控规则13」配置如下：
「字段」：「age」
「统计函数」：「字段值计算对比」
「过滤条件」：「手动配置：id<=100」
「计算逻辑配置」：「cast(string_num as double)*(id+age)」
「对比方法」：「计算结果与字段对比」、「age<「计算结果与字段对比」」
「强弱规则」选择「弱规则」
「规则描述」输入「测试规则」
24. 点击【保存】按钮
25. 进入「规则任务管理-监控对象」页面
26. 「规则名称」输入「test_rule」
「选择数据源」选择「${DATASOURCE}」
「选择数据库」选择「${DATABASE}」
「选择数据表」选择「${TABLE}」
选择已有分区
「抽样检查设置」：「抽样设置：百分比抽样50%」
27. 引入规则包「不可合并部分规则」，点击「下一步」按钮
28. 配置「调度属性」，保存规则，且「调度属性」中配置「规则报告」为最新结果
29. 点开规则详情，查看规则sql
30. 临时运行规则，查看实例详情
31. 查看质量报告","1. 页面正常打开
2. 抽样开启：sql有rand()函数和 tableName_temp_sample_table_xxx 临时抽样表
3. 选择成功，页面显示「完整性校验」规则配置区域
4. 监控规则1配置完成
5. 监控规则2配置完成
6. 选择成功，页面显示「有效性校验」规则配置区域
7. 监控规则3配置完成
8. 监控规则4配置完成
9. 选择成功，页面显示「唯一性校验」规则配置区域
10. 监控规则5配置完成
11. 监控规则6配置完成
12. 选择成功，页面显示「统计性校验」规则配置区域
13. 监控规则7配置完成
14. 选择成功，页面显示「自定义SQL」规则配置区域
15. 监控规则8配置完成
16. 选择成功，页面显示「一致性校验」规则配置区域
17. 监控规则9配置完成
18. 选择成功，页面显示「时效性校验」规则配置区域
19. 监控规则10配置完成
20. 监控规则11配置完成
21. 选择成功，页面显示「合理性校验」规则配置区域
22. 监控规则12配置完成
23. 监控规则13配置完成
24. 规则保存成功
25. 页面正常打开
26. 监控对象配置成功；
进入「监控规则」配置页
27. 引入正确，规则内容置灰，进入「调度属性」
28. 规则保存成功
29. 1、sql不进行合并：
1）每一条校验规则，都单独去扫描一遍源数据表；
2）各个规则的判断计算语句都是分开写的，一条规则对应一段查询逻辑；
3）每条规则算出结果后单独成行，最后拼接把所有规则数据凑到一起；
4）不同规则的数据分开存入不同的脏数据表
30. 结果符合预期，且实例详情展示正确，未通过的子规则可查看明细
31. 结果正确，符合配置的规则内容","1. 
2. 
3. 
4. 
5. 
6. 
7. 
8. 
9. 
10. 
11. 
12. 
13. 
14. 
15. 
16. 
17. 
18. 
19. 
20. 
21. 
22. 
23. 
24. 
25. 
26. 
27. 
28. 
29. 
30. 
31.","","1","功能测试","功能测试阶段","正常","0","1","31","通过","听筠","2026-05-26","","0000-00-00","1","",""
"185964","数据资产_STD(#23)","/版本迭代测试用例/v6.4.11/【岚图】【数据资产】数据质量任务性能优化，规则sql合并/不可合并(#10582)","【岚图】【数据资产】数据质量任务、落标检查任务性能优化，规则sql合并(#15862)","验证「不可合并部分规则」-「抽样开启」校验功能","1、已有表test_info_1
CREATE TABLE pw_test.test_info_1 (
id INT COMMENT &#039;用户ID&#039;,
age INT COMMENT &#039;年龄&#039;,
string_num STRING COMMENT &#039;string类型的编号&#039;,
name STRING COMMENT &#039;姓名&#039;,
address STRING COMMENT &#039;地址&#039;,
money STRING COMMENT &#039;金额&#039;,
buy_date DATE COMMENT &#039;购买日期&#039;,
date_detail STRING COMMENT &#039;日期详情&#039;
)
COMMENT &#039;测试信息表&#039;
PARTITIONED BY (
dt STRING COMMENT &#039;分区日期，格式：yyyy-MM-dd&#039;
)
STORED AS ORC;

-- 插入6行数据
INSERT INTO TABLE pw_test.test_info_1
PARTITION (dt)
SELECT
1 + user_idx AS id,
CASE user_idx
WHEN 0 THEN 25 WHEN 1 THEN 30 WHEN 2 THEN 28
WHEN 3 THEN 35 WHEN 4 THEN 22 ELSE 29
END AS age,
CASE user_idx
WHEN 0 THEN &#039;001&#039; WHEN 1 THEN &#039;002&#039; WHEN 2 THEN &#039;003&#039;
WHEN 3 THEN &#039;004&#039; WHEN 4 THEN &#039;005&#039; ELSE &#039;006&#039;
END AS string_num,
CASE user_idx
WHEN 0 THEN &#039;张三&#039; WHEN 1 THEN &#039;李四&#039; WHEN 2 THEN &#039;王五&#039;
WHEN 3 THEN &#039;赵六&#039; WHEN 4 THEN &#039;小明&#039; ELSE &#039;小红&#039;
END AS name,
CASE user_idx
WHEN 0 THEN &#039;北京市朝阳区&#039; WHEN 1 THEN &#039;上海市浦东新区&#039; WHEN 2 THEN &#039;广州市天河区&#039;
WHEN 3 THEN &#039;深圳市南山区&#039; WHEN 4 THEN &#039;杭州市西湖区&#039; ELSE &#039;成都市武侯区&#039;
END AS address,
CASE user_idx
WHEN 0 THEN &#039;5000.00&#039; WHEN 1 THEN &#039;6800.50&#039; WHEN 2 THEN &#039;4200.00&#039;
WHEN 3 THEN &#039;9500.00&#039; WHEN 4 THEN &#039;3100.00&#039; ELSE &#039;5600.00&#039;
END AS money,
DATE_ADD(CURRENT_DATE(), -30 + user_idx) AS buy_date,
CASE user_idx
WHEN 0 THEN &#039;订单已完成&#039; WHEN 1 THEN &#039;待发货&#039; WHEN 2 THEN &#039;已取消&#039;
WHEN 3 THEN &#039;配送中&#039; WHEN 4 THEN &#039;已完成&#039; ELSE &#039;退款中&#039;
END AS date_detail,
&#039;${bizDate}&#039; AS dt
FROM (
SELECT 0 AS user_idx UNION ALL SELECT 1 UNION ALL SELECT 2
UNION ALL SELECT 3 UNION ALL SELECT 4 UNION ALL SELECT 5
) users;

2、【资产-数据质量-规则库配置】已存在自定义SQL模板：
自定义规则测试：规则分类-完整性校验；关联范围-字段；sql-select * from ${tableName} where ${colName} = ${value}","1. 进入「资产-数据质量-规则集管理-基础信息」页面
2. 「选择数据源」选择「${DATASOURCE}」
「选择数据库」选择「${DATABASE}」
「选择数据表」选择「${TABLE}」
「规则包名称」填写「不可合并部分规则」
3. 点击「新增规则包」-「不可合并部分规则」，点击【添加规则-完整性校验】
4. 「监控规则1」配置如下：
「生效范围」：「字段级」
「字段」：「string_num」
「统计函数」：「字段取值校验」
「过滤条件」：「手动配置：id<=100」
「期望值」：「>=1」
「强弱规则」选择「弱规则」
「规则描述」输入「测试规则」
5. 「监控规则2」配置如下：
「生效范围」：「多表数据行数对比」
「对比表所属库」：「${DATABASE}」
「对比表」：「${TABLE}」
「强弱规则」选择「弱规则」
「规则描述」输入「测试规则」
6. 点击【添加规则-有效性校验】
7. 「监控规则3」配置如下：
「字段」：「address」
「统计规则」：「字符串长度」
「校验方法」：「固定值」
「期望值」：「>=1」
「过滤条件」：「手动配置：id<=100」
「强弱规则」选择「弱规则」
「规则描述」输入「测试规则」
8. 「监控规则4」配置如下：
「字段」：「money」
「统计规则」：「数据精度」
「小数点前最大位」：「=4」且
「小数点后最大位」：「=1」
「过滤条件」：「手动配置：id<=100」
「强弱规则」选择「弱规则」
「规则描述」输入「测试规则」
9. 点击【添加规则-唯一性校验】
10. 「监控规则5」配置如下：
「字段」：「id」
「统计函数」：「重复数」
「过滤条件」：「手动配置：id<=100」
「校验方法」：「固定值」
「期望值」：「=0」
「强弱规则」选择「弱规则」
「规则描述」输入「测试规则」
11. 「监控规则6」配置如下：
「字段」：「age」
「统计函数」：「多表唯一性判断」
「过滤条件」：「手动配置：id<=100」
「校验字段逻辑」：「唯一」
「和其他表的校验关系」：「且」
「选择对比表」：「${TABLE}」
「对比表字段」：「id」
「校验字段逻辑」：「唯一」
「强弱规则」选择「弱规则」
「规则描述」输入「测试规则」
12. 点击【添加规则-统计性校验】
13. 「监控规则7」配置如下：
「字段」：「name」
「统计函数」：「异常值检测」
「过滤条件」：「手动配置：id<=100」
「校验方法」：「IQR离群点数量」
「期望值」：「=1」
「强弱规则」选择「弱规则」
「规则描述」输入「测试规则」
14. 点击【添加规则-自定义SQL】
15. 「监控规则8」配置如下：
「规则类型」：「完整性校验」
「引用规则」：「自定义规则测试」
「sql」：「select * from ${tableName} where ${colName} = ${value}」
「参数」：「${tableName}：pw_test.test_info_1」、「${colName}：id」、「${value}：1」
「校验方法」：「固定值」
「期望值」：「=1」
「强弱规则」选择「弱规则」
「规则描述」输入「测试规则」
16. 点击【添加规则-一致性校验】
17. 「监控规则9」配置如下：
「校验类型」：「多表数据一致性比对」
「选择校验字段」：「id、name」
「选择校验表主键」：「id」
「对比表」：「${TABLE}」
「选择对比表主键」：「id」
「校验表比对字段」：「id」、「name」
「对比表1」：「id」、「name」
「强弱规则」选择「弱规则」
「规则描述」输入「测试规则」
18. 点击【添加规则-时效性校验】
19. 「监控规则10」配置如下：
「字段」：「buy_date」
「统计函数」：「周期性校验（单字段时间差校验）」
「过滤条件」：「手动配置：id<=100」
「选择排序字段」：「id」
「时间差」：「>=1秒」
「强弱规则」选择「弱规则」
「规则描述」输入「测试规则」
20. 「监控规则11」配置如下：
「字段」：「id」
「统计函数」：「及时性校验（多字段时间差校验）」
「过滤条件」：「手动配置：id<=100」
「选择对比字段组」：「buy_date、dt」
「时间差」：「<1分钟」
「大小关系」：「buy_date<dt」
「强弱规则」选择「弱规则」
「规则描述」输入「测试规则」
21. 点击【添加规则-合理性校验】
22. 「监控规则12」配置如下：
「字段」：「age」
「统计函数」：「数据变化趋势」
「过滤条件」：「手动配置：id<=100」
「选择排序字段」：「id」
「校验方法」：「单调递增」
「强弱规则」选择「弱规则」
「规则描述」输入「测试规则」
23. 「监控规则13」配置如下：
「字段」：「age」
「统计函数」：「字段值计算对比」
「过滤条件」：「手动配置：id<=100」
「计算逻辑配置」：「cast(string_num as double)*(id+age)」
「对比方法」：「计算结果与字段对比」、「age<「计算结果与字段对比」」
「强弱规则」选择「弱规则」
「规则描述」输入「测试规则」
24. 点击【保存】按钮
25. 进入「规则任务管理-监控对象」页面
26. 「规则名称」输入「test_rule」
「选择数据源」选择「${DATASOURCE}」
「选择数据库」选择「${DATABASE}」
「选择数据表」选择「${TABLE}」
「抽样检查设置」：「抽样设置：百分比抽样50%」
27. 引入规则包「不可合并部分规则」，点击「下一步」按钮
28. 配置「调度属性」，保存规则，且「调度属性」中配置「规则报告」为最新结果
29. 点开规则详情，查看规则sql
30. 临时运行规则，查看实例详情
31. 查看质量报告","1. 页面正常打开
2. 抽样开启：sql有rand()函数和 tableName_temp_sample_table_xxx 临时抽样表
3. 选择成功，页面显示「完整性校验」规则配置区域
4. 监控规则1配置完成
5. 监控规则2配置完成
6. 选择成功，页面显示「有效性校验」规则配置区域
7. 监控规则3配置完成
8. 监控规则4配置完成
9. 选择成功，页面显示「唯一性校验」规则配置区域
10. 监控规则5配置完成
11. 监控规则6配置完成
12. 选择成功，页面显示「统计性校验」规则配置区域
13. 监控规则7配置完成
14. 选择成功，页面显示「自定义SQL」规则配置区域
15. 监控规则8配置完成
16. 选择成功，页面显示「一致性校验」规则配置区域
17. 监控规则9配置完成
18. 选择成功，页面显示「时效性校验」规则配置区域
19. 监控规则10配置完成
20. 监控规则11配置完成
21. 选择成功，页面显示「合理性校验」规则配置区域
22. 监控规则12配置完成
23. 监控规则13配置完成
24. 规则保存成功
25. 页面正常打开
26. 监控对象配置成功；
进入「监控规则」配置页
27. 引入正确，规则内容置灰，进入「调度属性」
28. 规则保存成功
29. 1、sql不进行合并：
1）每一条校验规则，都单独去扫描一遍源数据表；
2）各个规则的判断计算语句都是分开写的，一条规则对应一段查询逻辑；
3）每条规则算出结果后单独成行，最后拼接把所有规则数据凑到一起；
4）不同规则的数据分开存入不同的脏数据表
30. 结果符合预期，且实例详情展示正确，未通过的子规则可查看明细
31. 结果正确，符合配置的规则内容","1. 
2. 
3. 
4. 
5. 
6. 
7. 
8. 
9. 
10. 
11. 
12. 
13. 
14. 
15. 
16. 
17. 
18. 
19. 
20. 
21. 
22. 
23. 
24. 
25. 
26. 
27. 
28. 
29. 
30. 
31.","","2","功能测试","功能测试阶段","正常","0","0","31","","听筠","2026-05-26","","0000-00-00","1","",""
"185963","数据资产_STD(#23)","/版本迭代测试用例/v6.4.11/【岚图】【数据资产】数据质量任务性能优化，规则sql合并/不可合并(#10582)","【岚图】【数据资产】数据质量任务、落标检查任务性能优化，规则sql合并(#15862)","验证「不可合并部分规则」-「抽样关闭」校验功能","1、已有表test_info_1
CREATE TABLE pw_test.test_info_1 (
id INT COMMENT &#039;用户ID&#039;,
age INT COMMENT &#039;年龄&#039;,
string_num STRING COMMENT &#039;string类型的编号&#039;,
name STRING COMMENT &#039;姓名&#039;,
address STRING COMMENT &#039;地址&#039;,
money STRING COMMENT &#039;金额&#039;,
buy_date DATE COMMENT &#039;购买日期&#039;,
date_detail STRING COMMENT &#039;日期详情&#039;
)
COMMENT &#039;测试信息表&#039;
PARTITIONED BY (
dt STRING COMMENT &#039;分区日期，格式：yyyy-MM-dd&#039;
)
STORED AS ORC;

-- 插入6行数据
INSERT INTO TABLE pw_test.test_info_1
PARTITION (dt)
SELECT
1 + user_idx AS id,
CASE user_idx
WHEN 0 THEN 25 WHEN 1 THEN 30 WHEN 2 THEN 28
WHEN 3 THEN 35 WHEN 4 THEN 22 ELSE 29
END AS age,
CASE user_idx
WHEN 0 THEN &#039;001&#039; WHEN 1 THEN &#039;002&#039; WHEN 2 THEN &#039;003&#039;
WHEN 3 THEN &#039;004&#039; WHEN 4 THEN &#039;005&#039; ELSE &#039;006&#039;
END AS string_num,
CASE user_idx
WHEN 0 THEN &#039;张三&#039; WHEN 1 THEN &#039;李四&#039; WHEN 2 THEN &#039;王五&#039;
WHEN 3 THEN &#039;赵六&#039; WHEN 4 THEN &#039;小明&#039; ELSE &#039;小红&#039;
END AS name,
CASE user_idx
WHEN 0 THEN &#039;北京市朝阳区&#039; WHEN 1 THEN &#039;上海市浦东新区&#039; WHEN 2 THEN &#039;广州市天河区&#039;
WHEN 3 THEN &#039;深圳市南山区&#039; WHEN 4 THEN &#039;杭州市西湖区&#039; ELSE &#039;成都市武侯区&#039;
END AS address,
CASE user_idx
WHEN 0 THEN &#039;5000.00&#039; WHEN 1 THEN &#039;6800.50&#039; WHEN 2 THEN &#039;4200.00&#039;
WHEN 3 THEN &#039;9500.00&#039; WHEN 4 THEN &#039;3100.00&#039; ELSE &#039;5600.00&#039;
END AS money,
DATE_ADD(CURRENT_DATE(), -30 + user_idx) AS buy_date,
CASE user_idx
WHEN 0 THEN &#039;订单已完成&#039; WHEN 1 THEN &#039;待发货&#039; WHEN 2 THEN &#039;已取消&#039;
WHEN 3 THEN &#039;配送中&#039; WHEN 4 THEN &#039;已完成&#039; ELSE &#039;退款中&#039;
END AS date_detail,
&#039;${bizDate}&#039; AS dt
FROM (
SELECT 0 AS user_idx UNION ALL SELECT 1 UNION ALL SELECT 2
UNION ALL SELECT 3 UNION ALL SELECT 4 UNION ALL SELECT 5
) users;

2、【资产-数据质量-规则库配置】已存在自定义SQL模板：
自定义规则测试：规则分类-完整性校验；关联范围-字段；sql-select * from ${tableName} where ${colName} = ${value}","1. 进入「资产-数据质量-规则集管理-基础信息」页面
2. 「选择数据源」选择「${DATASOURCE}」
「选择数据库」选择「${DATABASE}」
「选择数据表」选择「${TABLE}」
「规则包名称」填写「不可合并部分规则」
3. 点击「新增规则包」-「不可合并部分规则」，点击【添加规则-完整性校验】
4. 「监控规则1」配置如下：
「生效范围」：「字段级」
「字段」：「string_num」
「统计函数」：「字段取值校验」
「过滤条件」：「手动配置：id<=100」
「期望值」：「>=1」
「强弱规则」选择「弱规则」
「规则描述」输入「测试规则」
5. 「监控规则2」配置如下：
「生效范围」：「多表数据行数对比」
「对比表所属库」：「${DATABASE}」
「对比表」：「${TABLE}」
「强弱规则」选择「弱规则」
「规则描述」输入「测试规则」
6. 点击【添加规则-有效性校验】
7. 「监控规则3」配置如下：
「字段」：「address」
「统计规则」：「字符串长度」
「校验方法」：「固定值」
「期望值」：「>=1」
「过滤条件」：「手动配置：id<=100」
「强弱规则」选择「弱规则」
「规则描述」输入「测试规则」
8. 「监控规则4」配置如下：
「字段」：「money」
「统计规则」：「数据精度」
「小数点前最大位」：「=4」且
「小数点后最大位」：「=1」
「过滤条件」：「手动配置：id<=100」
「强弱规则」选择「弱规则」
「规则描述」输入「测试规则」
9. 点击【添加规则-唯一性校验】
10. 「监控规则5」配置如下：
「字段」：「id」
「统计函数」：「重复数」
「过滤条件」：「手动配置：id<=100」
「校验方法」：「固定值」
「期望值」：「=0」
「强弱规则」选择「弱规则」
「规则描述」输入「测试规则」
11. 「监控规则6」配置如下：
「字段」：「age」
「统计函数」：「多表唯一性判断」
「过滤条件」：「手动配置：id<=100」
「校验字段逻辑」：「唯一」
「和其他表的校验关系」：「且」
「选择对比表」：「${TABLE}」
「对比表字段」：「id」
「校验字段逻辑」：「唯一」
「强弱规则」选择「弱规则」
「规则描述」输入「测试规则」
12. 点击【添加规则-统计性校验】
13. 「监控规则7」配置如下：
「字段」：「name」
「统计函数」：「异常值检测」
「过滤条件」：「手动配置：id<=100」
「校验方法」：「IQR离群点数量」
「期望值」：「=1」
「强弱规则」选择「弱规则」
「规则描述」输入「测试规则」
14. 点击【添加规则-自定义SQL】
15. 「监控规则8」配置如下：
「规则类型」：「完整性校验」
「引用规则」：「自定义规则测试」
「sql」：「select * from ${tableName} where ${colName} = ${value}」
「参数」：「${tableName}：pw_test.test_info_1」、「${colName}：id」、「${value}：1」
「校验方法」：「固定值」
「期望值」：「=1」
「强弱规则」选择「弱规则」
「规则描述」输入「测试规则」
16. 点击【添加规则-一致性校验】
17. 「监控规则9」配置如下：
「校验类型」：「多表数据一致性比对」
「选择校验字段」：「id、name」
「选择校验表主键」：「id」
「对比表」：「${TABLE}」
「选择对比表主键」：「id」
「校验表比对字段」：「id」、「name」
「对比表1」：「id」、「name」
「强弱规则」选择「弱规则」
「规则描述」输入「测试规则」
18. 点击【添加规则-时效性校验】
19. 「监控规则10」配置如下：
「字段」：「buy_date」
「统计函数」：「周期性校验（单字段时间差校验）」
「过滤条件」：「手动配置：id<=100」
「选择排序字段」：「id」
「时间差」：「>=1秒」
「强弱规则」选择「弱规则」
「规则描述」输入「测试规则」
20. 「监控规则11」配置如下：
「字段」：「id」
「统计函数」：「及时性校验（多字段时间差校验）」
「过滤条件」：「手动配置：id<=100」
「选择对比字段组」：「buy_date、dt」
「时间差」：「<1分钟」
「大小关系」：「buy_date<dt」
「强弱规则」选择「弱规则」
「规则描述」输入「测试规则」
21. 点击【添加规则-合理性校验】
22. 「监控规则12」配置如下：
「字段」：「age」
「统计函数」：「数据变化趋势」
「过滤条件」：「手动配置：id<=100」
「选择排序字段」：「id」
「校验方法」：「单调递增」
「强弱规则」选择「弱规则」
「规则描述」输入「测试规则」
23. 「监控规则13」配置如下：
「字段」：「age」
「统计函数」：「字段值计算对比」
「过滤条件」：「手动配置：id<=100」
「计算逻辑配置」：「cast(string_num as double)*(id+age)」
「对比方法」：「计算结果与字段对比」、「age<「计算结果与字段对比」」
「强弱规则」选择「弱规则」
「规则描述」输入「测试规则」
24. 点击【保存】按钮
25. 进入「规则任务管理-监控对象」页面
26. 「规则名称」输入「test_rule」
「选择数据源」选择「${DATASOURCE}」
「选择数据库」选择「${DATABASE}」
「选择数据表」选择「${TABLE}」
不开启「抽样检查设置」
27. 引入规则包「不可合并部分规则」，点击「下一步」按钮
28. 配置「调度属性」，保存规则，且「调度属性」中配置「规则报告」为最新结果
29. 点开规则详情，查看规则sql
30. 临时运行规则，查看实例详情
31. 查看质量报告","1. 页面正常打开
2. 抽样关闭：sql有rand()函数和 tableName_temp_sample_table_xxx 临时抽样表
3. 选择成功，页面显示「完整性校验」规则配置区域
4. 监控规则1配置完成
5. 监控规则2配置完成
6. 选择成功，页面显示「有效性校验」规则配置区域
7. 监控规则3配置完成
8. 监控规则4配置完成
9. 选择成功，页面显示「唯一性校验」规则配置区域
10. 监控规则5配置完成
11. 监控规则6配置完成
12. 选择成功，页面显示「统计性校验」规则配置区域
13. 监控规则7配置完成
14. 选择成功，页面显示「自定义SQL」规则配置区域
15. 监控规则8配置完成
16. 选择成功，页面显示「一致性校验」规则配置区域
17. 监控规则9配置完成
18. 选择成功，页面显示「时效性校验」规则配置区域
19. 监控规则10配置完成
20. 监控规则11配置完成
21. 选择成功，页面显示「合理性校验」规则配置区域
22. 监控规则12配置完成
23. 监控规则13配置完成
24. 规则保存成功
25. 页面正常打开
26. 监控对象配置成功；
进入「监控规则」配置页
27. 引入正确，规则内容置灰，进入「调度属性」
28. 规则保存成功
29. 1、sql不进行合并：
1）每一条校验规则，都单独去扫描一遍源数据表；
2）各个规则的判断计算语句都是分开写的，一条规则对应一段查询逻辑；
3）每条规则算出结果后单独成行，最后拼接把所有规则数据凑到一起；
4）不同规则的数据分开存入不同的脏数据表
30. 结果符合预期，且实例详情展示正确，未通过的子规则可查看明细
31. 结果正确，符合配置的规则内容","1. 
2. 
3. 
4. 
5. 
6. 
7. 
8. 
9. 
10. 
11. 
12. 
13. 
14. 
15. 
16. 
17. 
18. 
19. 
20. 
21. 
22. 
23. 
24. 
25. 
26. 
27. 
28. 
29. 
30. 
31.","","2","功能测试","功能测试阶段","正常","0","0","31","","听筠","2026-05-26","","0000-00-00","1","",""
"185962","数据资产_STD(#23)","/版本迭代测试用例/v6.4.11/【岚图】【数据资产】数据质量任务性能优化，规则sql合并/可合并(#10581)","【岚图】【数据资产】数据质量任务、落标检查任务性能优化，规则sql合并(#15862)","完整性+有效性 验证「完整性+有效性」-「抽样开启」-「设置分区」-「包含强弱规则」-「多规则包」校验功能","<p>已有表test_info_1&nbsp;</p>
<p>CREATE TABLE pw_test.test_info_1 (&nbsp;</p>
<p>id INT COMMENT &#039;用户ID&#039;,
age INT COMMENT &#039;年龄&#039;,
string_num STRING COMMENT &#039;string类型的编号&#039;,
name STRING COMMENT &#039;姓名&#039;,
address STRING COMMENT &#039;地址&#039;,
money STRING COMMENT &#039;金额&#039;,
buy_date DATE COMMENT &#039;购买日期&#039;,
date_detail STRING COMMENT &#039;日期详情&#039;
)
COMMENT &#039;测试信息表&#039;
PARTITIONED BY (
dt STRING COMMENT &#039;分区日期，格式：yyyy-MM-dd&#039;
)
STORED AS ORC;&nbsp;</p>
<p>-- 插入6行数据
INSERT INTO TABLE pw_test.test_info_1
PARTITION (dt)
SELECT
1 + user_idx AS id,
CASE user_idx
WHEN 0 THEN 25 WHEN 1 THEN 30 WHEN 2 THEN 28
WHEN 3 THEN 35 WHEN 4 THEN 22 ELSE 29
END AS age,
CASE user_idx
WHEN 0 THEN &#039;001&#039; WHEN 1 THEN &#039;002&#039; WHEN 2 THEN &#039;003&#039;
WHEN 3 THEN &#039;004&#039; WHEN 4 THEN &#039;005&#039; ELSE &#039;006&#039;
END AS string_num,
CASE user_idx
WHEN 0 THEN &#039;张三&#039; WHEN 1 THEN &#039;李四&#039; WHEN 2 THEN &#039;王五&#039;
WHEN 3 THEN &#039;赵六&#039; WHEN 4 THEN &#039;小明&#039; ELSE &#039;小红&#039;
END AS name,
CASE user_idx
WHEN 0 THEN &#039;北京市朝阳区&#039; WHEN 1 THEN &#039;上海市浦东新区&#039; WHEN 2 THEN &#039;广州市天河区&#039;
WHEN 3 THEN &#039;深圳市南山区&#039; WHEN 4 THEN &#039;杭州市西湖区&#039; ELSE &#039;成都市武侯区&#039;
END AS address,
CASE user_idx
WHEN 0 THEN &#039;5000.00&#039; WHEN 1 THEN &#039;6800.50&#039; WHEN 2 THEN &#039;4200.00&#039;
WHEN 3 THEN &#039;9500.00&#039; WHEN 4 THEN &#039;3100.00&#039; ELSE &#039;5600.00&#039;
END AS money,
DATE_ADD(CURRENT_DATE(), -30 + user_idx) AS buy_date,
CASE user_idx
WHEN 0 THEN &#039;订单已完成&#039; WHEN 1 THEN &#039;待发货&#039; WHEN 2 THEN &#039;已取消&#039;
WHEN 3 THEN &#039;配送中&#039; WHEN 4 THEN &#039;已完成&#039; ELSE &#039;退款中&#039;
END AS date_detail,
&#039;${bizDate}&#039; AS dt
FROM (
SELECT 0 AS user_idx UNION ALL SELECT 1 UNION ALL SELECT 2
UNION ALL SELECT 3 UNION ALL SELECT 4 UNION ALL SELECT 5
) users;</p>","1. 进入「资产-数据质量-规则集管理-基础信息」页面
2. 「选择数据源」选择「${DATASOURCE}」
「选择数据库」选择「${DATABASE}」
「选择数据表」选择「${TABLE}」
「规则包名称」填写「完整性+有效性可合并包含强弱规则，为多规则包」
3. 点击「新增规则包」-「完整性+有效性可合并包含强弱规则，为多规则包」，点击【添加规则-完整性校验】
4. 「监控规则1」配置如下：
「生效范围」：「字段级」
「字段」：「id，age」
「字段间规则逻辑」：「and」
「统计函数」：「空值数」
「过滤条件」：「手动配置：id<=100」
「校验方法」：「固定值」
「期望值」：「!=1」
「强弱规则」选择「弱规则」
「规则描述」输入「测试规则」
5. 「监控规则2」配置如下：
「生效范围」：「字段级」
「字段」：「id，age」
「字段间规则逻辑」：「or」
「统计函数」：「空值率」
「过滤条件」：「手动配置：id<=100」
「校验方法」：「固定值」
「期望值」：「=0」
「强弱规则」选择「强规则」
「规则描述」输入「测试规则」
6. 「监控规则3」配置如下：
「生效范围」：「字段级」
「字段」：「name」
「统计函数」：「空串数」
「过滤条件」：「手动配置：id<=100」
「校验方法」：「固定值」
「期望值」：「>0」
「强弱规则」选择「强规则」
「规则描述」输入「测试规则」
7. 「监控规则4」配置如下：
「生效范围」：「字段级」
「字段」：「name」
「统计函数」：「空串率」
「过滤条件」：「手动配置：id<=100」
「校验方法」：「固定值」
「期望值」：「=1」
「强弱规则」选择「弱规则」
「规则描述」输入「测试规则」
8. 「监控规则5」配置如下：
「生效范围」：「单表」
「统计函数」：「表行数」
「过滤条件」：「手动配置：id<=100」
「校验方法」：「固定值」
「期望值」：「>0」
「强弱规则」选择「弱规则」
「规则描述」输入「测试规则」
9. 点击【添加规则-有效性校验】
10. 「监控规则6」配置如下：
「字段」：「id」
「统计函数」：「数值-取值范围」
「过滤条件」：「手动配置：id<=100」
「校验方法」：「固定值」
「期望值」：「>0且<=100」
「强弱规则」选择「弱规则」
「规则描述」输入「测试规则」
11. 「监控规则7」配置如下：
「字段」：「string_num」
「统计函数」：「数值-枚举个数」
「过滤条件」：「手动配置：id<=100」
「校验方法」：「固定值」
「期望值」：「>=1」
「强弱规则」选择「强规则」
「规则描述」输入「测试规则」
12. 「监控规则8」配置如下：
「字段」：「age」
「统计函数」：「枚举值」
「过滤条件」：「手动配置：id<=100」
「枚举值信息」：「not in 25,30,28,35」
「强弱规则」选择「弱规则」
「规则描述」输入「测试规则」
13. 「监控规则9」配置如下：
「字段」：「id」
「统计函数」：「取值范围&枚举范围」
「过滤条件」：「手动配置：id<=100」
「取值范围」：「期望值>0且<5」
「枚举值」：「in 1」
「取值范围和枚举值关系」：「且」
「强弱规则」选择「强规则」
「规则描述」输入「测试规则」
14. 「监控规则10」配置如下：
「字段」：「money」
「统计规则」：「字符串长度」
「校验方法」：「固定值」
「期望值」：「>=2」
「过滤条件」：「手动配置：id<=100」
「强弱规则」选择「强规则」
「规则描述」输入「测试规则」
15. 点击【保存】按钮
16. 进入「规则任务管理-监控对象」页面
17. 「规则名称」输入「test_rule」
「选择数据源」选择「${DATASOURCE}」
「选择数据库」选择「${DATABASE}」
「选择数据表」选择「${TABLE}」
手动设置分区
「抽样检查设置」：「抽样设置：百分比抽样50%」
18. 引入规则包「完整性+有效性可合并包含强弱规则，为多规则包」，点击「下一步」按钮
19. 配置「调度属性」，设置「规则拼接包」为「4」，保存规则，且「调度属性」中配置「规则报告」为最新结果
20. 点击规则详情-规则sql查看按钮，查看【规则SQL】右边规则包下拉项
21. 查看规则sql
22. 临时运行规则，查看实例详情
23. 查看质量报告
24. 修改前面的子规则全部都为弱规则，其余内容不更改，在「规则任务管理」页重新引入该规则包
25. 配置「调度属性」，设置「规则拼接包」为「4」，保存规则，且「调度属性」中配置「规则报告」为最新结果
26. 点击规则详情-规则sql查看按钮，查看【规则SQL】右边规则包下拉项","1. 页面正常打开
2. 抽样开启：sql有rand()函数和 tableName_temp_sample_table_xxx 临时抽样表
3. 合并在一起的脏数据存储表为同一个
4. 监控规则1配置完成
5. 监控规则2配置完成
6. 监控规则3配置完成
7. 监控规则4配置完成
8. 监控规则5配置完成
9. 选择成功，页面显示「有效性校验」规则配置区域
10. 监控规则6配置完成
11. 监控规则7配置完成
12. 监控规则8配置完成
13. 监控规则9配置完成
14. 监控规则10配置完成
15. 规则保存成功
16. 页面正常打开
17. 监控对象配置成功；
进入「监控规则」配置页
18. 引入正确，规则内容置灰，进入「调度属性」
19. 规则保存成功
20. 显示2个规则包下拉项
21. 1、按强弱规则分类进行sql合并：2、3、7、9、10进行合并，1、4、5、6、8进行合并
1）源表只扫描一次：FROM 后面的源表只出现 1 次；
​2）按强弱分类，相同类别的规则写在同一个select里面：用多个 SUM (CASE WHEN) 把规则并行计算；
3）计算后再把结果拆成多行，每行代表单个规则进行输出，最终把结果插入同一张脏数据表
22. 子规则1、2、5、6、7、10通过，子规则3、4、8、9不通过，且实例详情展示正确
23. 结果正确，符合配置的规则内容
24. 引入正确，规则内容置灰，进入「调度属性」
25. 规则保存成功
26. 显示1个规则包下拉项","1. 
2. 
3. 
4. 
5. 
6. 
7. 
8. 
9. 
10. 
11. 
12. 
13. 
14. 
15. 
16. 
17. 
18. 
19. 
20. 
21. 
22. 
23. 
24. 
25. 
26.","","1","功能测试","功能测试阶段","正常","0","1","26","通过","听筠","2026-05-26","听筠","2026-05-28","2","",""
"185961","数据资产_STD(#23)","/版本迭代测试用例/v6.4.11/【岚图】【数据资产】数据质量任务性能优化，规则sql合并/可合并(#10581)","【岚图】【数据资产】数据质量任务、落标检查任务性能优化，规则sql合并(#15862)","完整性+有效性 验证「完整性+有效性」-「抽样开启」-「设置分区」-「包含强弱规则」-「单规则包」校验功能","已有表test_info_1
CREATE TABLE pw_test.test_info_1 (
id INT COMMENT &#039;用户ID&#039;,
age INT COMMENT &#039;年龄&#039;,
string_num STRING COMMENT &#039;string类型的编号&#039;,
name STRING COMMENT &#039;姓名&#039;,
address STRING COMMENT &#039;地址&#039;,
money STRING COMMENT &#039;金额&#039;,
buy_date DATE COMMENT &#039;购买日期&#039;,
date_detail STRING COMMENT &#039;日期详情&#039;
)
COMMENT &#039;测试信息表&#039;
PARTITIONED BY (
dt STRING COMMENT &#039;分区日期，格式：yyyy-MM-dd&#039;
)
STORED AS ORC;

-- 插入6行数据
INSERT INTO TABLE pw_test.test_info_1
PARTITION (dt)
SELECT
1 + user_idx AS id,
CASE user_idx
WHEN 0 THEN 25 WHEN 1 THEN 30 WHEN 2 THEN 28
WHEN 3 THEN 35 WHEN 4 THEN 22 ELSE 29
END AS age,
CASE user_idx
WHEN 0 THEN &#039;001&#039; WHEN 1 THEN &#039;002&#039; WHEN 2 THEN &#039;003&#039;
WHEN 3 THEN &#039;004&#039; WHEN 4 THEN &#039;005&#039; ELSE &#039;006&#039;
END AS string_num,
CASE user_idx
WHEN 0 THEN &#039;张三&#039; WHEN 1 THEN &#039;李四&#039; WHEN 2 THEN &#039;王五&#039;
WHEN 3 THEN &#039;赵六&#039; WHEN 4 THEN &#039;小明&#039; ELSE &#039;小红&#039;
END AS name,
CASE user_idx
WHEN 0 THEN &#039;北京市朝阳区&#039; WHEN 1 THEN &#039;上海市浦东新区&#039; WHEN 2 THEN &#039;广州市天河区&#039;
WHEN 3 THEN &#039;深圳市南山区&#039; WHEN 4 THEN &#039;杭州市西湖区&#039; ELSE &#039;成都市武侯区&#039;
END AS address,
CASE user_idx
WHEN 0 THEN &#039;5000.00&#039; WHEN 1 THEN &#039;6800.50&#039; WHEN 2 THEN &#039;4200.00&#039;
WHEN 3 THEN &#039;9500.00&#039; WHEN 4 THEN &#039;3100.00&#039; ELSE &#039;5600.00&#039;
END AS money,
DATE_ADD(CURRENT_DATE(), -30 + user_idx) AS buy_date,
CASE user_idx
WHEN 0 THEN &#039;订单已完成&#039; WHEN 1 THEN &#039;待发货&#039; WHEN 2 THEN &#039;已取消&#039;
WHEN 3 THEN &#039;配送中&#039; WHEN 4 THEN &#039;已完成&#039; ELSE &#039;退款中&#039;
END AS date_detail,
&#039;${bizDate}&#039; AS dt
FROM (
SELECT 0 AS user_idx UNION ALL SELECT 1 UNION ALL SELECT 2
UNION ALL SELECT 3 UNION ALL SELECT 4 UNION ALL SELECT 5
) users;","1. 进入「资产-数据质量-规则集管理-基础信息」页面
2. 「选择数据源」选择「${DATASOURCE}」
「选择数据库」选择「${DATABASE}」
「选择数据表」选择「${TABLE}」
「规则包名称」填写「完整性+有效性可合并包含强弱规则，为单规则包」
3. 点击「新增规则包」-「完整性+有效性可合并包含强弱规则，为单规则包」，点击【添加规则-完整性校验】
4. 「监控规则1」配置如下：
「生效范围」：「字段级」
「字段」：「id，age」
「字段间规则逻辑」：「and」
「统计函数」：「空值数」
「过滤条件」：「手动配置：id<=100」
「校验方法」：「固定值」
「期望值」：「!=1」
「强弱规则」选择「弱规则」
「规则描述」输入「测试规则」
5. 「监控规则2」配置如下：
「生效范围」：「字段级」
「字段」：「id，age」
「字段间规则逻辑」：「or」
「统计函数」：「空值率」
「过滤条件」：「手动配置：id<=100」
「校验方法」：「固定值」
「期望值」：「=0」
「强弱规则」选择「强规则」
「规则描述」输入「测试规则」
6. 「监控规则3」配置如下：
「生效范围」：「字段级」
「字段」：「name」
「统计函数」：「空串数」
「过滤条件」：「手动配置：id<=100」
「校验方法」：「固定值」
「期望值」：「>0」
「强弱规则」选择「强规则」
「规则描述」输入「测试规则」
7. 「监控规则4」配置如下：
「生效范围」：「字段级」
「字段」：「name」
「统计函数」：「空串率」
「过滤条件」：「手动配置：id<=100」
「校验方法」：「固定值」
「期望值」：「=1」
「强弱规则」选择「弱规则」
「规则描述」输入「测试规则」
8. 「监控规则5」配置如下：
「生效范围」：「单表」
「统计函数」：「表行数」
「过滤条件」：「手动配置：id<=100」
「校验方法」：「固定值」
「期望值」：「>0」
「强弱规则」选择「弱规则」
「规则描述」输入「测试规则」
9. 点击【添加规则-有效性校验】
10. 「监控规则6」配置如下：
「字段」：「id」
「统计函数」：「数值-取值范围」
「过滤条件」：「手动配置：id<=100」
「校验方法」：「固定值」
「期望值」：「>0且<=100」
「强弱规则」选择「弱规则」
「规则描述」输入「测试规则」
11. 「监控规则7」配置如下：
「字段」：「string_num」
「统计函数」：「数值-枚举个数」
「过滤条件」：「手动配置：id<=100」
「校验方法」：「固定值」
「期望值」：「>=1」
「强弱规则」选择「强规则」
「规则描述」输入「测试规则」
12. 「监控规则8」配置如下：
「字段」：「age」
「统计函数」：「枚举值」
「过滤条件」：「手动配置：id<=100」
「枚举值信息」：「not in 25,30,28,35」
「强弱规则」选择「弱规则」
「规则描述」输入「测试规则」
13. 「监控规则9」配置如下：
「字段」：「id」
「统计函数」：「取值范围&枚举范围」
「过滤条件」：「手动配置：id<=100」
「取值范围」：「期望值>0且<5」
「枚举值」：「in 1」
「取值范围和枚举值关系」：「且」
「强弱规则」选择「强规则」
「规则描述」输入「测试规则」
14. 点击【保存】按钮
15. 进入「规则任务管理-监控对象」页面
16. 「规则名称」输入「test_rule」
「选择数据源」选择「${DATASOURCE}」
「选择数据库」选择「${DATABASE}」
「选择数据表」选择「${TABLE}」
手动设置分区
「抽样检查设置」：「抽样设置：百分比抽样50%」
17. 引入规则包「完完整性+有效性可合并包含强弱规则，为单规则包」，点击「下一步」按钮
18. 配置「调度属性」，设置「规则拼接包」为「1」，保存规则，且「调度属性」中配置「规则报告」为最新结果
19. 点开规则详情，查看规则sql
20. 临时运行规则，查看实例详情
21. 查看质量报告","1. 页面正常打开
2. 抽样开启：sql有rand()函数和 tableName_temp_sample_table_xxx 临时抽样表
3. 脏数据存储表为同一个
4. 监控规则1配置完成
5. 监控规则2配置完成
6. 监控规则3配置完成
7. 监控规则4配置完成
8. 监控规则5配置完成
9. 选择成功，页面显示「有效性校验」规则配置区域
10. 监控规则6配置完成
11. 监控规则7配置完成
12. 监控规则8配置完成
13. 监控规则9配置完成
14. 规则保存成功
15. 页面正常打开
16. 监控对象配置成功；
进入「监控规则」配置页
17. 引入正确，规则内容置灰，进入「调度属性」
18. 规则保存成功
19. 1、sql进行合并：
1）源表只扫描一次：FROM 后面的源表只出现 1 次；
​2）所有可合并规则写在同一个select里面：用多个 SUM (CASE WHEN) 把规则并行计算；
3）计算后再把结果拆成多行，每行代表单个规则进行输出，最终把结果插入同一张脏数据表
20. 子规则1、2、5、6、7通过，子规则3、4、8、9不通过，且实例详情展示正确
21. 结果正确，符合配置的规则内容","1. 
2. 
3. 
4. 
5. 
6. 
7. 
8. 
9. 
10. 
11. 
12. 
13. 
14. 
15. 
16. 
17. 
18. 
19. 
20. 
21.","","2","功能测试","功能测试阶段","正常","0","0","21","","听筠","2026-05-26","","0000-00-00","1","",""
"185960","数据资产_STD(#23)","/版本迭代测试用例/v6.4.11/【岚图】【数据资产】数据质量任务性能优化，规则sql合并/可合并(#10581)","【岚图】【数据资产】数据质量任务、落标检查任务性能优化，规则sql合并(#15862)","完整性+有效性 验证「完整性+有效性」-「抽样开启」-「设置分区」-「不同过滤条件」校验功能","已有表test_info_1
CREATE TABLE pw_test.test_info_1 (
id INT COMMENT &#039;用户ID&#039;,
age INT COMMENT &#039;年龄&#039;,
string_num STRING COMMENT &#039;string类型的编号&#039;,
name STRING COMMENT &#039;姓名&#039;,
address STRING COMMENT &#039;地址&#039;,
money STRING COMMENT &#039;金额&#039;,
buy_date DATE COMMENT &#039;购买日期&#039;,
date_detail STRING COMMENT &#039;日期详情&#039;
)
COMMENT &#039;测试信息表&#039;
PARTITIONED BY (
dt STRING COMMENT &#039;分区日期，格式：yyyy-MM-dd&#039;
)
STORED AS ORC;

-- 插入6行数据
INSERT INTO TABLE pw_test.test_info_1
PARTITION (dt)
SELECT
1 + user_idx AS id,
CASE user_idx
WHEN 0 THEN 25 WHEN 1 THEN 30 WHEN 2 THEN 28
WHEN 3 THEN 35 WHEN 4 THEN 22 ELSE 29
END AS age,
CASE user_idx
WHEN 0 THEN &#039;001&#039; WHEN 1 THEN &#039;002&#039; WHEN 2 THEN &#039;003&#039;
WHEN 3 THEN &#039;004&#039; WHEN 4 THEN &#039;005&#039; ELSE &#039;006&#039;
END AS string_num,
CASE user_idx
WHEN 0 THEN &#039;张三&#039; WHEN 1 THEN &#039;李四&#039; WHEN 2 THEN &#039;王五&#039;
WHEN 3 THEN &#039;赵六&#039; WHEN 4 THEN &#039;小明&#039; ELSE &#039;小红&#039;
END AS name,
CASE user_idx
WHEN 0 THEN &#039;北京市朝阳区&#039; WHEN 1 THEN &#039;上海市浦东新区&#039; WHEN 2 THEN &#039;广州市天河区&#039;
WHEN 3 THEN &#039;深圳市南山区&#039; WHEN 4 THEN &#039;杭州市西湖区&#039; ELSE &#039;成都市武侯区&#039;
END AS address,
CASE user_idx
WHEN 0 THEN &#039;5000.00&#039; WHEN 1 THEN &#039;6800.50&#039; WHEN 2 THEN &#039;4200.00&#039;
WHEN 3 THEN &#039;9500.00&#039; WHEN 4 THEN &#039;3100.00&#039; ELSE &#039;5600.00&#039;
END AS money,
DATE_ADD(CURRENT_DATE(), -30 + user_idx) AS buy_date,
CASE user_idx
WHEN 0 THEN &#039;订单已完成&#039; WHEN 1 THEN &#039;待发货&#039; WHEN 2 THEN &#039;已取消&#039;
WHEN 3 THEN &#039;配送中&#039; WHEN 4 THEN &#039;已完成&#039; ELSE &#039;退款中&#039;
END AS date_detail,
&#039;${bizDate}&#039; AS dt
FROM (
SELECT 0 AS user_idx UNION ALL SELECT 1 UNION ALL SELECT 2
UNION ALL SELECT 3 UNION ALL SELECT 4 UNION ALL SELECT 5
) users;","1. 进入「资产-数据质量-规则集管理-基础信息」页面
2. 「选择数据源」选择「${DATASOURCE}」
「选择数据库」选择「${DATABASE}」
「选择数据表」选择「${TABLE}」
「规则包名称」填写「完整性+有效性可合并规则过滤条件不同」
3. 点击「新增规则包」-「完整性+有效性可合并规则过滤条件不同」，点击【添加规则-完整性校验】
4. 「监控规则1」配置如下：
「生效范围」：「字段级」
「字段」：「id，age」
「字段间规则逻辑」：「and」
「统计函数」：「空值数」
「过滤条件」：「手动配置：id<=100」
「校验方法」：「固定值」
「期望值」：「!=1」
「强弱规则」选择「弱规则」
「规则描述」输入「测试规则」
5. 「监控规则2」配置如下：
「生效范围」：「字段级」
「字段」：「id，age」
「字段间规则逻辑」：「or」
「统计函数」：「空值率」
「过滤条件」：「手动配置：id<=80」
「校验方法」：「固定值」
「期望值」：「=0」
「强弱规则」选择「弱规则」
「规则描述」输入「测试规则」
6. 「监控规则3」配置如下：
「生效范围」：「字段级」
「字段」：「name」
「统计函数」：「空串数」
「过滤条件」：「手动配置：id<=10」
「校验方法」：「固定值」
「期望值」：「>0」
「强弱规则」选择「弱规则」
「规则描述」输入「测试规则」
7. 「监控规则4」配置如下：
「生效范围」：「字段级」
「字段」：「name」
「统计函数」：「空串率」
「校验方法」：「固定值」
「期望值」：「=1」
「强弱规则」选择「弱规则」
「规则描述」输入「测试规则」
8. 「监控规则5」配置如下：
「生效范围」：「单表」
「统计函数」：「表行数」
「过滤条件」：「手动配置：id<=100」
「校验方法」：「固定值」
「期望值」：「>0」
「强弱规则」选择「弱规则」
「规则描述」输入「测试规则」
9. 点击【添加规则-有效性校验】
10. 「监控规则6」配置如下：
「字段」：「id」
「统计函数」：「数值-取值范围」
「过滤条件」：「手动配置：id<=100」
「校验方法」：「固定值」
「期望值」：「>0且<=100」
「强弱规则」选择「弱规则」
「规则描述」输入「测试规则」
11. 「监控规则7」配置如下：
「字段」：「string_num」
「统计函数」：「数值-枚举个数」
「过滤条件」：「手动配置：id<=80」
「校验方法」：「固定值」
「期望值」：「>=1」
「强弱规则」选择「弱规则」
「规则描述」输入「测试规则」
12. 「监控规则8」配置如下：
「字段」：「age」
「统计函数」：「枚举值」
「过滤条件」：「手动配置：id<=70」
「枚举值信息」：「not in 25,30,28,35」
「强弱规则」选择「弱规则」
「规则描述」输入「测试规则」
13. 「监控规则9」配置如下：
「字段」：「id」
「统计函数」：「取值范围&枚举范围」
「取值范围」：「期望值>0且<5」
「枚举值」：「in 1」
「取值范围和枚举值关系」：「且」
「强弱规则」选择「弱规则」
「规则描述」输入「测试规则」
14. 点击【保存】按钮
15. 进入「规则任务管理-监控对象」页面
16. 「规则名称」输入「test_rule」
「选择数据源」选择「${DATASOURCE}」
「选择数据库」选择「${DATABASE}」
「选择数据表」选择「${TABLE}」
手动设置分区
「抽样检查设置」：「抽样设置：百分比抽样50%」
17. 引入规则包「完整性+有效性可合并规则过滤条件不同」，点击「下一步」按钮
18. 配置「调度属性」，保存规则，且「调度属性」中配置「规则报告」为最新结果
19. 点开规则详情，查看规则sql
20. 临时运行规则，查看实例详情
21. 查看质量报告","1. 页面正常打开
2. 抽样开启：sql有rand()函数和 tableName_temp_sample_table_xxx 临时抽样表
3. 选择成功，页面显示「完整性校验」规则配置区域
4. 监控规则1配置完成
5. 监控规则2配置完成
6. 监控规则3配置完成
7. 监控规则4配置完成
8. 监控规则5配置完成
9. 选择成功，页面显示「有效性校验」规则配置区域
10. 监控规则6配置完成
11. 监控规则7配置完成
12. 监控规则8配置完成
13. 监控规则9配置完成
14. 规则保存成功
15. 页面正常打开
16. 监控对象配置成功；
进入「监控规则」配置页
17. 引入正确，规则内容置灰，进入「调度属性」
18. 规则保存成功
19. 1、过滤条件相同的进行合并（规则1、5、6合并；4、9合并；2、7合并）其余子规则不进行合并：
1）源表只扫描一次：FROM 后面的源表只出现 1 次；
​2）所有可合并规则写在同一个select里面：用多个 SUM (CASE WHEN) 把规则并行计算；
3）计算后再把结果拆成多行，每行代表单个规则进行输出，最终把结果插入同一张脏数据表
20. 子规则1、2、5、6、7通过，子规则3、4、8、9不通过，且实例详情展示正确
21. 结果正确，符合配置的规则内容","1. 
2. 
3. 
4. 
5. 
6. 
7. 
8. 
9. 
10. 
11. 
12. 
13. 
14. 
15. 
16. 
17. 
18. 
19. 
20. 
21.","","2","功能测试","功能测试阶段","正常","0","0","21","","听筠","2026-05-26","","0000-00-00","1","",""
"185959","数据资产_STD(#23)","/版本迭代测试用例/v6.4.11/【岚图】【数据资产】数据质量任务性能优化，规则sql合并/可合并(#10581)","【岚图】【数据资产】数据质量任务、落标检查任务性能优化，规则sql合并(#15862)","完整性+有效性 验证「完整性+有效性」-「抽样开启」-「设置分区」-「string强转int」校验功能","已有表test_info_1
CREATE TABLE pw_test.test_info_1 (
id INT COMMENT &#039;用户ID&#039;,
age INT COMMENT &#039;年龄&#039;,
string_num STRING COMMENT &#039;string类型的编号&#039;,
name STRING COMMENT &#039;姓名&#039;,
address STRING COMMENT &#039;地址&#039;,
money STRING COMMENT &#039;金额&#039;,
buy_date DATE COMMENT &#039;购买日期&#039;,
date_detail STRING COMMENT &#039;日期详情&#039;
)
COMMENT &#039;测试信息表&#039;
PARTITIONED BY (
dt STRING COMMENT &#039;分区日期，格式：yyyy-MM-dd&#039;
)
STORED AS ORC;

-- 插入6行数据
INSERT INTO TABLE pw_test.test_info_1
PARTITION (dt)
SELECT
1 + user_idx AS id,
CASE user_idx
WHEN 0 THEN 25 WHEN 1 THEN 30 WHEN 2 THEN 28
WHEN 3 THEN 35 WHEN 4 THEN 22 ELSE 29
END AS age,
CASE user_idx
WHEN 0 THEN &#039;001&#039; WHEN 1 THEN &#039;002&#039; WHEN 2 THEN &#039;003&#039;
WHEN 3 THEN &#039;004&#039; WHEN 4 THEN &#039;005&#039; ELSE &#039;006&#039;
END AS string_num,
CASE user_idx
WHEN 0 THEN &#039;张三&#039; WHEN 1 THEN &#039;李四&#039; WHEN 2 THEN &#039;王五&#039;
WHEN 3 THEN &#039;赵六&#039; WHEN 4 THEN &#039;小明&#039; ELSE &#039;小红&#039;
END AS name,
CASE user_idx
WHEN 0 THEN &#039;北京市朝阳区&#039; WHEN 1 THEN &#039;上海市浦东新区&#039; WHEN 2 THEN &#039;广州市天河区&#039;
WHEN 3 THEN &#039;深圳市南山区&#039; WHEN 4 THEN &#039;杭州市西湖区&#039; ELSE &#039;成都市武侯区&#039;
END AS address,
CASE user_idx
WHEN 0 THEN &#039;5000.00&#039; WHEN 1 THEN &#039;6800.50&#039; WHEN 2 THEN &#039;4200.00&#039;
WHEN 3 THEN &#039;9500.00&#039; WHEN 4 THEN &#039;3100.00&#039; ELSE &#039;5600.00&#039;
END AS money,
DATE_ADD(CURRENT_DATE(), -30 + user_idx) AS buy_date,
CASE user_idx
WHEN 0 THEN &#039;订单已完成&#039; WHEN 1 THEN &#039;待发货&#039; WHEN 2 THEN &#039;已取消&#039;
WHEN 3 THEN &#039;配送中&#039; WHEN 4 THEN &#039;已完成&#039; ELSE &#039;退款中&#039;
END AS date_detail,
&#039;${bizDate}&#039; AS dt
FROM (
SELECT 0 AS user_idx UNION ALL SELECT 1 UNION ALL SELECT 2
UNION ALL SELECT 3 UNION ALL SELECT 4 UNION ALL SELECT 5
) users;","1. 进入「资产-数据质量-规则集管理-基础信息」页面
2. 「选择数据源」选择「${DATASOURCE}」
「选择数据库」选择「${DATABASE}」
「选择数据表」选择「${TABLE}」
「规则包名称」填写「完整性+有效性可合并规则过滤条件相同」
3. 点击「新增规则包」-「完整性+有效性可合并规则过滤条件相同」，点击【添加规则-完整性校验】
4. 「监控规则1」配置如下：
「生效范围」：「字段级」
「字段」：「id，string_num」
「字段间规则逻辑」：「and」
「统计函数」：「空值数」
「过滤条件」：「手动配置：id<=100」
「校验方法」：「固定值」
「期望值」：「!=1」
「强弱规则」选择「弱规则」
「规则描述」输入「测试规则」
5. 「监控规则2」配置如下：
「生效范围」：「字段级」
「字段」：「id，string_num」
「字段间规则逻辑」：「or」
「统计函数」：「空值率」
「过滤条件」：「手动配置：id<=100」
「校验方法」：「固定值」
「期望值」：「=0」
「强弱规则」选择「弱规则」
「规则描述」输入「测试规则」
6. 「监控规则3」配置如下：
「生效范围」：「字段级」
「字段」：「name」
「统计函数」：「空串数」
「过滤条件」：「手动配置：id<=100」
「校验方法」：「固定值」
「期望值」：「>0」
「强弱规则」选择「弱规则」
「规则描述」输入「测试规则」
7. 「监控规则4」配置如下：
「生效范围」：「字段级」
「字段」：「name」
「统计函数」：「空串率」
「过滤条件」：「手动配置：id<=100」
「校验方法」：「固定值」
「期望值」：「=1」
「强弱规则」选择「弱规则」
「规则描述」输入「测试规则」
8. 点击【添加规则-有效性校验】
9. 「监控规则5」配置如下：
「字段」：「string_num」
「统计函数」：「数值-取值范围」
「过滤条件」：「手动配置：id<=100」
「校验方法」：「固定值」
「期望值」：「>0且<=100」
「强弱规则」选择「弱规则」
「规则描述」输入「测试规则」
10. 「监控规则6」配置如下：
「字段」：「string_num」
「统计函数」：「数值-枚举个数」
「过滤条件」：「手动配置：id<=100」
「校验方法」：「固定值」
「期望值」：「>=1」
「强弱规则」选择「弱规则」
「规则描述」输入「测试规则」
11. 「监控规则7」配置如下：
「字段」：「string_num」
「统计函数」：「枚举值」
「过滤条件」：「手动配置：id<=100」
「枚举值信息」：「not in 25,30,28,35」
「强弱规则」选择「弱规则」
「规则描述」输入「测试规则」
12. 「监控规则8」配置如下：
「字段」：「string_num」
「统计函数」：「取值范围&枚举范围」
「过滤条件」：「手动配置：id<=100」
「取值范围」：「期望值>0且<5」
「枚举值」：「in 1」
「取值范围和枚举值关系」：「且」
「强弱规则」选择「弱规则」
「规则描述」输入「测试规则」
13. 点击【保存】按钮
14. 进入「规则任务管理-监控对象」页面
15. 「规则名称」输入「test_rule」
「选择数据源」选择「${DATASOURCE}」
「选择数据库」选择「${DATABASE}」
「选择数据表」选择「${TABLE}」
手动设置分区
「抽样检查设置」：「抽样设置：百分比抽样50%」
16. 引入规则包「完整性+有效性可合并规则过滤条件相同」，点击「下一步」按钮
17. 配置「调度属性」，保存规则，且「调度属性」中配置「规则报告」为最新结果
18. 点开规则详情，查看规则sql
19. 临时运行规则，查看实例详情
20. 查看质量报告","1. 页面正常打开
2. 抽样开启：sql有rand()函数和 tableName_temp_sample_table_xxx 临时抽样表
3. 脏数据存储表为同一个
4. 监控规则1配置完成
5. 监控规则2配置完成
6. 监控规则3配置完成
7. 监控规则4配置完成
8. 选择成功，页面显示「有效性校验」规则配置区域
9. 监控规则5配置完成
10. 监控规则6配置完成
11. 监控规则7配置完成
12. 监控规则8配置完成
13. 规则保存成功
14. 页面正常打开
15. 监控对象配置成功；
进入「监控规则」配置页
16. 引入正确，规则内容置灰，进入「调度属性」
17. 规则保存成功
18. 1、sql进行合并：
1）源表只扫描一次：FROM 后面的源表只出现 1 次；
​2）所有可合并规则写在同一个select里面：用多个 SUM (CASE WHEN) 把规则并行计算；
3）计算后再把结果拆成多行，每行代表单个规则进行输出，最终把结果插入同一张脏数据表
19. 子规则1、2、5、6通过，子规则3、4、7、8不通过，且实例详情展示正确
20. 结果正确，符合配置的规则内容","1. 
2. 
3. 
4. 
5. 
6. 
7. 
8. 
9. 
10. 
11. 
12. 
13. 
14. 
15. 
16. 
17. 
18. 
19. 
20.","","3","功能测试","功能测试阶段","正常","0","0","20","","听筠","2026-05-26","","0000-00-00","1","",""
"185958","数据资产_STD(#23)","/版本迭代测试用例/v6.4.11/【岚图】【数据资产】数据质量任务性能优化，规则sql合并/可合并(#10581)","【岚图】【数据资产】数据质量任务、落标检查任务性能优化，规则sql合并(#15862)","完整性+有效性 验证「完整性+有效性」-「抽样开启」-「设置分区」-「相同过滤条件」校验功能","已有表test_info_1
CREATE TABLE pw_test.test_info_1 (
id INT COMMENT &#039;用户ID&#039;,
age INT COMMENT &#039;年龄&#039;,
string_num STRING COMMENT &#039;string类型的编号&#039;,
name STRING COMMENT &#039;姓名&#039;,
address STRING COMMENT &#039;地址&#039;,
money STRING COMMENT &#039;金额&#039;,
buy_date DATE COMMENT &#039;购买日期&#039;,
date_detail STRING COMMENT &#039;日期详情&#039;
)
COMMENT &#039;测试信息表&#039;
PARTITIONED BY (
dt STRING COMMENT &#039;分区日期，格式：yyyy-MM-dd&#039;
)
STORED AS ORC;

-- 插入6行数据
INSERT INTO TABLE pw_test.test_info_1
PARTITION (dt)
SELECT
1 + user_idx AS id,
CASE user_idx
WHEN 0 THEN 25 WHEN 1 THEN 30 WHEN 2 THEN 28
WHEN 3 THEN 35 WHEN 4 THEN 22 ELSE 29
END AS age,
CASE user_idx
WHEN 0 THEN &#039;001&#039; WHEN 1 THEN &#039;002&#039; WHEN 2 THEN &#039;003&#039;
WHEN 3 THEN &#039;004&#039; WHEN 4 THEN &#039;005&#039; ELSE &#039;006&#039;
END AS string_num,
CASE user_idx
WHEN 0 THEN &#039;张三&#039; WHEN 1 THEN &#039;李四&#039; WHEN 2 THEN &#039;王五&#039;
WHEN 3 THEN &#039;赵六&#039; WHEN 4 THEN &#039;小明&#039; ELSE &#039;小红&#039;
END AS name,
CASE user_idx
WHEN 0 THEN &#039;北京市朝阳区&#039; WHEN 1 THEN &#039;上海市浦东新区&#039; WHEN 2 THEN &#039;广州市天河区&#039;
WHEN 3 THEN &#039;深圳市南山区&#039; WHEN 4 THEN &#039;杭州市西湖区&#039; ELSE &#039;成都市武侯区&#039;
END AS address,
CASE user_idx
WHEN 0 THEN &#039;5000.00&#039; WHEN 1 THEN &#039;6800.50&#039; WHEN 2 THEN &#039;4200.00&#039;
WHEN 3 THEN &#039;9500.00&#039; WHEN 4 THEN &#039;3100.00&#039; ELSE &#039;5600.00&#039;
END AS money,
DATE_ADD(CURRENT_DATE(), -30 + user_idx) AS buy_date,
CASE user_idx
WHEN 0 THEN &#039;订单已完成&#039; WHEN 1 THEN &#039;待发货&#039; WHEN 2 THEN &#039;已取消&#039;
WHEN 3 THEN &#039;配送中&#039; WHEN 4 THEN &#039;已完成&#039; ELSE &#039;退款中&#039;
END AS date_detail,
&#039;${bizDate}&#039; AS dt
FROM (
SELECT 0 AS user_idx UNION ALL SELECT 1 UNION ALL SELECT 2
UNION ALL SELECT 3 UNION ALL SELECT 4 UNION ALL SELECT 5
) users;","1. 进入「资产-数据质量-规则集管理-基础信息」页面
2. 「选择数据源」选择「${DATASOURCE}」
「选择数据库」选择「${DATABASE}」
「选择数据表」选择「${TABLE}」
「规则包名称」填写「完整性+有效性可合并规则过滤条件相同」
3. 点击「新增规则包」-「完整性+有效性可合并规则过滤条件相同」，点击【添加规则-完整性校验】
4. 「监控规则1」配置如下：
「生效范围」：「字段级」
「字段」：「id，age」
「字段间规则逻辑」：「and」
「统计函数」：「空值数」
「过滤条件」：「手动配置：id<=100」
「校验方法」：「固定值」
「期望值」：「!=1」
「强弱规则」选择「弱规则」
「规则描述」输入「测试规则」
5. 「监控规则2」配置如下：
「生效范围」：「字段级」
「字段」：「id，age」
「字段间规则逻辑」：「or」
「统计函数」：「空值率」
「过滤条件」：「手动配置：id<=100」
「校验方法」：「固定值」
「期望值」：「=0」
「强弱规则」选择「弱规则」
「规则描述」输入「测试规则」
6. 「监控规则3」配置如下：
「生效范围」：「字段级」
「字段」：「name」
「统计函数」：「空串数」
「过滤条件」：「手动配置：id<=100」
「校验方法」：「固定值」
「期望值」：「>0」
「强弱规则」选择「弱规则」
「规则描述」输入「测试规则」
7. 「监控规则4」配置如下：
「生效范围」：「字段级」
「字段」：「name」
「统计函数」：「空串率」
「过滤条件」：「手动配置：id<=100」
「校验方法」：「固定值」
「期望值」：「=1」
「强弱规则」选择「弱规则」
「规则描述」输入「测试规则」
8. 「监控规则5」配置如下：
「生效范围」：「单表」
「统计函数」：「表行数」
「过滤条件」：「手动配置：id<=100」
「校验方法」：「固定值」
「期望值」：「>0」
「强弱规则」选择「弱规则」
「规则描述」输入「测试规则」
9. 点击【添加规则-有效性校验】
10. 「监控规则6」配置如下：
「字段」：「id」
「统计函数」：「数值-取值范围」
「过滤条件」：「手动配置：id<=100」
「校验方法」：「固定值」
「期望值」：「>0且<=100」
「强弱规则」选择「弱规则」
「规则描述」输入「测试规则」
11. 「监控规则7」配置如下：
「字段」：「string_num」
「统计函数」：「数值-枚举个数」
「过滤条件」：「手动配置：id<=100」
「校验方法」：「固定值」
「期望值」：「>=1」
「强弱规则」选择「弱规则」
「规则描述」输入「测试规则」
12. 「监控规则8」配置如下：
「字段」：「age」
「统计函数」：「枚举值」
「过滤条件」：「手动配置：id<=100」
「枚举值信息」：「not in 25,30,28,35」
「强弱规则」选择「弱规则」
「规则描述」输入「测试规则」
13. 「监控规则9」配置如下：
「字段」：「id」
「统计函数」：「取值范围&枚举范围」
「过滤条件」：「手动配置：id<=100」
「取值范围」：「期望值>0且<5」
「枚举值」：「in 1」
「取值范围和枚举值关系」：「且」
「强弱规则」选择「弱规则」
「规则描述」输入「测试规则」
14. 点击【保存】按钮
15. 进入「规则任务管理-监控对象」页面
16. 「规则名称」输入「test_rule」
「选择数据源」选择「${DATASOURCE}」
「选择数据库」选择「${DATABASE}」
「选择数据表」选择「${TABLE}」
手动设置分区
「抽样检查设置」：「抽样设置：百分比抽样50%」
17. 引入规则包「完整性+有效性可合并规则过滤条件相同」，点击「下一步」按钮
18. 配置「调度属性」，保存规则，且「调度属性」中配置「规则报告」为最新结果
19. 点开规则详情，查看规则sql
20. 临时运行规则，查看实例详情
21. 查看质量报告","1. 页面正常打开
2. 抽样开启：sql有rand()函数和 tableName_temp_sample_table_xxx 临时抽样表
3. 脏数据存储表为同一个
4. 监控规则1配置完成
5. 监控规则2配置完成
6. 监控规则3配置完成
7. 监控规则4配置完成
8. 监控规则5配置完成
9. 选择成功，页面显示「有效性校验」规则配置区域
10. 监控规则6配置完成
11. 监控规则7配置完成
12. 监控规则8配置完成
13. 监控规则9配置完成
14. 规则保存成功
15. 页面正常打开
16. 监控对象配置成功；
进入「监控规则」配置页
17. 引入正确，规则内容置灰，进入「调度属性」
18. 规则保存成功
19. 1、sql进行合并：
1）源表只扫描一次：FROM 后面的源表只出现 1 次；
​2）所有可合并规则写在同一个select里面：用多个 SUM (CASE WHEN) 把规则并行计算；
3）计算后再把结果拆成多行，每行代表单个规则进行输出，最终把结果插入同一张脏数据表
20. 子规则1、2、5、6、7通过，子规则3、4、8、9不通过，且实例详情展示正确
21. 结果正确，符合配置的规则内容","1. 
2. 
3. 
4. 
5. 
6. 
7. 
8. 
9. 
10. 
11. 
12. 
13. 
14. 
15. 
16. 
17. 
18. 
19. 
20. 
21.","","3","功能测试","功能测试阶段","正常","0","0","21","","听筠","2026-05-26","","0000-00-00","1","",""
"185957","数据资产_STD(#23)","/版本迭代测试用例/v6.4.11/【岚图】【数据资产】数据质量任务性能优化，规则sql合并/可合并(#10581)","【岚图】【数据资产】数据质量任务、落标检查任务性能优化，规则sql合并(#15862)","单独有效性 验证「有效性校验」校验不通过的规则查看明细功能","资产已存在有效性校验规则“可合并有效性规则”，且子规则为有效性：数值-取值范围、数值-枚举个数、枚举值、取值范围&枚举范围，全部为不通过","1. 进入「资产-数据质量-规则任务管理」页面
2. 查看规则sql
3. 进入「资产-数据质量-校验结果查询」页面
4. 选中该表名，查看任务结果详情
5. 点击【查看明细】按钮
6. 点击【下载明细】按钮
7. 进入「资产-数据质量-数据质量报告」页面
8. 进入该报告的详情页，查看报告详情
9. 点击【查看详情】按钮
10. 点击【下载明细】按钮","1. 页面正常打开，显示表“test_info_1”的规则
2. 子规则为有效性：数值-取值范围、数值-枚举个数、枚举值、取值范围&枚举范围的脏数据存储表为同一个
3. 页面正常打开，显示表“test_info_1”的规则
4. 显示校验未通过的子规则详情，展示【查看明细】按钮
5. 1）展示该表中不符合规则的数据
2）显示行数<=100
3）显示【下载明细】按钮
6. 可下载到本地，内容正确，行数<=100
7. 页面正常打开，显示表“test_info_1”的报告
8. 规则校验明细表中显示“操作-查看详情”
9. 展开该表中不符合规则的数据，行数<=100，显示【下载明细】按钮
10. 可下载到本地，内容正确，行数<=100","1. 
2. 
3. 
4. 
5. 
6. 
7. 
8. 
9. 
10.","","2","功能测试","功能测试阶段","正常","0","0","10","","听筠","2026-05-26","","0000-00-00","1","",""
"185956","数据资产_STD(#23)","/版本迭代测试用例/v6.4.11/【岚图】【数据资产】数据质量任务性能优化，规则sql合并/可合并(#10581)","【岚图】【数据资产】数据质量任务、落标检查任务性能优化，规则sql合并(#15862)","单独有效性 验证「有效性校验」校验不通过质量报告正确","1、已有表test_info_1
CREATE TABLE pw_test.test_info_1 (
id INT COMMENT &#039;用户ID&#039;,
age INT COMMENT &#039;年龄&#039;,
string_num STRING COMMENT &#039;string类型的编号&#039;,
name STRING COMMENT &#039;姓名&#039;,
address STRING COMMENT &#039;地址&#039;,
money STRING COMMENT &#039;金额&#039;,
buy_date DATE COMMENT &#039;购买日期&#039;,
date_detail STRING COMMENT &#039;日期详情&#039;
)
COMMENT &#039;测试信息表&#039;
PARTITIONED BY (
dt STRING COMMENT &#039;分区日期，格式：yyyy-MM-dd&#039;
)
STORED AS ORC;

-- 插入6行数据
INSERT INTO TABLE pw_test.test_info_1
PARTITION (dt)
SELECT
1 + user_idx AS id,
CASE user_idx
WHEN 0 THEN 25 WHEN 1 THEN 30 WHEN 2 THEN 28
WHEN 3 THEN 35 WHEN 4 THEN 22 ELSE 29
END AS age,
CASE user_idx
WHEN 0 THEN &#039;001&#039; WHEN 1 THEN &#039;002&#039; WHEN 2 THEN &#039;003&#039;
WHEN 3 THEN &#039;004&#039; WHEN 4 THEN &#039;005&#039; ELSE &#039;006&#039;
END AS string_num,
CASE user_idx
WHEN 0 THEN &#039;张三&#039; WHEN 1 THEN &#039;李四&#039; WHEN 2 THEN &#039;王五&#039;
WHEN 3 THEN &#039;赵六&#039; WHEN 4 THEN &#039;小明&#039; ELSE &#039;小红&#039;
END AS name,
CASE user_idx
WHEN 0 THEN &#039;北京市朝阳区&#039; WHEN 1 THEN &#039;上海市浦东新区&#039; WHEN 2 THEN &#039;广州市天河区&#039;
WHEN 3 THEN &#039;深圳市南山区&#039; WHEN 4 THEN &#039;杭州市西湖区&#039; ELSE &#039;成都市武侯区&#039;
END AS address,
CASE user_idx
WHEN 0 THEN &#039;5000.00&#039; WHEN 1 THEN &#039;6800.50&#039; WHEN 2 THEN &#039;4200.00&#039;
WHEN 3 THEN &#039;9500.00&#039; WHEN 4 THEN &#039;3100.00&#039; ELSE &#039;5600.00&#039;
END AS money,
DATE_ADD(CURRENT_DATE(), -30 + user_idx) AS buy_date,
CASE user_idx
WHEN 0 THEN &#039;订单已完成&#039; WHEN 1 THEN &#039;待发货&#039; WHEN 2 THEN &#039;已取消&#039;
WHEN 3 THEN &#039;配送中&#039; WHEN 4 THEN &#039;已完成&#039; ELSE &#039;退款中&#039;
END AS date_detail,
&#039;${bizDate}&#039; AS dt
FROM (
SELECT 0 AS user_idx UNION ALL SELECT 1 UNION ALL SELECT 2
UNION ALL SELECT 3 UNION ALL SELECT 4 UNION ALL SELECT 5
) users;

2、资产已存在有效性校验规则“可合并有效性规则”，且子规则全部不通过：
数据源：「${DATASOURCE}」
数据库：「${DATABASE}」
数据表：test_info_1
共6行数据，8个字段，4个校验规则","1. 进入「资产-数据质量-数据质量报告」页面
2. 选中该报告，点击“查看报告-报告详情”
3. 查看质量报告详情展示","1. 页面正常打开，显示报告名称为“test_info_1_可合并有效性规则”的报告
2. 进入该报告的详情页
3. 从上到下依次为：
1）质量评估汇总（test_info_1_可合并有效性规则）：表名-test_info_1；数据源-「${DATASOURCE}」；数据库：「${DATABASE}」 ；检测数据范围-“设置的分区”；表行数-“6”；抽样行数-“--”；字段数-“8”；车辆数-“--”；校验规则数-“4”；校验通过率-“0%”
2）车辆信息汇总：车系、车型（可筛选）、动力类型、车辆数、表中包含车辆数、车辆总数、表中包含总车辆数
3）规则校验明细：规则类型（可筛选）-“有效性校验”；规则名称（可搜索）-已配置的子规则；字段名称（可搜索）-已配置的字段；字段类型（可搜索）-字段对应的类型；质检结果（可筛选）-校验未通过；未通过原因-“xxxx未通过”；详情说明-xxxx，不符合规则“xxx”；最近一次校验结束时间-xxxx-xx-xx xx:xx:xx；操作-“查看详情”","1. 
2. 
3.","","2","功能测试","功能测试阶段","正常","0","0","3","","听筠","2026-05-26","","0000-00-00","1","",""
"185955","数据资产_STD(#23)","/版本迭代测试用例/v6.4.11/【岚图】【数据资产】数据质量任务性能优化，规则sql合并/可合并(#10581)","【岚图】【数据资产】数据质量任务、落标检查任务性能优化，规则sql合并(#15862)","单独有效性 验证「有效性校验」校验通过质量报告正确","1、已有表test_info_1
CREATE TABLE pw_test.test_info_1 (
id INT COMMENT &#039;用户ID&#039;,
age INT COMMENT &#039;年龄&#039;,
string_num STRING COMMENT &#039;string类型的编号&#039;,
name STRING COMMENT &#039;姓名&#039;,
address STRING COMMENT &#039;地址&#039;,
money STRING COMMENT &#039;金额&#039;,
buy_date DATE COMMENT &#039;购买日期&#039;,
date_detail STRING COMMENT &#039;日期详情&#039;
)
COMMENT &#039;测试信息表&#039;
PARTITIONED BY (
dt STRING COMMENT &#039;分区日期，格式：yyyy-MM-dd&#039;
)
STORED AS ORC;

-- 插入6行数据
INSERT INTO TABLE pw_test.test_info_1
PARTITION (dt)
SELECT
1 + user_idx AS id,
CASE user_idx
WHEN 0 THEN 25 WHEN 1 THEN 30 WHEN 2 THEN 28
WHEN 3 THEN 35 WHEN 4 THEN 22 ELSE 29
END AS age,
CASE user_idx
WHEN 0 THEN &#039;001&#039; WHEN 1 THEN &#039;002&#039; WHEN 2 THEN &#039;003&#039;
WHEN 3 THEN &#039;004&#039; WHEN 4 THEN &#039;005&#039; ELSE &#039;006&#039;
END AS string_num,
CASE user_idx
WHEN 0 THEN &#039;张三&#039; WHEN 1 THEN &#039;李四&#039; WHEN 2 THEN &#039;王五&#039;
WHEN 3 THEN &#039;赵六&#039; WHEN 4 THEN &#039;小明&#039; ELSE &#039;小红&#039;
END AS name,
CASE user_idx
WHEN 0 THEN &#039;北京市朝阳区&#039; WHEN 1 THEN &#039;上海市浦东新区&#039; WHEN 2 THEN &#039;广州市天河区&#039;
WHEN 3 THEN &#039;深圳市南山区&#039; WHEN 4 THEN &#039;杭州市西湖区&#039; ELSE &#039;成都市武侯区&#039;
END AS address,
CASE user_idx
WHEN 0 THEN &#039;5000.00&#039; WHEN 1 THEN &#039;6800.50&#039; WHEN 2 THEN &#039;4200.00&#039;
WHEN 3 THEN &#039;9500.00&#039; WHEN 4 THEN &#039;3100.00&#039; ELSE &#039;5600.00&#039;
END AS money,
DATE_ADD(CURRENT_DATE(), -30 + user_idx) AS buy_date,
CASE user_idx
WHEN 0 THEN &#039;订单已完成&#039; WHEN 1 THEN &#039;待发货&#039; WHEN 2 THEN &#039;已取消&#039;
WHEN 3 THEN &#039;配送中&#039; WHEN 4 THEN &#039;已完成&#039; ELSE &#039;退款中&#039;
END AS date_detail,
&#039;${bizDate}&#039; AS dt
FROM (
SELECT 0 AS user_idx UNION ALL SELECT 1 UNION ALL SELECT 2
UNION ALL SELECT 3 UNION ALL SELECT 4 UNION ALL SELECT 5
) users;

2、资产已存在有效性校验规则“可合并有效性规则”，且子规则全部为通过：
数据源：「${DATASOURCE}」
数据库：「${DATABASE}」
数据表：test_info_1
共6行数据，8个字段，4个校验规则","1. 进入「资产-数据质量-数据质量报告」页面
2. 选中该报告，点击“查看报告-报告详情”
3. 查看质量报告详情展示","1. 页面正常打开，显示报告名称为“test_info_1_可合并有效性规则”的报告
2. 进入该报告的详情页
3. 从上到下依次为：
1）质量评估汇总（test_info_1_可合并有效性规则）：表名-test_info_1；数据源-「${DATASOURCE}」；数据库：「${DATABASE}」 ；检测数据范围-“设置的分区”；表行数-“6”；抽样行数-“--”；字段数-“8”；车辆数-“--”；校验规则数-“4”；校验通过率-“100%”
2）车辆信息汇总：车系、车型（可筛选）、动力类型、车辆数、表中包含车辆数、车辆总数、表中包含总车辆数
3）规则校验明细：规则类型（可筛选）-“有效性校验”；规则名称（可搜索）-已配置的子规则；字段名称（可搜索）-已配置的字段；字段类型（可搜索）-字段对应的类型；质检结果（可筛选）-校验通过；未通过原因-“--”；详情说明-xxxx，符合规则“xxx”；最近一次校验结束时间-xxxx-xx-xx xx:xx:xx；操作-“--”","1. 
2. 
3.","","1","功能测试","功能测试阶段","正常","0","1","3","通过","听筠","2026-05-26","","0000-00-00","1","",""
"185954","数据资产_STD(#23)","/版本迭代测试用例/v6.4.11/【岚图】【数据资产】数据质量任务性能优化，规则sql合并/可合并(#10581)","【岚图】【数据资产】数据质量任务、落标检查任务性能优化，规则sql合并(#15862)","单独有效性 验证「有效性校验」-「抽样开启」-「设置分区」校验功能","已有表test_info_1
CREATE TABLE pw_test.test_info_1 (
id INT COMMENT &#039;用户ID&#039;,
age INT COMMENT &#039;年龄&#039;,
string_num STRING COMMENT &#039;string类型的编号&#039;,
name STRING COMMENT &#039;姓名&#039;,
address STRING COMMENT &#039;地址&#039;,
money STRING COMMENT &#039;金额&#039;,
buy_date DATE COMMENT &#039;购买日期&#039;,
date_detail STRING COMMENT &#039;日期详情&#039;
)
COMMENT &#039;测试信息表&#039;
PARTITIONED BY (
dt STRING COMMENT &#039;分区日期，格式：yyyy-MM-dd&#039;
)
STORED AS ORC;

-- 插入6行数据
INSERT INTO TABLE pw_test.test_info_1
PARTITION (dt)
SELECT
1 + user_idx AS id,
CASE user_idx
WHEN 0 THEN 25 WHEN 1 THEN 30 WHEN 2 THEN 28
WHEN 3 THEN 35 WHEN 4 THEN 22 ELSE 29
END AS age,
CASE user_idx
WHEN 0 THEN &#039;001&#039; WHEN 1 THEN &#039;002&#039; WHEN 2 THEN &#039;003&#039;
WHEN 3 THEN &#039;004&#039; WHEN 4 THEN &#039;005&#039; ELSE &#039;006&#039;
END AS string_num,
CASE user_idx
WHEN 0 THEN &#039;张三&#039; WHEN 1 THEN &#039;李四&#039; WHEN 2 THEN &#039;王五&#039;
WHEN 3 THEN &#039;赵六&#039; WHEN 4 THEN &#039;小明&#039; ELSE &#039;小红&#039;
END AS name,
CASE user_idx
WHEN 0 THEN &#039;北京市朝阳区&#039; WHEN 1 THEN &#039;上海市浦东新区&#039; WHEN 2 THEN &#039;广州市天河区&#039;
WHEN 3 THEN &#039;深圳市南山区&#039; WHEN 4 THEN &#039;杭州市西湖区&#039; ELSE &#039;成都市武侯区&#039;
END AS address,
CASE user_idx
WHEN 0 THEN &#039;5000.00&#039; WHEN 1 THEN &#039;6800.50&#039; WHEN 2 THEN &#039;4200.00&#039;
WHEN 3 THEN &#039;9500.00&#039; WHEN 4 THEN &#039;3100.00&#039; ELSE &#039;5600.00&#039;
END AS money,
DATE_ADD(CURRENT_DATE(), -30 + user_idx) AS buy_date,
CASE user_idx
WHEN 0 THEN &#039;订单已完成&#039; WHEN 1 THEN &#039;待发货&#039; WHEN 2 THEN &#039;已取消&#039;
WHEN 3 THEN &#039;配送中&#039; WHEN 4 THEN &#039;已完成&#039; ELSE &#039;退款中&#039;
END AS date_detail,
&#039;${bizDate}&#039; AS dt
FROM (
SELECT 0 AS user_idx UNION ALL SELECT 1 UNION ALL SELECT 2
UNION ALL SELECT 3 UNION ALL SELECT 4 UNION ALL SELECT 5
) users;","1. 进入「资产-数据质量-规则集管理-基础信息」页面
2. 「选择数据源」选择「${DATASOURCE}」
「选择数据库」选择「${DATABASE}」
「选择数据表」选择「${TABLE}」
「规则包名称」填写「有效性可合并规则」
3. 点击「新增规则包」-「有效性可合并规则」，点击【添加规则-有效性校验】
4. 「监控规则1」配置如下：
「字段」：「id」
「统计函数」：「数值-取值范围」
「过滤条件」：「手动配置：id<=100」
「校验方法」：「固定值」
「期望值」：「>0且<=100」
「强弱规则」选择「弱规则」
「规则描述」输入「测试规则」
5. 「监控规则2」配置如下：
「字段」：「string_num」
「统计函数」：「数值-枚举个数」
「过滤条件」：「手动配置：id<=100」
「校验方法」：「固定值」
「期望值」：「>=1」
「强弱规则」选择「弱规则」
「规则描述」输入「测试规则」
6. 「监控规则3」配置如下：
「字段」：「age」
「统计函数」：「枚举值」
「过滤条件」：「手动配置：id<=100」
「枚举值信息」：「not in 25,30,28,35」
「强弱规则」选择「弱规则」
「规则描述」输入「测试规则」
7. 「监控规则4」配置如下：
「字段」：「id」
「统计函数」：「取值范围&枚举范围」
「过滤条件」：「手动配置：id<=100」
「取值范围」：「期望值>0且<5」
「枚举值」：「in 1」
「取值范围和枚举值关系」：「且」
「强弱规则」选择「弱规则」
「规则描述」输入「测试规则」
8. 点击【保存】按钮
9. 进入「规则任务管理-监控对象」页面
10. 「规则名称」输入「test_rule」
「选择数据源」选择「${DATASOURCE}」
「选择数据库」选择「${DATABASE}」
「选择数据表」选择「${TABLE}」
选择已有分区
「抽样检查设置」：「抽样设置：百分比抽样50%」
11. 引入规则包「有效性可合并规则」，点击「下一步」按钮
12. 配置「调度属性」，保存规则，且「调度属性」中配置「规则报告」为最新结果
13. 点开规则详情，查看规则sql
14. 临时运行规则，查看实例详情","1. 页面正常打开
2. 抽样开启：sql有rand()函数和 tableName_temp_sample_table_xxx 临时抽样表
3. 选择成功，页面显示「有效性校验」规则配置区域
4. 监控规则1配置完成
5. 监控规则2配置完成
6. 监控规则3配置完成
7. 监控规则4配置完成
8. 规则保存成功
9. 页面正常打开
10. 监控对象配置成功；
进入「监控规则」配置页
11. 引入正确，规则内容置灰，进入「调度属性」
12. 规则保存成功
13. 1、sql进行合并：
1）源表只扫描一次：FROM 后面的源表只出现 1 次；
​2）所有可合并规则写在同一个select里面：用多个 SUM (CASE WHEN) 把规则并行计算；
3）计算后再把结果拆成多行，每行代表单个规则进行输出，最终把结果插入同一张脏数据表
14. 子规则1、2通过，子规则3、4不通过，且实例详情展示正确","1. 
2. 
3. 
4. 
5. 
6. 
7. 
8. 
9. 
10. 
11. 
12. 
13. 
14.","","2","功能测试","功能测试阶段","正常","0","0","14","","听筠","2026-05-26","","0000-00-00","1","",""
"185953","数据资产_STD(#23)","/版本迭代测试用例/v6.4.11/【岚图】【数据资产】数据质量任务性能优化，规则sql合并/可合并(#10581)","【岚图】【数据资产】数据质量任务、落标检查任务性能优化，规则sql合并(#15862)","单独有效性 验证「有效性校验」-「抽样开启」校验全不通过功能","已有表test_info_1
CREATE TABLE pw_test.test_info_1 (
id INT COMMENT &#039;用户ID&#039;,
age INT COMMENT &#039;年龄&#039;,
string_num STRING COMMENT &#039;string类型的编号&#039;,
name STRING COMMENT &#039;姓名&#039;,
address STRING COMMENT &#039;地址&#039;,
money STRING COMMENT &#039;金额&#039;,
buy_date DATE COMMENT &#039;购买日期&#039;,
date_detail STRING COMMENT &#039;日期详情&#039;
)
COMMENT &#039;测试信息表&#039;
PARTITIONED BY (
dt STRING COMMENT &#039;分区日期，格式：yyyy-MM-dd&#039;
)
STORED AS ORC;

-- 插入6行数据
INSERT INTO TABLE pw_test.test_info_1
PARTITION (dt)
SELECT
1 + user_idx AS id,
CASE user_idx
WHEN 0 THEN 25 WHEN 1 THEN 30 WHEN 2 THEN 28
WHEN 3 THEN 35 WHEN 4 THEN 22 ELSE 29
END AS age,
CASE user_idx
WHEN 0 THEN &#039;001&#039; WHEN 1 THEN &#039;002&#039; WHEN 2 THEN &#039;003&#039;
WHEN 3 THEN &#039;004&#039; WHEN 4 THEN &#039;005&#039; ELSE &#039;006&#039;
END AS string_num,
CASE user_idx
WHEN 0 THEN &#039;张三&#039; WHEN 1 THEN &#039;李四&#039; WHEN 2 THEN &#039;王五&#039;
WHEN 3 THEN &#039;赵六&#039; WHEN 4 THEN &#039;小明&#039; ELSE &#039;小红&#039;
END AS name,
CASE user_idx
WHEN 0 THEN &#039;北京市朝阳区&#039; WHEN 1 THEN &#039;上海市浦东新区&#039; WHEN 2 THEN &#039;广州市天河区&#039;
WHEN 3 THEN &#039;深圳市南山区&#039; WHEN 4 THEN &#039;杭州市西湖区&#039; ELSE &#039;成都市武侯区&#039;
END AS address,
CASE user_idx
WHEN 0 THEN &#039;5000.00&#039; WHEN 1 THEN &#039;6800.50&#039; WHEN 2 THEN &#039;4200.00&#039;
WHEN 3 THEN &#039;9500.00&#039; WHEN 4 THEN &#039;3100.00&#039; ELSE &#039;5600.00&#039;
END AS money,
DATE_ADD(CURRENT_DATE(), -30 + user_idx) AS buy_date,
CASE user_idx
WHEN 0 THEN &#039;订单已完成&#039; WHEN 1 THEN &#039;待发货&#039; WHEN 2 THEN &#039;已取消&#039;
WHEN 3 THEN &#039;配送中&#039; WHEN 4 THEN &#039;已完成&#039; ELSE &#039;退款中&#039;
END AS date_detail,
&#039;${bizDate}&#039; AS dt
FROM (
SELECT 0 AS user_idx UNION ALL SELECT 1 UNION ALL SELECT 2
UNION ALL SELECT 3 UNION ALL SELECT 4 UNION ALL SELECT 5
) users;","1. 进入「资产-数据质量-规则集管理-基础信息」页面
2. 「选择数据源」选择「${DATASOURCE}」
「选择数据库」选择「${DATABASE}」
「选择数据表」选择「${TABLE}」
「规则包名称」填写「有效性可合并规则」
3. 点击「新增规则包」-「有效性可合并规则」，点击【添加规则-有效性校验】
4. 「监控规则1」配置如下：
「字段」：「id」
「统计函数」：「数值-取值范围」
「过滤条件」：「手动配置：id<=100」
「校验方法」：「固定值」
「期望值」：「>20且<100」
「强弱规则」选择「弱规则」
「规则描述」输入「测试规则」
5. 「监控规则2」配置如下：
「字段」：「string_num」
「统计函数」：「数值-枚举个数」
「过滤条件」：「手动配置：id<=100」
「校验方法」：「固定值」
「期望值」：「<2」
「强弱规则」选择「弱规则」
「规则描述」输入「测试规则」
6. 「监控规则3」配置如下：
「字段」：「age」
「统计函数」：「枚举值」
「过滤条件」：「手动配置：id<=100」
「枚举值信息」：「not in 25,30,28,35」
「强弱规则」选择「弱规则」
「规则描述」输入「测试规则」
7. 「监控规则4」配置如下：
「字段」：「id」
「统计函数」：「取值范围&枚举范围」
「过滤条件」：「手动配置：id<=100」
「取值范围」：「期望值>0且<5」
「枚举值」：「in 1」
「取值范围和枚举值关系」：「且」
「强弱规则」选择「弱规则」
「规则描述」输入「测试规则」
8. 点击【保存】按钮
9. 进入「规则任务管理-监控对象」页面
10. 「规则名称」输入「test_rule」
「选择数据源」选择「${DATASOURCE}」
「选择数据库」选择「${DATABASE}」
「选择数据表」选择「${TABLE}」
「抽样检查设置」：「抽样设置：百分比抽样50%」
11. 引入规则包「有效性可合并规则」，点击「下一步」按钮
12. 配置「调度属性」，保存规则，且「调度属性」中配置「规则报告」为最新结果
13. 点开规则详情，查看规则sql
14. 临时运行规则，查看实例详情","1. 页面正常打开
2. 抽样开启：sql有rand()函数和 tableName_temp_sample_table_xxx 临时抽样表
3. 选择成功，页面显示「有效性校验」规则配置区域
4. 监控规则1配置完成
5. 监控规则2配置完成
6. 监控规则3配置完成
7. 监控规则4配置完成
8. 规则保存成功
9. 页面正常打开
10. 监控对象配置成功；
进入「监控规则」配置页
11. 引入正确，规则内容置灰，进入「调度属性」
12. 规则保存成功
13. 1、sql进行合并：
1）源表只扫描一次：FROM 后面的源表只出现 1 次；
​2）所有可合并规则写在同一个select里面：用多个 SUM (CASE WHEN) 把规则并行计算；
3）计算后再把结果拆成多行，每行代表单个规则进行输出，最终把结果插入同一张脏数据表
14. 4个子规则全部不通过，且实例详情展示正确","1. 
2. 
3. 
4. 
5. 
6. 
7. 
8. 
9. 
10. 
11. 
12. 
13. 
14.","","2","功能测试","功能测试阶段","正常","0","0","14","","听筠","2026-05-26","","0000-00-00","1","",""
"185952","数据资产_STD(#23)","/版本迭代测试用例/v6.4.11/【岚图】【数据资产】数据质量任务性能优化，规则sql合并/可合并(#10581)","【岚图】【数据资产】数据质量任务、落标检查任务性能优化，规则sql合并(#15862)","单独有效性 验证「有效性校验」-「抽样开启」校验全通过功能","已有表test_info_1
CREATE TABLE pw_test.test_info_1 (
id INT COMMENT &#039;用户ID&#039;,
age INT COMMENT &#039;年龄&#039;,
string_num STRING COMMENT &#039;string类型的编号&#039;,
name STRING COMMENT &#039;姓名&#039;,
address STRING COMMENT &#039;地址&#039;,
money STRING COMMENT &#039;金额&#039;,
buy_date DATE COMMENT &#039;购买日期&#039;,
date_detail STRING COMMENT &#039;日期详情&#039;
)
COMMENT &#039;测试信息表&#039;
PARTITIONED BY (
dt STRING COMMENT &#039;分区日期，格式：yyyy-MM-dd&#039;
)
STORED AS ORC;

-- 插入6行数据
INSERT INTO TABLE pw_test.test_info_1
PARTITION (dt)
SELECT
1 + user_idx AS id,
CASE user_idx
WHEN 0 THEN 25 WHEN 1 THEN 30 WHEN 2 THEN 28
WHEN 3 THEN 35 WHEN 4 THEN 22 ELSE 29
END AS age,
CASE user_idx
WHEN 0 THEN &#039;001&#039; WHEN 1 THEN &#039;002&#039; WHEN 2 THEN &#039;003&#039;
WHEN 3 THEN &#039;004&#039; WHEN 4 THEN &#039;005&#039; ELSE &#039;006&#039;
END AS string_num,
CASE user_idx
WHEN 0 THEN &#039;张三&#039; WHEN 1 THEN &#039;李四&#039; WHEN 2 THEN &#039;王五&#039;
WHEN 3 THEN &#039;赵六&#039; WHEN 4 THEN &#039;小明&#039; ELSE &#039;小红&#039;
END AS name,
CASE user_idx
WHEN 0 THEN &#039;北京市朝阳区&#039; WHEN 1 THEN &#039;上海市浦东新区&#039; WHEN 2 THEN &#039;广州市天河区&#039;
WHEN 3 THEN &#039;深圳市南山区&#039; WHEN 4 THEN &#039;杭州市西湖区&#039; ELSE &#039;成都市武侯区&#039;
END AS address,
CASE user_idx
WHEN 0 THEN &#039;5000.00&#039; WHEN 1 THEN &#039;6800.50&#039; WHEN 2 THEN &#039;4200.00&#039;
WHEN 3 THEN &#039;9500.00&#039; WHEN 4 THEN &#039;3100.00&#039; ELSE &#039;5600.00&#039;
END AS money,
DATE_ADD(CURRENT_DATE(), -30 + user_idx) AS buy_date,
CASE user_idx
WHEN 0 THEN &#039;订单已完成&#039; WHEN 1 THEN &#039;待发货&#039; WHEN 2 THEN &#039;已取消&#039;
WHEN 3 THEN &#039;配送中&#039; WHEN 4 THEN &#039;已完成&#039; ELSE &#039;退款中&#039;
END AS date_detail,
&#039;${bizDate}&#039; AS dt
FROM (
SELECT 0 AS user_idx UNION ALL SELECT 1 UNION ALL SELECT 2
UNION ALL SELECT 3 UNION ALL SELECT 4 UNION ALL SELECT 5
) users;","1. 进入「资产-数据质量-规则集管理-基础信息」页面
2. 「选择数据源」选择「${DATASOURCE}」
「选择数据库」选择「${DATABASE}」
「选择数据表」选择「${TABLE}」
「规则包名称」填写「有效性可合并规则」
3. 点击「新增规则包」-「有效性可合并规则」，点击【添加规则-有效性校验】
4. 「监控规则1」配置如下：
「字段」：「id」
「统计函数」：「数值-取值范围」
「过滤条件」：「手动配置：id<=100」
「校验方法」：「固定值」
「期望值」：「>0且<=100」
「强弱规则」选择「弱规则」
「规则描述」输入「测试规则」
5. 「监控规则2」配置如下：
「字段」：「string_num」
「统计函数」：「数值-枚举个数」
「过滤条件」：「手动配置：id<=100」
「校验方法」：「固定值」
「期望值」：「>=1」
「强弱规则」选择「弱规则」
「规则描述」输入「测试规则」
6. 「监控规则3」配置如下：
「字段」：「age」
「统计函数」：「枚举值」
「过滤条件」：「手动配置：id<=100」
「枚举值信息」：「in25,30,28,35,22,29,34,20,18」
「强弱规则」选择「弱规则」
「规则描述」输入「测试规则」
7. 「监控规则4」配置如下：
「字段」：「id」
「统计函数」：「取值范围&枚举范围」
「过滤条件」：「手动配置：id<=100」
「取值范围」：「期望值>0或<100」
「枚举值」：「not in 0」
「取值范围和枚举值关系」：「且」
「强弱规则」选择「弱规则」
「规则描述」输入「测试规则」
8. 点击【保存】按钮
9. 进入「规则任务管理-监控对象」页面
10. 「规则名称」输入「test_rule」
「选择数据源」选择「${DATASOURCE}」
「选择数据库」选择「${DATABASE}」
「选择数据表」选择「${TABLE}」
「抽样检查设置」：「抽样设置：百分比抽样50%」
11. 引入规则包「有效性可合并规则」，点击「下一步」按钮
12. 配置「调度属性」，保存规则，且「调度属性」中配置「规则报告」为最新结果
13. 点开规则详情，查看规则sql
14. 临时运行规则，查看实例详情","1. 页面正常打开
2. 抽样开启：sql有rand()函数和 tableName_temp_sample_table_xxx 临时抽样表
3. 选择成功，页面显示「有效性校验」规则配置区域
4. 监控规则1配置完成
5. 监控规则2配置完成
6. 监控规则3配置完成
7. 监控规则4配置完成
8. 规则保存成功
9. 页面正常打开
10. 监控对象配置成功；
进入「监控规则」配置页
11. 引入正确，规则内容置灰，进入「调度属性」
12. 规则保存成功
13. 1、sql进行合并：
1）源表只扫描一次：FROM 后面的源表只出现 1 次；
​2）所有可合并规则写在同一个select里面：用多个 SUM (CASE WHEN) 把规则并行计算；
3）计算后再把结果拆成多行，每行代表单个规则进行输出，最终把结果插入同一张脏数据表
14. 4个子规则全部通过，且实例详情展示正确","1. 
2. 
3. 
4. 
5. 
6. 
7. 
8. 
9. 
10. 
11. 
12. 
13. 
14.","","2","功能测试","功能测试阶段","正常","0","0","14","","听筠","2026-05-26","","0000-00-00","1","",""
"185951","数据资产_STD(#23)","/版本迭代测试用例/v6.4.11/【岚图】【数据资产】数据质量任务性能优化，规则sql合并/可合并(#10581)","【岚图】【数据资产】数据质量任务、落标检查任务性能优化，规则sql合并(#15862)","单独有效性 验证「有效性校验」-「抽样关闭」校验全不通过功能","已有表test_info_1
CREATE TABLE pw_test.test_info_1 (
id INT COMMENT &#039;用户ID&#039;,
age INT COMMENT &#039;年龄&#039;,
string_num STRING COMMENT &#039;string类型的编号&#039;,
name STRING COMMENT &#039;姓名&#039;,
address STRING COMMENT &#039;地址&#039;,
money STRING COMMENT &#039;金额&#039;,
buy_date DATE COMMENT &#039;购买日期&#039;,
date_detail STRING COMMENT &#039;日期详情&#039;
)
COMMENT &#039;测试信息表&#039;
PARTITIONED BY (
dt STRING COMMENT &#039;分区日期，格式：yyyy-MM-dd&#039;
)
STORED AS ORC;

-- 插入6行数据
INSERT INTO TABLE pw_test.test_info_1
PARTITION (dt)
SELECT
1 + user_idx AS id,
CASE user_idx
WHEN 0 THEN 25 WHEN 1 THEN 30 WHEN 2 THEN 28
WHEN 3 THEN 35 WHEN 4 THEN 22 ELSE 29
END AS age,
CASE user_idx
WHEN 0 THEN &#039;001&#039; WHEN 1 THEN &#039;002&#039; WHEN 2 THEN &#039;003&#039;
WHEN 3 THEN &#039;004&#039; WHEN 4 THEN &#039;005&#039; ELSE &#039;006&#039;
END AS string_num,
CASE user_idx
WHEN 0 THEN &#039;张三&#039; WHEN 1 THEN &#039;李四&#039; WHEN 2 THEN &#039;王五&#039;
WHEN 3 THEN &#039;赵六&#039; WHEN 4 THEN &#039;小明&#039; ELSE &#039;小红&#039;
END AS name,
CASE user_idx
WHEN 0 THEN &#039;北京市朝阳区&#039; WHEN 1 THEN &#039;上海市浦东新区&#039; WHEN 2 THEN &#039;广州市天河区&#039;
WHEN 3 THEN &#039;深圳市南山区&#039; WHEN 4 THEN &#039;杭州市西湖区&#039; ELSE &#039;成都市武侯区&#039;
END AS address,
CASE user_idx
WHEN 0 THEN &#039;5000.00&#039; WHEN 1 THEN &#039;6800.50&#039; WHEN 2 THEN &#039;4200.00&#039;
WHEN 3 THEN &#039;9500.00&#039; WHEN 4 THEN &#039;3100.00&#039; ELSE &#039;5600.00&#039;
END AS money,
DATE_ADD(CURRENT_DATE(), -30 + user_idx) AS buy_date,
CASE user_idx
WHEN 0 THEN &#039;订单已完成&#039; WHEN 1 THEN &#039;待发货&#039; WHEN 2 THEN &#039;已取消&#039;
WHEN 3 THEN &#039;配送中&#039; WHEN 4 THEN &#039;已完成&#039; ELSE &#039;退款中&#039;
END AS date_detail,
&#039;${bizDate}&#039; AS dt
FROM (
SELECT 0 AS user_idx UNION ALL SELECT 1 UNION ALL SELECT 2
UNION ALL SELECT 3 UNION ALL SELECT 4 UNION ALL SELECT 5
) users;","1. 进入「资产-数据质量-规则集管理-基础信息」页面
2. 「选择数据源」选择「${DATASOURCE}」
「选择数据库」选择「${DATABASE}」
「选择数据表」选择「${TABLE}」
「规则包名称」填写「有效性可合并规则」
3. 点击「新增规则包」-「有效性可合并规则」，点击【添加规则-有效性校验】
4. 「监控规则1」配置如下：
「字段」：「id」
「统计函数」：「数值-取值范围」
「过滤条件」：「手动配置：id<=100」
「校验方法」：「固定值」
「期望值」：「>20且<100」
「强弱规则」选择「弱规则」
「规则描述」输入「测试规则」
5. 「监控规则2」配置如下：
「字段」：「string_num」
「统计函数」：「数值-枚举个数」
「过滤条件」：「手动配置：id<=100」
「校验方法」：「固定值」
「期望值」：「<2」
「强弱规则」选择「弱规则」
「规则描述」输入「测试规则」
6. 「监控规则3」配置如下：
「字段」：「age」
「统计函数」：「枚举值」
「过滤条件」：「手动配置：id<=100」
「枚举值信息」：「not in 25,30,28,35」
「强弱规则」选择「弱规则」
「规则描述」输入「测试规则」
7. 「监控规则4」配置如下：
「字段」：「id」
「统计函数」：「取值范围&枚举范围」
「过滤条件」：「手动配置：id<=100」
「取值范围」：「期望值>0且<5」
「枚举值」：「in 1」
「取值范围和枚举值关系」：「且」
「强弱规则」选择「弱规则」
「规则描述」输入「测试规则」
8. 点击【保存】按钮
9. 进入「规则任务管理-监控对象」页面
10. 「规则名称」输入「test_rule」
「选择数据源」选择「${DATASOURCE}」
「选择数据库」选择「${DATABASE}」
「选择数据表」选择「${TABLE}」
不开启「抽样检查设置」
11. 引入规则包「有效性可合并规则」，点击「下一步」按钮
12. 配置「调度属性」，保存规则，且「调度属性」中配置「规则报告」为最新结果
13. 点开规则详情，查看规则sql
14. 临时运行规则，查看实例详情","1. 页面正常打开
2. 抽样关闭：sql有rand()函数和 tableName_temp_sample_table_xxx 临时抽样表
3. 选择成功，页面显示「有效性校验」规则配置区域
4. 监控规则1配置完成
5. 监控规则2配置完成
6. 监控规则3配置完成
7. 监控规则4配置完成
8. 规则保存成功
9. 页面正常打开
10. 监控对象配置成功；
进入「监控规则」配置页
11. 引入正确，规则内容置灰，进入「调度属性」
12. 规则保存成功
13. 1、sql进行合并：
1）源表只扫描一次：FROM 后面的源表只出现 1 次；
​2）所有可合并规则写在同一个select里面：用多个 SUM (CASE WHEN) 把规则并行计算；
3）计算后再把结果拆成多行，每行代表单个规则进行输出，最终把结果插入同一张脏数据表
14. 4个子规则全部不通过，且实例详情展示正确","1. 
2. 
3. 
4. 
5. 
6. 
7. 
8. 
9. 
10. 
11. 
12. 
13. 
14.","","3","功能测试","功能测试阶段","正常","0","0","14","","听筠","2026-05-26","","0000-00-00","1","",""
"185950","数据资产_STD(#23)","/版本迭代测试用例/v6.4.11/【岚图】【数据资产】数据质量任务性能优化，规则sql合并/可合并(#10581)","【岚图】【数据资产】数据质量任务、落标检查任务性能优化，规则sql合并(#15862)","单独有效性 验证「有效性校验」-「抽样关闭」校验全通过功能","已有表test_info_1
CREATE TABLE pw_test.test_info_1 (
id INT COMMENT &#039;用户ID&#039;,
age INT COMMENT &#039;年龄&#039;,
string_num STRING COMMENT &#039;string类型的编号&#039;,
name STRING COMMENT &#039;姓名&#039;,
address STRING COMMENT &#039;地址&#039;,
money STRING COMMENT &#039;金额&#039;,
buy_date DATE COMMENT &#039;购买日期&#039;,
date_detail STRING COMMENT &#039;日期详情&#039;
)
COMMENT &#039;测试信息表&#039;
PARTITIONED BY (
dt STRING COMMENT &#039;分区日期，格式：yyyy-MM-dd&#039;
)
STORED AS ORC;

-- 插入6行数据
INSERT INTO TABLE pw_test.test_info_1
PARTITION (dt)
SELECT
1 + user_idx AS id,
CASE user_idx
WHEN 0 THEN 25 WHEN 1 THEN 30 WHEN 2 THEN 28
WHEN 3 THEN 35 WHEN 4 THEN 22 ELSE 29
END AS age,
CASE user_idx
WHEN 0 THEN &#039;001&#039; WHEN 1 THEN &#039;002&#039; WHEN 2 THEN &#039;003&#039;
WHEN 3 THEN &#039;004&#039; WHEN 4 THEN &#039;005&#039; ELSE &#039;006&#039;
END AS string_num,
CASE user_idx
WHEN 0 THEN &#039;张三&#039; WHEN 1 THEN &#039;李四&#039; WHEN 2 THEN &#039;王五&#039;
WHEN 3 THEN &#039;赵六&#039; WHEN 4 THEN &#039;小明&#039; ELSE &#039;小红&#039;
END AS name,
CASE user_idx
WHEN 0 THEN &#039;北京市朝阳区&#039; WHEN 1 THEN &#039;上海市浦东新区&#039; WHEN 2 THEN &#039;广州市天河区&#039;
WHEN 3 THEN &#039;深圳市南山区&#039; WHEN 4 THEN &#039;杭州市西湖区&#039; ELSE &#039;成都市武侯区&#039;
END AS address,
CASE user_idx
WHEN 0 THEN &#039;5000.00&#039; WHEN 1 THEN &#039;6800.50&#039; WHEN 2 THEN &#039;4200.00&#039;
WHEN 3 THEN &#039;9500.00&#039; WHEN 4 THEN &#039;3100.00&#039; ELSE &#039;5600.00&#039;
END AS money,
DATE_ADD(CURRENT_DATE(), -30 + user_idx) AS buy_date,
CASE user_idx
WHEN 0 THEN &#039;订单已完成&#039; WHEN 1 THEN &#039;待发货&#039; WHEN 2 THEN &#039;已取消&#039;
WHEN 3 THEN &#039;配送中&#039; WHEN 4 THEN &#039;已完成&#039; ELSE &#039;退款中&#039;
END AS date_detail,
&#039;${bizDate}&#039; AS dt
FROM (
SELECT 0 AS user_idx UNION ALL SELECT 1 UNION ALL SELECT 2
UNION ALL SELECT 3 UNION ALL SELECT 4 UNION ALL SELECT 5
) users;","1. 进入「资产-数据质量-规则集管理-基础信息」页面
2. 「选择数据源」选择「${DATASOURCE}」
「选择数据库」选择「${DATABASE}」
「选择数据表」选择「${TABLE}」
「规则包名称」填写「有效性可合并规则」
3. 点击「新增规则包」-「有效性可合并规则」，点击【添加规则-有效性校验】
4. 「监控规则1」配置如下：
「字段」：「id」
「统计函数」：「数值-取值范围」
「过滤条件」：「手动配置：id<=100」
「校验方法」：「固定值」
「期望值」：「>0且<=100」
「强弱规则」选择「弱规则」
「规则描述」输入「测试规则」
5. 「监控规则2」配置如下：
「字段」：「string_num」
「统计函数」：「数值-枚举个数」
「过滤条件」：「手动配置：id<=100」
「校验方法」：「固定值」
「期望值」：「>=1」
「强弱规则」选择「弱规则」
「规则描述」输入「测试规则」
6. 「监控规则3」配置如下：
「字段」：「age」
「统计函数」：「枚举值」
「过滤条件」：「手动配置：id<=100」
「枚举值信息」：「in25,30,28,35,22,29,34,20,18」
「强弱规则」选择「弱规则」
「规则描述」输入「测试规则」
7. 「监控规则4」配置如下：
「字段」：「id」
「统计函数」：「取值范围&枚举范围」
「过滤条件」：「手动配置：id<=100」
「取值范围」：「期望值>0或<100」
「枚举值」：「not in 0」
「取值范围和枚举值关系」：「且」
「强弱规则」选择「弱规则」
「规则描述」输入「测试规则」
8. 点击【保存】按钮
9. 进入「规则任务管理-监控对象」页面
10. 「规则名称」输入「test_rule」
「选择数据源」选择「${DATASOURCE}」
「选择数据库」选择「${DATABASE}」
「选择数据表」选择「${TABLE}」
不开启「抽样检查设置」
11. 引入规则包「有效性可合并规则」，点击「下一步」按钮
12. 配置「调度属性」，保存规则，且「调度属性」中配置「规则报告」为最新结果
13. 点开规则详情，查看规则sql
14. 临时运行规则，查看实例详情","1. 页面正常打开
2. 抽样关闭：sql有rand()函数和 tableName_temp_sample_table_xxx 临时抽样表
3. 选择成功，页面显示「有效性校验」规则配置区域
4. 监控规则1配置完成
5. 监控规则2配置完成
6. 监控规则3配置完成
7. 监控规则4配置完成
8. 规则保存成功
9. 页面正常打开
10. 监控对象配置成功；
进入「监控规则」配置页
11. 引入正确，规则内容置灰，进入「调度属性」
12. 规则保存成功
13. 1、sql进行合并：
1）源表只扫描一次：FROM 后面的源表只出现 1 次；
​2）所有可合并规则写在同一个select里面：用多个 SUM (CASE WHEN) 把规则并行计算；
3）计算后再把结果拆成多行，每行代表单个规则进行输出，最终把结果插入同一张脏数据表
14. 4个子规则全部通过，且实例详情展示正确","1. 
2. 
3. 
4. 
5. 
6. 
7. 
8. 
9. 
10. 
11. 
12. 
13. 
14.","","3","功能测试","功能测试阶段","正常","0","0","14","","听筠","2026-05-26","","0000-00-00","1","",""
"185949","数据资产_STD(#23)","/版本迭代测试用例/v6.4.11/【岚图】【数据资产】数据质量任务性能优化，规则sql合并/可合并(#10581)","【岚图】【数据资产】数据质量任务、落标检查任务性能优化，规则sql合并(#15862)","单独完整性 验证「完整性校验」校验不通过的规则查看明细功能","资产已存在完整性校验规则“可合并完整性规则”，且子规则为完整性：空值数、空值率、空串数、空串率、表行数，全部为不通过","1. 进入「资产-数据质量-规则任务管理」页面
2. 查看规则sql
3. 进入「资产-数据质量-校验结果查询」页面
4. 选中该表名，查看任务结果详情
5. 点击【查看明细】按钮
6. 点击【下载明细】按钮
7. 进入「资产-数据质量-数据质量报告」页面
8. 进入该报告的详情页，查看报告详情
9. 点击【查看详情】按钮
10. 点击【下载明细】按钮","1. 页面正常打开，显示表“test_info_1”的规则
2. 子规则为完整性：空值数、空值率、空串数、空串率、表行数的脏数据存储表为同一个
3. 页面正常打开，显示表“test_info_1”的规则
4. 显示校验未通过的子规则详情，展示【查看明细】按钮
5. 1）展示该表中不符合规则的数据
2）显示行数<=100
3）显示【下载明细】按钮
6. 可下载到本地，内容正确，行数<=100
7. 页面正常打开，显示表“test_info_1”的报告
8. 规则校验明细表中显示“操作-查看详情”
9. 展开该表中不符合规则的数据，行数<=100，显示【下载明细】按钮
10. 可下载到本地，内容正确，行数<=100","1. 
2. 
3. 
4. 
5. 
6. 
7. 
8. 
9. 
10.","","1","功能测试","功能测试阶段","正常","0","1","10","通过","听筠","2026-05-26","","0000-00-00","1","",""
"185948","数据资产_STD(#23)","/版本迭代测试用例/v6.4.11/【岚图】【数据资产】数据质量任务性能优化，规则sql合并/可合并(#10581)","【岚图】【数据资产】数据质量任务、落标检查任务性能优化，规则sql合并(#15862)","单独完整性 验证「完整性校验」校验不通过质量报告正确","1、已有表test_info_1
CREATE TABLE pw_test.test_info_1 (
id INT COMMENT &#039;用户ID&#039;,
age INT COMMENT &#039;年龄&#039;,
string_num STRING COMMENT &#039;string类型的编号&#039;,
name STRING COMMENT &#039;姓名&#039;,
address STRING COMMENT &#039;地址&#039;,
money STRING COMMENT &#039;金额&#039;,
buy_date DATE COMMENT &#039;购买日期&#039;,
date_detail STRING COMMENT &#039;日期详情&#039;
)
COMMENT &#039;测试信息表&#039;
PARTITIONED BY (
dt STRING COMMENT &#039;分区日期，格式：yyyy-MM-dd&#039;
)
STORED AS ORC;

-- 插入6行数据
INSERT INTO TABLE pw_test.test_info_1
PARTITION (dt)
SELECT
1 + user_idx AS id,
CASE user_idx
WHEN 0 THEN 25 WHEN 1 THEN 30 WHEN 2 THEN 28
WHEN 3 THEN 35 WHEN 4 THEN 22 ELSE 29
END AS age,
CASE user_idx
WHEN 0 THEN &#039;001&#039; WHEN 1 THEN &#039;002&#039; WHEN 2 THEN &#039;003&#039;
WHEN 3 THEN &#039;004&#039; WHEN 4 THEN &#039;005&#039; ELSE &#039;006&#039;
END AS string_num,
CASE user_idx
WHEN 0 THEN &#039;张三&#039; WHEN 1 THEN &#039;李四&#039; WHEN 2 THEN &#039;王五&#039;
WHEN 3 THEN &#039;赵六&#039; WHEN 4 THEN &#039;小明&#039; ELSE &#039;小红&#039;
END AS name,
CASE user_idx
WHEN 0 THEN &#039;北京市朝阳区&#039; WHEN 1 THEN &#039;上海市浦东新区&#039; WHEN 2 THEN &#039;广州市天河区&#039;
WHEN 3 THEN &#039;深圳市南山区&#039; WHEN 4 THEN &#039;杭州市西湖区&#039; ELSE &#039;成都市武侯区&#039;
END AS address,
CASE user_idx
WHEN 0 THEN &#039;5000.00&#039; WHEN 1 THEN &#039;6800.50&#039; WHEN 2 THEN &#039;4200.00&#039;
WHEN 3 THEN &#039;9500.00&#039; WHEN 4 THEN &#039;3100.00&#039; ELSE &#039;5600.00&#039;
END AS money,
DATE_ADD(CURRENT_DATE(), -30 + user_idx) AS buy_date,
CASE user_idx
WHEN 0 THEN &#039;订单已完成&#039; WHEN 1 THEN &#039;待发货&#039; WHEN 2 THEN &#039;已取消&#039;
WHEN 3 THEN &#039;配送中&#039; WHEN 4 THEN &#039;已完成&#039; ELSE &#039;退款中&#039;
END AS date_detail,
&#039;${bizDate}&#039; AS dt
FROM (
SELECT 0 AS user_idx UNION ALL SELECT 1 UNION ALL SELECT 2
UNION ALL SELECT 3 UNION ALL SELECT 4 UNION ALL SELECT 5
) users;

2、资产已存在完整性校验规则“可合并完整性规则”，且子规则全部不通过：
数据源：「${DATASOURCE}」
数据库：「${DATABASE}」
数据表：test_info_1
共6行数据，8个字段，4个校验规则","1. 进入「资产-数据质量-数据质量报告」页面
2. 选中该报告，点击“查看报告-报告详情”
3. 查看质量报告详情展示","1. 页面正常打开，显示报告名称为“test_info_1_可合并完整性规则”的报告
2. 进入该报告的详情页
3. 从上到下依次为：
1）质量评估汇总（test_info_1_可合并完整性规则）：表名-test_info_1；数据源-「${DATASOURCE}」；数据库：「${DATABASE}」 ；检测数据范围-“设置的分区”；表行数-“6”；抽样行数-“--”；字段数-“8”；车辆数-“--”；校验规则数-“4”；校验通过率-“0%”
2）车辆信息汇总：车系、车型（可筛选）、动力类型、车辆数、表中包含车辆数、车辆总数、表中包含总车辆数
3）规则校验明细：规则类型（可筛选）-“完整性校验”；规则名称（可搜索）-“可合并完整性规则”；字段名称（可搜索）-已配置的字段；字段类型（可搜索）-字段对应的类型；质检结果（可筛选）-校验未通过；未通过原因-“xxxx未通过”；详情说明-xxxx，不符合规则“xxx”；最近一次校验结束时间-xxxx-xx-xx xx:xx:xx；操作-“查看详情”","1. 
2. 
3.","","1","功能测试","功能测试阶段","正常","0","0","3","","听筠","2026-05-26","","0000-00-00","1","",""
"185947","数据资产_STD(#23)","/版本迭代测试用例/v6.4.11/【岚图】【数据资产】数据质量任务性能优化，规则sql合并/可合并(#10581)","【岚图】【数据资产】数据质量任务、落标检查任务性能优化，规则sql合并(#15862)","单独完整性 验证「完整性校验」校验通过质量报告正确","1、已有表test_info_1
CREATE TABLE pw_test.test_info_1 (
id INT COMMENT &#039;用户ID&#039;,
age INT COMMENT &#039;年龄&#039;,
string_num STRING COMMENT &#039;string类型的编号&#039;,
name STRING COMMENT &#039;姓名&#039;,
address STRING COMMENT &#039;地址&#039;,
money STRING COMMENT &#039;金额&#039;,
buy_date DATE COMMENT &#039;购买日期&#039;,
date_detail STRING COMMENT &#039;日期详情&#039;
)
COMMENT &#039;测试信息表&#039;
PARTITIONED BY (
dt STRING COMMENT &#039;分区日期，格式：yyyy-MM-dd&#039;
)
STORED AS ORC;

-- 插入6行数据
INSERT INTO TABLE pw_test.test_info_1
PARTITION (dt)
SELECT
1 + user_idx AS id,
CASE user_idx
WHEN 0 THEN 25 WHEN 1 THEN 30 WHEN 2 THEN 28
WHEN 3 THEN 35 WHEN 4 THEN 22 ELSE 29
END AS age,
CASE user_idx
WHEN 0 THEN &#039;001&#039; WHEN 1 THEN &#039;002&#039; WHEN 2 THEN &#039;003&#039;
WHEN 3 THEN &#039;004&#039; WHEN 4 THEN &#039;005&#039; ELSE &#039;006&#039;
END AS string_num,
CASE user_idx
WHEN 0 THEN &#039;张三&#039; WHEN 1 THEN &#039;李四&#039; WHEN 2 THEN &#039;王五&#039;
WHEN 3 THEN &#039;赵六&#039; WHEN 4 THEN &#039;小明&#039; ELSE &#039;小红&#039;
END AS name,
CASE user_idx
WHEN 0 THEN &#039;北京市朝阳区&#039; WHEN 1 THEN &#039;上海市浦东新区&#039; WHEN 2 THEN &#039;广州市天河区&#039;
WHEN 3 THEN &#039;深圳市南山区&#039; WHEN 4 THEN &#039;杭州市西湖区&#039; ELSE &#039;成都市武侯区&#039;
END AS address,
CASE user_idx
WHEN 0 THEN &#039;5000.00&#039; WHEN 1 THEN &#039;6800.50&#039; WHEN 2 THEN &#039;4200.00&#039;
WHEN 3 THEN &#039;9500.00&#039; WHEN 4 THEN &#039;3100.00&#039; ELSE &#039;5600.00&#039;
END AS money,
DATE_ADD(CURRENT_DATE(), -30 + user_idx) AS buy_date,
CASE user_idx
WHEN 0 THEN &#039;订单已完成&#039; WHEN 1 THEN &#039;待发货&#039; WHEN 2 THEN &#039;已取消&#039;
WHEN 3 THEN &#039;配送中&#039; WHEN 4 THEN &#039;已完成&#039; ELSE &#039;退款中&#039;
END AS date_detail,
&#039;${bizDate}&#039; AS dt
FROM (
SELECT 0 AS user_idx UNION ALL SELECT 1 UNION ALL SELECT 2
UNION ALL SELECT 3 UNION ALL SELECT 4 UNION ALL SELECT 5
) users;

2、资产已存在完整性校验规则“可合并完整性规则”，且子规则全部为通过：
数据源：「${DATASOURCE}」
数据库：「${DATABASE}」
数据表：test_info_1
共6行数据，8个字段，4个校验规则","1. 进入「资产-数据质量-数据质量报告」页面
2. 选中该报告，点击“查看报告-报告详情”
3. 查看质量报告详情展示","1. 页面正常打开，显示报告名称为“test_info_1_可合并完整性规则”的报告
2. 进入该报告的详情页
3. 从上到下依次为：
1）质量评估汇总（test_info_1_可合并完整性规则）：表名-test_info_1；数据源-「${DATASOURCE}」；数据库：「${DATABASE}」 ；检测数据范围-“设置的分区”；表行数-“6”；抽样行数-“--”；字段数-“8”；车辆数-“--”；校验规则数-“4”；校验通过率-“100%”
2）车辆信息汇总：车系、车型（可筛选）、动力类型、车辆数、表中包含车辆数、车辆总数、表中包含总车辆数
3）规则校验明细：规则类型（可筛选）-“完整性校验”；规则名称（可搜索）-已配置的子规则；字段名称（可搜索）-已配置的字段；字段类型（可搜索）-字段对应的类型；质检结果（可筛选）-校验通过；未通过原因-“--”；详情说明-xxxx，符合规则“xxx”；最近一次校验结束时间-xxxx-xx-xx xx:xx:xx；操作-“--”","1. 
2. 
3.","","2","功能测试","功能测试阶段","正常","0","0","3","","听筠","2026-05-26","","0000-00-00","1","",""
"185946","数据资产_STD(#23)","/版本迭代测试用例/v6.4.11/【岚图】【数据资产】数据质量任务性能优化，规则sql合并/可合并(#10581)","【岚图】【数据资产】数据质量任务、落标检查任务性能优化，规则sql合并(#15862)","单独完整性 验证「完整性校验」-「多字段」-「抽样开启」-「设置分区」校验功能","已有表test_info_1
CREATE TABLE pw_test.test_info_1 (
id INT COMMENT &#039;用户ID&#039;,
age INT COMMENT &#039;年龄&#039;,
string_num STRING COMMENT &#039;string类型的编号&#039;,
name STRING COMMENT &#039;姓名&#039;,
address STRING COMMENT &#039;地址&#039;,
money STRING COMMENT &#039;金额&#039;,
buy_date DATE COMMENT &#039;购买日期&#039;,
date_detail STRING COMMENT &#039;日期详情&#039;
)
COMMENT &#039;测试信息表&#039;
PARTITIONED BY (
dt STRING COMMENT &#039;分区日期，格式：yyyy-MM-dd&#039;
)
STORED AS ORC;

-- 插入6行数据
INSERT INTO TABLE pw_test.test_info_1
PARTITION (dt)
SELECT
1 + user_idx AS id,
CASE user_idx
WHEN 0 THEN 25 WHEN 1 THEN 30 WHEN 2 THEN 28
WHEN 3 THEN 35 WHEN 4 THEN 22 ELSE 29
END AS age,
CASE user_idx
WHEN 0 THEN &#039;001&#039; WHEN 1 THEN &#039;002&#039; WHEN 2 THEN &#039;003&#039;
WHEN 3 THEN &#039;004&#039; WHEN 4 THEN &#039;005&#039; ELSE &#039;006&#039;
END AS string_num,
CASE user_idx
WHEN 0 THEN &#039;张三&#039; WHEN 1 THEN &#039;李四&#039; WHEN 2 THEN &#039;王五&#039;
WHEN 3 THEN &#039;赵六&#039; WHEN 4 THEN &#039;小明&#039; ELSE &#039;小红&#039;
END AS name,
CASE user_idx
WHEN 0 THEN &#039;北京市朝阳区&#039; WHEN 1 THEN &#039;上海市浦东新区&#039; WHEN 2 THEN &#039;广州市天河区&#039;
WHEN 3 THEN &#039;深圳市南山区&#039; WHEN 4 THEN &#039;杭州市西湖区&#039; ELSE &#039;成都市武侯区&#039;
END AS address,
CASE user_idx
WHEN 0 THEN &#039;5000.00&#039; WHEN 1 THEN &#039;6800.50&#039; WHEN 2 THEN &#039;4200.00&#039;
WHEN 3 THEN &#039;9500.00&#039; WHEN 4 THEN &#039;3100.00&#039; ELSE &#039;5600.00&#039;
END AS money,
DATE_ADD(CURRENT_DATE(), -30 + user_idx) AS buy_date,
CASE user_idx
WHEN 0 THEN &#039;订单已完成&#039; WHEN 1 THEN &#039;待发货&#039; WHEN 2 THEN &#039;已取消&#039;
WHEN 3 THEN &#039;配送中&#039; WHEN 4 THEN &#039;已完成&#039; ELSE &#039;退款中&#039;
END AS date_detail,
&#039;${bizDate}&#039; AS dt
FROM (
SELECT 0 AS user_idx UNION ALL SELECT 1 UNION ALL SELECT 2
UNION ALL SELECT 3 UNION ALL SELECT 4 UNION ALL SELECT 5
) users;","1. 进入「资产-数据质量-规则集管理-基础信息」页面
2. 「选择数据源」选择「${DATASOURCE}」
「选择数据库」选择「${DATABASE}」
「选择数据表」选择「${TABLE}」
「规则包名称」填写「完整性可合并规则」
3. 点击「新增规则包」-「完整性可合并规则」，点击【添加规则-完整性校验】
4. 「监控规则1」配置如下：
「生效范围」：「字段级」
「字段」：「id，age」
「字段间规则逻辑」：「and」
「统计函数」：「空值数」
「过滤条件」：「手动配置：id<=100」
「校验方法」：「固定值」
「期望值」：「!=1」
「强弱规则」选择「弱规则」
「规则描述」输入「测试规则」
5. 「监控规则2」配置如下：
「生效范围」：「字段级」
「字段」：「id，age」
「字段间规则逻辑」：「or」
「统计函数」：「空值率」
「过滤条件」：「手动配置：id<=100」
「校验方法」：「固定值」
「期望值」：「=0」
「强弱规则」选择「弱规则」
「规则描述」输入「测试规则」
6. 「监控规则3」配置如下：
「生效范围」：「字段级」
「字段」：「name，address」
「字段间规则逻辑」：「or」
「统计函数」：「空串数」
「过滤条件」：「手动配置：id<=100」
「校验方法」：「固定值」
「期望值」：「>=100」
「强弱规则」选择「弱规则」
「规则描述」输入「测试规则」
7. 「监控规则4」配置如下：
「生效范围」：「字段级」
「字段」：「name，address」
「字段间规则逻辑」：「and」
「统计函数」：「空串率」
「过滤条件」：「手动配置：id<=100」
「校验方法」：「固定值」
「期望值」：「!=0」
「强弱规则」选择「弱规则」
「规则描述」输入「测试规则」
8. 「监控规则5」配置如下：
「生效范围」：「单表」
「统计函数」：「表行数」
「过滤条件」：「手动配置：id<=100」
「校验方法」：「固定值」
「期望值」：「>0」
「强弱规则」选择「弱规则」
「规则描述」输入「测试规则」
9. 「监控规则6」配置如下：
「生效范围」：「单表」
「统计函数」：「表行数」
「过滤条件」：「手动配置：id<=100」
「校验方法」：「固定值」
「期望值」：「=0」
「强弱规则」选择「弱规则」
「规则描述」输入「测试规则」
10. 点击【保存】按钮
11. 进入「规则任务管理-监控对象」页面
12. 「规则名称」输入「test_rule」
「选择数据源」选择「${DATASOURCE}」
「选择数据库」选择「${DATABASE}」
「选择数据表」选择「${TABLE}」
手动设置分区
「抽样检查设置」：「抽样设置：百分比抽样50%」
13. 引入规则包「完整性可合并规则」，点击「下一步」按钮
14. 配置「调度属性」，保存规则，且「调度属性」中配置「规则报告」为最新结果
15. 点开规则详情，查看规则sql
16. 临时运行规则，查看实例详情","1. 页面正常打开
2. 抽样开启：sql有rand()函数和 tableName_temp_sample_table_xxx 临时抽样表
3. 选择成功，页面显示「完整性校验」规则配置区域
4. 监控规则1配置完成
5. 监控规则2配置完成
6. 监控规则3配置完成
7. 监控规则4配置完成
8. 监控规则5配置完成
9. 监控规则6配置完成
10. 规则保存成功
11. 页面正常打开
12. 监控对象配置成功；
进入「监控规则」配置页
13. 引入正确，规则内容置灰，进入「调度属性」
14. 规则保存成功
15. 1、sql进行合并：
1）源表只扫描一次：FROM 后面的源表只出现 1 次；
​2）所有可合并规则写在同一个select里面：用多个 SUM (CASE WHEN) 把规则并行计算；
3）计算后再把结果拆成多行，每行代表单个规则进行输出，最终把结果插入同一张脏数据表
16. 子规则1、2、5通过，子规则3、4、6不通过，且实例详情展示正确","1. 
2. 
3. 
4. 
5. 
6. 
7. 
8. 
9. 
10. 
11. 
12. 
13. 
14. 
15. 
16.","","2","功能测试","功能测试阶段","正常","0","0","16","","听筠","2026-05-26","","0000-00-00","1","",""
"185945","数据资产_STD(#23)","/版本迭代测试用例/v6.4.11/【岚图】【数据资产】数据质量任务性能优化，规则sql合并/可合并(#10581)","【岚图】【数据资产】数据质量任务、落标检查任务性能优化，规则sql合并(#15862)","单独完整性 验证「完整性校验」-「单字段」-「抽样开启」-「设置分区」校验功能","已有表test_info_1
CREATE TABLE pw_test.test_info_1 (
id INT COMMENT &#039;用户ID&#039;,
age INT COMMENT &#039;年龄&#039;,
string_num STRING COMMENT &#039;string类型的编号&#039;,
name STRING COMMENT &#039;姓名&#039;,
address STRING COMMENT &#039;地址&#039;,
money STRING COMMENT &#039;金额&#039;,
buy_date DATE COMMENT &#039;购买日期&#039;,
date_detail STRING COMMENT &#039;日期详情&#039;
)
COMMENT &#039;测试信息表&#039;
PARTITIONED BY (
dt STRING COMMENT &#039;分区日期，格式：yyyy-MM-dd&#039;
)
STORED AS ORC;

-- 插入6行数据
INSERT INTO TABLE pw_test.test_info_1
PARTITION (dt)
SELECT
1 + user_idx AS id,
CASE user_idx
WHEN 0 THEN 25 WHEN 1 THEN 30 WHEN 2 THEN 28
WHEN 3 THEN 35 WHEN 4 THEN 22 ELSE 29
END AS age,
CASE user_idx
WHEN 0 THEN &#039;001&#039; WHEN 1 THEN &#039;002&#039; WHEN 2 THEN &#039;003&#039;
WHEN 3 THEN &#039;004&#039; WHEN 4 THEN &#039;005&#039; ELSE &#039;006&#039;
END AS string_num,
CASE user_idx
WHEN 0 THEN &#039;张三&#039; WHEN 1 THEN &#039;李四&#039; WHEN 2 THEN &#039;王五&#039;
WHEN 3 THEN &#039;赵六&#039; WHEN 4 THEN &#039;小明&#039; ELSE &#039;小红&#039;
END AS name,
CASE user_idx
WHEN 0 THEN &#039;北京市朝阳区&#039; WHEN 1 THEN &#039;上海市浦东新区&#039; WHEN 2 THEN &#039;广州市天河区&#039;
WHEN 3 THEN &#039;深圳市南山区&#039; WHEN 4 THEN &#039;杭州市西湖区&#039; ELSE &#039;成都市武侯区&#039;
END AS address,
CASE user_idx
WHEN 0 THEN &#039;5000.00&#039; WHEN 1 THEN &#039;6800.50&#039; WHEN 2 THEN &#039;4200.00&#039;
WHEN 3 THEN &#039;9500.00&#039; WHEN 4 THEN &#039;3100.00&#039; ELSE &#039;5600.00&#039;
END AS money,
DATE_ADD(CURRENT_DATE(), -30 + user_idx) AS buy_date,
CASE user_idx
WHEN 0 THEN &#039;订单已完成&#039; WHEN 1 THEN &#039;待发货&#039; WHEN 2 THEN &#039;已取消&#039;
WHEN 3 THEN &#039;配送中&#039; WHEN 4 THEN &#039;已完成&#039; ELSE &#039;退款中&#039;
END AS date_detail,
&#039;${bizDate}&#039; AS dt
FROM (
SELECT 0 AS user_idx UNION ALL SELECT 1 UNION ALL SELECT 2
UNION ALL SELECT 3 UNION ALL SELECT 4 UNION ALL SELECT 5
) users;","1. 进入「资产-数据质量-规则集管理-基础信息」页面
2. 「选择数据源」选择「${DATASOURCE}」
「选择数据库」选择「${DATABASE}」
「选择数据表」选择「${TABLE}」
「规则包名称」填写「完整性可合并规则」
3. 点击「新增规则包」-「完整性可合并规则」，点击【添加规则-完整性校验】
4. 「监控规则1」配置如下：
「生效范围」：「字段级」
「字段」：「id」
「统计函数」：「空值数」
「过滤条件」：「手动配置：id<=100」
「校验方法」：「固定值」
「期望值」：「>=0」
「强弱规则」选择「弱规则」
「规则描述」输入「测试规则」
5. 「监控规则2」配置如下：
「生效范围」：「字段级」
「字段」：「id」
「统计函数」：「空值率」
「过滤条件」：「手动配置：id<=100」
「校验方法」：「固定值」
「期望值」：「=0」
「强弱规则」选择「弱规则」
「规则描述」输入「测试规则」
6. 「监控规则3」配置如下：
「生效范围」：「字段级」
「字段」：「name」
「统计函数」：「空串数」
「过滤条件」：「手动配置：id<=100」
「校验方法」：「固定值」
「期望值」：「>0」
「强弱规则」选择「弱规则」
「规则描述」输入「测试规则」
7. 「监控规则4」配置如下：
「生效范围」：「字段级」
「字段」：「name」
「统计函数」：「空串率」
「过滤条件」：「手动配置：id<=100」
「校验方法」：「固定值」
「期望值」：「=1」
「强弱规则」选择「弱规则」
「规则描述」输入「测试规则」
8. 「监控规则5」配置如下：
「生效范围」：「单表」
「统计函数」：「表行数」
「过滤条件」：「手动配置：id<=100」
「校验方法」：「固定值」
「期望值」：「>0」
「强弱规则」选择「弱规则」
「规则描述」输入「测试规则」
9. 「监控规则6」配置如下：
「生效范围」：「单表」
「统计函数」：「表行数」
「过滤条件」：「手动配置：id<=100」
「校验方法」：「固定值」
「期望值」：「=0」
「强弱规则」选择「弱规则」
「规则描述」输入「测试规则」
10. 点击【保存】按钮
11. 进入「规则任务管理-监控对象」页面
12. 「规则名称」输入「test_rule」
「选择数据源」选择「${DATASOURCE}」
「选择数据库」选择「${DATABASE}」
「选择数据表」选择「${TABLE}」
选择已有分区
「抽样检查设置」：「抽样设置：百分比抽样50%」
13. 引入规则包「完整性可合并规则」，点击「下一步」按钮
14. 配置「调度属性」，保存规则，且「调度属性」中配置「规则报告」为最新结果
15. 点开规则详情，查看规则sql
16. 临时运行规则，查看实例详情","1. 页面正常打开
2. 抽样开启：sql有rand()函数和 tableName_temp_sample_table_xxx 临时抽样表
3. 选择成功，页面显示「完整性校验」规则配置区域
4. 监控规则1配置完成
5. 监控规则2配置完成
6. 监控规则3配置完成
7. 监控规则4配置完成
8. 监控规则5配置完成
9. 监控规则6配置完成
10. 规则保存成功
11. 页面正常打开
12. 监控对象配置成功；
进入「监控规则」配置页
13. 引入正确，规则内容置灰，进入「调度属性」
14. 规则保存成功
15. 1、sql进行合并：
1）源表只扫描一次：FROM 后面的源表只出现 1 次；
​2）所有可合并规则写在同一个select里面：用多个 SUM (CASE WHEN) 把规则并行计算；
3）计算后再把结果拆成多行，每行代表单个规则进行输出，最终把结果插入同一张脏数据表
16. 子规则1、2、5通过，子规则3、4、6不通过，且实例详情展示正确","1. 
2. 
3. 
4. 
5. 
6. 
7. 
8. 
9. 
10. 
11. 
12. 
13. 
14. 
15. 
16.","","2","功能测试","功能测试阶段","正常","0","0","16","","听筠","2026-05-26","","0000-00-00","1","",""
"185944","数据资产_STD(#23)","/版本迭代测试用例/v6.4.11/【岚图】【数据资产】数据质量任务性能优化，规则sql合并/可合并(#10581)","【岚图】【数据资产】数据质量任务、落标检查任务性能优化，规则sql合并(#15862)","单独完整性 验证「完整性校验」-「多字段」-「抽样开启」校验全不通过功能","已有表test_info_1
CREATE TABLE pw_test.test_info_1 (
id INT COMMENT &#039;用户ID&#039;,
age INT COMMENT &#039;年龄&#039;,
string_num STRING COMMENT &#039;string类型的编号&#039;,
name STRING COMMENT &#039;姓名&#039;,
address STRING COMMENT &#039;地址&#039;,
money STRING COMMENT &#039;金额&#039;,
buy_date DATE COMMENT &#039;购买日期&#039;,
date_detail STRING COMMENT &#039;日期详情&#039;
)
COMMENT &#039;测试信息表&#039;
PARTITIONED BY (
dt STRING COMMENT &#039;分区日期，格式：yyyy-MM-dd&#039;
)
STORED AS ORC;

-- 插入6行数据
INSERT INTO TABLE pw_test.test_info_1
PARTITION (dt)
SELECT
1 + user_idx AS id,
CASE user_idx
WHEN 0 THEN 25 WHEN 1 THEN 30 WHEN 2 THEN 28
WHEN 3 THEN 35 WHEN 4 THEN 22 ELSE 29
END AS age,
CASE user_idx
WHEN 0 THEN &#039;001&#039; WHEN 1 THEN &#039;002&#039; WHEN 2 THEN &#039;003&#039;
WHEN 3 THEN &#039;004&#039; WHEN 4 THEN &#039;005&#039; ELSE &#039;006&#039;
END AS string_num,
CASE user_idx
WHEN 0 THEN &#039;张三&#039; WHEN 1 THEN &#039;李四&#039; WHEN 2 THEN &#039;王五&#039;
WHEN 3 THEN &#039;赵六&#039; WHEN 4 THEN &#039;小明&#039; ELSE &#039;小红&#039;
END AS name,
CASE user_idx
WHEN 0 THEN &#039;北京市朝阳区&#039; WHEN 1 THEN &#039;上海市浦东新区&#039; WHEN 2 THEN &#039;广州市天河区&#039;
WHEN 3 THEN &#039;深圳市南山区&#039; WHEN 4 THEN &#039;杭州市西湖区&#039; ELSE &#039;成都市武侯区&#039;
END AS address,
CASE user_idx
WHEN 0 THEN &#039;5000.00&#039; WHEN 1 THEN &#039;6800.50&#039; WHEN 2 THEN &#039;4200.00&#039;
WHEN 3 THEN &#039;9500.00&#039; WHEN 4 THEN &#039;3100.00&#039; ELSE &#039;5600.00&#039;
END AS money,
DATE_ADD(CURRENT_DATE(), -30 + user_idx) AS buy_date,
CASE user_idx
WHEN 0 THEN &#039;订单已完成&#039; WHEN 1 THEN &#039;待发货&#039; WHEN 2 THEN &#039;已取消&#039;
WHEN 3 THEN &#039;配送中&#039; WHEN 4 THEN &#039;已完成&#039; ELSE &#039;退款中&#039;
END AS date_detail,
&#039;${bizDate}&#039; AS dt
FROM (
SELECT 0 AS user_idx UNION ALL SELECT 1 UNION ALL SELECT 2
UNION ALL SELECT 3 UNION ALL SELECT 4 UNION ALL SELECT 5
) users;","1. 进入「资产-数据质量-规则集管理-基础信息」页面
2. 「选择数据源」选择「${DATASOURCE}」
「选择数据库」选择「${DATABASE}」
「选择数据表」选择「${TABLE}」
「规则包名称」填写「完整性可合并规则」
3. 点击「新增规则包」-「完整性可合并规则」，点击【添加规则-完整性校验】
4. 「监控规则1」配置如下：
「生效范围」：「字段级」
「字段」：「id，age」
「字段间规则逻辑」：「and」
「统计函数」：「空值数」
「过滤条件」：「手动配置：id<=100」
「校验方法」：「固定值」
「期望值」：「=1」
「强弱规则」选择「弱规则」
「规则描述」输入「测试规则」
5. 「监控规则2」配置如下：
「生效范围」：「字段级」
「字段」：「id，age」
「字段间规则逻辑」：「or」
「统计函数」：「空值率」
「过滤条件」：「手动配置：id<=100」
「校验方法」：「固定值」
「期望值」：「=10」
「强弱规则」选择「弱规则」
「规则描述」输入「测试规则」
6. 「监控规则3」配置如下：
「生效范围」：「字段级」
「字段」：「name，address」
「字段间规则逻辑」：「or」
「统计函数」：「空串数」
「过滤条件」：「手动配置：id<=100」
「校验方法」：「固定值」
「期望值」：「>=100」
「强弱规则」选择「弱规则」
「规则描述」输入「测试规则」
7. 「监控规则4」配置如下：
「生效范围」：「字段级」
「字段」：「name，address」
「字段间规则逻辑」：「and」
「统计函数」：「空串率」
「过滤条件」：「手动配置：id<=100」
「校验方法」：「固定值」
「期望值」：「!=0」
「强弱规则」选择「弱规则」
「规则描述」输入「测试规则」
8. 「监控规则5」配置如下：
「生效范围」：「单表」
「统计函数」：「表行数」
「过滤条件」：「手动配置：id<=100」
「校验方法」：「固定值」
「期望值」：「=0」
「强弱规则」选择「弱规则」
「规则描述」输入「测试规则」
9. 点击【保存】按钮
10. 进入「规则任务管理-监控对象」页面
11. 「规则名称」输入「test_rule」
「选择数据源」选择「${DATASOURCE}」
「选择数据库」选择「${DATABASE}」
「选择数据表」选择「${TABLE}」
「抽样检查设置」：「抽样设置：百分比抽样50%」
12. 引入规则包「完整性可合并规则」，点击「下一步」按钮
13. 配置「调度属性」，保存规则，且「调度属性」中配置「规则报告」为最新结果
14. 点开规则详情，查看规则sql
15. 临时运行规则，查看实例详情","1. 页面正常打开
2. 抽样开启：sql有rand()函数和 tableName_temp_sample_table_xxx 临时抽样表
3. 选择成功，页面显示「完整性校验」规则配置区域
4. 监控规则1配置完成
5. 监控规则2配置完成
6. 监控规则3配置完成
7. 监控规则4配置完成
8. 监控规则5配置完成
9. 规则保存成功
10. 页面正常打开
11. 监控对象配置成功；
进入「监控规则」配置页
12. 引入正确，规则内容置灰，进入「调度属性」
13. 规则保存成功
14. 1、sql进行合并：
1）源表只扫描一次：FROM 后面的源表只出现 1 次；
​2）所有可合并规则写在同一个select里面：用多个 SUM (CASE WHEN) 把规则并行计算；
3）计算后再把结果拆成多行，每行代表单个规则进行输出，最终把结果插入同一张脏数据表
15. 5个子规则全部不通过，且实例详情展示正确","1. 
2. 
3. 
4. 
5. 
6. 
7. 
8. 
9. 
10. 
11. 
12. 
13. 
14. 
15.","","2","功能测试","功能测试阶段","正常","0","0","15","","听筠","2026-05-26","","0000-00-00","1","",""
"185943","数据资产_STD(#23)","/版本迭代测试用例/v6.4.11/【岚图】【数据资产】数据质量任务性能优化，规则sql合并/可合并(#10581)","【岚图】【数据资产】数据质量任务、落标检查任务性能优化，规则sql合并(#15862)","单独完整性 验证「完整性校验」-「多字段」-「抽样开启」校验全通过功能","已有表test_info_1
CREATE TABLE pw_test.test_info_1 (
id INT COMMENT &#039;用户ID&#039;,
age INT COMMENT &#039;年龄&#039;,
string_num STRING COMMENT &#039;string类型的编号&#039;,
name STRING COMMENT &#039;姓名&#039;,
address STRING COMMENT &#039;地址&#039;,
money STRING COMMENT &#039;金额&#039;,
buy_date DATE COMMENT &#039;购买日期&#039;,
date_detail STRING COMMENT &#039;日期详情&#039;
)
COMMENT &#039;测试信息表&#039;
PARTITIONED BY (
dt STRING COMMENT &#039;分区日期，格式：yyyy-MM-dd&#039;
)
STORED AS ORC;

-- 插入6行数据
INSERT INTO TABLE pw_test.test_info_1
PARTITION (dt)
SELECT
1 + user_idx AS id,
CASE user_idx
WHEN 0 THEN 25 WHEN 1 THEN 30 WHEN 2 THEN 28
WHEN 3 THEN 35 WHEN 4 THEN 22 ELSE 29
END AS age,
CASE user_idx
WHEN 0 THEN &#039;001&#039; WHEN 1 THEN &#039;002&#039; WHEN 2 THEN &#039;003&#039;
WHEN 3 THEN &#039;004&#039; WHEN 4 THEN &#039;005&#039; ELSE &#039;006&#039;
END AS string_num,
CASE user_idx
WHEN 0 THEN &#039;张三&#039; WHEN 1 THEN &#039;李四&#039; WHEN 2 THEN &#039;王五&#039;
WHEN 3 THEN &#039;赵六&#039; WHEN 4 THEN &#039;小明&#039; ELSE &#039;小红&#039;
END AS name,
CASE user_idx
WHEN 0 THEN &#039;北京市朝阳区&#039; WHEN 1 THEN &#039;上海市浦东新区&#039; WHEN 2 THEN &#039;广州市天河区&#039;
WHEN 3 THEN &#039;深圳市南山区&#039; WHEN 4 THEN &#039;杭州市西湖区&#039; ELSE &#039;成都市武侯区&#039;
END AS address,
CASE user_idx
WHEN 0 THEN &#039;5000.00&#039; WHEN 1 THEN &#039;6800.50&#039; WHEN 2 THEN &#039;4200.00&#039;
WHEN 3 THEN &#039;9500.00&#039; WHEN 4 THEN &#039;3100.00&#039; ELSE &#039;5600.00&#039;
END AS money,
DATE_ADD(CURRENT_DATE(), -30 + user_idx) AS buy_date,
CASE user_idx
WHEN 0 THEN &#039;订单已完成&#039; WHEN 1 THEN &#039;待发货&#039; WHEN 2 THEN &#039;已取消&#039;
WHEN 3 THEN &#039;配送中&#039; WHEN 4 THEN &#039;已完成&#039; ELSE &#039;退款中&#039;
END AS date_detail,
&#039;${bizDate}&#039; AS dt
FROM (
SELECT 0 AS user_idx UNION ALL SELECT 1 UNION ALL SELECT 2
UNION ALL SELECT 3 UNION ALL SELECT 4 UNION ALL SELECT 5
) users;","1. 进入「资产-数据质量-规则集管理-基础信息」页面
2. 「选择数据源」选择「${DATASOURCE}」
「选择数据库」选择「${DATABASE}」
「选择数据表」选择「${TABLE}」
「规则包名称」填写「完整性可合并规则」
3. 点击「新增规则包」-「完整性可合并规则」，点击【添加规则-完整性校验】
4. 「监控规则1」配置如下：
「生效范围」：「字段级」
「字段」：「id，age」
「字段间规则逻辑」：「and」
「统计函数」：「空值数」
「过滤条件」：「手动配置：id<=100」
「校验方法」：「固定值」
「期望值」：「!=1」
「强弱规则」选择「弱规则」
「规则描述」输入「测试规则」
5. 「监控规则2」配置如下：
「生效范围」：「字段级」
「字段」：「id，age」
「字段间规则逻辑」：「or」
「统计函数」：「空值率」
「过滤条件」：「手动配置：id<=100」
「校验方法」：「固定值」
「期望值」：「=0」
「强弱规则」选择「弱规则」
「规则描述」输入「测试规则」
6. 「监控规则3」配置如下：
「生效范围」：「字段级」
「字段」：「name，address」
「字段间规则逻辑」：「or」
「统计函数」：「空串数」
「过滤条件」：「手动配置：id<=100」
「校验方法」：「固定值」
「期望值」：「<=0」
「强弱规则」选择「弱规则」
「规则描述」输入「测试规则」
7. 「监控规则4」配置如下：
「生效范围」：「字段级」
「字段」：「name，address」
「字段间规则逻辑」：「and」
「统计函数」：「空串率」
「过滤条件」：「手动配置：id<=100」
「校验方法」：「固定值」
「期望值」：「=0」
「强弱规则」选择「弱规则」
「规则描述」输入「测试规则」
8. 「监控规则5」配置如下：
「生效范围」：「单表」
「统计函数」：「表行数」
「过滤条件」：「手动配置：id<=100」
「校验方法」：「固定值」
「期望值」：「>0」
「强弱规则」选择「弱规则」
「规则描述」输入「测试规则」
9. 点击【保存】按钮
10. 进入「规则任务管理-监控对象」页面
11. 「规则名称」输入「test_rule」
「选择数据源」选择「${DATASOURCE}」
「选择数据库」选择「${DATABASE}」
「选择数据表」选择「${TABLE}」
「抽样检查设置」：「抽样设置：百分比抽样50%」
12. 引入规则包「完整性可合并规则」，点击「下一步」按钮
13. 配置「调度属性」，保存规则，且「调度属性」中配置「规则报告」为最新结果
14. 点开规则详情，查看规则sql
15. 临时运行规则，查看实例详情","1. 页面正常打开
2. 抽样开启：sql有rand()函数和 tableName_temp_sample_table_xxx 临时抽样表
3. 选择成功，页面显示「完整性校验」规则配置区域
4. 监控规则1配置完成
5. 监控规则2配置完成
6. 监控规则3配置完成
7. 监控规则4配置完成
8. 监控规则5配置完成
9. 规则保存成功
10. 页面正常打开
11. 监控对象配置成功；
进入「监控规则」配置页
12. 引入正确，规则内容置灰，进入「调度属性」
13. 规则保存成功
14. 1、sql进行合并：
1）源表只扫描一次：FROM 后面的源表只出现 1 次；
​2）所有可合并规则写在同一个select里面：用多个 SUM (CASE WHEN) 把规则并行计算；
3）计算后再把结果拆成多行，每行代表单个规则进行输出，最终把结果插入同一张脏数据表
15. 5个子规则全部通过，且实例详情展示正确","1. 
2. 
3. 
4. 
5. 
6. 
7. 
8. 
9. 
10. 
11. 
12. 
13. 
14. 
15.","","2","功能测试","功能测试阶段","正常","0","0","15","","听筠","2026-05-26","","0000-00-00","1","",""
"185942","数据资产_STD(#23)","/版本迭代测试用例/v6.4.11/【岚图】【数据资产】数据质量任务性能优化，规则sql合并/可合并(#10581)","【岚图】【数据资产】数据质量任务、落标检查任务性能优化，规则sql合并(#15862)","单独完整性 验证「完整性校验」-「多字段」-「抽样关闭」校验全不通过功能","已有表test_info_1
CREATE TABLE pw_test.test_info_1 (
id INT COMMENT &#039;用户ID&#039;,
age INT COMMENT &#039;年龄&#039;,
string_num STRING COMMENT &#039;string类型的编号&#039;,
name STRING COMMENT &#039;姓名&#039;,
address STRING COMMENT &#039;地址&#039;,
money STRING COMMENT &#039;金额&#039;,
buy_date DATE COMMENT &#039;购买日期&#039;,
date_detail STRING COMMENT &#039;日期详情&#039;
)
COMMENT &#039;测试信息表&#039;
PARTITIONED BY (
dt STRING COMMENT &#039;分区日期，格式：yyyy-MM-dd&#039;
)
STORED AS ORC;

-- 插入6行数据
INSERT INTO TABLE pw_test.test_info_1
PARTITION (dt)
SELECT
1 + user_idx AS id,
CASE user_idx
WHEN 0 THEN 25 WHEN 1 THEN 30 WHEN 2 THEN 28
WHEN 3 THEN 35 WHEN 4 THEN 22 ELSE 29
END AS age,
CASE user_idx
WHEN 0 THEN &#039;001&#039; WHEN 1 THEN &#039;002&#039; WHEN 2 THEN &#039;003&#039;
WHEN 3 THEN &#039;004&#039; WHEN 4 THEN &#039;005&#039; ELSE &#039;006&#039;
END AS string_num,
CASE user_idx
WHEN 0 THEN &#039;张三&#039; WHEN 1 THEN &#039;李四&#039; WHEN 2 THEN &#039;王五&#039;
WHEN 3 THEN &#039;赵六&#039; WHEN 4 THEN &#039;小明&#039; ELSE &#039;小红&#039;
END AS name,
CASE user_idx
WHEN 0 THEN &#039;北京市朝阳区&#039; WHEN 1 THEN &#039;上海市浦东新区&#039; WHEN 2 THEN &#039;广州市天河区&#039;
WHEN 3 THEN &#039;深圳市南山区&#039; WHEN 4 THEN &#039;杭州市西湖区&#039; ELSE &#039;成都市武侯区&#039;
END AS address,
CASE user_idx
WHEN 0 THEN &#039;5000.00&#039; WHEN 1 THEN &#039;6800.50&#039; WHEN 2 THEN &#039;4200.00&#039;
WHEN 3 THEN &#039;9500.00&#039; WHEN 4 THEN &#039;3100.00&#039; ELSE &#039;5600.00&#039;
END AS money,
DATE_ADD(CURRENT_DATE(), -30 + user_idx) AS buy_date,
CASE user_idx
WHEN 0 THEN &#039;订单已完成&#039; WHEN 1 THEN &#039;待发货&#039; WHEN 2 THEN &#039;已取消&#039;
WHEN 3 THEN &#039;配送中&#039; WHEN 4 THEN &#039;已完成&#039; ELSE &#039;退款中&#039;
END AS date_detail,
&#039;${bizDate}&#039; AS dt
FROM (
SELECT 0 AS user_idx UNION ALL SELECT 1 UNION ALL SELECT 2
UNION ALL SELECT 3 UNION ALL SELECT 4 UNION ALL SELECT 5
) users;","1. 进入「资产-数据质量-规则集管理-基础信息」页面
2. 「选择数据源」选择「${DATASOURCE}」
「选择数据库」选择「${DATABASE}」
「选择数据表」选择「${TABLE}」
「规则包名称」填写「完整性可合并规则」
3. 点击「新增规则包」-「完整性可合并规则」，点击【添加规则-完整性校验】
4. 「监控规则1」配置如下：
「生效范围」：「字段级」
「字段」：「id，age」
「字段间规则逻辑」：「and」
「统计函数」：「空值数」
「过滤条件」：「手动配置：id<=100」
「校验方法」：「固定值」
「期望值」：「=1」
「强弱规则」选择「弱规则」
「规则描述」输入「测试规则」
5. 「监控规则2」配置如下：
「生效范围」：「字段级」
「字段」：「id，age」
「字段间规则逻辑」：「or」
「统计函数」：「空值率」
「过滤条件」：「手动配置：id<=100」
「校验方法」：「固定值」
「期望值」：「=10」
「强弱规则」选择「弱规则」
「规则描述」输入「测试规则」
6. 「监控规则3」配置如下：
「生效范围」：「字段级」
「字段」：「name，address」
「字段间规则逻辑」：「or」
「统计函数」：「空串数」
「过滤条件」：「手动配置：id<=100」
「校验方法」：「固定值」
「期望值」：「>=100」
「强弱规则」选择「弱规则」
「规则描述」输入「测试规则」
7. 「监控规则4」配置如下：
「生效范围」：「字段级」
「字段」：「name，address」
「字段间规则逻辑」：「and」
「统计函数」：「空串率」
「过滤条件」：「手动配置：id<=100」
「校验方法」：「固定值」
「期望值」：「!=0」
「强弱规则」选择「弱规则」
「规则描述」输入「测试规则」
8. 「监控规则5」配置如下：
「生效范围」：「单表」
「统计函数」：「表行数」
「过滤条件」：「手动配置：id<=100」
「校验方法」：「固定值」
「期望值」：「=0」
「强弱规则」选择「弱规则」
「规则描述」输入「测试规则」
9. 点击【保存】按钮
10. 进入「规则任务管理-监控对象」页面
11. 「规则名称」输入「test_rule」
「选择数据源」选择「${DATASOURCE}」
「选择数据库」选择「${DATABASE}」
「选择数据表」选择「${TABLE}」
不开启「抽样检查设置」
12. 引入规则包「完整性可合并规则」，点击「下一步」按钮
13. 配置「调度属性」，保存规则，且「调度属性」中配置「规则报告」为最新结果
14. 点开规则详情，查看规则sql
15. 临时运行规则，查看实例详情","1. 页面正常打开
2. 抽样关闭：sql有rand()函数和 tableName_temp_sample_table_xxx 临时抽样表
3. 选择成功，页面显示「完整性校验」规则配置区域
4. 监控规则1配置完成
5. 监控规则2配置完成
6. 监控规则3配置完成
7. 监控规则4配置完成
8. 监控规则5配置完成
9. 规则保存成功
10. 页面正常打开
11. 监控对象配置成功；
进入「监控规则」配置页
12. 引入正确，规则内容置灰，进入「调度属性」
13. 规则保存成功
14. 1、sql进行合并：
1）源表只扫描一次：FROM 后面的源表只出现 1 次；
​2）所有可合并规则写在同一个select里面：用多个 SUM (CASE WHEN) 把规则并行计算；
3）计算后再把结果拆成多行，每行代表单个规则进行输出，最终把结果插入同一张脏数据表
15. 5个子规则全部不通过，且实例详情展示正确","1. 
2. 
3. 
4. 
5. 
6. 
7. 
8. 
9. 
10. 
11. 
12. 
13. 
14. 
15.","","3","功能测试","功能测试阶段","正常","0","0","15","","听筠","2026-05-26","","0000-00-00","1","",""
"185941","数据资产_STD(#23)","/版本迭代测试用例/v6.4.11/【岚图】【数据资产】数据质量任务性能优化，规则sql合并/可合并(#10581)","【岚图】【数据资产】数据质量任务、落标检查任务性能优化，规则sql合并(#15862)","单独完整性 验证「完整性校验」-「多字段」-「抽样关闭」校验全通过功能","已有表test_info_1
CREATE TABLE pw_test.test_info_1 (
id INT COMMENT &#039;用户ID&#039;,
age INT COMMENT &#039;年龄&#039;,
string_num STRING COMMENT &#039;string类型的编号&#039;,
name STRING COMMENT &#039;姓名&#039;,
address STRING COMMENT &#039;地址&#039;,
money STRING COMMENT &#039;金额&#039;,
buy_date DATE COMMENT &#039;购买日期&#039;,
date_detail STRING COMMENT &#039;日期详情&#039;
)
COMMENT &#039;测试信息表&#039;
PARTITIONED BY (
dt STRING COMMENT &#039;分区日期，格式：yyyy-MM-dd&#039;
)
STORED AS ORC;

-- 插入6行数据
INSERT INTO TABLE pw_test.test_info_1
PARTITION (dt)
SELECT
1 + user_idx AS id,
CASE user_idx
WHEN 0 THEN 25 WHEN 1 THEN 30 WHEN 2 THEN 28
WHEN 3 THEN 35 WHEN 4 THEN 22 ELSE 29
END AS age,
CASE user_idx
WHEN 0 THEN &#039;001&#039; WHEN 1 THEN &#039;002&#039; WHEN 2 THEN &#039;003&#039;
WHEN 3 THEN &#039;004&#039; WHEN 4 THEN &#039;005&#039; ELSE &#039;006&#039;
END AS string_num,
CASE user_idx
WHEN 0 THEN &#039;张三&#039; WHEN 1 THEN &#039;李四&#039; WHEN 2 THEN &#039;王五&#039;
WHEN 3 THEN &#039;赵六&#039; WHEN 4 THEN &#039;小明&#039; ELSE &#039;小红&#039;
END AS name,
CASE user_idx
WHEN 0 THEN &#039;北京市朝阳区&#039; WHEN 1 THEN &#039;上海市浦东新区&#039; WHEN 2 THEN &#039;广州市天河区&#039;
WHEN 3 THEN &#039;深圳市南山区&#039; WHEN 4 THEN &#039;杭州市西湖区&#039; ELSE &#039;成都市武侯区&#039;
END AS address,
CASE user_idx
WHEN 0 THEN &#039;5000.00&#039; WHEN 1 THEN &#039;6800.50&#039; WHEN 2 THEN &#039;4200.00&#039;
WHEN 3 THEN &#039;9500.00&#039; WHEN 4 THEN &#039;3100.00&#039; ELSE &#039;5600.00&#039;
END AS money,
DATE_ADD(CURRENT_DATE(), -30 + user_idx) AS buy_date,
CASE user_idx
WHEN 0 THEN &#039;订单已完成&#039; WHEN 1 THEN &#039;待发货&#039; WHEN 2 THEN &#039;已取消&#039;
WHEN 3 THEN &#039;配送中&#039; WHEN 4 THEN &#039;已完成&#039; ELSE &#039;退款中&#039;
END AS date_detail,
&#039;${bizDate}&#039; AS dt
FROM (
SELECT 0 AS user_idx UNION ALL SELECT 1 UNION ALL SELECT 2
UNION ALL SELECT 3 UNION ALL SELECT 4 UNION ALL SELECT 5
) users;","1. 进入「资产-数据质量-规则集管理-基础信息」页面
2. 「选择数据源」选择「${DATASOURCE}」
「选择数据库」选择「${DATABASE}」
「选择数据表」选择「${TABLE}」
「规则包名称」填写「完整性可合并规则」
3. 点击「新增规则包」-「完整性可合并规则」，点击【添加规则-完整性校验】
4. 「监控规则1」配置如下：
「生效范围」：「字段级」
「字段」：「id，age」
「字段间规则逻辑」：「and」
「统计函数」：「空值数」
「过滤条件」：「手动配置：id<=100」
「校验方法」：「固定值」
「期望值」：「!=1」
「强弱规则」选择「弱规则」
「规则描述」输入「测试规则」
5. 「监控规则2」配置如下：
「生效范围」：「字段级」
「字段」：「id，age」
「字段间规则逻辑」：「or」
「统计函数」：「空值率」
「过滤条件」：「手动配置：id<=100」
「校验方法」：「固定值」
「期望值」：「=0」
「强弱规则」选择「弱规则」
「规则描述」输入「测试规则」
6. 「监控规则3」配置如下：
「生效范围」：「字段级」
「字段」：「name，address」
「字段间规则逻辑」：「or」
「统计函数」：「空串数」
「过滤条件」：「手动配置：id<=100」
「校验方法」：「固定值」
「期望值」：「<=0」
「强弱规则」选择「弱规则」
「规则描述」输入「测试规则」
7. 「监控规则4」配置如下：
「生效范围」：「字段级」
「字段」：「name，address」
「字段间规则逻辑」：「and」
「统计函数」：「空串率」
「过滤条件」：「手动配置：id<=100」
「校验方法」：「固定值」
「期望值」：「=0」
「强弱规则」选择「弱规则」
「规则描述」输入「测试规则」
8. 「监控规则5」配置如下：
「生效范围」：「单表」
「统计函数」：「表行数」
「过滤条件」：「手动配置：id<=100」
「校验方法」：「固定值」
「期望值」：「>0」
「强弱规则」选择「弱规则」
「规则描述」输入「测试规则」
9. 点击【保存】按钮
10. 进入「规则任务管理-监控对象」页面
11. 「规则名称」输入「test_rule」
「选择数据源」选择「${DATASOURCE}」
「选择数据库」选择「${DATABASE}」
「选择数据表」选择「${TABLE}」
不开启「抽样检查设置」
12. 引入规则包「完整性可合并规则」，点击「下一步」按钮
13. 配置「调度属性」，保存规则，且「调度属性」中配置「规则报告」为最新结果
14. 点开规则详情，查看规则sql
15. 临时运行规则，查看实例详情","1. 页面正常打开
2. 抽样关闭：sql有rand()函数和 tableName_temp_sample_table_xxx 临时抽样表
3. 选择成功，页面显示「完整性校验」规则配置区域
4. 监控规则1配置完成
5. 监控规则2配置完成
6. 监控规则3配置完成
7. 监控规则4配置完成
8. 监控规则5配置完成
9. 规则保存成功
10. 页面正常打开
11. 监控对象配置成功；
进入「监控规则」配置页
12. 引入正确，规则内容置灰，进入「调度属性」
13. 规则保存成功
14. 1、sql进行合并：
1）源表只扫描一次：FROM 后面的源表只出现 1 次；
​2）所有可合并规则写在同一个select里面：用多个 SUM (CASE WHEN) 把规则并行计算；
3）计算后再把结果拆成多行，每行代表单个规则进行输出，最终把结果插入同一张脏数据表
15. 5个子规则全部通过，且实例详情展示正确","1. 
2. 
3. 
4. 
5. 
6. 
7. 
8. 
9. 
10. 
11. 
12. 
13. 
14. 
15.","","3","功能测试","功能测试阶段","正常","0","0","15","","听筠","2026-05-26","","0000-00-00","1","",""
"185940","数据资产_STD(#23)","/版本迭代测试用例/v6.4.11/【岚图】【数据资产】数据质量任务性能优化，规则sql合并/可合并(#10581)","【岚图】【数据资产】数据质量任务、落标检查任务性能优化，规则sql合并(#15862)","单独完整性 验证「完整性校验」-「单字段」-「抽样开启」校验全不通过功能","已有表test_info_1
CREATE TABLE pw_test.test_info_1 (
id INT COMMENT &#039;用户ID&#039;,
age INT COMMENT &#039;年龄&#039;,
string_num STRING COMMENT &#039;string类型的编号&#039;,
name STRING COMMENT &#039;姓名&#039;,
address STRING COMMENT &#039;地址&#039;,
money STRING COMMENT &#039;金额&#039;,
buy_date DATE COMMENT &#039;购买日期&#039;,
date_detail STRING COMMENT &#039;日期详情&#039;
)
COMMENT &#039;测试信息表&#039;
PARTITIONED BY (
dt STRING COMMENT &#039;分区日期，格式：yyyy-MM-dd&#039;
)
STORED AS ORC;

-- 插入6行数据
INSERT INTO TABLE pw_test.test_info_1
PARTITION (dt)
SELECT
1 + user_idx AS id,
CASE user_idx
WHEN 0 THEN 25 WHEN 1 THEN 30 WHEN 2 THEN 28
WHEN 3 THEN 35 WHEN 4 THEN 22 ELSE 29
END AS age,
CASE user_idx
WHEN 0 THEN &#039;001&#039; WHEN 1 THEN &#039;002&#039; WHEN 2 THEN &#039;003&#039;
WHEN 3 THEN &#039;004&#039; WHEN 4 THEN &#039;005&#039; ELSE &#039;006&#039;
END AS string_num,
CASE user_idx
WHEN 0 THEN &#039;张三&#039; WHEN 1 THEN &#039;李四&#039; WHEN 2 THEN &#039;王五&#039;
WHEN 3 THEN &#039;赵六&#039; WHEN 4 THEN &#039;小明&#039; ELSE &#039;小红&#039;
END AS name,
CASE user_idx
WHEN 0 THEN &#039;北京市朝阳区&#039; WHEN 1 THEN &#039;上海市浦东新区&#039; WHEN 2 THEN &#039;广州市天河区&#039;
WHEN 3 THEN &#039;深圳市南山区&#039; WHEN 4 THEN &#039;杭州市西湖区&#039; ELSE &#039;成都市武侯区&#039;
END AS address,
CASE user_idx
WHEN 0 THEN &#039;5000.00&#039; WHEN 1 THEN &#039;6800.50&#039; WHEN 2 THEN &#039;4200.00&#039;
WHEN 3 THEN &#039;9500.00&#039; WHEN 4 THEN &#039;3100.00&#039; ELSE &#039;5600.00&#039;
END AS money,
DATE_ADD(CURRENT_DATE(), -30 + user_idx) AS buy_date,
CASE user_idx
WHEN 0 THEN &#039;订单已完成&#039; WHEN 1 THEN &#039;待发货&#039; WHEN 2 THEN &#039;已取消&#039;
WHEN 3 THEN &#039;配送中&#039; WHEN 4 THEN &#039;已完成&#039; ELSE &#039;退款中&#039;
END AS date_detail,
&#039;${bizDate}&#039; AS dt
FROM (
SELECT 0 AS user_idx UNION ALL SELECT 1 UNION ALL SELECT 2
UNION ALL SELECT 3 UNION ALL SELECT 4 UNION ALL SELECT 5
) users;","1. 进入「资产-数据质量-规则集管理-基础信息」页面
2. 「选择数据源」选择「${DATASOURCE}」
「选择数据库」选择「${DATABASE}」
「选择数据表」选择「${TABLE}」
「规则包名称」填写「完整性可合并规则」
3. 点击「新增规则包」-「完整性可合并规则」，点击【添加规则-完整性校验】
4. 「监控规则1」配置如下：
「生效范围」：「字段级」
「字段」：「id」
「统计函数」：「空值数」
「过滤条件」：「手动配置：id<=100」
「校验方法」：「固定值」
「期望值」：「=10」
「强弱规则」选择「弱规则」
「规则描述」输入「测试规则」
5. 「监控规则2」配置如下：
「生效范围」：「字段级」
「字段」：「id」
「统计函数」：「空值率」
「过滤条件」：「手动配置：id<=100」
「校验方法」：「固定值」
「期望值」：「!=0」
「强弱规则」选择「弱规则」
「规则描述」输入「测试规则」
6. 「监控规则3」配置如下：
「生效范围」：「字段级」
「字段」：「name」
「统计函数」：「空串数」
「过滤条件」：「手动配置：id<=100」
「校验方法」：「固定值」
「期望值」：「>0」
「强弱规则」选择「弱规则」
「规则描述」输入「测试规则」
7. 「监控规则4」配置如下：
「生效范围」：「字段级」
「字段」：「name」
「统计函数」：「空串率」
「过滤条件」：「手动配置：id<=100」
「校验方法」：「固定值」
「期望值」：「=1」
「强弱规则」选择「弱规则」
「规则描述」输入「测试规则」
8. 「监控规则5」配置如下：
「生效范围」：「单表」
「统计函数」：「表行数」
「过滤条件」：「手动配置：id<=100」
「校验方法」：「固定值」
「期望值」：「=0」
「强弱规则」选择「弱规则」
「规则描述」输入「测试规则」
9. 点击【保存】按钮
10. 进入「规则任务管理-监控对象」页面
11. 「规则名称」输入「test_rule」
「选择数据源」选择「${DATASOURCE}」
「选择数据库」选择「${DATABASE}」
「选择数据表」选择「${TABLE}」
「抽样检查设置」：「抽样设置：百分比抽样50%」
12. 引入规则包「完整性可合并规则」，点击「下一步」按钮
13. 配置「调度属性」，保存规则，且「调度属性」中配置「规则报告」为最新结果
14. 点开规则详情，查看规则sql
15. 临时运行规则，查看实例详情","1. 页面正常打开
2. 抽样开启：sql有rand()函数和 tableName_temp_sample_table_xxx 临时抽样表
3. 选择成功，页面显示「完整性校验」规则配置区域
4. 监控规则1配置完成
5. 监控规则2配置完成
6. 监控规则3配置完成
7. 监控规则4配置完成
8. 监控规则5配置完成
9. 规则保存成功
10. 页面正常打开
11. 监控对象配置成功；
进入「监控规则」配置页
12. 引入正确，规则内容置灰，进入「调度属性」
13. 规则保存成功
14. 1、sql进行合并：
1）源表只扫描一次：FROM 后面的源表只出现 1 次；
​2）所有可合并规则写在同一个select里面：用多个 SUM (CASE WHEN) 把规则并行计算；
3）计算后再把结果拆成多行，每行代表单个规则进行输出，最终把结果插入同一张脏数据表
15. 5个子规则全部不通过，且实例详情展示正确","1. 
2. 
3. 
4. 
5. 
6. 
7. 
8. 
9. 
10. 
11. 
12. 
13. 
14. 
15.","","2","功能测试","功能测试阶段","正常","0","0","15","","听筠","2026-05-26","","0000-00-00","1","",""
"185939","数据资产_STD(#23)","/版本迭代测试用例/v6.4.11/【岚图】【数据资产】数据质量任务性能优化，规则sql合并/可合并(#10581)","【岚图】【数据资产】数据质量任务、落标检查任务性能优化，规则sql合并(#15862)","单独完整性 验证「完整性校验」-「单字段」-「抽样开启」校验全通过功能","已有表test_info_1
CREATE TABLE pw_test.test_info_1 (
id INT COMMENT &#039;用户ID&#039;,
age INT COMMENT &#039;年龄&#039;,
string_num STRING COMMENT &#039;string类型的编号&#039;,
name STRING COMMENT &#039;姓名&#039;,
address STRING COMMENT &#039;地址&#039;,
money STRING COMMENT &#039;金额&#039;,
buy_date DATE COMMENT &#039;购买日期&#039;,
date_detail STRING COMMENT &#039;日期详情&#039;
)
COMMENT &#039;测试信息表&#039;
PARTITIONED BY (
dt STRING COMMENT &#039;分区日期，格式：yyyy-MM-dd&#039;
)
STORED AS ORC;

-- 插入6行数据
INSERT INTO TABLE pw_test.test_info_1
PARTITION (dt)
SELECT
1 + user_idx AS id,
CASE user_idx
WHEN 0 THEN 25 WHEN 1 THEN 30 WHEN 2 THEN 28
WHEN 3 THEN 35 WHEN 4 THEN 22 ELSE 29
END AS age,
CASE user_idx
WHEN 0 THEN &#039;001&#039; WHEN 1 THEN &#039;002&#039; WHEN 2 THEN &#039;003&#039;
WHEN 3 THEN &#039;004&#039; WHEN 4 THEN &#039;005&#039; ELSE &#039;006&#039;
END AS string_num,
CASE user_idx
WHEN 0 THEN &#039;张三&#039; WHEN 1 THEN &#039;李四&#039; WHEN 2 THEN &#039;王五&#039;
WHEN 3 THEN &#039;赵六&#039; WHEN 4 THEN &#039;小明&#039; ELSE &#039;小红&#039;
END AS name,
CASE user_idx
WHEN 0 THEN &#039;北京市朝阳区&#039; WHEN 1 THEN &#039;上海市浦东新区&#039; WHEN 2 THEN &#039;广州市天河区&#039;
WHEN 3 THEN &#039;深圳市南山区&#039; WHEN 4 THEN &#039;杭州市西湖区&#039; ELSE &#039;成都市武侯区&#039;
END AS address,
CASE user_idx
WHEN 0 THEN &#039;5000.00&#039; WHEN 1 THEN &#039;6800.50&#039; WHEN 2 THEN &#039;4200.00&#039;
WHEN 3 THEN &#039;9500.00&#039; WHEN 4 THEN &#039;3100.00&#039; ELSE &#039;5600.00&#039;
END AS money,
DATE_ADD(CURRENT_DATE(), -30 + user_idx) AS buy_date,
CASE user_idx
WHEN 0 THEN &#039;订单已完成&#039; WHEN 1 THEN &#039;待发货&#039; WHEN 2 THEN &#039;已取消&#039;
WHEN 3 THEN &#039;配送中&#039; WHEN 4 THEN &#039;已完成&#039; ELSE &#039;退款中&#039;
END AS date_detail,
&#039;${bizDate}&#039; AS dt
FROM (
SELECT 0 AS user_idx UNION ALL SELECT 1 UNION ALL SELECT 2
UNION ALL SELECT 3 UNION ALL SELECT 4 UNION ALL SELECT 5
) users;","1. 进入「资产-数据质量-规则集管理-基础信息」页面
2. 「选择数据源」选择「${DATASOURCE}」
「选择数据库」选择「${DATABASE}」
「选择数据表」选择「${TABLE}」
「规则包名称」填写「完整性可合并规则」
3. 点击「新增规则包」-「完整性可合并规则」，点击【添加规则-完整性校验】
4. 「监控规则1」配置如下：
「生效范围」：「字段级」
「字段」：「id」
「统计函数」：「空值数」
「过滤条件」：「手动配置：id<=100」
「校验方法」：「固定值」
「期望值」：「>=0」
「强弱规则」选择「弱规则」
「规则描述」输入「测试规则」
5. 「监控规则2」配置如下：
「生效范围」：「字段级」
「字段」：「id」
「统计函数」：「空值率」
「过滤条件」：「手动配置：id<=100」
「校验方法」：「固定值」
「期望值」：「=0」
「强弱规则」选择「弱规则」
「规则描述」输入「测试规则」
6. 「监控规则3」配置如下：
「生效范围」：「字段级」
「字段」：「name」
「统计函数」：「空串数」
「过滤条件」：「手动配置：id<=100」
「校验方法」：「固定值」
「期望值」：「!=1」
「强弱规则」选择「弱规则」
「规则描述」输入「测试规则」
7. 「监控规则4」配置如下：
「生效范围」：「字段级」
「字段」：「name」
「统计函数」：「空串率」
「过滤条件」：「手动配置：id<=100」
「校验方法」：「固定值」
「期望值」：「=0」
「强弱规则」选择「弱规则」
「规则描述」输入「测试规则」
8. 「监控规则5」配置如下：
「生效范围」：「单表」
「统计函数」：「表行数」
「过滤条件」：「手动配置：id<=100」
「校验方法」：「固定值」
「期望值」：「>0」
「强弱规则」选择「弱规则」
「规则描述」输入「测试规则」
9. 点击【保存】按钮
10. 进入「规则任务管理-监控对象」页面
11. 「规则名称」输入「test_rule」
「选择数据源」选择「${DATASOURCE}」
「选择数据库」选择「${DATABASE}」
「选择数据表」选择「${TABLE}」
「抽样检查设置」：「抽样设置：百分比抽样50%」
12. 引入规则包「完整性可合并规则」，点击「下一步」按钮
13. 配置「调度属性」，保存规则，且「调度属性」中配置「规则报告」为最新结果
14. 点开规则详情，查看规则sql
15. 临时运行规则，查看实例详情","1. 页面正常打开
2. 抽样开启：sql有rand()函数和 tableName_temp_sample_table_xxx 临时抽样表
3. 选择成功，页面显示「完整性校验」规则配置区域
4. 监控规则1配置完成
5. 监控规则2配置完成
6. 监控规则3配置完成
7. 监控规则4配置完成
8. 监控规则5配置完成
9. 规则保存成功
10. 页面正常打开
11. 监控对象配置成功；
进入「监控规则」配置页
12. 引入正确，规则内容置灰，进入「调度属性」
13. 规则保存成功
14. 1、sql进行合并：
1）源表只扫描一次：FROM 后面的源表只出现 1 次；
​2）所有可合并规则写在同一个select里面：用多个 SUM (CASE WHEN) 把规则并行计算；
3）计算后再把结果拆成多行，每行代表单个规则进行输出，最终把结果插入同一张脏数据表
15. 5个子规则全部通过，且实例详情展示正确","1. 
2. 
3. 
4. 
5. 
6. 
7. 
8. 
9. 
10. 
11. 
12. 
13. 
14. 
15.","","2","功能测试","功能测试阶段","正常","0","0","15","","听筠","2026-05-26","","0000-00-00","1","",""
"185938","数据资产_STD(#23)","/版本迭代测试用例/v6.4.11/【岚图】【数据资产】数据质量任务性能优化，规则sql合并/可合并(#10581)","【岚图】【数据资产】数据质量任务、落标检查任务性能优化，规则sql合并(#15862)","单独完整性 验证「完整性校验」-「单字段」-「抽样关闭」校验全不通过功能","已有表test_info_1
CREATE TABLE pw_test.test_info_1 (
id INT COMMENT &#039;用户ID&#039;,
age INT COMMENT &#039;年龄&#039;,
string_num STRING COMMENT &#039;string类型的编号&#039;,
name STRING COMMENT &#039;姓名&#039;,
address STRING COMMENT &#039;地址&#039;,
money STRING COMMENT &#039;金额&#039;,
buy_date DATE COMMENT &#039;购买日期&#039;,
date_detail STRING COMMENT &#039;日期详情&#039;
)
COMMENT &#039;测试信息表&#039;
PARTITIONED BY (
dt STRING COMMENT &#039;分区日期，格式：yyyy-MM-dd&#039;
)
STORED AS ORC;

-- 插入6行数据
INSERT INTO TABLE pw_test.test_info_1
PARTITION (dt)
SELECT
1 + user_idx AS id,
CASE user_idx
WHEN 0 THEN 25 WHEN 1 THEN 30 WHEN 2 THEN 28
WHEN 3 THEN 35 WHEN 4 THEN 22 ELSE 29
END AS age,
CASE user_idx
WHEN 0 THEN &#039;001&#039; WHEN 1 THEN &#039;002&#039; WHEN 2 THEN &#039;003&#039;
WHEN 3 THEN &#039;004&#039; WHEN 4 THEN &#039;005&#039; ELSE &#039;006&#039;
END AS string_num,
CASE user_idx
WHEN 0 THEN &#039;张三&#039; WHEN 1 THEN &#039;李四&#039; WHEN 2 THEN &#039;王五&#039;
WHEN 3 THEN &#039;赵六&#039; WHEN 4 THEN &#039;小明&#039; ELSE &#039;小红&#039;
END AS name,
CASE user_idx
WHEN 0 THEN &#039;北京市朝阳区&#039; WHEN 1 THEN &#039;上海市浦东新区&#039; WHEN 2 THEN &#039;广州市天河区&#039;
WHEN 3 THEN &#039;深圳市南山区&#039; WHEN 4 THEN &#039;杭州市西湖区&#039; ELSE &#039;成都市武侯区&#039;
END AS address,
CASE user_idx
WHEN 0 THEN &#039;5000.00&#039; WHEN 1 THEN &#039;6800.50&#039; WHEN 2 THEN &#039;4200.00&#039;
WHEN 3 THEN &#039;9500.00&#039; WHEN 4 THEN &#039;3100.00&#039; ELSE &#039;5600.00&#039;
END AS money,
DATE_ADD(CURRENT_DATE(), -30 + user_idx) AS buy_date,
CASE user_idx
WHEN 0 THEN &#039;订单已完成&#039; WHEN 1 THEN &#039;待发货&#039; WHEN 2 THEN &#039;已取消&#039;
WHEN 3 THEN &#039;配送中&#039; WHEN 4 THEN &#039;已完成&#039; ELSE &#039;退款中&#039;
END AS date_detail,
&#039;${bizDate}&#039; AS dt
FROM (
SELECT 0 AS user_idx UNION ALL SELECT 1 UNION ALL SELECT 2
UNION ALL SELECT 3 UNION ALL SELECT 4 UNION ALL SELECT 5
) users;","1. 进入「资产-数据质量-规则集管理-基础信息」页面
2. 「选择数据源」选择「${DATASOURCE}」
「选择数据库」选择「${DATABASE}」
「选择数据表」选择「${TABLE}」
「规则包名称」填写「完整性可合并规则」
3. 点击「新增规则包」-「完整性可合并规则」，点击【添加规则-完整性校验】
4. 「监控规则1」配置如下：
「生效范围」：「字段级」
「字段」：「id」
「统计函数」：「空值数」
「过滤条件」：「手动配置：id<=100」
「校验方法」：「固定值」
「期望值」：「!=0」
「强弱规则」选择「弱规则」
「规则描述」输入「测试规则」
5. 「监控规则2」配置如下：
「生效范围」：「字段级」
「字段」：「id」
「统计函数」：「空值率」
「过滤条件」：「手动配置：id<=100」
「校验方法」：「固定值」
「期望值」：「>0」
「强弱规则」选择「弱规则」
「规则描述」输入「测试规则」
6. 「监控规则3」配置如下：
「生效范围」：「字段级」
「字段」：「name」
「统计函数」：「空串数」
「过滤条件」：「手动配置：id<=100」
「校验方法」：「固定值」
「期望值」：「>1」
「强弱规则」选择「弱规则」
「规则描述」输入「测试规则」
7. 「监控规则4」配置如下：
「生效范围」：「字段级」
「字段」：「name」
「统计函数」：「空串率」
「过滤条件」：「手动配置：id<=100」
「校验方法」：「固定值」
「期望值」：「=1」
「强弱规则」选择「弱规则」
「规则描述」输入「测试规则」
8. 「监控规则5」配置如下：
「生效范围」：「单表」
「统计函数」：「表行数」
「过滤条件」：「手动配置：id<=100」
「校验方法」：「固定值」
「期望值」：「=0」
「强弱规则」选择「弱规则」
「规则描述」输入「测试规则」
9. 点击【保存】按钮
10. 进入「规则任务管理-监控对象」页面
11. 「规则名称」输入「test_rule」
「选择数据源」选择「${DATASOURCE}」
「选择数据库」选择「${DATABASE}」
「选择数据表」选择「${TABLE}」
不开启「抽样检查设置」
12. 引入规则包「完整性可合并规则」，点击「下一步」按钮
13. 配置「调度属性」，保存规则，且「调度属性」中配置「规则报告」为最新结果
14. 点开规则详情，查看规则sql
15. 临时运行规则，查看实例详情","1. 页面正常打开
2. 抽样关闭：sql没有rand()函数和 tableName_temp_sample_table_xxx 临时抽样表
3. 选择成功，页面显示「完整性校验」规则配置区域
4. 监控规则1配置完成
5. 监控规则2配置完成
6. 监控规则3配置完成
7. 监控规则4配置完成
8. 监控规则5配置完成
9. 规则保存成功
10. 页面正常打开
11. 监控对象配置成功；
进入「监控规则」配置页
12. 引入正确，规则内容置灰，进入「调度属性」
13. 规则保存成功
14. 1、sql进行合并：
1）源表只扫描一次：FROM 后面的源表只出现 1 次；
​2）所有可合并规则写在同一个select里面：用多个 SUM (CASE WHEN) 把规则并行计算；
3）计算后再把结果拆成多行，每行代表单个规则进行输出，最终把结果插入同一张脏数据表
15. 5个子规则全部不通过，且实例详情展示正确","1. 
2. 
3. 
4. 
5. 
6. 
7. 
8. 
9. 
10. 
11. 
12. 
13. 
14. 
15.","","3","功能测试","功能测试阶段","正常","0","0","15","","听筠","2026-05-26","","0000-00-00","1","",""
"185937","数据资产_STD(#23)","/版本迭代测试用例/v6.4.11/【岚图】【数据资产】数据质量任务性能优化，规则sql合并/可合并(#10581)","【岚图】【数据资产】数据质量任务、落标检查任务性能优化，规则sql合并(#15862)","单独完整性 验证「完整性校验」-「单字段」-「抽样关闭」校验全通过功能","已有表test_info_1
CREATE TABLE pw_test.test_info_1 (
id INT COMMENT &#039;用户ID&#039;,
age INT COMMENT &#039;年龄&#039;,
string_num STRING COMMENT &#039;string类型的编号&#039;,
name STRING COMMENT &#039;姓名&#039;,
address STRING COMMENT &#039;地址&#039;,
money STRING COMMENT &#039;金额&#039;,
buy_date DATE COMMENT &#039;购买日期&#039;,
date_detail STRING COMMENT &#039;日期详情&#039;
)
COMMENT &#039;测试信息表&#039;
PARTITIONED BY (
dt STRING COMMENT &#039;分区日期，格式：yyyy-MM-dd&#039;
)
STORED AS ORC;

-- 插入6行数据
INSERT INTO TABLE pw_test.test_info_1
PARTITION (dt)
SELECT
1 + user_idx AS id,
CASE user_idx
WHEN 0 THEN 25 WHEN 1 THEN 30 WHEN 2 THEN 28
WHEN 3 THEN 35 WHEN 4 THEN 22 ELSE 29
END AS age,
CASE user_idx
WHEN 0 THEN &#039;001&#039; WHEN 1 THEN &#039;002&#039; WHEN 2 THEN &#039;003&#039;
WHEN 3 THEN &#039;004&#039; WHEN 4 THEN &#039;005&#039; ELSE &#039;006&#039;
END AS string_num,
CASE user_idx
WHEN 0 THEN &#039;张三&#039; WHEN 1 THEN &#039;李四&#039; WHEN 2 THEN &#039;王五&#039;
WHEN 3 THEN &#039;赵六&#039; WHEN 4 THEN &#039;小明&#039; ELSE &#039;小红&#039;
END AS name,
CASE user_idx
WHEN 0 THEN &#039;北京市朝阳区&#039; WHEN 1 THEN &#039;上海市浦东新区&#039; WHEN 2 THEN &#039;广州市天河区&#039;
WHEN 3 THEN &#039;深圳市南山区&#039; WHEN 4 THEN &#039;杭州市西湖区&#039; ELSE &#039;成都市武侯区&#039;
END AS address,
CASE user_idx
WHEN 0 THEN &#039;5000.00&#039; WHEN 1 THEN &#039;6800.50&#039; WHEN 2 THEN &#039;4200.00&#039;
WHEN 3 THEN &#039;9500.00&#039; WHEN 4 THEN &#039;3100.00&#039; ELSE &#039;5600.00&#039;
END AS money,
DATE_ADD(CURRENT_DATE(), -30 + user_idx) AS buy_date,
CASE user_idx
WHEN 0 THEN &#039;订单已完成&#039; WHEN 1 THEN &#039;待发货&#039; WHEN 2 THEN &#039;已取消&#039;
WHEN 3 THEN &#039;配送中&#039; WHEN 4 THEN &#039;已完成&#039; ELSE &#039;退款中&#039;
END AS date_detail,
&#039;${bizDate}&#039; AS dt
FROM (
SELECT 0 AS user_idx UNION ALL SELECT 1 UNION ALL SELECT 2
UNION ALL SELECT 3 UNION ALL SELECT 4 UNION ALL SELECT 5
) users;","1. 进入「资产-数据质量-规则集管理-基础信息」页面
2. 「选择数据源」选择「${DATASOURCE}」
「选择数据库」选择「${DATABASE}」
「选择数据表」选择「${TABLE}」
「规则包名称」填写「完整性可合并规则」
3. 点击「新增规则包」-「完整性可合并规则」，点击【添加规则-完整性校验】
4. 「监控规则1」配置如下：
「生效范围」：「字段级」
「字段」：「id」
「统计函数」：「空值数」
「过滤条件」：「手动配置：id<=100」
「校验方法」：「固定值」
「期望值」：「=0」
「强弱规则」选择「弱规则」
「规则描述」输入「测试规则」
5. 「监控规则2」配置如下：
「生效范围」：「字段级」
「字段」：「id」
「统计函数」：「空值率」
「过滤条件」：「手动配置：id<=100」
「校验方法」：「固定值」
「期望值」：「=0」
「强弱规则」选择「弱规则」
「规则描述」输入「测试规则」
6. 「监控规则3」配置如下：
「生效范围」：「字段级」
「字段」：「name」
「统计函数」：「空串数」
「过滤条件」：「手动配置：id<=100」
「校验方法」：「固定值」
「期望值」：「=0」
「强弱规则」选择「弱规则」
「规则描述」输入「测试规则」
7. 「监控规则4」配置如下：
「生效范围」：「字段级」
「字段」：「name」
「统计函数」：「空串率」
「过滤条件」：「手动配置：id<=100」
「校验方法」：「固定值」
「期望值」：「=0」
「强弱规则」选择「弱规则」
「规则描述」输入「测试规则」
8. 「监控规则5」配置如下：
「生效范围」：「单表」
「统计函数」：「表行数」
「过滤条件」：「手动配置：id<=100」
「校验方法」：「固定值」
「期望值」：「>0」
「强弱规则」选择「弱规则」
「规则描述」输入「测试规则」
9. 点击【保存】按钮
10. 进入「规则任务管理-监控对象」页面
11. 「规则名称」输入「test_rule」
「选择数据源」选择「${DATASOURCE}」
「选择数据库」选择「${DATABASE}」
「选择数据表」选择「${TABLE}」
不开启「抽样检查设置」
12. 引入规则包「完整性可合并规则」，点击「下一步」按钮
13. 配置「调度属性」，保存规则，且「调度属性」中配置「规则报告」为最新结果
14. 点开规则详情，查看规则sql
15. 临时运行规则，查看实例详情","1. 页面正常打开
2. 抽样关闭：sql没有rand()函数和 tableName_temp_sample_table_xxx 临时抽样表
3. 选择成功，页面显示「完整性校验」规则配置区域
4. 监控规则1配置完成
5. 监控规则2配置完成
6. 监控规则3配置完成
7. 监控规则4配置完成
8. 监控规则5配置完成
9. 规则保存成功
10. 页面正常打开
11. 监控对象配置成功；
进入「监控规则」配置页
12. 引入正确，规则内容置灰，进入「调度属性」
13. 规则保存成功
14. 1、sql进行合并：
1）源表只扫描一次：FROM 后面的源表只出现 1 次；
​2）所有可合并规则写在同一个select里面：用多个 SUM (CASE WHEN) 把规则并行计算；
3）计算后再把结果拆成多行，每行代表单个规则进行输出，最终把结果插入同一张脏数据表
15. 5个子规则全部通过，且实例详情展示正确","1. 
2. 
3. 
4. 
5. 
6. 
7. 
8. 
9. 
10. 
11. 
12. 
13. 
14. 
15.","","3","功能测试","功能测试阶段","正常","0","0","15","","听筠","2026-05-26","","0000-00-00","1","",""
